2025-05-26 06:43:48,745 - INFO - 크롤러 초기화 시작
2025-05-26 06:43:50,811 - INFO - package: mysql.connector.plugins
2025-05-26 06:43:50,811 - INFO - plugin_name: caching_sha2_password
2025-05-26 06:43:50,811 - INFO - AUTHENTICATION_PLUGIN_CLASS: MySQLCachingSHA2PasswordAuthPlugin
2025-05-26 06:43:50,812 - INFO - package: mysql.connector.plugins
2025-05-26 06:43:50,812 - INFO - plugin_name: mysql_native_password
2025-05-26 06:43:50,813 - INFO - AUTHENTICATION_PLUGIN_CLASS: MySQLNativePasswordAuthPlugin
2025-05-26 06:43:50,815 - INFO - 크롤러 초기화 완료
2025-05-26 06:43:50,815 - INFO - 크롤러 시작: https://in.naver.com/discover/135968760155968
2025-05-26 06:43:56,420 - INFO - 토픽 카드 로드 시작...
2025-05-26 06:43:57,487 - INFO - 더보기 버튼 클릭 1/20
2025-05-26 06:44:00,540 - INFO - 더보기 버튼 클릭 2/20
2025-05-26 06:44:03,578 - INFO - 더보기 버튼 클릭 3/20
2025-05-26 06:44:06,635 - INFO - 더보기 버튼 클릭 4/20
2025-05-26 06:44:09,691 - INFO - 더보기 버튼 클릭 5/20
2025-05-26 06:44:12,747 - INFO - 더보기 버튼 클릭 6/20
2025-05-26 06:44:15,800 - INFO - 더보기 버튼 클릭 7/20
2025-05-26 06:44:18,838 - INFO - 더보기 버튼 클릭 8/20
2025-05-26 06:44:21,906 - INFO - 더보기 버튼 클릭 9/20
2025-05-26 06:44:24,945 - INFO - 더보기 버튼 클릭 10/20
2025-05-26 06:44:27,990 - INFO - 더보기 버튼 클릭 11/20
2025-05-26 06:44:31,044 - INFO - 더보기 버튼 클릭 12/20
2025-05-26 06:44:34,081 - INFO - 더보기 버튼 클릭 13/20
2025-05-26 06:44:37,141 - INFO - 더보기 버튼 클릭 14/20
2025-05-26 06:44:40,205 - INFO - 더보기 버튼 클릭 15/20
2025-05-26 06:44:43,258 - INFO - 더보기 버튼 클릭 16/20
2025-05-26 06:44:46,305 - INFO - 더보기 버튼 클릭 17/20
2025-05-26 06:44:49,379 - INFO - 더보기 버튼 클릭 18/20
2025-05-26 06:44:52,436 - INFO - 더보기 버튼 클릭 19/20
2025-05-26 06:44:59,607 - INFO - 더보기 버튼을 찾을 수 없습니다. 모든 카드가 로드되었거나 페이지 구조가 변경되었습니다.
2025-05-26 06:44:59,631 - INFO - 총 0개의 토픽 카드 링크 발견
2025-05-26 06:44:59,632 - INFO - 스크롤 완료 후 발견된 토픽 링크 수: 0
2025-05-26 06:45:00,682 - INFO - 푸드 토픽 카드 링크 수: 231
2025-05-26 06:45:00,682 - INFO - [1/231] 토픽 페이지 진입: https://in.naver.com/kiyome24/topic/823634683553280
2025-05-26 06:45:03,841 - INFO - 현재 URL: https://in.naver.com/kiyome24/topic/823634683553280
2025-05-26 06:45:03,842 - INFO - 블로그에서 더보기 버튼 찾는 중...
2025-05-26 06:45:03,873 - INFO - 블로그에서 더보기 버튼 발견
2025-05-26 06:45:03,873 - INFO - 블로그에서 더보기 버튼 클릭 시도...
2025-05-26 06:45:07,591 - INFO - 블로그 페이지로 이동 성공: https://blog.naver.com/kiyome24/223807951106?isInf=true&trackingCode=naver_etc
2025-05-26 06:45:12,629 - INFO - iframe 전환 성공
2025-05-26 06:45:22,825 - WARNING - 요소를 찾을 수 없음: css selector=h3.se-title-text, 오류: Message: 
Stacktrace:
	GetHandleVerifier [0x00007FF71F3BCF45+75717]
	GetHandleVerifier [0x00007FF71F3BCFA0+75808]
	(No symbol) [0x00007FF71F188F9A]
	(No symbol) [0x00007FF71F1DF4C6]
	(No symbol) [0x00007FF71F1DF77C]
	(No symbol) [0x00007FF71F232577]
	(No symbol) [0x00007FF71F2073BF]
	(No symbol) [0x00007FF71F22F39C]
	(No symbol) [0x00007FF71F207153]
	(No symbol) [0x00007FF71F1D0421]
	(No symbol) [0x00007FF71F1D11B3]
	GetHandleVerifier [0x00007FF71F6BD71D+3223453]
	GetHandleVerifier [0x00007FF71F6B7CC2+3200322]
	GetHandleVerifier [0x00007FF71F6D5AF3+3322739]
	GetHandleVerifier [0x00007FF71F3D6A1A+180890]
	GetHandleVerifier [0x00007FF71F3DE11F+211359]
	GetHandleVerifier [0x00007FF71F3C5294+109332]
	GetHandleVerifier [0x00007FF71F3C5442+109762]
	GetHandleVerifier [0x00007FF71F3ABA59+4825]
	BaseThreadInitThunk [0x00007FF821F3E8D7+23]
	RtlUserThreadStart [0x00007FF822F3C5DC+44]

2025-05-26 06:45:33,087 - WARNING - 요소를 찾을 수 없음: css selector=h2.se-title-text, 오류: Message: 
Stacktrace:
	GetHandleVerifier [0x00007FF71F3BCF45+75717]
	GetHandleVerifier [0x00007FF71F3BCFA0+75808]
	(No symbol) [0x00007FF71F188F9A]
	(No symbol) [0x00007FF71F1DF4C6]
	(No symbol) [0x00007FF71F1DF77C]
	(No symbol) [0x00007FF71F232577]
	(No symbol) [0x00007FF71F2073BF]
	(No symbol) [0x00007FF71F22F39C]
	(No symbol) [0x00007FF71F207153]
	(No symbol) [0x00007FF71F1D0421]
	(No symbol) [0x00007FF71F1D11B3]
	GetHandleVerifier [0x00007FF71F6BD71D+3223453]
	GetHandleVerifier [0x00007FF71F6B7CC2+3200322]
	GetHandleVerifier [0x00007FF71F6D5AF3+3322739]
	GetHandleVerifier [0x00007FF71F3D6A1A+180890]
	GetHandleVerifier [0x00007FF71F3DE11F+211359]
	GetHandleVerifier [0x00007FF71F3C5294+109332]
	GetHandleVerifier [0x00007FF71F3C5442+109762]
	GetHandleVerifier [0x00007FF71F3ABA59+4825]
	BaseThreadInitThunk [0x00007FF821F3E8D7+23]
	RtlUserThreadStart [0x00007FF822F3C5DC+44]

2025-05-26 06:45:43,289 - WARNING - 요소를 찾을 수 없음: css selector=strong.title_post, 오류: Message: 
Stacktrace:
	GetHandleVerifier [0x00007FF71F3BCF45+75717]
	GetHandleVerifier [0x00007FF71F3BCFA0+75808]
	(No symbol) [0x00007FF71F188F9A]
	(No symbol) [0x00007FF71F1DF4C6]
	(No symbol) [0x00007FF71F1DF77C]
	(No symbol) [0x00007FF71F232577]
	(No symbol) [0x00007FF71F2073BF]
	(No symbol) [0x00007FF71F22F39C]
	(No symbol) [0x00007FF71F207153]
	(No symbol) [0x00007FF71F1D0421]
	(No symbol) [0x00007FF71F1D11B3]
	GetHandleVerifier [0x00007FF71F6BD71D+3223453]
	GetHandleVerifier [0x00007FF71F6B7CC2+3200322]
	GetHandleVerifier [0x00007FF71F6D5AF3+3322739]
	GetHandleVerifier [0x00007FF71F3D6A1A+180890]
	GetHandleVerifier [0x00007FF71F3DE11F+211359]
	GetHandleVerifier [0x00007FF71F3C5294+109332]
	GetHandleVerifier [0x00007FF71F3C5442+109762]
	GetHandleVerifier [0x00007FF71F3ABA59+4825]
	BaseThreadInitThunk [0x00007FF821F3E8D7+23]
	RtlUserThreadStart [0x00007FF822F3C5DC+44]

2025-05-26 06:45:43,300 - INFO - 제목 수집 완료: 브로콜리무침 고소한 브로콜리무침레시피 브로콜리.. : 네이버블로그
2025-05-26 06:45:44,002 - INFO - 본문 내용 수집 완료 (길이: 1575)
2025-05-26 06:45:44,010 - INFO - 작성자 수집 완료: 지율이
2025-05-26 06:45:44,019 - INFO - 썸네일 수집 완료: https://postfiles.pstatic.net/MjAyNTAzMjRfMjgz/MDAxNzQyNzk0MjQ1MzY4.8NdhNxn3TIweoxiYMhqfa6Qy24sLSyl88gIr8Z4ed7Eg.WjZpvCqyDcqJiouiYAuY0sShZnLMDPU3YOGODuT9L0Yg.JPEG/SE-db140672-6a1e-4e05-82b2-ec0e18c3f18f.jpg?type=w966
2025-05-26 06:45:44,039 - INFO - 좋아요 수집 완료: 60
2025-05-26 06:45:44,047 - INFO - 댓글 수집 완료: 12
2025-05-26 06:45:44,056 - ERROR - 데이터베이스 저장 실패: 'used_ingredients'
2025-05-26 06:45:44,056 - INFO - [2/231] 토픽 페이지 진입: https://in.naver.com/sakura0110/topic/823649125844480
2025-05-26 06:45:46,812 - INFO - 현재 URL: https://in.naver.com/sakura0110/topic/823649125844480
2025-05-26 06:45:46,812 - INFO - 블로그에서 더보기 버튼 찾는 중...
2025-05-26 06:45:46,822 - INFO - 블로그에서 더보기 버튼 발견
2025-05-26 06:45:46,823 - INFO - 블로그에서 더보기 버튼 클릭 시도...
2025-05-26 06:45:50,356 - INFO - 블로그 페이지로 이동 성공: https://blog.naver.com/sakura0110/223866788639?isInf=true&trackingCode=naver_etc
2025-05-26 06:45:55,376 - INFO - iframe 전환 성공
2025-05-26 06:46:05,573 - WARNING - 요소를 찾을 수 없음: css selector=h3.se-title-text, 오류: Message: 
Stacktrace:
	GetHandleVerifier [0x00007FF71F3BCF45+75717]
	GetHandleVerifier [0x00007FF71F3BCFA0+75808]
	(No symbol) [0x00007FF71F188F9A]
	(No symbol) [0x00007FF71F1DF4C6]
	(No symbol) [0x00007FF71F1DF77C]
	(No symbol) [0x00007FF71F232577]
	(No symbol) [0x00007FF71F2073BF]
	(No symbol) [0x00007FF71F22F39C]
	(No symbol) [0x00007FF71F207153]
	(No symbol) [0x00007FF71F1D0421]
	(No symbol) [0x00007FF71F1D11B3]
	GetHandleVerifier [0x00007FF71F6BD71D+3223453]
	GetHandleVerifier [0x00007FF71F6B7CC2+3200322]
	GetHandleVerifier [0x00007FF71F6D5AF3+3322739]
	GetHandleVerifier [0x00007FF71F3D6A1A+180890]
	GetHandleVerifier [0x00007FF71F3DE11F+211359]
	GetHandleVerifier [0x00007FF71F3C5294+109332]
	GetHandleVerifier [0x00007FF71F3C5442+109762]
	GetHandleVerifier [0x00007FF71F3ABA59+4825]
	BaseThreadInitThunk [0x00007FF821F3E8D7+23]
	RtlUserThreadStart [0x00007FF822F3C5DC+44]

2025-05-26 06:47:08,646 - INFO - 크롤러 초기화 시작
2025-05-26 06:47:09,863 - INFO - package: mysql.connector.plugins
2025-05-26 06:47:09,863 - INFO - plugin_name: caching_sha2_password
2025-05-26 06:47:09,863 - INFO - AUTHENTICATION_PLUGIN_CLASS: MySQLCachingSHA2PasswordAuthPlugin
2025-05-26 06:47:09,864 - INFO - package: mysql.connector.plugins
2025-05-26 06:47:09,864 - INFO - plugin_name: mysql_native_password
2025-05-26 06:47:09,865 - INFO - AUTHENTICATION_PLUGIN_CLASS: MySQLNativePasswordAuthPlugin
2025-05-26 06:47:09,866 - INFO - 크롤러 초기화 완료
2025-05-26 06:47:09,866 - INFO - 크롤러 시작: https://in.naver.com/discover/135968760155968
2025-05-26 06:47:15,356 - INFO - 토픽 카드 로드 시작...
2025-05-26 06:47:16,433 - INFO - 더보기 버튼 클릭 1/20
2025-05-26 06:47:19,492 - INFO - 더보기 버튼 클릭 2/20
2025-05-26 06:47:22,560 - INFO - 더보기 버튼 클릭 3/20
2025-05-26 06:47:25,634 - INFO - 더보기 버튼 클릭 4/20
2025-05-26 06:47:28,718 - INFO - 더보기 버튼 클릭 5/20
2025-05-26 06:47:31,790 - INFO - 더보기 버튼 클릭 6/20
2025-05-26 06:47:34,840 - INFO - 더보기 버튼 클릭 7/20
2025-05-26 06:47:37,908 - INFO - 더보기 버튼 클릭 8/20
2025-05-26 06:47:40,994 - INFO - 더보기 버튼 클릭 9/20
2025-05-26 06:47:44,067 - INFO - 더보기 버튼 클릭 10/20
2025-05-26 06:47:47,130 - INFO - 더보기 버튼 클릭 11/20
2025-05-26 06:47:50,217 - INFO - 더보기 버튼 클릭 12/20
2025-05-26 06:47:53,258 - INFO - 더보기 버튼 클릭 13/20
2025-05-26 06:47:56,318 - INFO - 더보기 버튼 클릭 14/20
2025-05-26 06:47:59,387 - INFO - 더보기 버튼 클릭 15/20
2025-05-26 06:48:02,459 - INFO - 더보기 버튼 클릭 16/20
2025-05-26 06:48:05,521 - INFO - 더보기 버튼 클릭 17/20
2025-05-26 06:48:08,593 - INFO - 더보기 버튼 클릭 18/20
2025-05-26 06:48:11,651 - INFO - 더보기 버튼 클릭 19/20
2025-05-26 06:48:18,819 - INFO - 더보기 버튼을 찾을 수 없습니다. 모든 카드가 로드되었거나 페이지 구조가 변경되었습니다.
2025-05-26 06:48:18,827 - INFO - 총 0개의 토픽 카드 링크 발견
2025-05-26 06:48:18,827 - INFO - 스크롤 완료 후 발견된 토픽 링크 수: 0
2025-05-26 06:48:20,033 - INFO - 푸드 토픽 카드 링크 수: 231
2025-05-26 06:48:20,034 - INFO - [1/231] 토픽 페이지 진입: https://in.naver.com/pinkmay12/topic/823168295376512
2025-05-26 06:48:22,268 - INFO - 현재 URL: https://in.naver.com/pinkmay12/topic/823168295376512
2025-05-26 06:48:22,268 - INFO - 블로그에서 더보기 버튼 찾는 중...
2025-05-26 06:48:22,292 - INFO - 블로그에서 더보기 버튼 발견
2025-05-26 06:48:22,292 - INFO - 블로그에서 더보기 버튼 클릭 시도...
2025-05-26 06:48:25,919 - INFO - 블로그 페이지로 이동 성공: https://blog.naver.com/pinkmay12/223857465014?isInf=true&trackingCode=naver_etc
2025-05-26 06:48:30,950 - INFO - iframe 전환 성공
2025-05-26 06:48:41,322 - WARNING - 요소를 찾을 수 없음: css selector=h3.se-title-text, 오류: Message: 
Stacktrace:
	GetHandleVerifier [0x00007FF71F3BCF45+75717]
	GetHandleVerifier [0x00007FF71F3BCFA0+75808]
	(No symbol) [0x00007FF71F188F9A]
	(No symbol) [0x00007FF71F1DF4C6]
	(No symbol) [0x00007FF71F1DF77C]
	(No symbol) [0x00007FF71F232577]
	(No symbol) [0x00007FF71F2073BF]
	(No symbol) [0x00007FF71F22F39C]
	(No symbol) [0x00007FF71F207153]
	(No symbol) [0x00007FF71F1D0421]
	(No symbol) [0x00007FF71F1D11B3]
	GetHandleVerifier [0x00007FF71F6BD71D+3223453]
	GetHandleVerifier [0x00007FF71F6B7CC2+3200322]
	GetHandleVerifier [0x00007FF71F6D5AF3+3322739]
	GetHandleVerifier [0x00007FF71F3D6A1A+180890]
	GetHandleVerifier [0x00007FF71F3DE11F+211359]
	GetHandleVerifier [0x00007FF71F3C5294+109332]
	GetHandleVerifier [0x00007FF71F3C5442+109762]
	GetHandleVerifier [0x00007FF71F3ABA59+4825]
	BaseThreadInitThunk [0x00007FF821F3E8D7+23]
	RtlUserThreadStart [0x00007FF822F3C5DC+44]

2025-05-26 06:48:51,635 - WARNING - 요소를 찾을 수 없음: css selector=h2.se-title-text, 오류: Message: 
Stacktrace:
	GetHandleVerifier [0x00007FF71F3BCF45+75717]
	GetHandleVerifier [0x00007FF71F3BCFA0+75808]
	(No symbol) [0x00007FF71F188F9A]
	(No symbol) [0x00007FF71F1DF4C6]
	(No symbol) [0x00007FF71F1DF77C]
	(No symbol) [0x00007FF71F232577]
	(No symbol) [0x00007FF71F2073BF]
	(No symbol) [0x00007FF71F22F39C]
	(No symbol) [0x00007FF71F207153]
	(No symbol) [0x00007FF71F1D0421]
	(No symbol) [0x00007FF71F1D11B3]
	GetHandleVerifier [0x00007FF71F6BD71D+3223453]
	GetHandleVerifier [0x00007FF71F6B7CC2+3200322]
	GetHandleVerifier [0x00007FF71F6D5AF3+3322739]
	GetHandleVerifier [0x00007FF71F3D6A1A+180890]
	GetHandleVerifier [0x00007FF71F3DE11F+211359]
	GetHandleVerifier [0x00007FF71F3C5294+109332]
	GetHandleVerifier [0x00007FF71F3C5442+109762]
	GetHandleVerifier [0x00007FF71F3ABA59+4825]
	BaseThreadInitThunk [0x00007FF821F3E8D7+23]
	RtlUserThreadStart [0x00007FF822F3C5DC+44]

2025-05-26 06:49:01,948 - WARNING - 요소를 찾을 수 없음: css selector=strong.title_post, 오류: Message: 
Stacktrace:
	GetHandleVerifier [0x00007FF71F3BCF45+75717]
	GetHandleVerifier [0x00007FF71F3BCFA0+75808]
	(No symbol) [0x00007FF71F188F9A]
	(No symbol) [0x00007FF71F1DF4C6]
	(No symbol) [0x00007FF71F1DF77C]
	(No symbol) [0x00007FF71F232577]
	(No symbol) [0x00007FF71F2073BF]
	(No symbol) [0x00007FF71F22F39C]
	(No symbol) [0x00007FF71F207153]
	(No symbol) [0x00007FF71F1D0421]
	(No symbol) [0x00007FF71F1D11B3]
	GetHandleVerifier [0x00007FF71F6BD71D+3223453]
	GetHandleVerifier [0x00007FF71F6B7CC2+3200322]
	GetHandleVerifier [0x00007FF71F6D5AF3+3322739]
	GetHandleVerifier [0x00007FF71F3D6A1A+180890]
	GetHandleVerifier [0x00007FF71F3DE11F+211359]
	GetHandleVerifier [0x00007FF71F3C5294+109332]
	GetHandleVerifier [0x00007FF71F3C5442+109762]
	GetHandleVerifier [0x00007FF71F3ABA59+4825]
	BaseThreadInitThunk [0x00007FF821F3E8D7+23]
	RtlUserThreadStart [0x00007FF822F3C5DC+44]

2025-05-26 06:49:01,961 - INFO - 제목 수집 완료: 롤유부초밥 만들기 간단한 점심메뉴 오이크래미 .. : 네이버블로그
2025-05-26 06:49:02,696 - INFO - 본문 내용 수집 완료 (길이: 1415)
2025-05-26 06:49:02,704 - INFO - 작성자 수집 완료: 단호박
2025-05-26 06:49:02,714 - INFO - 썸네일 수집 완료: https://postfiles.pstatic.net/MjAyNTA1MDZfMjgx/MDAxNzQ2NTI4NDY5MTI5.rfXn0mNpEOQHKJYqwD1VePuuancn-yvBau6yHggivjYg.7JWxv1IPkk1t2w42Bm2lviwm8XwDtD20vE_irEoXuVQg.JPEG/SE-d379fad2-134c-48d4-9742-563cc578c341.jpg?type=w966
2025-05-26 06:49:02,737 - INFO - 좋아요 수집 완료: 63
2025-05-26 06:49:05,784 - WARNING - 요소를 찾을 수 없음: id=commentCount, 오류: Message: 
Stacktrace:
	GetHandleVerifier [0x00007FF71F3BCF45+75717]
	GetHandleVerifier [0x00007FF71F3BCFA0+75808]
	(No symbol) [0x00007FF71F188F9A]
	(No symbol) [0x00007FF71F1DF4C6]
	(No symbol) [0x00007FF71F1DF77C]
	(No symbol) [0x00007FF71F232577]
	(No symbol) [0x00007FF71F2073BF]
	(No symbol) [0x00007FF71F22F39C]
	(No symbol) [0x00007FF71F207153]
	(No symbol) [0x00007FF71F1D0421]
	(No symbol) [0x00007FF71F1D11B3]
	GetHandleVerifier [0x00007FF71F6BD71D+3223453]
	GetHandleVerifier [0x00007FF71F6B7CC2+3200322]
	GetHandleVerifier [0x00007FF71F6D5AF3+3322739]
	GetHandleVerifier [0x00007FF71F3D6A1A+180890]
	GetHandleVerifier [0x00007FF71F3DE11F+211359]
	GetHandleVerifier [0x00007FF71F3C5294+109332]
	GetHandleVerifier [0x00007FF71F3C5442+109762]
	GetHandleVerifier [0x00007FF71F3ABA59+4825]
	BaseThreadInitThunk [0x00007FF821F3E8D7+23]
	RtlUserThreadStart [0x00007FF822F3C5DC+44]

2025-05-26 06:49:05,785 - INFO - 댓글 수집 완료: 0
2025-05-26 06:49:05,787 - ERROR - 데이터베이스 저장 실패: 'used_ingredients'
2025-05-26 06:49:05,788 - INFO - [2/231] 토픽 페이지 진입: https://in.naver.com/happy4305/topic/824550822045216
2025-05-26 06:49:09,108 - INFO - 현재 URL: https://in.naver.com/happy4305/topic/824550822045216
2025-05-26 06:49:09,109 - INFO - 블로그에서 더보기 버튼 찾는 중...
2025-05-26 06:49:09,127 - INFO - 블로그에서 더보기 버튼 발견
2025-05-26 06:49:09,128 - INFO - 블로그에서 더보기 버튼 클릭 시도...
2025-05-26 06:49:12,289 - INFO - 블로그 페이지로 이동 성공: https://blog.naver.com/happy4305/223870061425?isInf=true&trackingCode=naver_etc
2025-05-26 06:49:17,310 - INFO - iframe 전환 성공
2025-05-26 06:49:27,457 - WARNING - 요소를 찾을 수 없음: css selector=h3.se-title-text, 오류: Message: 
Stacktrace:
	GetHandleVerifier [0x00007FF71F3BCF45+75717]
	GetHandleVerifier [0x00007FF71F3BCFA0+75808]
	(No symbol) [0x00007FF71F188F9A]
	(No symbol) [0x00007FF71F1DF4C6]
	(No symbol) [0x00007FF71F1DF77C]
	(No symbol) [0x00007FF71F232577]
	(No symbol) [0x00007FF71F2073BF]
	(No symbol) [0x00007FF71F22F39C]
	(No symbol) [0x00007FF71F207153]
	(No symbol) [0x00007FF71F1D0421]
	(No symbol) [0x00007FF71F1D11B3]
	GetHandleVerifier [0x00007FF71F6BD71D+3223453]
	GetHandleVerifier [0x00007FF71F6B7CC2+3200322]
	GetHandleVerifier [0x00007FF71F6D5AF3+3322739]
	GetHandleVerifier [0x00007FF71F3D6A1A+180890]
	GetHandleVerifier [0x00007FF71F3DE11F+211359]
	GetHandleVerifier [0x00007FF71F3C5294+109332]
	GetHandleVerifier [0x00007FF71F3C5442+109762]
	GetHandleVerifier [0x00007FF71F3ABA59+4825]
	BaseThreadInitThunk [0x00007FF821F3E8D7+23]
	RtlUserThreadStart [0x00007FF822F3C5DC+44]

2025-05-26 06:49:37,576 - WARNING - 요소를 찾을 수 없음: css selector=h2.se-title-text, 오류: Message: 
Stacktrace:
	GetHandleVerifier [0x00007FF71F3BCF45+75717]
	GetHandleVerifier [0x00007FF71F3BCFA0+75808]
	(No symbol) [0x00007FF71F188F9A]
	(No symbol) [0x00007FF71F1DF4C6]
	(No symbol) [0x00007FF71F1DF77C]
	(No symbol) [0x00007FF71F232577]
	(No symbol) [0x00007FF71F2073BF]
	(No symbol) [0x00007FF71F22F39C]
	(No symbol) [0x00007FF71F207153]
	(No symbol) [0x00007FF71F1D0421]
	(No symbol) [0x00007FF71F1D11B3]
	GetHandleVerifier [0x00007FF71F6BD71D+3223453]
	GetHandleVerifier [0x00007FF71F6B7CC2+3200322]
	GetHandleVerifier [0x00007FF71F6D5AF3+3322739]
	GetHandleVerifier [0x00007FF71F3D6A1A+180890]
	GetHandleVerifier [0x00007FF71F3DE11F+211359]
	GetHandleVerifier [0x00007FF71F3C5294+109332]
	GetHandleVerifier [0x00007FF71F3C5442+109762]
	GetHandleVerifier [0x00007FF71F3ABA59+4825]
	BaseThreadInitThunk [0x00007FF821F3E8D7+23]
	RtlUserThreadStart [0x00007FF822F3C5DC+44]

2025-05-26 06:57:22,407 - INFO - 크롤러 초기화 시작
2025-05-26 06:57:23,647 - INFO - package: mysql.connector.plugins
2025-05-26 06:57:23,647 - INFO - plugin_name: caching_sha2_password
2025-05-26 06:57:23,647 - INFO - AUTHENTICATION_PLUGIN_CLASS: MySQLCachingSHA2PasswordAuthPlugin
2025-05-26 06:57:23,649 - INFO - package: mysql.connector.plugins
2025-05-26 06:57:23,649 - INFO - plugin_name: mysql_native_password
2025-05-26 06:57:23,649 - INFO - AUTHENTICATION_PLUGIN_CLASS: MySQLNativePasswordAuthPlugin
2025-05-26 06:57:23,651 - INFO - 크롤러 초기화 완료
2025-05-26 06:57:23,651 - INFO - 크롤러 시작: https://in.naver.com/discover/135968760155968
2025-05-26 06:57:29,235 - INFO - 토픽 카드 로드 시작...
2025-05-26 06:57:30,301 - INFO - 더보기 버튼 클릭 1/20
2025-05-26 06:57:33,341 - INFO - 더보기 버튼 클릭 2/20
2025-05-26 06:57:36,382 - INFO - 더보기 버튼 클릭 3/20
2025-05-26 06:57:39,423 - INFO - 더보기 버튼 클릭 4/20
2025-05-26 06:57:42,471 - INFO - 더보기 버튼 클릭 5/20
2025-05-26 06:57:45,509 - INFO - 더보기 버튼 클릭 6/20
2025-05-26 06:57:48,564 - INFO - 더보기 버튼 클릭 7/20
2025-05-26 06:57:51,609 - INFO - 더보기 버튼 클릭 8/20
2025-05-26 06:57:54,666 - INFO - 더보기 버튼 클릭 9/20
2025-05-26 06:57:57,723 - INFO - 더보기 버튼 클릭 10/20
2025-05-26 06:58:00,771 - INFO - 더보기 버튼 클릭 11/20
2025-05-26 06:58:03,829 - INFO - 더보기 버튼 클릭 12/20
2025-05-26 06:58:06,879 - INFO - 더보기 버튼 클릭 13/20
2025-05-26 06:58:09,926 - INFO - 더보기 버튼 클릭 14/20
2025-05-26 06:58:12,982 - INFO - 더보기 버튼 클릭 15/20
2025-05-26 06:58:16,043 - INFO - 더보기 버튼 클릭 16/20
2025-05-26 06:58:19,098 - INFO - 더보기 버튼 클릭 17/20
2025-05-26 06:58:22,155 - INFO - 더보기 버튼 클릭 18/20
2025-05-26 06:58:25,215 - INFO - 더보기 버튼 클릭 19/20
2025-05-26 06:58:32,336 - INFO - 더보기 버튼을 찾을 수 없습니다. 모든 카드가 로드되었거나 페이지 구조가 변경되었습니다.
2025-05-26 06:58:32,373 - INFO - 총 0개의 토픽 카드 링크 발견
2025-05-26 06:58:32,373 - INFO - 스크롤 완료 후 발견된 토픽 링크 수: 0
2025-05-26 06:58:33,416 - INFO - 푸드 토픽 카드 링크 수: 231
2025-05-26 06:58:33,416 - INFO - [1/231] 토픽 페이지 진입: https://in.naver.com/selfloveyori/topic/822841573426752
2025-05-26 06:58:36,087 - INFO - 현재 URL: https://in.naver.com/selfloveyori/topic/822841573426752
2025-05-26 06:58:36,088 - INFO - 블로그에서 더보기 버튼 찾는 중...
2025-05-26 06:58:36,103 - INFO - 블로그에서 더보기 버튼 발견
2025-05-26 06:58:36,103 - INFO - 블로그에서 더보기 버튼 클릭 시도...
2025-05-26 06:58:39,962 - INFO - 블로그 페이지로 이동 성공: https://blog.naver.com/seungsunii/223302848441?isInf=true&trackingCode=naver_etc
2025-05-26 06:58:44,987 - INFO - iframe 전환 성공
2025-05-26 06:58:55,226 - WARNING - 요소를 찾을 수 없음: css selector=h3.se-title-text, 오류: Message: 
Stacktrace:
	GetHandleVerifier [0x00007FF71F3BCF45+75717]
	GetHandleVerifier [0x00007FF71F3BCFA0+75808]
	(No symbol) [0x00007FF71F188F9A]
	(No symbol) [0x00007FF71F1DF4C6]
	(No symbol) [0x00007FF71F1DF77C]
	(No symbol) [0x00007FF71F232577]
	(No symbol) [0x00007FF71F2073BF]
	(No symbol) [0x00007FF71F22F39C]
	(No symbol) [0x00007FF71F207153]
	(No symbol) [0x00007FF71F1D0421]
	(No symbol) [0x00007FF71F1D11B3]
	GetHandleVerifier [0x00007FF71F6BD71D+3223453]
	GetHandleVerifier [0x00007FF71F6B7CC2+3200322]
	GetHandleVerifier [0x00007FF71F6D5AF3+3322739]
	GetHandleVerifier [0x00007FF71F3D6A1A+180890]
	GetHandleVerifier [0x00007FF71F3DE11F+211359]
	GetHandleVerifier [0x00007FF71F3C5294+109332]
	GetHandleVerifier [0x00007FF71F3C5442+109762]
	GetHandleVerifier [0x00007FF71F3ABA59+4825]
	BaseThreadInitThunk [0x00007FF821F3E8D7+23]
	RtlUserThreadStart [0x00007FF822F3C5DC+44]

2025-05-26 06:59:05,436 - WARNING - 요소를 찾을 수 없음: css selector=h2.se-title-text, 오류: Message: 
Stacktrace:
	GetHandleVerifier [0x00007FF71F3BCF45+75717]
	GetHandleVerifier [0x00007FF71F3BCFA0+75808]
	(No symbol) [0x00007FF71F188F9A]
	(No symbol) [0x00007FF71F1DF4C6]
	(No symbol) [0x00007FF71F1DF77C]
	(No symbol) [0x00007FF71F232577]
	(No symbol) [0x00007FF71F2073BF]
	(No symbol) [0x00007FF71F22F39C]
	(No symbol) [0x00007FF71F207153]
	(No symbol) [0x00007FF71F1D0421]
	(No symbol) [0x00007FF71F1D11B3]
	GetHandleVerifier [0x00007FF71F6BD71D+3223453]
	GetHandleVerifier [0x00007FF71F6B7CC2+3200322]
	GetHandleVerifier [0x00007FF71F6D5AF3+3322739]
	GetHandleVerifier [0x00007FF71F3D6A1A+180890]
	GetHandleVerifier [0x00007FF71F3DE11F+211359]
	GetHandleVerifier [0x00007FF71F3C5294+109332]
	GetHandleVerifier [0x00007FF71F3C5442+109762]
	GetHandleVerifier [0x00007FF71F3ABA59+4825]
	BaseThreadInitThunk [0x00007FF821F3E8D7+23]
	RtlUserThreadStart [0x00007FF822F3C5DC+44]

2025-05-26 06:59:15,674 - WARNING - 요소를 찾을 수 없음: css selector=strong.title_post, 오류: Message: 
Stacktrace:
	GetHandleVerifier [0x00007FF71F3BCF45+75717]
	GetHandleVerifier [0x00007FF71F3BCFA0+75808]
	(No symbol) [0x00007FF71F188F9A]
	(No symbol) [0x00007FF71F1DF4C6]
	(No symbol) [0x00007FF71F1DF77C]
	(No symbol) [0x00007FF71F232577]
	(No symbol) [0x00007FF71F2073BF]
	(No symbol) [0x00007FF71F22F39C]
	(No symbol) [0x00007FF71F207153]
	(No symbol) [0x00007FF71F1D0421]
	(No symbol) [0x00007FF71F1D11B3]
	GetHandleVerifier [0x00007FF71F6BD71D+3223453]
	GetHandleVerifier [0x00007FF71F6B7CC2+3200322]
	GetHandleVerifier [0x00007FF71F6D5AF3+3322739]
	GetHandleVerifier [0x00007FF71F3D6A1A+180890]
	GetHandleVerifier [0x00007FF71F3DE11F+211359]
	GetHandleVerifier [0x00007FF71F3C5294+109332]
	GetHandleVerifier [0x00007FF71F3C5442+109762]
	GetHandleVerifier [0x00007FF71F3ABA59+4825]
	BaseThreadInitThunk [0x00007FF821F3E8D7+23]
	RtlUserThreadStart [0x00007FF822F3C5DC+44]

2025-05-26 06:59:15,683 - INFO - 제목 수집 완료: 라이스페이퍼 곤약 김말이 만들기 김말이 요리 .. : 네이버블로그
2025-05-26 06:59:16,195 - INFO - 본문 내용 수집 완료 (길이: 905)
2025-05-26 06:59:16,202 - INFO - 작성자 수집 완료: 샐럽요리
2025-05-26 06:59:16,210 - INFO - 썸네일 수집 완료: https://postfiles.pstatic.net/MjAyMzEyMjVfMTky/MDAxNzAzNTAzOTE5NDAy.-zUMFLduvKYAoJtkoUZbPGeSzqJ5B09sRVfCgIGNcYsg.cVgJZtJ0xwsEykQFkupTvdmhCkgb_UtpNYlLCblatlcg.JPEG.seungsunii/SE-0686b90a-4943-44a7-bc43-74d41f89ed7d.jpg?type=w580
2025-05-26 06:59:16,231 - INFO - 좋아요 수집 완료: 41
2025-05-26 06:59:16,238 - INFO - 댓글 수집 완료: 22
2025-05-26 06:59:16,241 - INFO - 레시피 데이터 저장 완료: 라이스페이퍼 곤약 김말이 만들기 김말이 요리 .. : 네이버블로그
2025-05-26 06:59:16,241 - INFO - [2/231] 토픽 페이지 진입: https://in.naver.com/boni/topic/823778250401312
2025-05-26 06:59:19,096 - INFO - 현재 URL: https://in.naver.com/boni/topic/823778250401312
2025-05-26 06:59:19,097 - INFO - 블로그에서 더보기 버튼 찾는 중...
2025-05-26 06:59:19,117 - INFO - 블로그에서 더보기 버튼 발견
2025-05-26 06:59:19,117 - INFO - 블로그에서 더보기 버튼 클릭 시도...
2025-05-26 06:59:22,371 - INFO - 블로그 페이지로 이동 성공: https://blog.naver.com/theboni/223853179582?isInf=true&trackingCode=naver_etc
2025-05-26 06:59:27,387 - INFO - iframe 전환 성공
2025-05-26 06:59:37,573 - WARNING - 요소를 찾을 수 없음: css selector=h3.se-title-text, 오류: Message: 
Stacktrace:
	GetHandleVerifier [0x00007FF71F3BCF45+75717]
	GetHandleVerifier [0x00007FF71F3BCFA0+75808]
	(No symbol) [0x00007FF71F188F9A]
	(No symbol) [0x00007FF71F1DF4C6]
	(No symbol) [0x00007FF71F1DF77C]
	(No symbol) [0x00007FF71F232577]
	(No symbol) [0x00007FF71F2073BF]
	(No symbol) [0x00007FF71F22F39C]
	(No symbol) [0x00007FF71F207153]
	(No symbol) [0x00007FF71F1D0421]
	(No symbol) [0x00007FF71F1D11B3]
	GetHandleVerifier [0x00007FF71F6BD71D+3223453]
	GetHandleVerifier [0x00007FF71F6B7CC2+3200322]
	GetHandleVerifier [0x00007FF71F6D5AF3+3322739]
	GetHandleVerifier [0x00007FF71F3D6A1A+180890]
	GetHandleVerifier [0x00007FF71F3DE11F+211359]
	GetHandleVerifier [0x00007FF71F3C5294+109332]
	GetHandleVerifier [0x00007FF71F3C5442+109762]
	GetHandleVerifier [0x00007FF71F3ABA59+4825]
	BaseThreadInitThunk [0x00007FF821F3E8D7+23]
	RtlUserThreadStart [0x00007FF822F3C5DC+44]

2025-05-26 06:59:47,787 - WARNING - 요소를 찾을 수 없음: css selector=h2.se-title-text, 오류: Message: 
Stacktrace:
	GetHandleVerifier [0x00007FF71F3BCF45+75717]
	GetHandleVerifier [0x00007FF71F3BCFA0+75808]
	(No symbol) [0x00007FF71F188F9A]
	(No symbol) [0x00007FF71F1DF4C6]
	(No symbol) [0x00007FF71F1DF77C]
	(No symbol) [0x00007FF71F232577]
	(No symbol) [0x00007FF71F2073BF]
	(No symbol) [0x00007FF71F22F39C]
	(No symbol) [0x00007FF71F207153]
	(No symbol) [0x00007FF71F1D0421]
	(No symbol) [0x00007FF71F1D11B3]
	GetHandleVerifier [0x00007FF71F6BD71D+3223453]
	GetHandleVerifier [0x00007FF71F6B7CC2+3200322]
	GetHandleVerifier [0x00007FF71F6D5AF3+3322739]
	GetHandleVerifier [0x00007FF71F3D6A1A+180890]
	GetHandleVerifier [0x00007FF71F3DE11F+211359]
	GetHandleVerifier [0x00007FF71F3C5294+109332]
	GetHandleVerifier [0x00007FF71F3C5442+109762]
	GetHandleVerifier [0x00007FF71F3ABA59+4825]
	BaseThreadInitThunk [0x00007FF821F3E8D7+23]
	RtlUserThreadStart [0x00007FF822F3C5DC+44]

2025-05-26 06:59:58,036 - WARNING - 요소를 찾을 수 없음: css selector=strong.title_post, 오류: Message: 
Stacktrace:
	GetHandleVerifier [0x00007FF71F3BCF45+75717]
	GetHandleVerifier [0x00007FF71F3BCFA0+75808]
	(No symbol) [0x00007FF71F188F9A]
	(No symbol) [0x00007FF71F1DF4C6]
	(No symbol) [0x00007FF71F1DF77C]
	(No symbol) [0x00007FF71F232577]
	(No symbol) [0x00007FF71F2073BF]
	(No symbol) [0x00007FF71F22F39C]
	(No symbol) [0x00007FF71F207153]
	(No symbol) [0x00007FF71F1D0421]
	(No symbol) [0x00007FF71F1D11B3]
	GetHandleVerifier [0x00007FF71F6BD71D+3223453]
	GetHandleVerifier [0x00007FF71F6B7CC2+3200322]
	GetHandleVerifier [0x00007FF71F6D5AF3+3322739]
	GetHandleVerifier [0x00007FF71F3D6A1A+180890]
	GetHandleVerifier [0x00007FF71F3DE11F+211359]
	GetHandleVerifier [0x00007FF71F3C5294+109332]
	GetHandleVerifier [0x00007FF71F3C5442+109762]
	GetHandleVerifier [0x00007FF71F3ABA59+4825]
	BaseThreadInitThunk [0x00007FF821F3E8D7+23]
	RtlUserThreadStart [0x00007FF822F3C5DC+44]

2025-05-26 06:59:58,047 - INFO - 제목 수집 완료: 표고버섯볶음 레시피 생표고버섯볶음 굴소스 표고.. : 네이버블로그
2025-05-26 06:59:59,226 - INFO - 본문 내용 수집 완료 (길이: 2083)
2025-05-26 06:59:59,236 - INFO - 작성자 수집 완료: 편집장 보니
2025-05-26 06:59:59,244 - INFO - 썸네일 수집 완료: https://postfiles.pstatic.net/MjAyNTA1MDJfMTI0/MDAxNzQ2MTI2NDYwMjMz.LzoDWWMEJWUeaks9AWSSQAApI4jlygIKb6i7fiY0xR4g.UruL7kbJeDbxcXGmhkp0xA0SZHbCgC73AyBo1qmtG3Ug.JPEG/SE-d858e0dd-bedb-4f01-834f-a766845c5d67.jpg?type=w773
2025-05-26 06:59:59,268 - INFO - 좋아요 수집 완료: 41
2025-05-26 06:59:59,276 - INFO - 댓글 수집 완료: 3
2025-05-26 06:59:59,287 - INFO - 레시피 데이터 저장 완료: 표고버섯볶음 레시피 생표고버섯볶음 굴소스 표고.. : 네이버블로그
2025-05-26 06:59:59,287 - INFO - [3/231] 토픽 페이지 진입: https://in.naver.com/selfloveyori/topic/820060201018592
2025-05-26 07:00:01,911 - INFO - 현재 URL: https://in.naver.com/selfloveyori/topic/820060201018592
2025-05-26 07:00:01,912 - INFO - 블로그에서 더보기 버튼 찾는 중...
2025-05-26 07:00:01,923 - INFO - 블로그에서 더보기 버튼 발견
2025-05-26 07:00:01,923 - INFO - 블로그에서 더보기 버튼 클릭 시도...
2025-05-26 07:00:05,391 - INFO - 블로그 페이지로 이동 성공: https://m.blog.naver.com/seungsunii/clip/8158276
2025-05-26 07:00:20,620 - WARNING - 요소를 찾을 수 없음: id=mainFrame, 오류: Message: 
Stacktrace:
	GetHandleVerifier [0x00007FF71F3BCF45+75717]
	GetHandleVerifier [0x00007FF71F3BCFA0+75808]
	(No symbol) [0x00007FF71F188F9A]
	(No symbol) [0x00007FF71F1DF4C6]
	(No symbol) [0x00007FF71F1DF77C]
	(No symbol) [0x00007FF71F232577]
	(No symbol) [0x00007FF71F2073BF]
	(No symbol) [0x00007FF71F22F39C]
	(No symbol) [0x00007FF71F207153]
	(No symbol) [0x00007FF71F1D0421]
	(No symbol) [0x00007FF71F1D11B3]
	GetHandleVerifier [0x00007FF71F6BD71D+3223453]
	GetHandleVerifier [0x00007FF71F6B7CC2+3200322]
	GetHandleVerifier [0x00007FF71F6D5AF3+3322739]
	GetHandleVerifier [0x00007FF71F3D6A1A+180890]
	GetHandleVerifier [0x00007FF71F3DE11F+211359]
	GetHandleVerifier [0x00007FF71F3C5294+109332]
	GetHandleVerifier [0x00007FF71F3C5442+109762]
	GetHandleVerifier [0x00007FF71F3ABA59+4825]
	BaseThreadInitThunk [0x00007FF821F3E8D7+23]
	RtlUserThreadStart [0x00007FF822F3C5DC+44]

2025-05-26 07:00:20,622 - WARNING - iframe(mainFrame) 없음, 기본 프레임에서 시도
2025-05-26 07:00:30,850 - WARNING - 요소를 찾을 수 없음: css selector=h3.se-title-text, 오류: Message: 
Stacktrace:
	GetHandleVerifier [0x00007FF71F3BCF45+75717]
	GetHandleVerifier [0x00007FF71F3BCFA0+75808]
	(No symbol) [0x00007FF71F188F9A]
	(No symbol) [0x00007FF71F1DF4C6]
	(No symbol) [0x00007FF71F1DF77C]
	(No symbol) [0x00007FF71F232577]
	(No symbol) [0x00007FF71F2073BF]
	(No symbol) [0x00007FF71F22F39C]
	(No symbol) [0x00007FF71F207153]
	(No symbol) [0x00007FF71F1D0421]
	(No symbol) [0x00007FF71F1D11B3]
	GetHandleVerifier [0x00007FF71F6BD71D+3223453]
	GetHandleVerifier [0x00007FF71F6B7CC2+3200322]
	GetHandleVerifier [0x00007FF71F6D5AF3+3322739]
	GetHandleVerifier [0x00007FF71F3D6A1A+180890]
	GetHandleVerifier [0x00007FF71F3DE11F+211359]
	GetHandleVerifier [0x00007FF71F3C5294+109332]
	GetHandleVerifier [0x00007FF71F3C5442+109762]
	GetHandleVerifier [0x00007FF71F3ABA59+4825]
	BaseThreadInitThunk [0x00007FF821F3E8D7+23]
	RtlUserThreadStart [0x00007FF822F3C5DC+44]

2025-05-26 07:00:41,053 - WARNING - 요소를 찾을 수 없음: css selector=h2.se-title-text, 오류: Message: 
Stacktrace:
	GetHandleVerifier [0x00007FF71F3BCF45+75717]
	GetHandleVerifier [0x00007FF71F3BCFA0+75808]
	(No symbol) [0x00007FF71F188F9A]
	(No symbol) [0x00007FF71F1DF4C6]
	(No symbol) [0x00007FF71F1DF77C]
	(No symbol) [0x00007FF71F232577]
	(No symbol) [0x00007FF71F2073BF]
	(No symbol) [0x00007FF71F22F39C]
	(No symbol) [0x00007FF71F207153]
	(No symbol) [0x00007FF71F1D0421]
	(No symbol) [0x00007FF71F1D11B3]
	GetHandleVerifier [0x00007FF71F6BD71D+3223453]
	GetHandleVerifier [0x00007FF71F6B7CC2+3200322]
	GetHandleVerifier [0x00007FF71F6D5AF3+3322739]
	GetHandleVerifier [0x00007FF71F3D6A1A+180890]
	GetHandleVerifier [0x00007FF71F3DE11F+211359]
	GetHandleVerifier [0x00007FF71F3C5294+109332]
	GetHandleVerifier [0x00007FF71F3C5442+109762]
	GetHandleVerifier [0x00007FF71F3ABA59+4825]
	BaseThreadInitThunk [0x00007FF821F3E8D7+23]
	RtlUserThreadStart [0x00007FF822F3C5DC+44]

2025-05-26 07:00:51,283 - WARNING - 요소를 찾을 수 없음: css selector=strong.title_post, 오류: Message: 
Stacktrace:
	GetHandleVerifier [0x00007FF71F3BCF45+75717]
	GetHandleVerifier [0x00007FF71F3BCFA0+75808]
	(No symbol) [0x00007FF71F188F9A]
	(No symbol) [0x00007FF71F1DF4C6]
	(No symbol) [0x00007FF71F1DF77C]
	(No symbol) [0x00007FF71F232577]
	(No symbol) [0x00007FF71F2073BF]
	(No symbol) [0x00007FF71F22F39C]
	(No symbol) [0x00007FF71F207153]
	(No symbol) [0x00007FF71F1D0421]
	(No symbol) [0x00007FF71F1D11B3]
	GetHandleVerifier [0x00007FF71F6BD71D+3223453]
	GetHandleVerifier [0x00007FF71F6B7CC2+3200322]
	GetHandleVerifier [0x00007FF71F6D5AF3+3322739]
	GetHandleVerifier [0x00007FF71F3D6A1A+180890]
	GetHandleVerifier [0x00007FF71F3DE11F+211359]
	GetHandleVerifier [0x00007FF71F3C5294+109332]
	GetHandleVerifier [0x00007FF71F3C5442+109762]
	GetHandleVerifier [0x00007FF71F3ABA59+4825]
	BaseThreadInitThunk [0x00007FF821F3E8D7+23]
	RtlUserThreadStart [0x00007FF822F3C5DC+44]

2025-05-26 07:00:51,295 - INFO - 제목 수집 완료: 네이버 블로그 클립
2025-05-26 07:00:56,402 - WARNING - 요소를 찾을 수 없음: class name=se-main-container, 오류: Message: 
Stacktrace:
	GetHandleVerifier [0x00007FF71F3BCF45+75717]
	GetHandleVerifier [0x00007FF71F3BCFA0+75808]
	(No symbol) [0x00007FF71F188F9A]
	(No symbol) [0x00007FF71F1DF4C6]
	(No symbol) [0x00007FF71F1DF77C]
	(No symbol) [0x00007FF71F232577]
	(No symbol) [0x00007FF71F2073BF]
	(No symbol) [0x00007FF71F22F39C]
	(No symbol) [0x00007FF71F207153]
	(No symbol) [0x00007FF71F1D0421]
	(No symbol) [0x00007FF71F1D11B3]
	GetHandleVerifier [0x00007FF71F6BD71D+3223453]
	GetHandleVerifier [0x00007FF71F6B7CC2+3200322]
	GetHandleVerifier [0x00007FF71F6D5AF3+3322739]
	GetHandleVerifier [0x00007FF71F3D6A1A+180890]
	GetHandleVerifier [0x00007FF71F3DE11F+211359]
	GetHandleVerifier [0x00007FF71F3C5294+109332]
	GetHandleVerifier [0x00007FF71F3C5442+109762]
	GetHandleVerifier [0x00007FF71F3ABA59+4825]
	BaseThreadInitThunk [0x00007FF821F3E8D7+23]
	RtlUserThreadStart [0x00007FF822F3C5DC+44]

2025-05-26 07:00:59,466 - WARNING - 요소를 찾을 수 없음: class name=post-view, 오류: Message: 
Stacktrace:
	GetHandleVerifier [0x00007FF71F3BCF45+75717]
	GetHandleVerifier [0x00007FF71F3BCFA0+75808]
	(No symbol) [0x00007FF71F188F9A]
	(No symbol) [0x00007FF71F1DF4C6]
	(No symbol) [0x00007FF71F1DF77C]
	(No symbol) [0x00007FF71F232577]
	(No symbol) [0x00007FF71F2073BF]
	(No symbol) [0x00007FF71F22F39C]
	(No symbol) [0x00007FF71F207153]
	(No symbol) [0x00007FF71F1D0421]
	(No symbol) [0x00007FF71F1D11B3]
	GetHandleVerifier [0x00007FF71F6BD71D+3223453]
	GetHandleVerifier [0x00007FF71F6B7CC2+3200322]
	GetHandleVerifier [0x00007FF71F6D5AF3+3322739]
	GetHandleVerifier [0x00007FF71F3D6A1A+180890]
	GetHandleVerifier [0x00007FF71F3DE11F+211359]
	GetHandleVerifier [0x00007FF71F3C5294+109332]
	GetHandleVerifier [0x00007FF71F3C5442+109762]
	GetHandleVerifier [0x00007FF71F3ABA59+4825]
	BaseThreadInitThunk [0x00007FF821F3E8D7+23]
	RtlUserThreadStart [0x00007FF822F3C5DC+44]

2025-05-26 07:00:59,468 - INFO - 본문 내용 수집 완료 (길이: 0)
2025-05-26 07:01:02,537 - WARNING - 요소를 찾을 수 없음: css selector=span.nick a, 오류: Message: 
Stacktrace:
	GetHandleVerifier [0x00007FF71F3BCF45+75717]
	GetHandleVerifier [0x00007FF71F3BCFA0+75808]
	(No symbol) [0x00007FF71F188F9A]
	(No symbol) [0x00007FF71F1DF4C6]
	(No symbol) [0x00007FF71F1DF77C]
	(No symbol) [0x00007FF71F232577]
	(No symbol) [0x00007FF71F2073BF]
	(No symbol) [0x00007FF71F22F39C]
	(No symbol) [0x00007FF71F207153]
	(No symbol) [0x00007FF71F1D0421]
	(No symbol) [0x00007FF71F1D11B3]
	GetHandleVerifier [0x00007FF71F6BD71D+3223453]
	GetHandleVerifier [0x00007FF71F6B7CC2+3200322]
	GetHandleVerifier [0x00007FF71F6D5AF3+3322739]
	GetHandleVerifier [0x00007FF71F3D6A1A+180890]
	GetHandleVerifier [0x00007FF71F3DE11F+211359]
	GetHandleVerifier [0x00007FF71F3C5294+109332]
	GetHandleVerifier [0x00007FF71F3C5442+109762]
	GetHandleVerifier [0x00007FF71F3ABA59+4825]
	BaseThreadInitThunk [0x00007FF821F3E8D7+23]
	RtlUserThreadStart [0x00007FF822F3C5DC+44]

2025-05-26 07:01:02,538 - INFO - 작성자 수집 완료: 
2025-05-26 07:01:02,562 - INFO - 썸네일 수집 완료: 
2025-05-26 07:01:05,616 - WARNING - 요소를 찾을 수 없음: class name=area_sympathy, 오류: Message: 
Stacktrace:
	GetHandleVerifier [0x00007FF71F3BCF45+75717]
	GetHandleVerifier [0x00007FF71F3BCFA0+75808]
	(No symbol) [0x00007FF71F188F9A]
	(No symbol) [0x00007FF71F1DF4C6]
	(No symbol) [0x00007FF71F1DF77C]
	(No symbol) [0x00007FF71F232577]
	(No symbol) [0x00007FF71F2073BF]
	(No symbol) [0x00007FF71F22F39C]
	(No symbol) [0x00007FF71F207153]
	(No symbol) [0x00007FF71F1D0421]
	(No symbol) [0x00007FF71F1D11B3]
	GetHandleVerifier [0x00007FF71F6BD71D+3223453]
	GetHandleVerifier [0x00007FF71F6B7CC2+3200322]
	GetHandleVerifier [0x00007FF71F6D5AF3+3322739]
	GetHandleVerifier [0x00007FF71F3D6A1A+180890]
	GetHandleVerifier [0x00007FF71F3DE11F+211359]
	GetHandleVerifier [0x00007FF71F3C5294+109332]
	GetHandleVerifier [0x00007FF71F3C5442+109762]
	GetHandleVerifier [0x00007FF71F3ABA59+4825]
	BaseThreadInitThunk [0x00007FF821F3E8D7+23]
	RtlUserThreadStart [0x00007FF822F3C5DC+44]

2025-05-26 07:01:05,617 - INFO - 좋아요 수집 완료: 0
2025-05-26 07:01:08,696 - WARNING - 요소를 찾을 수 없음: id=commentCount, 오류: Message: 
Stacktrace:
	GetHandleVerifier [0x00007FF71F3BCF45+75717]
	GetHandleVerifier [0x00007FF71F3BCFA0+75808]
	(No symbol) [0x00007FF71F188F9A]
	(No symbol) [0x00007FF71F1DF4C6]
	(No symbol) [0x00007FF71F1DF77C]
	(No symbol) [0x00007FF71F232577]
	(No symbol) [0x00007FF71F2073BF]
	(No symbol) [0x00007FF71F22F39C]
	(No symbol) [0x00007FF71F207153]
	(No symbol) [0x00007FF71F1D0421]
	(No symbol) [0x00007FF71F1D11B3]
	GetHandleVerifier [0x00007FF71F6BD71D+3223453]
	GetHandleVerifier [0x00007FF71F6B7CC2+3200322]
	GetHandleVerifier [0x00007FF71F6D5AF3+3322739]
	GetHandleVerifier [0x00007FF71F3D6A1A+180890]
	GetHandleVerifier [0x00007FF71F3DE11F+211359]
	GetHandleVerifier [0x00007FF71F3C5294+109332]
	GetHandleVerifier [0x00007FF71F3C5442+109762]
	GetHandleVerifier [0x00007FF71F3ABA59+4825]
	BaseThreadInitThunk [0x00007FF821F3E8D7+23]
	RtlUserThreadStart [0x00007FF822F3C5DC+44]

2025-05-26 07:01:08,697 - INFO - 댓글 수집 완료: 0
2025-05-26 07:01:08,709 - INFO - 레시피 데이터 저장 완료: 네이버 블로그 클립
2025-05-26 07:01:08,709 - INFO - [4/231] 토픽 페이지 진입: https://in.naver.com/plusx/topic/825317590296096
2025-05-26 07:01:12,055 - INFO - 현재 URL: https://in.naver.com/plusx/topic/825317590296096
2025-05-26 07:01:12,055 - INFO - 블로그에서 더보기 버튼 찾는 중...
2025-05-26 07:01:12,078 - INFO - 블로그에서 더보기 버튼 발견
2025-05-26 07:01:12,078 - INFO - 블로그에서 더보기 버튼 클릭 시도...
2025-05-26 07:01:15,393 - INFO - 블로그 페이지로 이동 성공: https://blog.naver.com/plusx_/223872734297?isInf=true&trackingCode=naver_etc
2025-05-26 07:01:20,410 - INFO - iframe 전환 성공
2025-05-26 07:01:30,650 - WARNING - 요소를 찾을 수 없음: css selector=h3.se-title-text, 오류: Message: 
Stacktrace:
	GetHandleVerifier [0x00007FF71F3BCF45+75717]
	GetHandleVerifier [0x00007FF71F3BCFA0+75808]
	(No symbol) [0x00007FF71F188F9A]
	(No symbol) [0x00007FF71F1DF4C6]
	(No symbol) [0x00007FF71F1DF77C]
	(No symbol) [0x00007FF71F232577]
	(No symbol) [0x00007FF71F2073BF]
	(No symbol) [0x00007FF71F22F39C]
	(No symbol) [0x00007FF71F207153]
	(No symbol) [0x00007FF71F1D0421]
	(No symbol) [0x00007FF71F1D11B3]
	GetHandleVerifier [0x00007FF71F6BD71D+3223453]
	GetHandleVerifier [0x00007FF71F6B7CC2+3200322]
	GetHandleVerifier [0x00007FF71F6D5AF3+3322739]
	GetHandleVerifier [0x00007FF71F3D6A1A+180890]
	GetHandleVerifier [0x00007FF71F3DE11F+211359]
	GetHandleVerifier [0x00007FF71F3C5294+109332]
	GetHandleVerifier [0x00007FF71F3C5442+109762]
	GetHandleVerifier [0x00007FF71F3ABA59+4825]
	BaseThreadInitThunk [0x00007FF821F3E8D7+23]
	RtlUserThreadStart [0x00007FF822F3C5DC+44]

2025-05-26 07:01:40,891 - WARNING - 요소를 찾을 수 없음: css selector=h2.se-title-text, 오류: Message: 
Stacktrace:
	GetHandleVerifier [0x00007FF71F3BCF45+75717]
	GetHandleVerifier [0x00007FF71F3BCFA0+75808]
	(No symbol) [0x00007FF71F188F9A]
	(No symbol) [0x00007FF71F1DF4C6]
	(No symbol) [0x00007FF71F1DF77C]
	(No symbol) [0x00007FF71F232577]
	(No symbol) [0x00007FF71F2073BF]
	(No symbol) [0x00007FF71F22F39C]
	(No symbol) [0x00007FF71F207153]
	(No symbol) [0x00007FF71F1D0421]
	(No symbol) [0x00007FF71F1D11B3]
	GetHandleVerifier [0x00007FF71F6BD71D+3223453]
	GetHandleVerifier [0x00007FF71F6B7CC2+3200322]
	GetHandleVerifier [0x00007FF71F6D5AF3+3322739]
	GetHandleVerifier [0x00007FF71F3D6A1A+180890]
	GetHandleVerifier [0x00007FF71F3DE11F+211359]
	GetHandleVerifier [0x00007FF71F3C5294+109332]
	GetHandleVerifier [0x00007FF71F3C5442+109762]
	GetHandleVerifier [0x00007FF71F3ABA59+4825]
	BaseThreadInitThunk [0x00007FF821F3E8D7+23]
	RtlUserThreadStart [0x00007FF822F3C5DC+44]

2025-05-26 07:01:51,121 - WARNING - 요소를 찾을 수 없음: css selector=strong.title_post, 오류: Message: 
Stacktrace:
	GetHandleVerifier [0x00007FF71F3BCF45+75717]
	GetHandleVerifier [0x00007FF71F3BCFA0+75808]
	(No symbol) [0x00007FF71F188F9A]
	(No symbol) [0x00007FF71F1DF4C6]
	(No symbol) [0x00007FF71F1DF77C]
	(No symbol) [0x00007FF71F232577]
	(No symbol) [0x00007FF71F2073BF]
	(No symbol) [0x00007FF71F22F39C]
	(No symbol) [0x00007FF71F207153]
	(No symbol) [0x00007FF71F1D0421]
	(No symbol) [0x00007FF71F1D11B3]
	GetHandleVerifier [0x00007FF71F6BD71D+3223453]
	GetHandleVerifier [0x00007FF71F6B7CC2+3200322]
	GetHandleVerifier [0x00007FF71F6D5AF3+3322739]
	GetHandleVerifier [0x00007FF71F3D6A1A+180890]
	GetHandleVerifier [0x00007FF71F3DE11F+211359]
	GetHandleVerifier [0x00007FF71F3C5294+109332]
	GetHandleVerifier [0x00007FF71F3C5442+109762]
	GetHandleVerifier [0x00007FF71F3ABA59+4825]
	BaseThreadInitThunk [0x00007FF821F3E8D7+23]
	RtlUserThreadStart [0x00007FF822F3C5DC+44]

2025-05-26 07:01:51,133 - INFO - 제목 수집 완료: 다이어트 간식 추천, 바삭 에어프라이어 감자칩 : 네이버 블로그
2025-05-26 07:01:52,171 - INFO - 본문 내용 수집 완료 (길이: 1682)
2025-05-26 07:01:52,183 - INFO - 작성자 수집 완료: 엑스x
2025-05-26 07:01:52,194 - INFO - 썸네일 수집 완료: https://postfiles.pstatic.net/MjAyNTA1MjFfMjY1/MDAxNzQ3NzkyNDgxMzgy.c2j1sX-zrV7FWXXMLS7JTup15jlLzJwf8b02gaVHxVUg.bw67HppyXEA4V5rOrP7wNEwmFDg-uFF7eUoS6ntboNcg.JPEG/DSC06121.jpg?type=w966
2025-05-26 07:01:52,226 - INFO - 좋아요 수집 완료: 38
2025-05-26 07:01:52,237 - INFO - 댓글 수집 완료: 3
2025-05-26 07:01:52,241 - INFO - 레시피 데이터 저장 완료: 다이어트 간식 추천, 바삭 에어프라이어 감자칩 : 네이버 블로그
2025-05-26 07:01:52,241 - INFO - [5/231] 토픽 페이지 진입: https://in.naver.com/igmghouse/topic/824369304704608
2025-05-26 07:01:54,798 - INFO - 현재 URL: https://in.naver.com/igmghouse/topic/824369304704608
2025-05-26 07:01:54,799 - INFO - 블로그에서 더보기 버튼 찾는 중...
2025-05-26 07:01:54,818 - INFO - 블로그에서 더보기 버튼 발견
2025-05-26 07:01:54,818 - INFO - 블로그에서 더보기 버튼 클릭 시도...
2025-05-26 07:01:58,751 - INFO - 블로그 페이지로 이동 성공: https://blog.naver.com/igmghouse/223840306804?isInf=true&trackingCode=naver_etc
2025-05-26 07:02:03,785 - INFO - iframe 전환 성공
2025-05-26 07:02:14,024 - WARNING - 요소를 찾을 수 없음: css selector=h3.se-title-text, 오류: Message: 
Stacktrace:
	GetHandleVerifier [0x00007FF71F3BCF45+75717]
	GetHandleVerifier [0x00007FF71F3BCFA0+75808]
	(No symbol) [0x00007FF71F188F9A]
	(No symbol) [0x00007FF71F1DF4C6]
	(No symbol) [0x00007FF71F1DF77C]
	(No symbol) [0x00007FF71F232577]
	(No symbol) [0x00007FF71F2073BF]
	(No symbol) [0x00007FF71F22F39C]
	(No symbol) [0x00007FF71F207153]
	(No symbol) [0x00007FF71F1D0421]
	(No symbol) [0x00007FF71F1D11B3]
	GetHandleVerifier [0x00007FF71F6BD71D+3223453]
	GetHandleVerifier [0x00007FF71F6B7CC2+3200322]
	GetHandleVerifier [0x00007FF71F6D5AF3+3322739]
	GetHandleVerifier [0x00007FF71F3D6A1A+180890]
	GetHandleVerifier [0x00007FF71F3DE11F+211359]
	GetHandleVerifier [0x00007FF71F3C5294+109332]
	GetHandleVerifier [0x00007FF71F3C5442+109762]
	GetHandleVerifier [0x00007FF71F3ABA59+4825]
	BaseThreadInitThunk [0x00007FF821F3E8D7+23]
	RtlUserThreadStart [0x00007FF822F3C5DC+44]

2025-05-26 07:02:24,248 - WARNING - 요소를 찾을 수 없음: css selector=h2.se-title-text, 오류: Message: 
Stacktrace:
	GetHandleVerifier [0x00007FF71F3BCF45+75717]
	GetHandleVerifier [0x00007FF71F3BCFA0+75808]
	(No symbol) [0x00007FF71F188F9A]
	(No symbol) [0x00007FF71F1DF4C6]
	(No symbol) [0x00007FF71F1DF77C]
	(No symbol) [0x00007FF71F232577]
	(No symbol) [0x00007FF71F2073BF]
	(No symbol) [0x00007FF71F22F39C]
	(No symbol) [0x00007FF71F207153]
	(No symbol) [0x00007FF71F1D0421]
	(No symbol) [0x00007FF71F1D11B3]
	GetHandleVerifier [0x00007FF71F6BD71D+3223453]
	GetHandleVerifier [0x00007FF71F6B7CC2+3200322]
	GetHandleVerifier [0x00007FF71F6D5AF3+3322739]
	GetHandleVerifier [0x00007FF71F3D6A1A+180890]
	GetHandleVerifier [0x00007FF71F3DE11F+211359]
	GetHandleVerifier [0x00007FF71F3C5294+109332]
	GetHandleVerifier [0x00007FF71F3C5442+109762]
	GetHandleVerifier [0x00007FF71F3ABA59+4825]
	BaseThreadInitThunk [0x00007FF821F3E8D7+23]
	RtlUserThreadStart [0x00007FF822F3C5DC+44]

2025-05-26 07:02:34,512 - WARNING - 요소를 찾을 수 없음: css selector=strong.title_post, 오류: Message: 
Stacktrace:
	GetHandleVerifier [0x00007FF71F3BCF45+75717]
	GetHandleVerifier [0x00007FF71F3BCFA0+75808]
	(No symbol) [0x00007FF71F188F9A]
	(No symbol) [0x00007FF71F1DF4C6]
	(No symbol) [0x00007FF71F1DF77C]
	(No symbol) [0x00007FF71F232577]
	(No symbol) [0x00007FF71F2073BF]
	(No symbol) [0x00007FF71F22F39C]
	(No symbol) [0x00007FF71F207153]
	(No symbol) [0x00007FF71F1D0421]
	(No symbol) [0x00007FF71F1D11B3]
	GetHandleVerifier [0x00007FF71F6BD71D+3223453]
	GetHandleVerifier [0x00007FF71F6B7CC2+3200322]
	GetHandleVerifier [0x00007FF71F6D5AF3+3322739]
	GetHandleVerifier [0x00007FF71F3D6A1A+180890]
	GetHandleVerifier [0x00007FF71F3DE11F+211359]
	GetHandleVerifier [0x00007FF71F3C5294+109332]
	GetHandleVerifier [0x00007FF71F3C5442+109762]
	GetHandleVerifier [0x00007FF71F3ABA59+4825]
	BaseThreadInitThunk [0x00007FF821F3E8D7+23]
	RtlUserThreadStart [0x00007FF822F3C5DC+44]

2025-05-26 07:02:34,524 - INFO - 제목 수집 완료: 동대문 닭한마리 레시피 닭한마리 겨자소스 양념.. : 네이버블로그
2025-05-26 07:02:35,376 - INFO - 본문 내용 수집 완료 (길이: 2578)
2025-05-26 07:02:35,384 - INFO - 작성자 수집 완료: 뭉구
2025-05-26 07:02:35,392 - INFO - 썸네일 수집 완료: https://postfiles.pstatic.net/MjAyNTA0MjBfMjU3/MDAxNzQ1MTE2NTk1Mzkx.p_quNQFBflVbBlqWZtBWwkLGbr_WDrSuLoikCS1S4hkg.SaIlOQ0VtdYd2iroycl07kls3UO87AyLJw_ggKBkn7kg.JPEG/1745116586160.jpg?type=w966
2025-05-26 07:02:35,413 - INFO - 좋아요 수집 완료: 62
2025-05-26 07:02:35,420 - INFO - 댓글 수집 완료: 47
2025-05-26 07:02:35,423 - INFO - 레시피 데이터 저장 완료: 동대문 닭한마리 레시피 닭한마리 겨자소스 양념.. : 네이버블로그
2025-05-26 07:02:35,423 - INFO - [6/231] 토픽 페이지 진입: https://in.naver.com/selfloveyori/topic/823241363351168
2025-05-26 07:02:38,357 - INFO - 현재 URL: https://in.naver.com/selfloveyori/topic/823241363351168
2025-05-26 07:02:38,357 - INFO - 블로그에서 더보기 버튼 찾는 중...
2025-05-26 07:02:38,375 - INFO - 블로그에서 더보기 버튼 발견
2025-05-26 07:02:38,375 - INFO - 블로그에서 더보기 버튼 클릭 시도...
2025-05-26 07:02:42,288 - INFO - 블로그 페이지로 이동 성공: https://blog.naver.com/seungsunii/223607829447?isInf=true&trackingCode=naver_etc
2025-05-26 07:02:47,328 - INFO - iframe 전환 성공
2025-05-26 07:02:57,578 - WARNING - 요소를 찾을 수 없음: css selector=h3.se-title-text, 오류: Message: 
Stacktrace:
	GetHandleVerifier [0x00007FF71F3BCF45+75717]
	GetHandleVerifier [0x00007FF71F3BCFA0+75808]
	(No symbol) [0x00007FF71F188F9A]
	(No symbol) [0x00007FF71F1DF4C6]
	(No symbol) [0x00007FF71F1DF77C]
	(No symbol) [0x00007FF71F232577]
	(No symbol) [0x00007FF71F2073BF]
	(No symbol) [0x00007FF71F22F39C]
	(No symbol) [0x00007FF71F207153]
	(No symbol) [0x00007FF71F1D0421]
	(No symbol) [0x00007FF71F1D11B3]
	GetHandleVerifier [0x00007FF71F6BD71D+3223453]
	GetHandleVerifier [0x00007FF71F6B7CC2+3200322]
	GetHandleVerifier [0x00007FF71F6D5AF3+3322739]
	GetHandleVerifier [0x00007FF71F3D6A1A+180890]
	GetHandleVerifier [0x00007FF71F3DE11F+211359]
	GetHandleVerifier [0x00007FF71F3C5294+109332]
	GetHandleVerifier [0x00007FF71F3C5442+109762]
	GetHandleVerifier [0x00007FF71F3ABA59+4825]
	BaseThreadInitThunk [0x00007FF821F3E8D7+23]
	RtlUserThreadStart [0x00007FF822F3C5DC+44]

2025-05-26 07:03:07,819 - WARNING - 요소를 찾을 수 없음: css selector=h2.se-title-text, 오류: Message: 
Stacktrace:
	GetHandleVerifier [0x00007FF71F3BCF45+75717]
	GetHandleVerifier [0x00007FF71F3BCFA0+75808]
	(No symbol) [0x00007FF71F188F9A]
	(No symbol) [0x00007FF71F1DF4C6]
	(No symbol) [0x00007FF71F1DF77C]
	(No symbol) [0x00007FF71F232577]
	(No symbol) [0x00007FF71F2073BF]
	(No symbol) [0x00007FF71F22F39C]
	(No symbol) [0x00007FF71F207153]
	(No symbol) [0x00007FF71F1D0421]
	(No symbol) [0x00007FF71F1D11B3]
	GetHandleVerifier [0x00007FF71F6BD71D+3223453]
	GetHandleVerifier [0x00007FF71F6B7CC2+3200322]
	GetHandleVerifier [0x00007FF71F6D5AF3+3322739]
	GetHandleVerifier [0x00007FF71F3D6A1A+180890]
	GetHandleVerifier [0x00007FF71F3DE11F+211359]
	GetHandleVerifier [0x00007FF71F3C5294+109332]
	GetHandleVerifier [0x00007FF71F3C5442+109762]
	GetHandleVerifier [0x00007FF71F3ABA59+4825]
	BaseThreadInitThunk [0x00007FF821F3E8D7+23]
	RtlUserThreadStart [0x00007FF822F3C5DC+44]

2025-05-26 07:03:18,065 - WARNING - 요소를 찾을 수 없음: css selector=strong.title_post, 오류: Message: 
Stacktrace:
	GetHandleVerifier [0x00007FF71F3BCF45+75717]
	GetHandleVerifier [0x00007FF71F3BCFA0+75808]
	(No symbol) [0x00007FF71F188F9A]
	(No symbol) [0x00007FF71F1DF4C6]
	(No symbol) [0x00007FF71F1DF77C]
	(No symbol) [0x00007FF71F232577]
	(No symbol) [0x00007FF71F2073BF]
	(No symbol) [0x00007FF71F22F39C]
	(No symbol) [0x00007FF71F207153]
	(No symbol) [0x00007FF71F1D0421]
	(No symbol) [0x00007FF71F1D11B3]
	GetHandleVerifier [0x00007FF71F6BD71D+3223453]
	GetHandleVerifier [0x00007FF71F6B7CC2+3200322]
	GetHandleVerifier [0x00007FF71F6D5AF3+3322739]
	GetHandleVerifier [0x00007FF71F3D6A1A+180890]
	GetHandleVerifier [0x00007FF71F3DE11F+211359]
	GetHandleVerifier [0x00007FF71F3C5294+109332]
	GetHandleVerifier [0x00007FF71F3C5442+109762]
	GetHandleVerifier [0x00007FF71F3ABA59+4825]
	BaseThreadInitThunk [0x00007FF821F3E8D7+23]
	RtlUserThreadStart [0x00007FF822F3C5DC+44]

2025-05-26 07:03:18,068 - INFO - 제목 수집 완료: 500원 팽이버섯으로 고단백 덮밥 만들기 팽이.. : 네이버블로그
2025-05-26 07:03:18,632 - INFO - 본문 내용 수집 완료 (길이: 685)
2025-05-26 07:03:18,640 - INFO - 작성자 수집 완료: 샐럽요리
2025-05-26 07:03:18,649 - INFO - 썸네일 수집 완료: https://postfiles.pstatic.net/MjAyNDEwMDVfMTQ4/MDAxNzI4MTAxODQ4ODA2.gqLuBTEikbY5XDNqXpsYFLxoTVnaPJqe9S3jRKw_N7cg.wvIX8XYDZwnruHYiOtOH4a8g_7xzQTv9TU5gt47ETLQg.JPEG/SE-4a025398-b0e3-458f-898f-1fee24d0f38a.jpg?type=w580
2025-05-26 07:03:18,672 - INFO - 좋아요 수집 완료: 56
2025-05-26 07:03:18,681 - INFO - 댓글 수집 완료: 36
2025-05-26 07:03:18,692 - INFO - 레시피 데이터 저장 완료: 500원 팽이버섯으로 고단백 덮밥 만들기 팽이.. : 네이버블로그
2025-05-26 07:03:18,692 - INFO - [7/231] 토픽 페이지 진입: https://in.naver.com/ilovedldl/topic/824686876395168
2025-05-26 07:03:21,038 - INFO - 현재 URL: https://in.naver.com/ilovedldl/topic/824686876395168
2025-05-26 07:03:21,038 - INFO - 블로그에서 더보기 버튼 찾는 중...
2025-05-26 07:03:21,053 - INFO - 블로그에서 더보기 버튼 발견
2025-05-26 07:03:21,053 - INFO - 블로그에서 더보기 버튼 클릭 시도...
2025-05-26 07:03:24,490 - INFO - 블로그 페이지로 이동 성공: https://blog.naver.com/ilovedldl/223864638475?isInf=true&trackingCode=naver_etc
2025-05-26 07:03:29,528 - INFO - iframe 전환 성공
2025-05-26 07:03:39,776 - WARNING - 요소를 찾을 수 없음: css selector=h3.se-title-text, 오류: Message: 
Stacktrace:
	GetHandleVerifier [0x00007FF71F3BCF45+75717]
	GetHandleVerifier [0x00007FF71F3BCFA0+75808]
	(No symbol) [0x00007FF71F188F9A]
	(No symbol) [0x00007FF71F1DF4C6]
	(No symbol) [0x00007FF71F1DF77C]
	(No symbol) [0x00007FF71F232577]
	(No symbol) [0x00007FF71F2073BF]
	(No symbol) [0x00007FF71F22F39C]
	(No symbol) [0x00007FF71F207153]
	(No symbol) [0x00007FF71F1D0421]
	(No symbol) [0x00007FF71F1D11B3]
	GetHandleVerifier [0x00007FF71F6BD71D+3223453]
	GetHandleVerifier [0x00007FF71F6B7CC2+3200322]
	GetHandleVerifier [0x00007FF71F6D5AF3+3322739]
	GetHandleVerifier [0x00007FF71F3D6A1A+180890]
	GetHandleVerifier [0x00007FF71F3DE11F+211359]
	GetHandleVerifier [0x00007FF71F3C5294+109332]
	GetHandleVerifier [0x00007FF71F3C5442+109762]
	GetHandleVerifier [0x00007FF71F3ABA59+4825]
	BaseThreadInitThunk [0x00007FF821F3E8D7+23]
	RtlUserThreadStart [0x00007FF822F3C5DC+44]

2025-05-26 07:03:49,995 - WARNING - 요소를 찾을 수 없음: css selector=h2.se-title-text, 오류: Message: 
Stacktrace:
	GetHandleVerifier [0x00007FF71F3BCF45+75717]
	GetHandleVerifier [0x00007FF71F3BCFA0+75808]
	(No symbol) [0x00007FF71F188F9A]
	(No symbol) [0x00007FF71F1DF4C6]
	(No symbol) [0x00007FF71F1DF77C]
	(No symbol) [0x00007FF71F232577]
	(No symbol) [0x00007FF71F2073BF]
	(No symbol) [0x00007FF71F22F39C]
	(No symbol) [0x00007FF71F207153]
	(No symbol) [0x00007FF71F1D0421]
	(No symbol) [0x00007FF71F1D11B3]
	GetHandleVerifier [0x00007FF71F6BD71D+3223453]
	GetHandleVerifier [0x00007FF71F6B7CC2+3200322]
	GetHandleVerifier [0x00007FF71F6D5AF3+3322739]
	GetHandleVerifier [0x00007FF71F3D6A1A+180890]
	GetHandleVerifier [0x00007FF71F3DE11F+211359]
	GetHandleVerifier [0x00007FF71F3C5294+109332]
	GetHandleVerifier [0x00007FF71F3C5442+109762]
	GetHandleVerifier [0x00007FF71F3ABA59+4825]
	BaseThreadInitThunk [0x00007FF821F3E8D7+23]
	RtlUserThreadStart [0x00007FF822F3C5DC+44]

2025-05-26 07:04:00,243 - WARNING - 요소를 찾을 수 없음: css selector=strong.title_post, 오류: Message: 
Stacktrace:
	GetHandleVerifier [0x00007FF71F3BCF45+75717]
	GetHandleVerifier [0x00007FF71F3BCFA0+75808]
	(No symbol) [0x00007FF71F188F9A]
	(No symbol) [0x00007FF71F1DF4C6]
	(No symbol) [0x00007FF71F1DF77C]
	(No symbol) [0x00007FF71F232577]
	(No symbol) [0x00007FF71F2073BF]
	(No symbol) [0x00007FF71F22F39C]
	(No symbol) [0x00007FF71F207153]
	(No symbol) [0x00007FF71F1D0421]
	(No symbol) [0x00007FF71F1D11B3]
	GetHandleVerifier [0x00007FF71F6BD71D+3223453]
	GetHandleVerifier [0x00007FF71F6B7CC2+3200322]
	GetHandleVerifier [0x00007FF71F6D5AF3+3322739]
	GetHandleVerifier [0x00007FF71F3D6A1A+180890]
	GetHandleVerifier [0x00007FF71F3DE11F+211359]
	GetHandleVerifier [0x00007FF71F3C5294+109332]
	GetHandleVerifier [0x00007FF71F3C5442+109762]
	GetHandleVerifier [0x00007FF71F3ABA59+4825]
	BaseThreadInitThunk [0x00007FF821F3E8D7+23]
	RtlUserThreadStart [0x00007FF822F3C5DC+44]

2025-05-26 07:04:00,255 - INFO - 제목 수집 완료: 번데기볶음 양념 냉동 번데기 요리 번데기조림 .. : 네이버블로그
2025-05-26 07:04:00,767 - INFO - 본문 내용 수집 완료 (길이: 1187)
2025-05-26 07:04:00,781 - INFO - 작성자 수집 완료: 수마미모드
2025-05-26 07:04:00,801 - INFO - 썸네일 수집 완료: https://postfiles.pstatic.net/MjAyNTA1MTNfMTIw/MDAxNzQ3MTM4NjA5MTk0.3xNvJiQpepaUqKWLBiHxjQe2eq8NF4O4uZiCnO73FNUg.8CHDipxHBfeu2PkGqOOtGe03ShxpP9RXXdLQYRwhgx8g.JPEG/DSC04367.JPG?type=w966
2025-05-26 07:04:00,840 - INFO - 좋아요 수집 완료: 420
2025-05-26 07:04:03,904 - WARNING - 요소를 찾을 수 없음: id=commentCount, 오류: Message: 
Stacktrace:
	GetHandleVerifier [0x00007FF71F3BCF45+75717]
	GetHandleVerifier [0x00007FF71F3BCFA0+75808]
	(No symbol) [0x00007FF71F188F9A]
	(No symbol) [0x00007FF71F1DF4C6]
	(No symbol) [0x00007FF71F1DF77C]
	(No symbol) [0x00007FF71F232577]
	(No symbol) [0x00007FF71F2073BF]
	(No symbol) [0x00007FF71F22F39C]
	(No symbol) [0x00007FF71F207153]
	(No symbol) [0x00007FF71F1D0421]
	(No symbol) [0x00007FF71F1D11B3]
	GetHandleVerifier [0x00007FF71F6BD71D+3223453]
	GetHandleVerifier [0x00007FF71F6B7CC2+3200322]
	GetHandleVerifier [0x00007FF71F6D5AF3+3322739]
	GetHandleVerifier [0x00007FF71F3D6A1A+180890]
	GetHandleVerifier [0x00007FF71F3DE11F+211359]
	GetHandleVerifier [0x00007FF71F3C5294+109332]
	GetHandleVerifier [0x00007FF71F3C5442+109762]
	GetHandleVerifier [0x00007FF71F3ABA59+4825]
	BaseThreadInitThunk [0x00007FF821F3E8D7+23]
	RtlUserThreadStart [0x00007FF822F3C5DC+44]

2025-05-26 07:04:03,904 - INFO - 댓글 수집 완료: 0
2025-05-26 07:04:03,915 - INFO - 레시피 데이터 저장 완료: 번데기볶음 양념 냉동 번데기 요리 번데기조림 .. : 네이버블로그
2025-05-26 07:04:03,915 - INFO - [8/231] 토픽 페이지 진입: https://in.naver.com/rachelpark11_/topic/823252224497312
2025-05-26 07:04:07,097 - INFO - 현재 URL: https://in.naver.com/rachelpark11_/topic/823252224497312
2025-05-26 07:04:07,097 - INFO - 블로그에서 더보기 버튼 찾는 중...
2025-05-26 07:04:07,112 - INFO - 블로그에서 더보기 버튼 발견
2025-05-26 07:04:07,112 - INFO - 블로그에서 더보기 버튼 클릭 시도...
2025-05-26 07:04:10,432 - INFO - 블로그 페이지로 이동 성공: https://blog.naver.com/rachelpark11_/223724027723?isInf=true&trackingCode=naver_etc
2025-05-26 07:04:15,458 - INFO - iframe 전환 성공
2025-05-26 07:04:25,675 - WARNING - 요소를 찾을 수 없음: css selector=h3.se-title-text, 오류: Message: 
Stacktrace:
	GetHandleVerifier [0x00007FF71F3BCF45+75717]
	GetHandleVerifier [0x00007FF71F3BCFA0+75808]
	(No symbol) [0x00007FF71F188F9A]
	(No symbol) [0x00007FF71F1DF4C6]
	(No symbol) [0x00007FF71F1DF77C]
	(No symbol) [0x00007FF71F232577]
	(No symbol) [0x00007FF71F2073BF]
	(No symbol) [0x00007FF71F22F39C]
	(No symbol) [0x00007FF71F207153]
	(No symbol) [0x00007FF71F1D0421]
	(No symbol) [0x00007FF71F1D11B3]
	GetHandleVerifier [0x00007FF71F6BD71D+3223453]
	GetHandleVerifier [0x00007FF71F6B7CC2+3200322]
	GetHandleVerifier [0x00007FF71F6D5AF3+3322739]
	GetHandleVerifier [0x00007FF71F3D6A1A+180890]
	GetHandleVerifier [0x00007FF71F3DE11F+211359]
	GetHandleVerifier [0x00007FF71F3C5294+109332]
	GetHandleVerifier [0x00007FF71F3C5442+109762]
	GetHandleVerifier [0x00007FF71F3ABA59+4825]
	BaseThreadInitThunk [0x00007FF821F3E8D7+23]
	RtlUserThreadStart [0x00007FF822F3C5DC+44]

2025-05-26 07:04:35,910 - WARNING - 요소를 찾을 수 없음: css selector=h2.se-title-text, 오류: Message: 
Stacktrace:
	GetHandleVerifier [0x00007FF71F3BCF45+75717]
	GetHandleVerifier [0x00007FF71F3BCFA0+75808]
	(No symbol) [0x00007FF71F188F9A]
	(No symbol) [0x00007FF71F1DF4C6]
	(No symbol) [0x00007FF71F1DF77C]
	(No symbol) [0x00007FF71F232577]
	(No symbol) [0x00007FF71F2073BF]
	(No symbol) [0x00007FF71F22F39C]
	(No symbol) [0x00007FF71F207153]
	(No symbol) [0x00007FF71F1D0421]
	(No symbol) [0x00007FF71F1D11B3]
	GetHandleVerifier [0x00007FF71F6BD71D+3223453]
	GetHandleVerifier [0x00007FF71F6B7CC2+3200322]
	GetHandleVerifier [0x00007FF71F6D5AF3+3322739]
	GetHandleVerifier [0x00007FF71F3D6A1A+180890]
	GetHandleVerifier [0x00007FF71F3DE11F+211359]
	GetHandleVerifier [0x00007FF71F3C5294+109332]
	GetHandleVerifier [0x00007FF71F3C5442+109762]
	GetHandleVerifier [0x00007FF71F3ABA59+4825]
	BaseThreadInitThunk [0x00007FF821F3E8D7+23]
	RtlUserThreadStart [0x00007FF822F3C5DC+44]

2025-05-26 07:04:46,122 - WARNING - 요소를 찾을 수 없음: css selector=strong.title_post, 오류: Message: 
Stacktrace:
	GetHandleVerifier [0x00007FF71F3BCF45+75717]
	GetHandleVerifier [0x00007FF71F3BCFA0+75808]
	(No symbol) [0x00007FF71F188F9A]
	(No symbol) [0x00007FF71F1DF4C6]
	(No symbol) [0x00007FF71F1DF77C]
	(No symbol) [0x00007FF71F232577]
	(No symbol) [0x00007FF71F2073BF]
	(No symbol) [0x00007FF71F22F39C]
	(No symbol) [0x00007FF71F207153]
	(No symbol) [0x00007FF71F1D0421]
	(No symbol) [0x00007FF71F1D11B3]
	GetHandleVerifier [0x00007FF71F6BD71D+3223453]
	GetHandleVerifier [0x00007FF71F6B7CC2+3200322]
	GetHandleVerifier [0x00007FF71F6D5AF3+3322739]
	GetHandleVerifier [0x00007FF71F3D6A1A+180890]
	GetHandleVerifier [0x00007FF71F3DE11F+211359]
	GetHandleVerifier [0x00007FF71F3C5294+109332]
	GetHandleVerifier [0x00007FF71F3C5442+109762]
	GetHandleVerifier [0x00007FF71F3ABA59+4825]
	BaseThreadInitThunk [0x00007FF821F3E8D7+23]
	RtlUserThreadStart [0x00007FF822F3C5DC+44]

2025-05-26 07:04:46,134 - INFO - 제목 수집 완료: 따뜻한 국물요리 추천 물만두로 만든 완탕 물만.. : 네이버블로그
2025-05-26 07:04:46,939 - INFO - 본문 내용 수집 완료 (길이: 1668)
2025-05-26 07:04:46,947 - INFO - 작성자 수집 완료: 쿠짱
2025-05-26 07:04:46,955 - INFO - 썸네일 수집 완료: https://postfiles.pstatic.net/MjAyNTAxMDhfOCAg/MDAxNzM2MzI1MTUyNDIw.otev-aUk8MX3T_s1_aJPQd1Ll2zwFKOXUxfbMlAYjqIg.HnsXUwpaW5gBJJJe1vvwTByYrXxZ6OYfPMoGjttwhgcg.JPEG/IMG_0435.jpg?type=w80_blur
2025-05-26 07:04:46,977 - INFO - 좋아요 수집 완료: 74
2025-05-26 07:04:46,984 - INFO - 댓글 수집 완료: 32
2025-05-26 07:04:46,997 - INFO - 레시피 데이터 저장 완료: 따뜻한 국물요리 추천 물만두로 만든 완탕 물만.. : 네이버블로그
2025-05-26 07:04:46,997 - INFO - [9/231] 토픽 페이지 진입: https://in.naver.com/selfloveyori/topic/820856722130560
2025-05-26 07:04:49,374 - INFO - 현재 URL: https://in.naver.com/selfloveyori/topic/820856722130560
2025-05-26 07:04:49,374 - INFO - 블로그에서 더보기 버튼 찾는 중...
2025-05-26 07:04:49,385 - INFO - 블로그에서 더보기 버튼 발견
2025-05-26 07:04:49,385 - INFO - 블로그에서 더보기 버튼 클릭 시도...
2025-05-26 07:04:52,831 - INFO - 블로그 페이지로 이동 성공: https://blog.naver.com/seungsunii/223847739444?isInf=true&trackingCode=naver_etc
2025-05-26 07:04:57,861 - INFO - iframe 전환 성공
2025-05-26 07:05:08,114 - WARNING - 요소를 찾을 수 없음: css selector=h3.se-title-text, 오류: Message: 
Stacktrace:
	GetHandleVerifier [0x00007FF71F3BCF45+75717]
	GetHandleVerifier [0x00007FF71F3BCFA0+75808]
	(No symbol) [0x00007FF71F188F9A]
	(No symbol) [0x00007FF71F1DF4C6]
	(No symbol) [0x00007FF71F1DF77C]
	(No symbol) [0x00007FF71F232577]
	(No symbol) [0x00007FF71F2073BF]
	(No symbol) [0x00007FF71F22F39C]
	(No symbol) [0x00007FF71F207153]
	(No symbol) [0x00007FF71F1D0421]
	(No symbol) [0x00007FF71F1D11B3]
	GetHandleVerifier [0x00007FF71F6BD71D+3223453]
	GetHandleVerifier [0x00007FF71F6B7CC2+3200322]
	GetHandleVerifier [0x00007FF71F6D5AF3+3322739]
	GetHandleVerifier [0x00007FF71F3D6A1A+180890]
	GetHandleVerifier [0x00007FF71F3DE11F+211359]
	GetHandleVerifier [0x00007FF71F3C5294+109332]
	GetHandleVerifier [0x00007FF71F3C5442+109762]
	GetHandleVerifier [0x00007FF71F3ABA59+4825]
	BaseThreadInitThunk [0x00007FF821F3E8D7+23]
	RtlUserThreadStart [0x00007FF822F3C5DC+44]

2025-05-26 07:05:18,345 - WARNING - 요소를 찾을 수 없음: css selector=h2.se-title-text, 오류: Message: 
Stacktrace:
	GetHandleVerifier [0x00007FF71F3BCF45+75717]
	GetHandleVerifier [0x00007FF71F3BCFA0+75808]
	(No symbol) [0x00007FF71F188F9A]
	(No symbol) [0x00007FF71F1DF4C6]
	(No symbol) [0x00007FF71F1DF77C]
	(No symbol) [0x00007FF71F232577]
	(No symbol) [0x00007FF71F2073BF]
	(No symbol) [0x00007FF71F22F39C]
	(No symbol) [0x00007FF71F207153]
	(No symbol) [0x00007FF71F1D0421]
	(No symbol) [0x00007FF71F1D11B3]
	GetHandleVerifier [0x00007FF71F6BD71D+3223453]
	GetHandleVerifier [0x00007FF71F6B7CC2+3200322]
	GetHandleVerifier [0x00007FF71F6D5AF3+3322739]
	GetHandleVerifier [0x00007FF71F3D6A1A+180890]
	GetHandleVerifier [0x00007FF71F3DE11F+211359]
	GetHandleVerifier [0x00007FF71F3C5294+109332]
	GetHandleVerifier [0x00007FF71F3C5442+109762]
	GetHandleVerifier [0x00007FF71F3ABA59+4825]
	BaseThreadInitThunk [0x00007FF821F3E8D7+23]
	RtlUserThreadStart [0x00007FF822F3C5DC+44]

2025-05-26 07:05:28,610 - WARNING - 요소를 찾을 수 없음: css selector=strong.title_post, 오류: Message: 
Stacktrace:
	GetHandleVerifier [0x00007FF71F3BCF45+75717]
	GetHandleVerifier [0x00007FF71F3BCFA0+75808]
	(No symbol) [0x00007FF71F188F9A]
	(No symbol) [0x00007FF71F1DF4C6]
	(No symbol) [0x00007FF71F1DF77C]
	(No symbol) [0x00007FF71F232577]
	(No symbol) [0x00007FF71F2073BF]
	(No symbol) [0x00007FF71F22F39C]
	(No symbol) [0x00007FF71F207153]
	(No symbol) [0x00007FF71F1D0421]
	(No symbol) [0x00007FF71F1D11B3]
	GetHandleVerifier [0x00007FF71F6BD71D+3223453]
	GetHandleVerifier [0x00007FF71F6B7CC2+3200322]
	GetHandleVerifier [0x00007FF71F6D5AF3+3322739]
	GetHandleVerifier [0x00007FF71F3D6A1A+180890]
	GetHandleVerifier [0x00007FF71F3DE11F+211359]
	GetHandleVerifier [0x00007FF71F3C5294+109332]
	GetHandleVerifier [0x00007FF71F3C5442+109762]
	GetHandleVerifier [0x00007FF71F3ABA59+4825]
	BaseThreadInitThunk [0x00007FF821F3E8D7+23]
	RtlUserThreadStart [0x00007FF822F3C5DC+44]

2025-05-26 07:05:28,623 - INFO - 제목 수집 완료: 7일 동안 -3kg 감량해요! 초간단 양배추 .. : 네이버블로그
2025-05-26 07:05:29,237 - INFO - 본문 내용 수집 완료 (길이: 784)
2025-05-26 07:05:29,244 - INFO - 작성자 수집 완료: 샐럽요리
2025-05-26 07:05:29,252 - INFO - 썸네일 수집 완료: https://postfiles.pstatic.net/MjAyNTA0MjdfMjk1/MDAxNzQ1NzI5MzkzMDg4.Keimr84QjsimxlGltbaNMqvQGt6cCjQPtzeKTO-sGwog.z8mgCEWtDR5zAo0RIJAYzMWFntN6xhMHszr_ilSkubYg.JPEG/SE-c0492edf-76d7-4696-a132-f7e30e29e758.jpg?type=w580
2025-05-26 07:05:29,274 - INFO - 좋아요 수집 완료: 65
2025-05-26 07:05:29,283 - INFO - 댓글 수집 완료: 39
2025-05-26 07:05:29,294 - INFO - 레시피 데이터 저장 완료: 7일 동안 -3kg 감량해요! 초간단 양배추 .. : 네이버블로그
2025-05-26 07:05:29,294 - INFO - [10/231] 토픽 페이지 진입: https://in.naver.com/kimscook/topic/823717434902112
2025-05-26 07:05:31,894 - INFO - 현재 URL: https://in.naver.com/kimscook/topic/823717434902112
2025-05-26 07:05:31,895 - INFO - 블로그에서 더보기 버튼 찾는 중...
2025-05-26 07:05:31,910 - INFO - 블로그에서 더보기 버튼 발견
2025-05-26 07:05:31,910 - INFO - 블로그에서 더보기 버튼 클릭 시도...
2025-05-26 07:05:35,066 - INFO - 블로그 페이지로 이동 성공: https://blog.naver.com/starship89/223863406405?isInf=true&trackingCode=naver_etc
2025-05-26 07:05:40,087 - INFO - iframe 전환 성공
2025-05-26 07:05:50,241 - WARNING - 요소를 찾을 수 없음: css selector=h3.se-title-text, 오류: Message: 
Stacktrace:
	GetHandleVerifier [0x00007FF71F3BCF45+75717]
	GetHandleVerifier [0x00007FF71F3BCFA0+75808]
	(No symbol) [0x00007FF71F188F9A]
	(No symbol) [0x00007FF71F1DF4C6]
	(No symbol) [0x00007FF71F1DF77C]
	(No symbol) [0x00007FF71F232577]
	(No symbol) [0x00007FF71F2073BF]
	(No symbol) [0x00007FF71F22F39C]
	(No symbol) [0x00007FF71F207153]
	(No symbol) [0x00007FF71F1D0421]
	(No symbol) [0x00007FF71F1D11B3]
	GetHandleVerifier [0x00007FF71F6BD71D+3223453]
	GetHandleVerifier [0x00007FF71F6B7CC2+3200322]
	GetHandleVerifier [0x00007FF71F6D5AF3+3322739]
	GetHandleVerifier [0x00007FF71F3D6A1A+180890]
	GetHandleVerifier [0x00007FF71F3DE11F+211359]
	GetHandleVerifier [0x00007FF71F3C5294+109332]
	GetHandleVerifier [0x00007FF71F3C5442+109762]
	GetHandleVerifier [0x00007FF71F3ABA59+4825]
	BaseThreadInitThunk [0x00007FF821F3E8D7+23]
	RtlUserThreadStart [0x00007FF822F3C5DC+44]

2025-05-26 07:06:00,392 - WARNING - 요소를 찾을 수 없음: css selector=h2.se-title-text, 오류: Message: 
Stacktrace:
	GetHandleVerifier [0x00007FF71F3BCF45+75717]
	GetHandleVerifier [0x00007FF71F3BCFA0+75808]
	(No symbol) [0x00007FF71F188F9A]
	(No symbol) [0x00007FF71F1DF4C6]
	(No symbol) [0x00007FF71F1DF77C]
	(No symbol) [0x00007FF71F232577]
	(No symbol) [0x00007FF71F2073BF]
	(No symbol) [0x00007FF71F22F39C]
	(No symbol) [0x00007FF71F207153]
	(No symbol) [0x00007FF71F1D0421]
	(No symbol) [0x00007FF71F1D11B3]
	GetHandleVerifier [0x00007FF71F6BD71D+3223453]
	GetHandleVerifier [0x00007FF71F6B7CC2+3200322]
	GetHandleVerifier [0x00007FF71F6D5AF3+3322739]
	GetHandleVerifier [0x00007FF71F3D6A1A+180890]
	GetHandleVerifier [0x00007FF71F3DE11F+211359]
	GetHandleVerifier [0x00007FF71F3C5294+109332]
	GetHandleVerifier [0x00007FF71F3C5442+109762]
	GetHandleVerifier [0x00007FF71F3ABA59+4825]
	BaseThreadInitThunk [0x00007FF821F3E8D7+23]
	RtlUserThreadStart [0x00007FF822F3C5DC+44]

2025-05-26 07:06:10,563 - WARNING - 요소를 찾을 수 없음: css selector=strong.title_post, 오류: Message: 
Stacktrace:
	GetHandleVerifier [0x00007FF71F3BCF45+75717]
	GetHandleVerifier [0x00007FF71F3BCFA0+75808]
	(No symbol) [0x00007FF71F188F9A]
	(No symbol) [0x00007FF71F1DF4C6]
	(No symbol) [0x00007FF71F1DF77C]
	(No symbol) [0x00007FF71F232577]
	(No symbol) [0x00007FF71F2073BF]
	(No symbol) [0x00007FF71F22F39C]
	(No symbol) [0x00007FF71F207153]
	(No symbol) [0x00007FF71F1D0421]
	(No symbol) [0x00007FF71F1D11B3]
	GetHandleVerifier [0x00007FF71F6BD71D+3223453]
	GetHandleVerifier [0x00007FF71F6B7CC2+3200322]
	GetHandleVerifier [0x00007FF71F6D5AF3+3322739]
	GetHandleVerifier [0x00007FF71F3D6A1A+180890]
	GetHandleVerifier [0x00007FF71F3DE11F+211359]
	GetHandleVerifier [0x00007FF71F3C5294+109332]
	GetHandleVerifier [0x00007FF71F3C5442+109762]
	GetHandleVerifier [0x00007FF71F3ABA59+4825]
	BaseThreadInitThunk [0x00007FF821F3E8D7+23]
	RtlUserThreadStart [0x00007FF822F3C5DC+44]

2025-05-26 07:06:10,575 - INFO - 제목 수집 완료: 부대찌개 황금레시피 초간단 부대찌개 양념장 만.. : 네이버블로그
2025-05-26 07:06:11,810 - INFO - 본문 내용 수집 완료 (길이: 1354)
2025-05-26 07:06:11,824 - INFO - 작성자 수집 완료: 부부공감
2025-05-26 07:06:11,836 - INFO - 썸네일 수집 완료: https://postfiles.pstatic.net/MjAyNTA1MTJfMjY0/MDAxNzQ3MDQ5MTE2ODgx.ndpUCIoB3gIqsXH_dMyxrLb8D5bsmn2Cjs_NpS_0MXMg.sGcMNGaC6bDImFQiyHqVy2uVFG_vIocKskT9AILmXcEg.JPEG/SE-3977f8d3-2e15-11f0-aadd-47876ac8d5c2.jpg?type=w966
2025-05-26 07:06:11,870 - INFO - 좋아요 수집 완료: 49
2025-05-26 07:06:11,882 - INFO - 댓글 수집 완료: 20
2025-05-26 07:06:11,884 - INFO - 레시피 데이터 저장 완료: 부대찌개 황금레시피 초간단 부대찌개 양념장 만.. : 네이버블로그
2025-05-26 07:06:11,884 - INFO - [11/231] 토픽 페이지 진입: https://in.naver.com/kies84/topic/823514706884224
2025-05-26 07:06:14,981 - INFO - 현재 URL: https://in.naver.com/kies84/topic/823514706884224
2025-05-26 07:06:14,982 - INFO - 블로그에서 더보기 버튼 찾는 중...
2025-05-26 07:06:15,001 - INFO - 블로그에서 더보기 버튼 발견
2025-05-26 07:06:15,001 - INFO - 블로그에서 더보기 버튼 클릭 시도...
2025-05-26 07:06:18,094 - INFO - 블로그 페이지로 이동 성공: https://blog.naver.com/kies84/223863376928?isInf=true&trackingCode=naver_etc
2025-05-26 07:06:23,126 - INFO - iframe 전환 성공
2025-05-26 07:06:33,313 - WARNING - 요소를 찾을 수 없음: css selector=h3.se-title-text, 오류: Message: 
Stacktrace:
	GetHandleVerifier [0x00007FF71F3BCF45+75717]
	GetHandleVerifier [0x00007FF71F3BCFA0+75808]
	(No symbol) [0x00007FF71F188F9A]
	(No symbol) [0x00007FF71F1DF4C6]
	(No symbol) [0x00007FF71F1DF77C]
	(No symbol) [0x00007FF71F232577]
	(No symbol) [0x00007FF71F2073BF]
	(No symbol) [0x00007FF71F22F39C]
	(No symbol) [0x00007FF71F207153]
	(No symbol) [0x00007FF71F1D0421]
	(No symbol) [0x00007FF71F1D11B3]
	GetHandleVerifier [0x00007FF71F6BD71D+3223453]
	GetHandleVerifier [0x00007FF71F6B7CC2+3200322]
	GetHandleVerifier [0x00007FF71F6D5AF3+3322739]
	GetHandleVerifier [0x00007FF71F3D6A1A+180890]
	GetHandleVerifier [0x00007FF71F3DE11F+211359]
	GetHandleVerifier [0x00007FF71F3C5294+109332]
	GetHandleVerifier [0x00007FF71F3C5442+109762]
	GetHandleVerifier [0x00007FF71F3ABA59+4825]
	BaseThreadInitThunk [0x00007FF821F3E8D7+23]
	RtlUserThreadStart [0x00007FF822F3C5DC+44]

2025-05-26 07:06:43,481 - WARNING - 요소를 찾을 수 없음: css selector=h2.se-title-text, 오류: Message: 
Stacktrace:
	GetHandleVerifier [0x00007FF71F3BCF45+75717]
	GetHandleVerifier [0x00007FF71F3BCFA0+75808]
	(No symbol) [0x00007FF71F188F9A]
	(No symbol) [0x00007FF71F1DF4C6]
	(No symbol) [0x00007FF71F1DF77C]
	(No symbol) [0x00007FF71F232577]
	(No symbol) [0x00007FF71F2073BF]
	(No symbol) [0x00007FF71F22F39C]
	(No symbol) [0x00007FF71F207153]
	(No symbol) [0x00007FF71F1D0421]
	(No symbol) [0x00007FF71F1D11B3]
	GetHandleVerifier [0x00007FF71F6BD71D+3223453]
	GetHandleVerifier [0x00007FF71F6B7CC2+3200322]
	GetHandleVerifier [0x00007FF71F6D5AF3+3322739]
	GetHandleVerifier [0x00007FF71F3D6A1A+180890]
	GetHandleVerifier [0x00007FF71F3DE11F+211359]
	GetHandleVerifier [0x00007FF71F3C5294+109332]
	GetHandleVerifier [0x00007FF71F3C5442+109762]
	GetHandleVerifier [0x00007FF71F3ABA59+4825]
	BaseThreadInitThunk [0x00007FF821F3E8D7+23]
	RtlUserThreadStart [0x00007FF822F3C5DC+44]

2025-05-26 07:06:53,712 - WARNING - 요소를 찾을 수 없음: css selector=strong.title_post, 오류: Message: 
Stacktrace:
	GetHandleVerifier [0x00007FF71F3BCF45+75717]
	GetHandleVerifier [0x00007FF71F3BCFA0+75808]
	(No symbol) [0x00007FF71F188F9A]
	(No symbol) [0x00007FF71F1DF4C6]
	(No symbol) [0x00007FF71F1DF77C]
	(No symbol) [0x00007FF71F232577]
	(No symbol) [0x00007FF71F2073BF]
	(No symbol) [0x00007FF71F22F39C]
	(No symbol) [0x00007FF71F207153]
	(No symbol) [0x00007FF71F1D0421]
	(No symbol) [0x00007FF71F1D11B3]
	GetHandleVerifier [0x00007FF71F6BD71D+3223453]
	GetHandleVerifier [0x00007FF71F6B7CC2+3200322]
	GetHandleVerifier [0x00007FF71F6D5AF3+3322739]
	GetHandleVerifier [0x00007FF71F3D6A1A+180890]
	GetHandleVerifier [0x00007FF71F3DE11F+211359]
	GetHandleVerifier [0x00007FF71F3C5294+109332]
	GetHandleVerifier [0x00007FF71F3C5442+109762]
	GetHandleVerifier [0x00007FF71F3ABA59+4825]
	BaseThreadInitThunk [0x00007FF821F3E8D7+23]
	RtlUserThreadStart [0x00007FF822F3C5DC+44]

2025-05-26 07:06:53,718 - INFO - 제목 수집 완료: 속 편하고 노화도 늦춰주는 김밥, 이 조합 아.. : 네이버블로그
2025-05-26 07:06:54,330 - INFO - 본문 내용 수집 완료 (길이: 1731)
2025-05-26 07:06:54,338 - INFO - 작성자 수집 완료: 초대리
2025-05-26 07:06:54,346 - INFO - 썸네일 수집 완료: https://postfiles.pstatic.net/MjAyNTA1MTFfMjk5/MDAxNzQ2OTQxNzA0NzQ4.__OYIszdKYZ9u80OjLu5GpUkANa_dYtx2vJ5tNB0VNsg.2fF27uolh42sTgg0TKsjoDhbTRHcMqAZAglR-5Q-uAcg.JPEG/IMG_7567.JPG?type=w966
2025-05-26 07:06:54,372 - INFO - 좋아요 수집 완료: 32
2025-05-26 07:06:54,380 - INFO - 댓글 수집 완료: 3
2025-05-26 07:06:54,391 - INFO - 레시피 데이터 저장 완료: 속 편하고 노화도 늦춰주는 김밥, 이 조합 아.. : 네이버블로그
2025-05-26 07:06:54,391 - INFO - [12/231] 토픽 페이지 진입: https://in.naver.com/woncook/topic/824760171009696
2025-05-26 07:06:57,413 - INFO - 현재 URL: https://in.naver.com/woncook/topic/824760171009696
2025-05-26 07:06:57,414 - INFO - 블로그에서 더보기 버튼 찾는 중...
2025-05-26 07:06:57,433 - INFO - 블로그에서 더보기 버튼 발견
2025-05-26 07:06:57,433 - INFO - 블로그에서 더보기 버튼 클릭 시도...
2025-05-26 07:08:26,644 - INFO - 크롤러 초기화 시작
2025-05-26 07:08:27,937 - INFO - package: mysql.connector.plugins
2025-05-26 07:08:27,937 - INFO - plugin_name: caching_sha2_password
2025-05-26 07:08:27,937 - INFO - AUTHENTICATION_PLUGIN_CLASS: MySQLCachingSHA2PasswordAuthPlugin
2025-05-26 07:08:27,938 - INFO - package: mysql.connector.plugins
2025-05-26 07:08:27,938 - INFO - plugin_name: mysql_native_password
2025-05-26 07:08:27,939 - INFO - AUTHENTICATION_PLUGIN_CLASS: MySQLNativePasswordAuthPlugin
2025-05-26 07:08:27,940 - INFO - 크롤러 초기화 완료
2025-05-26 07:08:27,940 - INFO - 크롤러 시작: https://in.naver.com/discover/135968760155968
2025-05-26 07:08:33,700 - INFO - 토픽 카드 로드 시작...
2025-05-26 07:08:34,747 - INFO - 더보기 버튼 클릭 1/20
2025-05-26 07:08:37,795 - INFO - 더보기 버튼 클릭 2/20
2025-05-26 07:08:40,854 - INFO - 더보기 버튼 클릭 3/20
2025-05-26 07:08:43,882 - INFO - 더보기 버튼 클릭 4/20
2025-05-26 07:08:46,978 - INFO - 더보기 버튼 클릭 5/20
2025-05-26 07:08:50,016 - INFO - 더보기 버튼 클릭 6/20
2025-05-26 07:08:53,061 - INFO - 더보기 버튼 클릭 7/20
2025-05-26 07:08:56,097 - INFO - 더보기 버튼 클릭 8/20
2025-05-26 07:08:59,138 - INFO - 더보기 버튼 클릭 9/20
2025-05-26 07:09:02,187 - INFO - 더보기 버튼 클릭 10/20
2025-05-26 07:09:05,241 - INFO - 더보기 버튼 클릭 11/20
2025-05-26 07:09:08,278 - INFO - 더보기 버튼 클릭 12/20
2025-05-26 07:09:11,341 - INFO - 더보기 버튼 클릭 13/20
2025-05-26 07:09:14,374 - INFO - 더보기 버튼 클릭 14/20
2025-05-26 07:09:17,453 - INFO - 더보기 버튼 클릭 15/20
2025-05-26 07:09:20,508 - INFO - 더보기 버튼 클릭 16/20
2025-05-26 07:09:23,560 - INFO - 더보기 버튼 클릭 17/20
2025-05-26 07:09:26,607 - INFO - 더보기 버튼 클릭 18/20
2025-05-26 07:09:29,673 - INFO - 더보기 버튼 클릭 19/20
2025-05-26 07:09:36,782 - INFO - 더보기 버튼을 찾을 수 없습니다. 모든 카드가 로드되었거나 페이지 구조가 변경되었습니다.
2025-05-26 07:09:36,797 - INFO - 총 0개의 토픽 카드 링크 발견
2025-05-26 07:09:36,797 - INFO - 스크롤 완료 후 발견된 토픽 링크 수: 0
2025-05-26 07:09:37,837 - INFO - 푸드 토픽 카드 링크 수: 231
2025-05-26 07:09:37,837 - INFO - [1/231] 토픽 페이지 진입: https://in.naver.com/loveme90000/topic/824967069132384
2025-05-26 07:09:41,039 - INFO - 현재 URL: https://in.naver.com/loveme90000/topic/824967069132384
2025-05-26 07:09:41,039 - INFO - 블로그에서 더보기 버튼 찾는 중...
2025-05-26 07:09:41,076 - INFO - 블로그에서 더보기 버튼 발견
2025-05-26 07:09:41,076 - INFO - 블로그에서 더보기 버튼 클릭 시도...
2025-05-26 07:09:44,379 - INFO - 블로그 페이지로 이동 성공: https://blog.naver.com/loveme90000/223871478139?isInf=true&trackingCode=naver_etc
2025-05-26 07:09:49,406 - INFO - iframe 전환 성공
2025-05-26 07:09:59,619 - WARNING - 요소를 찾을 수 없음: css selector=h3.se-title-text, 오류: Message: 
Stacktrace:
	GetHandleVerifier [0x00007FF71F3BCF45+75717]
	GetHandleVerifier [0x00007FF71F3BCFA0+75808]
	(No symbol) [0x00007FF71F188F9A]
	(No symbol) [0x00007FF71F1DF4C6]
	(No symbol) [0x00007FF71F1DF77C]
	(No symbol) [0x00007FF71F232577]
	(No symbol) [0x00007FF71F2073BF]
	(No symbol) [0x00007FF71F22F39C]
	(No symbol) [0x00007FF71F207153]
	(No symbol) [0x00007FF71F1D0421]
	(No symbol) [0x00007FF71F1D11B3]
	GetHandleVerifier [0x00007FF71F6BD71D+3223453]
	GetHandleVerifier [0x00007FF71F6B7CC2+3200322]
	GetHandleVerifier [0x00007FF71F6D5AF3+3322739]
	GetHandleVerifier [0x00007FF71F3D6A1A+180890]
	GetHandleVerifier [0x00007FF71F3DE11F+211359]
	GetHandleVerifier [0x00007FF71F3C5294+109332]
	GetHandleVerifier [0x00007FF71F3C5442+109762]
	GetHandleVerifier [0x00007FF71F3ABA59+4825]
	BaseThreadInitThunk [0x00007FF821F3E8D7+23]
	RtlUserThreadStart [0x00007FF822F3C5DC+44]

2025-05-26 07:10:09,853 - WARNING - 요소를 찾을 수 없음: css selector=h2.se-title-text, 오류: Message: 
Stacktrace:
	GetHandleVerifier [0x00007FF71F3BCF45+75717]
	GetHandleVerifier [0x00007FF71F3BCFA0+75808]
	(No symbol) [0x00007FF71F188F9A]
	(No symbol) [0x00007FF71F1DF4C6]
	(No symbol) [0x00007FF71F1DF77C]
	(No symbol) [0x00007FF71F232577]
	(No symbol) [0x00007FF71F2073BF]
	(No symbol) [0x00007FF71F22F39C]
	(No symbol) [0x00007FF71F207153]
	(No symbol) [0x00007FF71F1D0421]
	(No symbol) [0x00007FF71F1D11B3]
	GetHandleVerifier [0x00007FF71F6BD71D+3223453]
	GetHandleVerifier [0x00007FF71F6B7CC2+3200322]
	GetHandleVerifier [0x00007FF71F6D5AF3+3322739]
	GetHandleVerifier [0x00007FF71F3D6A1A+180890]
	GetHandleVerifier [0x00007FF71F3DE11F+211359]
	GetHandleVerifier [0x00007FF71F3C5294+109332]
	GetHandleVerifier [0x00007FF71F3C5442+109762]
	GetHandleVerifier [0x00007FF71F3ABA59+4825]
	BaseThreadInitThunk [0x00007FF821F3E8D7+23]
	RtlUserThreadStart [0x00007FF822F3C5DC+44]

2025-05-26 07:10:20,068 - WARNING - 요소를 찾을 수 없음: css selector=strong.title_post, 오류: Message: 
Stacktrace:
	GetHandleVerifier [0x00007FF71F3BCF45+75717]
	GetHandleVerifier [0x00007FF71F3BCFA0+75808]
	(No symbol) [0x00007FF71F188F9A]
	(No symbol) [0x00007FF71F1DF4C6]
	(No symbol) [0x00007FF71F1DF77C]
	(No symbol) [0x00007FF71F232577]
	(No symbol) [0x00007FF71F2073BF]
	(No symbol) [0x00007FF71F22F39C]
	(No symbol) [0x00007FF71F207153]
	(No symbol) [0x00007FF71F1D0421]
	(No symbol) [0x00007FF71F1D11B3]
	GetHandleVerifier [0x00007FF71F6BD71D+3223453]
	GetHandleVerifier [0x00007FF71F6B7CC2+3200322]
	GetHandleVerifier [0x00007FF71F6D5AF3+3322739]
	GetHandleVerifier [0x00007FF71F3D6A1A+180890]
	GetHandleVerifier [0x00007FF71F3DE11F+211359]
	GetHandleVerifier [0x00007FF71F3C5294+109332]
	GetHandleVerifier [0x00007FF71F3C5442+109762]
	GetHandleVerifier [0x00007FF71F3ABA59+4825]
	BaseThreadInitThunk [0x00007FF821F3E8D7+23]
	RtlUserThreadStart [0x00007FF822F3C5DC+44]

2025-05-26 07:10:20,071 - INFO - 제목 수집 완료: 부추양파무침 요리 레시피 백종원 양파김치 만들기 : 네이버 블로그
2025-05-26 07:10:20,458 - INFO - 본문 내용 수집 완료 (길이: 914)
2025-05-26 07:10:20,465 - INFO - 작성자 수집 완료: 골드스푼
2025-05-26 07:10:20,473 - INFO - 썸네일 수집 완료: https://postfiles.pstatic.net/MjAyNTA1MjBfMTc4/MDAxNzQ3NzA2MDkwMDUx.RSup4mpnhAktU0B6wNcf8u8yd787prTLVa7LnF2wwV0g.MOzTcY2MXKFX8ws5h1mrDxwSF48qXtvkEK93S1ZH9_Ig.JPEG/SE-da73f4d8-1efc-4026-98d0-06e7cec659e0.jpg?type=w966
2025-05-26 07:10:20,494 - INFO - 좋아요 수집 완료: 40
2025-05-26 07:10:20,501 - INFO - 댓글 수집 완료: 27
2025-05-26 07:10:20,512 - INFO - 레시피 데이터 저장 완료: 부추양파무침 요리 레시피 백종원 양파김치 만들기 : 네이버 블로그
2025-05-26 07:10:20,512 - INFO - [2/231] 토픽 페이지 진입: https://in.naver.com/plusx/topic/825317590296096
2025-05-26 07:10:23,527 - INFO - 현재 URL: https://in.naver.com/plusx/topic/825317590296096
2025-05-26 07:10:23,527 - INFO - 블로그에서 더보기 버튼 찾는 중...
2025-05-26 07:10:23,543 - INFO - 블로그에서 더보기 버튼 발견
2025-05-26 07:10:23,543 - INFO - 블로그에서 더보기 버튼 클릭 시도...
2025-05-26 07:10:27,011 - INFO - 블로그 페이지로 이동 성공: https://blog.naver.com/plusx_/223872734297?isInf=true&trackingCode=naver_etc
2025-05-26 07:10:32,046 - INFO - iframe 전환 성공
2025-05-26 07:10:42,248 - WARNING - 요소를 찾을 수 없음: css selector=h3.se-title-text, 오류: Message: 
Stacktrace:
	GetHandleVerifier [0x00007FF71F3BCF45+75717]
	GetHandleVerifier [0x00007FF71F3BCFA0+75808]
	(No symbol) [0x00007FF71F188F9A]
	(No symbol) [0x00007FF71F1DF4C6]
	(No symbol) [0x00007FF71F1DF77C]
	(No symbol) [0x00007FF71F232577]
	(No symbol) [0x00007FF71F2073BF]
	(No symbol) [0x00007FF71F22F39C]
	(No symbol) [0x00007FF71F207153]
	(No symbol) [0x00007FF71F1D0421]
	(No symbol) [0x00007FF71F1D11B3]
	GetHandleVerifier [0x00007FF71F6BD71D+3223453]
	GetHandleVerifier [0x00007FF71F6B7CC2+3200322]
	GetHandleVerifier [0x00007FF71F6D5AF3+3322739]
	GetHandleVerifier [0x00007FF71F3D6A1A+180890]
	GetHandleVerifier [0x00007FF71F3DE11F+211359]
	GetHandleVerifier [0x00007FF71F3C5294+109332]
	GetHandleVerifier [0x00007FF71F3C5442+109762]
	GetHandleVerifier [0x00007FF71F3ABA59+4825]
	BaseThreadInitThunk [0x00007FF821F3E8D7+23]
	RtlUserThreadStart [0x00007FF822F3C5DC+44]

2025-05-26 07:10:52,443 - WARNING - 요소를 찾을 수 없음: css selector=h2.se-title-text, 오류: Message: 
Stacktrace:
	GetHandleVerifier [0x00007FF71F3BCF45+75717]
	GetHandleVerifier [0x00007FF71F3BCFA0+75808]
	(No symbol) [0x00007FF71F188F9A]
	(No symbol) [0x00007FF71F1DF4C6]
	(No symbol) [0x00007FF71F1DF77C]
	(No symbol) [0x00007FF71F232577]
	(No symbol) [0x00007FF71F2073BF]
	(No symbol) [0x00007FF71F22F39C]
	(No symbol) [0x00007FF71F207153]
	(No symbol) [0x00007FF71F1D0421]
	(No symbol) [0x00007FF71F1D11B3]
	GetHandleVerifier [0x00007FF71F6BD71D+3223453]
	GetHandleVerifier [0x00007FF71F6B7CC2+3200322]
	GetHandleVerifier [0x00007FF71F6D5AF3+3322739]
	GetHandleVerifier [0x00007FF71F3D6A1A+180890]
	GetHandleVerifier [0x00007FF71F3DE11F+211359]
	GetHandleVerifier [0x00007FF71F3C5294+109332]
	GetHandleVerifier [0x00007FF71F3C5442+109762]
	GetHandleVerifier [0x00007FF71F3ABA59+4825]
	BaseThreadInitThunk [0x00007FF821F3E8D7+23]
	RtlUserThreadStart [0x00007FF822F3C5DC+44]

2025-05-26 07:11:02,661 - WARNING - 요소를 찾을 수 없음: css selector=strong.title_post, 오류: Message: 
Stacktrace:
	GetHandleVerifier [0x00007FF71F3BCF45+75717]
	GetHandleVerifier [0x00007FF71F3BCFA0+75808]
	(No symbol) [0x00007FF71F188F9A]
	(No symbol) [0x00007FF71F1DF4C6]
	(No symbol) [0x00007FF71F1DF77C]
	(No symbol) [0x00007FF71F232577]
	(No symbol) [0x00007FF71F2073BF]
	(No symbol) [0x00007FF71F22F39C]
	(No symbol) [0x00007FF71F207153]
	(No symbol) [0x00007FF71F1D0421]
	(No symbol) [0x00007FF71F1D11B3]
	GetHandleVerifier [0x00007FF71F6BD71D+3223453]
	GetHandleVerifier [0x00007FF71F6B7CC2+3200322]
	GetHandleVerifier [0x00007FF71F6D5AF3+3322739]
	GetHandleVerifier [0x00007FF71F3D6A1A+180890]
	GetHandleVerifier [0x00007FF71F3DE11F+211359]
	GetHandleVerifier [0x00007FF71F3C5294+109332]
	GetHandleVerifier [0x00007FF71F3C5442+109762]
	GetHandleVerifier [0x00007FF71F3ABA59+4825]
	BaseThreadInitThunk [0x00007FF821F3E8D7+23]
	RtlUserThreadStart [0x00007FF822F3C5DC+44]

2025-05-26 07:11:02,666 - INFO - 제목 수집 완료: 다이어트 간식 추천, 바삭 에어프라이어 감자칩 : 네이버 블로그
2025-05-26 07:11:03,492 - INFO - 본문 내용 수집 완료 (길이: 1682)
2025-05-26 07:11:03,498 - INFO - 작성자 수집 완료: 엑스x
2025-05-26 07:11:03,503 - INFO - 썸네일 수집 완료: https://postfiles.pstatic.net/MjAyNTA1MjFfMjY1/MDAxNzQ3NzkyNDgxMzgy.c2j1sX-zrV7FWXXMLS7JTup15jlLzJwf8b02gaVHxVUg.bw67HppyXEA4V5rOrP7wNEwmFDg-uFF7eUoS6ntboNcg.JPEG/DSC06121.jpg?type=w966
2025-05-26 07:11:03,531 - INFO - 좋아요 수집 완료: 38
2025-05-26 07:11:03,543 - INFO - 댓글 수집 완료: 3
2025-05-26 07:11:03,544 - ERROR - 데이터베이스 저장 실패: 1062 (23000): Duplicate entry 'https://blog.naver.com/plusx_/223872734297?isInf=true&trackingCo' for key 'recipes.unique_link'
2025-05-26 07:11:03,545 - INFO - [3/231] 토픽 페이지 진입: https://in.naver.com/yong2mom/topic/823299175343712
2025-05-26 07:11:06,060 - INFO - 현재 URL: https://in.naver.com/yong2mom/topic/823299175343712
2025-05-26 07:11:06,060 - INFO - 블로그에서 더보기 버튼 찾는 중...
2025-05-26 07:11:06,071 - INFO - 블로그에서 더보기 버튼 발견
2025-05-26 07:11:06,071 - INFO - 블로그에서 더보기 버튼 클릭 시도...
2025-05-26 07:11:09,436 - INFO - 블로그 페이지로 이동 성공: https://blog.naver.com/bhl1960/223866094645?isInf=true&trackingCode=naver_etc
2025-05-26 07:11:14,458 - INFO - iframe 전환 성공
2025-05-26 07:11:24,630 - WARNING - 요소를 찾을 수 없음: css selector=h3.se-title-text, 오류: Message: 
Stacktrace:
	GetHandleVerifier [0x00007FF71F3BCF45+75717]
	GetHandleVerifier [0x00007FF71F3BCFA0+75808]
	(No symbol) [0x00007FF71F188F9A]
	(No symbol) [0x00007FF71F1DF4C6]
	(No symbol) [0x00007FF71F1DF77C]
	(No symbol) [0x00007FF71F232577]
	(No symbol) [0x00007FF71F2073BF]
	(No symbol) [0x00007FF71F22F39C]
	(No symbol) [0x00007FF71F207153]
	(No symbol) [0x00007FF71F1D0421]
	(No symbol) [0x00007FF71F1D11B3]
	GetHandleVerifier [0x00007FF71F6BD71D+3223453]
	GetHandleVerifier [0x00007FF71F6B7CC2+3200322]
	GetHandleVerifier [0x00007FF71F6D5AF3+3322739]
	GetHandleVerifier [0x00007FF71F3D6A1A+180890]
	GetHandleVerifier [0x00007FF71F3DE11F+211359]
	GetHandleVerifier [0x00007FF71F3C5294+109332]
	GetHandleVerifier [0x00007FF71F3C5442+109762]
	GetHandleVerifier [0x00007FF71F3ABA59+4825]
	BaseThreadInitThunk [0x00007FF821F3E8D7+23]
	RtlUserThreadStart [0x00007FF822F3C5DC+44]

2025-05-26 07:11:34,822 - WARNING - 요소를 찾을 수 없음: css selector=h2.se-title-text, 오류: Message: 
Stacktrace:
	GetHandleVerifier [0x00007FF71F3BCF45+75717]
	GetHandleVerifier [0x00007FF71F3BCFA0+75808]
	(No symbol) [0x00007FF71F188F9A]
	(No symbol) [0x00007FF71F1DF4C6]
	(No symbol) [0x00007FF71F1DF77C]
	(No symbol) [0x00007FF71F232577]
	(No symbol) [0x00007FF71F2073BF]
	(No symbol) [0x00007FF71F22F39C]
	(No symbol) [0x00007FF71F207153]
	(No symbol) [0x00007FF71F1D0421]
	(No symbol) [0x00007FF71F1D11B3]
	GetHandleVerifier [0x00007FF71F6BD71D+3223453]
	GetHandleVerifier [0x00007FF71F6B7CC2+3200322]
	GetHandleVerifier [0x00007FF71F6D5AF3+3322739]
	GetHandleVerifier [0x00007FF71F3D6A1A+180890]
	GetHandleVerifier [0x00007FF71F3DE11F+211359]
	GetHandleVerifier [0x00007FF71F3C5294+109332]
	GetHandleVerifier [0x00007FF71F3C5442+109762]
	GetHandleVerifier [0x00007FF71F3ABA59+4825]
	BaseThreadInitThunk [0x00007FF821F3E8D7+23]
	RtlUserThreadStart [0x00007FF822F3C5DC+44]

2025-05-26 07:11:44,953 - WARNING - 요소를 찾을 수 없음: css selector=strong.title_post, 오류: Message: 
Stacktrace:
	GetHandleVerifier [0x00007FF71F3BCF45+75717]
	GetHandleVerifier [0x00007FF71F3BCFA0+75808]
	(No symbol) [0x00007FF71F188F9A]
	(No symbol) [0x00007FF71F1DF4C6]
	(No symbol) [0x00007FF71F1DF77C]
	(No symbol) [0x00007FF71F232577]
	(No symbol) [0x00007FF71F2073BF]
	(No symbol) [0x00007FF71F22F39C]
	(No symbol) [0x00007FF71F207153]
	(No symbol) [0x00007FF71F1D0421]
	(No symbol) [0x00007FF71F1D11B3]
	GetHandleVerifier [0x00007FF71F6BD71D+3223453]
	GetHandleVerifier [0x00007FF71F6B7CC2+3200322]
	GetHandleVerifier [0x00007FF71F6D5AF3+3322739]
	GetHandleVerifier [0x00007FF71F3D6A1A+180890]
	GetHandleVerifier [0x00007FF71F3DE11F+211359]
	GetHandleVerifier [0x00007FF71F3C5294+109332]
	GetHandleVerifier [0x00007FF71F3C5442+109762]
	GetHandleVerifier [0x00007FF71F3ABA59+4825]
	BaseThreadInitThunk [0x00007FF821F3E8D7+23]
	RtlUserThreadStart [0x00007FF822F3C5DC+44]

2025-05-26 07:11:44,958 - INFO - 제목 수집 완료: 백종원 간장 제육볶음 레시피 돼지불백 앞다리살.. : 네이버블로그
2025-05-26 07:11:45,650 - INFO - 본문 내용 수집 완료 (길이: 2277)
2025-05-26 07:11:45,658 - INFO - 작성자 수집 완료: 용이마미
2025-05-26 07:11:45,666 - INFO - 썸네일 수집 완료: https://postfiles.pstatic.net/MjAyNTA1MTRfMjQ1/MDAxNzQ3MTc2NjY3MzMx.nfyNbkTK_0ID5Hys0YVjuhZA3mnW2RRxa59Gb7sq51Ig.CoOaYMJQ-CY2H6aAOym0g8NSW3Lm8aUNxUITMJAmjAwg.JPEG/3472596997918047300:13442081.jpg?type=w773
2025-05-26 07:11:45,683 - INFO - 좋아요 수집 완료: 70
2025-05-26 07:11:45,689 - INFO - 댓글 수집 완료: 25
2025-05-26 07:11:45,701 - INFO - 레시피 데이터 저장 완료: 백종원 간장 제육볶음 레시피 돼지불백 앞다리살.. : 네이버블로그
2025-05-26 07:11:45,701 - INFO - [4/231] 토픽 페이지 진입: https://in.naver.com/fourmomslife/topic/823036814218784
2025-05-26 07:11:48,071 - INFO - 현재 URL: https://in.naver.com/fourmomslife/topic/823036814218784
2025-05-26 07:11:48,071 - INFO - 블로그에서 더보기 버튼 찾는 중...
2025-05-26 07:11:48,085 - INFO - 블로그에서 더보기 버튼 발견
2025-05-26 07:11:48,086 - INFO - 블로그에서 더보기 버튼 클릭 시도...
2025-05-26 07:11:51,504 - INFO - 블로그 페이지로 이동 성공: https://blog.naver.com/ymy5815/223817387202?isInf=true&trackingCode=naver_etc
2025-05-26 07:11:56,540 - INFO - iframe 전환 성공
2025-05-26 07:12:06,710 - WARNING - 요소를 찾을 수 없음: css selector=h3.se-title-text, 오류: Message: 
Stacktrace:
	GetHandleVerifier [0x00007FF71F3BCF45+75717]
	GetHandleVerifier [0x00007FF71F3BCFA0+75808]
	(No symbol) [0x00007FF71F188F9A]
	(No symbol) [0x00007FF71F1DF4C6]
	(No symbol) [0x00007FF71F1DF77C]
	(No symbol) [0x00007FF71F232577]
	(No symbol) [0x00007FF71F2073BF]
	(No symbol) [0x00007FF71F22F39C]
	(No symbol) [0x00007FF71F207153]
	(No symbol) [0x00007FF71F1D0421]
	(No symbol) [0x00007FF71F1D11B3]
	GetHandleVerifier [0x00007FF71F6BD71D+3223453]
	GetHandleVerifier [0x00007FF71F6B7CC2+3200322]
	GetHandleVerifier [0x00007FF71F6D5AF3+3322739]
	GetHandleVerifier [0x00007FF71F3D6A1A+180890]
	GetHandleVerifier [0x00007FF71F3DE11F+211359]
	GetHandleVerifier [0x00007FF71F3C5294+109332]
	GetHandleVerifier [0x00007FF71F3C5442+109762]
	GetHandleVerifier [0x00007FF71F3ABA59+4825]
	BaseThreadInitThunk [0x00007FF821F3E8D7+23]
	RtlUserThreadStart [0x00007FF822F3C5DC+44]

2025-05-26 07:12:16,910 - WARNING - 요소를 찾을 수 없음: css selector=h2.se-title-text, 오류: Message: 
Stacktrace:
	GetHandleVerifier [0x00007FF71F3BCF45+75717]
	GetHandleVerifier [0x00007FF71F3BCFA0+75808]
	(No symbol) [0x00007FF71F188F9A]
	(No symbol) [0x00007FF71F1DF4C6]
	(No symbol) [0x00007FF71F1DF77C]
	(No symbol) [0x00007FF71F232577]
	(No symbol) [0x00007FF71F2073BF]
	(No symbol) [0x00007FF71F22F39C]
	(No symbol) [0x00007FF71F207153]
	(No symbol) [0x00007FF71F1D0421]
	(No symbol) [0x00007FF71F1D11B3]
	GetHandleVerifier [0x00007FF71F6BD71D+3223453]
	GetHandleVerifier [0x00007FF71F6B7CC2+3200322]
	GetHandleVerifier [0x00007FF71F6D5AF3+3322739]
	GetHandleVerifier [0x00007FF71F3D6A1A+180890]
	GetHandleVerifier [0x00007FF71F3DE11F+211359]
	GetHandleVerifier [0x00007FF71F3C5294+109332]
	GetHandleVerifier [0x00007FF71F3C5442+109762]
	GetHandleVerifier [0x00007FF71F3ABA59+4825]
	BaseThreadInitThunk [0x00007FF821F3E8D7+23]
	RtlUserThreadStart [0x00007FF822F3C5DC+44]

2025-05-26 07:12:27,090 - WARNING - 요소를 찾을 수 없음: css selector=strong.title_post, 오류: Message: 
Stacktrace:
	GetHandleVerifier [0x00007FF71F3BCF45+75717]
	GetHandleVerifier [0x00007FF71F3BCFA0+75808]
	(No symbol) [0x00007FF71F188F9A]
	(No symbol) [0x00007FF71F1DF4C6]
	(No symbol) [0x00007FF71F1DF77C]
	(No symbol) [0x00007FF71F232577]
	(No symbol) [0x00007FF71F2073BF]
	(No symbol) [0x00007FF71F22F39C]
	(No symbol) [0x00007FF71F207153]
	(No symbol) [0x00007FF71F1D0421]
	(No symbol) [0x00007FF71F1D11B3]
	GetHandleVerifier [0x00007FF71F6BD71D+3223453]
	GetHandleVerifier [0x00007FF71F6B7CC2+3200322]
	GetHandleVerifier [0x00007FF71F6D5AF3+3322739]
	GetHandleVerifier [0x00007FF71F3D6A1A+180890]
	GetHandleVerifier [0x00007FF71F3DE11F+211359]
	GetHandleVerifier [0x00007FF71F3C5294+109332]
	GetHandleVerifier [0x00007FF71F3C5442+109762]
	GetHandleVerifier [0x00007FF71F3ABA59+4825]
	BaseThreadInitThunk [0x00007FF821F3E8D7+23]
	RtlUserThreadStart [0x00007FF822F3C5DC+44]

2025-05-26 07:12:27,094 - INFO - 제목 수집 완료: 달콤짭짤한 간장 마늘쫑멸치볶음 레시피 마늘쫑 .. : 네이버블로그
2025-05-26 07:12:28,251 - INFO - 본문 내용 수집 완료 (길이: 1555)
2025-05-26 07:12:28,260 - INFO - 작성자 수집 완료: 포우맘의 요리
2025-05-26 07:12:28,268 - INFO - 썸네일 수집 완료: https://postfiles.pstatic.net/MjAyNDA2MjhfMTAy/MDAxNzE5NTMxNTI0Njgz.K-N_KxceU5zubJ71Q8nJzdV_ZPqqnAD8Zj_SuX7Ux-Eg.9XqFIUq1iSkwVkN68FWV7e0IHAHFiNonCRAblskr_wog.JPEG/20240627%EF%BC%BF155146.jpg?type=w773
2025-05-26 07:12:28,288 - INFO - 좋아요 수집 완료: 80
2025-05-26 07:12:28,297 - INFO - 댓글 수집 완료: 36
2025-05-26 07:12:28,307 - INFO - 레시피 데이터 저장 완료: 달콤짭짤한 간장 마늘쫑멸치볶음 레시피 마늘쫑 .. : 네이버블로그
2025-05-26 07:12:28,307 - INFO - [5/231] 토픽 페이지 진입: https://in.naver.com/wtiger5v/topic/823726947997280
2025-05-26 07:12:31,339 - INFO - 현재 URL: https://in.naver.com/wtiger5v/topic/823726947997280
2025-05-26 07:12:31,339 - INFO - 블로그에서 더보기 버튼 찾는 중...
2025-05-26 07:12:31,353 - INFO - 블로그에서 더보기 버튼 발견
2025-05-26 07:12:31,353 - INFO - 블로그에서 더보기 버튼 클릭 시도...
2025-05-26 07:12:35,028 - INFO - 블로그 페이지로 이동 성공: https://blog.naver.com/wtiger5v/223864714409?isInf=true&trackingCode=naver_etc
2025-05-26 07:12:40,052 - INFO - iframe 전환 성공
2025-05-26 07:12:50,251 - WARNING - 요소를 찾을 수 없음: css selector=h3.se-title-text, 오류: Message: 
Stacktrace:
	GetHandleVerifier [0x00007FF71F3BCF45+75717]
	GetHandleVerifier [0x00007FF71F3BCFA0+75808]
	(No symbol) [0x00007FF71F188F9A]
	(No symbol) [0x00007FF71F1DF4C6]
	(No symbol) [0x00007FF71F1DF77C]
	(No symbol) [0x00007FF71F232577]
	(No symbol) [0x00007FF71F2073BF]
	(No symbol) [0x00007FF71F22F39C]
	(No symbol) [0x00007FF71F207153]
	(No symbol) [0x00007FF71F1D0421]
	(No symbol) [0x00007FF71F1D11B3]
	GetHandleVerifier [0x00007FF71F6BD71D+3223453]
	GetHandleVerifier [0x00007FF71F6B7CC2+3200322]
	GetHandleVerifier [0x00007FF71F6D5AF3+3322739]
	GetHandleVerifier [0x00007FF71F3D6A1A+180890]
	GetHandleVerifier [0x00007FF71F3DE11F+211359]
	GetHandleVerifier [0x00007FF71F3C5294+109332]
	GetHandleVerifier [0x00007FF71F3C5442+109762]
	GetHandleVerifier [0x00007FF71F3ABA59+4825]
	BaseThreadInitThunk [0x00007FF821F3E8D7+23]
	RtlUserThreadStart [0x00007FF822F3C5DC+44]

2025-05-26 07:13:00,466 - WARNING - 요소를 찾을 수 없음: css selector=h2.se-title-text, 오류: Message: 
Stacktrace:
	GetHandleVerifier [0x00007FF71F3BCF45+75717]
	GetHandleVerifier [0x00007FF71F3BCFA0+75808]
	(No symbol) [0x00007FF71F188F9A]
	(No symbol) [0x00007FF71F1DF4C6]
	(No symbol) [0x00007FF71F1DF77C]
	(No symbol) [0x00007FF71F232577]
	(No symbol) [0x00007FF71F2073BF]
	(No symbol) [0x00007FF71F22F39C]
	(No symbol) [0x00007FF71F207153]
	(No symbol) [0x00007FF71F1D0421]
	(No symbol) [0x00007FF71F1D11B3]
	GetHandleVerifier [0x00007FF71F6BD71D+3223453]
	GetHandleVerifier [0x00007FF71F6B7CC2+3200322]
	GetHandleVerifier [0x00007FF71F6D5AF3+3322739]
	GetHandleVerifier [0x00007FF71F3D6A1A+180890]
	GetHandleVerifier [0x00007FF71F3DE11F+211359]
	GetHandleVerifier [0x00007FF71F3C5294+109332]
	GetHandleVerifier [0x00007FF71F3C5442+109762]
	GetHandleVerifier [0x00007FF71F3ABA59+4825]
	BaseThreadInitThunk [0x00007FF821F3E8D7+23]
	RtlUserThreadStart [0x00007FF822F3C5DC+44]

2025-05-26 07:13:10,680 - WARNING - 요소를 찾을 수 없음: css selector=strong.title_post, 오류: Message: 
Stacktrace:
	GetHandleVerifier [0x00007FF71F3BCF45+75717]
	GetHandleVerifier [0x00007FF71F3BCFA0+75808]
	(No symbol) [0x00007FF71F188F9A]
	(No symbol) [0x00007FF71F1DF4C6]
	(No symbol) [0x00007FF71F1DF77C]
	(No symbol) [0x00007FF71F232577]
	(No symbol) [0x00007FF71F2073BF]
	(No symbol) [0x00007FF71F22F39C]
	(No symbol) [0x00007FF71F207153]
	(No symbol) [0x00007FF71F1D0421]
	(No symbol) [0x00007FF71F1D11B3]
	GetHandleVerifier [0x00007FF71F6BD71D+3223453]
	GetHandleVerifier [0x00007FF71F6B7CC2+3200322]
	GetHandleVerifier [0x00007FF71F6D5AF3+3322739]
	GetHandleVerifier [0x00007FF71F3D6A1A+180890]
	GetHandleVerifier [0x00007FF71F3DE11F+211359]
	GetHandleVerifier [0x00007FF71F3C5294+109332]
	GetHandleVerifier [0x00007FF71F3C5442+109762]
	GetHandleVerifier [0x00007FF71F3ABA59+4825]
	BaseThreadInitThunk [0x00007FF821F3E8D7+23]
	RtlUserThreadStart [0x00007FF822F3C5DC+44]

2025-05-26 07:13:10,692 - INFO - 제목 수집 완료: 병아리콩 삶기 다이어트 과자 병아리콩 간식 추천 : 네이버 블로그
2025-05-26 07:13:12,151 - INFO - 본문 내용 수집 완료 (길이: 1810)
2025-05-26 07:13:12,159 - INFO - 작성자 수집 완료: 중년아빠 백호
2025-05-26 07:13:12,166 - INFO - 썸네일 수집 완료: https://postfiles.pstatic.net/MjAyNTA1MTNfMjY0/MDAxNzQ3MTQxODEwNDM0.SOakqIhOIhP88eJpfmlPvDVdxpud4BV20qJwZqcA6Hwg.1Pr2l4U0Zgkq8WrQ0Yqesis7cSaEwbMmPpKzHgg4A3Yg.JPEG/SE-be3b412f-f297-42f2-933f-db2af085ecee.jpg?type=w966
2025-05-26 07:13:12,187 - INFO - 좋아요 수집 완료: 35
2025-05-26 07:13:12,195 - INFO - 댓글 수집 완료: 14
2025-05-26 07:13:12,209 - INFO - 레시피 데이터 저장 완료: 병아리콩 삶기 다이어트 과자 병아리콩 간식 추천 : 네이버 블로그
2025-05-26 07:13:12,210 - INFO - [6/231] 토픽 페이지 진입: https://in.naver.com/qwert6545/topic/825650630031008
2025-05-26 07:13:14,831 - INFO - 현재 URL: https://in.naver.com/qwert6545/topic/825650630031008
2025-05-26 07:13:14,831 - INFO - 블로그에서 더보기 버튼 찾는 중...
2025-05-26 07:13:14,847 - INFO - 블로그에서 더보기 버튼 발견
2025-05-26 07:13:14,847 - INFO - 블로그에서 더보기 버튼 클릭 시도...
2025-05-26 07:13:18,242 - INFO - 블로그 페이지로 이동 성공: https://blog.naver.com/qwert6545/223873751684?isInf=true&trackingCode=naver_etc
2025-05-26 07:13:23,283 - INFO - iframe 전환 성공
2025-05-26 07:13:33,509 - WARNING - 요소를 찾을 수 없음: css selector=h3.se-title-text, 오류: Message: 
Stacktrace:
	GetHandleVerifier [0x00007FF71F3BCF45+75717]
	GetHandleVerifier [0x00007FF71F3BCFA0+75808]
	(No symbol) [0x00007FF71F188F9A]
	(No symbol) [0x00007FF71F1DF4C6]
	(No symbol) [0x00007FF71F1DF77C]
	(No symbol) [0x00007FF71F232577]
	(No symbol) [0x00007FF71F2073BF]
	(No symbol) [0x00007FF71F22F39C]
	(No symbol) [0x00007FF71F207153]
	(No symbol) [0x00007FF71F1D0421]
	(No symbol) [0x00007FF71F1D11B3]
	GetHandleVerifier [0x00007FF71F6BD71D+3223453]
	GetHandleVerifier [0x00007FF71F6B7CC2+3200322]
	GetHandleVerifier [0x00007FF71F6D5AF3+3322739]
	GetHandleVerifier [0x00007FF71F3D6A1A+180890]
	GetHandleVerifier [0x00007FF71F3DE11F+211359]
	GetHandleVerifier [0x00007FF71F3C5294+109332]
	GetHandleVerifier [0x00007FF71F3C5442+109762]
	GetHandleVerifier [0x00007FF71F3ABA59+4825]
	BaseThreadInitThunk [0x00007FF821F3E8D7+23]
	RtlUserThreadStart [0x00007FF822F3C5DC+44]

2025-05-26 07:13:43,722 - WARNING - 요소를 찾을 수 없음: css selector=h2.se-title-text, 오류: Message: 
Stacktrace:
	GetHandleVerifier [0x00007FF71F3BCF45+75717]
	GetHandleVerifier [0x00007FF71F3BCFA0+75808]
	(No symbol) [0x00007FF71F188F9A]
	(No symbol) [0x00007FF71F1DF4C6]
	(No symbol) [0x00007FF71F1DF77C]
	(No symbol) [0x00007FF71F232577]
	(No symbol) [0x00007FF71F2073BF]
	(No symbol) [0x00007FF71F22F39C]
	(No symbol) [0x00007FF71F207153]
	(No symbol) [0x00007FF71F1D0421]
	(No symbol) [0x00007FF71F1D11B3]
	GetHandleVerifier [0x00007FF71F6BD71D+3223453]
	GetHandleVerifier [0x00007FF71F6B7CC2+3200322]
	GetHandleVerifier [0x00007FF71F6D5AF3+3322739]
	GetHandleVerifier [0x00007FF71F3D6A1A+180890]
	GetHandleVerifier [0x00007FF71F3DE11F+211359]
	GetHandleVerifier [0x00007FF71F3C5294+109332]
	GetHandleVerifier [0x00007FF71F3C5442+109762]
	GetHandleVerifier [0x00007FF71F3ABA59+4825]
	BaseThreadInitThunk [0x00007FF821F3E8D7+23]
	RtlUserThreadStart [0x00007FF822F3C5DC+44]

2025-05-26 07:13:53,949 - WARNING - 요소를 찾을 수 없음: css selector=strong.title_post, 오류: Message: 
Stacktrace:
	GetHandleVerifier [0x00007FF71F3BCF45+75717]
	GetHandleVerifier [0x00007FF71F3BCFA0+75808]
	(No symbol) [0x00007FF71F188F9A]
	(No symbol) [0x00007FF71F1DF4C6]
	(No symbol) [0x00007FF71F1DF77C]
	(No symbol) [0x00007FF71F232577]
	(No symbol) [0x00007FF71F2073BF]
	(No symbol) [0x00007FF71F22F39C]
	(No symbol) [0x00007FF71F207153]
	(No symbol) [0x00007FF71F1D0421]
	(No symbol) [0x00007FF71F1D11B3]
	GetHandleVerifier [0x00007FF71F6BD71D+3223453]
	GetHandleVerifier [0x00007FF71F6B7CC2+3200322]
	GetHandleVerifier [0x00007FF71F6D5AF3+3322739]
	GetHandleVerifier [0x00007FF71F3D6A1A+180890]
	GetHandleVerifier [0x00007FF71F3DE11F+211359]
	GetHandleVerifier [0x00007FF71F3C5294+109332]
	GetHandleVerifier [0x00007FF71F3C5442+109762]
	GetHandleVerifier [0x00007FF71F3ABA59+4825]
	BaseThreadInitThunk [0x00007FF821F3E8D7+23]
	RtlUserThreadStart [0x00007FF822F3C5DC+44]

2025-05-26 07:13:53,953 - INFO - 제목 수집 완료: 스타벅스 프리퀀시 기간 라코스테 멀티플백 가방.. : 네이버블로그
2025-05-26 07:13:54,245 - INFO - 본문 내용 수집 완료 (길이: 1918)
2025-05-26 07:13:54,252 - INFO - 작성자 수집 완료: 라라
2025-05-26 07:13:54,262 - INFO - 썸네일 수집 완료: https://postfiles.pstatic.net/MjAyNTA1MjJfMTEg/MDAxNzQ3ODY4OTA4Nzc1.P--UC2cJlrSAUm3CGDC7d6anFjcFpS7xKu9OE-cpn3kg.yO05kPXHMNwuQs2quHxjFZZFO1dmKyRE9dAf8GnEeMUg.JPEG/900%EF%BC%BF20250522%EF%BC%BF074947.jpg?type=w773
2025-05-26 07:13:54,282 - INFO - 좋아요 수집 완료: 28
2025-05-26 07:13:54,290 - INFO - 댓글 수집 완료: 3
2025-05-26 07:13:54,305 - INFO - 레시피 데이터 저장 완료: 스타벅스 프리퀀시 기간 라코스테 멀티플백 가방.. : 네이버블로그
2025-05-26 07:13:54,305 - INFO - [7/231] 토픽 페이지 진입: https://in.naver.com/kies84/topic/824665687103136
2025-05-26 07:13:56,733 - INFO - 현재 URL: https://in.naver.com/kies84/topic/824665687103136
2025-05-26 07:13:56,733 - INFO - 블로그에서 더보기 버튼 찾는 중...
2025-05-26 07:13:56,744 - INFO - 블로그에서 더보기 버튼 발견
2025-05-26 07:13:56,744 - INFO - 블로그에서 더보기 버튼 클릭 시도...
2025-05-26 07:14:00,360 - INFO - 블로그 페이지로 이동 성공: https://blog.naver.com/kies84/223869987370?isInf=true&trackingCode=naver_etc
2025-05-26 07:14:05,401 - INFO - iframe 전환 성공
2025-05-26 07:14:15,602 - WARNING - 요소를 찾을 수 없음: css selector=h3.se-title-text, 오류: Message: 
Stacktrace:
	GetHandleVerifier [0x00007FF71F3BCF45+75717]
	GetHandleVerifier [0x00007FF71F3BCFA0+75808]
	(No symbol) [0x00007FF71F188F9A]
	(No symbol) [0x00007FF71F1DF4C6]
	(No symbol) [0x00007FF71F1DF77C]
	(No symbol) [0x00007FF71F232577]
	(No symbol) [0x00007FF71F2073BF]
	(No symbol) [0x00007FF71F22F39C]
	(No symbol) [0x00007FF71F207153]
	(No symbol) [0x00007FF71F1D0421]
	(No symbol) [0x00007FF71F1D11B3]
	GetHandleVerifier [0x00007FF71F6BD71D+3223453]
	GetHandleVerifier [0x00007FF71F6B7CC2+3200322]
	GetHandleVerifier [0x00007FF71F6D5AF3+3322739]
	GetHandleVerifier [0x00007FF71F3D6A1A+180890]
	GetHandleVerifier [0x00007FF71F3DE11F+211359]
	GetHandleVerifier [0x00007FF71F3C5294+109332]
	GetHandleVerifier [0x00007FF71F3C5442+109762]
	GetHandleVerifier [0x00007FF71F3ABA59+4825]
	BaseThreadInitThunk [0x00007FF821F3E8D7+23]
	RtlUserThreadStart [0x00007FF822F3C5DC+44]

2025-05-26 07:14:25,825 - WARNING - 요소를 찾을 수 없음: css selector=h2.se-title-text, 오류: Message: 
Stacktrace:
	GetHandleVerifier [0x00007FF71F3BCF45+75717]
	GetHandleVerifier [0x00007FF71F3BCFA0+75808]
	(No symbol) [0x00007FF71F188F9A]
	(No symbol) [0x00007FF71F1DF4C6]
	(No symbol) [0x00007FF71F1DF77C]
	(No symbol) [0x00007FF71F232577]
	(No symbol) [0x00007FF71F2073BF]
	(No symbol) [0x00007FF71F22F39C]
	(No symbol) [0x00007FF71F207153]
	(No symbol) [0x00007FF71F1D0421]
	(No symbol) [0x00007FF71F1D11B3]
	GetHandleVerifier [0x00007FF71F6BD71D+3223453]
	GetHandleVerifier [0x00007FF71F6B7CC2+3200322]
	GetHandleVerifier [0x00007FF71F6D5AF3+3322739]
	GetHandleVerifier [0x00007FF71F3D6A1A+180890]
	GetHandleVerifier [0x00007FF71F3DE11F+211359]
	GetHandleVerifier [0x00007FF71F3C5294+109332]
	GetHandleVerifier [0x00007FF71F3C5442+109762]
	GetHandleVerifier [0x00007FF71F3ABA59+4825]
	BaseThreadInitThunk [0x00007FF821F3E8D7+23]
	RtlUserThreadStart [0x00007FF822F3C5DC+44]

2025-05-26 07:14:36,029 - WARNING - 요소를 찾을 수 없음: css selector=strong.title_post, 오류: Message: 
Stacktrace:
	GetHandleVerifier [0x00007FF71F3BCF45+75717]
	GetHandleVerifier [0x00007FF71F3BCFA0+75808]
	(No symbol) [0x00007FF71F188F9A]
	(No symbol) [0x00007FF71F1DF4C6]
	(No symbol) [0x00007FF71F1DF77C]
	(No symbol) [0x00007FF71F232577]
	(No symbol) [0x00007FF71F2073BF]
	(No symbol) [0x00007FF71F22F39C]
	(No symbol) [0x00007FF71F207153]
	(No symbol) [0x00007FF71F1D0421]
	(No symbol) [0x00007FF71F1D11B3]
	GetHandleVerifier [0x00007FF71F6BD71D+3223453]
	GetHandleVerifier [0x00007FF71F6B7CC2+3200322]
	GetHandleVerifier [0x00007FF71F6D5AF3+3322739]
	GetHandleVerifier [0x00007FF71F3D6A1A+180890]
	GetHandleVerifier [0x00007FF71F3DE11F+211359]
	GetHandleVerifier [0x00007FF71F3C5294+109332]
	GetHandleVerifier [0x00007FF71F3C5442+109762]
	GetHandleVerifier [0x00007FF71F3ABA59+4825]
	BaseThreadInitThunk [0x00007FF821F3E8D7+23]
	RtlUserThreadStart [0x00007FF822F3C5DC+44]

2025-05-26 07:14:36,041 - INFO - 제목 수집 완료: 샌드위치인 줄 알았죠? 잠봉뵈르 김밥이에요 : 네이버 블로그
2025-05-26 07:14:36,530 - INFO - 본문 내용 수집 완료 (길이: 1945)
2025-05-26 07:14:36,536 - INFO - 작성자 수집 완료: 초대리
2025-05-26 07:14:36,542 - INFO - 썸네일 수집 완료: https://postfiles.pstatic.net/MjAyNTA1MDVfMTM0/MDAxNzQ2NDM0MzQ1OTY5.Tepv9B6qM_vO3jSXd4liAGMQy6WWx8OZUiPor_bz3Owg.WM63A5mea37RxC5cWzLoYBXjqQ2tudCxqgBzxCZ61XQg.JPEG/IMG_6202.JPG?type=w966
2025-05-26 07:14:36,559 - INFO - 좋아요 수집 완료: 43
2025-05-26 07:14:36,565 - INFO - 댓글 수집 완료: 13
2025-05-26 07:14:36,578 - INFO - 레시피 데이터 저장 완료: 샌드위치인 줄 알았죠? 잠봉뵈르 김밥이에요 : 네이버 블로그
2025-05-26 07:14:36,578 - INFO - [8/231] 토픽 페이지 진입: https://in.naver.com/peace8012/topic/826462830458464
2025-05-26 07:14:39,556 - INFO - 현재 URL: https://in.naver.com/peace8012/topic/826462830458464
2025-05-26 07:14:39,556 - INFO - 블로그에서 더보기 버튼 찾는 중...
2025-05-26 07:14:39,565 - INFO - 블로그에서 더보기 버튼 발견
2025-05-26 07:14:39,565 - INFO - 블로그에서 더보기 버튼 클릭 시도...
2025-05-26 07:14:43,476 - INFO - 블로그 페이지로 이동 성공: https://blog.naver.com/peace8012/223423881397?isInf=true&trackingCode=naver_etc
2025-05-26 07:14:48,499 - INFO - iframe 전환 성공
2025-05-26 07:14:58,718 - WARNING - 요소를 찾을 수 없음: css selector=h3.se-title-text, 오류: Message: 
Stacktrace:
	GetHandleVerifier [0x00007FF71F3BCF45+75717]
	GetHandleVerifier [0x00007FF71F3BCFA0+75808]
	(No symbol) [0x00007FF71F188F9A]
	(No symbol) [0x00007FF71F1DF4C6]
	(No symbol) [0x00007FF71F1DF77C]
	(No symbol) [0x00007FF71F232577]
	(No symbol) [0x00007FF71F2073BF]
	(No symbol) [0x00007FF71F22F39C]
	(No symbol) [0x00007FF71F207153]
	(No symbol) [0x00007FF71F1D0421]
	(No symbol) [0x00007FF71F1D11B3]
	GetHandleVerifier [0x00007FF71F6BD71D+3223453]
	GetHandleVerifier [0x00007FF71F6B7CC2+3200322]
	GetHandleVerifier [0x00007FF71F6D5AF3+3322739]
	GetHandleVerifier [0x00007FF71F3D6A1A+180890]
	GetHandleVerifier [0x00007FF71F3DE11F+211359]
	GetHandleVerifier [0x00007FF71F3C5294+109332]
	GetHandleVerifier [0x00007FF71F3C5442+109762]
	GetHandleVerifier [0x00007FF71F3ABA59+4825]
	BaseThreadInitThunk [0x00007FF821F3E8D7+23]
	RtlUserThreadStart [0x00007FF822F3C5DC+44]

2025-05-26 07:15:08,933 - WARNING - 요소를 찾을 수 없음: css selector=h2.se-title-text, 오류: Message: 
Stacktrace:
	GetHandleVerifier [0x00007FF71F3BCF45+75717]
	GetHandleVerifier [0x00007FF71F3BCFA0+75808]
	(No symbol) [0x00007FF71F188F9A]
	(No symbol) [0x00007FF71F1DF4C6]
	(No symbol) [0x00007FF71F1DF77C]
	(No symbol) [0x00007FF71F232577]
	(No symbol) [0x00007FF71F2073BF]
	(No symbol) [0x00007FF71F22F39C]
	(No symbol) [0x00007FF71F207153]
	(No symbol) [0x00007FF71F1D0421]
	(No symbol) [0x00007FF71F1D11B3]
	GetHandleVerifier [0x00007FF71F6BD71D+3223453]
	GetHandleVerifier [0x00007FF71F6B7CC2+3200322]
	GetHandleVerifier [0x00007FF71F6D5AF3+3322739]
	GetHandleVerifier [0x00007FF71F3D6A1A+180890]
	GetHandleVerifier [0x00007FF71F3DE11F+211359]
	GetHandleVerifier [0x00007FF71F3C5294+109332]
	GetHandleVerifier [0x00007FF71F3C5442+109762]
	GetHandleVerifier [0x00007FF71F3ABA59+4825]
	BaseThreadInitThunk [0x00007FF821F3E8D7+23]
	RtlUserThreadStart [0x00007FF822F3C5DC+44]

2025-05-26 07:15:19,168 - WARNING - 요소를 찾을 수 없음: css selector=strong.title_post, 오류: Message: 
Stacktrace:
	GetHandleVerifier [0x00007FF71F3BCF45+75717]
	GetHandleVerifier [0x00007FF71F3BCFA0+75808]
	(No symbol) [0x00007FF71F188F9A]
	(No symbol) [0x00007FF71F1DF4C6]
	(No symbol) [0x00007FF71F1DF77C]
	(No symbol) [0x00007FF71F232577]
	(No symbol) [0x00007FF71F2073BF]
	(No symbol) [0x00007FF71F22F39C]
	(No symbol) [0x00007FF71F207153]
	(No symbol) [0x00007FF71F1D0421]
	(No symbol) [0x00007FF71F1D11B3]
	GetHandleVerifier [0x00007FF71F6BD71D+3223453]
	GetHandleVerifier [0x00007FF71F6B7CC2+3200322]
	GetHandleVerifier [0x00007FF71F6D5AF3+3322739]
	GetHandleVerifier [0x00007FF71F3D6A1A+180890]
	GetHandleVerifier [0x00007FF71F3DE11F+211359]
	GetHandleVerifier [0x00007FF71F3C5294+109332]
	GetHandleVerifier [0x00007FF71F3C5442+109762]
	GetHandleVerifier [0x00007FF71F3ABA59+4825]
	BaseThreadInitThunk [0x00007FF821F3E8D7+23]
	RtlUserThreadStart [0x00007FF822F3C5DC+44]

2025-05-26 07:15:19,173 - INFO - 제목 수집 완료: 고추장 마늘쫑무침 레시피 마늘쫑 고추장무침 반찬 : 네이버 블로그
2025-05-26 07:15:20,010 - INFO - 본문 내용 수집 완료 (길이: 1669)
2025-05-26 07:15:20,016 - INFO - 작성자 수집 완료: 레즐리
2025-05-26 07:15:20,023 - INFO - 썸네일 수집 완료: https://postfiles.pstatic.net/MjAyNDA0MjJfMjM0/MDAxNzEzNzkxNDkxODc5.G92G6Vtg0Buti6rBrJomNET1uztpbGlsm9I-x3AKzdgg.l_UUESEFaZT6v7zRfDGoqDWEDJCy4HSJs_5yKRM-_wIg.JPEG/SE-7f10b683-78b1-4924-b61a-3bf3aa753d2a.jpg?type=w966
2025-05-26 07:15:20,040 - INFO - 좋아요 수집 완료: 205
2025-05-26 07:15:23,102 - WARNING - 요소를 찾을 수 없음: id=commentCount, 오류: Message: 
Stacktrace:
	GetHandleVerifier [0x00007FF71F3BCF45+75717]
	GetHandleVerifier [0x00007FF71F3BCFA0+75808]
	(No symbol) [0x00007FF71F188F9A]
	(No symbol) [0x00007FF71F1DF4C6]
	(No symbol) [0x00007FF71F1DF77C]
	(No symbol) [0x00007FF71F232577]
	(No symbol) [0x00007FF71F2073BF]
	(No symbol) [0x00007FF71F22F39C]
	(No symbol) [0x00007FF71F207153]
	(No symbol) [0x00007FF71F1D0421]
	(No symbol) [0x00007FF71F1D11B3]
	GetHandleVerifier [0x00007FF71F6BD71D+3223453]
	GetHandleVerifier [0x00007FF71F6B7CC2+3200322]
	GetHandleVerifier [0x00007FF71F6D5AF3+3322739]
	GetHandleVerifier [0x00007FF71F3D6A1A+180890]
	GetHandleVerifier [0x00007FF71F3DE11F+211359]
	GetHandleVerifier [0x00007FF71F3C5294+109332]
	GetHandleVerifier [0x00007FF71F3C5442+109762]
	GetHandleVerifier [0x00007FF71F3ABA59+4825]
	BaseThreadInitThunk [0x00007FF821F3E8D7+23]
	RtlUserThreadStart [0x00007FF822F3C5DC+44]

2025-05-26 07:15:23,103 - INFO - 댓글 수집 완료: 0
2025-05-26 07:15:23,123 - INFO - 레시피 데이터 저장 완료: 고추장 마늘쫑무침 레시피 마늘쫑 고추장무침 반찬 : 네이버 블로그
2025-05-26 07:15:23,123 - INFO - [9/231] 토픽 페이지 진입: https://in.naver.com/phpnet/topic/824392135071328
2025-05-26 07:15:25,430 - INFO - 현재 URL: https://in.naver.com/phpnet/topic/824392135071328
2025-05-26 07:15:25,430 - INFO - 블로그에서 더보기 버튼 찾는 중...
2025-05-26 07:15:25,440 - INFO - 블로그에서 더보기 버튼 발견
2025-05-26 07:15:25,440 - INFO - 블로그에서 더보기 버튼 클릭 시도...
2025-05-26 07:15:29,155 - INFO - 블로그 페이지로 이동 성공: https://blog.naver.com/phpnet/223864244932?isInf=true&trackingCode=naver_etc
2025-05-26 07:15:34,179 - INFO - iframe 전환 성공
2025-05-26 07:15:44,386 - WARNING - 요소를 찾을 수 없음: css selector=h3.se-title-text, 오류: Message: 
Stacktrace:
	GetHandleVerifier [0x00007FF71F3BCF45+75717]
	GetHandleVerifier [0x00007FF71F3BCFA0+75808]
	(No symbol) [0x00007FF71F188F9A]
	(No symbol) [0x00007FF71F1DF4C6]
	(No symbol) [0x00007FF71F1DF77C]
	(No symbol) [0x00007FF71F232577]
	(No symbol) [0x00007FF71F2073BF]
	(No symbol) [0x00007FF71F22F39C]
	(No symbol) [0x00007FF71F207153]
	(No symbol) [0x00007FF71F1D0421]
	(No symbol) [0x00007FF71F1D11B3]
	GetHandleVerifier [0x00007FF71F6BD71D+3223453]
	GetHandleVerifier [0x00007FF71F6B7CC2+3200322]
	GetHandleVerifier [0x00007FF71F6D5AF3+3322739]
	GetHandleVerifier [0x00007FF71F3D6A1A+180890]
	GetHandleVerifier [0x00007FF71F3DE11F+211359]
	GetHandleVerifier [0x00007FF71F3C5294+109332]
	GetHandleVerifier [0x00007FF71F3C5442+109762]
	GetHandleVerifier [0x00007FF71F3ABA59+4825]
	BaseThreadInitThunk [0x00007FF821F3E8D7+23]
	RtlUserThreadStart [0x00007FF822F3C5DC+44]

2025-05-26 07:15:54,598 - WARNING - 요소를 찾을 수 없음: css selector=h2.se-title-text, 오류: Message: 
Stacktrace:
	GetHandleVerifier [0x00007FF71F3BCF45+75717]
	GetHandleVerifier [0x00007FF71F3BCFA0+75808]
	(No symbol) [0x00007FF71F188F9A]
	(No symbol) [0x00007FF71F1DF4C6]
	(No symbol) [0x00007FF71F1DF77C]
	(No symbol) [0x00007FF71F232577]
	(No symbol) [0x00007FF71F2073BF]
	(No symbol) [0x00007FF71F22F39C]
	(No symbol) [0x00007FF71F207153]
	(No symbol) [0x00007FF71F1D0421]
	(No symbol) [0x00007FF71F1D11B3]
	GetHandleVerifier [0x00007FF71F6BD71D+3223453]
	GetHandleVerifier [0x00007FF71F6B7CC2+3200322]
	GetHandleVerifier [0x00007FF71F6D5AF3+3322739]
	GetHandleVerifier [0x00007FF71F3D6A1A+180890]
	GetHandleVerifier [0x00007FF71F3DE11F+211359]
	GetHandleVerifier [0x00007FF71F3C5294+109332]
	GetHandleVerifier [0x00007FF71F3C5442+109762]
	GetHandleVerifier [0x00007FF71F3ABA59+4825]
	BaseThreadInitThunk [0x00007FF821F3E8D7+23]
	RtlUserThreadStart [0x00007FF822F3C5DC+44]

2025-05-26 07:16:04,789 - WARNING - 요소를 찾을 수 없음: css selector=strong.title_post, 오류: Message: 
Stacktrace:
	GetHandleVerifier [0x00007FF71F3BCF45+75717]
	GetHandleVerifier [0x00007FF71F3BCFA0+75808]
	(No symbol) [0x00007FF71F188F9A]
	(No symbol) [0x00007FF71F1DF4C6]
	(No symbol) [0x00007FF71F1DF77C]
	(No symbol) [0x00007FF71F232577]
	(No symbol) [0x00007FF71F2073BF]
	(No symbol) [0x00007FF71F22F39C]
	(No symbol) [0x00007FF71F207153]
	(No symbol) [0x00007FF71F1D0421]
	(No symbol) [0x00007FF71F1D11B3]
	GetHandleVerifier [0x00007FF71F6BD71D+3223453]
	GetHandleVerifier [0x00007FF71F6B7CC2+3200322]
	GetHandleVerifier [0x00007FF71F6D5AF3+3322739]
	GetHandleVerifier [0x00007FF71F3D6A1A+180890]
	GetHandleVerifier [0x00007FF71F3DE11F+211359]
	GetHandleVerifier [0x00007FF71F3C5294+109332]
	GetHandleVerifier [0x00007FF71F3C5442+109762]
	GetHandleVerifier [0x00007FF71F3ABA59+4825]
	BaseThreadInitThunk [0x00007FF821F3E8D7+23]
	RtlUserThreadStart [0x00007FF822F3C5DC+44]

2025-05-26 07:16:04,797 - INFO - 제목 수집 완료: 다양한 토스트 만들기 레시피 아침 브런치 메뉴 : 네이버 블로그
2025-05-26 07:16:05,286 - INFO - 본문 내용 수집 완료 (길이: 1318)
2025-05-26 07:16:05,292 - INFO - 작성자 수집 완료: 배꽃
2025-05-26 07:16:05,298 - INFO - 썸네일 수집 완료: https://postfiles.pstatic.net/MjAyNTA1MTNfMTEg/MDAxNzQ3MTAxMzc5Mjg4.426-2rcpjYS7v3wfv-38PUECaNJ9D6YRseCg_SM7zJIg.0h5Plz2qxgxWMZofsWbAsGMIj1EBtHm0i3XKY1BzArMg.JPEG/IMG_3365.JPG?type=w966
2025-05-26 07:16:05,316 - INFO - 좋아요 수집 완료: 115
2025-05-26 07:16:08,368 - WARNING - 요소를 찾을 수 없음: id=commentCount, 오류: Message: 
Stacktrace:
	GetHandleVerifier [0x00007FF71F3BCF45+75717]
	GetHandleVerifier [0x00007FF71F3BCFA0+75808]
	(No symbol) [0x00007FF71F188F9A]
	(No symbol) [0x00007FF71F1DF4C6]
	(No symbol) [0x00007FF71F1DF77C]
	(No symbol) [0x00007FF71F232577]
	(No symbol) [0x00007FF71F2073BF]
	(No symbol) [0x00007FF71F22F39C]
	(No symbol) [0x00007FF71F207153]
	(No symbol) [0x00007FF71F1D0421]
	(No symbol) [0x00007FF71F1D11B3]
	GetHandleVerifier [0x00007FF71F6BD71D+3223453]
	GetHandleVerifier [0x00007FF71F6B7CC2+3200322]
	GetHandleVerifier [0x00007FF71F6D5AF3+3322739]
	GetHandleVerifier [0x00007FF71F3D6A1A+180890]
	GetHandleVerifier [0x00007FF71F3DE11F+211359]
	GetHandleVerifier [0x00007FF71F3C5294+109332]
	GetHandleVerifier [0x00007FF71F3C5442+109762]
	GetHandleVerifier [0x00007FF71F3ABA59+4825]
	BaseThreadInitThunk [0x00007FF821F3E8D7+23]
	RtlUserThreadStart [0x00007FF822F3C5DC+44]

2025-05-26 07:16:08,369 - INFO - 댓글 수집 완료: 0
2025-05-26 07:16:08,388 - INFO - 레시피 데이터 저장 완료: 다양한 토스트 만들기 레시피 아침 브런치 메뉴 : 네이버 블로그
2025-05-26 07:16:08,389 - INFO - [10/231] 토픽 페이지 진입: https://in.naver.com/misoo0612/topic/823358243264160
2025-05-26 07:16:10,742 - INFO - 현재 URL: https://in.naver.com/misoo0612/topic/823358243264160
2025-05-26 07:16:10,742 - INFO - 블로그에서 더보기 버튼 찾는 중...
2025-05-26 07:16:10,757 - INFO - 블로그에서 더보기 버튼 발견
2025-05-26 07:16:10,757 - INFO - 블로그에서 더보기 버튼 클릭 시도...
2025-05-26 07:16:14,778 - INFO - 블로그 페이지로 이동 성공: https://blog.naver.com/misoo0612/223861430380?isInf=true&trackingCode=naver_etc
2025-05-26 07:16:19,799 - INFO - iframe 전환 성공
2025-05-26 07:16:29,996 - WARNING - 요소를 찾을 수 없음: css selector=h3.se-title-text, 오류: Message: 
Stacktrace:
	GetHandleVerifier [0x00007FF71F3BCF45+75717]
	GetHandleVerifier [0x00007FF71F3BCFA0+75808]
	(No symbol) [0x00007FF71F188F9A]
	(No symbol) [0x00007FF71F1DF4C6]
	(No symbol) [0x00007FF71F1DF77C]
	(No symbol) [0x00007FF71F232577]
	(No symbol) [0x00007FF71F2073BF]
	(No symbol) [0x00007FF71F22F39C]
	(No symbol) [0x00007FF71F207153]
	(No symbol) [0x00007FF71F1D0421]
	(No symbol) [0x00007FF71F1D11B3]
	GetHandleVerifier [0x00007FF71F6BD71D+3223453]
	GetHandleVerifier [0x00007FF71F6B7CC2+3200322]
	GetHandleVerifier [0x00007FF71F6D5AF3+3322739]
	GetHandleVerifier [0x00007FF71F3D6A1A+180890]
	GetHandleVerifier [0x00007FF71F3DE11F+211359]
	GetHandleVerifier [0x00007FF71F3C5294+109332]
	GetHandleVerifier [0x00007FF71F3C5442+109762]
	GetHandleVerifier [0x00007FF71F3ABA59+4825]
	BaseThreadInitThunk [0x00007FF821F3E8D7+23]
	RtlUserThreadStart [0x00007FF822F3C5DC+44]

2025-05-26 07:16:40,208 - WARNING - 요소를 찾을 수 없음: css selector=h2.se-title-text, 오류: Message: 
Stacktrace:
	GetHandleVerifier [0x00007FF71F3BCF45+75717]
	GetHandleVerifier [0x00007FF71F3BCFA0+75808]
	(No symbol) [0x00007FF71F188F9A]
	(No symbol) [0x00007FF71F1DF4C6]
	(No symbol) [0x00007FF71F1DF77C]
	(No symbol) [0x00007FF71F232577]
	(No symbol) [0x00007FF71F2073BF]
	(No symbol) [0x00007FF71F22F39C]
	(No symbol) [0x00007FF71F207153]
	(No symbol) [0x00007FF71F1D0421]
	(No symbol) [0x00007FF71F1D11B3]
	GetHandleVerifier [0x00007FF71F6BD71D+3223453]
	GetHandleVerifier [0x00007FF71F6B7CC2+3200322]
	GetHandleVerifier [0x00007FF71F6D5AF3+3322739]
	GetHandleVerifier [0x00007FF71F3D6A1A+180890]
	GetHandleVerifier [0x00007FF71F3DE11F+211359]
	GetHandleVerifier [0x00007FF71F3C5294+109332]
	GetHandleVerifier [0x00007FF71F3C5442+109762]
	GetHandleVerifier [0x00007FF71F3ABA59+4825]
	BaseThreadInitThunk [0x00007FF821F3E8D7+23]
	RtlUserThreadStart [0x00007FF822F3C5DC+44]

2025-05-26 07:16:50,404 - WARNING - 요소를 찾을 수 없음: css selector=strong.title_post, 오류: Message: 
Stacktrace:
	GetHandleVerifier [0x00007FF71F3BCF45+75717]
	GetHandleVerifier [0x00007FF71F3BCFA0+75808]
	(No symbol) [0x00007FF71F188F9A]
	(No symbol) [0x00007FF71F1DF4C6]
	(No symbol) [0x00007FF71F1DF77C]
	(No symbol) [0x00007FF71F232577]
	(No symbol) [0x00007FF71F2073BF]
	(No symbol) [0x00007FF71F22F39C]
	(No symbol) [0x00007FF71F207153]
	(No symbol) [0x00007FF71F1D0421]
	(No symbol) [0x00007FF71F1D11B3]
	GetHandleVerifier [0x00007FF71F6BD71D+3223453]
	GetHandleVerifier [0x00007FF71F6B7CC2+3200322]
	GetHandleVerifier [0x00007FF71F6D5AF3+3322739]
	GetHandleVerifier [0x00007FF71F3D6A1A+180890]
	GetHandleVerifier [0x00007FF71F3DE11F+211359]
	GetHandleVerifier [0x00007FF71F3C5294+109332]
	GetHandleVerifier [0x00007FF71F3C5442+109762]
	GetHandleVerifier [0x00007FF71F3ABA59+4825]
	BaseThreadInitThunk [0x00007FF821F3E8D7+23]
	RtlUserThreadStart [0x00007FF822F3C5DC+44]

2025-05-26 07:16:50,406 - INFO - 제목 수집 완료: 반숙 계란장 만들기 초간단 간장 계란장 레시피.. : 네이버블로그
2025-05-26 07:16:50,754 - INFO - 본문 내용 수집 완료 (길이: 989)
2025-05-26 07:16:50,759 - INFO - 작성자 수집 완료: 제이맘
2025-05-26 07:16:50,765 - INFO - 썸네일 수집 완료: https://postfiles.pstatic.net/MjAyNTA1MTBfMjcz/MDAxNzQ2ODc3NzM2MzIz.E94kiTRrxhKVaQSYtlNOpiQRzHsvx9UAUe_Qh-mC1_cg.__O9gvKFiydDxK2Hd0PMcLO71Szu-8lvG1vUgwm7oiEg.JPEG/IMG_5085.JPG?type=w966
2025-05-26 07:16:53,812 - WARNING - 요소를 찾을 수 없음: class name=area_sympathy, 오류: Message: 
Stacktrace:
	GetHandleVerifier [0x00007FF71F3BCF45+75717]
	GetHandleVerifier [0x00007FF71F3BCFA0+75808]
	(No symbol) [0x00007FF71F188F9A]
	(No symbol) [0x00007FF71F1DF4C6]
	(No symbol) [0x00007FF71F1DF77C]
	(No symbol) [0x00007FF71F232577]
	(No symbol) [0x00007FF71F2073BF]
	(No symbol) [0x00007FF71F22F39C]
	(No symbol) [0x00007FF71F207153]
	(No symbol) [0x00007FF71F1D0421]
	(No symbol) [0x00007FF71F1D11B3]
	GetHandleVerifier [0x00007FF71F6BD71D+3223453]
	GetHandleVerifier [0x00007FF71F6B7CC2+3200322]
	GetHandleVerifier [0x00007FF71F6D5AF3+3322739]
	GetHandleVerifier [0x00007FF71F3D6A1A+180890]
	GetHandleVerifier [0x00007FF71F3DE11F+211359]
	GetHandleVerifier [0x00007FF71F3C5294+109332]
	GetHandleVerifier [0x00007FF71F3C5442+109762]
	GetHandleVerifier [0x00007FF71F3ABA59+4825]
	BaseThreadInitThunk [0x00007FF821F3E8D7+23]
	RtlUserThreadStart [0x00007FF822F3C5DC+44]

2025-05-26 07:16:53,813 - INFO - 좋아요 수집 완료: 0
2025-05-26 07:16:56,862 - WARNING - 요소를 찾을 수 없음: id=commentCount, 오류: Message: 
Stacktrace:
	GetHandleVerifier [0x00007FF71F3BCF45+75717]
	GetHandleVerifier [0x00007FF71F3BCFA0+75808]
	(No symbol) [0x00007FF71F188F9A]
	(No symbol) [0x00007FF71F1DF4C6]
	(No symbol) [0x00007FF71F1DF77C]
	(No symbol) [0x00007FF71F232577]
	(No symbol) [0x00007FF71F2073BF]
	(No symbol) [0x00007FF71F22F39C]
	(No symbol) [0x00007FF71F207153]
	(No symbol) [0x00007FF71F1D0421]
	(No symbol) [0x00007FF71F1D11B3]
	GetHandleVerifier [0x00007FF71F6BD71D+3223453]
	GetHandleVerifier [0x00007FF71F6B7CC2+3200322]
	GetHandleVerifier [0x00007FF71F6D5AF3+3322739]
	GetHandleVerifier [0x00007FF71F3D6A1A+180890]
	GetHandleVerifier [0x00007FF71F3DE11F+211359]
	GetHandleVerifier [0x00007FF71F3C5294+109332]
	GetHandleVerifier [0x00007FF71F3C5442+109762]
	GetHandleVerifier [0x00007FF71F3ABA59+4825]
	BaseThreadInitThunk [0x00007FF821F3E8D7+23]
	RtlUserThreadStart [0x00007FF822F3C5DC+44]

2025-05-26 07:16:56,862 - INFO - 댓글 수집 완료: 0
2025-05-26 07:16:56,876 - INFO - 레시피 데이터 저장 완료: 반숙 계란장 만들기 초간단 간장 계란장 레시피.. : 네이버블로그
2025-05-26 07:16:56,877 - INFO - [11/231] 토픽 페이지 진입: https://in.naver.com/only177/topic/823594587067968
2025-05-26 07:16:59,125 - INFO - 현재 URL: https://in.naver.com/only177/topic/823594587067968
2025-05-26 07:16:59,126 - INFO - 블로그에서 더보기 버튼 찾는 중...
2025-05-26 07:16:59,139 - INFO - 블로그에서 더보기 버튼 발견
2025-05-26 07:16:59,139 - INFO - 블로그에서 더보기 버튼 클릭 시도...
2025-05-26 07:17:02,773 - INFO - 블로그 페이지로 이동 성공: https://blog.naver.com/only177/223630166521?isInf=true&trackingCode=naver_etc
2025-05-26 07:17:07,798 - INFO - iframe 전환 성공
2025-05-26 07:17:17,999 - WARNING - 요소를 찾을 수 없음: css selector=h3.se-title-text, 오류: Message: 
Stacktrace:
	GetHandleVerifier [0x00007FF71F3BCF45+75717]
	GetHandleVerifier [0x00007FF71F3BCFA0+75808]
	(No symbol) [0x00007FF71F188F9A]
	(No symbol) [0x00007FF71F1DF4C6]
	(No symbol) [0x00007FF71F1DF77C]
	(No symbol) [0x00007FF71F232577]
	(No symbol) [0x00007FF71F2073BF]
	(No symbol) [0x00007FF71F22F39C]
	(No symbol) [0x00007FF71F207153]
	(No symbol) [0x00007FF71F1D0421]
	(No symbol) [0x00007FF71F1D11B3]
	GetHandleVerifier [0x00007FF71F6BD71D+3223453]
	GetHandleVerifier [0x00007FF71F6B7CC2+3200322]
	GetHandleVerifier [0x00007FF71F6D5AF3+3322739]
	GetHandleVerifier [0x00007FF71F3D6A1A+180890]
	GetHandleVerifier [0x00007FF71F3DE11F+211359]
	GetHandleVerifier [0x00007FF71F3C5294+109332]
	GetHandleVerifier [0x00007FF71F3C5442+109762]
	GetHandleVerifier [0x00007FF71F3ABA59+4825]
	BaseThreadInitThunk [0x00007FF821F3E8D7+23]
	RtlUserThreadStart [0x00007FF822F3C5DC+44]

2025-05-26 07:17:28,188 - WARNING - 요소를 찾을 수 없음: css selector=h2.se-title-text, 오류: Message: 
Stacktrace:
	GetHandleVerifier [0x00007FF71F3BCF45+75717]
	GetHandleVerifier [0x00007FF71F3BCFA0+75808]
	(No symbol) [0x00007FF71F188F9A]
	(No symbol) [0x00007FF71F1DF4C6]
	(No symbol) [0x00007FF71F1DF77C]
	(No symbol) [0x00007FF71F232577]
	(No symbol) [0x00007FF71F2073BF]
	(No symbol) [0x00007FF71F22F39C]
	(No symbol) [0x00007FF71F207153]
	(No symbol) [0x00007FF71F1D0421]
	(No symbol) [0x00007FF71F1D11B3]
	GetHandleVerifier [0x00007FF71F6BD71D+3223453]
	GetHandleVerifier [0x00007FF71F6B7CC2+3200322]
	GetHandleVerifier [0x00007FF71F6D5AF3+3322739]
	GetHandleVerifier [0x00007FF71F3D6A1A+180890]
	GetHandleVerifier [0x00007FF71F3DE11F+211359]
	GetHandleVerifier [0x00007FF71F3C5294+109332]
	GetHandleVerifier [0x00007FF71F3C5442+109762]
	GetHandleVerifier [0x00007FF71F3ABA59+4825]
	BaseThreadInitThunk [0x00007FF821F3E8D7+23]
	RtlUserThreadStart [0x00007FF822F3C5DC+44]

2025-05-26 07:17:38,381 - WARNING - 요소를 찾을 수 없음: css selector=strong.title_post, 오류: Message: 
Stacktrace:
	GetHandleVerifier [0x00007FF71F3BCF45+75717]
	GetHandleVerifier [0x00007FF71F3BCFA0+75808]
	(No symbol) [0x00007FF71F188F9A]
	(No symbol) [0x00007FF71F1DF4C6]
	(No symbol) [0x00007FF71F1DF77C]
	(No symbol) [0x00007FF71F232577]
	(No symbol) [0x00007FF71F2073BF]
	(No symbol) [0x00007FF71F22F39C]
	(No symbol) [0x00007FF71F207153]
	(No symbol) [0x00007FF71F1D0421]
	(No symbol) [0x00007FF71F1D11B3]
	GetHandleVerifier [0x00007FF71F6BD71D+3223453]
	GetHandleVerifier [0x00007FF71F6B7CC2+3200322]
	GetHandleVerifier [0x00007FF71F6D5AF3+3322739]
	GetHandleVerifier [0x00007FF71F3D6A1A+180890]
	GetHandleVerifier [0x00007FF71F3DE11F+211359]
	GetHandleVerifier [0x00007FF71F3C5294+109332]
	GetHandleVerifier [0x00007FF71F3C5442+109762]
	GetHandleVerifier [0x00007FF71F3ABA59+4825]
	BaseThreadInitThunk [0x00007FF821F3E8D7+23]
	RtlUserThreadStart [0x00007FF822F3C5DC+44]

2025-05-26 07:17:38,391 - INFO - 제목 수집 완료: 호박잎찌기 찌는법 손질 세척법 호박잎찌는시간 .. : 네이버블로그
2025-05-26 07:17:38,912 - INFO - 본문 내용 수집 완료 (길이: 837)
2025-05-26 07:17:38,918 - INFO - 작성자 수집 완료: 꼰다맘
2025-05-26 07:17:38,923 - INFO - 썸네일 수집 완료: https://postfiles.pstatic.net/MjAyNDEwMjJfMTky/MDAxNzI5NTkzNzM4ODg5.lmgtS0jMNiAsU3eUdVwCNS3chgC7lq6wpxMHhy9WbdQg.Y46UYkeB3OaeUmuGxt2FiFBUGrWuBrNo1ctlkgBUsPUg.JPEG/1729593568703.jpg?type=w773
2025-05-26 07:17:38,942 - INFO - 좋아요 수집 완료: 20
2025-05-26 07:17:38,948 - INFO - 댓글 수집 완료: 2
2025-05-26 07:17:38,953 - INFO - 레시피 데이터 저장 완료: 호박잎찌기 찌는법 손질 세척법 호박잎찌는시간 .. : 네이버블로그
2025-05-26 07:17:38,953 - INFO - [12/231] 토픽 페이지 진입: https://in.naver.com/wtiger5v/topic/823005366728320
2025-05-26 07:17:41,947 - INFO - 현재 URL: https://in.naver.com/wtiger5v/topic/823005366728320
2025-05-26 07:17:41,947 - INFO - 블로그에서 더보기 버튼 찾는 중...
2025-05-26 07:17:41,957 - INFO - 블로그에서 더보기 버튼 발견
2025-05-26 07:17:41,957 - INFO - 블로그에서 더보기 버튼 클릭 시도...
2025-05-26 07:17:45,881 - INFO - 블로그 페이지로 이동 성공: https://blog.naver.com/wtiger5v/223487102219?isInf=true&trackingCode=naver_etc
2025-05-26 07:17:50,899 - INFO - iframe 전환 성공
2025-05-26 07:18:01,006 - WARNING - 요소를 찾을 수 없음: css selector=h3.se-title-text, 오류: Message: 
Stacktrace:
	GetHandleVerifier [0x00007FF71F3BCF45+75717]
	GetHandleVerifier [0x00007FF71F3BCFA0+75808]
	(No symbol) [0x00007FF71F188F9A]
	(No symbol) [0x00007FF71F1DF4C6]
	(No symbol) [0x00007FF71F1DF77C]
	(No symbol) [0x00007FF71F232577]
	(No symbol) [0x00007FF71F2073BF]
	(No symbol) [0x00007FF71F22F39C]
	(No symbol) [0x00007FF71F207153]
	(No symbol) [0x00007FF71F1D0421]
	(No symbol) [0x00007FF71F1D11B3]
	GetHandleVerifier [0x00007FF71F6BD71D+3223453]
	GetHandleVerifier [0x00007FF71F6B7CC2+3200322]
	GetHandleVerifier [0x00007FF71F6D5AF3+3322739]
	GetHandleVerifier [0x00007FF71F3D6A1A+180890]
	GetHandleVerifier [0x00007FF71F3DE11F+211359]
	GetHandleVerifier [0x00007FF71F3C5294+109332]
	GetHandleVerifier [0x00007FF71F3C5442+109762]
	GetHandleVerifier [0x00007FF71F3ABA59+4825]
	BaseThreadInitThunk [0x00007FF821F3E8D7+23]
	RtlUserThreadStart [0x00007FF822F3C5DC+44]

2025-05-26 07:18:11,093 - WARNING - 요소를 찾을 수 없음: css selector=h2.se-title-text, 오류: Message: 
Stacktrace:
	GetHandleVerifier [0x00007FF71F3BCF45+75717]
	GetHandleVerifier [0x00007FF71F3BCFA0+75808]
	(No symbol) [0x00007FF71F188F9A]
	(No symbol) [0x00007FF71F1DF4C6]
	(No symbol) [0x00007FF71F1DF77C]
	(No symbol) [0x00007FF71F232577]
	(No symbol) [0x00007FF71F2073BF]
	(No symbol) [0x00007FF71F22F39C]
	(No symbol) [0x00007FF71F207153]
	(No symbol) [0x00007FF71F1D0421]
	(No symbol) [0x00007FF71F1D11B3]
	GetHandleVerifier [0x00007FF71F6BD71D+3223453]
	GetHandleVerifier [0x00007FF71F6B7CC2+3200322]
	GetHandleVerifier [0x00007FF71F6D5AF3+3322739]
	GetHandleVerifier [0x00007FF71F3D6A1A+180890]
	GetHandleVerifier [0x00007FF71F3DE11F+211359]
	GetHandleVerifier [0x00007FF71F3C5294+109332]
	GetHandleVerifier [0x00007FF71F3C5442+109762]
	GetHandleVerifier [0x00007FF71F3ABA59+4825]
	BaseThreadInitThunk [0x00007FF821F3E8D7+23]
	RtlUserThreadStart [0x00007FF822F3C5DC+44]

2025-05-26 07:18:21,179 - WARNING - 요소를 찾을 수 없음: css selector=strong.title_post, 오류: Message: 
Stacktrace:
	GetHandleVerifier [0x00007FF71F3BCF45+75717]
	GetHandleVerifier [0x00007FF71F3BCFA0+75808]
	(No symbol) [0x00007FF71F188F9A]
	(No symbol) [0x00007FF71F1DF4C6]
	(No symbol) [0x00007FF71F1DF77C]
	(No symbol) [0x00007FF71F232577]
	(No symbol) [0x00007FF71F2073BF]
	(No symbol) [0x00007FF71F22F39C]
	(No symbol) [0x00007FF71F207153]
	(No symbol) [0x00007FF71F1D0421]
	(No symbol) [0x00007FF71F1D11B3]
	GetHandleVerifier [0x00007FF71F6BD71D+3223453]
	GetHandleVerifier [0x00007FF71F6B7CC2+3200322]
	GetHandleVerifier [0x00007FF71F6D5AF3+3322739]
	GetHandleVerifier [0x00007FF71F3D6A1A+180890]
	GetHandleVerifier [0x00007FF71F3DE11F+211359]
	GetHandleVerifier [0x00007FF71F3C5294+109332]
	GetHandleVerifier [0x00007FF71F3C5442+109762]
	GetHandleVerifier [0x00007FF71F3ABA59+4825]
	BaseThreadInitThunk [0x00007FF821F3E8D7+23]
	RtlUserThreadStart [0x00007FF822F3C5DC+44]

2025-05-26 07:18:21,183 - INFO - 제목 수집 완료: 코스트코 빵 종류 피타 브레드 담백한 이스라엘.. : 네이버블로그
2025-05-26 07:18:22,128 - INFO - 본문 내용 수집 완료 (길이: 1396)
2025-05-26 07:18:22,133 - INFO - 작성자 수집 완료: 중년아빠 백호
2025-05-26 07:18:22,139 - INFO - 썸네일 수집 완료: https://postfiles.pstatic.net/MjAyNDA2MjFfMTUx/MDAxNzE4OTU0MzcwMTU5.zmIOoJRu6dNZHMiJXBI0bfcELI0p07Cu_bHzo463rI4g.L8kAV9PFzuf_PJEdWaQaO3ew_18VqRuyi4i5h0FwRy8g.JPEG/SE-fe5219fe-4932-4659-8430-9b79cc169002.jpg?type=w966
2025-05-26 07:18:22,156 - INFO - 좋아요 수집 완료: 44
2025-05-26 07:18:22,162 - INFO - 댓글 수집 완료: 8
2025-05-26 07:18:22,169 - INFO - 레시피 데이터 저장 완료: 코스트코 빵 종류 피타 브레드 담백한 이스라엘.. : 네이버블로그
2025-05-26 07:18:22,169 - INFO - [13/231] 토픽 페이지 진입: https://in.naver.com/lightyellow/topic/824223039891072
2025-05-26 07:18:25,059 - INFO - 현재 URL: https://in.naver.com/lightyellow/topic/824223039891072
2025-05-26 07:18:25,059 - INFO - 블로그에서 더보기 버튼 찾는 중...
2025-05-26 07:18:25,069 - INFO - 블로그에서 더보기 버튼 발견
2025-05-26 07:18:25,069 - INFO - 블로그에서 더보기 버튼 클릭 시도...
2025-05-26 07:18:28,374 - INFO - 블로그 페이지로 이동 성공: https://blog.naver.com/lightyellow01/223700117535?isInf=true&trackingCode=naver_etc
2025-05-26 07:18:33,387 - INFO - iframe 전환 성공
2025-05-26 07:18:43,490 - WARNING - 요소를 찾을 수 없음: css selector=h3.se-title-text, 오류: Message: 
Stacktrace:
	GetHandleVerifier [0x00007FF71F3BCF45+75717]
	GetHandleVerifier [0x00007FF71F3BCFA0+75808]
	(No symbol) [0x00007FF71F188F9A]
	(No symbol) [0x00007FF71F1DF4C6]
	(No symbol) [0x00007FF71F1DF77C]
	(No symbol) [0x00007FF71F232577]
	(No symbol) [0x00007FF71F2073BF]
	(No symbol) [0x00007FF71F22F39C]
	(No symbol) [0x00007FF71F207153]
	(No symbol) [0x00007FF71F1D0421]
	(No symbol) [0x00007FF71F1D11B3]
	GetHandleVerifier [0x00007FF71F6BD71D+3223453]
	GetHandleVerifier [0x00007FF71F6B7CC2+3200322]
	GetHandleVerifier [0x00007FF71F6D5AF3+3322739]
	GetHandleVerifier [0x00007FF71F3D6A1A+180890]
	GetHandleVerifier [0x00007FF71F3DE11F+211359]
	GetHandleVerifier [0x00007FF71F3C5294+109332]
	GetHandleVerifier [0x00007FF71F3C5442+109762]
	GetHandleVerifier [0x00007FF71F3ABA59+4825]
	BaseThreadInitThunk [0x00007FF821F3E8D7+23]
	RtlUserThreadStart [0x00007FF822F3C5DC+44]

2025-05-26 07:18:53,585 - WARNING - 요소를 찾을 수 없음: css selector=h2.se-title-text, 오류: Message: 
Stacktrace:
	GetHandleVerifier [0x00007FF71F3BCF45+75717]
	GetHandleVerifier [0x00007FF71F3BCFA0+75808]
	(No symbol) [0x00007FF71F188F9A]
	(No symbol) [0x00007FF71F1DF4C6]
	(No symbol) [0x00007FF71F1DF77C]
	(No symbol) [0x00007FF71F232577]
	(No symbol) [0x00007FF71F2073BF]
	(No symbol) [0x00007FF71F22F39C]
	(No symbol) [0x00007FF71F207153]
	(No symbol) [0x00007FF71F1D0421]
	(No symbol) [0x00007FF71F1D11B3]
	GetHandleVerifier [0x00007FF71F6BD71D+3223453]
	GetHandleVerifier [0x00007FF71F6B7CC2+3200322]
	GetHandleVerifier [0x00007FF71F6D5AF3+3322739]
	GetHandleVerifier [0x00007FF71F3D6A1A+180890]
	GetHandleVerifier [0x00007FF71F3DE11F+211359]
	GetHandleVerifier [0x00007FF71F3C5294+109332]
	GetHandleVerifier [0x00007FF71F3C5442+109762]
	GetHandleVerifier [0x00007FF71F3ABA59+4825]
	BaseThreadInitThunk [0x00007FF821F3E8D7+23]
	RtlUserThreadStart [0x00007FF822F3C5DC+44]

2025-05-26 07:19:03,691 - WARNING - 요소를 찾을 수 없음: css selector=strong.title_post, 오류: Message: 
Stacktrace:
	GetHandleVerifier [0x00007FF71F3BCF45+75717]
	GetHandleVerifier [0x00007FF71F3BCFA0+75808]
	(No symbol) [0x00007FF71F188F9A]
	(No symbol) [0x00007FF71F1DF4C6]
	(No symbol) [0x00007FF71F1DF77C]
	(No symbol) [0x00007FF71F232577]
	(No symbol) [0x00007FF71F2073BF]
	(No symbol) [0x00007FF71F22F39C]
	(No symbol) [0x00007FF71F207153]
	(No symbol) [0x00007FF71F1D0421]
	(No symbol) [0x00007FF71F1D11B3]
	GetHandleVerifier [0x00007FF71F6BD71D+3223453]
	GetHandleVerifier [0x00007FF71F6B7CC2+3200322]
	GetHandleVerifier [0x00007FF71F6D5AF3+3322739]
	GetHandleVerifier [0x00007FF71F3D6A1A+180890]
	GetHandleVerifier [0x00007FF71F3DE11F+211359]
	GetHandleVerifier [0x00007FF71F3C5294+109332]
	GetHandleVerifier [0x00007FF71F3C5442+109762]
	GetHandleVerifier [0x00007FF71F3ABA59+4825]
	BaseThreadInitThunk [0x00007FF821F3E8D7+23]
	RtlUserThreadStart [0x00007FF822F3C5DC+44]

2025-05-26 07:19:03,695 - INFO - 제목 수집 완료: 명란순두부찌개 레시피 끓이는법 만드는법 백명란.. : 네이버블로그
2025-05-26 07:19:04,053 - INFO - 본문 내용 수집 완료 (길이: 1316)
2025-05-26 07:19:04,058 - INFO - 작성자 수집 완료: 연노랑
2025-05-26 07:19:04,064 - INFO - 썸네일 수집 완료: https://postfiles.pstatic.net/MjAyNDEyMjBfMTYx/MDAxNzM0NjcwMjA4MzIw.Hc-junoEUz2XIM6ZJ7VJvjjNfakEVEeu0aKd1tGFvaIg.YyAH25bgk_B5R_gmiHjT-GTgmAhgWabkfkzK7Q13_dMg.JPEG/SE-e3a9b353-c508-46db-a1da-86c12c4d988d.jpg?type=w966
2025-05-26 07:19:04,082 - INFO - 좋아요 수집 완료: 41
2025-05-26 07:19:04,088 - INFO - 댓글 수집 완료: 23
2025-05-26 07:19:04,097 - INFO - 레시피 데이터 저장 완료: 명란순두부찌개 레시피 끓이는법 만드는법 백명란.. : 네이버블로그
2025-05-26 07:19:04,097 - INFO - [14/231] 토픽 페이지 진입: https://in.naver.com/psy9133/topic/823385387640416
2025-05-26 07:19:06,310 - INFO - 현재 URL: https://in.naver.com/psy9133/topic/823385387640416
2025-05-26 07:19:06,310 - INFO - 블로그에서 더보기 버튼 찾는 중...
2025-05-26 07:19:06,320 - INFO - 블로그에서 더보기 버튼 발견
2025-05-26 07:19:06,320 - INFO - 블로그에서 더보기 버튼 클릭 시도...
2025-05-26 07:19:09,700 - INFO - 블로그 페이지로 이동 성공: https://blog.naver.com/psy9133/223836281181?isInf=true&trackingCode=naver_etc
2025-05-26 07:19:14,712 - INFO - iframe 전환 성공
2025-05-26 07:19:24,803 - WARNING - 요소를 찾을 수 없음: css selector=h3.se-title-text, 오류: Message: 
Stacktrace:
	GetHandleVerifier [0x00007FF71F3BCF45+75717]
	GetHandleVerifier [0x00007FF71F3BCFA0+75808]
	(No symbol) [0x00007FF71F188F9A]
	(No symbol) [0x00007FF71F1DF4C6]
	(No symbol) [0x00007FF71F1DF77C]
	(No symbol) [0x00007FF71F232577]
	(No symbol) [0x00007FF71F2073BF]
	(No symbol) [0x00007FF71F22F39C]
	(No symbol) [0x00007FF71F207153]
	(No symbol) [0x00007FF71F1D0421]
	(No symbol) [0x00007FF71F1D11B3]
	GetHandleVerifier [0x00007FF71F6BD71D+3223453]
	GetHandleVerifier [0x00007FF71F6B7CC2+3200322]
	GetHandleVerifier [0x00007FF71F6D5AF3+3322739]
	GetHandleVerifier [0x00007FF71F3D6A1A+180890]
	GetHandleVerifier [0x00007FF71F3DE11F+211359]
	GetHandleVerifier [0x00007FF71F3C5294+109332]
	GetHandleVerifier [0x00007FF71F3C5442+109762]
	GetHandleVerifier [0x00007FF71F3ABA59+4825]
	BaseThreadInitThunk [0x00007FF821F3E8D7+23]
	RtlUserThreadStart [0x00007FF822F3C5DC+44]

2025-05-26 07:19:34,907 - WARNING - 요소를 찾을 수 없음: css selector=h2.se-title-text, 오류: Message: 
Stacktrace:
	GetHandleVerifier [0x00007FF71F3BCF45+75717]
	GetHandleVerifier [0x00007FF71F3BCFA0+75808]
	(No symbol) [0x00007FF71F188F9A]
	(No symbol) [0x00007FF71F1DF4C6]
	(No symbol) [0x00007FF71F1DF77C]
	(No symbol) [0x00007FF71F232577]
	(No symbol) [0x00007FF71F2073BF]
	(No symbol) [0x00007FF71F22F39C]
	(No symbol) [0x00007FF71F207153]
	(No symbol) [0x00007FF71F1D0421]
	(No symbol) [0x00007FF71F1D11B3]
	GetHandleVerifier [0x00007FF71F6BD71D+3223453]
	GetHandleVerifier [0x00007FF71F6B7CC2+3200322]
	GetHandleVerifier [0x00007FF71F6D5AF3+3322739]
	GetHandleVerifier [0x00007FF71F3D6A1A+180890]
	GetHandleVerifier [0x00007FF71F3DE11F+211359]
	GetHandleVerifier [0x00007FF71F3C5294+109332]
	GetHandleVerifier [0x00007FF71F3C5442+109762]
	GetHandleVerifier [0x00007FF71F3ABA59+4825]
	BaseThreadInitThunk [0x00007FF821F3E8D7+23]
	RtlUserThreadStart [0x00007FF822F3C5DC+44]

2025-05-26 07:19:44,996 - WARNING - 요소를 찾을 수 없음: css selector=strong.title_post, 오류: Message: 
Stacktrace:
	GetHandleVerifier [0x00007FF71F3BCF45+75717]
	GetHandleVerifier [0x00007FF71F3BCFA0+75808]
	(No symbol) [0x00007FF71F188F9A]
	(No symbol) [0x00007FF71F1DF4C6]
	(No symbol) [0x00007FF71F1DF77C]
	(No symbol) [0x00007FF71F232577]
	(No symbol) [0x00007FF71F2073BF]
	(No symbol) [0x00007FF71F22F39C]
	(No symbol) [0x00007FF71F207153]
	(No symbol) [0x00007FF71F1D0421]
	(No symbol) [0x00007FF71F1D11B3]
	GetHandleVerifier [0x00007FF71F6BD71D+3223453]
	GetHandleVerifier [0x00007FF71F6B7CC2+3200322]
	GetHandleVerifier [0x00007FF71F6D5AF3+3322739]
	GetHandleVerifier [0x00007FF71F3D6A1A+180890]
	GetHandleVerifier [0x00007FF71F3DE11F+211359]
	GetHandleVerifier [0x00007FF71F3C5294+109332]
	GetHandleVerifier [0x00007FF71F3C5442+109762]
	GetHandleVerifier [0x00007FF71F3ABA59+4825]
	BaseThreadInitThunk [0x00007FF821F3E8D7+23]
	RtlUserThreadStart [0x00007FF822F3C5DC+44]

2025-05-26 07:19:45,000 - INFO - 제목 수집 완료: 간장 마늘쫑볶음 레시피 마늘쫑 요리 반찬 : 네이버 블로그
2025-05-26 07:19:45,877 - INFO - 본문 내용 수집 완료 (길이: 1860)
2025-05-26 07:19:45,883 - INFO - 작성자 수집 완료: 은솔희섭mom
2025-05-26 07:19:45,888 - INFO - 썸네일 수집 완료: https://postfiles.pstatic.net/MjAyNTA0MTZfNyAg/MDAxNzQ0Nzk0NDIyNzE2.wDMt2wTIMCtx7fyEOrgf937GvG2GYHRDs-lIrlwH2h4g.OlvmKAQZVv_n9BHxhbp9PFv5tBRXpyWm1yBni6ziyxEg.JPEG/SE-15754a15-36d9-43d6-a571-0ddb6ad5d569.jpg?type=w966
2025-05-26 07:19:45,906 - INFO - 좋아요 수집 완료: 109
2025-05-26 07:19:45,911 - INFO - 댓글 수집 완료: 15
2025-05-26 07:19:45,920 - INFO - 레시피 데이터 저장 완료: 간장 마늘쫑볶음 레시피 마늘쫑 요리 반찬 : 네이버 블로그
2025-05-26 07:19:45,920 - INFO - [15/231] 토픽 페이지 진입: https://in.naver.com/gomiunnie/topic/821509685163520
2025-05-26 07:19:48,495 - INFO - 현재 URL: https://in.naver.com/gomiunnie/topic/821509685163520
2025-05-26 07:19:48,496 - INFO - 블로그에서 더보기 버튼 찾는 중...
2025-05-26 07:19:48,505 - INFO - 블로그에서 더보기 버튼 발견
2025-05-26 07:19:48,505 - INFO - 블로그에서 더보기 버튼 클릭 시도...
2025-05-26 07:19:52,151 - INFO - 블로그 페이지로 이동 성공: https://blog.naver.com/tjswjd1981/223723899156?isInf=true&trackingCode=naver_etc
2025-05-26 07:19:57,163 - INFO - iframe 전환 성공
2025-05-26 07:20:07,251 - WARNING - 요소를 찾을 수 없음: css selector=h3.se-title-text, 오류: Message: 
Stacktrace:
	GetHandleVerifier [0x00007FF71F3BCF45+75717]
	GetHandleVerifier [0x00007FF71F3BCFA0+75808]
	(No symbol) [0x00007FF71F188F9A]
	(No symbol) [0x00007FF71F1DF4C6]
	(No symbol) [0x00007FF71F1DF77C]
	(No symbol) [0x00007FF71F232577]
	(No symbol) [0x00007FF71F2073BF]
	(No symbol) [0x00007FF71F22F39C]
	(No symbol) [0x00007FF71F207153]
	(No symbol) [0x00007FF71F1D0421]
	(No symbol) [0x00007FF71F1D11B3]
	GetHandleVerifier [0x00007FF71F6BD71D+3223453]
	GetHandleVerifier [0x00007FF71F6B7CC2+3200322]
	GetHandleVerifier [0x00007FF71F6D5AF3+3322739]
	GetHandleVerifier [0x00007FF71F3D6A1A+180890]
	GetHandleVerifier [0x00007FF71F3DE11F+211359]
	GetHandleVerifier [0x00007FF71F3C5294+109332]
	GetHandleVerifier [0x00007FF71F3C5442+109762]
	GetHandleVerifier [0x00007FF71F3ABA59+4825]
	BaseThreadInitThunk [0x00007FF821F3E8D7+23]
	RtlUserThreadStart [0x00007FF822F3C5DC+44]

2025-05-26 07:20:17,348 - WARNING - 요소를 찾을 수 없음: css selector=h2.se-title-text, 오류: Message: 
Stacktrace:
	GetHandleVerifier [0x00007FF71F3BCF45+75717]
	GetHandleVerifier [0x00007FF71F3BCFA0+75808]
	(No symbol) [0x00007FF71F188F9A]
	(No symbol) [0x00007FF71F1DF4C6]
	(No symbol) [0x00007FF71F1DF77C]
	(No symbol) [0x00007FF71F232577]
	(No symbol) [0x00007FF71F2073BF]
	(No symbol) [0x00007FF71F22F39C]
	(No symbol) [0x00007FF71F207153]
	(No symbol) [0x00007FF71F1D0421]
	(No symbol) [0x00007FF71F1D11B3]
	GetHandleVerifier [0x00007FF71F6BD71D+3223453]
	GetHandleVerifier [0x00007FF71F6B7CC2+3200322]
	GetHandleVerifier [0x00007FF71F6D5AF3+3322739]
	GetHandleVerifier [0x00007FF71F3D6A1A+180890]
	GetHandleVerifier [0x00007FF71F3DE11F+211359]
	GetHandleVerifier [0x00007FF71F3C5294+109332]
	GetHandleVerifier [0x00007FF71F3C5442+109762]
	GetHandleVerifier [0x00007FF71F3ABA59+4825]
	BaseThreadInitThunk [0x00007FF821F3E8D7+23]
	RtlUserThreadStart [0x00007FF822F3C5DC+44]

2025-05-26 07:20:27,444 - WARNING - 요소를 찾을 수 없음: css selector=strong.title_post, 오류: Message: 
Stacktrace:
	GetHandleVerifier [0x00007FF71F3BCF45+75717]
	GetHandleVerifier [0x00007FF71F3BCFA0+75808]
	(No symbol) [0x00007FF71F188F9A]
	(No symbol) [0x00007FF71F1DF4C6]
	(No symbol) [0x00007FF71F1DF77C]
	(No symbol) [0x00007FF71F232577]
	(No symbol) [0x00007FF71F2073BF]
	(No symbol) [0x00007FF71F22F39C]
	(No symbol) [0x00007FF71F207153]
	(No symbol) [0x00007FF71F1D0421]
	(No symbol) [0x00007FF71F1D11B3]
	GetHandleVerifier [0x00007FF71F6BD71D+3223453]
	GetHandleVerifier [0x00007FF71F6B7CC2+3200322]
	GetHandleVerifier [0x00007FF71F6D5AF3+3322739]
	GetHandleVerifier [0x00007FF71F3D6A1A+180890]
	GetHandleVerifier [0x00007FF71F3DE11F+211359]
	GetHandleVerifier [0x00007FF71F3C5294+109332]
	GetHandleVerifier [0x00007FF71F3C5442+109762]
	GetHandleVerifier [0x00007FF71F3ABA59+4825]
	BaseThreadInitThunk [0x00007FF821F3E8D7+23]
	RtlUserThreadStart [0x00007FF822F3C5DC+44]

2025-05-26 07:20:27,448 - INFO - 제목 수집 완료: 간단하고 만들기 쉬운 일주일 밑반찬 16가지 .. : 네이버블로그
2025-05-26 07:20:28,505 - INFO - 본문 내용 수집 완료 (길이: 2259)
2025-05-26 07:20:28,512 - INFO - 작성자 수집 완료: 곰이언니
2025-05-26 07:20:28,520 - INFO - 썸네일 수집 완료: https://postfiles.pstatic.net/MjAyNTAxMTNfNzcg/MDAxNzM2NzQzNjE2MzQy.Kc-Q3mZ1sB9UlVb__tDQX8ipKwlzXUqLHYrr9BHxEdAg.FRYKaZMcr7gYQzJ8i1WiRmRIC5ZiMnb8s0NTqj1DRM0g.JPEG/1736743615455.jpg?type=w966
2025-05-26 07:20:28,540 - INFO - 좋아요 수집 완료: 251
2025-05-26 07:20:28,547 - INFO - 댓글 수집 완료: 37
2025-05-26 07:20:28,558 - INFO - 레시피 데이터 저장 완료: 간단하고 만들기 쉬운 일주일 밑반찬 16가지 .. : 네이버블로그
2025-05-26 07:20:28,558 - INFO - [16/231] 토픽 페이지 진입: https://in.naver.com/mijinkim80/topic/823316540089888
2025-05-26 07:20:31,585 - INFO - 현재 URL: https://in.naver.com/mijinkim80/topic/823316540089888
2025-05-26 07:20:31,585 - INFO - 블로그에서 더보기 버튼 찾는 중...
2025-05-26 07:20:31,597 - INFO - 블로그에서 더보기 버튼 발견
2025-05-26 07:20:31,597 - INFO - 블로그에서 더보기 버튼 클릭 시도...
2025-05-26 07:20:34,942 - INFO - 블로그 페이지로 이동 성공: https://blog.naver.com/mj_hudadak/223866431940?isInf=true&trackingCode=naver_etc
2025-05-26 07:20:39,958 - INFO - iframe 전환 성공
2025-05-26 07:20:50,043 - WARNING - 요소를 찾을 수 없음: css selector=h3.se-title-text, 오류: Message: 
Stacktrace:
	GetHandleVerifier [0x00007FF71F3BCF45+75717]
	GetHandleVerifier [0x00007FF71F3BCFA0+75808]
	(No symbol) [0x00007FF71F188F9A]
	(No symbol) [0x00007FF71F1DF4C6]
	(No symbol) [0x00007FF71F1DF77C]
	(No symbol) [0x00007FF71F232577]
	(No symbol) [0x00007FF71F2073BF]
	(No symbol) [0x00007FF71F22F39C]
	(No symbol) [0x00007FF71F207153]
	(No symbol) [0x00007FF71F1D0421]
	(No symbol) [0x00007FF71F1D11B3]
	GetHandleVerifier [0x00007FF71F6BD71D+3223453]
	GetHandleVerifier [0x00007FF71F6B7CC2+3200322]
	GetHandleVerifier [0x00007FF71F6D5AF3+3322739]
	GetHandleVerifier [0x00007FF71F3D6A1A+180890]
	GetHandleVerifier [0x00007FF71F3DE11F+211359]
	GetHandleVerifier [0x00007FF71F3C5294+109332]
	GetHandleVerifier [0x00007FF71F3C5442+109762]
	GetHandleVerifier [0x00007FF71F3ABA59+4825]
	BaseThreadInitThunk [0x00007FF821F3E8D7+23]
	RtlUserThreadStart [0x00007FF822F3C5DC+44]

2025-05-26 07:21:00,129 - WARNING - 요소를 찾을 수 없음: css selector=h2.se-title-text, 오류: Message: 
Stacktrace:
	GetHandleVerifier [0x00007FF71F3BCF45+75717]
	GetHandleVerifier [0x00007FF71F3BCFA0+75808]
	(No symbol) [0x00007FF71F188F9A]
	(No symbol) [0x00007FF71F1DF4C6]
	(No symbol) [0x00007FF71F1DF77C]
	(No symbol) [0x00007FF71F232577]
	(No symbol) [0x00007FF71F2073BF]
	(No symbol) [0x00007FF71F22F39C]
	(No symbol) [0x00007FF71F207153]
	(No symbol) [0x00007FF71F1D0421]
	(No symbol) [0x00007FF71F1D11B3]
	GetHandleVerifier [0x00007FF71F6BD71D+3223453]
	GetHandleVerifier [0x00007FF71F6B7CC2+3200322]
	GetHandleVerifier [0x00007FF71F6D5AF3+3322739]
	GetHandleVerifier [0x00007FF71F3D6A1A+180890]
	GetHandleVerifier [0x00007FF71F3DE11F+211359]
	GetHandleVerifier [0x00007FF71F3C5294+109332]
	GetHandleVerifier [0x00007FF71F3C5442+109762]
	GetHandleVerifier [0x00007FF71F3ABA59+4825]
	BaseThreadInitThunk [0x00007FF821F3E8D7+23]
	RtlUserThreadStart [0x00007FF822F3C5DC+44]

2025-05-26 07:21:10,216 - WARNING - 요소를 찾을 수 없음: css selector=strong.title_post, 오류: Message: 
Stacktrace:
	GetHandleVerifier [0x00007FF71F3BCF45+75717]
	GetHandleVerifier [0x00007FF71F3BCFA0+75808]
	(No symbol) [0x00007FF71F188F9A]
	(No symbol) [0x00007FF71F1DF4C6]
	(No symbol) [0x00007FF71F1DF77C]
	(No symbol) [0x00007FF71F232577]
	(No symbol) [0x00007FF71F2073BF]
	(No symbol) [0x00007FF71F22F39C]
	(No symbol) [0x00007FF71F207153]
	(No symbol) [0x00007FF71F1D0421]
	(No symbol) [0x00007FF71F1D11B3]
	GetHandleVerifier [0x00007FF71F6BD71D+3223453]
	GetHandleVerifier [0x00007FF71F6B7CC2+3200322]
	GetHandleVerifier [0x00007FF71F6D5AF3+3322739]
	GetHandleVerifier [0x00007FF71F3D6A1A+180890]
	GetHandleVerifier [0x00007FF71F3DE11F+211359]
	GetHandleVerifier [0x00007FF71F3C5294+109332]
	GetHandleVerifier [0x00007FF71F3C5442+109762]
	GetHandleVerifier [0x00007FF71F3ABA59+4825]
	BaseThreadInitThunk [0x00007FF821F3E8D7+23]
	RtlUserThreadStart [0x00007FF822F3C5DC+44]

2025-05-26 07:21:10,219 - INFO - 제목 수집 완료: 양배추전 레시피 다이어트 양배추 요리 : 네이버 블로그
2025-05-26 07:21:11,136 - INFO - 본문 내용 수집 완료 (길이: 1678)
2025-05-26 07:21:11,142 - INFO - 작성자 수집 완료: MJ의후다닥레시피
2025-05-26 07:21:11,148 - INFO - 썸네일 수집 완료: https://postfiles.pstatic.net/MjAyNTA1MTVfMTg1/MDAxNzQ3Mjc3MDc2MDA1.Y1PQEQZQaxhq_PrLf0Q0h1VSAQEB9WzlKXxGS_d2c4sg.efq8c4spFVLGtDNo91bLDMKodjZSWdeWnIe-zErVxGEg.JPEG/IMG_9010.JPG?type=w773
2025-05-26 07:21:11,167 - INFO - 좋아요 수집 완료: 385
2025-05-26 07:21:11,173 - INFO - 댓글 수집 완료: 53
2025-05-26 07:21:11,183 - INFO - 레시피 데이터 저장 완료: 양배추전 레시피 다이어트 양배추 요리 : 네이버 블로그
2025-05-26 07:21:11,183 - INFO - [17/231] 토픽 페이지 진입: https://in.naver.com/wishu00/topic/822839359301248
2025-05-26 07:21:13,961 - INFO - 현재 URL: https://in.naver.com/wishu00/topic/822839359301248
2025-05-26 07:21:13,961 - INFO - 블로그에서 더보기 버튼 찾는 중...
2025-05-26 07:21:13,971 - INFO - 블로그에서 더보기 버튼 발견
2025-05-26 07:21:13,971 - INFO - 블로그에서 더보기 버튼 클릭 시도...
2025-05-26 07:21:17,932 - INFO - 블로그 페이지로 이동 성공: https://blog.naver.com/wishu00/223858223839?isInf=true&trackingCode=naver_etc
2025-05-26 07:21:22,967 - INFO - iframe 전환 성공
2025-05-26 07:21:33,130 - WARNING - 요소를 찾을 수 없음: css selector=h3.se-title-text, 오류: Message: 
Stacktrace:
	GetHandleVerifier [0x00007FF71F3BCF45+75717]
	GetHandleVerifier [0x00007FF71F3BCFA0+75808]
	(No symbol) [0x00007FF71F188F9A]
	(No symbol) [0x00007FF71F1DF4C6]
	(No symbol) [0x00007FF71F1DF77C]
	(No symbol) [0x00007FF71F232577]
	(No symbol) [0x00007FF71F2073BF]
	(No symbol) [0x00007FF71F22F39C]
	(No symbol) [0x00007FF71F207153]
	(No symbol) [0x00007FF71F1D0421]
	(No symbol) [0x00007FF71F1D11B3]
	GetHandleVerifier [0x00007FF71F6BD71D+3223453]
	GetHandleVerifier [0x00007FF71F6B7CC2+3200322]
	GetHandleVerifier [0x00007FF71F6D5AF3+3322739]
	GetHandleVerifier [0x00007FF71F3D6A1A+180890]
	GetHandleVerifier [0x00007FF71F3DE11F+211359]
	GetHandleVerifier [0x00007FF71F3C5294+109332]
	GetHandleVerifier [0x00007FF71F3C5442+109762]
	GetHandleVerifier [0x00007FF71F3ABA59+4825]
	BaseThreadInitThunk [0x00007FF821F3E8D7+23]
	RtlUserThreadStart [0x00007FF822F3C5DC+44]

2025-05-26 07:21:43,282 - WARNING - 요소를 찾을 수 없음: css selector=h2.se-title-text, 오류: Message: 
Stacktrace:
	GetHandleVerifier [0x00007FF71F3BCF45+75717]
	GetHandleVerifier [0x00007FF71F3BCFA0+75808]
	(No symbol) [0x00007FF71F188F9A]
	(No symbol) [0x00007FF71F1DF4C6]
	(No symbol) [0x00007FF71F1DF77C]
	(No symbol) [0x00007FF71F232577]
	(No symbol) [0x00007FF71F2073BF]
	(No symbol) [0x00007FF71F22F39C]
	(No symbol) [0x00007FF71F207153]
	(No symbol) [0x00007FF71F1D0421]
	(No symbol) [0x00007FF71F1D11B3]
	GetHandleVerifier [0x00007FF71F6BD71D+3223453]
	GetHandleVerifier [0x00007FF71F6B7CC2+3200322]
	GetHandleVerifier [0x00007FF71F6D5AF3+3322739]
	GetHandleVerifier [0x00007FF71F3D6A1A+180890]
	GetHandleVerifier [0x00007FF71F3DE11F+211359]
	GetHandleVerifier [0x00007FF71F3C5294+109332]
	GetHandleVerifier [0x00007FF71F3C5442+109762]
	GetHandleVerifier [0x00007FF71F3ABA59+4825]
	BaseThreadInitThunk [0x00007FF821F3E8D7+23]
	RtlUserThreadStart [0x00007FF822F3C5DC+44]

2025-05-26 07:21:53,433 - WARNING - 요소를 찾을 수 없음: css selector=strong.title_post, 오류: Message: 
Stacktrace:
	GetHandleVerifier [0x00007FF71F3BCF45+75717]
	GetHandleVerifier [0x00007FF71F3BCFA0+75808]
	(No symbol) [0x00007FF71F188F9A]
	(No symbol) [0x00007FF71F1DF4C6]
	(No symbol) [0x00007FF71F1DF77C]
	(No symbol) [0x00007FF71F232577]
	(No symbol) [0x00007FF71F2073BF]
	(No symbol) [0x00007FF71F22F39C]
	(No symbol) [0x00007FF71F207153]
	(No symbol) [0x00007FF71F1D0421]
	(No symbol) [0x00007FF71F1D11B3]
	GetHandleVerifier [0x00007FF71F6BD71D+3223453]
	GetHandleVerifier [0x00007FF71F6B7CC2+3200322]
	GetHandleVerifier [0x00007FF71F6D5AF3+3322739]
	GetHandleVerifier [0x00007FF71F3D6A1A+180890]
	GetHandleVerifier [0x00007FF71F3DE11F+211359]
	GetHandleVerifier [0x00007FF71F3C5294+109332]
	GetHandleVerifier [0x00007FF71F3C5442+109762]
	GetHandleVerifier [0x00007FF71F3ABA59+4825]
	BaseThreadInitThunk [0x00007FF821F3E8D7+23]
	RtlUserThreadStart [0x00007FF822F3C5DC+44]

2025-05-26 07:21:53,436 - INFO - 제목 수집 완료: "이거"먹고 -11kg 성공! 여름 전 꼭 봐.. : 네이버블로그
2025-05-26 07:21:58,364 - INFO - 본문 내용 수집 완료 (길이: 9601)
2025-05-26 07:21:58,371 - INFO - 작성자 수집 완료: 원더어멈
2025-05-26 07:21:58,380 - INFO - 썸네일 수집 완료: https://postfiles.pstatic.net/MjAyNTA1MDdfMTYy/MDAxNzQ2NTQ1MDMzMzQz.0xbF65ef7eNmBSSyhLKpJy8xGtv7OF0epiTu0C_T2k4g.zkqSUBx73_r8qW4AsbbGZXlqy62VZZI5tj1Qdw8U2jgg.JPEG/900%EF%BC%BFScreenshot%EF%BC%BF20250507%EF%BC%BF002128%EF%BC%BFGallery.jpg?type=w966
2025-05-26 07:21:58,402 - INFO - 좋아요 수집 완료: 82
2025-05-26 07:21:58,409 - INFO - 댓글 수집 완료: 20
2025-05-26 07:21:58,424 - INFO - 레시피 데이터 저장 완료: "이거"먹고 -11kg 성공! 여름 전 꼭 봐.. : 네이버블로그
2025-05-26 07:21:58,424 - INFO - [18/231] 토픽 페이지 진입: https://in.naver.com/garugaruru/topic/824350591129088
2025-05-26 07:22:01,184 - INFO - 현재 URL: https://in.naver.com/garugaruru/topic/824350591129088
2025-05-26 07:22:01,185 - INFO - 블로그에서 더보기 버튼 찾는 중...
2025-05-26 07:22:01,198 - INFO - 블로그에서 더보기 버튼 발견
2025-05-26 07:22:01,198 - INFO - 블로그에서 더보기 버튼 클릭 시도...
2025-05-26 07:22:04,472 - INFO - 블로그 페이지로 이동 성공: https://blog.naver.com/garugaruru/223856181433?isInf=true&trackingCode=naver_etc
2025-05-26 07:22:09,498 - INFO - iframe 전환 성공
2025-05-26 07:22:19,688 - WARNING - 요소를 찾을 수 없음: css selector=h3.se-title-text, 오류: Message: 
Stacktrace:
	GetHandleVerifier [0x00007FF71F3BCF45+75717]
	GetHandleVerifier [0x00007FF71F3BCFA0+75808]
	(No symbol) [0x00007FF71F188F9A]
	(No symbol) [0x00007FF71F1DF4C6]
	(No symbol) [0x00007FF71F1DF77C]
	(No symbol) [0x00007FF71F232577]
	(No symbol) [0x00007FF71F2073BF]
	(No symbol) [0x00007FF71F22F39C]
	(No symbol) [0x00007FF71F207153]
	(No symbol) [0x00007FF71F1D0421]
	(No symbol) [0x00007FF71F1D11B3]
	GetHandleVerifier [0x00007FF71F6BD71D+3223453]
	GetHandleVerifier [0x00007FF71F6B7CC2+3200322]
	GetHandleVerifier [0x00007FF71F6D5AF3+3322739]
	GetHandleVerifier [0x00007FF71F3D6A1A+180890]
	GetHandleVerifier [0x00007FF71F3DE11F+211359]
	GetHandleVerifier [0x00007FF71F3C5294+109332]
	GetHandleVerifier [0x00007FF71F3C5442+109762]
	GetHandleVerifier [0x00007FF71F3ABA59+4825]
	BaseThreadInitThunk [0x00007FF821F3E8D7+23]
	RtlUserThreadStart [0x00007FF822F3C5DC+44]

2025-05-26 07:22:29,887 - WARNING - 요소를 찾을 수 없음: css selector=h2.se-title-text, 오류: Message: 
Stacktrace:
	GetHandleVerifier [0x00007FF71F3BCF45+75717]
	GetHandleVerifier [0x00007FF71F3BCFA0+75808]
	(No symbol) [0x00007FF71F188F9A]
	(No symbol) [0x00007FF71F1DF4C6]
	(No symbol) [0x00007FF71F1DF77C]
	(No symbol) [0x00007FF71F232577]
	(No symbol) [0x00007FF71F2073BF]
	(No symbol) [0x00007FF71F22F39C]
	(No symbol) [0x00007FF71F207153]
	(No symbol) [0x00007FF71F1D0421]
	(No symbol) [0x00007FF71F1D11B3]
	GetHandleVerifier [0x00007FF71F6BD71D+3223453]
	GetHandleVerifier [0x00007FF71F6B7CC2+3200322]
	GetHandleVerifier [0x00007FF71F6D5AF3+3322739]
	GetHandleVerifier [0x00007FF71F3D6A1A+180890]
	GetHandleVerifier [0x00007FF71F3DE11F+211359]
	GetHandleVerifier [0x00007FF71F3C5294+109332]
	GetHandleVerifier [0x00007FF71F3C5442+109762]
	GetHandleVerifier [0x00007FF71F3ABA59+4825]
	BaseThreadInitThunk [0x00007FF821F3E8D7+23]
	RtlUserThreadStart [0x00007FF822F3C5DC+44]

2025-05-26 07:22:40,045 - WARNING - 요소를 찾을 수 없음: css selector=strong.title_post, 오류: Message: 
Stacktrace:
	GetHandleVerifier [0x00007FF71F3BCF45+75717]
	GetHandleVerifier [0x00007FF71F3BCFA0+75808]
	(No symbol) [0x00007FF71F188F9A]
	(No symbol) [0x00007FF71F1DF4C6]
	(No symbol) [0x00007FF71F1DF77C]
	(No symbol) [0x00007FF71F232577]
	(No symbol) [0x00007FF71F2073BF]
	(No symbol) [0x00007FF71F22F39C]
	(No symbol) [0x00007FF71F207153]
	(No symbol) [0x00007FF71F1D0421]
	(No symbol) [0x00007FF71F1D11B3]
	GetHandleVerifier [0x00007FF71F6BD71D+3223453]
	GetHandleVerifier [0x00007FF71F6B7CC2+3200322]
	GetHandleVerifier [0x00007FF71F6D5AF3+3322739]
	GetHandleVerifier [0x00007FF71F3D6A1A+180890]
	GetHandleVerifier [0x00007FF71F3DE11F+211359]
	GetHandleVerifier [0x00007FF71F3C5294+109332]
	GetHandleVerifier [0x00007FF71F3C5442+109762]
	GetHandleVerifier [0x00007FF71F3ABA59+4825]
	BaseThreadInitThunk [0x00007FF821F3E8D7+23]
	RtlUserThreadStart [0x00007FF822F3C5DC+44]

2025-05-26 07:22:40,049 - INFO - 제목 수집 완료: 죽순요리법 삶은죽순 요리 죽순장아찌 담기 : 네이버 블로그
2025-05-26 07:22:41,143 - INFO - 본문 내용 수집 완료 (길이: 2037)
2025-05-26 07:22:41,151 - INFO - 작성자 수집 완료: 가루씨의집밥
2025-05-26 07:22:41,158 - INFO - 썸네일 수집 완료: https://postfiles.pstatic.net/MjAyNTA1MDVfMjAz/MDAxNzQ2NDQ1Mzc1MTMy.c3pQ7ujcgGeZuamJnkROlkC86j3LbRrM_MuE3BhnIiwg.aXxs_CLqLa8zAbDsi-u2L-tia2M9woZuw9PSXfccBhkg.JPEG/IMG_8370.JPG?type=w773
2025-05-26 07:22:41,180 - INFO - 좋아요 수집 완료: 54
2025-05-26 07:22:41,188 - INFO - 댓글 수집 완료: 1
2025-05-26 07:22:41,202 - INFO - 레시피 데이터 저장 완료: 죽순요리법 삶은죽순 요리 죽순장아찌 담기 : 네이버 블로그
2025-05-26 07:22:41,202 - INFO - [19/231] 토픽 페이지 진입: https://in.naver.com/sol.dam/topic/825047569929792
2025-05-26 07:22:43,677 - INFO - 현재 URL: https://in.naver.com/sol.dam/topic/825047569929792
2025-05-26 07:22:43,677 - INFO - 블로그에서 더보기 버튼 찾는 중...
2025-05-26 07:22:43,687 - INFO - 블로그에서 더보기 버튼 발견
2025-05-26 07:22:43,688 - INFO - 블로그에서 더보기 버튼 클릭 시도...
2025-05-26 07:22:47,384 - INFO - 블로그 페이지로 이동 성공: https://blog.naver.com/k_loveing/223852316704?isInf=true&trackingCode=naver_etc
2025-05-26 07:22:52,403 - INFO - iframe 전환 성공
2025-05-26 07:23:02,602 - WARNING - 요소를 찾을 수 없음: css selector=h3.se-title-text, 오류: Message: 
Stacktrace:
	GetHandleVerifier [0x00007FF71F3BCF45+75717]
	GetHandleVerifier [0x00007FF71F3BCFA0+75808]
	(No symbol) [0x00007FF71F188F9A]
	(No symbol) [0x00007FF71F1DF4C6]
	(No symbol) [0x00007FF71F1DF77C]
	(No symbol) [0x00007FF71F232577]
	(No symbol) [0x00007FF71F2073BF]
	(No symbol) [0x00007FF71F22F39C]
	(No symbol) [0x00007FF71F207153]
	(No symbol) [0x00007FF71F1D0421]
	(No symbol) [0x00007FF71F1D11B3]
	GetHandleVerifier [0x00007FF71F6BD71D+3223453]
	GetHandleVerifier [0x00007FF71F6B7CC2+3200322]
	GetHandleVerifier [0x00007FF71F6D5AF3+3322739]
	GetHandleVerifier [0x00007FF71F3D6A1A+180890]
	GetHandleVerifier [0x00007FF71F3DE11F+211359]
	GetHandleVerifier [0x00007FF71F3C5294+109332]
	GetHandleVerifier [0x00007FF71F3C5442+109762]
	GetHandleVerifier [0x00007FF71F3ABA59+4825]
	BaseThreadInitThunk [0x00007FF821F3E8D7+23]
	RtlUserThreadStart [0x00007FF822F3C5DC+44]

2025-05-26 07:23:12,780 - WARNING - 요소를 찾을 수 없음: css selector=h2.se-title-text, 오류: Message: 
Stacktrace:
	GetHandleVerifier [0x00007FF71F3BCF45+75717]
	GetHandleVerifier [0x00007FF71F3BCFA0+75808]
	(No symbol) [0x00007FF71F188F9A]
	(No symbol) [0x00007FF71F1DF4C6]
	(No symbol) [0x00007FF71F1DF77C]
	(No symbol) [0x00007FF71F232577]
	(No symbol) [0x00007FF71F2073BF]
	(No symbol) [0x00007FF71F22F39C]
	(No symbol) [0x00007FF71F207153]
	(No symbol) [0x00007FF71F1D0421]
	(No symbol) [0x00007FF71F1D11B3]
	GetHandleVerifier [0x00007FF71F6BD71D+3223453]
	GetHandleVerifier [0x00007FF71F6B7CC2+3200322]
	GetHandleVerifier [0x00007FF71F6D5AF3+3322739]
	GetHandleVerifier [0x00007FF71F3D6A1A+180890]
	GetHandleVerifier [0x00007FF71F3DE11F+211359]
	GetHandleVerifier [0x00007FF71F3C5294+109332]
	GetHandleVerifier [0x00007FF71F3C5442+109762]
	GetHandleVerifier [0x00007FF71F3ABA59+4825]
	BaseThreadInitThunk [0x00007FF821F3E8D7+23]
	RtlUserThreadStart [0x00007FF822F3C5DC+44]

2025-05-26 07:23:22,949 - WARNING - 요소를 찾을 수 없음: css selector=strong.title_post, 오류: Message: 
Stacktrace:
	GetHandleVerifier [0x00007FF71F3BCF45+75717]
	GetHandleVerifier [0x00007FF71F3BCFA0+75808]
	(No symbol) [0x00007FF71F188F9A]
	(No symbol) [0x00007FF71F1DF4C6]
	(No symbol) [0x00007FF71F1DF77C]
	(No symbol) [0x00007FF71F232577]
	(No symbol) [0x00007FF71F2073BF]
	(No symbol) [0x00007FF71F22F39C]
	(No symbol) [0x00007FF71F207153]
	(No symbol) [0x00007FF71F1D0421]
	(No symbol) [0x00007FF71F1D11B3]
	GetHandleVerifier [0x00007FF71F6BD71D+3223453]
	GetHandleVerifier [0x00007FF71F6B7CC2+3200322]
	GetHandleVerifier [0x00007FF71F6D5AF3+3322739]
	GetHandleVerifier [0x00007FF71F3D6A1A+180890]
	GetHandleVerifier [0x00007FF71F3DE11F+211359]
	GetHandleVerifier [0x00007FF71F3C5294+109332]
	GetHandleVerifier [0x00007FF71F3C5442+109762]
	GetHandleVerifier [0x00007FF71F3ABA59+4825]
	BaseThreadInitThunk [0x00007FF821F3E8D7+23]
	RtlUserThreadStart [0x00007FF822F3C5DC+44]

2025-05-26 07:23:22,960 - INFO - 제목 수집 완료: 에어프라이어 통감자구이 회오리 감자 만들기 감.. : 네이버블로그
2025-05-26 07:23:23,885 - INFO - 본문 내용 수집 완료 (길이: 1598)
2025-05-26 07:23:23,895 - INFO - 작성자 수집 완료: 쏠담
2025-05-26 07:23:23,906 - INFO - 썸네일 수집 완료: https://postfiles.pstatic.net/MjAyNTA0MzBfMTUg/MDAxNzQ1OTkzOTQ2OTk3._d5XFkffdI3rmGPP-aSboB98sSMFXfpQlxnlErNWf6Ug.Tp-ZbxAI6NjPs8S2HFhCUV-IKlAdtBJG8IWsDQ0rQvYg.JPEG/SE-3902fe10-83bd-42bd-aca9-9701afde41b2.jpg?type=w966
2025-05-26 07:23:23,938 - INFO - 좋아요 수집 완료: 73
2025-05-26 07:23:23,950 - INFO - 댓글 수집 완료: 36
2025-05-26 07:23:23,958 - INFO - 레시피 데이터 저장 완료: 에어프라이어 통감자구이 회오리 감자 만들기 감.. : 네이버블로그
2025-05-26 07:23:23,958 - INFO - [20/231] 토픽 페이지 진입: https://in.naver.com/hansobbong/topic/823179566958208
2025-05-26 07:23:26,251 - INFO - 현재 URL: https://in.naver.com/hansobbong/topic/823179566958208
2025-05-26 07:23:26,251 - INFO - 블로그에서 더보기 버튼 찾는 중...
2025-05-26 07:23:26,265 - INFO - 블로그에서 더보기 버튼 발견
2025-05-26 07:23:26,265 - INFO - 블로그에서 더보기 버튼 클릭 시도...
2025-05-26 07:23:29,579 - INFO - 블로그 페이지로 이동 성공: https://blog.naver.com/935_han_celeb/223865608980?isInf=true&trackingCode=naver_etc
2025-05-26 07:23:34,590 - INFO - iframe 전환 성공
2025-05-26 07:23:44,771 - WARNING - 요소를 찾을 수 없음: css selector=h3.se-title-text, 오류: Message: 
Stacktrace:
	GetHandleVerifier [0x00007FF71F3BCF45+75717]
	GetHandleVerifier [0x00007FF71F3BCFA0+75808]
	(No symbol) [0x00007FF71F188F9A]
	(No symbol) [0x00007FF71F1DF4C6]
	(No symbol) [0x00007FF71F1DF77C]
	(No symbol) [0x00007FF71F232577]
	(No symbol) [0x00007FF71F2073BF]
	(No symbol) [0x00007FF71F22F39C]
	(No symbol) [0x00007FF71F207153]
	(No symbol) [0x00007FF71F1D0421]
	(No symbol) [0x00007FF71F1D11B3]
	GetHandleVerifier [0x00007FF71F6BD71D+3223453]
	GetHandleVerifier [0x00007FF71F6B7CC2+3200322]
	GetHandleVerifier [0x00007FF71F6D5AF3+3322739]
	GetHandleVerifier [0x00007FF71F3D6A1A+180890]
	GetHandleVerifier [0x00007FF71F3DE11F+211359]
	GetHandleVerifier [0x00007FF71F3C5294+109332]
	GetHandleVerifier [0x00007FF71F3C5442+109762]
	GetHandleVerifier [0x00007FF71F3ABA59+4825]
	BaseThreadInitThunk [0x00007FF821F3E8D7+23]
	RtlUserThreadStart [0x00007FF822F3C5DC+44]

2025-05-26 07:23:54,963 - WARNING - 요소를 찾을 수 없음: css selector=h2.se-title-text, 오류: Message: 
Stacktrace:
	GetHandleVerifier [0x00007FF71F3BCF45+75717]
	GetHandleVerifier [0x00007FF71F3BCFA0+75808]
	(No symbol) [0x00007FF71F188F9A]
	(No symbol) [0x00007FF71F1DF4C6]
	(No symbol) [0x00007FF71F1DF77C]
	(No symbol) [0x00007FF71F232577]
	(No symbol) [0x00007FF71F2073BF]
	(No symbol) [0x00007FF71F22F39C]
	(No symbol) [0x00007FF71F207153]
	(No symbol) [0x00007FF71F1D0421]
	(No symbol) [0x00007FF71F1D11B3]
	GetHandleVerifier [0x00007FF71F6BD71D+3223453]
	GetHandleVerifier [0x00007FF71F6B7CC2+3200322]
	GetHandleVerifier [0x00007FF71F6D5AF3+3322739]
	GetHandleVerifier [0x00007FF71F3D6A1A+180890]
	GetHandleVerifier [0x00007FF71F3DE11F+211359]
	GetHandleVerifier [0x00007FF71F3C5294+109332]
	GetHandleVerifier [0x00007FF71F3C5442+109762]
	GetHandleVerifier [0x00007FF71F3ABA59+4825]
	BaseThreadInitThunk [0x00007FF821F3E8D7+23]
	RtlUserThreadStart [0x00007FF822F3C5DC+44]

2025-05-26 07:24:05,217 - WARNING - 요소를 찾을 수 없음: css selector=strong.title_post, 오류: Message: 
Stacktrace:
	GetHandleVerifier [0x00007FF71F3BCF45+75717]
	GetHandleVerifier [0x00007FF71F3BCFA0+75808]
	(No symbol) [0x00007FF71F188F9A]
	(No symbol) [0x00007FF71F1DF4C6]
	(No symbol) [0x00007FF71F1DF77C]
	(No symbol) [0x00007FF71F232577]
	(No symbol) [0x00007FF71F2073BF]
	(No symbol) [0x00007FF71F22F39C]
	(No symbol) [0x00007FF71F207153]
	(No symbol) [0x00007FF71F1D0421]
	(No symbol) [0x00007FF71F1D11B3]
	GetHandleVerifier [0x00007FF71F6BD71D+3223453]
	GetHandleVerifier [0x00007FF71F6B7CC2+3200322]
	GetHandleVerifier [0x00007FF71F6D5AF3+3322739]
	GetHandleVerifier [0x00007FF71F3D6A1A+180890]
	GetHandleVerifier [0x00007FF71F3DE11F+211359]
	GetHandleVerifier [0x00007FF71F3C5294+109332]
	GetHandleVerifier [0x00007FF71F3C5442+109762]
	GetHandleVerifier [0x00007FF71F3ABA59+4825]
	BaseThreadInitThunk [0x00007FF821F3E8D7+23]
	RtlUserThreadStart [0x00007FF822F3C5DC+44]

2025-05-26 07:24:05,220 - INFO - 제목 수집 완료: 가지 튀김 만들기 가지 요리 추천 레시피 : 네이버 블로그
2025-05-26 07:24:06,673 - INFO - 본문 내용 수집 완료 (길이: 2746)
2025-05-26 07:24:06,681 - INFO - 작성자 수집 완료: 한소뽕
2025-05-26 07:24:06,690 - INFO - 썸네일 수집 완료: https://postfiles.pstatic.net/MjAyNTA1MTRfNSAg/MDAxNzQ3MjA1NzIzMjMz.T4CmlygxUSURPCNoixvHk1lNG5r4UiO_8a1ovHGC_aMg.USGFCkln7zDmMMli4tHvH2ciRC_ev3hAJCPr0xEcGPIg.JPEG/IMG_8609.JPG?type=w80_blur
2025-05-26 07:24:06,714 - INFO - 좋아요 수집 완료: 101
2025-05-26 07:24:06,721 - INFO - 댓글 수집 완료: 22
2025-05-26 07:24:06,736 - INFO - 레시피 데이터 저장 완료: 가지 튀김 만들기 가지 요리 추천 레시피 : 네이버 블로그
2025-05-26 07:24:06,736 - INFO - [21/231] 토픽 페이지 진입: https://in.naver.com/bbb2/topic/824565078488704
2025-05-26 07:24:09,833 - INFO - 현재 URL: https://in.naver.com/bbb2/topic/824565078488704
2025-05-26 07:24:09,833 - INFO - 블로그에서 더보기 버튼 찾는 중...
2025-05-26 07:24:09,851 - INFO - 블로그에서 더보기 버튼 발견
2025-05-26 07:24:09,851 - INFO - 블로그에서 더보기 버튼 클릭 시도...
2025-05-26 07:24:13,700 - INFO - 블로그 페이지로 이동 성공: https://blog.naver.com/mycoolboy21/223870105116?isInf=true&trackingCode=naver_etc
2025-05-26 07:24:18,726 - INFO - iframe 전환 성공
2025-05-26 07:24:28,964 - WARNING - 요소를 찾을 수 없음: css selector=h3.se-title-text, 오류: Message: 
Stacktrace:
	GetHandleVerifier [0x00007FF71F3BCF45+75717]
	GetHandleVerifier [0x00007FF71F3BCFA0+75808]
	(No symbol) [0x00007FF71F188F9A]
	(No symbol) [0x00007FF71F1DF4C6]
	(No symbol) [0x00007FF71F1DF77C]
	(No symbol) [0x00007FF71F232577]
	(No symbol) [0x00007FF71F2073BF]
	(No symbol) [0x00007FF71F22F39C]
	(No symbol) [0x00007FF71F207153]
	(No symbol) [0x00007FF71F1D0421]
	(No symbol) [0x00007FF71F1D11B3]
	GetHandleVerifier [0x00007FF71F6BD71D+3223453]
	GetHandleVerifier [0x00007FF71F6B7CC2+3200322]
	GetHandleVerifier [0x00007FF71F6D5AF3+3322739]
	GetHandleVerifier [0x00007FF71F3D6A1A+180890]
	GetHandleVerifier [0x00007FF71F3DE11F+211359]
	GetHandleVerifier [0x00007FF71F3C5294+109332]
	GetHandleVerifier [0x00007FF71F3C5442+109762]
	GetHandleVerifier [0x00007FF71F3ABA59+4825]
	BaseThreadInitThunk [0x00007FF821F3E8D7+23]
	RtlUserThreadStart [0x00007FF822F3C5DC+44]

2025-05-26 07:24:39,213 - WARNING - 요소를 찾을 수 없음: css selector=h2.se-title-text, 오류: Message: 
Stacktrace:
	GetHandleVerifier [0x00007FF71F3BCF45+75717]
	GetHandleVerifier [0x00007FF71F3BCFA0+75808]
	(No symbol) [0x00007FF71F188F9A]
	(No symbol) [0x00007FF71F1DF4C6]
	(No symbol) [0x00007FF71F1DF77C]
	(No symbol) [0x00007FF71F232577]
	(No symbol) [0x00007FF71F2073BF]
	(No symbol) [0x00007FF71F22F39C]
	(No symbol) [0x00007FF71F207153]
	(No symbol) [0x00007FF71F1D0421]
	(No symbol) [0x00007FF71F1D11B3]
	GetHandleVerifier [0x00007FF71F6BD71D+3223453]
	GetHandleVerifier [0x00007FF71F6B7CC2+3200322]
	GetHandleVerifier [0x00007FF71F6D5AF3+3322739]
	GetHandleVerifier [0x00007FF71F3D6A1A+180890]
	GetHandleVerifier [0x00007FF71F3DE11F+211359]
	GetHandleVerifier [0x00007FF71F3C5294+109332]
	GetHandleVerifier [0x00007FF71F3C5442+109762]
	GetHandleVerifier [0x00007FF71F3ABA59+4825]
	BaseThreadInitThunk [0x00007FF821F3E8D7+23]
	RtlUserThreadStart [0x00007FF822F3C5DC+44]

2025-05-26 07:24:49,417 - WARNING - 요소를 찾을 수 없음: css selector=strong.title_post, 오류: Message: 
Stacktrace:
	GetHandleVerifier [0x00007FF71F3BCF45+75717]
	GetHandleVerifier [0x00007FF71F3BCFA0+75808]
	(No symbol) [0x00007FF71F188F9A]
	(No symbol) [0x00007FF71F1DF4C6]
	(No symbol) [0x00007FF71F1DF77C]
	(No symbol) [0x00007FF71F232577]
	(No symbol) [0x00007FF71F2073BF]
	(No symbol) [0x00007FF71F22F39C]
	(No symbol) [0x00007FF71F207153]
	(No symbol) [0x00007FF71F1D0421]
	(No symbol) [0x00007FF71F1D11B3]
	GetHandleVerifier [0x00007FF71F6BD71D+3223453]
	GetHandleVerifier [0x00007FF71F6B7CC2+3200322]
	GetHandleVerifier [0x00007FF71F6D5AF3+3322739]
	GetHandleVerifier [0x00007FF71F3D6A1A+180890]
	GetHandleVerifier [0x00007FF71F3DE11F+211359]
	GetHandleVerifier [0x00007FF71F3C5294+109332]
	GetHandleVerifier [0x00007FF71F3C5442+109762]
	GetHandleVerifier [0x00007FF71F3ABA59+4825]
	BaseThreadInitThunk [0x00007FF821F3E8D7+23]
	RtlUserThreadStart [0x00007FF822F3C5DC+44]

2025-05-26 07:24:49,434 - INFO - 제목 수집 완료: 짭짤한 밑반찬요리 표고버섯메추리알장조림 만드는.. : 네이버블로그
2025-05-26 07:24:50,259 - INFO - 본문 내용 수집 완료 (길이: 1210)
2025-05-26 07:24:50,267 - INFO - 작성자 수집 완료: 방방보이
2025-05-26 07:24:50,274 - INFO - 썸네일 수집 완료: https://postfiles.pstatic.net/MjAyNTA1MThfMTc1/MDAxNzQ3NTQ3ODM0NDk1.DfTI4DVXo2qqWRuWxCLKB7LNGj7DhgrCBcCSMmUkyqIg.BaBWCsrS2FaL0c-dLZJhNgd1IZ7Op5-HGFo3VSBqPD4g.JPEG/SE-48c227cb-6ead-4a9d-9195-36711df2ca79.jpg?type=w773
2025-05-26 07:24:50,292 - INFO - 좋아요 수집 완료: 77
2025-05-26 07:24:50,298 - INFO - 댓글 수집 완료: 13
2025-05-26 07:24:50,313 - INFO - 레시피 데이터 저장 완료: 짭짤한 밑반찬요리 표고버섯메추리알장조림 만드는.. : 네이버블로그
2025-05-26 07:24:50,314 - INFO - [22/231] 토픽 페이지 진입: https://in.naver.com/sucrimnet/topic/823848985040544
2025-05-26 07:24:53,465 - INFO - 현재 URL: https://in.naver.com/sucrimnet/topic/823848985040544
2025-05-26 07:24:53,465 - INFO - 블로그에서 더보기 버튼 찾는 중...
2025-05-26 07:24:53,492 - INFO - 블로그에서 더보기 버튼 발견
2025-05-26 07:24:53,492 - INFO - 블로그에서 더보기 버튼 클릭 시도...
2025-05-26 07:24:56,824 - INFO - 블로그 페이지로 이동 성공: https://blog.naver.com/sucrimnet/223868406227?isInf=true&trackingCode=naver_etc
2025-05-26 07:25:01,869 - INFO - iframe 전환 성공
2025-05-26 07:25:12,095 - WARNING - 요소를 찾을 수 없음: css selector=h3.se-title-text, 오류: Message: 
Stacktrace:
	GetHandleVerifier [0x00007FF71F3BCF45+75717]
	GetHandleVerifier [0x00007FF71F3BCFA0+75808]
	(No symbol) [0x00007FF71F188F9A]
	(No symbol) [0x00007FF71F1DF4C6]
	(No symbol) [0x00007FF71F1DF77C]
	(No symbol) [0x00007FF71F232577]
	(No symbol) [0x00007FF71F2073BF]
	(No symbol) [0x00007FF71F22F39C]
	(No symbol) [0x00007FF71F207153]
	(No symbol) [0x00007FF71F1D0421]
	(No symbol) [0x00007FF71F1D11B3]
	GetHandleVerifier [0x00007FF71F6BD71D+3223453]
	GetHandleVerifier [0x00007FF71F6B7CC2+3200322]
	GetHandleVerifier [0x00007FF71F6D5AF3+3322739]
	GetHandleVerifier [0x00007FF71F3D6A1A+180890]
	GetHandleVerifier [0x00007FF71F3DE11F+211359]
	GetHandleVerifier [0x00007FF71F3C5294+109332]
	GetHandleVerifier [0x00007FF71F3C5442+109762]
	GetHandleVerifier [0x00007FF71F3ABA59+4825]
	BaseThreadInitThunk [0x00007FF821F3E8D7+23]
	RtlUserThreadStart [0x00007FF822F3C5DC+44]

2025-05-26 07:25:22,348 - WARNING - 요소를 찾을 수 없음: css selector=h2.se-title-text, 오류: Message: 
Stacktrace:
	GetHandleVerifier [0x00007FF71F3BCF45+75717]
	GetHandleVerifier [0x00007FF71F3BCFA0+75808]
	(No symbol) [0x00007FF71F188F9A]
	(No symbol) [0x00007FF71F1DF4C6]
	(No symbol) [0x00007FF71F1DF77C]
	(No symbol) [0x00007FF71F232577]
	(No symbol) [0x00007FF71F2073BF]
	(No symbol) [0x00007FF71F22F39C]
	(No symbol) [0x00007FF71F207153]
	(No symbol) [0x00007FF71F1D0421]
	(No symbol) [0x00007FF71F1D11B3]
	GetHandleVerifier [0x00007FF71F6BD71D+3223453]
	GetHandleVerifier [0x00007FF71F6B7CC2+3200322]
	GetHandleVerifier [0x00007FF71F6D5AF3+3322739]
	GetHandleVerifier [0x00007FF71F3D6A1A+180890]
	GetHandleVerifier [0x00007FF71F3DE11F+211359]
	GetHandleVerifier [0x00007FF71F3C5294+109332]
	GetHandleVerifier [0x00007FF71F3C5442+109762]
	GetHandleVerifier [0x00007FF71F3ABA59+4825]
	BaseThreadInitThunk [0x00007FF821F3E8D7+23]
	RtlUserThreadStart [0x00007FF822F3C5DC+44]

2025-05-26 07:25:32,600 - WARNING - 요소를 찾을 수 없음: css selector=strong.title_post, 오류: Message: 
Stacktrace:
	GetHandleVerifier [0x00007FF71F3BCF45+75717]
	GetHandleVerifier [0x00007FF71F3BCFA0+75808]
	(No symbol) [0x00007FF71F188F9A]
	(No symbol) [0x00007FF71F1DF4C6]
	(No symbol) [0x00007FF71F1DF77C]
	(No symbol) [0x00007FF71F232577]
	(No symbol) [0x00007FF71F2073BF]
	(No symbol) [0x00007FF71F22F39C]
	(No symbol) [0x00007FF71F207153]
	(No symbol) [0x00007FF71F1D0421]
	(No symbol) [0x00007FF71F1D11B3]
	GetHandleVerifier [0x00007FF71F6BD71D+3223453]
	GetHandleVerifier [0x00007FF71F6B7CC2+3200322]
	GetHandleVerifier [0x00007FF71F6D5AF3+3322739]
	GetHandleVerifier [0x00007FF71F3D6A1A+180890]
	GetHandleVerifier [0x00007FF71F3DE11F+211359]
	GetHandleVerifier [0x00007FF71F3C5294+109332]
	GetHandleVerifier [0x00007FF71F3C5442+109762]
	GetHandleVerifier [0x00007FF71F3ABA59+4825]
	BaseThreadInitThunk [0x00007FF821F3E8D7+23]
	RtlUserThreadStart [0x00007FF822F3C5DC+44]

2025-05-26 07:25:32,612 - INFO - 제목 수집 완료: 이연복 양상추볶음 채소볶음 레시피 전분물 굴소.. : 네이버블로그
2025-05-26 07:25:34,019 - INFO - 본문 내용 수집 완료 (길이: 1554)
2025-05-26 07:25:34,027 - INFO - 작성자 수집 완료: 행복한 사람
2025-05-26 07:25:34,034 - INFO - 썸네일 수집 완료: https://postfiles.pstatic.net/MjAyNTA1MTZfMjcg/MDAxNzQ3MzcxOTc2MzQx.IRoDZ4yCJU2dySiBE1SPW-TR78F0RI0zJ08nXMZEuCIg.yLec7CsefJr0LXL7Cg6ksooczbdV5lbrjVQo_wrYwOIg.JPEG/SE-1a3557d6-b72d-4240-8379-6059b269336c.jpg?type=w966
2025-05-26 07:25:34,059 - INFO - 좋아요 수집 완료: 32
2025-05-26 07:25:34,067 - INFO - 댓글 수집 완료: 28
2025-05-26 07:25:34,082 - INFO - 레시피 데이터 저장 완료: 이연복 양상추볶음 채소볶음 레시피 전분물 굴소.. : 네이버블로그
2025-05-26 07:25:34,082 - INFO - [23/231] 토픽 페이지 진입: https://in.naver.com/gomiunnie/topic/814684455351168
2025-05-26 07:25:37,203 - INFO - 현재 URL: https://in.naver.com/gomiunnie/topic/814684455351168
2025-05-26 07:25:37,204 - INFO - 블로그에서 더보기 버튼 찾는 중...
2025-05-26 07:25:37,230 - INFO - 블로그에서 더보기 버튼 발견
2025-05-26 07:25:37,231 - INFO - 블로그에서 더보기 버튼 클릭 시도...
2025-05-26 07:25:40,736 - INFO - 블로그 페이지로 이동 성공: https://blog.naver.com/tjswjd1981/223840885004?isInf=true&trackingCode=naver_etc
2025-05-26 07:25:45,757 - INFO - iframe 전환 성공
2025-05-26 07:25:56,042 - WARNING - 요소를 찾을 수 없음: css selector=h3.se-title-text, 오류: Message: 
Stacktrace:
	GetHandleVerifier [0x00007FF71F3BCF45+75717]
	GetHandleVerifier [0x00007FF71F3BCFA0+75808]
	(No symbol) [0x00007FF71F188F9A]
	(No symbol) [0x00007FF71F1DF4C6]
	(No symbol) [0x00007FF71F1DF77C]
	(No symbol) [0x00007FF71F232577]
	(No symbol) [0x00007FF71F2073BF]
	(No symbol) [0x00007FF71F22F39C]
	(No symbol) [0x00007FF71F207153]
	(No symbol) [0x00007FF71F1D0421]
	(No symbol) [0x00007FF71F1D11B3]
	GetHandleVerifier [0x00007FF71F6BD71D+3223453]
	GetHandleVerifier [0x00007FF71F6B7CC2+3200322]
	GetHandleVerifier [0x00007FF71F6D5AF3+3322739]
	GetHandleVerifier [0x00007FF71F3D6A1A+180890]
	GetHandleVerifier [0x00007FF71F3DE11F+211359]
	GetHandleVerifier [0x00007FF71F3C5294+109332]
	GetHandleVerifier [0x00007FF71F3C5442+109762]
	GetHandleVerifier [0x00007FF71F3ABA59+4825]
	BaseThreadInitThunk [0x00007FF821F3E8D7+23]
	RtlUserThreadStart [0x00007FF822F3C5DC+44]

2025-05-26 07:26:06,270 - WARNING - 요소를 찾을 수 없음: css selector=h2.se-title-text, 오류: Message: 
Stacktrace:
	GetHandleVerifier [0x00007FF71F3BCF45+75717]
	GetHandleVerifier [0x00007FF71F3BCFA0+75808]
	(No symbol) [0x00007FF71F188F9A]
	(No symbol) [0x00007FF71F1DF4C6]
	(No symbol) [0x00007FF71F1DF77C]
	(No symbol) [0x00007FF71F232577]
	(No symbol) [0x00007FF71F2073BF]
	(No symbol) [0x00007FF71F22F39C]
	(No symbol) [0x00007FF71F207153]
	(No symbol) [0x00007FF71F1D0421]
	(No symbol) [0x00007FF71F1D11B3]
	GetHandleVerifier [0x00007FF71F6BD71D+3223453]
	GetHandleVerifier [0x00007FF71F6B7CC2+3200322]
	GetHandleVerifier [0x00007FF71F6D5AF3+3322739]
	GetHandleVerifier [0x00007FF71F3D6A1A+180890]
	GetHandleVerifier [0x00007FF71F3DE11F+211359]
	GetHandleVerifier [0x00007FF71F3C5294+109332]
	GetHandleVerifier [0x00007FF71F3C5442+109762]
	GetHandleVerifier [0x00007FF71F3ABA59+4825]
	BaseThreadInitThunk [0x00007FF821F3E8D7+23]
	RtlUserThreadStart [0x00007FF822F3C5DC+44]

2025-05-26 07:26:16,578 - WARNING - 요소를 찾을 수 없음: css selector=strong.title_post, 오류: Message: 
Stacktrace:
	GetHandleVerifier [0x00007FF71F3BCF45+75717]
	GetHandleVerifier [0x00007FF71F3BCFA0+75808]
	(No symbol) [0x00007FF71F188F9A]
	(No symbol) [0x00007FF71F1DF4C6]
	(No symbol) [0x00007FF71F1DF77C]
	(No symbol) [0x00007FF71F232577]
	(No symbol) [0x00007FF71F2073BF]
	(No symbol) [0x00007FF71F22F39C]
	(No symbol) [0x00007FF71F207153]
	(No symbol) [0x00007FF71F1D0421]
	(No symbol) [0x00007FF71F1D11B3]
	GetHandleVerifier [0x00007FF71F6BD71D+3223453]
	GetHandleVerifier [0x00007FF71F6B7CC2+3200322]
	GetHandleVerifier [0x00007FF71F6D5AF3+3322739]
	GetHandleVerifier [0x00007FF71F3D6A1A+180890]
	GetHandleVerifier [0x00007FF71F3DE11F+211359]
	GetHandleVerifier [0x00007FF71F3C5294+109332]
	GetHandleVerifier [0x00007FF71F3C5442+109762]
	GetHandleVerifier [0x00007FF71F3ABA59+4825]
	BaseThreadInitThunk [0x00007FF821F3E8D7+23]
	RtlUserThreadStart [0x00007FF822F3C5DC+44]

2025-05-26 07:26:16,593 - INFO - 제목 수집 완료: '오늘 뭐 먹지?!' 고민될때 꺼내보는 한식 .. : 네이버블로그
2025-05-26 07:26:18,538 - INFO - 본문 내용 수집 완료 (길이: 3039)
2025-05-26 07:26:18,544 - INFO - 작성자 수집 완료: 곰이언니
2025-05-26 07:26:18,554 - INFO - 썸네일 수집 완료: https://postfiles.pstatic.net/MjAyNTA0MjBfMjc3/MDAxNzQ1MTMwNTI2OTI5.1TWc1Kw1HtzmzQ5yhtUFof5u3UgsOvuIJFGxkw8BWdsg.oA5HFmtZ4j5R25hWXaus6rQ2UbTp4HO_zBFnug7QWMQg.JPEG/1745130525938.jpg?type=w966
2025-05-26 07:26:18,578 - INFO - 좋아요 수집 완료: 90
2025-05-26 07:26:18,585 - INFO - 댓글 수집 완료: 17
2025-05-26 07:26:18,597 - ERROR - 데이터베이스 저장 실패: 1062 (23000): Duplicate entry 'https://blog.naver.com/tjswjd1981/223840885004?isInf=true&tracki' for key 'recipes.unique_link'
2025-05-26 07:26:18,597 - INFO - [24/231] 토픽 페이지 진입: https://in.naver.com/kimscook/topic/825510459778688
2025-05-26 07:26:20,901 - INFO - 현재 URL: https://in.naver.com/kimscook/topic/825510459778688
2025-05-26 07:26:20,901 - INFO - 블로그에서 더보기 버튼 찾는 중...
2025-05-26 07:26:20,913 - INFO - 블로그에서 더보기 버튼 발견
2025-05-26 07:26:20,913 - INFO - 블로그에서 더보기 버튼 클릭 시도...
2025-05-26 07:26:24,839 - INFO - 블로그 페이지로 이동 성공: https://blog.naver.com/starship89/223856029784?isInf=true&trackingCode=naver_etc
2025-05-26 07:26:29,875 - INFO - iframe 전환 성공
2025-05-26 07:26:40,135 - WARNING - 요소를 찾을 수 없음: css selector=h3.se-title-text, 오류: Message: 
Stacktrace:
	GetHandleVerifier [0x00007FF71F3BCF45+75717]
	GetHandleVerifier [0x00007FF71F3BCFA0+75808]
	(No symbol) [0x00007FF71F188F9A]
	(No symbol) [0x00007FF71F1DF4C6]
	(No symbol) [0x00007FF71F1DF77C]
	(No symbol) [0x00007FF71F232577]
	(No symbol) [0x00007FF71F2073BF]
	(No symbol) [0x00007FF71F22F39C]
	(No symbol) [0x00007FF71F207153]
	(No symbol) [0x00007FF71F1D0421]
	(No symbol) [0x00007FF71F1D11B3]
	GetHandleVerifier [0x00007FF71F6BD71D+3223453]
	GetHandleVerifier [0x00007FF71F6B7CC2+3200322]
	GetHandleVerifier [0x00007FF71F6D5AF3+3322739]
	GetHandleVerifier [0x00007FF71F3D6A1A+180890]
	GetHandleVerifier [0x00007FF71F3DE11F+211359]
	GetHandleVerifier [0x00007FF71F3C5294+109332]
	GetHandleVerifier [0x00007FF71F3C5442+109762]
	GetHandleVerifier [0x00007FF71F3ABA59+4825]
	BaseThreadInitThunk [0x00007FF821F3E8D7+23]
	RtlUserThreadStart [0x00007FF822F3C5DC+44]

2025-05-26 07:26:50,424 - WARNING - 요소를 찾을 수 없음: css selector=h2.se-title-text, 오류: Message: 
Stacktrace:
	GetHandleVerifier [0x00007FF71F3BCF45+75717]
	GetHandleVerifier [0x00007FF71F3BCFA0+75808]
	(No symbol) [0x00007FF71F188F9A]
	(No symbol) [0x00007FF71F1DF4C6]
	(No symbol) [0x00007FF71F1DF77C]
	(No symbol) [0x00007FF71F232577]
	(No symbol) [0x00007FF71F2073BF]
	(No symbol) [0x00007FF71F22F39C]
	(No symbol) [0x00007FF71F207153]
	(No symbol) [0x00007FF71F1D0421]
	(No symbol) [0x00007FF71F1D11B3]
	GetHandleVerifier [0x00007FF71F6BD71D+3223453]
	GetHandleVerifier [0x00007FF71F6B7CC2+3200322]
	GetHandleVerifier [0x00007FF71F6D5AF3+3322739]
	GetHandleVerifier [0x00007FF71F3D6A1A+180890]
	GetHandleVerifier [0x00007FF71F3DE11F+211359]
	GetHandleVerifier [0x00007FF71F3C5294+109332]
	GetHandleVerifier [0x00007FF71F3C5442+109762]
	GetHandleVerifier [0x00007FF71F3ABA59+4825]
	BaseThreadInitThunk [0x00007FF821F3E8D7+23]
	RtlUserThreadStart [0x00007FF822F3C5DC+44]

2025-05-26 07:27:00,645 - WARNING - 요소를 찾을 수 없음: css selector=strong.title_post, 오류: Message: 
Stacktrace:
	GetHandleVerifier [0x00007FF71F3BCF45+75717]
	GetHandleVerifier [0x00007FF71F3BCFA0+75808]
	(No symbol) [0x00007FF71F188F9A]
	(No symbol) [0x00007FF71F1DF4C6]
	(No symbol) [0x00007FF71F1DF77C]
	(No symbol) [0x00007FF71F232577]
	(No symbol) [0x00007FF71F2073BF]
	(No symbol) [0x00007FF71F22F39C]
	(No symbol) [0x00007FF71F207153]
	(No symbol) [0x00007FF71F1D0421]
	(No symbol) [0x00007FF71F1D11B3]
	GetHandleVerifier [0x00007FF71F6BD71D+3223453]
	GetHandleVerifier [0x00007FF71F6B7CC2+3200322]
	GetHandleVerifier [0x00007FF71F6D5AF3+3322739]
	GetHandleVerifier [0x00007FF71F3D6A1A+180890]
	GetHandleVerifier [0x00007FF71F3DE11F+211359]
	GetHandleVerifier [0x00007FF71F3C5294+109332]
	GetHandleVerifier [0x00007FF71F3C5442+109762]
	GetHandleVerifier [0x00007FF71F3ABA59+4825]
	BaseThreadInitThunk [0x00007FF821F3E8D7+23]
	RtlUserThreadStart [0x00007FF822F3C5DC+44]

2025-05-26 07:27:00,658 - INFO - 제목 수집 완료: 초계국수 레시피 닭가슴살 초계국수 만들기 간단.. : 네이버블로그
2025-05-26 07:27:01,769 - INFO - 본문 내용 수집 완료 (길이: 1588)
2025-05-26 07:27:01,778 - INFO - 작성자 수집 완료: 부부공감
2025-05-26 07:27:01,787 - INFO - 썸네일 수집 완료: https://postfiles.pstatic.net/MjAyNTA1MDVfMTg1/MDAxNzQ2NDMwODk1Njc2.poCENy-4B8JBypjQt2jHaEsNg33HupWPpshKQF9ybS4g.K6htEyBQX1sgoXxKZ52Ccld9wEuA4GydGv2Jq0GLjIIg.JPEG/SE-49361dfc-28cf-11f0-bd80-cbb6733f6e31.jpg?type=w966
2025-05-26 07:27:01,809 - INFO - 좋아요 수집 완료: 53
2025-05-26 07:27:01,817 - INFO - 댓글 수집 완료: 34
2025-05-26 07:27:01,831 - INFO - 레시피 데이터 저장 완료: 초계국수 레시피 닭가슴살 초계국수 만들기 간단.. : 네이버블로그
2025-05-26 07:27:01,831 - INFO - [25/231] 토픽 페이지 진입: https://in.naver.com/cleostar/topic/823618225870368
2025-05-26 07:27:04,678 - INFO - 현재 URL: https://in.naver.com/cleostar/topic/823618225870368
2025-05-26 07:27:04,679 - INFO - 블로그에서 더보기 버튼 찾는 중...
2025-05-26 07:27:04,702 - INFO - 블로그에서 더보기 버튼 발견
2025-05-26 07:27:04,702 - INFO - 블로그에서 더보기 버튼 클릭 시도...
2025-05-26 07:27:08,750 - INFO - 블로그 페이지로 이동 성공: https://blog.naver.com/cleostar/223864767620?isInf=true&trackingCode=naver_etc
2025-05-26 07:27:13,770 - INFO - iframe 전환 성공
2025-05-26 07:27:24,043 - WARNING - 요소를 찾을 수 없음: css selector=h3.se-title-text, 오류: Message: 
Stacktrace:
	GetHandleVerifier [0x00007FF71F3BCF45+75717]
	GetHandleVerifier [0x00007FF71F3BCFA0+75808]
	(No symbol) [0x00007FF71F188F9A]
	(No symbol) [0x00007FF71F1DF4C6]
	(No symbol) [0x00007FF71F1DF77C]
	(No symbol) [0x00007FF71F232577]
	(No symbol) [0x00007FF71F2073BF]
	(No symbol) [0x00007FF71F22F39C]
	(No symbol) [0x00007FF71F207153]
	(No symbol) [0x00007FF71F1D0421]
	(No symbol) [0x00007FF71F1D11B3]
	GetHandleVerifier [0x00007FF71F6BD71D+3223453]
	GetHandleVerifier [0x00007FF71F6B7CC2+3200322]
	GetHandleVerifier [0x00007FF71F6D5AF3+3322739]
	GetHandleVerifier [0x00007FF71F3D6A1A+180890]
	GetHandleVerifier [0x00007FF71F3DE11F+211359]
	GetHandleVerifier [0x00007FF71F3C5294+109332]
	GetHandleVerifier [0x00007FF71F3C5442+109762]
	GetHandleVerifier [0x00007FF71F3ABA59+4825]
	BaseThreadInitThunk [0x00007FF821F3E8D7+23]
	RtlUserThreadStart [0x00007FF822F3C5DC+44]

2025-05-26 07:27:34,288 - WARNING - 요소를 찾을 수 없음: css selector=h2.se-title-text, 오류: Message: 
Stacktrace:
	GetHandleVerifier [0x00007FF71F3BCF45+75717]
	GetHandleVerifier [0x00007FF71F3BCFA0+75808]
	(No symbol) [0x00007FF71F188F9A]
	(No symbol) [0x00007FF71F1DF4C6]
	(No symbol) [0x00007FF71F1DF77C]
	(No symbol) [0x00007FF71F232577]
	(No symbol) [0x00007FF71F2073BF]
	(No symbol) [0x00007FF71F22F39C]
	(No symbol) [0x00007FF71F207153]
	(No symbol) [0x00007FF71F1D0421]
	(No symbol) [0x00007FF71F1D11B3]
	GetHandleVerifier [0x00007FF71F6BD71D+3223453]
	GetHandleVerifier [0x00007FF71F6B7CC2+3200322]
	GetHandleVerifier [0x00007FF71F6D5AF3+3322739]
	GetHandleVerifier [0x00007FF71F3D6A1A+180890]
	GetHandleVerifier [0x00007FF71F3DE11F+211359]
	GetHandleVerifier [0x00007FF71F3C5294+109332]
	GetHandleVerifier [0x00007FF71F3C5442+109762]
	GetHandleVerifier [0x00007FF71F3ABA59+4825]
	BaseThreadInitThunk [0x00007FF821F3E8D7+23]
	RtlUserThreadStart [0x00007FF822F3C5DC+44]

2025-05-26 07:27:44,529 - WARNING - 요소를 찾을 수 없음: css selector=strong.title_post, 오류: Message: 
Stacktrace:
	GetHandleVerifier [0x00007FF71F3BCF45+75717]
	GetHandleVerifier [0x00007FF71F3BCFA0+75808]
	(No symbol) [0x00007FF71F188F9A]
	(No symbol) [0x00007FF71F1DF4C6]
	(No symbol) [0x00007FF71F1DF77C]
	(No symbol) [0x00007FF71F232577]
	(No symbol) [0x00007FF71F2073BF]
	(No symbol) [0x00007FF71F22F39C]
	(No symbol) [0x00007FF71F207153]
	(No symbol) [0x00007FF71F1D0421]
	(No symbol) [0x00007FF71F1D11B3]
	GetHandleVerifier [0x00007FF71F6BD71D+3223453]
	GetHandleVerifier [0x00007FF71F6B7CC2+3200322]
	GetHandleVerifier [0x00007FF71F6D5AF3+3322739]
	GetHandleVerifier [0x00007FF71F3D6A1A+180890]
	GetHandleVerifier [0x00007FF71F3DE11F+211359]
	GetHandleVerifier [0x00007FF71F3C5294+109332]
	GetHandleVerifier [0x00007FF71F3C5442+109762]
	GetHandleVerifier [0x00007FF71F3ABA59+4825]
	BaseThreadInitThunk [0x00007FF821F3E8D7+23]
	RtlUserThreadStart [0x00007FF822F3C5DC+44]

2025-05-26 07:27:44,545 - INFO - 제목 수집 완료: 애호박전 만들기 성시경 애호박 감자전 레시피 .. : 네이버블로그
2025-05-26 07:27:45,529 - INFO - 본문 내용 수집 완료 (길이: 1561)
2025-05-26 07:27:45,534 - INFO - 작성자 수집 완료: 레오곰순
2025-05-26 07:27:45,544 - INFO - 썸네일 수집 완료: https://postfiles.pstatic.net/MjAyNTA1MTNfMTk1/MDAxNzQ3MTQ4MjIzMTM0.6sisSPUcrwtkO5bfNVzxw1nA_oyctTZk4xQYVlaEaI8g.HB8BAnKwBKVAKQiAX3K_a4UjJQ1hV5H3x8AIvKgnYbsg.JPEG/%EC%95%A0%ED%98%B8%EB%B0%95%EC%A0%84_%EB%A7%8C%EB%93%A4%EA%B8%B0.jpg?type=w966
2025-05-26 07:27:45,580 - INFO - 좋아요 수집 완료: 43
2025-05-26 07:27:45,591 - INFO - 댓글 수집 완료: 1
2025-05-26 07:27:45,597 - INFO - 레시피 데이터 저장 완료: 애호박전 만들기 성시경 애호박 감자전 레시피 .. : 네이버블로그
2025-05-26 07:27:45,597 - INFO - [26/231] 토픽 페이지 진입: https://in.naver.com/bbubbus_kitchen/topic/822886350054976
2025-05-26 07:27:48,517 - INFO - 현재 URL: https://in.naver.com/bbubbus_kitchen/topic/822886350054976
2025-05-26 07:27:48,517 - INFO - 블로그에서 더보기 버튼 찾는 중...
2025-05-26 07:27:48,533 - INFO - 블로그에서 더보기 버튼 발견
2025-05-26 07:27:48,533 - INFO - 블로그에서 더보기 버튼 클릭 시도...
2025-05-26 07:27:52,354 - INFO - 블로그 페이지로 이동 성공: https://blog.naver.com/happy_hyunji/223865232888?isInf=true&trackingCode=naver_etc
2025-05-26 07:27:57,383 - INFO - iframe 전환 성공
2025-05-26 07:28:07,636 - WARNING - 요소를 찾을 수 없음: css selector=h3.se-title-text, 오류: Message: 
Stacktrace:
	GetHandleVerifier [0x00007FF71F3BCF45+75717]
	GetHandleVerifier [0x00007FF71F3BCFA0+75808]
	(No symbol) [0x00007FF71F188F9A]
	(No symbol) [0x00007FF71F1DF4C6]
	(No symbol) [0x00007FF71F1DF77C]
	(No symbol) [0x00007FF71F232577]
	(No symbol) [0x00007FF71F2073BF]
	(No symbol) [0x00007FF71F22F39C]
	(No symbol) [0x00007FF71F207153]
	(No symbol) [0x00007FF71F1D0421]
	(No symbol) [0x00007FF71F1D11B3]
	GetHandleVerifier [0x00007FF71F6BD71D+3223453]
	GetHandleVerifier [0x00007FF71F6B7CC2+3200322]
	GetHandleVerifier [0x00007FF71F6D5AF3+3322739]
	GetHandleVerifier [0x00007FF71F3D6A1A+180890]
	GetHandleVerifier [0x00007FF71F3DE11F+211359]
	GetHandleVerifier [0x00007FF71F3C5294+109332]
	GetHandleVerifier [0x00007FF71F3C5442+109762]
	GetHandleVerifier [0x00007FF71F3ABA59+4825]
	BaseThreadInitThunk [0x00007FF821F3E8D7+23]
	RtlUserThreadStart [0x00007FF822F3C5DC+44]

2025-05-26 07:28:17,897 - WARNING - 요소를 찾을 수 없음: css selector=h2.se-title-text, 오류: Message: 
Stacktrace:
	GetHandleVerifier [0x00007FF71F3BCF45+75717]
	GetHandleVerifier [0x00007FF71F3BCFA0+75808]
	(No symbol) [0x00007FF71F188F9A]
	(No symbol) [0x00007FF71F1DF4C6]
	(No symbol) [0x00007FF71F1DF77C]
	(No symbol) [0x00007FF71F232577]
	(No symbol) [0x00007FF71F2073BF]
	(No symbol) [0x00007FF71F22F39C]
	(No symbol) [0x00007FF71F207153]
	(No symbol) [0x00007FF71F1D0421]
	(No symbol) [0x00007FF71F1D11B3]
	GetHandleVerifier [0x00007FF71F6BD71D+3223453]
	GetHandleVerifier [0x00007FF71F6B7CC2+3200322]
	GetHandleVerifier [0x00007FF71F6D5AF3+3322739]
	GetHandleVerifier [0x00007FF71F3D6A1A+180890]
	GetHandleVerifier [0x00007FF71F3DE11F+211359]
	GetHandleVerifier [0x00007FF71F3C5294+109332]
	GetHandleVerifier [0x00007FF71F3C5442+109762]
	GetHandleVerifier [0x00007FF71F3ABA59+4825]
	BaseThreadInitThunk [0x00007FF821F3E8D7+23]
	RtlUserThreadStart [0x00007FF822F3C5DC+44]

2025-05-26 07:28:28,123 - WARNING - 요소를 찾을 수 없음: css selector=strong.title_post, 오류: Message: 
Stacktrace:
	GetHandleVerifier [0x00007FF71F3BCF45+75717]
	GetHandleVerifier [0x00007FF71F3BCFA0+75808]
	(No symbol) [0x00007FF71F188F9A]
	(No symbol) [0x00007FF71F1DF4C6]
	(No symbol) [0x00007FF71F1DF77C]
	(No symbol) [0x00007FF71F232577]
	(No symbol) [0x00007FF71F2073BF]
	(No symbol) [0x00007FF71F22F39C]
	(No symbol) [0x00007FF71F207153]
	(No symbol) [0x00007FF71F1D0421]
	(No symbol) [0x00007FF71F1D11B3]
	GetHandleVerifier [0x00007FF71F6BD71D+3223453]
	GetHandleVerifier [0x00007FF71F6B7CC2+3200322]
	GetHandleVerifier [0x00007FF71F6D5AF3+3322739]
	GetHandleVerifier [0x00007FF71F3D6A1A+180890]
	GetHandleVerifier [0x00007FF71F3DE11F+211359]
	GetHandleVerifier [0x00007FF71F3C5294+109332]
	GetHandleVerifier [0x00007FF71F3C5442+109762]
	GetHandleVerifier [0x00007FF71F3ABA59+4825]
	BaseThreadInitThunk [0x00007FF821F3E8D7+23]
	RtlUserThreadStart [0x00007FF822F3C5DC+44]

2025-05-26 07:28:28,126 - INFO - 제목 수집 완료: 카레 만드는법 고체 무수분 전기밥솥 토마토요리 : 네이버 블로그
2025-05-26 07:28:29,306 - INFO - 본문 내용 수집 완료 (길이: 1990)
2025-05-26 07:28:29,313 - INFO - 작성자 수집 완료: 뿌뿌님
2025-05-26 07:28:29,322 - INFO - 썸네일 수집 완료: https://postfiles.pstatic.net/MjAyNTA1MTJfOTMg/MDAxNzQ3MDE4NTY4NjE4.hltEAtAPJsumG5zIcaKUIZhFAd1uO-1EN9zsu2-2a-sg.XsgqX2lGe2OKjhz91IeY5OTK_yGKJ8SAW-pEtWh6Zs0g.JPEG/SE-9fe0c801-ccc2-4190-9a5b-20063ab0d31e.jpg?type=w966
2025-05-26 07:28:29,346 - INFO - 좋아요 수집 완료: 47
2025-05-26 07:28:29,354 - INFO - 댓글 수집 완료: 21
2025-05-26 07:28:29,369 - INFO - 레시피 데이터 저장 완료: 카레 만드는법 고체 무수분 전기밥솥 토마토요리 : 네이버 블로그
2025-05-26 07:28:29,369 - INFO - [27/231] 토픽 페이지 진입: https://in.naver.com/ommaa/topic/821752047420960
2025-05-26 07:28:32,097 - INFO - 현재 URL: https://in.naver.com/ommaa/topic/821752047420960
2025-05-26 07:28:32,097 - INFO - 블로그에서 더보기 버튼 찾는 중...
2025-05-26 07:28:32,110 - INFO - 블로그에서 더보기 버튼 발견
2025-05-26 07:28:32,111 - INFO - 블로그에서 더보기 버튼 클릭 시도...
2025-05-26 07:28:36,030 - INFO - 블로그 페이지로 이동 성공: https://blog.naver.com/ommaa-/223861769448?isInf=true&trackingCode=naver_etc
2025-05-26 07:28:41,053 - INFO - iframe 전환 성공
2025-05-26 07:28:51,292 - WARNING - 요소를 찾을 수 없음: css selector=h3.se-title-text, 오류: Message: 
Stacktrace:
	GetHandleVerifier [0x00007FF71F3BCF45+75717]
	GetHandleVerifier [0x00007FF71F3BCFA0+75808]
	(No symbol) [0x00007FF71F188F9A]
	(No symbol) [0x00007FF71F1DF4C6]
	(No symbol) [0x00007FF71F1DF77C]
	(No symbol) [0x00007FF71F232577]
	(No symbol) [0x00007FF71F2073BF]
	(No symbol) [0x00007FF71F22F39C]
	(No symbol) [0x00007FF71F207153]
	(No symbol) [0x00007FF71F1D0421]
	(No symbol) [0x00007FF71F1D11B3]
	GetHandleVerifier [0x00007FF71F6BD71D+3223453]
	GetHandleVerifier [0x00007FF71F6B7CC2+3200322]
	GetHandleVerifier [0x00007FF71F6D5AF3+3322739]
	GetHandleVerifier [0x00007FF71F3D6A1A+180890]
	GetHandleVerifier [0x00007FF71F3DE11F+211359]
	GetHandleVerifier [0x00007FF71F3C5294+109332]
	GetHandleVerifier [0x00007FF71F3C5442+109762]
	GetHandleVerifier [0x00007FF71F3ABA59+4825]
	BaseThreadInitThunk [0x00007FF821F3E8D7+23]
	RtlUserThreadStart [0x00007FF822F3C5DC+44]

2025-05-26 07:29:01,537 - WARNING - 요소를 찾을 수 없음: css selector=h2.se-title-text, 오류: Message: 
Stacktrace:
	GetHandleVerifier [0x00007FF71F3BCF45+75717]
	GetHandleVerifier [0x00007FF71F3BCFA0+75808]
	(No symbol) [0x00007FF71F188F9A]
	(No symbol) [0x00007FF71F1DF4C6]
	(No symbol) [0x00007FF71F1DF77C]
	(No symbol) [0x00007FF71F232577]
	(No symbol) [0x00007FF71F2073BF]
	(No symbol) [0x00007FF71F22F39C]
	(No symbol) [0x00007FF71F207153]
	(No symbol) [0x00007FF71F1D0421]
	(No symbol) [0x00007FF71F1D11B3]
	GetHandleVerifier [0x00007FF71F6BD71D+3223453]
	GetHandleVerifier [0x00007FF71F6B7CC2+3200322]
	GetHandleVerifier [0x00007FF71F6D5AF3+3322739]
	GetHandleVerifier [0x00007FF71F3D6A1A+180890]
	GetHandleVerifier [0x00007FF71F3DE11F+211359]
	GetHandleVerifier [0x00007FF71F3C5294+109332]
	GetHandleVerifier [0x00007FF71F3C5442+109762]
	GetHandleVerifier [0x00007FF71F3ABA59+4825]
	BaseThreadInitThunk [0x00007FF821F3E8D7+23]
	RtlUserThreadStart [0x00007FF822F3C5DC+44]

2025-05-26 07:29:11,777 - WARNING - 요소를 찾을 수 없음: css selector=strong.title_post, 오류: Message: 
Stacktrace:
	GetHandleVerifier [0x00007FF71F3BCF45+75717]
	GetHandleVerifier [0x00007FF71F3BCFA0+75808]
	(No symbol) [0x00007FF71F188F9A]
	(No symbol) [0x00007FF71F1DF4C6]
	(No symbol) [0x00007FF71F1DF77C]
	(No symbol) [0x00007FF71F232577]
	(No symbol) [0x00007FF71F2073BF]
	(No symbol) [0x00007FF71F22F39C]
	(No symbol) [0x00007FF71F207153]
	(No symbol) [0x00007FF71F1D0421]
	(No symbol) [0x00007FF71F1D11B3]
	GetHandleVerifier [0x00007FF71F6BD71D+3223453]
	GetHandleVerifier [0x00007FF71F6B7CC2+3200322]
	GetHandleVerifier [0x00007FF71F6D5AF3+3322739]
	GetHandleVerifier [0x00007FF71F3D6A1A+180890]
	GetHandleVerifier [0x00007FF71F3DE11F+211359]
	GetHandleVerifier [0x00007FF71F3C5294+109332]
	GetHandleVerifier [0x00007FF71F3C5442+109762]
	GetHandleVerifier [0x00007FF71F3ABA59+4825]
	BaseThreadInitThunk [0x00007FF821F3E8D7+23]
	RtlUserThreadStart [0x00007FF822F3C5DC+44]

2025-05-26 07:29:11,789 - INFO - 제목 수집 완료: 새송이버섯 양파 볶음 레시피 간단 반찬 만드는법 : 네이버 블로그
2025-05-26 07:29:12,863 - INFO - 본문 내용 수집 완료 (길이: 1079)
2025-05-26 07:29:12,869 - INFO - 작성자 수집 완료: 옴마 Ommaa
2025-05-26 07:29:12,876 - INFO - 썸네일 수집 완료: https://postfiles.pstatic.net/MjAyNTA1MTBfMTMx/MDAxNzQ2ODc4NzYwNzYz.0sYcB33eFI8omuIA41fNaaFZuzjx9sF04Ph2_bSuXG0g.Ye9fem99OQ8SwMvFw9jwrYzN3A6wacurTX3KnVRvQjQg.JPEG/SE-563C2209-0093-453C-9172-12649D5AC05E.jpg?type=w773
2025-05-26 07:29:12,896 - INFO - 좋아요 수집 완료: 46
2025-05-26 07:29:12,913 - INFO - 댓글 수집 완료: 7
2025-05-26 07:29:12,919 - INFO - 레시피 데이터 저장 완료: 새송이버섯 양파 볶음 레시피 간단 반찬 만드는법 : 네이버 블로그
2025-05-26 07:29:12,919 - INFO - [28/231] 토픽 페이지 진입: https://in.naver.com/kies84/topic/823163459720832
2025-05-26 07:29:16,023 - INFO - 현재 URL: https://in.naver.com/kies84/topic/823163459720832
2025-05-26 07:29:16,024 - INFO - 블로그에서 더보기 버튼 찾는 중...
2025-05-26 07:29:16,038 - INFO - 블로그에서 더보기 버튼 발견
2025-05-26 07:29:16,039 - INFO - 블로그에서 더보기 버튼 클릭 시도...
2025-05-26 07:29:19,570 - INFO - 블로그 페이지로 이동 성공: https://blog.naver.com/kies84/223862450464?isInf=true&trackingCode=naver_etc
2025-05-26 07:29:24,585 - INFO - iframe 전환 성공
2025-05-26 07:29:34,773 - WARNING - 요소를 찾을 수 없음: css selector=h3.se-title-text, 오류: Message: 
Stacktrace:
	GetHandleVerifier [0x00007FF71F3BCF45+75717]
	GetHandleVerifier [0x00007FF71F3BCFA0+75808]
	(No symbol) [0x00007FF71F188F9A]
	(No symbol) [0x00007FF71F1DF4C6]
	(No symbol) [0x00007FF71F1DF77C]
	(No symbol) [0x00007FF71F232577]
	(No symbol) [0x00007FF71F2073BF]
	(No symbol) [0x00007FF71F22F39C]
	(No symbol) [0x00007FF71F207153]
	(No symbol) [0x00007FF71F1D0421]
	(No symbol) [0x00007FF71F1D11B3]
	GetHandleVerifier [0x00007FF71F6BD71D+3223453]
	GetHandleVerifier [0x00007FF71F6B7CC2+3200322]
	GetHandleVerifier [0x00007FF71F6D5AF3+3322739]
	GetHandleVerifier [0x00007FF71F3D6A1A+180890]
	GetHandleVerifier [0x00007FF71F3DE11F+211359]
	GetHandleVerifier [0x00007FF71F3C5294+109332]
	GetHandleVerifier [0x00007FF71F3C5442+109762]
	GetHandleVerifier [0x00007FF71F3ABA59+4825]
	BaseThreadInitThunk [0x00007FF821F3E8D7+23]
	RtlUserThreadStart [0x00007FF822F3C5DC+44]

2025-05-26 07:29:44,966 - WARNING - 요소를 찾을 수 없음: css selector=h2.se-title-text, 오류: Message: 
Stacktrace:
	GetHandleVerifier [0x00007FF71F3BCF45+75717]
	GetHandleVerifier [0x00007FF71F3BCFA0+75808]
	(No symbol) [0x00007FF71F188F9A]
	(No symbol) [0x00007FF71F1DF4C6]
	(No symbol) [0x00007FF71F1DF77C]
	(No symbol) [0x00007FF71F232577]
	(No symbol) [0x00007FF71F2073BF]
	(No symbol) [0x00007FF71F22F39C]
	(No symbol) [0x00007FF71F207153]
	(No symbol) [0x00007FF71F1D0421]
	(No symbol) [0x00007FF71F1D11B3]
	GetHandleVerifier [0x00007FF71F6BD71D+3223453]
	GetHandleVerifier [0x00007FF71F6B7CC2+3200322]
	GetHandleVerifier [0x00007FF71F6D5AF3+3322739]
	GetHandleVerifier [0x00007FF71F3D6A1A+180890]
	GetHandleVerifier [0x00007FF71F3DE11F+211359]
	GetHandleVerifier [0x00007FF71F3C5294+109332]
	GetHandleVerifier [0x00007FF71F3C5442+109762]
	GetHandleVerifier [0x00007FF71F3ABA59+4825]
	BaseThreadInitThunk [0x00007FF821F3E8D7+23]
	RtlUserThreadStart [0x00007FF822F3C5DC+44]

2025-05-26 07:29:55,193 - WARNING - 요소를 찾을 수 없음: css selector=strong.title_post, 오류: Message: 
Stacktrace:
	GetHandleVerifier [0x00007FF71F3BCF45+75717]
	GetHandleVerifier [0x00007FF71F3BCFA0+75808]
	(No symbol) [0x00007FF71F188F9A]
	(No symbol) [0x00007FF71F1DF4C6]
	(No symbol) [0x00007FF71F1DF77C]
	(No symbol) [0x00007FF71F232577]
	(No symbol) [0x00007FF71F2073BF]
	(No symbol) [0x00007FF71F22F39C]
	(No symbol) [0x00007FF71F207153]
	(No symbol) [0x00007FF71F1D0421]
	(No symbol) [0x00007FF71F1D11B3]
	GetHandleVerifier [0x00007FF71F6BD71D+3223453]
	GetHandleVerifier [0x00007FF71F6B7CC2+3200322]
	GetHandleVerifier [0x00007FF71F6D5AF3+3322739]
	GetHandleVerifier [0x00007FF71F3D6A1A+180890]
	GetHandleVerifier [0x00007FF71F3DE11F+211359]
	GetHandleVerifier [0x00007FF71F3C5294+109332]
	GetHandleVerifier [0x00007FF71F3C5442+109762]
	GetHandleVerifier [0x00007FF71F3ABA59+4825]
	BaseThreadInitThunk [0x00007FF821F3E8D7+23]
	RtlUserThreadStart [0x00007FF822F3C5DC+44]

2025-05-26 07:29:55,197 - INFO - 제목 수집 완료: 오이무침 아직도 고춧가루 넣으세요? 요즘은 ‘.. : 네이버블로그
2025-05-26 07:29:55,633 - INFO - 본문 내용 수집 완료 (길이: 1517)
2025-05-26 07:29:55,641 - INFO - 작성자 수집 완료: 초대리
2025-05-26 07:29:55,648 - INFO - 썸네일 수집 완료: https://postfiles.pstatic.net/MjAyNTA1MTFfOTQg/MDAxNzQ2OTQyMjU4ODAx.fxhT2UklcUaCJ7ylV8KFkFsrmswlwEG4fFdycGMum5Ug.wNYt8dFP6a0hxak_jx_M1x9DRqGqIQSs5DrnnQHvrYwg.JPEG/IMG_7603.JPG?type=w966
2025-05-26 07:29:55,671 - INFO - 좋아요 수집 완료: 26
2025-05-26 07:29:55,678 - INFO - 댓글 수집 완료: 0
2025-05-26 07:29:55,691 - INFO - 레시피 데이터 저장 완료: 오이무침 아직도 고춧가루 넣으세요? 요즘은 ‘.. : 네이버블로그
2025-05-26 07:29:55,691 - INFO - [29/231] 토픽 페이지 진입: https://in.naver.com/mijinkim80/topic/823543919589024
2025-05-26 07:29:58,139 - INFO - 현재 URL: https://in.naver.com/mijinkim80/topic/823543919589024
2025-05-26 07:29:58,139 - INFO - 블로그에서 더보기 버튼 찾는 중...
2025-05-26 07:29:58,152 - INFO - 블로그에서 더보기 버튼 발견
2025-05-26 07:29:58,152 - INFO - 블로그에서 더보기 버튼 클릭 시도...
2025-05-26 07:30:02,139 - INFO - 블로그 페이지로 이동 성공: https://blog.naver.com/mj_hudadak/223866874640?isInf=true&trackingCode=naver_etc
2025-05-26 07:30:07,169 - INFO - iframe 전환 성공
2025-05-26 07:30:17,373 - WARNING - 요소를 찾을 수 없음: css selector=h3.se-title-text, 오류: Message: 
Stacktrace:
	GetHandleVerifier [0x00007FF71F3BCF45+75717]
	GetHandleVerifier [0x00007FF71F3BCFA0+75808]
	(No symbol) [0x00007FF71F188F9A]
	(No symbol) [0x00007FF71F1DF4C6]
	(No symbol) [0x00007FF71F1DF77C]
	(No symbol) [0x00007FF71F232577]
	(No symbol) [0x00007FF71F2073BF]
	(No symbol) [0x00007FF71F22F39C]
	(No symbol) [0x00007FF71F207153]
	(No symbol) [0x00007FF71F1D0421]
	(No symbol) [0x00007FF71F1D11B3]
	GetHandleVerifier [0x00007FF71F6BD71D+3223453]
	GetHandleVerifier [0x00007FF71F6B7CC2+3200322]
	GetHandleVerifier [0x00007FF71F6D5AF3+3322739]
	GetHandleVerifier [0x00007FF71F3D6A1A+180890]
	GetHandleVerifier [0x00007FF71F3DE11F+211359]
	GetHandleVerifier [0x00007FF71F3C5294+109332]
	GetHandleVerifier [0x00007FF71F3C5442+109762]
	GetHandleVerifier [0x00007FF71F3ABA59+4825]
	BaseThreadInitThunk [0x00007FF821F3E8D7+23]
	RtlUserThreadStart [0x00007FF822F3C5DC+44]

2025-05-26 07:30:27,552 - WARNING - 요소를 찾을 수 없음: css selector=h2.se-title-text, 오류: Message: 
Stacktrace:
	GetHandleVerifier [0x00007FF71F3BCF45+75717]
	GetHandleVerifier [0x00007FF71F3BCFA0+75808]
	(No symbol) [0x00007FF71F188F9A]
	(No symbol) [0x00007FF71F1DF4C6]
	(No symbol) [0x00007FF71F1DF77C]
	(No symbol) [0x00007FF71F232577]
	(No symbol) [0x00007FF71F2073BF]
	(No symbol) [0x00007FF71F22F39C]
	(No symbol) [0x00007FF71F207153]
	(No symbol) [0x00007FF71F1D0421]
	(No symbol) [0x00007FF71F1D11B3]
	GetHandleVerifier [0x00007FF71F6BD71D+3223453]
	GetHandleVerifier [0x00007FF71F6B7CC2+3200322]
	GetHandleVerifier [0x00007FF71F6D5AF3+3322739]
	GetHandleVerifier [0x00007FF71F3D6A1A+180890]
	GetHandleVerifier [0x00007FF71F3DE11F+211359]
	GetHandleVerifier [0x00007FF71F3C5294+109332]
	GetHandleVerifier [0x00007FF71F3C5442+109762]
	GetHandleVerifier [0x00007FF71F3ABA59+4825]
	BaseThreadInitThunk [0x00007FF821F3E8D7+23]
	RtlUserThreadStart [0x00007FF822F3C5DC+44]

2025-05-26 07:30:37,759 - WARNING - 요소를 찾을 수 없음: css selector=strong.title_post, 오류: Message: 
Stacktrace:
	GetHandleVerifier [0x00007FF71F3BCF45+75717]
	GetHandleVerifier [0x00007FF71F3BCFA0+75808]
	(No symbol) [0x00007FF71F188F9A]
	(No symbol) [0x00007FF71F1DF4C6]
	(No symbol) [0x00007FF71F1DF77C]
	(No symbol) [0x00007FF71F232577]
	(No symbol) [0x00007FF71F2073BF]
	(No symbol) [0x00007FF71F22F39C]
	(No symbol) [0x00007FF71F207153]
	(No symbol) [0x00007FF71F1D0421]
	(No symbol) [0x00007FF71F1D11B3]
	GetHandleVerifier [0x00007FF71F6BD71D+3223453]
	GetHandleVerifier [0x00007FF71F6B7CC2+3200322]
	GetHandleVerifier [0x00007FF71F6D5AF3+3322739]
	GetHandleVerifier [0x00007FF71F3D6A1A+180890]
	GetHandleVerifier [0x00007FF71F3DE11F+211359]
	GetHandleVerifier [0x00007FF71F3C5294+109332]
	GetHandleVerifier [0x00007FF71F3C5442+109762]
	GetHandleVerifier [0x00007FF71F3ABA59+4825]
	BaseThreadInitThunk [0x00007FF821F3E8D7+23]
	RtlUserThreadStart [0x00007FF822F3C5DC+44]

2025-05-26 07:30:37,768 - INFO - 제목 수집 완료: 다이어트 새우포케 만들기 포케샐러드 소스 재료 : 네이버 블로그
2025-05-26 07:30:38,722 - INFO - 본문 내용 수집 완료 (길이: 1717)
2025-05-26 07:30:38,729 - INFO - 작성자 수집 완료: MJ의후다닥레시피
2025-05-26 07:30:38,749 - INFO - 썸네일 수집 완료: https://postfiles.pstatic.net/MjAyNTA1MTVfMjcw/MDAxNzQ3Mjg5NTY1NzIx.8GjpKn1LRCAYfouESPnpUdtFj06P2-qVHM4kMiYPRSsg.nh89wm6S9lr9cMoGxtC_GuNwoxTmwtqIDUMZuF-BDCsg.JPEG/4.JPG?type=w773
2025-05-26 07:30:38,772 - INFO - 좋아요 수집 완료: 203
2025-05-26 07:30:38,779 - INFO - 댓글 수집 완료: 14
2025-05-26 07:30:38,784 - INFO - 레시피 데이터 저장 완료: 다이어트 새우포케 만들기 포케샐러드 소스 재료 : 네이버 블로그
2025-05-26 07:30:38,784 - INFO - [30/231] 토픽 페이지 진입: https://in.naver.com/gomiunnie/topic/822445382526592
2025-05-26 07:30:41,675 - INFO - 현재 URL: https://in.naver.com/gomiunnie/topic/822445382526592
2025-05-26 07:30:41,676 - INFO - 블로그에서 더보기 버튼 찾는 중...
2025-05-26 07:30:41,696 - INFO - 블로그에서 더보기 버튼 발견
2025-05-26 07:30:41,696 - INFO - 블로그에서 더보기 버튼 클릭 시도...
2025-05-26 07:30:45,007 - INFO - 블로그 페이지로 이동 성공: https://blog.naver.com/tjswjd1981/223863711877?isInf=true&trackingCode=naver_etc
2025-05-26 07:30:50,021 - INFO - iframe 전환 성공
2025-05-26 07:31:00,224 - WARNING - 요소를 찾을 수 없음: css selector=h3.se-title-text, 오류: Message: 
Stacktrace:
	GetHandleVerifier [0x00007FF71F3BCF45+75717]
	GetHandleVerifier [0x00007FF71F3BCFA0+75808]
	(No symbol) [0x00007FF71F188F9A]
	(No symbol) [0x00007FF71F1DF4C6]
	(No symbol) [0x00007FF71F1DF77C]
	(No symbol) [0x00007FF71F232577]
	(No symbol) [0x00007FF71F2073BF]
	(No symbol) [0x00007FF71F22F39C]
	(No symbol) [0x00007FF71F207153]
	(No symbol) [0x00007FF71F1D0421]
	(No symbol) [0x00007FF71F1D11B3]
	GetHandleVerifier [0x00007FF71F6BD71D+3223453]
	GetHandleVerifier [0x00007FF71F6B7CC2+3200322]
	GetHandleVerifier [0x00007FF71F6D5AF3+3322739]
	GetHandleVerifier [0x00007FF71F3D6A1A+180890]
	GetHandleVerifier [0x00007FF71F3DE11F+211359]
	GetHandleVerifier [0x00007FF71F3C5294+109332]
	GetHandleVerifier [0x00007FF71F3C5442+109762]
	GetHandleVerifier [0x00007FF71F3ABA59+4825]
	BaseThreadInitThunk [0x00007FF821F3E8D7+23]
	RtlUserThreadStart [0x00007FF822F3C5DC+44]

2025-05-26 07:34:57,251 - INFO - 크롤러 초기화 시작
2025-05-26 07:34:58,556 - INFO - package: mysql.connector.plugins
2025-05-26 07:34:58,556 - INFO - plugin_name: caching_sha2_password
2025-05-26 07:34:58,556 - INFO - AUTHENTICATION_PLUGIN_CLASS: MySQLCachingSHA2PasswordAuthPlugin
2025-05-26 07:34:58,557 - INFO - package: mysql.connector.plugins
2025-05-26 07:34:58,557 - INFO - plugin_name: mysql_native_password
2025-05-26 07:34:58,558 - INFO - AUTHENTICATION_PLUGIN_CLASS: MySQLNativePasswordAuthPlugin
2025-05-26 07:34:58,571 - INFO - 크롤러 초기화 완료
2025-05-26 07:34:58,571 - INFO - 크롤러 시작: https://in.naver.com/discover/135968760155968
2025-05-26 07:35:04,108 - INFO - 토픽 카드 로드 시작...
2025-05-26 07:35:05,150 - INFO - 더보기 버튼 클릭 1/20
2025-05-26 07:35:08,181 - INFO - 더보기 버튼 클릭 2/20
2025-05-26 07:35:11,221 - INFO - 더보기 버튼 클릭 3/20
2025-05-26 07:35:14,280 - INFO - 더보기 버튼 클릭 4/20
2025-05-26 07:35:17,333 - INFO - 더보기 버튼 클릭 5/20
2025-05-26 07:35:20,386 - INFO - 더보기 버튼 클릭 6/20
2025-05-26 07:35:23,434 - INFO - 더보기 버튼 클릭 7/20
2025-05-26 07:35:26,482 - INFO - 더보기 버튼 클릭 8/20
2025-05-26 07:35:29,531 - INFO - 더보기 버튼 클릭 9/20
2025-05-26 07:35:32,572 - INFO - 더보기 버튼 클릭 10/20
2025-05-26 07:35:35,613 - INFO - 더보기 버튼 클릭 11/20
2025-05-26 07:35:38,656 - INFO - 더보기 버튼 클릭 12/20
2025-05-26 07:35:41,695 - INFO - 더보기 버튼 클릭 13/20
2025-05-26 07:35:44,736 - INFO - 더보기 버튼 클릭 14/20
2025-05-26 07:35:47,775 - INFO - 더보기 버튼 클릭 15/20
2025-05-26 07:35:50,810 - INFO - 더보기 버튼 클릭 16/20
2025-05-26 07:35:53,864 - INFO - 더보기 버튼 클릭 17/20
2025-05-26 07:35:56,902 - INFO - 더보기 버튼 클릭 18/20
2025-05-26 07:35:59,936 - INFO - 더보기 버튼 클릭 19/20
2025-05-26 07:36:07,022 - INFO - 더보기 버튼을 찾을 수 없습니다. 모든 카드가 로드되었거나 페이지 구조가 변경되었습니다.
2025-05-26 07:36:07,033 - INFO - 총 0개의 토픽 카드 링크 발견
2025-05-26 07:36:07,033 - INFO - 스크롤 완료 후 발견된 토픽 링크 수: 0
2025-05-26 07:36:08,095 - INFO - 푸드 토픽 카드 링크 수: 231
2025-05-26 07:36:08,095 - INFO - [1/231] 토픽 페이지 진입: https://in.naver.com/ohn2021/topic/824959689156128
2025-05-26 07:36:10,297 - INFO - 현재 URL: https://in.naver.com/ohn2021/topic/824959689156128
2025-05-26 07:36:10,298 - INFO - 블로그에서 더보기 버튼들 모두 찾는 중...
2025-05-26 07:36:10,326 - INFO - 블로그에서 더보기 버튼 3개 발견
2025-05-26 07:36:10,326 - INFO - [1/3] 블로그에서 더보기 버튼 클릭 시도...
2025-05-26 07:36:15,373 - INFO - 블로그 페이지로 이동 성공: https://blog.naver.com/ohn2000/223871422808?isInf=true&trackingCode=naver_etc
2025-05-26 07:36:18,394 - INFO - iframe 전환 성공
2025-05-26 07:36:28,611 - WARNING - 요소를 찾을 수 없음: css selector=h3.se-title-text, 오류: Message: 
Stacktrace:
	GetHandleVerifier [0x00007FF71F3BCF45+75717]
	GetHandleVerifier [0x00007FF71F3BCFA0+75808]
	(No symbol) [0x00007FF71F188F9A]
	(No symbol) [0x00007FF71F1DF4C6]
	(No symbol) [0x00007FF71F1DF77C]
	(No symbol) [0x00007FF71F232577]
	(No symbol) [0x00007FF71F2073BF]
	(No symbol) [0x00007FF71F22F39C]
	(No symbol) [0x00007FF71F207153]
	(No symbol) [0x00007FF71F1D0421]
	(No symbol) [0x00007FF71F1D11B3]
	GetHandleVerifier [0x00007FF71F6BD71D+3223453]
	GetHandleVerifier [0x00007FF71F6B7CC2+3200322]
	GetHandleVerifier [0x00007FF71F6D5AF3+3322739]
	GetHandleVerifier [0x00007FF71F3D6A1A+180890]
	GetHandleVerifier [0x00007FF71F3DE11F+211359]
	GetHandleVerifier [0x00007FF71F3C5294+109332]
	GetHandleVerifier [0x00007FF71F3C5442+109762]
	GetHandleVerifier [0x00007FF71F3ABA59+4825]
	BaseThreadInitThunk [0x00007FF821F3E8D7+23]
	RtlUserThreadStart [0x00007FF822F3C5DC+44]

2025-05-26 07:36:38,808 - WARNING - 요소를 찾을 수 없음: css selector=h2.se-title-text, 오류: Message: 
Stacktrace:
	GetHandleVerifier [0x00007FF71F3BCF45+75717]
	GetHandleVerifier [0x00007FF71F3BCFA0+75808]
	(No symbol) [0x00007FF71F188F9A]
	(No symbol) [0x00007FF71F1DF4C6]
	(No symbol) [0x00007FF71F1DF77C]
	(No symbol) [0x00007FF71F232577]
	(No symbol) [0x00007FF71F2073BF]
	(No symbol) [0x00007FF71F22F39C]
	(No symbol) [0x00007FF71F207153]
	(No symbol) [0x00007FF71F1D0421]
	(No symbol) [0x00007FF71F1D11B3]
	GetHandleVerifier [0x00007FF71F6BD71D+3223453]
	GetHandleVerifier [0x00007FF71F6B7CC2+3200322]
	GetHandleVerifier [0x00007FF71F6D5AF3+3322739]
	GetHandleVerifier [0x00007FF71F3D6A1A+180890]
	GetHandleVerifier [0x00007FF71F3DE11F+211359]
	GetHandleVerifier [0x00007FF71F3C5294+109332]
	GetHandleVerifier [0x00007FF71F3C5442+109762]
	GetHandleVerifier [0x00007FF71F3ABA59+4825]
	BaseThreadInitThunk [0x00007FF821F3E8D7+23]
	RtlUserThreadStart [0x00007FF822F3C5DC+44]

2025-05-26 07:36:48,982 - WARNING - 요소를 찾을 수 없음: css selector=strong.title_post, 오류: Message: 
Stacktrace:
	GetHandleVerifier [0x00007FF71F3BCF45+75717]
	GetHandleVerifier [0x00007FF71F3BCFA0+75808]
	(No symbol) [0x00007FF71F188F9A]
	(No symbol) [0x00007FF71F1DF4C6]
	(No symbol) [0x00007FF71F1DF77C]
	(No symbol) [0x00007FF71F232577]
	(No symbol) [0x00007FF71F2073BF]
	(No symbol) [0x00007FF71F22F39C]
	(No symbol) [0x00007FF71F207153]
	(No symbol) [0x00007FF71F1D0421]
	(No symbol) [0x00007FF71F1D11B3]
	GetHandleVerifier [0x00007FF71F6BD71D+3223453]
	GetHandleVerifier [0x00007FF71F6B7CC2+3200322]
	GetHandleVerifier [0x00007FF71F6D5AF3+3322739]
	GetHandleVerifier [0x00007FF71F3D6A1A+180890]
	GetHandleVerifier [0x00007FF71F3DE11F+211359]
	GetHandleVerifier [0x00007FF71F3C5294+109332]
	GetHandleVerifier [0x00007FF71F3C5442+109762]
	GetHandleVerifier [0x00007FF71F3ABA59+4825]
	BaseThreadInitThunk [0x00007FF821F3E8D7+23]
	RtlUserThreadStart [0x00007FF822F3C5DC+44]

2025-05-26 07:36:48,994 - INFO - 제목 수집 완료: 전자레인지 채소찜 진서연 야채찜 소스 채소식단.. : 네이버블로그
2025-05-26 07:36:48,995 - INFO - 필터 키워드 미포함으로 저장하지 않음: 전자레인지 채소찜 진서연 야채찜 소스 채소식단.. : 네이버블로그
2025-05-26 07:36:49,066 - INFO - [2/3] 블로그에서 더보기 버튼 클릭 시도...
2025-05-26 07:36:54,099 - INFO - 블로그 페이지로 이동 성공: https://blog.naver.com/ohn2000/223651892990?isInf=true&trackingCode=naver_etc
2025-05-26 07:36:57,129 - INFO - iframe 전환 성공
2025-05-26 07:37:07,244 - WARNING - 요소를 찾을 수 없음: css selector=h3.se-title-text, 오류: Message: 
Stacktrace:
	GetHandleVerifier [0x00007FF71F3BCF45+75717]
	GetHandleVerifier [0x00007FF71F3BCFA0+75808]
	(No symbol) [0x00007FF71F188F9A]
	(No symbol) [0x00007FF71F1DF4C6]
	(No symbol) [0x00007FF71F1DF77C]
	(No symbol) [0x00007FF71F232577]
	(No symbol) [0x00007FF71F2073BF]
	(No symbol) [0x00007FF71F22F39C]
	(No symbol) [0x00007FF71F207153]
	(No symbol) [0x00007FF71F1D0421]
	(No symbol) [0x00007FF71F1D11B3]
	GetHandleVerifier [0x00007FF71F6BD71D+3223453]
	GetHandleVerifier [0x00007FF71F6B7CC2+3200322]
	GetHandleVerifier [0x00007FF71F6D5AF3+3322739]
	GetHandleVerifier [0x00007FF71F3D6A1A+180890]
	GetHandleVerifier [0x00007FF71F3DE11F+211359]
	GetHandleVerifier [0x00007FF71F3C5294+109332]
	GetHandleVerifier [0x00007FF71F3C5442+109762]
	GetHandleVerifier [0x00007FF71F3ABA59+4825]
	BaseThreadInitThunk [0x00007FF821F3E8D7+23]
	RtlUserThreadStart [0x00007FF822F3C5DC+44]

2025-05-26 07:37:17,370 - WARNING - 요소를 찾을 수 없음: css selector=h2.se-title-text, 오류: Message: 
Stacktrace:
	GetHandleVerifier [0x00007FF71F3BCF45+75717]
	GetHandleVerifier [0x00007FF71F3BCFA0+75808]
	(No symbol) [0x00007FF71F188F9A]
	(No symbol) [0x00007FF71F1DF4C6]
	(No symbol) [0x00007FF71F1DF77C]
	(No symbol) [0x00007FF71F232577]
	(No symbol) [0x00007FF71F2073BF]
	(No symbol) [0x00007FF71F22F39C]
	(No symbol) [0x00007FF71F207153]
	(No symbol) [0x00007FF71F1D0421]
	(No symbol) [0x00007FF71F1D11B3]
	GetHandleVerifier [0x00007FF71F6BD71D+3223453]
	GetHandleVerifier [0x00007FF71F6B7CC2+3200322]
	GetHandleVerifier [0x00007FF71F6D5AF3+3322739]
	GetHandleVerifier [0x00007FF71F3D6A1A+180890]
	GetHandleVerifier [0x00007FF71F3DE11F+211359]
	GetHandleVerifier [0x00007FF71F3C5294+109332]
	GetHandleVerifier [0x00007FF71F3C5442+109762]
	GetHandleVerifier [0x00007FF71F3ABA59+4825]
	BaseThreadInitThunk [0x00007FF821F3E8D7+23]
	RtlUserThreadStart [0x00007FF822F3C5DC+44]

2025-05-26 07:37:27,558 - WARNING - 요소를 찾을 수 없음: css selector=strong.title_post, 오류: Message: 
Stacktrace:
	GetHandleVerifier [0x00007FF71F3BCF45+75717]
	GetHandleVerifier [0x00007FF71F3BCFA0+75808]
	(No symbol) [0x00007FF71F188F9A]
	(No symbol) [0x00007FF71F1DF4C6]
	(No symbol) [0x00007FF71F1DF77C]
	(No symbol) [0x00007FF71F232577]
	(No symbol) [0x00007FF71F2073BF]
	(No symbol) [0x00007FF71F22F39C]
	(No symbol) [0x00007FF71F207153]
	(No symbol) [0x00007FF71F1D0421]
	(No symbol) [0x00007FF71F1D11B3]
	GetHandleVerifier [0x00007FF71F6BD71D+3223453]
	GetHandleVerifier [0x00007FF71F6B7CC2+3200322]
	GetHandleVerifier [0x00007FF71F6D5AF3+3322739]
	GetHandleVerifier [0x00007FF71F3D6A1A+180890]
	GetHandleVerifier [0x00007FF71F3DE11F+211359]
	GetHandleVerifier [0x00007FF71F3C5294+109332]
	GetHandleVerifier [0x00007FF71F3C5442+109762]
	GetHandleVerifier [0x00007FF71F3ABA59+4825]
	BaseThreadInitThunk [0x00007FF821F3E8D7+23]
	RtlUserThreadStart [0x00007FF822F3C5DC+44]

2025-05-26 07:37:27,564 - INFO - 제목 수집 완료: 대패삼겹살 숙주찜 요리 전자레인지 야채찜 레몬.. : 네이버블로그
2025-05-26 07:37:28,711 - INFO - 본문 내용 수집 완료 (길이: 1508)
2025-05-26 07:37:28,724 - INFO - 작성자 수집 완료: 햐야신스
2025-05-26 07:37:28,733 - INFO - 썸네일 수집 완료: https://postfiles.pstatic.net/MjAyNDExMDZfMTc3/MDAxNzMwODg2MTI1Mjkx.gMcvM7T5M0TTwujvP5bwa7LVjTa843fh0yqLf0LHVEAg.8cPMq6ztR3QW2Zfuv4wD_OPhkyhDf8Wz7PKklfzG80cg.JPEG/1730886123192.jpg?type=w773
2025-05-26 07:37:28,756 - INFO - 좋아요 수집 완료: 96
2025-05-26 07:37:28,763 - INFO - 댓글 수집 완료: 101
2025-05-26 07:37:28,768 - INFO - 레시피 데이터 저장 완료: 대패삼겹살 숙주찜 요리 전자레인지 야채찜 레몬.. : 네이버블로그
2025-05-26 07:37:28,840 - INFO - [3/3] 블로그에서 더보기 버튼 클릭 시도...
2025-05-26 07:37:33,886 - INFO - 블로그 페이지로 이동 성공: https://blog.naver.com/ohn2000/223644781772?isInf=true&trackingCode=naver_etc
2025-05-26 07:37:36,924 - INFO - iframe 전환 성공
2025-05-26 07:37:47,098 - WARNING - 요소를 찾을 수 없음: css selector=h3.se-title-text, 오류: Message: 
Stacktrace:
	GetHandleVerifier [0x00007FF71F3BCF45+75717]
	GetHandleVerifier [0x00007FF71F3BCFA0+75808]
	(No symbol) [0x00007FF71F188F9A]
	(No symbol) [0x00007FF71F1DF4C6]
	(No symbol) [0x00007FF71F1DF77C]
	(No symbol) [0x00007FF71F232577]
	(No symbol) [0x00007FF71F2073BF]
	(No symbol) [0x00007FF71F22F39C]
	(No symbol) [0x00007FF71F207153]
	(No symbol) [0x00007FF71F1D0421]
	(No symbol) [0x00007FF71F1D11B3]
	GetHandleVerifier [0x00007FF71F6BD71D+3223453]
	GetHandleVerifier [0x00007FF71F6B7CC2+3200322]
	GetHandleVerifier [0x00007FF71F6D5AF3+3322739]
	GetHandleVerifier [0x00007FF71F3D6A1A+180890]
	GetHandleVerifier [0x00007FF71F3DE11F+211359]
	GetHandleVerifier [0x00007FF71F3C5294+109332]
	GetHandleVerifier [0x00007FF71F3C5442+109762]
	GetHandleVerifier [0x00007FF71F3ABA59+4825]
	BaseThreadInitThunk [0x00007FF821F3E8D7+23]
	RtlUserThreadStart [0x00007FF822F3C5DC+44]

2025-05-26 07:37:57,373 - WARNING - 요소를 찾을 수 없음: css selector=h2.se-title-text, 오류: Message: 
Stacktrace:
	GetHandleVerifier [0x00007FF71F3BCF45+75717]
	GetHandleVerifier [0x00007FF71F3BCFA0+75808]
	(No symbol) [0x00007FF71F188F9A]
	(No symbol) [0x00007FF71F1DF4C6]
	(No symbol) [0x00007FF71F1DF77C]
	(No symbol) [0x00007FF71F232577]
	(No symbol) [0x00007FF71F2073BF]
	(No symbol) [0x00007FF71F22F39C]
	(No symbol) [0x00007FF71F207153]
	(No symbol) [0x00007FF71F1D0421]
	(No symbol) [0x00007FF71F1D11B3]
	GetHandleVerifier [0x00007FF71F6BD71D+3223453]
	GetHandleVerifier [0x00007FF71F6B7CC2+3200322]
	GetHandleVerifier [0x00007FF71F6D5AF3+3322739]
	GetHandleVerifier [0x00007FF71F3D6A1A+180890]
	GetHandleVerifier [0x00007FF71F3DE11F+211359]
	GetHandleVerifier [0x00007FF71F3C5294+109332]
	GetHandleVerifier [0x00007FF71F3C5442+109762]
	GetHandleVerifier [0x00007FF71F3ABA59+4825]
	BaseThreadInitThunk [0x00007FF821F3E8D7+23]
	RtlUserThreadStart [0x00007FF822F3C5DC+44]

2025-05-26 07:38:07,625 - WARNING - 요소를 찾을 수 없음: css selector=strong.title_post, 오류: Message: 
Stacktrace:
	GetHandleVerifier [0x00007FF71F3BCF45+75717]
	GetHandleVerifier [0x00007FF71F3BCFA0+75808]
	(No symbol) [0x00007FF71F188F9A]
	(No symbol) [0x00007FF71F1DF4C6]
	(No symbol) [0x00007FF71F1DF77C]
	(No symbol) [0x00007FF71F232577]
	(No symbol) [0x00007FF71F2073BF]
	(No symbol) [0x00007FF71F22F39C]
	(No symbol) [0x00007FF71F207153]
	(No symbol) [0x00007FF71F1D0421]
	(No symbol) [0x00007FF71F1D11B3]
	GetHandleVerifier [0x00007FF71F6BD71D+3223453]
	GetHandleVerifier [0x00007FF71F6B7CC2+3200322]
	GetHandleVerifier [0x00007FF71F6D5AF3+3322739]
	GetHandleVerifier [0x00007FF71F3D6A1A+180890]
	GetHandleVerifier [0x00007FF71F3DE11F+211359]
	GetHandleVerifier [0x00007FF71F3C5294+109332]
	GetHandleVerifier [0x00007FF71F3C5442+109762]
	GetHandleVerifier [0x00007FF71F3ABA59+4825]
	BaseThreadInitThunk [0x00007FF821F3E8D7+23]
	RtlUserThreadStart [0x00007FF822F3C5DC+44]

2025-05-26 07:38:07,639 - INFO - 제목 수집 완료: 단호박 에그슬럿 전자레인지 요리 치즈구이 단호.. : 네이버블로그
2025-05-26 07:38:08,905 - INFO - 본문 내용 수집 완료 (길이: 1495)
2025-05-26 07:38:08,914 - INFO - 작성자 수집 완료: 햐야신스
2025-05-26 07:38:08,926 - INFO - 썸네일 수집 완료: https://postfiles.pstatic.net/MjAyNDExMDJfMTkg/MDAxNzMwNTE4NzM4NzUy.QNIAcdIXQyc-PYTZhV1Vq7tg0jmusWDwDa7dqyThPaQg.XZb97uihLmcZm_hKBC-Blpvo-3cSpjtybqC3sHOsRYYg.JPEG/1730518737038.jpg?type=w773
2025-05-26 07:38:08,949 - INFO - 좋아요 수집 완료: 87
2025-05-26 07:38:08,960 - INFO - 댓글 수집 완료: 87
2025-05-26 07:38:08,966 - INFO - 레시피 데이터 저장 완료: 단호박 에그슬럿 전자레인지 요리 치즈구이 단호.. : 네이버블로그
2025-05-26 07:38:09,031 - INFO - [2/231] 토픽 페이지 진입: https://in.naver.com/garugaruru/topic/823336041535136
2025-05-26 07:38:11,658 - INFO - 현재 URL: https://in.naver.com/garugaruru/topic/823336041535136
2025-05-26 07:38:11,658 - INFO - 블로그에서 더보기 버튼들 모두 찾는 중...
2025-05-26 07:38:11,693 - INFO - 블로그에서 더보기 버튼 3개 발견
2025-05-26 07:38:11,694 - INFO - [1/3] 블로그에서 더보기 버튼 클릭 시도...
2025-05-26 07:38:16,722 - INFO - 블로그 페이지로 이동 성공: https://blog.naver.com/garugaruru/223862024850?isInf=true&trackingCode=naver_etc
2025-05-26 07:38:19,750 - INFO - iframe 전환 성공
2025-05-26 07:38:29,965 - WARNING - 요소를 찾을 수 없음: css selector=h3.se-title-text, 오류: Message: 
Stacktrace:
	GetHandleVerifier [0x00007FF71F3BCF45+75717]
	GetHandleVerifier [0x00007FF71F3BCFA0+75808]
	(No symbol) [0x00007FF71F188F9A]
	(No symbol) [0x00007FF71F1DF4C6]
	(No symbol) [0x00007FF71F1DF77C]
	(No symbol) [0x00007FF71F232577]
	(No symbol) [0x00007FF71F2073BF]
	(No symbol) [0x00007FF71F22F39C]
	(No symbol) [0x00007FF71F207153]
	(No symbol) [0x00007FF71F1D0421]
	(No symbol) [0x00007FF71F1D11B3]
	GetHandleVerifier [0x00007FF71F6BD71D+3223453]
	GetHandleVerifier [0x00007FF71F6B7CC2+3200322]
	GetHandleVerifier [0x00007FF71F6D5AF3+3322739]
	GetHandleVerifier [0x00007FF71F3D6A1A+180890]
	GetHandleVerifier [0x00007FF71F3DE11F+211359]
	GetHandleVerifier [0x00007FF71F3C5294+109332]
	GetHandleVerifier [0x00007FF71F3C5442+109762]
	GetHandleVerifier [0x00007FF71F3ABA59+4825]
	BaseThreadInitThunk [0x00007FF821F3E8D7+23]
	RtlUserThreadStart [0x00007FF822F3C5DC+44]

2025-05-26 07:38:40,208 - WARNING - 요소를 찾을 수 없음: css selector=h2.se-title-text, 오류: Message: 
Stacktrace:
	GetHandleVerifier [0x00007FF71F3BCF45+75717]
	GetHandleVerifier [0x00007FF71F3BCFA0+75808]
	(No symbol) [0x00007FF71F188F9A]
	(No symbol) [0x00007FF71F1DF4C6]
	(No symbol) [0x00007FF71F1DF77C]
	(No symbol) [0x00007FF71F232577]
	(No symbol) [0x00007FF71F2073BF]
	(No symbol) [0x00007FF71F22F39C]
	(No symbol) [0x00007FF71F207153]
	(No symbol) [0x00007FF71F1D0421]
	(No symbol) [0x00007FF71F1D11B3]
	GetHandleVerifier [0x00007FF71F6BD71D+3223453]
	GetHandleVerifier [0x00007FF71F6B7CC2+3200322]
	GetHandleVerifier [0x00007FF71F6D5AF3+3322739]
	GetHandleVerifier [0x00007FF71F3D6A1A+180890]
	GetHandleVerifier [0x00007FF71F3DE11F+211359]
	GetHandleVerifier [0x00007FF71F3C5294+109332]
	GetHandleVerifier [0x00007FF71F3C5442+109762]
	GetHandleVerifier [0x00007FF71F3ABA59+4825]
	BaseThreadInitThunk [0x00007FF821F3E8D7+23]
	RtlUserThreadStart [0x00007FF822F3C5DC+44]

2025-05-26 07:38:50,433 - WARNING - 요소를 찾을 수 없음: css selector=strong.title_post, 오류: Message: 
Stacktrace:
	GetHandleVerifier [0x00007FF71F3BCF45+75717]
	GetHandleVerifier [0x00007FF71F3BCFA0+75808]
	(No symbol) [0x00007FF71F188F9A]
	(No symbol) [0x00007FF71F1DF4C6]
	(No symbol) [0x00007FF71F1DF77C]
	(No symbol) [0x00007FF71F232577]
	(No symbol) [0x00007FF71F2073BF]
	(No symbol) [0x00007FF71F22F39C]
	(No symbol) [0x00007FF71F207153]
	(No symbol) [0x00007FF71F1D0421]
	(No symbol) [0x00007FF71F1D11B3]
	GetHandleVerifier [0x00007FF71F6BD71D+3223453]
	GetHandleVerifier [0x00007FF71F6B7CC2+3200322]
	GetHandleVerifier [0x00007FF71F6D5AF3+3322739]
	GetHandleVerifier [0x00007FF71F3D6A1A+180890]
	GetHandleVerifier [0x00007FF71F3DE11F+211359]
	GetHandleVerifier [0x00007FF71F3C5294+109332]
	GetHandleVerifier [0x00007FF71F3C5442+109762]
	GetHandleVerifier [0x00007FF71F3ABA59+4825]
	BaseThreadInitThunk [0x00007FF821F3E8D7+23]
	RtlUserThreadStart [0x00007FF822F3C5DC+44]

2025-05-26 07:38:50,436 - INFO - 제목 수집 완료: 방울 토마토 계란볶음 달걀볶음 토달볶 레시피 : 네이버 블로그
2025-05-26 07:38:51,204 - INFO - 본문 내용 수집 완료 (길이: 1437)
2025-05-26 07:38:51,210 - INFO - 작성자 수집 완료: 가루씨의집밥
2025-05-26 07:38:51,215 - INFO - 썸네일 수집 완료: https://postfiles.pstatic.net/MjAyNTA1MTFfMTkx/MDAxNzQ2OTQ2ODkxMDQz.H4yd4af_RKnUze2wkjhIVSoxYnpvo2lHx3BeA7aBergg.WN7bKMI5g_IMP6-N73ZvL_x16B7XX2IcTsWywMg-NuUg.JPEG/2.JPG?type=w773
2025-05-26 07:38:51,241 - INFO - 좋아요 수집 완료: 38
2025-05-26 07:38:51,248 - INFO - 댓글 수집 완료: 5
2025-05-26 07:38:51,262 - INFO - 레시피 데이터 저장 완료: 방울 토마토 계란볶음 달걀볶음 토달볶 레시피 : 네이버 블로그
2025-05-26 07:38:51,339 - INFO - [2/3] 블로그에서 더보기 버튼 클릭 시도...
2025-05-26 07:38:56,387 - INFO - 블로그 페이지로 이동 성공: https://blog.naver.com/garugaruru/223840518701?isInf=true&trackingCode=naver_etc
2025-05-26 07:38:59,410 - INFO - iframe 전환 성공
2025-05-26 07:39:09,649 - WARNING - 요소를 찾을 수 없음: css selector=h3.se-title-text, 오류: Message: 
Stacktrace:
	GetHandleVerifier [0x00007FF71F3BCF45+75717]
	GetHandleVerifier [0x00007FF71F3BCFA0+75808]
	(No symbol) [0x00007FF71F188F9A]
	(No symbol) [0x00007FF71F1DF4C6]
	(No symbol) [0x00007FF71F1DF77C]
	(No symbol) [0x00007FF71F232577]
	(No symbol) [0x00007FF71F2073BF]
	(No symbol) [0x00007FF71F22F39C]
	(No symbol) [0x00007FF71F207153]
	(No symbol) [0x00007FF71F1D0421]
	(No symbol) [0x00007FF71F1D11B3]
	GetHandleVerifier [0x00007FF71F6BD71D+3223453]
	GetHandleVerifier [0x00007FF71F6B7CC2+3200322]
	GetHandleVerifier [0x00007FF71F6D5AF3+3322739]
	GetHandleVerifier [0x00007FF71F3D6A1A+180890]
	GetHandleVerifier [0x00007FF71F3DE11F+211359]
	GetHandleVerifier [0x00007FF71F3C5294+109332]
	GetHandleVerifier [0x00007FF71F3C5442+109762]
	GetHandleVerifier [0x00007FF71F3ABA59+4825]
	BaseThreadInitThunk [0x00007FF821F3E8D7+23]
	RtlUserThreadStart [0x00007FF822F3C5DC+44]

2025-05-26 07:39:20,144 - WARNING - 요소를 찾을 수 없음: css selector=h2.se-title-text, 오류: Message: 
Stacktrace:
	GetHandleVerifier [0x00007FF71F3BCF45+75717]
	GetHandleVerifier [0x00007FF71F3BCFA0+75808]
	(No symbol) [0x00007FF71F188F9A]
	(No symbol) [0x00007FF71F1DF4C6]
	(No symbol) [0x00007FF71F1DF77C]
	(No symbol) [0x00007FF71F232577]
	(No symbol) [0x00007FF71F2073BF]
	(No symbol) [0x00007FF71F22F39C]
	(No symbol) [0x00007FF71F207153]
	(No symbol) [0x00007FF71F1D0421]
	(No symbol) [0x00007FF71F1D11B3]
	GetHandleVerifier [0x00007FF71F6BD71D+3223453]
	GetHandleVerifier [0x00007FF71F6B7CC2+3200322]
	GetHandleVerifier [0x00007FF71F6D5AF3+3322739]
	GetHandleVerifier [0x00007FF71F3D6A1A+180890]
	GetHandleVerifier [0x00007FF71F3DE11F+211359]
	GetHandleVerifier [0x00007FF71F3C5294+109332]
	GetHandleVerifier [0x00007FF71F3C5442+109762]
	GetHandleVerifier [0x00007FF71F3ABA59+4825]
	BaseThreadInitThunk [0x00007FF821F3E8D7+23]
	RtlUserThreadStart [0x00007FF822F3C5DC+44]

2025-05-26 07:39:30,358 - WARNING - 요소를 찾을 수 없음: css selector=strong.title_post, 오류: Message: 
Stacktrace:
	GetHandleVerifier [0x00007FF71F3BCF45+75717]
	GetHandleVerifier [0x00007FF71F3BCFA0+75808]
	(No symbol) [0x00007FF71F188F9A]
	(No symbol) [0x00007FF71F1DF4C6]
	(No symbol) [0x00007FF71F1DF77C]
	(No symbol) [0x00007FF71F232577]
	(No symbol) [0x00007FF71F2073BF]
	(No symbol) [0x00007FF71F22F39C]
	(No symbol) [0x00007FF71F207153]
	(No symbol) [0x00007FF71F1D0421]
	(No symbol) [0x00007FF71F1D11B3]
	GetHandleVerifier [0x00007FF71F6BD71D+3223453]
	GetHandleVerifier [0x00007FF71F6B7CC2+3200322]
	GetHandleVerifier [0x00007FF71F6D5AF3+3322739]
	GetHandleVerifier [0x00007FF71F3D6A1A+180890]
	GetHandleVerifier [0x00007FF71F3DE11F+211359]
	GetHandleVerifier [0x00007FF71F3C5294+109332]
	GetHandleVerifier [0x00007FF71F3C5442+109762]
	GetHandleVerifier [0x00007FF71F3ABA59+4825]
	BaseThreadInitThunk [0x00007FF821F3E8D7+23]
	RtlUserThreadStart [0x00007FF822F3C5DC+44]

2025-05-26 07:39:30,369 - INFO - 제목 수집 완료: 계란국 끓이는법 달걀국 명란 계란탕 만들기 : 네이버 블로그
2025-05-26 07:39:31,211 - INFO - 본문 내용 수집 완료 (길이: 1582)
2025-05-26 07:39:31,218 - INFO - 작성자 수집 완료: 가루씨의집밥
2025-05-26 07:39:31,228 - INFO - 썸네일 수집 완료: https://postfiles.pstatic.net/MjAyNTA0MjBfMTAw/MDAxNzQ1MTM1MTQyNjYx.L7WQvNyaFwJQaAIrumZircJJuWILr9AZerdM-F6HxDwg.po-rtJ0VAPKRfLpYHa1Hy0lUFXi5V5LsvRyZ0bm2JMIg.JPEG/IMG_8800.JPG?type=w773
2025-05-26 07:39:31,247 - INFO - 좋아요 수집 완료: 34
2025-05-26 07:39:31,253 - INFO - 댓글 수집 완료: 1
2025-05-26 07:39:31,259 - INFO - 레시피 데이터 저장 완료: 계란국 끓이는법 달걀국 명란 계란탕 만들기 : 네이버 블로그
2025-05-26 07:39:31,334 - INFO - [3/3] 블로그에서 더보기 버튼 클릭 시도...
2025-05-26 07:39:31,341 - ERROR - 블로그에서 더보기 버튼 클릭/수집 실패: Message: stale element reference: stale element not found
  (Session info: chrome=136.0.7103.114); For documentation on this error, please visit: https://www.selenium.dev/documentation/webdriver/troubleshooting/errors#stale-element-reference-exception
Stacktrace:
	GetHandleVerifier [0x00007FF71F3BCF45+75717]
	GetHandleVerifier [0x00007FF71F3BCFA0+75808]
	(No symbol) [0x00007FF71F188F9A]
	(No symbol) [0x00007FF71F19F3D4]
	(No symbol) [0x00007FF71F19DEA3]
	(No symbol) [0x00007FF71F1916C9]
	(No symbol) [0x00007FF71F191843]
	(No symbol) [0x00007FF71F18F54F]
	(No symbol) [0x00007FF71F193D51]
	(No symbol) [0x00007FF71F2305F8]
	(No symbol) [0x00007FF71F20737A]
	(No symbol) [0x00007FF71F22F39C]
	(No symbol) [0x00007FF71F207153]
	(No symbol) [0x00007FF71F1D0421]
	(No symbol) [0x00007FF71F1D11B3]
	GetHandleVerifier [0x00007FF71F6BD71D+3223453]
	GetHandleVerifier [0x00007FF71F6B7CC2+3200322]
	GetHandleVerifier [0x00007FF71F6D5AF3+3322739]
	GetHandleVerifier [0x00007FF71F3D6A1A+180890]
	GetHandleVerifier [0x00007FF71F3DE11F+211359]
	GetHandleVerifier [0x00007FF71F3C5294+109332]
	GetHandleVerifier [0x00007FF71F3C5442+109762]
	GetHandleVerifier [0x00007FF71F3ABA59+4825]
	BaseThreadInitThunk [0x00007FF821F3E8D7+23]
	RtlUserThreadStart [0x00007FF822F3C5DC+44]

2025-05-26 07:39:31,341 - INFO - [3/231] 토픽 페이지 진입: https://in.naver.com/jh2y3/topic/823865864574496
2025-05-26 07:39:34,351 - INFO - 현재 URL: https://in.naver.com/jh2y3/topic/823865864574496
2025-05-26 07:39:34,352 - INFO - 블로그에서 더보기 버튼들 모두 찾는 중...
2025-05-26 07:39:34,384 - INFO - 블로그에서 더보기 버튼 4개 발견
2025-05-26 07:39:34,384 - INFO - [1/4] 블로그에서 더보기 버튼 클릭 시도...
2025-05-26 07:39:39,420 - INFO - 블로그 페이지로 이동 성공: https://blog.naver.com/jh2y3/223867007959?isInf=true&trackingCode=naver_etc
2025-05-26 07:39:42,470 - INFO - iframe 전환 성공
2025-05-26 07:39:52,663 - WARNING - 요소를 찾을 수 없음: css selector=h3.se-title-text, 오류: Message: 
Stacktrace:
	GetHandleVerifier [0x00007FF71F3BCF45+75717]
	GetHandleVerifier [0x00007FF71F3BCFA0+75808]
	(No symbol) [0x00007FF71F188F9A]
	(No symbol) [0x00007FF71F1DF4C6]
	(No symbol) [0x00007FF71F1DF77C]
	(No symbol) [0x00007FF71F232577]
	(No symbol) [0x00007FF71F2073BF]
	(No symbol) [0x00007FF71F22F39C]
	(No symbol) [0x00007FF71F207153]
	(No symbol) [0x00007FF71F1D0421]
	(No symbol) [0x00007FF71F1D11B3]
	GetHandleVerifier [0x00007FF71F6BD71D+3223453]
	GetHandleVerifier [0x00007FF71F6B7CC2+3200322]
	GetHandleVerifier [0x00007FF71F6D5AF3+3322739]
	GetHandleVerifier [0x00007FF71F3D6A1A+180890]
	GetHandleVerifier [0x00007FF71F3DE11F+211359]
	GetHandleVerifier [0x00007FF71F3C5294+109332]
	GetHandleVerifier [0x00007FF71F3C5442+109762]
	GetHandleVerifier [0x00007FF71F3ABA59+4825]
	BaseThreadInitThunk [0x00007FF821F3E8D7+23]
	RtlUserThreadStart [0x00007FF822F3C5DC+44]

2025-05-26 07:40:02,861 - WARNING - 요소를 찾을 수 없음: css selector=h2.se-title-text, 오류: Message: 
Stacktrace:
	GetHandleVerifier [0x00007FF71F3BCF45+75717]
	GetHandleVerifier [0x00007FF71F3BCFA0+75808]
	(No symbol) [0x00007FF71F188F9A]
	(No symbol) [0x00007FF71F1DF4C6]
	(No symbol) [0x00007FF71F1DF77C]
	(No symbol) [0x00007FF71F232577]
	(No symbol) [0x00007FF71F2073BF]
	(No symbol) [0x00007FF71F22F39C]
	(No symbol) [0x00007FF71F207153]
	(No symbol) [0x00007FF71F1D0421]
	(No symbol) [0x00007FF71F1D11B3]
	GetHandleVerifier [0x00007FF71F6BD71D+3223453]
	GetHandleVerifier [0x00007FF71F6B7CC2+3200322]
	GetHandleVerifier [0x00007FF71F6D5AF3+3322739]
	GetHandleVerifier [0x00007FF71F3D6A1A+180890]
	GetHandleVerifier [0x00007FF71F3DE11F+211359]
	GetHandleVerifier [0x00007FF71F3C5294+109332]
	GetHandleVerifier [0x00007FF71F3C5442+109762]
	GetHandleVerifier [0x00007FF71F3ABA59+4825]
	BaseThreadInitThunk [0x00007FF821F3E8D7+23]
	RtlUserThreadStart [0x00007FF822F3C5DC+44]

2025-05-26 07:40:13,121 - WARNING - 요소를 찾을 수 없음: css selector=strong.title_post, 오류: Message: 
Stacktrace:
	GetHandleVerifier [0x00007FF71F3BCF45+75717]
	GetHandleVerifier [0x00007FF71F3BCFA0+75808]
	(No symbol) [0x00007FF71F188F9A]
	(No symbol) [0x00007FF71F1DF4C6]
	(No symbol) [0x00007FF71F1DF77C]
	(No symbol) [0x00007FF71F232577]
	(No symbol) [0x00007FF71F2073BF]
	(No symbol) [0x00007FF71F22F39C]
	(No symbol) [0x00007FF71F207153]
	(No symbol) [0x00007FF71F1D0421]
	(No symbol) [0x00007FF71F1D11B3]
	GetHandleVerifier [0x00007FF71F6BD71D+3223453]
	GetHandleVerifier [0x00007FF71F6B7CC2+3200322]
	GetHandleVerifier [0x00007FF71F6D5AF3+3322739]
	GetHandleVerifier [0x00007FF71F3D6A1A+180890]
	GetHandleVerifier [0x00007FF71F3DE11F+211359]
	GetHandleVerifier [0x00007FF71F3C5294+109332]
	GetHandleVerifier [0x00007FF71F3C5442+109762]
	GetHandleVerifier [0x00007FF71F3ABA59+4825]
	BaseThreadInitThunk [0x00007FF821F3E8D7+23]
	RtlUserThreadStart [0x00007FF822F3C5DC+44]

2025-05-26 07:40:13,128 - INFO - 제목 수집 완료: 루꼴라 참외샐러드 레시피 드레싱 소스 만들기 .. : 네이버블로그
2025-05-26 07:40:13,970 - INFO - 본문 내용 수집 완료 (길이: 1230)
2025-05-26 07:40:13,975 - INFO - 작성자 수집 완료: 팬이맘
2025-05-26 07:40:13,981 - INFO - 썸네일 수집 완료: https://postfiles.pstatic.net/MjAyNTA1MTVfMTY5/MDAxNzQ3MzE3MTYzMTYw.v9wH2_Gdq2_hBdcHtIhRZNexb1gtgIeCMu5U-vZz5ekg.XFZPhUt7r6aqObCb9GdLKCLj4vKMlGZr5CvF9BG3QR4g.JPEG/SE-9dbd258b-45b7-42cb-87e5-34d1daf37961.jpg?type=w966
2025-05-26 07:40:14,001 - INFO - 좋아요 수집 완료: 77
2025-05-26 07:40:17,064 - WARNING - 요소를 찾을 수 없음: id=commentCount, 오류: Message: 
Stacktrace:
	GetHandleVerifier [0x00007FF71F3BCF45+75717]
	GetHandleVerifier [0x00007FF71F3BCFA0+75808]
	(No symbol) [0x00007FF71F188F9A]
	(No symbol) [0x00007FF71F1DF4C6]
	(No symbol) [0x00007FF71F1DF77C]
	(No symbol) [0x00007FF71F232577]
	(No symbol) [0x00007FF71F2073BF]
	(No symbol) [0x00007FF71F22F39C]
	(No symbol) [0x00007FF71F207153]
	(No symbol) [0x00007FF71F1D0421]
	(No symbol) [0x00007FF71F1D11B3]
	GetHandleVerifier [0x00007FF71F6BD71D+3223453]
	GetHandleVerifier [0x00007FF71F6B7CC2+3200322]
	GetHandleVerifier [0x00007FF71F6D5AF3+3322739]
	GetHandleVerifier [0x00007FF71F3D6A1A+180890]
	GetHandleVerifier [0x00007FF71F3DE11F+211359]
	GetHandleVerifier [0x00007FF71F3C5294+109332]
	GetHandleVerifier [0x00007FF71F3C5442+109762]
	GetHandleVerifier [0x00007FF71F3ABA59+4825]
	BaseThreadInitThunk [0x00007FF821F3E8D7+23]
	RtlUserThreadStart [0x00007FF822F3C5DC+44]

2025-05-26 07:40:17,065 - INFO - 댓글 수집 완료: 0
2025-05-26 07:40:17,085 - INFO - 레시피 데이터 저장 완료: 루꼴라 참외샐러드 레시피 드레싱 소스 만들기 .. : 네이버블로그
2025-05-26 07:40:17,119 - INFO - [2/4] 블로그에서 더보기 버튼 클릭 시도...
2025-05-26 07:40:22,156 - INFO - 블로그 페이지로 이동 성공: https://blog.naver.com/jh2y3/223852682081?isInf=true&trackingCode=naver_etc
2025-05-26 07:40:25,178 - INFO - iframe 전환 성공
2025-05-26 07:40:35,387 - WARNING - 요소를 찾을 수 없음: css selector=h3.se-title-text, 오류: Message: 
Stacktrace:
	GetHandleVerifier [0x00007FF71F3BCF45+75717]
	GetHandleVerifier [0x00007FF71F3BCFA0+75808]
	(No symbol) [0x00007FF71F188F9A]
	(No symbol) [0x00007FF71F1DF4C6]
	(No symbol) [0x00007FF71F1DF77C]
	(No symbol) [0x00007FF71F232577]
	(No symbol) [0x00007FF71F2073BF]
	(No symbol) [0x00007FF71F22F39C]
	(No symbol) [0x00007FF71F207153]
	(No symbol) [0x00007FF71F1D0421]
	(No symbol) [0x00007FF71F1D11B3]
	GetHandleVerifier [0x00007FF71F6BD71D+3223453]
	GetHandleVerifier [0x00007FF71F6B7CC2+3200322]
	GetHandleVerifier [0x00007FF71F6D5AF3+3322739]
	GetHandleVerifier [0x00007FF71F3D6A1A+180890]
	GetHandleVerifier [0x00007FF71F3DE11F+211359]
	GetHandleVerifier [0x00007FF71F3C5294+109332]
	GetHandleVerifier [0x00007FF71F3C5442+109762]
	GetHandleVerifier [0x00007FF71F3ABA59+4825]
	BaseThreadInitThunk [0x00007FF821F3E8D7+23]
	RtlUserThreadStart [0x00007FF822F3C5DC+44]

2025-05-26 07:40:45,630 - WARNING - 요소를 찾을 수 없음: css selector=h2.se-title-text, 오류: Message: 
Stacktrace:
	GetHandleVerifier [0x00007FF71F3BCF45+75717]
	GetHandleVerifier [0x00007FF71F3BCFA0+75808]
	(No symbol) [0x00007FF71F188F9A]
	(No symbol) [0x00007FF71F1DF4C6]
	(No symbol) [0x00007FF71F1DF77C]
	(No symbol) [0x00007FF71F232577]
	(No symbol) [0x00007FF71F2073BF]
	(No symbol) [0x00007FF71F22F39C]
	(No symbol) [0x00007FF71F207153]
	(No symbol) [0x00007FF71F1D0421]
	(No symbol) [0x00007FF71F1D11B3]
	GetHandleVerifier [0x00007FF71F6BD71D+3223453]
	GetHandleVerifier [0x00007FF71F6B7CC2+3200322]
	GetHandleVerifier [0x00007FF71F6D5AF3+3322739]
	GetHandleVerifier [0x00007FF71F3D6A1A+180890]
	GetHandleVerifier [0x00007FF71F3DE11F+211359]
	GetHandleVerifier [0x00007FF71F3C5294+109332]
	GetHandleVerifier [0x00007FF71F3C5442+109762]
	GetHandleVerifier [0x00007FF71F3ABA59+4825]
	BaseThreadInitThunk [0x00007FF821F3E8D7+23]
	RtlUserThreadStart [0x00007FF822F3C5DC+44]

2025-05-26 07:40:55,889 - WARNING - 요소를 찾을 수 없음: css selector=strong.title_post, 오류: Message: 
Stacktrace:
	GetHandleVerifier [0x00007FF71F3BCF45+75717]
	GetHandleVerifier [0x00007FF71F3BCFA0+75808]
	(No symbol) [0x00007FF71F188F9A]
	(No symbol) [0x00007FF71F1DF4C6]
	(No symbol) [0x00007FF71F1DF77C]
	(No symbol) [0x00007FF71F232577]
	(No symbol) [0x00007FF71F2073BF]
	(No symbol) [0x00007FF71F22F39C]
	(No symbol) [0x00007FF71F207153]
	(No symbol) [0x00007FF71F1D0421]
	(No symbol) [0x00007FF71F1D11B3]
	GetHandleVerifier [0x00007FF71F6BD71D+3223453]
	GetHandleVerifier [0x00007FF71F6B7CC2+3200322]
	GetHandleVerifier [0x00007FF71F6D5AF3+3322739]
	GetHandleVerifier [0x00007FF71F3D6A1A+180890]
	GetHandleVerifier [0x00007FF71F3DE11F+211359]
	GetHandleVerifier [0x00007FF71F3C5294+109332]
	GetHandleVerifier [0x00007FF71F3C5442+109762]
	GetHandleVerifier [0x00007FF71F3ABA59+4825]
	BaseThreadInitThunk [0x00007FF821F3E8D7+23]
	RtlUserThreadStart [0x00007FF822F3C5DC+44]

2025-05-26 07:40:55,901 - INFO - 제목 수집 완료: 사과 양배추 샐러드 만들기 땅콩소스 다이어트 .. : 네이버블로그
2025-05-26 07:40:56,701 - INFO - 본문 내용 수집 완료 (길이: 1313)
2025-05-26 07:40:56,707 - INFO - 작성자 수집 완료: 팬이맘
2025-05-26 07:40:56,712 - INFO - 썸네일 수집 완료: https://postfiles.pstatic.net/MjAyNTA1MDFfMTI0/MDAxNzQ2MTA3NjkxOTg0.lal4kr4Msk3sXEVnKtSIkrEWEhMDkzKXgIheKFk2hfQg.CkDwkUM59GiHerPk6GB-_kBd-Z9kfFsitigZW_m8C7Qg.JPEG/SE-dad9b74e-4f46-4092-bf75-a8b2fe04d080.jpg?type=w966
2025-05-26 07:40:56,735 - INFO - 좋아요 수집 완료: 87
2025-05-26 07:40:59,796 - WARNING - 요소를 찾을 수 없음: id=commentCount, 오류: Message: 
Stacktrace:
	GetHandleVerifier [0x00007FF71F3BCF45+75717]
	GetHandleVerifier [0x00007FF71F3BCFA0+75808]
	(No symbol) [0x00007FF71F188F9A]
	(No symbol) [0x00007FF71F1DF4C6]
	(No symbol) [0x00007FF71F1DF77C]
	(No symbol) [0x00007FF71F232577]
	(No symbol) [0x00007FF71F2073BF]
	(No symbol) [0x00007FF71F22F39C]
	(No symbol) [0x00007FF71F207153]
	(No symbol) [0x00007FF71F1D0421]
	(No symbol) [0x00007FF71F1D11B3]
	GetHandleVerifier [0x00007FF71F6BD71D+3223453]
	GetHandleVerifier [0x00007FF71F6B7CC2+3200322]
	GetHandleVerifier [0x00007FF71F6D5AF3+3322739]
	GetHandleVerifier [0x00007FF71F3D6A1A+180890]
	GetHandleVerifier [0x00007FF71F3DE11F+211359]
	GetHandleVerifier [0x00007FF71F3C5294+109332]
	GetHandleVerifier [0x00007FF71F3C5442+109762]
	GetHandleVerifier [0x00007FF71F3ABA59+4825]
	BaseThreadInitThunk [0x00007FF821F3E8D7+23]
	RtlUserThreadStart [0x00007FF822F3C5DC+44]

2025-05-26 07:40:59,797 - INFO - 댓글 수집 완료: 0
2025-05-26 07:40:59,816 - INFO - 레시피 데이터 저장 완료: 사과 양배추 샐러드 만들기 땅콩소스 다이어트 .. : 네이버블로그
2025-05-26 07:40:59,853 - INFO - [3/4] 블로그에서 더보기 버튼 클릭 시도...
2025-05-26 07:41:04,894 - INFO - 블로그 페이지로 이동 성공: https://blog.naver.com/jh2y3/223865007395?isInf=true&trackingCode=naver_etc
2025-05-26 07:41:07,936 - INFO - iframe 전환 성공
2025-05-26 07:41:18,136 - WARNING - 요소를 찾을 수 없음: css selector=h3.se-title-text, 오류: Message: 
Stacktrace:
	GetHandleVerifier [0x00007FF71F3BCF45+75717]
	GetHandleVerifier [0x00007FF71F3BCFA0+75808]
	(No symbol) [0x00007FF71F188F9A]
	(No symbol) [0x00007FF71F1DF4C6]
	(No symbol) [0x00007FF71F1DF77C]
	(No symbol) [0x00007FF71F232577]
	(No symbol) [0x00007FF71F2073BF]
	(No symbol) [0x00007FF71F22F39C]
	(No symbol) [0x00007FF71F207153]
	(No symbol) [0x00007FF71F1D0421]
	(No symbol) [0x00007FF71F1D11B3]
	GetHandleVerifier [0x00007FF71F6BD71D+3223453]
	GetHandleVerifier [0x00007FF71F6B7CC2+3200322]
	GetHandleVerifier [0x00007FF71F6D5AF3+3322739]
	GetHandleVerifier [0x00007FF71F3D6A1A+180890]
	GetHandleVerifier [0x00007FF71F3DE11F+211359]
	GetHandleVerifier [0x00007FF71F3C5294+109332]
	GetHandleVerifier [0x00007FF71F3C5442+109762]
	GetHandleVerifier [0x00007FF71F3ABA59+4825]
	BaseThreadInitThunk [0x00007FF821F3E8D7+23]
	RtlUserThreadStart [0x00007FF822F3C5DC+44]

2025-05-26 07:41:28,431 - WARNING - 요소를 찾을 수 없음: css selector=h2.se-title-text, 오류: Message: 
Stacktrace:
	GetHandleVerifier [0x00007FF71F3BCF45+75717]
	GetHandleVerifier [0x00007FF71F3BCFA0+75808]
	(No symbol) [0x00007FF71F188F9A]
	(No symbol) [0x00007FF71F1DF4C6]
	(No symbol) [0x00007FF71F1DF77C]
	(No symbol) [0x00007FF71F232577]
	(No symbol) [0x00007FF71F2073BF]
	(No symbol) [0x00007FF71F22F39C]
	(No symbol) [0x00007FF71F207153]
	(No symbol) [0x00007FF71F1D0421]
	(No symbol) [0x00007FF71F1D11B3]
	GetHandleVerifier [0x00007FF71F6BD71D+3223453]
	GetHandleVerifier [0x00007FF71F6B7CC2+3200322]
	GetHandleVerifier [0x00007FF71F6D5AF3+3322739]
	GetHandleVerifier [0x00007FF71F3D6A1A+180890]
	GetHandleVerifier [0x00007FF71F3DE11F+211359]
	GetHandleVerifier [0x00007FF71F3C5294+109332]
	GetHandleVerifier [0x00007FF71F3C5442+109762]
	GetHandleVerifier [0x00007FF71F3ABA59+4825]
	BaseThreadInitThunk [0x00007FF821F3E8D7+23]
	RtlUserThreadStart [0x00007FF822F3C5DC+44]

2025-05-26 07:41:38,687 - WARNING - 요소를 찾을 수 없음: css selector=strong.title_post, 오류: Message: 
Stacktrace:
	GetHandleVerifier [0x00007FF71F3BCF45+75717]
	GetHandleVerifier [0x00007FF71F3BCFA0+75808]
	(No symbol) [0x00007FF71F188F9A]
	(No symbol) [0x00007FF71F1DF4C6]
	(No symbol) [0x00007FF71F1DF77C]
	(No symbol) [0x00007FF71F232577]
	(No symbol) [0x00007FF71F2073BF]
	(No symbol) [0x00007FF71F22F39C]
	(No symbol) [0x00007FF71F207153]
	(No symbol) [0x00007FF71F1D0421]
	(No symbol) [0x00007FF71F1D11B3]
	GetHandleVerifier [0x00007FF71F6BD71D+3223453]
	GetHandleVerifier [0x00007FF71F6B7CC2+3200322]
	GetHandleVerifier [0x00007FF71F6D5AF3+3322739]
	GetHandleVerifier [0x00007FF71F3D6A1A+180890]
	GetHandleVerifier [0x00007FF71F3DE11F+211359]
	GetHandleVerifier [0x00007FF71F3C5294+109332]
	GetHandleVerifier [0x00007FF71F3C5442+109762]
	GetHandleVerifier [0x00007FF71F3ABA59+4825]
	BaseThreadInitThunk [0x00007FF821F3E8D7+23]
	RtlUserThreadStart [0x00007FF822F3C5DC+44]

2025-05-26 07:41:38,690 - INFO - 제목 수집 완료: 연근샐러드 만드는법 들깨드레싱 소스 부라타치즈.. : 네이버블로그
2025-05-26 07:41:39,702 - INFO - 본문 내용 수집 완료 (길이: 1538)
2025-05-26 07:41:39,709 - INFO - 작성자 수집 완료: 팬이맘
2025-05-26 07:41:39,717 - INFO - 썸네일 수집 완료: https://postfiles.pstatic.net/MjAyNTA1MTRfMTYy/MDAxNzQ3MTgwODg0MTQz.2vE0Ry4Zfn2DzBLg7JJNyvOaxRvJmkmHAiC1lMKt_a8g.pZrXn9i7egt03IKwVr3rVqPm9Egn9Q6suZI_sEZJrfkg.JPEG/SE-e2b2bf0c-3815-465c-a238-ef9de4dbfe0c.jpg?type=w966
2025-05-26 07:41:39,741 - INFO - 좋아요 수집 완료: 81
2025-05-26 07:41:39,747 - INFO - 댓글 수집 완료: 18
2025-05-26 07:41:39,752 - INFO - 레시피 데이터 저장 완료: 연근샐러드 만드는법 들깨드레싱 소스 부라타치즈.. : 네이버블로그
2025-05-26 07:41:39,822 - INFO - [4/4] 블로그에서 더보기 버튼 클릭 시도...
2025-05-26 07:41:44,849 - INFO - 블로그 페이지로 이동 성공: https://blog.naver.com/jh2y3/223764047782?isInf=true&trackingCode=naver_etc
2025-05-26 07:41:47,877 - INFO - iframe 전환 성공
