keyword,count
https,3121
큰술,3057
스푼,2606
ml,1611
소금,1534
be,1484
youtu,1476
계란,1282
레시피,1229
com,1208
설탕,1178
200,1043
넣고,1027
양파,954
마늘,884
만들어,837
대파,800
티스푼,712
맛있는,696
양배추,657
100,650
www,614
숟가락,607
10,587
당근,580
약간,577
정말,539
참기름,538
다진,531
간장,523
식용유,522
고춧가루,520
맛있게,503
후추,499
300,483
25,482
작은술,479
만드는,475
두부,473
감자,471
치즈,469
청양고추,465
밥스푼,461
다이어트,445
감사합니다,441
양념,437
50,436
이렇게,429
너무,428
20,424
식초,419
자주,419
좋은,418
토마토,410
30,408
오이,397
있어요,390
영상,388
함께,387
naver,385
150,384
소스,381
진간장,373
있습니다,367
숟갈,353
우유,351
시청해주셔서,351
instagram,349
좋아요,344
15,343
그리고,331
많이,327
보세요,327
MoonyKitchen,322
오늘은,320
맛술,318
굴소스,304
넣어,304
살짝,301
오늘의,296
고추장,291
40,288
계량,288
id,285
linkon,284
조리도구,281
주방용품,281
질문하시는,280
준비물,279
통깨,276
kg,275
계량은,274
Instagram,268
다진마늘,263
계량컵,263
먹는,261
버터,261
먹을,259
계량입니다,259
홍고추,258
무니키친,258
됩니다,257
모두,257
500,255
tsp,254
만들,250
오늘도,250
Tbsp,249
youtube,248
주세요,246
of,245
스푼을,243
맛이,242
저울,241
400,239
드세요,237
bit,236
맛있어요,234
김밥,233
TIP,232
밀가루,232
ly,232
먹으면,231
들기름,229
3.33333E+15,228
by,227
돼지고기,226
0,224
따라,221
먹고,221
고구마,220
가능,220
저는,206
바로,206
올리브오일,206
안녕하세요,206
알룰로스,204
쪽파,201
계량스푼,201
없이,200
provided,200
구독,200
남자의,198
melinis,197
간단하고,196
80,195
전분,195
Music,194
60,192
2인분,191
마요네즈,191
MN,191
양조간장,189
먹어도,188
브금대통령,187
샐러드,186
살빠지는,186
자세한,185
참고하세요,184
Ingredients,184
250,183
달걀,183
할인,182
애호박,181
무염버터,181
좋아요와,181
문의,180
하단에,180
and,179
넣어주세요,178
팬에,177
대신,176
물에,175
볶아주세요,175
알림설정은,175
아님,174
완성,173
조금,173
만든,170
밥숟가락,170
co,166
매일,166
6.66667E+15,165
양배추요리,165
간단요리,164
맛있어서,162
닭가슴살,162
않고,162
백종원,161
요즘,161
간단하게,161
예상되는,161
질문들,161
적어두었으니,161
사랑입니다,161
식빵,160
김치,159
프라이팬에,158
레시피를,157
소고기,157
먹기,156
위에,156
영상은,154
올리고당,154
Track,153
간단한,153
입니다,152
반찬,152
선택,151
iherb,151
가지,150
만들어보세요,149
하단,149
다양한,148
좋고,147
듬뿍,146
미림,146
무니키친의,145
meliniskitchen,145
12,144
맛있습니다,143
토스트,143
후춧가루,142
http,142
쉽고,141
누적조회수,141
2장,140
썰어주세요,140
부추,140
재료를,140
맛있고,140
쉽게,140
app,139
진짜,138
다시마,137
사과,136
아주,135
the,135
배추,134
좋아하는,134
네이버,134
합니다,133
집에서,133
생강,133
물을,132
새우,132
13,131
맛을,130
깻잎,130
물엿,130
tbsp,130
70,129
작은,129
다른,129
다이어트식단,129
추천하는,129
여러분,128
생크림,128
모짜렐라,128
파프리카,126
레시피는,126
만들어봤어요,126
600,126
원본,125
120,123
국간장,122
gmail,122
고추가루,122
가득,122
같아요,122
그래서,121
좋습니다,121
저탄수화물,120
먼저,119
박력분,119
눌러주세요,118
링크를,118
모음,117
식단,117
올리브유,117
멸치액젓,117
보시고,117
라면,115
소스를,115
부드러운,115
10가지,115
제가,114
양념장,114
레몬즙,114
계란을,114
표고버섯,114
조회수,114
잘게,112
상추,112
초간단,112
eggs,112
lunechoi,112
스팸,111
된장,111
되는,109
제품,109
같이,108
봤어요,108
건강하게,108
있어,107
1대,106
watch,106
누적,106
90,105
있어서,104
콩나물,104
액젓,104
섞어주세요,104
샌드위치,104
베이컨,103
맛도,103
건강한,103
소개합니다,103
종이컵,103
가장,102
양장금주부,102
준티비,102
많은,101
얇게,101
개를,101
cook,101
직접,100
집에,100
마늘쫑,100
중력분,100
두부요리,100
11,99
180,99
cafe,99
이번,98
고기,98
참치액,98
채소,98
있으면,98
구워주세요,98
tmc09,98
넣어서,97
강력분,97
천일염,97
기름을,96
아래,96
물기를,95
참치,95
to,95
하고,94
두르고,94
팽이버섯,94
고추,94
취향에,94
재료로,94
생략가능,94
하면,93
버섯,93
반죽,93
영상들,93
오트밀,93
1장,93
맞게,92
계란요리,92
소개해,92
따뜻한,91
또띠아,91
카페,91
드셔보세요,90
파슬리,90
이제,90
channel,90
일상채널,90
감자전분,89
4인분,89
만들었어요,89
때문에,89
인기,88
rice,88
오일,88
salt,88
살림템,88
육아템,88
양념계량기준,88
순두부,87
고소한,87
도움이,87
Ts,87
식구들,87
보면,86
썰어,86
초콜릿,86
같은,85
청주,85
JUNTV,85
다음,84
35,84
야채,84
해요,84
pepper,84
oil,84
생수,84
모든,83
접시에,83
건강하고,83
요거트,83
끓여주세요,82
sauce,82
for,82
충분히,82
해보세요,81
그릇에,81
요리를,81
오늘,81
육수,81
영상에서,80
오이요리,80
ingredients,80
맛나요리,80
하는,79
넣은,79
두부와,79
you,79
juntvrecipe,79
준비하세요,78
삶은,78
무조건,78
mL,78
맛은,78
즐길,77
1인분,77
밥대신,77
있답니다,77
만들어서,77
볼에,76
치킨스톡,76
치킨,76
후추가루,76
누구나,76
그럼,76
매실액,76
특히,76
kr,75
넣으면,75
onion,75
2꼬집,75
냉장고에,74
2대,74
오징어,74
고추기름,74
구운,74
참깨,74
없으면,74
link,74
더욱,73
알려드릴게요,73
16,73
이스트,73
Today,73
오이지,73
아침,72
붓고,72
않아요,72
피자,72
옥수수,72
손질,72
먹었던,72
반개,72
wcuisine,72
멸치,71
슬라이스,71
매실청,71
드실,71
빠른,71
3인분,71
분량,71
구독자,71
실온,71
거의,70
레몬,70
삼겹살,70
체다치즈,70
in,70
약간의,70
냄비에,69
노릇노릇,69
남은,69
골고루,69
All,69
단백질,69
있으니,69
먹으면서,69
만들었습니다,69
찬물에,68
350,68
원하는,68
cheese,68
만드는법,68
지금,67
볶다가,67
드시면,67
싶은,67
160,67
우리,66
가루,66
오래,65
메뉴,65
미리,65
끝까지,65
기호에,65
파스타,65
여름,65
하지만,65
대체,65
밥수저,65
HeUBLYRbhw0,65
강의,65
들어보기,65
저탄고지,65
밥을,64
익으면,64
부침가루,64
Recipe,64
새우젓,64
사용하는,64
위대하신,64
시청자,64
mannarecipe,64
2,63
저도,63
크기로,63
베이킹파우더,63
2탄,63
class101,63
moonykitchen,63
class,63
당면,62
베이킹,62
밥도둑,62
간식,62
Salt,62
올리브,62
with,62
130,62
양념을,62
320만,62
오래살고,62
m3QLOhJG5YM,62
아이허브,62
것이,61
혹은,61
전에,61
식감이,61
볶음,61
국물,61
파우더,61
이번에는,61
힘이,61
10분,61
바나나,61
1200만,61
신규가입시,61
14,60
말고,60
링크로,60
are,60
준비했어요,60
찹쌀가루,60
조청,60
제일,59
최고의,59
적당량,59
바삭한,59
모차렐라,59
매운,59
항상,59
댓글,59
recipe,59
시원한,58
따로,58
반죽을,58
동안,58
꽈리고추,58
적당히,58
생략,58
소세지,58
일반,58
만들어도,58
간식만들기,58
초당옥수수,58
준비해,57
45,57
저희,57
정도로,57
5분,57
브로콜리,57
두부를,57
기름,57
냉동,57
Online,57
만들기도,57
있고,57
약불에서,57
YES24,57
rdDjW3U4,57
tGM,57
적용됩니다,57
컨텐츠,57
준비하이소,57
분들은,56
크게,56
물이,56
20분,56
두반장,56
양배추와,56
4장,56
한줌,56
노른자,56
Class,56
기존고객은,56
조리시간,56
18,55
계란말이,55
레시피로,55
않는,55
오븐,55
예스24,55
새로운,54
끓는,54
부드럽고,54
그릇,54
생강가루,54
사용한,54
rights,54
reserved,54
참치캔,54
커피,54
자막을,54
추천,54
케이크,54
Tzv19jS,54
vr0,54
Email,54
있는데요,53
3장,53
1모,53
잘라주세요,53
튀김가루,53
올리고,53
다이어트요리,53
최고,53
어묵,53
인스턴트,53
감자요리,53
1탄,53
밥스푼계량,53
사용된,53
맛있게드세요,53
분들이,52
익혀주세요,52
볶음밥,52
식용유를,52
뿌려,52
올려,52
옥수수전분,52
줍니다,52
cabbage,52
간식으로,52
쉬운,52
맛과,52
방법은,52
아이스크림,52
교보문고,52
마늘을,51
이상,51
기름에,51
뚜껑을,51
700,51
아삭한,51
시금치,51
맛소금,51
바삭하고,51
않아,51
살도,51
간편하게,51
눌러,51
140,51
빠르게,51
묵은지,51
쌀종이,51
준비할,51
KYOBO,51
계란이,50
준비한,50
섞어,50
단무지,50
Copyright,50
제철,50
소주,50
만들면,50
800,50
기준입니다,50
우리의식탁,50
불을,49
앞뒤로,49
껍질,49
끓여,49
빵가루,49
깊은,49
겉은,49
Table,49
집밥,49
돼요,49
powder,49
보고,49
신김치,49
드셔도,49
자취요리,49
컵반,49
수수료가,49
Book,49
reurl,49
0,49
신선한,48
어떤,48
보니,48
담아,48
풍미가,48
올려주세요,48
소금을,48
향이,48
900,48
고기를,48
아침식사,48
건강,48
소시지,48
속은,48
30분,48
한그릇,48
마늘0,48
인기급상승,48
저에게는,48
그대로,47
조리,47
넉넉히,47
오이는,47
감자를,47
셰프의,47
썰어서,47
크림치즈,47
되고,47
입맛,47
양배추를,47
is,47
역시,47
김치찌개,47
에어프라이어,47
요리에,47
미나리,47
넉넉하게,47
금방,47
자세히,47
굵은소금,47
2작은스푼,47
공개합니다,46
5,46
마세요,46
or,46
않게,46
양념이,46
치즈를,46
중간크기,46
넣어도,46
뚝딱,46
치즈가,46
방법을,46
케찹,46
요리는,46
고소하고,46
매콤한,46
모짜렐라치즈,46
아이들,46
인스타그램,46
만두,45
절대,45
불린,45
썰고,45
양파를,45
꼬집,45
방울토마토,45
채소를,45
무침,45
크래미,45
없어요,45
깜짝,45
없을,45
토마토소스,45
계속,45
3꼬집,45
후추약간,45
join,45
구워줍니다,45
0S7NnxwRU94,45
적립되며,45
인터파크,45
INT,45
황설탕,44
이거,44
주셔서,44
3,44
양을,44
양파는,44
시간,44
때는,44
재료는,44
가능합니다,44
테이블,44
green,44
사실,44
75,44
1캔,44
있다면,44
15분,44
딸기,44
레시피가,43
바랍니다,43
특별한,43
1,43
때까지,43
진한,43
볶은,43
만들고,43
다양하게,43
알려,43
뜨거운,43
음식,43
사용해,43
있도록,42
55,42
제대로,42
부어,42
담고,42
서로,42
반으로,42
간을,42
Luda,42
tofu,42
토마토와,42
라이스페이퍼,42
food,42
감칠맛이,42
it,42
재료들,42
과일,42
EC,42
장아찌,42
ssg,42
큰술반,42
통깨약간,42
Business,42
하루,41
각종,41
않은,41
양배추는,41
면을,41
새송이버섯,41
레시피입니다,41
루다,41
그런,41
sugar,41
먹어요,41
살빠지고,41
tip,41
함께해요,41
얼마나,40
꽃소금,40
특유의,40
식사,40
송송,40
3분,40
섞은,40
설탕을,40
알배추,40
단호박,40
아침에,40
케첩,40
이것,40
비타민,40
2차,40
통마늘,40
깨소금,40
110,40
조금씩,40
가지를,40
거예요,40
꺼주세요,40
재료준비,40
카레가루,40
않습니다,40
황금레시피,40
6가지,40
감자빵,40
녹인,40
사진,40
알라딘,40
ALD,40
요리가,39
껍질을,39
피망,39
데친,39
잘라,39
뒤집어서,39
체에,39
야채를,39
죽순,39
들어간,39
전자레인지,39
편하게,39
크림,39
JWiysX7uPrY,39
carrot,39
들깨가루,39
보다,39
비빔국수,39
어렵지,39
오랜만에,39
간단,39
170,39
예쁘게,39
소면,39
쫄깃한,39
까나리액젓,39
만나요,39
make,39
동영상,39
delicious,39
자동으로,39
table,39
1작은스푼,39
건고추,39
찻스푼,39
김대석,39
0초,39
이번에,38
생각보다,38
아니라,38
물론,38
사용할,38
계란찜,38
머스터드,38
호두,38
국수,38
만드세요,38
빠지고,38
6e6ymhQykWg,38
water,38
있을,38
없고,38
여러,38
1꼬집,38
계란은,38
있는데,38
ts,38
li,38
11가지,38
감량하면서,38
떡볶이,37
그런데,37
분들,37
간이,37
부드럽게,37
여기에,37
양념장을,37
것을,37
바닐라,37
안에,37
하세요,37
넣지,37
홀그레인,37
can,37
대한,37
것도,37
연유,37
입맛에,37
익은,37
등을,37
egg,37
450,37
토마토요리,37
밑반찬,37
고운소금,37
엑스트라버진,37
CC버튼을,37
3대,36
집에서도,36
26,36
끓으면,36
마늘종,36
청피망,36
나머지,36
칼집을,36
고기가,36
쿠키,36
맛의,36
바삭하게,36
3가지,36
걱정,36
위한,36
있게,36
Korean,36
사이즈,36
보통,36
무게,36
빵을,36
하는데,36
diary,36
드리겠습니다,36
T9i0o0QX,36
qY,36
자막이,36
1커피스푼,36
2024,35
노하우를,35
cooking,35
자른,35
제거한,35
부분,35
카레,35
아몬드,35
몸에,35
도움을,35
21,35
좋을,35
훨씬,35
나오는,35
든든한,35
씻어,35
아보카도,35
촉촉하고,35
달콤한,35
구매,35
항암,35
어울리는,35
프리미엄,35
흔히,35
mbBlIj0NaSU,35
사이트,35
양파0,35
다들,34
평소,34
24,34
홍피망,34
노릇하게,34
잘라서,34
빼주세요,34
전자렌지,34
식감과,34
만능,34
상큼한,34
영상의,34
지난,34
000원,34
아닌,34
재료도,34
풍부한,34
깨끗이,34
그릭요거트,34
참고해,34
구독과,34
flour,34
Hello,34
특정,34
언급,34
납짝하게,34
4,33
가득한,33
분들도,33
2분,33
전자레인지에,33
국물이,33
좋게,33
채썰어,33
땅콩버터,33
해주세요,33
냉장고에서,33
감자가,33
방법으로,33
다이어트에,33
gHKE9ClK4,33
항산화,33
평생,33
Kid,33
Room,33
tablespoons,33
tablespoon,33
이런,33
굵은,33
세척,33
먹은,33
삶는,33
12가지,33
있지만,33
남아나질,33
위주로,33
건강요리,33
스테이크,33
4꼬집,33
채운,33
밑간,33
무염,33
smartstore,33
MoonyDay,33
모욕,33
비방,33
광고성,33
댓글은,33
무통보,33
삭제됩니다,33
밴드,33
생성되면,33
어떻게,32
차가운,32
감자는,32
숙주,32
주말,32
간식으로도,32
만들었는데,32
완성됩니다,32
영상을,32
없습니다,32
빠지는,32
양파와,32
1L,32
나는,32
가볍게,32
국내산,32
business,32
한끼,32
육수를,32
만들어주세요,32
Green,32
맛있다고,32
dnpdct202,32
스파게티,32
전분가루,32
비빔밥,32
가정에서,32
감미료,32
열무,32
Tbs,32
7,31
6,31
ml를,31
담가,31
튀겨주세요,31
스푼과,31
1분,31
손질한,31
맛있으니,31
저녁,31
링크,31
들어가는,31
다음에,31
garlic,31
안찌고,31
5월,31
기본,31
바삭,31
깨끗하게,31
드시고,31
취향껏,31
컵과,31
bread,31
찍어,31
요리로,31
견과류,31
중약불에서,31
일주일,31
쉬운요리,31
2뿌리,31
한통,31
쌀가루,31
us,31
5000원,31
완전,30
맛있지만,30
돼지고기를,30
소스에,30
125,30
당근은,30
5장,30
모양도,30
편하고,30
튀김,30
1wmvO,30
6wAac,30
줄이고,30
공기,30
장조림,30
made,30
말아,30
볶아줍니다,30
제작,30
sweet,30
담그는,30
때마다,30
참외,30
좋아요는,30
드라이이스트,30
채널,30
가입,30
커피수저,30
멸치다시마육수,30
열무김치,30
밥숟가락계량,30
분들께서는,30
즐겨주세요,29
하나씩,29
냉동실에,29
알고,29
두른,29
부어주세요,29
다짐육,29
1봉지,29
갈아서,29
수분이,29
넣으세요,29
김밥용,29
알려드려요,29
재료가,29
오믈렛,29
kNaBSDq9qF8,29
오이무침,29
seaweed,29
스리라차,29
왔어요,29
메인,29
먹지,29
드릴게요,29
더해,29
식감,29
빼고,29
목살,29
최대한,29
No,29
양념에,29
담백한,29
13가지,29
건강에,29
폭탄,29
했어요,29
앞다리살,29
공구,29
풍미를,29
옆에,29
동일합니다,29
링크에,29
1000만,29
cmj0527,29
band,29
코스트코,29
재료준비와,29
난이도하,29
9,28
되면,28
이벤트,28
1공기,28
보관,28
돼지,28
벗긴,28
소스는,28
라면을,28
당근을,28
끓이는,28
청경채,28
한꼬집,28
촉촉한,28
계란과,28
4DlLRQOjYVo,28
Kitchen,28
함량이,28
그릭,28
제발,28
방법이,28
그래도,28
브런치,28
자막은,28
보러가기,28
1마리,28
고운,28
220,28
240,28
양상추,28
무엇보다,28
potato,28
facebook,28
톡톡,28
가지요리,28
가능해요,28
이름,28
운영하는,28
블루베리,28
홈베이킹,28
깻가루,28
종이컵으로는,28
sTKgGuHRMmQ,28
오아시스,28
통하여,28
보시기,28
17,27
간마늘,27
그런지,27
제거하고,27
살살,27
바지락,27
마켓컬리,27
마지막에,27
두부는,27
게맛살,27
청양고추를,27
영양,27
2가지,27
하지,27
파마산,27
Tycoon,27
AM7ukdHzYMo,27
절임,27
칼로리,27
vGVvDXab5Y8,27
음식을,27
시간을,27
신규,27
1차,27
차돌박이,27
생각나는,27
식감을,27
5cm,27
하나로,27
느타리버섯,27
28,27
손쉽게,27
간단하지만,27
g을,27
과정,27
후에,27
꺼내,27
맛에,27
담백하고,27
않아서,27
저탄수,27
milk,27
냉장고,27
구매링크,27
날씨가,27
유기농,27
비율,27
백오이,27
보관법,27
1300만,27
20가지,27
O8co137Mhoc,27
아침식사로,27
사는데,27
입력하시면,27
list,27
비건,27
wtable,27
TS,27
그동안,26
부족한,26
8,26
중요한,26
가지고,26
22,26
씻은,26
1시간,26
파는,26
소스가,26
제거해,26
볶아,26
새송이,26
들어가,26
soy,26
Cabbage,26
이건,26
양이,26
사랑하는,26
달달한,26
불고기,26
느낄,26
호박,26
중간,26
흰자,26
받을,26
재료들을,26
주먹밥,26
양은,26
감자전,26
번에,26
이것저것,26
오리지널,26
좋아할,26
아이,26
끓이는법,26
멤버십,26
9가지,26
C0jsMt,26
b7M,26
blog,26
맛나요리가,26
이게,25
있죠,25
처음,25
대파를,25
데치기,25
덮고,25
파와,25
방법도,25
도시락,25
한입,25
시청해,25
나온,25
다이어트에도,25
참치액젓,25
밥에,25
65,25
감칠맛,25
필요한,25
an,25
요즘은,25
중에,25
1팩,25
주로,25
높은,25
제육볶음,25
개씩,25
아이들이,25
손이,25
감자와,25
들어,25
2공기,25
영상으로,25
세상,25
potatoes,25
당근라페,25
85,25
왠지,25
되는데요,25
골뱅이,25
가입시,25
나무숟가락은,25
숟가락보다,25
큽니다,25
표시로,25
후라이팬을,25
달아보세요,25
UCC9pQY,25
uaBSa0WOpMNJHbEQ,25
330만,25
담그는법,25
인트로,24
스프,24
채썬,24
시작하면,24
편으로,24
완두콩,24
손으로,24
shorts,24
저어주세요,24
큼직하게,24
버무려,24
다져주세요,24
돌돌,24
달군,24
프렌치,24
4가지,24
즐겨보세요,24
쯔유,24
2배,24
닭다리살,24
바쁜,24
좋아하시는,24
하시는,24
토핑,24
allulose,24
95,24
아삭아삭,24
혈당,24
성분이,24
가성비,24
술안주,24
개만,24
없이도,24
쫀득한,24
video,24
시간이,24
김장,24
활용한,24
초코,24
식힌,24
않아도,24
오이와,24
슈가파우더,24
큰거,24
엄청,24
우유를,24
몰아보기,24
들어가서,24
6장,24
달지,24
코코아,24
된답니다,24
반모,24
속이,24
흑설탕,24
어찌나,24
멸치육수,24
진미채,24
시원하게,24
500만,24
적립금을,24
지급,24
UCr8m6FvqeL8y80,24
Hx,24
vjw9w,24
간단한데,23
27,23
전복,23
가는,23
한식,23
입맛을,23
들고,23
후춧가루를,23
전분물,23
흐르는,23
에서,23
부분을,23
길게,23
자르고,23
완전히,23
우동,23
바삭바삭,23
이용해,23
후라이팬에,23
있으며,23
활용,23
덕분에,23
과정을,23
영상에,23
Perilla,23
olive,23
칼로리가,23
함유되어,23
tuna,23
5L,23
참고해주세요,23
말이,23
벌써,23
메뉴로,23
부추전,23
올린,23
반죽이,23
곁들여,23
만나보세요,23
자꾸,23
두가지,23
먹기도,23
청고추,23
20cm,23
시판,23
뛰어난,23
고구마요리,23
5가지,23
당근요리,23
향긋한,23
내내,23
맛있네요,23
생각이,23
하는데요,23
병아리콩,23
채널에,23
haegreendal,23
hdk4Jz2,23
추천인에,23
쿠폰이나,23
cc,23
오이소박이,23
PL,23
물론이고,23
핫도그,22
39,22
만한,22
먹게,22
정수물,22
속에,22
라면왕,22
19,22
넣어줍니다,22
끓여줍니다,22
즉석밥,22
담아내면,22
삶아주세요,22
끄고,22
모양으로,22
이때,22
것은,22
숨이,22
새우를,22
같습니다,22
사용하면,22
폭신한,22
많아서,22
들깨,22
올려서,22
반찬으로,22
vinegar,22
끼는,22
tomato,22
mozzarella,22
먹으니,22
약0,22
수육,22
맥주,22
있다,22
그렇게,22
1통,22
360,22
건새우,22
210,22
개와,22
계란으로,22
발사믹,22
예열된,22
감자로,22
예쁜,22
아이들도,22
믿을,22
사서,22
cooked,22
보이면,22
simple,22
단맛이,22
your,22
싶다면,22
맛이예요,22
치즈케이크,22
개인적으로,22
어른,22
설탕0,22
products,22
행복한,22
쌈장,22
통후추,22
물김치,22
더운,22
fByJ9,22
Tg,22
볼게요,22
사항은,22
클립,22
좋아해서,22
기호껏,22
통해,21
준비했습니다,21
어느,21
23,21
준비합니다,21
익혀줍니다,21
전분을,21
천천히,21
길이로,21
구워,21
익힌,21
채를,21
담은,21
크기,21
대파는,21
덮밥,21
토르티야,21
화이트,21
겨울,21
소스와,21
보실,21
오이를,21
제거,21
최대,21
Egg,21
두고,21
빨리,21
일단,21
삶을,21
메뉴가,21
1일,21
언제,21
국물을,21
미역,21
마시고,21
that,21
적당한,21
중불에서,21
치즈와,21
섞어줍니다,21
까지,21
광고,21
Cheese,21
빨강,21
머스타드,21
ED,21
여러가지,21
맛있답니다,21
배추요리,21
sesame,21
시원하고,21
풍부해,21
as,21
들어가지,21
은은한,21
식감도,21
추천합니다,21
전통,21
보호를,21
보자,21
음료,21
깐마늘,21
어간장,21
KoreanFood,21
453C9D90NQ,21
열무물김치,21
해당,21
더보기란을,21
참고하셔서,21
음식이,20
꿀팁,20
제주,20
목이버섯,20
섞어서,20
조물조물,20
기름이,20
토마토는,20
밭쳐,20
졸여주세요,20
큰술을,20
파를,20
반스푼,20
중화면,20
땅콩,20
매콤,20
밀가루를,20
계란물을,20
원팬,20
좋답니다,20
효능,20
여름철,20
red,20
leaves,20
또한,20
드레싱,20
apple,20
부침개,20
cake,20
어떠세요,20
싶을,20
완성된,20
끓여서,20
완벽한,20
있다고,20
좋지만,20
하니,20
확인하실,20
속을,20
2모,20
플랫폼,20
everyone,20
550,20
콩나물을,20
닭볶음탕,20
과자,20
사각어묵,20
넣어주시고,20
수북히,20
이용해서,20
제거해주세요,20
간편하고,20
등갈비,20
on,20
버터를,20
식사로도,20
되어,20
오븐에,20
건강에도,20
NO,20
사용했습니다,20
like,20
고급,20
지름,20
good,20
노랑,20
냉장보관,20
자세하게,20
커피를,20
스테인레스,20
오이고추,20
혜택을,20
누려보세요,20
원당,20
인기있는,20
TABLE,20
2x1Jt90,20
index,20
같아서,19
48,19
빠질,19
36,19
꾸준히,19
이미,19
많이들,19
돌려주세요,19
등심,19
180도,19
마늘은,19
놓은,19
놓고,19
당면을,19
채소와,19
뚜껑,19
후추를,19
부은,19
찜기에,19
곁들이면,19
적은,19
오븐에서,19
갈릭,19
많아,19
수가,19
양배추로,19
더보기,19
맞는,19
두부의,19
뱃살,19
빠져요,19
주는,19
조합은,19
저속노화,19
1큰,19
금지합니다,19
계속됩니다,19
34,19
통조림,19
월요일,19
떡국,19
그럴,19
맛볼,19
좋아서,19
찌개,19
가격,19
닭고기,19
맛입니다,19
나물,19
15cm,19
포인트,19
맞춰,19
얼갈이,19
완성할,19
색다른,19
찹쌀,19
제품을,19
Sesame,19
butter,19
작게,19
까나리,19
놀라운,19
2쪽,19
Rice,19
기계마다,19
분들을,19
개로,19
김치를,19
사과요리,19
다이어트레시피,19
10장,19
구워서,19
굽고,19
와사비,19
fried,19
2리터,19
가입하여,19
mail,19
놓으면,19
조리하는,19
제작에,19
453C9D84YP,19
쇼핑몰,19
차이있음,19
사과를,18
42,18
57,18
쪽파는,18
풀어서,18
2의,18
마른,18
꼭지를,18
약불로,18
쪽파를,18
이연복,18
부추를,18
연겨자,18
깔고,18
뿌려주세요,18
참기름을,18
남겨주세요,18
다시다,18
풀어주세요,18
볶으면,18
맛살,18
비율로,18
베트남,18
받고,18
바싹,18
2번,18
봐주세요,18
다크,18
두부로,18
만두를,18
전자레인지로,18
동시에,18
낮고,18
면역력,18
출처를,18
매우,18
쪄서,18
주고,18
힘든,18
속도,18
끓인,18
아직도,18
했는데,18
삶기,18
가면,18
콩나물국,18
된장찌개,18
해야,18
재료에,18
세트,18
여름이,18
고구마를,18
술안주로도,18
쌀뜨물,18
참고,18
향과,18
접시,18
준비하기,18
대패삼겹살,18
썰어놓은,18
물로,18
있어도,18
순식간에,18
닭가슴살을,18
맛집,18
Onion,18
와인,18
작은거,18
수플레,18
놀라는,18
식사로,18
다진생강,18
재료만,18
괜찮아요,18
5인분,18
양배추가,18
배를,18
비법,18
10배,18
오이가,18
어묵볶음,18
되었어요,18
가능한,18
볼록하게,18
반찬이,18
식감의,18
망고,18
유부,18
솥밥,18
삶는법,18
맛나,18
스케치,18
sketch,18
마늘쫑볶음,18
날이,18
사랑입니댜,18
대멸치,18
juntv,18
활용하여,18
설명드렸으니,18
54,17
맛있는데,17
즐거운,17
김가루,17
Tip,17
언어,17
담아주세요,17
면이,17
숙성,17
뿌린,17
두께로,17
칼로,17
가운데,17
않도록,17
소개할게요,17
만듭니다,17
볶아서,17
식물성,17
미니,17
김밥을,17
옵션,17
정보는,17
클릭하시면,17
영양만점,17
좋다고,17
겉절이,17
Tomato,17
싫어하는,17
잡채,17
최고입니다,17
먹고싶은,17
번째,17
기존,17
at,17
수도,17
하나면,17
아직,17
보기,17
깔끔하고,17
미역국,17
저의,17
쌀밥,17
this,17
맛으로,17
안심,17
135,17
닭갈비,17
190,17
김치볶음밥,17
이용한,17
실온에,17
소고기를,17
체다,17
정도를,17
각각,17
약불에,17
미원,17
sheets,17
자르기,17
국물에,17
만드실,17
다크초콜릿,17
사용하지,17
두부조림,17
냄비,17
따라서,17
한우,17
당뇨,17
건강해지는,17
김밥만들기,17
사와서,17
좋아,17
ingredient,17
low,17
레시피예요,17
지난번,17
사용했어요,17
휘리릭,17
메추리알,17
바질,17
채소로,17
매력적인,17
버터가,17
생으로,17
좋은일만,17
과정이,17
실파,17
제품들을,17
mall,17
냉면육수,17
보았어요,17
doing,17
건강을,17
콘텐츠를,17
For,17
젓갈,17
며칠,17
msg,17
영자씨의부엌,17
종종,17
찌는법,17
필요하셨던,17
AI,17
디저트,16
달걀을,16
사용하세요,16
도톰하게,16
뒤집어,16
튀긴,16
해물,16
정도만,16
입이,16
배춧잎,16
불려주세요,16
강불에,16
농도를,16
풀어,16
나면,16
밥과,16
오레오,16
토스트를,16
먹던,16
진하고,16
비벼,16
거기에,16
없어도,16
라이스,16
오레가노,16
요리입니다,16
김밥김,16
마늘가루,16
두부전,16
계란의,16
cucumber,16
OK,16
탄수화물,16
Tofu,16
쭉쭉,16
식이섬유가,16
샐러드로,16
servings,16
honey,16
막국수,16
좋더라고요,16
드립니다,16
내는,16
불고기용,16
없죠,16
사다,16
시작해,16
일이,16
한식을,16
외국인분들을,16
외국어,16
첨부하였습니다,16
통합,16
플리토,16
Subtitles,16
subtitles,16
알려드린,16
750,16
명절,16
모양,16
드시는,16
놓치지,16
home,16
깍두기,16
순두부찌개,16
먹기에도,16
만두피,16
별로,16
손질하기,16
연두부,16
양송이버섯,16
10분간,16
꺼내서,16
개는,16
후라이팬,16
하나만,16
매번,16
건표고버섯,16
1단,16
Cooking,16
마늘과,16
starch,16
썰어줍니다,16
쫄깃하고,16
만드셔도,16
EB,16
대표,16
모양을,16
전혀,16
봅니다,16
추천해,16
안심하고,16
soft,16
onions,16
빵이,16
8가지,16
식구들이,16
간단한요리,16
애호박요리,16
반찬만들기,16
편집을,16
보내세요,16
사이다,16
갈아,16
CabbageRecipe,16
추천드려요,16
감자튀김,16
커스터드,16
얼마,16
단맛을,16
대파1,16
경우가,16
달콤,16
tmc,16
국산,16
B0,16
절이기,16
You,16
Thank,16
매끼,16
가져왔어요,16
활용하기,16
cY9OrcjhMqg,16
가기,16
얼른,16
도토리묵,16
가족여러분,16
비지니스문의,16
sbs710125,16
스타일하다,16
선택할,16
오이지담그는법,16
믿고,15
간단히,15
겁니다,15
난이도,15
52,15
마침,15
토마토를,15
토마토가,15
중불로,15
4의,15
4쪽,15
중간에,15
확인,15
올라오면,15
끓일,15
당근과,15
버무려주세요,15
사용해도,15
고기와,15
짜장라면,15
고춧가루를,15
껍질이,15
잠시,15
끓기,15
사람도,15
크러쉬드,15
익스트랙,15
즐겨,15
프렌치토스트,15
화면,15
상큼하고,15
어우러져,15
효과,15
조절,15
스테인리스,15
serving,15
yogurt,15
Pepper,15
먹었더니,15
드려요,15
3L,15
드디어,15
쓰고,15
추가로,15
돌려,15
먹어야,15
알려드립니다,15
위해서,15
깊고,15
가족,15
하게,15
짬뽕,15
이번엔,15
남녀노소,15
명란,15
방법과,15
foreign,15
languages,15
who,15
loves,15
가끔,15
순살,15
how,15
파스타면,15
손에,15
230,15
다져서,15
3쪽,15
느낌이,15
대파와,15
비슷한,15
뒤에,15
프라이팬,15
치킨을,15
수분을,15
무를,15
핏물을,15
mushroom,15
태국,15
pork,15
휘핑크림,15
2통,15
oyster,15
애호박전,15
달고나,15
넣는,15
Cake,15
토핑을,15
홈카페,15
김치의,15
몇가지,15
손님,15
키위,15
spoons,15
perilla,15
이걸,15
넣어보세요,15
넣었더니,15
How,15
콩나물무침,15
먹었어요,15
소금으로,15
It,15
모닝빵,15
cream,15
2마리,15
챙겨,15
빵은,15
뭔가,15
삶을때,15
크림을,15
빵만들기,15
없어서,15
짜지,15
버섯요리,15
today,15
텐데요,15
연어,15
캠핑,15
워낙,15
멸치볶음,15
까페,15
product,15
1줄기,15
UC1,15
g9JaEVLOFGhH8hpaK,15
Jg,15
단독,15
김치찜,15
3탄,15
지방,15
없어,15
fsfGBQk36Z8,15
부담,15
joGFLqwLW64,15
aVKmtqv,15
eh4E9vz,15
PS,15
밑반찬으로,15
APP,15
할까요,15
나이프,15
25분,15
53,14
과연,14
확인해,14
했습니다,14
번씩,14
시작,14
맛있을,14
38,14
51,14
크기에,14
3조각,14
준비하고,14
전분이,14
4대,14
조금만,14
고루,14
내면,14
달궈지면,14
숙주나물,14
스프를,14
절여주세요,14
버무린,14
2조각,14
떡국떡,14
저어,14
으깬,14
끓어오르면,14
3번,14
말아주세요,14
씻어서,14
볶을,14
채소가,14
잠길,14
참치마요,14
조림,14
굽는,14
루꼴라,14
버전,14
왼편,14
보기나,14
설명란,14
활용할,14
46,14
뱃살이,14
Soy,14
1봉,14
푸짐하게,14
절로,14
근데,14
시장,14
알려드리는,14
돈가스,14
도와주세요,14
예산,14
싶어요,14
하면서,14
받아,14
부대찌개,14
도는,14
밥반찬,14
리조또,14
integrated,14
language,14
platform,14
Flitto,14
김치가,14
짭조름한,14
8L,14
고구마는,14
추억의,14
준비한다,14
구성,14
아시죠,14
about,14
청국장,14
크리스마스,14
양송이,14
색이,14
야채는,14
추가해,14
가지는,14
구울,14
넣을,14
달궈진,14
어느정도,14
뿌려주시면,14
담긴,14
공심채,14
돌려줍니다,14
않으면,14
등의,14
참조,14
소금에,14
샐러리,14
한공기,14
채소들을,14
줄여서,14
사이즈로,14
입맛이,14
감자에,14
레시피에,14
것으로,14
얇은,14
풍미,14
사용해서,14
방울,14
A0,14
되는데,14
즐겁게,14
여름에,14
간단하면서,14
기본으로,14
재료와,14
귀여운,14
지금까지,14
했더니,14
감량한,14
김밥레시피,14
높아,14
하네요,14
비트,14
전체,14
활용도가,14
에리스리톨,14
자른다,14
자투리,14
수제,14
넣어요,14
은근,14
또띠아로,14
레드페퍼,14
5리터,14
주말에,14
감사해요,14
아이들간식,14
2줄,14
생강청,14
찬물,14
감자의,14
기간,14
베이글,14
본연의,14
엄마가,14
이것만,14
깔끔한,14
두꼬집,14
SSG,14
미식관에서,14
단품,14
상품,14
저작권,14
소복하게,14
제품은,14
완성해,14
pinch,14
have,14
step,14
이제부터라도,14
김치국물,14
EA,14
통깨를,14
also,14
남편이,14
영양소,14
냉장,14
적립금은,14
불펌,14
콜리플라워,14
carb,14
official,14
즐기는,14
UCB4JlWU3Vcev5pkyIdeBMRw,14
지중해식,14
포스팅을,14
물없이,14
이장우,14
마늘쫑요리,14
콩국수,14
분들께,13
비가,13
이제는,13
32,13
최애,13
진심,13
시작합니다,13
불에,13
저어가며,13
끓는물에,13
묻혀,13
돼지갈비,13
4cm,13
건더기,13
면수,13
있던,13
얹어,13
견과류를,13
모양이,13
노릇노릇하게,13
두부가,13
식초를,13
훌륭한,13
쪄주세요,13
발사믹식초,13
식혀주세요,13
법도,13
스타일,13
그라탕,13
브라우니,13
밀가루가,13
즐기실,13
따뜻하게,13
활용해,13
안은,13
빠르고,13
재미있게,13
조합,13
계란에,13
라페,13
Eggs,13
zucchini,13
Garlic,13
lemon,13
되네요,13
짜장,13
끓이고,13
터지는,13
진작,13
31,13
30초,13
갑자기,13
든든하게,13
내가,13
이젠,13
레시피도,13
2L,13
flitto,13
translation,13
개운한,13
황태채,13
어울려요,13
잔치국수,13
1.66667E+16,13
레시피와,13
2봉지,13
1000,13
응용해서,13
얼음,13
지단을,13
5분간,13
솔솔,13
않을,13
4분,13
발라주세요,13
맞춰서,13
썰어주시고,13
마지막으로,13
준비해주세요,13
부어주시면,13
계량컵에,13
아삭하고,13
느껴지는,13
방식으로,13
썰기,13
강불로,13
준비된,13
대체가능,13
분은,13
taste,13
추가해도,13
먹어보면,13
치즈만,13
깔끔하게,13
돈까스,13
새콤한,13
베이킹소다,13
비싼,13
알아두면,13
적게,13
굽기,13
slices,13
고민,13
배추는,13
피클,13
kimchi,13
고추냉이,13
paper,13
줄일,13
간단레시피,13
포만감을,13
감자채전,13
점심,13
diet,13
간은,13
카스테라,13
파김치,13
만들수,13
맛난,13
우리가,13
4줄,13
살린,13
식감으로,13
냉동보관,13
볶을때,13
술안주로,13
맛이랍니다,13
원래,13
1덩이,13
비해,13
마트에서,13
만들었는데요,13
사용하고,13
반죽은,13
2알,13
보시면,13
있지요,13
간단해요,13
고추장0,13
반찬을,13
약불,13
Bread,13
몰입니다,13
만능간장,13
식탁,13
다시마물,13
마늘쫑무침,13
Ru,13
Br,13
7OE,13
거제시,13
살빠지는음식,13
맛있더라고요,13
마트에,13
수수료를,13
zHJGt6j,13
요리의,13
용량,13
대파1뿌리,13
대파흰부분,13
들기름0,13
통깨듬뿍,13
FACEBOOK,13
우리의식탁에서,13
전자렌지에,13
되더라고요,13
류수영,13
팁까지,13
1과,12
여러분들도,12
1과0,12
전날,12
있다는,12
58,12
두세요,12
나중에,12
건져,12
경우는,12
데쳐주세요,12
헹궈,12
데쳐서,12
대신에,12
정도가,12
삶아,12
얹고,12
마요네즈를,12
채썰고,12
맞춰주세요,12
손질하는,12
씨를,12
마늘쫑은,12
물기가,12
키친타월로,12
마늘쫑을,12
주면,12
야채와,12
뿌리고,12
정도의,12
한번에,12
밥이,12
김밥이,12
퀘사디아,12
10분이면,12
김치전,12
무단,12
수분,12
된다고,12
살이,12
양배추의,12
꼬마김밥,12
meat,12
애호박은,12
Chicken,12
juice,12
뱃살도,12
56,12
Fish,12
다르게,12
여러분의,12
모두가,12
아무래도,12
조리해,12
거라,12
간단해서,12
고기는,12
저렴한,12
먹으려고,12
좋다,12
갈치,12
거라고,12
혼자,12
막걸리,12
여러분도,12
해봤어요,12
어제,12
pro,12
caption,12
볼까요,12
생각날,12
구워주면,12
먹다,12
크림파스타,12
싶은데,12
260,12
몸을,12
알리오올리오,12
오징어볶음,12
식사하세요,12
수박,12
쫄깃,12
온도가,12
간생강,12
것처럼,12
유튜브,12
치즈가루,12
한다,12
주재료,12
넣어주면,12
두면,12
바닥에,12
10cm,12
버섯을,12
2시간,12
사이에,12
조절해,12
고수,12
40분,12
헹궈주세요,12
배추와,12
댓글로,12
차갑게,12
mL를,12
만들어진,12
파스타를,12
Low,12
chili,12
포함하고,12
them,12
Cream,12
2포기,12
파마산치즈,12
물기,12
도넛,12
스팸을,12
소금과,12
계란만,12
타코,12
2가지만,12
먹어본,12
설명,12
보았습니다,12
만들었더니,12
요리해,12
Kimchi,12
써먹는,12
질리지,12
양파요리,12
먹었습니다,12
영양소가,12
역할을,12
간식이나,12
항염,12
해독,12
easy,12
처럼,12
미역은,12
몰라요,12
cups,12
딸기잼,12
첨가물,12
고명,12
달고,12
아니고,12
그렇다면,12
무설탕,12
개월,12
180도에서,12
디저트로,12
아닐까,12
김치는,12
지금부터,12
좋아해요,12
쉬워요,12
겨울에,12
싶어서,12
활용해도,12
사먹는,12
실패,12
먹기에,12
드라이,12
2줄기,12
COM,12
만나볼,12
필요하신,12
국내,12
일정,12
Playful,12
Kitten,12
연근,12
월계수잎,12
This,12
YouTube,12
무생채,12
오이냉국,12
백김치,12
no,12
1년,12
편스토랑,12
쫄면,12
싱싱한,12
150만,12
9XAMNGx8s6Q,12
올리브오일1,12
6K66,12
gZd,12
적립받은,12
쿠폰과,12
제작하는,12
구입하는데,12
사는,12
사과식초,12
Like,12
맛나요리몰,12
후추톡톡3번,12
오이지를,12
wtableofficial,12
선택해야,12
드릴,12
요리라서,12
후추후춧,12
설정에서,12
감사합니댜,12
만들게,12
어제는,12
요리용,12
족발,12
있었습니다,11
올해는,11
먹어,11
부탁드려요,11
무려,11
주신,11
마지막,11
유명한,11
역대급,11
누가,11
마실,11
떠오르는,11
밀키트,11
2분간,11
나무주걱으로,11
노추,11
물은,11
계란물,11
3의,11
팬을,11
바르고,11
흰부분,11
납작하게,11
덮어주세요,11
다지고,11
올리면,11
덮어,11
걸로,11
흰대,11
씻어주세요,11
익을,11
노란,11
짜서,11
데칠,11
내주세요,11
즉석밥을,11
넓게,11
볶는,11
김밥입니다,11
우엉,11
토스트입니다,11
많고,11
음식으로,11
그만,11
케이크를,11
힘들게,11
허니머스타드,11
드셔,11
영양소를,11
절인,11
곤약밥,11
도움,11
순서만,11
다이어트가,11
fish,11
다이어트를,11
Sauce,11
mustard,11
밥없는,11
Apple,11
33,11
확실히,11
돼지갈비찜,11
얼큰한,11
출처,11
나서,11
주문,11
순간,11
선물,11
육수에,11
찾게,11
즐기고,11
셰프,11
마음이,11
2팩,11
폭발,11
살아,11
예전에,11
가루를,11
쌈밥,11
타지,11
some,11
recipes,11
from,11
보시는,11
구수한,11
건미역,11
만나,11
상태로,11
포함,11
용기에,11
끓이면,11
다져,11
이럴,11
평평하게,11
두꺼운,11
싸서,11
오이피클,11
꼼꼼히,11
볶아주신,11
넣어주고,11
올려줍니다,11
머랭을,11
반찬으로도,11
국물요리,11
셀러리,11
등으로,11
개의,11
bean,11
샌드위치를,11
Ingredient,11
pot,11
spring,11
칼국수,11
bowl,11
동그랗게,11
넣습니다,11
고기의,11
수프,11
사용시,11
푸딩,11
황금,11
계피가루,11
영상입니다,11
스타일의,11
세상에서,11
폭신하고,11
식사를,11
김밥에,11
시간은,11
간편한,11
밀가루와,11
닭다리,11
식탁에,11
반숙,11
큰것,11
내고,11
반은,11
카라멜,11
못하고,11
유용한,11
호불호가,11
5분정도,11
때나,11
보신,11
메론,11
Watch,11
효과가,11
Potato,11
채우고,11
바나나를,11
저녁메뉴,11
햄버거,11
든든하고,11
pieces,11
mayonnaise,11
half,11
비타민과,11
후다닥,11
4포기,11
브런치로,11
so,11
간식이,11
좋을것,11
않지만,11
느껴져서,11
맛나게,11
2줌,11
이만한,11
빵에,11
있었어요,11
바삭함이,11
응용해,11
만들기는,11
건식,11
만들때,11
8장,11
것보다,11
있네요,11
내외,11
양념으로,11
가족이,11
스콘,11
1리터,11
간장1,11
쿠키만들기,11
프랑스,11
평범한,11
구이,11
조각,11
쉬운레시피,11
그래놀라,11
채식,11
달리,11
heat,11
일주일에,11
10알,11
풋고추,11
집은,11
식재료,11
담그기,11
배추김치,11
찹쌀풀,11
si,11
대해,11
nT3MVuqMIHI,11
ScUU17eeNp4,11
LCHF,11
enjoy,11
mannarecipy,11
다듬은후,11
후추톡톡5번,11
절임물,11
오이지무침,11
특가로,11
메이플시럽,11
소개해드릴게요,11
GS,11
hot,11
again,11
만들기를,11
1GXe7LPxN,11
돌리기,11
settings,11
watching,11
집밥을,11
1s,11
안매운,11
준비재료,11
재생,11
알려드렸으니,11
재료는요,11
들꽃향기입니다,11
메뉴인데요,11
콘텐츠의,11
고운고춧가루,10
라고,10
빽라면,10
좋구요,10
가격이,10
59,10
메뉴를,10
있나요,10
해선간장,10
줄여,10
계란물에,10
이용하여,10
반죽에,10
끓이다가,10
크기가,10
건져서,10
장을,10
미지근한,10
부쳐주세요,10
중화면을,10
채반에,10
설탕은,10
죽을,10
시판용,10
들어있는,10
메이플,10
시럽,10
열심히,10
앞으로,10
15분간,10
레몬을,10
4조각,10
청경채를,10
나무,10
한꺼번에,10
고소함이,10
묻힌,10
로메인,10
1cm,10
예쁘고,10
만들어집니다,10
초콜릿을,10
쓱쓱,10
추가해서,10
가을,10
아무거나,10
같지만,10
후라이드,10
버전으로,10
아침을,10
칼륨,10
편한,10
오이의,10
피부,10
저지방,10
포만감,10
야채로,10
찌는,10
바꿔도,10
노화방지,10
Carrots,10
한끼가,10
가슴살,10
Oyster,10
다이어트는,10
볶지,10
보면서,10
나도,10
김치로,10
한두,10
가서,10
찾는,10
최근,10
SNS에서,10
너무너무,10
버터는,10
진하게,10
했지만,10
6분,10
안주,10
작년,10
완벽하게,10
평소에,10
때가,10
강한,10
빠져,10
마무리로,10
중인,10
손질법,10
푸드,10
마음을,10
연말,10
양념재료,10
540,10
푸짐한,10
270,10
주스,10
탄산수,10
무절임,10
파슬리가루,10
끝내주는,10
반대,10
찜닭,10
도움될,10
내용을,10
활용하면,10
1조각,10
않으니,10
나고,10
2단,10
쉽지,10
살짝만,10
양념과,10
대부분,10
삼겹살을,10
돌리면,10
속재료,10
가열해주세요,10
다져주시고,10
올려주시면,10
섞어주신,10
해주는,10
오렌지,10
오일을,10
12분,10
짜주세요,10
녹으면,10
가지에,10
다진파,10
자밤,10
단단한,10
양의,10
재료인,10
고추씨,10
Sugar,10
채소의,10
중불에,10
well,10
통으로,10
into,10
아스파라거스,10
씻고,10
넣으시면,10
양조,10
만남,10
식빵으로,10
느낌으로,10
분량입니다,10
치즈의,10
스팸요리,10
변경,10
모차렐라치즈,10
달콤하고,10
할라피뇨,10
영상에서는,10
납니다,10
82,10
98,10
농도에,10
피자치즈,10
무가당,10
복잡한,10
계란후라이,10
dish,10
물의,10
커피와,10
고급진,10
시즈닝,10
불리는,10
퍼지는,10
소개,10
번거롭게,10
씹히는,10
Spam,10
딱딱한,10
필요없고,10
법을,10
대추,10
참치를,10
Mozzarella,10
noodles,10
우리집,10
혈관,10
사과는,10
적이,10
애호박과,10
ham,10
가족들이,10
유지어터입니다,10
수면을,10
순서로,10
오는,10
주어,10
미네랄이,10
높이,10
풍부하고,10
초간단레시피,10
설탕과,10
쉬운데,10
살리고,10
믹서기에,10
용용,10
죽겠지,10
FGcNnZbjdi0,10
EggRecipe,10
타지않게,10
pancake,10
spicy,10
홈메이드,10
슬슬,10
링크에서,10
느낌,10
계란노른자,10
좋네요,10
1알,10
흔한,10
이국적인,10
우유로,10
한동안,10
남아,10
지금이,10
않을까,10
느끼하지,10
닭가슴살요리,10
반찬은,10
강력,10
낮은,10
계절이,10
나지,10
먹을때,10
어울려서,10
소금약간,10
아몬드가루,10
확인하세요,10
있음,10
식초1,10
day,10
올해,10
초당,10
그린,10
식기세척기,10
통밀가루,10
저칼로리,10
더더,10
스팀,10
다이어트음식,10
만들어야,10
Dried,10
minutes,10
요리과정,10
자체가,10
감자조림,10
달래,10
잔멸치,10
활용해서,10
감칠맛을,10
호박잎,10
새콤달콤한,10
낮아,10
무침으로,10
중에서도,10
냉이,10
33년,10
마무리합니다,10
jamake,10
io,10
subscribe,10
중요합니다,10
오랫동안,10
드리고,10
점점,10
어울려,10
suNM0ONPBW8,10
항암성분,10
먹다가,10
q3ZKuqKPa3o,10
14가지,10
250만,10
섭취,10
페퍼론치노,10
r28sPfPSoTQ,10
키토,10
추천인,10
설명과,10
오히려,10
소리를,10
신선하게,10
category,10
15m,10
절임배추,10
비정제설탕,10
청양홍고추,10
계량기준,10
단순히,10
인기가,10
제법,10
kelp,10
소금살짝,10
파송송,10
중약불에,10
love,10
Mail,10
하더라고요,10
보러,10
드려볼까,10
내용들을,10
건데요,10
subject,10
author,10
취소,10
시작해볼게요,10
계량단위,10
있더라고요,10
보았답니다,10
건강식,10
먹었는데,10
맥도날드,10
봤습니다,9
소중한,9
47,9
간단합니다,9
좋은데,9
올해도,9
아마,9
도전,9
봐요,9
메뉴는,9
돌아왔습니다,9
무와,9
판매,9
냉면,9
라면에,9
돌려서,9
청양고추는,9
액상,9
처음부터,9
1대1,9
계절에,9
온도,9
라면이,9
볶고,9
죽으면,9
실온에서,9
통밀,9
당면은,9
분말,9
베트남고추,9
으깨서,9
담근,9
세로로,9
건져주세요,9
달걀물,9
링크는,9
바삭바삭하고,9
가격도,9
식빵을,9
피자를,9
달달하고,9
넣으셔도,9
간장으로,9
멈출,9
튀기지,9
속재료는,9
식이섬유는,9
최고예요,9
저작권은,9
몸의,9
염증을,9
성분,9
가벼운,9
식단은,9
쉬워집니다,9
높이고,9
베타카로틴,9
Honey,9
crab,9
효능이,9
예방,9
채소는,9
건강주스,9
알면,9
41,9
Allulose,9
때면,9
소리가,9
방향으로,9
기분,9
저와,9
똑같은,9
보는,9
이대로,9
누구든,9
말아서,9
먹으러,9
물0,9
마음에,9
조리법,9
넣는다,9
잡은,9
만날,9
아는,9
밥반찬으로,9
한입에,9
싶어,9
영상이,9
끝판왕,9
있잖아요,9
고구마의,9
한국,9
부터,9
5대,9
소불고기,9
온라인,9
마음,9
홍두깨살,9
떡볶이떡,9
국멸치,9
다시마를,9
280,9
간단하면서도,9
냉국,9
확인해보세요,9
바삭바삭한,9
끓여보세요,9
저녁에,9
해먹는,9
차이가,9
길거리,9
6월,9
구할,9
요리도,9
전부,9
참기름과,9
볶아주면,9
구워지면,9
3분간,9
한번씩,9
넣어주신,9
약간을,9
절반,9
끓여주신,9
모양의,9
담궈,9
넣어야,9
3알,9
청양,9
개가,9
초간단요리,9
적당량을,9
애호박을,9
대만,9
그린빈,9
개에,9
noodle,9
내장을,9
생선,9
얇고,9
춘장,9
마무리,9
부추와,9
170도,9
피칸,9
옥수수를,9
테니,9
스푼으로,9
먹습니다,9
눈이,9
따뜻하고,9
홀그레인머스타드,9
페페론치노,9
날치알,9
참치김밥,9
여러번,9
크리미,9
식빵요리,9
원하시는,9
블랙,9
소세지를,9
팝콘,9
스타일로,9
입혀,9
버터와,9
바르면,9
바삭함을,9
감자칩,9
핫케이크,9
넣으니,9
우유는,9
1번,9
480,9
완성되는,9
각자,9
재미도,9
살사소스,9
기분이,9
Gimbap,9
완숙,9
물기는,9
다를,9
나면서,9
나옵니다,9
스무디,9
댓글에,9
정확한,9
우유와,9
촉촉,9
익히고,9
넣었어요,9
식이섬유와,9
pinches,9
oven,9
Sweet,9
성분은,9
식단도,9
중요하지만,9
루틴도,9
식을,9
취해줬던,9
조절을,9
시간도,9
다이어트식,9
소화도,9
대박,9
식사량을,9
근사한,9
변비,9
예방에,9
새콤달콤,9
온가족이,9
오이절임,9
피로,9
감량할,9
참치캔요리,9
고구마레시피,9
15장,9
fresh,9
Shorts,9
제로,9
sandwich,9
Sandwich,9
Butter,9
toast,9
에그인헬,9
토마토의,9
킴서울,9
된장국,9
비린내,9
고추장찌개,9
같은데,9
색다르게,9
1국자,9
가감,9
치즈감자빵,9
좋더라구요,9
응용해보세요,9
다진양파,9
도시락으로,9
부담없이,9
타피오카,9
아니지만,9
콘치즈,9
만들어봤는데요,9
제조,9
이유는,9
구우면,9
양파반개,9
많아요,9
궁금하다면,9
밥은,9
아이들과,9
양념은,9
먹는데요,9
소잘요,9
생각나서,9
편인데요,9
플레인,9
포도씨유,9
이상의,9
두유,9
좋은데요,9
2덩이,9
빨간,9
식단을,9
스크램블,9
그리,9
조미김,9
사골육수,9
7분,9
29,9
ok,9
상품이,9
화학,9
순삭,9
콜레스테롤,9
발효,9
구매시,9
사람,9
공동구매,9
이탈리아,9
날씨에,9
하다,9
베리,9
즐기기,9
동물성,9
체험단,9
일상,9
후기,9
beef,9
spoon,9
자몽,9
무요리,9
메밀국수,9
콩나물은,9
84,9
알토란,9
봄동,9
찜기,9
볶아보세요,9
삶아서,9
짜파게티,9
영양이,9
34년,9
세척하기,9
불리기,9
절이는,9
먹을수,9
but,9
자막제공,9
ko,9
행복합니다,9
늦은,9
먹었답니다,9
사다가,9
DGxt2YA1Dco,9
당근으로,9
소개해요,9
당질,9
실제로,9
저녁으로,9
식단에,9
더해져,9
섭취를,9
나와서,9
슬라이스치즈,9
홈까페,9
453C9D93XU,9
vSPXdchs5vI,9
계란국,9
Ketogenic,9
1ea,9
맵쌀,9
물없는,9
계란2알,9
맛소금0,9
김장김치,9
손질후,9
오이지용,9
420,9
INSTAGRAM,9
store,9
저온압착,9
맞아,9
닌자,9
cvAAhDkwvX,9
차근차근,9
앱에서,9
정호영,9
괜히,9
pasta,9
준비를,9
Tips,9
notification,9
초당옥수수는,9
포스팅은,9
상추겉절이,9
님이,9
중에서,9
상당히,9
저속노화식단,9
우측,9
스티커,9
빠짐없이,9
먹곤,9
메뉴라서,9
머위대,9
마늘쫑장아찌,9
알콩,9
구입해,9
먹는법,9
계실,9
팀원분들,8
다음엔,8
축지법,8
앞으로도,8
우리나라,8
가게,8
끝에,8
아니,8
LA갈비,8
해산물,8
가격은,8
49,8
수저,8
라면은,8
사랑을,8
43,8
더해진,8
두께,8
잔뜩,8
44,8
원래는,8
들기름을,8
보글보글,8
풀어준,8
바닥이,8
헹군,8
전분은,8
1의,8
튀기면,8
5에,8
부추가,8
스테비아,8
6에,8
섞으면,8
토마토케첩,8
고명으로,8
순두부를,8
열고,8
되도록,8
키친타월을,8
전분기를,8
꽈리고추를,8
고기에,8
볶아지면,8
그래야,8
은근히,8
닭을,8
1200,8
야채가,8
치킨파우더,8
아래와,8
스리랏차,8
오븐으로,8
간장소스,8
다이제,8
환상적인,8
부어서,8
무순,8
채썰어서,8
부리또,8
신선하고,8
취향대로,8
풍부해서,8
7가지,8
오픈,8
tomatoes,8
비타민C,8
가볍고,8
식단으로,8
성공하세요,8
항염증,8
포함되어,8
Greek,8
고민될,8
쉬워서,8
반찬가게,8
이야기,8
유리,8
준비해서,8
님아,8
김치말이,8
마시면,8
개당,8
없다면,8
생각하면,8
냄새가,8
보여드릴게요,8
내용은,8
타임,8
관심이,8
구매할,8
풍성한,8
먹거나,8
프라이팬을,8
볶는다,8
봉지,8
딤섬,8
오랜,8
언제나,8
분이,8
준비하면,8
먹어서,8
있어야,8
매력이,8
단짠단짠,8
전문점,8
혹시,8
최소,8
간장과,8
전국,8
닭가슴살로,8
김치와,8
김치만두,8
밖에,8
추운,8
홈파티,8
방법까지,8
맛보면,8
340,8
8알,8
샐러드를,8
끓이기,8
10마리,8
황금비율,8
점심으로,8
고민을,8
허락,8
꺼내어,8
향을,8
칼등으로,8
달궈주세요,8
김이,8
깨를,8
위로,8
무치면,8
족발을,8
물과,8
30분간,8
200도에서,8
발라,8
가정용,8
생강을,8
속재료를,8
꾹꾹,8
추가해주세요,8
밀대로,8
잘라주시고,8
해주고,8
올려주신,8
라임,8
올려주면,8
되었습니다,8
차돌박이를,8
브로콜리를,8
깨끗한,8
뿌려주면,8
생강즙,8
섞어준,8
튀겨줍니다,8
손질된,8
따끈한,8
겨자,8
사람들이,8
고민이,8
요즘처럼,8
닭봉,8
둘러주신,8
3배,8
중약불로,8
새우와,8
엑스트라,8
버진,8
8분,8
Olive,8
virgin,8
묻혀주세요,8
cloves,8
과정의,8
원하시면,8
마늘의,8
플레이팅,8
사용하셔도,8
갑오징어,8
모아,8
out,8
은은하게,8
녹은,8
등에,8
컵을,8
오전,8
오후,8
쉬우니,8
다르니,8
코코아가루,8
따뜻할,8
베이컨을,8
등등,8
토스트가,8
나요,8
촉촉하게,8
22cm,8
드는,8
들어있어,8
폭신,8
원팬으로,8
토마토로,8
영양과,8
4통,8
소금1,8
대략,8
되지만,8
익지,8
튀겨서,8
비슷하게,8
Toast,8
의해,8
하트,8
영상도,8
고소하게,8
빠지지,8
보셨으면,8
맛나요,8
입안,8
만들어요,8
깻잎을,8
보셨나요,8
하시면,8
Plating,8
상황에,8
달걀요리,8
미네랄,8
Carrot,8
독소,8
사라지는,8
size,8
팬케이크,8
mushrooms,8
모릅니다,8
규칙적인,8
생활,8
상추가,8
칼로리를,8
다이어트하세요,8
소개해드려요,8
되며,8
버거,8
조절이,8
건강식단,8
강력한,8
운동을,8
풍부하여,8
명절음식,8
내장지방,8
팽이버섯은,8
해드세요,8
ABC,8
개선,8
de,8
고구마빵,8
부담이,8
초고추장,8
Food,8
담아서,8
매력,8
바닐라오일,8
불은,8
추천해요,8
맛까지,8
종류,8
가능하니,8
부재료,8
색을,8
느껴져요,8
겉피는,8
치즈빵,8
공구때,8
쌀로,8
200도,8
사면,8
부추한줌,8
호박씨,8
쏙쏙,8
마감,8
당도가,8
취향,8
있구요,8
반죽재료,8
되구요,8
김밥은,8
맛있죠,8
뜨끈한,8
가족들과,8
만들었지만,8
요리할,8
저처럼,8
부드러워요,8
전을,8
최적의,8
요리예요,8
뿐만,8
맛있는지,8
퍽퍽한,8
드리는,8
재료들이,8
어려운,8
두었다가,8
빵반죽,8
순수,8
단짠단짠의,8
미국,8
선택사항,8
없지요,8
양파볶음,8
설탕1,8
진간장0,8
디저트만들기,8
처음엔,8
좋았어요,8
조미료,8
간단한레시피,8
브랜드,8
과자만들기,8
아이가,8
탈지분유,8
청정원,8
에어프라이어로,8
중요해요,8
찬밥,8
여름에는,8
bake,8
ng,8
vegetables,8
don,8
3작은스푼,8
갈아만든배,8
순서대로,8
맛있다는,8
무말랭이,8
A5,8
맑은,8
살릴,8
부쳐보세요,8
고사리,8
칼칼한,8
배가,8
있지,8
이맘때,8
동치미,8
단순한,8
고소함,8
나박김치,8
건다시마,8
4L,8
절일,8
구워준,8
7일,8
비엔나소시지,8
해준,8
속까지,8
twitter,8
지금은,8
영양도,8
HealthyRecipes,8
VegetableReipe,8
구매하실,8
밝혀주세요,8
챙길,8
LYBt0CBPOog,8
보관하는,8
무쳐,8
천연,8
깻잎김치,8
두부면,8
단백질과,8
적고,8
요새,8
U3Oy8aoOyvA,8
생들기름,8
완성하는,8
due,8
genetic,8
factors,8
improving,8
insulin,8
resistance,8
swimming,8
yoga,8
사오셔서,8
갈은통깨,8
황태,8
매년,8
뜨거운물,8
Water,8
마늘반큰술,8
망고스틴,8
앵콜,8
자랑하는,8
있기,8
바다의,8
부엌,8
소량,8
그중에서도,8
EMAIL,8
제작한,8
알려드릴,8
구매하기,8
꿀을,8
컵에,8
crispy,8
한모,8
링크통해,8
작은숟갈,8
커스타드,8
만들었습니댜,8
하세용,8
영자씨의,8
하고요,8
밥숟갈,8
전통오이지,8
싶더라고요,8
차리기,8
식재료는,8
우선,8
편이에요,8
눈에,8
워낙에,8
영양식,8
초당옥수수를,8
윤남노,8
보실까요,8
연근조림,8
오이김밥,8
같아,8
검색해,8
보시죠,8
냉면육수를,8
기술을,8
이미지,8
변형하였거나,8
새로이,8
생성하였을,8
취나물,8
해피밀,8
봤는데요,7
통영,7
살리는,7
관심을,7
한층,7
돌아온,7
해산물을,7
여기서,7
작년에,7
와서,7
안동,7
말이죠,7
최초,7
한신포차,7
하실,7
환상의,7
표고,7
이유가,7
왔습니다,7
view,7
품은,7
사람은,7
다져줍니다,7
마늘종을,7
즉석밥은,7
익었을,7
달걀물을,7
뒤집고,7
젓가락으로,7
상추를,7
부친,7
나눠,7
비빔면,7
섞어주면,7
감자채볶음,7
짜장면,7
하나가,7
으깨주세요,7
랩을,7
들어갈,7
마리네이드,7
있으므로,7
부분이,7
깔아주세요,7
반을,7
30마리,7
달라붙지,7
주걱으로,7
볶음밥을,7
계란탕,7
익혀,7
과정에서,7
데쳐,7
무쳐주세요,7
노추간장,7
우삼겹,7
쌀국수,7
레드,7
고구마로,7
방법입니다,7
비스킷,7
스팸과,7
느껴보세요,7
입에서,7
두툼하고,7
칼로리는,7
아침으로,7
사라지고,7
단백질도,7
채워주는,7
토마토에,7
단백질을,7
현미밥,7
추가하면,7
감성,7
찰떡,7
g당,7
혈당이,7
seeds,7
오늘부터,7
피부미용,7
고추참치,7
lettuce,7
radish,7
줄여주는,7
오이샐러드,7
grain,7
빠지는데,7
5분만에,7
없네요,7
오직,7
활용시,7
Cucumber,7
장미,7
Zucchini,7
Red,7
Seaweed,7
만에,7
나올,7
식당에서,7
빽다방,7
37,7
갈비찜,7
받은,7
음식에,7
고민하다가,7
1병,7
약1,7
베스트,7
가오,7
음악,7
섞는다,7
참고로,7
쿠폰,7
4인,7
풍성하게,7
했거든요,7
아니에요,7
약과,7
탄생,7
무슨,7
먹어보고,7
맛보기,7
부위,7
고기만,7
Brunch,7
업그레이드,7
해주면,7
저녁은,7
인생,7
좋아하세요,7
집종원,7
궁금하신,7
난리,7
바퀴,7
가루에,7
연휴,7
쫄깃쫄깃한,7
어렸을,7
세척한,7
썰은,7
재료들로,7
내장,7
시작하세요,7
dishes,7
달걀은,7
시원,7
큐브,7
뒷다리살,7
맞아요,7
육개장,7
굉장히,7
스파게티면,7
390,7
자꾸만,7
양지,7
수박주스,7
밥반찬으로도,7
맥주안주,7
종류가,7
매장,7
안주로도,7
육수가,7
주의하세요,7
손가락,7
4등분,7
주키니,7
마늘이,7
5쪽,7
국물과,7
삶고,7
바른,7
소스의,7
배추를,7
국자,7
해줍니다,7
팔팔,7
닭가슴살은,7
야채들을,7
볶아주시면,7
올리브오일은,7
사이사이에,7
시그니처,7
다리,7
채썰어주세요,7
칼을,7
고추를,7
괜찮습니다,7
흰자를,7
버리고,7
맞춥니다,7
셰프가,7
5분이면,7
남는,7
1대를,7
두껍게,7
할까,7
돼지고기와,7
썰어주신,7
간격으로,7
올려놓고,7
Baby,7
extra,7
숙성된,7
튀김옷을,7
줄기,7
키친타올로,7
g과,7
종류는,7
밑간을,7
좋아하시면,7
무관,7
크림치즈를,7
녹여주세요,7
빵가루를,7
재밌게,7
주의,7
알이,7
피자입니다,7
없으시면,7
계란김밥,7
사각,7
없애고,7
일본식,7
재미있는,7
익어서,7
대로,7
요리만,7
시나몬,7
허니,7
입맛도,7
같기도,7
B9,7
A3,7
A8,7
뭐가,7
명란젓,7
보들보들,7
5공기,7
스틱,7
하다가,7
비비고,7
조절하세요,7
만드시면,7
파티,7
초코케이크,7
With,7
햄과,7
상태가,7
멕시칸,7
핑크,7
치즈는,7
요리하실,7
밀가루도,7
바삭합니다,7
본인,7
아이스크림을,7
참조해,7
좋아하지,7
녹차,7
슬라이스햄,7
봐주시고,7
모양은,7
맛이라,7
처음에는,7
flavor,7
영양까지,7
2국자,7
실패없이,7
어슷하게,7
자르는,7
노화를,7
꼬치,7
Cheddar,7
애호박이,7
Kimbap,7
고기보다,7
사용해주세요,7
고혈압,7
banana,7
충분합니다,7
고구마가,7
참치전,7
추석,7
자극적이지,7
컸고,7
상추요리,7
김밥만드는법,7
좋아해,7
먹을걸,7
계란말이김밥,7
Whole,7
팽이버섯요리,7
식전에,7
고구마간식,7
섭취할,7
기능,7
양배추레시피,7
젓가락이,7
해달라고,7
에그,7
간장계란밥,7
try,7
바나나가,7
포만감도,7
식이섬유,7
Stir,7
챙기는,7
뉴슈가,7
꽃게탕,7
제철인,7
귀찮은,7
되요,7
전복죽,7
6cm,7
말차가루,7
고기요리,7
태그된,7
보며,7
매운맛이,7
만들어봤는데,7
메뉴예요,7
전분으로,7
고소해요,7
6인분,7
내기,7
맛술1,7
도너츠,7
많았는데요,7
한가득,7
쫀득해요,7
요리인데요,7
조합이,7
중면,7
식감은,7
양념LA갈비,7
특가,7
손님초대요리,7
지금도,7
씹는,7
생크림을,7
스파게티소스,7
24cm,7
또띠아요리,7
정도는,7
뿌려서,7
식혀서,7
삶은계란,7
요리영상,7
누르면,7
버섯으로,7
쫄깃쫄깃,7
반컵,7
올리브오일을,7
든든해서,7
공식,7
쫀득하고,7
포인트를,7
방송에서,7
알려드릴께요,7
슈크림,7
좋으니,7
밀또띠아,7
더해져서,7
손색이,7
딸기를,7
토핑으로,7
반죽의,7
7cm,7
모습을,7
구성으로,7
과정은,7
다름,7
곁들여도,7
시중에,7
다진대파,7
레시피랍니다,7
차를,7
소고기볶음,7
검은깨,7
스리라차소스,7
넉넉한,7
메뉴랍니다,7
섞어준다,7
개분량,7
소금0,7
수확,7
옥수수는,7
종료,7
맛있다,7
최저가로,7
구매하신,7
사은품,7
완료,7
한정,7
인덕션,7
제품으로,7
육수는,7
샌드위치만들기,7
박스,7
외에도,7
명품,7
최저가,7
식탁일기의,7
모두의,7
소정의,7
원고료를,7
고단백,7
케이크만들기,7
햇살담은,7
주방,7
구매해서,7
입에,7
꾸덕한,7
원본은,7
나름,7
치아바타,7
당도에,7
1줌,7
즐겨먹는,7
little,7
dried,7
그때그때,7
cutlet,7
add,7
me,7
김치요리,7
샘표,7
소개한,7
3종,7
여름반찬,7
흰대부분,7
국물용멸치,7
20마리,7
아니면,7
당기는,7
슥슥,7
국민,7
유자청,7
AD,7
별다른,7
가격에,7
칼칼하고,7
무엇을,7
별미,7
우리의,7
서리태,7
참여,7
학교,7
sangmi,7
해그린달,7
되더라구요,7
좋겠어요,7
기억해,7
요리와,7
구입해서,7
높아요,7
제품이에요,7
품질,7
건강과,7
저녁식사,7
CucumberRecipe,7
salad,7
99YLmGofkQE,7
영양을,7
검은콩,7
잎채소,7
tNLRNMi,7
배로,7
오이김치,7
어릴,7
안내,7
코드,7
레시피에요,7
단백질이,7
달걀과,7
세균,7
먹을까,7
따라해보세요,7
글루텐프리,7
제품이,7
g으로,7
오일에,7
문제가,7
지방에,7
짧은,7
라칸토,7
KETO,7
스워브,7
로스팅,7
will,7
카카오톡,7
채팅방,7
1년이,7
medium,7
99,7
tv,7
고추가루0,7
속제거후,7
염도가,7
싱그러운,7
계란3알,7
자일로스설탕,7
맑고,7
뜸을,7
부침용두부1모,7
김치양념,7
1종,7
무료,7
분량으로,7
팁을,7
입안에서,7
과육,7
쪽파김치,7
봐도,7
무는,7
다운로드,7
10분정도,7
쌀을,7
자연산,7
구성되어,7
감자볶음,7
바짝,7
살려주는,7
kitchen,7
2021,7
있었답니다,7
파인애플,7
메리니즈부엌,7
세꼬집,7
받습니다,7
반숟갈,7
들어가면,7
보관하면,7
장수,7
적색,7
40마리,7
0FK9RNhufFXkU,7
fnywmTZUmcy3w1I,7
저작물이며,7
저작물은,7
저작권의,7
저작권자의,7
무단으로,7
도용할,7
저작권법에,7
처벌,7
대상이,7
법적조치를,7
취할,7
990원,7
차려,7
오이지오이,7
열무를,7
는요,7
화요일,7
요즘에는,7
2바퀴,7
스마일로즈,7
식재료로,7
나니,7
라니짱,7
월남쌈,7
비빔국수양념장,7
손질해서,7
밥숟가락으로,7
레시피까지,7
기온이,7
똥썹맘이,7
쓸만한,7
손질이,7
위해서는,7
알게,7
예약,7
NAVER,7
Corp,7
지도,7
없더라고요,7
생각합니다,7
꼼꼼하게,7
후숙,7
스텔라,7
죄송합니다,6
팀원,6
맛있으니까,6
관심,6
어부장터,6
축제,6
라면으로,6
보쌈,6
고운고추가루,6
모아서,6
못한,6
지켜봐,6
사랑해,6
잠깐,6
표고버섯은,6
2cm,6
넘게,6
파브리,6
PPL,6
있으시죠,6
기타,6
특산물,6
넘치는,6
라면왕에,6
풀어줍니다,6
숟가락으로,6
3에,6
5의,6
눌러가며,6
2에,6
입힌,6
가지런히,6
위하여,6
익히는,6
전분물을,6
갈비,6
면과,6
부쳐서,6
걸쭉해지면,6
줄인,6
알배추를,6
튀기듯,6
걸러,6
상태에서,6
정도로만,6
섞어가며,6
2봉,6
팬이,6
시금치는,6
부분은,6
찌개용,6
두부계란,6
벗겨,6
뿌리면,6
즙을,6
방울토마토를,6
양에,6
비율을,6
3cm,6
담으면,6
담가주세요,6
살아있어요,6
수북하게,6
전골,6
닭날개,6
새우는,6
포장,6
벗겨내고,6
닦아주세요,6
완두콩을,6
접시를,6
오므라이스,6
결대로,6
적신,6
가장자리에,6
무친,6
부으면,6
나오면,6
양념장은,6
볶으세요,6
양념장이,6
모음입니다,6
꼬마,6
싸고,6
노오븐,6
담았습니다,6
누텔라,6
찹쌀떡,6
매콤하게,6
식빵이,6
케이크입니다,6
페이퍼,6
녹는,6
일식,6
빼는,6
챙기고,6
좋아지는,6
더하면,6
있으세요,6
이라고,6
보충해,6
했답니다,6
토스트에,6
살은,6
충분한,6
oligosaccharide,6
제품입니다,6
아침대신,6
배부르게,6
단백질은,6
김밥으로,6
라이코펜,6
뱃살은,6
체내,6
속편하고,6
염증,6
2큰,6
whole,6
갑니다,6
땅콩소스,6
접는,6
어묵은,6
Minced,6
별거,6
타임라인,6
주시고,6
마리,6
해볼게요,6
물가가,6
세상에,6
신청,6
기다리고,6
어른들,6
햄을,6
썬다,6
팀원분들이,6
싶었던,6
Day,6
업로드,6
님아그시장을가오,6
0s,6
꿀이,6
생각,6
freeticon,6
먹기엔,6
저렴하게,6
안전한,6
많죠,6
분명,6
치킨에,6
밥만,6
초간장,6
점이,6
있었던,6
ASMR,6
튀기고,6
시장에,6
4월,6
물씬,6
육즙,6
심지어,6
MZ,6
두루치기,6
채소들,6
더할,6
영화,6
솔직히,6
했던,6
잡아주는,6
가고,6
일품인,6
아삭하게,6
응용이,6
쫀득,6
없으신,6
듯한,6
드시죠,6
필수,6
보내셨나요,6
야식,6
잡고,6
에프,6
겉바속촉,6
아이스,6
혼밥,6
분들께서,6
회사에서,6
하여,6
오징어를,6
175,6
마트,6
마요네즈와,6
볶음고추장,6
주변에,6
추천드립니다,6
설날,6
we,6
New,6
전통의,6
굴을,6
부침가루를,6
양념만,6
성공,6
380,6
조만간,6
토막,6
가지가,6
만들지,6
편의점,6
알새우칩,6
굵은고춧가루,6
중국,6
장사이야기,6
질문,6
와플,6
어떨까요,6
만능양파볶음을,6
냄비의,6
있을까요,6
9월,6
지퍼백에,6
살얼음,6
브로콜리는,6
마디,6
두부에,6
농도,6
분량의,6
간장을,6
않은데,6
가지덮밥,6
중간불에서,6
새우가,6
숭덩숭덩,6
불에서,6
우려낸,6
올라오는,6
뚝배기,6
오향분,6
데리야끼,6
꾸덕하고,6
생표고버섯,6
양쪽,6
4분간,6
가로,6
고추기름을,6
넣어준,6
해천,6
만들어줍니다,6
부드럽습니다,6
뿌려줍니다,6
삶아주신,6
부어줍니다,6
썰어주고,6
본문,6
요리당,6
꼬집을,6
650,6
4알,6
찢어,6
불려놓은,6
채에,6
하나인,6
당면과,6
둘러,6
팽이버섯과,6
500원,6
닭요리,6
마파두부,6
위에서,6
초벌,6
Chili,6
Powder,6
Beef,6
해동된,6
도구,6
전복을,6
Pasta,6
1줄,6
Chinese,6
주시면,6
얼음을,6
꾸욱,6
paste,6
부침용,6
열어,6
레드와인,6
생략하고,6
농도가,6
팽이버섯을,6
enoki,6
prepared,6
캐슈넛,6
새우의,6
재료의,6
제거합니다,6
짜줍니다,6
끓입니다,6
따뜻한물,6
떡갈비,6
간장게장,6
먹기좋게,6
배추의,6
shrimp,6
때도,6
가지로,6
느끼함을,6
소다,6
노밀가루,6
놀라실,6
먹어보세요,6
올렸던,6
멋진,6
조절해주세요,6
소금의,6
맵지,6
중간중간,6
치즈도,6
양배추에,6
양배추전,6
가득해서,6
작아서,6
고구마와,6
갈은,6
아닙니다,6
부침개를,6
샌드위치용,6
차게,6
식감에,6
계란프라이,6
풍미와,6
더한,6
쉽습니다,6
부드러워,6
요리하면,6
대패,6
모아봤어요,6
트러플,6
그러면,6
계란도,6
바꿔서,6
두셨다가,6
단단하게,6
강하게,6
하던,6
그만큼,6
최고급,6
올립니다,6
좋겠네요,6
넣었습니다,6
연유를,6
400번,6
유명,6
달고나커피,6
케찹을,6
추가하거나,6
얼큰,6
소스로,6
담아보세요,6
나와요,6
가진,6
짧게,6
Lemon,6
carrots,6
sausage,6
탁월한,6
Salad,6
간수를,6
편해요,6
LudaTable,6
혈관이,6
unsalted,6
tortilla,6
sliced,6
40장,6
이쑤시개,6
아닌데,6
모자란,6
김밥메뉴,6
초간단김밥만들기,6
김밥맛있게,6
오독오독,6
breakfast,6
갱년기,6
성장기,6
튼튼하게,6
먹기만,6
양배추샐러드,6
원팬토스트,6
먹었는데요,6
무나물,6
지방을,6
paprika,6
당근에,6
version,6
부추요리,6
깻잎요리,6
유지에,6
밥없는김밥,6
키토김밥,6
가감하세요,6
참치요리,6
철분,6
모두를,6
체중,6
가감해,6
디톡스,6
하며,6
주스로,6
계란볶음밥,6
한다고,6
행복,6
콩가루,6
라면레시피,6
1도,6
참치와,6
짜글이,6
cup,6
mix,6
The,6
브런치로도,6
perfect,6
if,6
eat,6
만든다,6
2그릇,6
꽃게,6
2배식초,6
시래기,6
한조각,6
파래,6
녹아,6
날씨,6
가늘게,6
배어,6
주문해서,6
구울때,6
장식,6
설탕가능,6
맛인데요,6
kinkit,6
신상,6
치즈마늘빵,6
색다르고,6
외식이,6
초보도,6
조절해서,6
크림이,6
실온계란,6
있었지만,6
치킨만들기,6
노오븐빵,6
빵집에서,6
안되게,6
좋아해주셔서,6
떨어지면,6
포슬포슬하게,6
부모님이나,6
쫄깃쫄깃해요,6
반공기,6
310,6
단호박의,6
습식,6
소금은,6
좋은지요,6
만들려면,6
구워도,6
아까운,6
밤고구마,6
생각하고,6
3일,6
먹는데,6
잘못,6
나오지,6
추가할인,6
구매해,6
5줄,6
감자레시피,6
만드는법은,6
토스트만들기,6
필요가,6
가능하지만,6
면요리,6
사용함,6
일상을,6
베이킹은,6
없지만,6
아이들은,6
타코야끼,6
사워크림,6
잡채는,6
지방이,6
꿀이나,6
제철이라,6
필라델피아,6
탄단지,6
조화가,6
깍아서,6
식으면,6
필링,6
좋아하신다면,6
채워서,6
없으니,6
알지만,6
코코넛,6
좋아하는데,6
고급스러운,6
퓨레,6
320,6
올려도,6
사용하여,6
매콤하고,6
만나면,6
맛있어,6
그게,6
다음날,6
계란찜을,6
우린,6
케이크는,6
넣기,6
두부1모,6
늘어나는,6
메뉴로도,6
밤에,6
들어가니,6
단맛과,6
크랜베리,6
사용을,6
이랍니다,6
배불리,6
코울슬로,6
에스프레소,6
체리,6
벗기고,6
순으로,6
T를,6
곱게,6
접어주세요,6
다진마늘1,6
버섯은,6
채썰기,6
껍질과,6
섞고,6
중약불,6
유행하는,6
궁금해서,6
coffee,6
품절,6
3차,6
역대급으로,6
분께,6
쌀종이요리,6
구조,6
이유식,6
블렌딩미,6
1Kg,6
감소,6
찌기,6
쓰인,6
만토바,6
특별히,6
선물로,6
동일한,6
스프레이,6
오일은,6
만나보실,6
피타브레드,6
사용하실,6
도전해,6
밀크티,6
예열,6
게다가,6
제공,6
요리에도,6
겨울에는,6
집이,6
하얀,6
Cocoa,6
종이호일,6
유산균,6
오이도,6
process,6
When,6
나눠서,6
beer,6
dessert,6
얼그레이,6
많지,6
간장국수,6
소고기다시다,6
돼지고기는,6
진미채볶음,6
깻잎전,6
식탁을,6
10쪽,6
캔참치,6
북어,6
전으로,6
무더운,6
9B,6
라이스페이퍼로,6
올려보세요,6
백설탕,6
야식으로,6
번거로운,6
밑반찬이,6
밥도둑이,6
소문난,6
냉장고속,6
1뿌리,6
kg을,6
32년,6
7장,6
시작하는,6
900원,6
너구리,6
소면을,6
이야기를,6
We,6
Christmas,6
않았어요,6
일상들을,6
레시피들을,6
구매처,6
제품과,6
꼬옥,6
상큼하게,6
딸기는,6
중요,6
한분,6
large,6
예전부터,6
영상보시고,6
양배추김밥,6
높고,6
혈당을,6
유동골뱅이,6
채소요리,6
통째로,6
기억이,6
오이로,6
제공받아,6
올리브오일2,6
높아서,6
전용,6
인기레시피,6
ZqbvulD7rPw,6
페이스트,6
접어먹는,6
달걀찜,6
그릭요거트를,6
감자샐러드,6
있고요,6
구입했어요,6
페타치즈,6
어묵탕,6
블랙올리브,6
친구,6
쿠폰이,6
만드는데,6
언제든지,6
레어,6
간헐적,6
post,6
Swerve,6
사용합니다,6
3ea,6
고르는,6
please,6
보관방법,6
아무도,6
AC,6
88,6
빙수,6
등이,6
subscriber,6
계란1알,6
김장육수,6
고추장듬뿍,6
고등어,6
정상가,6
7월,6
미국산,6
마카다미아,6
50분,6
인증,6
2인,6
316,6
쓴맛이,6
소금물에,6
받쳐,6
자랑해요,6
골라,6
친환경,6
가까운,6
소개할,6
가감해주세요,6
군침이,6
샹그리아,6
두릅,6
털어,6
청양고추와,6
쌀과,6
레시피부터,6
Spicy,6
닭한마리,6
such,6
sprouts,6
Radish,6
need,6
traditional,6
자작하게,6
경양식,6
feta,6
파인애플을,6
레시피인데,6
un,6
Haeum,6
이틀,6
짠맛이,6
거르면,6
돌리고,6
노릇,6
소금한꼬집,6
지나면,6
감자전을,6
Ts를,6
요즘엔,6
하나는,6
비린내를,6
SUB,6
달링다운,6
매운탕,6
오이에,6
활동의,6
일환으로,6
제공받습니다,6
되었는데,6
쓰는,6
가실까요,6
간만에,6
남편은,6
목요일,6
소개할께요,6
곰탕,6
걱정이,6
식재료가,6
식재료라,6
먹음,6
초당옥수수가,6
동네,6
좋은지,6
드렸기,6
생각나더라고요,6
구운소금,6
불닭볶음면,6
뉴질랜드,6
열무는,6
절여서,6
티스푼으로,6
반찬통,6
것보다는,6
특히나,6
차례,6
여름을,6
더워지면,6
결국,6
OpenStreetMap,6
경우도,6
시작했어요,6
종류를,6
심플한,6
재료들의,6
장아찌를,6
되죠,6
육회,6
육회를,6
보았는데요,6
열무국수,6
첨가하여,6
버거킹,6
담는,6
gemma,6
준비가,6
콩물,6
새벽,6
만들기로,6
주문을,6
넘넘,6
고랑치,6
커클랜드,6
참고해서,6
타마린드,6
연어장,6
하나하나,5
기가,5
리얼,5
인데,5
수육을,5
무김치,5
기다리셨죠,5
나폴리,5
멍게,5
우리는,5
잊지,5
저희가,5
이어,5
찾기,5
전통을,5
털어서,5
그야말로,5
내꺼내먹,5
기둥을,5
말린,5
분들에게,5
사랑받는,5
pplrestaurant0328,5
순한맛,5
파브리의,5
시도,5
활용법,5
금액,5
깨서,5
올려주고,5
저으면서,5
225,5
체로,5
돼지고기가,5
떼어내고,5
자잘하게,5
고명용,5
양념간장,5
기름은,5
섞어놓은,5
koreanfood,5
농도는,5
조려주세요,5
라면스프,5
부추는,5
튀기듯이,5
크리스피,5
1에,5
랩으로,5
홍고추는,5
홍고추를,5
가운데에,5
노른자가,5
크기의,5
개어서,5
배도록,5
감자채를,5
계란볶음,5
한꼬집을,5
쳐서,5
찜기에서,5
그릇을,5
아삭함이,5
끓이세요,5
가른,5
걸쭉해질,5
20알,5
가루가,5
물2,5
흐르지,5
계란물은,5
반쯤,5
칼집,5
내어,5
ml에,5
짭짤한,5
부분과,5
꺼내주세요,5
부채살,5
면에,5
응용해도,5
숙주를,5
색감도,5
시도해보세요,5
햄치즈,5
우동을,5
간장은,5
치킨은,5
토스트로,5
겹겹이,5
아침식사로도,5
피부도,5
샐러드에,5
완성입니다,5
보충할,5
의견을,5
예방할,5
따를,5
변신,5
노폐물,5
포만감은,5
거치면,5
간편,5
minced,5
알아서,5
비타민A,5
Chives,5
줄어들고,5
익혀서,5
강추합니다,5
Crab,5
채소찜,5
저절로,5
당뇨에도,5
black,5
필요없어요,5
순두부요리,5
사러,5
사장님도,5
모르는,5
땡초,5
물1,5
몰랐던,5
더울,5
없는데,5
속에서,5
비롯한,5
비교적,5
관리,5
키운,5
있으신,5
싶으신,5
만드니까,5
미션,5
찾아온,5
알차게,5
도전해보세요,5
참가,5
Spring,5
하루에,5
번은,5
시청하세요,5
물엿을,5
버터의,5
곳에서,5
번만,5
깎아서,5
당첨자,5
발생,5
바베큐,5
술을,5
치킨의,5
명절에,5
육전,5
소리,5
끓인다,5
익기,5
달걀이,5
전체적으로,5
과정에,5
5월의,5
즉석,5
풍기는,5
앉아,5
지글지글,5
국물까지,5
2와0,5
대구,5
미슐랭,5
사장님,5
정통,5
나를,5
너무나,5
정도면,5
번쯤은,5
확인해주세요,5
오래된,5
두부구이,5
나왔던,5
모양만,5
밖에서,5
길이,5
백종원의,5
콩나물국밥,5
저번,5
반응이,5
참치김치찌개,5
2캔,5
느끼한,5
기대해,5
145,5
재래식,5
개운하게,5
시리즈,5
성공할,5
맛이에요,5
하나인데요,5
더해주면,5
지난번에,5
어렵게,5
사이드,5
길이가,5
마라소스,5
돼지불고기,5
닭개장,5
조화,5
다진소고기,5
으깨,5
만들어두면,5
따라할,5
새해,5
양도,5
덩어리,5
또다른,5
라볶이,5
법과,5
튀김용,5
껍질째,5
밀가루풀,5
꿀팁을,5
바지락을,5
안주로,5
지단,5
무국,5
MSG,5
클릭,5
생각할,5
행사,5
양질의,5
정보를,5
잡채용,5
옥수수전,5
290,5
6알,5
놀랄,5
기대,5
준비하시는,5
씻어주고,5
플라스틱,5
급격히,5
당일,5
소금물,5
검은,5
입을,5
호박을,5
잘라내고,5
엉겨,5
떠서,5
둘러주세요,5
향긋하고,5
다만,5
햇양파,5
깊이,5
걸쭉하게,5
녹을,5
표고버섯을,5
굴소스를,5
간도,5
팔각,5
불려,5
가위로,5
홍합,5
큼지막하게,5
준답니다,5
숙성시켜,5
등갈비를,5
만들었던,5
빼줍니다,5
열이,5
저어서,5
야채들,5
파슬리를,5
익혀주신,5
소고기와,5
야채도,5
옆에서,5
삼겹살이,5
올려주시고,5
화이트와인,5
연두,5
허브,5
이쁘게,5
물밤,5
묻혀줍니다,5
삶아준,5
뿌려주고,5
담궈주세요,5
브로콜리가,5
치즈에,5
뒤집어주세요,5
아이들에게,5
잎사귀를,5
세로,5
짜슐랭,5
추가하시면,5
넣어준다,5
볶아진,5
놓아주세요,5
삶지,5
잘라줍니다,5
안됩니다,5
정육,5
라면요리,5
복덩이,5
짬뽕을,5
가열된,5
데쳐주신,5
기회,5
튀김을,5
물만두,5
찹쌀을,5
채소들과,5
피해,5
뼈를,5
흑식초,5
찬물로,5
1대의,5
Morning,5
제거해주신,5
우동면,5
넘어,5
저염,5
다짐육을,5
갈아주세요,5
오징어와,5
소면과,5
숙성시켜주세요,5
광고를,5
제외한,5
캘리포니아,5
다리를,5
적양배추,5
강불에서,5
구워진,5
참기름으로,5
사각형으로,5
접어,5
take,5
white,5
put,5
설탕이,5
키친,5
되었네요,5
안쪽에,5
내줍니다,5
한번도,5
없다는,5
삼겹살은,5
ketchup,5
사용가능,5
몸과,5
소스도,5
밥으로,5
것입니다,5
밥도그,5
스팸김밥,5
마요네즈가,5
계란1,5
돌돌돌,5
소세지가,5
종류의,5
튀김옷,5
쓰셔도,5
줄여주세요,5
들은,5
바나나와,5
하나의,5
소세지와,5
슈가,5
추가하세요,5
도우,5
닮은,5
보이는,5
오븐없이,5
드셔보시면,5
두가지를,5
못난이,5
베어,5
비벼서,5
식소다,5
BF,5
Haru,5
1.06617E+14,5
밀가루는,5
달큰한,5
간단해,5
국물의,5
소스나,5
레스토랑에서,5
자르면,5
갈릭버터,5
끓이지,5
갈색으로,5
만드시는,5
된장을,5
밥이랑,5
초콜릿케이크,5
필링을,5
팬은,5
사용하시면,5
익기전에,5
김을,5
자유롭게,5
활용해보세요,5
넣거나,5
싶지만,5
초코칩,5
흰설탕,5
다릅니다,5
꺼내세요,5
1000번,5
크리미한,5
그렇지,5
초코쿠키,5
식초는,5
못지,5
끝나는,5
하셔도,5
펴서,5
노른자를,5
카레를,5
당장,5
당연히,5
그렇고,5
오리,5
Ramen,5
Spaghetti,5
나만의,5
맛보장,5
배달,5
올리브유를,5
상태,5
다시물,5
썰어요,5
손님상,5
꾸미기,5
오실,5
Cherry,5
teaspoon,5
사과와,5
당근이,5
끼가,5
배추가,5
알려져,5
행복하세요,5
몸에도,5
seed,5
배추전,5
Mayonnaise,5
탱글탱글,5
든든해요,5
고구마에,5
순두부가,5
개면,5
당길,5
무첨가,5
찌고,5
small,5
Enoki,5
Gochujang,5
아이스크림이,5
넣지말고,5
토달볶,5
점심메뉴,5
김밥재료,5
오트밀은,5
섭취하면,5
주의하셔야,5
참치는,5
저녁밥,5
해결,5
애호박볶음,5
도와주는,5
되지,5
재업로드,5
해독주스,5
애호박으로,5
Piece,5
P0SfHRQY1A4,5
달걀로,5
사람에게,5
Full,5
양배추다이어트,5
흰쌀밥,5
source,5
섬유소와,5
닭가슴살과,5
묵은,5
최소화한,5
dinner,5
덥고,5
딱인,5
오이롤,5
roll,5
등과,5
양배추토스트,5
되기,5
있을때,5
어울리고,5
식품으로,5
풍부하게,5
stir,5
햇반,5
Easy,5
반큰술,5
Strawberry,5
not,5
brunch,5
end,5
really,5
건강까지,5
스푼넣고,5
미역줄기,5
파래무침,5
꿀맛,5
저에게,5
세팅,5
뇨끼,5
간식을,5
8cm,5
티라미수,5
맨날,5
싶을때,5
5꼬집,5
식사대용으로도,5
혜택,5
마늘빵,5
채우는,5
쵝오,5
맛있었어요,5
여러분은,5
18cm,5
시나몬가루,5
맥주안주로,5
샌드위치는,5
편해서,5
섞기만,5
식빵과,5
쉬우니까,5
이예요,5
메인으로,5
우유나,5
완성돼요,5
오뚜기,5
했었는데,5
열을,5
동글동글,5
20장,5
맛있는지요,5
마감했어요,5
하냐고,5
문의하시는,5
출출할,5
없는듯,5
먹어가는,5
시점인데,5
사심가득,5
쟁여야겠어요,5
불안해요,5
지난번처럼,5
2가지인데요,5
01월,5
상품이며,5
제조일로부터,5
구운감자와,5
4가지맛,5
만들어본,5
쎈불에서,5
마파,5
쫀득쫀득,5
달라요,5
배추로,5
샤브용,5
밀전분,5
밥양념,5
팍팍,5
구매를,5
핏물,5
꿀고구마,5
다이어트할,5
나오고,5
토핑은,5
싶었는데,5
재미가,5
개인,5
차와,5
감자간식,5
에프에,5
인데요,5
손도,5
한대,5
노오븐베이킹,5
수분도,5
집어,5
이동합니다,5
그래요,5
참여해,5
고소함과,5
330,5
육즙이,5
괜찮을,5
후라이팬빵,5
마치,5
일부러,5
부드러워서,5
바질잎,5
5알,5
가루쌀은,5
기대가,5
만들기에,5
육류,5
발표,5
맛있는데요,5
저당,5
한데,5
염지,5
종류도,5
같은데요,5
레시피인데요,5
부담스러운,5
특란,5
토스트레시피,5
만들지만,5
페스츄리,5
9cm,5
좋아하고,5
깻잎은,5
쟁여두고,5
10인치,5
생크림과,5
원형,5
소스까지,5
우유빵,5
양념도,5
토스트는,5
사먹는것,5
일반적인,5
피자도우,5
촉촉해서,5
버무려도,5
드시기,5
과일로,5
12cm,5
과정도,5
코팅,5
로제,5
또띠아를,5
인도식,5
대용으로,5
비어,5
중간사이즈,5
닭가슴살도,5
많은데,5
뜯어,5
더해서,5
달게,5
먹다보니,5
간장2,5
잡내,5
고추가루1,5
올리고당1,5
양파1,5
소시지는,5
위의,5
사리곰탕,5
쿠키레시피,5
먹는다는,5
3입,5
무쇠냄비,5
백화점,5
스타벅스,5
1만원,5
아이스크림만들기,5
이번에도,5
무상,5
음식물이,5
가염버터,5
리빙,5
카카오,5
페이스트리,5
오일이,5
쿠팡,5
평점,5
피타빵,5
김으로,5
야채찜,5
착한,5
계란장,5
전지분유,5
대용량,5
크레페,5
사용하기,5
브이로그,5
블로그,5
세계,5
쪽파와,5
찐고구마,5
all,5
이라는,5
yeast,5
Ice,5
닫아,5
more,5
Put,5
bacon,5
over,5
cheesecake,5
If,5
냉동실에서,5
Perfect,5
편이라,5
한답니다,5
분홍소세지,5
달라집니다,5
가지만,5
김무침,5
요긴하게,5
김치비빔국수,5
미나리를,5
국민반찬,5
하루가,5
단연코,5
깻잎장아찌,5
콩나물과,5
중멸치,5
폭발하는,5
유료광고를,5
B4,5
9E,5
가족의,5
간장물,5
맛간장,5
ml컵,5
새우젓국물,5
스테이크와,5
마땅한,5
건포도,5
채칼을,5
초록,5
새콤하게,5
구입할,5
제철이,5
준비해야,5
고추지,5
반줌,5
케일,5
서점,5
절찬,5
판매중,5
6리터,5
밀폐용기,5
고들빼기,5
불닭,5
쫄면을,5
갖고,5
bgm,5
자메이크,5
오면,5
일을,5
바래요,5
makes,5
찾을,5
레시피북,5
관한,5
보내고,5
추억이,5
포인트는,5
편안한,5
찾아보니,5
만들었답니다,5
없었던,5
very,5
노화,5
배고플,5
보다는,5
pCD,5
AA2,5
04A,5
넛버터,5
말아야,5
당류,5
모음집,5
안쪄요,5
빠진,5
시간과,5
소개하는,5
현미,5
요리인데,5
좋았던,5
want,5
e1mGHwg,5
라티브,5
습관,5
남편도,5
식사에,5
보관도,5
때부터,5
2주,5
라이스페이퍼를,5
먹는답니다,5
채칼,5
활용도,5
스튜,5
하니까,5
트리벨리,5
구매하러,5
파르메산,5
스페인,5
두부찌개,5
바닐라빈,5
체더치즈,5
PyWp8ot,5
생강술,5
좋았고,5
mynormal,5
shop,5
idx,5
적립됩니다,5
백미,5
저에게도,5
독특한,5
영향을,5
MCT,5
가이드라인,5
쌀쌀한,5
코코넛오일,5
늘리셔도,5
Almond,5
Coconut,5
부작용이,5
pf,5
kakao,5
MxdRxhG,5
chat,5
반접,5
html,5
건강합니다,5
김치구매하러,5
UCVXx89z5j3,5
gkQMGScNqmWjw,5
2월,5
94,5
B6,5
부침,5
절이지,5
양파청,5
공개,5
해외,5
잊을,5
멸치다시마,5
특징,5
일품,5
인플루언서,5
물컹한,5
건강도,5
식용유넉넉히,5
반죽양념,5
순아멸치액젓,5
꽃소금2꼬집,5
순두부1팩,5
양파작은것,5
멸치액젓은,5
올리는,5
20키로절임배추김장,5
홍갓,5
추가옵션,5
첫번째,5
사용하거나,5
호박전,5
여름김치,5
멸치와,5
집에서함께요리해요,5
소금이나,5
광주,5
다듬어,5
정성껏,5
편리해요,5
라꽁비에뜨,5
디자인,5
산도,5
수확한,5
필수템,5
실리콘,5
묵은지를,5
삼진어묵,5
플레이트,5
체리블러썸,5
3줄,5
키친타올에,5
양념재료를,5
만들어볼까요,5
담그고,5
사용이,5
판매하는,5
끼를,5
편리한,5
배송으로,5
가지솥밥,5
방법에,5
롯데호텔,5
있었는데요,5
벌써부터,5
식도,5
손질로,5
커큐민,5
피치,5
논알콜,5
두릅을,5
야무지게,5
seasoning,5
우르시니,5
라이브,5
방송,5
특징인데요,5
꾸준하게,5
베이스로,5
작은것,5
닭안심살,5
전하는,5
우연히,5
detailed,5
sea,5
brisket,5
완벽,5
두툼한,5
아내의,5
man,5
하음쿠킹,5
비엔나,5
3RJlKYa1Evk,5
짤주머니,5
소스레시피,5
식혀준,5
잘라주면,5
뚜껑덮고,5
약불세팅,5
넣었을때,5
경우에는,5
time,5
봄이,5
만들었어용,5
콜비잭치즈,5
걸쳐,5
통에,5
나오기,5
좋았답니다,5
와규,5
좋다는,5
0FK9RNhufGtAR7PQ,5
uLRyska9nnVBfr,5
0FK9RNhufEJVcNSNOea3ykaIUVUiZc7,5
절임용,5
알배기,5
heaping,5
등갈비찜,5
홀센피그,5
horsenpig,5
보관을,5
요건,5
준비해도,5
원산지,5
지락실,5
역시나,5
열무김치가,5
때문이에요,5
차렸어요,5
아침밥을,5
꽤나,5
봄부터,5
기분도,5
블로그에,5
작고,5
읽어,5
소개해볼게요,5
하기에,5
아들,5
씻지,5
세척하고,5
집으로,5
금요일,5
커피자판기,5
생와사비,5
열무물김치를,5
김냉에,5
들려드릴,5
이야기는,5
사진은,5
소분해서,5
준비해요,5
예전에는,5
숯불에,5
어린,5
미수타육,5
김치통,5
바질페스토,5
있기에,5
고로,5
그러면서,5
만드는법을,5
달달한네뜨입니다,5
저희는,5
나이가,5
육회는,5
조리할,5
사항들을,5
아들이,5
닭양쌈,5
일은,5
둘이서,5
쉬라즈샐러드,5
닥터페퍼,5
잡는,5
도토리묵을,5
이웃사슴,5
있거든요,5
간수,5
10ML,5
2찻스푼,5
자체로,5
자체의,5
멜론,5
먹자마자,5
어찌,5
기다리는,5
된다,5
과카몰리,5
담가두었다가,5
꽈리고추찜,5
좋아하시나요,5
팟타이,5
처트니,5
도리토스,5
족발은,5
선화동쭈꾸미,5
양조식초,4
보셨을,4
달걀만두,4
제작되었습니다,4
오신,4
일본에서,4
만들어봤습니다,4
모르게,4
시작을,4
되었는데요,4
이맘때쯤이면,4
백종원시장이되다,4
예산시장,4
한국의,4
우럭,4
맛보고,4
일시,4
3일간,4
흑백요리사,4
거죠,4
마지막까지,4
같네요,4
감사드립니다,4
최현석,4
먹거리,4
인삼,4
탈탈,4
아예,4
해장,4
편을,4
시작해서,4
뭐니,4
당근도,4
닭발,4
말고도,4
마음으로,4
신메뉴,4
조충현,4
피피엘식당,4
한창,4
간다,4
무짠지,4
3인,4
썰어준,4
저어주면서,4
도삭면,4
끓어오를,4
찬물을,4
끓을,4
굳은,4
약하게,4
목이버섯을,4
익히다가,4
다르므로,4
달구어진,4
익혀준다,4
끓여주는,4
레몬청,4
어슷썰고,4
튀겨지면,4
거품이,4
어슷썰어,4
7을,4
얹으면,4
4에,4
작은술을,4
반나절,4
당근양배추라페,4
통밀식빵,4
슬라이스한,4
수북이,4
이물질을,4
송송썬,4
먹기좋은,4
떡이,4
순두부는,4
잘라준다,4
세워서,4
펼친,4
일정한,4
생겨서,4
부르르,4
양파가,4
춘권피,4
3을,4
시럽을,4
되어서,4
꺼낸,4
꼭지,4
윗부분에,4
이용,4
비율은,4
잘라낸,4
마늘쫑의,4
냄비를,4
감자채,4
아래로,4
반숙으로,4
부치면,4
잠기게,4
끓여주면,4
맞추세요,4
요리킥,4
고추잡채,4
밥의,4
케첩을,4
한소끔,4
프라이를,4
두툼하게,4
썰어둔,4
재워둔,4
헹구지,4
3정도,4
쌀국수면,4
노두유,4
쌀국수를,4
색깔이,4
팽이버섯으로,4
페퍼,4
기름으로,4
모아봤습니다,4
아래를,4
모아보았습니다,4
Chocolate,4
옥수수캔,4
준비하는,4
타르트,4
주먹밥이,4
말아주면,4
겉이,4
숨어,4
플랫,4
버블,4
To,4
오코노미야키,4
계셔서,4
다음과,4
나트륨,4
조화롭게,4
밥전,4
어묵전,4
똑똑하게,4
극강,4
채워주고,4
라아코펜을,4
연구하는,4
국제학회에서,4
차단하는,4
영양조합이라는,4
발표하기도,4
만성염증까지,4
루다테이블에,4
법적,4
책임이,4
이탈리안,4
주요,4
도와,4
써도,4
낮추고,4
스트레스,4
cucumbers,4
탄수화물은,4
영양가득한,4
들어가요,4
드시지,4
breast,4
만들어드세요,4
kg은,4
Roasted,4
어묵을,4
영상과,4
레시피의,4
혹시나,4
사리,4
막라면,4
공유해,4
버전입니다,4
비주얼,4
현재,4
6L,4
했는데요,4
장우,4
사고,4
모집,4
forms,4
시청하시고,4
라면도,4
뿐인데,4
돌아옵니다,4
이후,4
궁금한,4
여행,4
숟가락을,4
물엿과,4
Video,4
나의,4
특급,4
2023,4
매력에,4
맥주를,4
생기는,4
기계,4
바람이,4
잘라준,4
완성한다,4
반죽하고,4
모르고,4
50초,4
본격적으로,4
꽃이,4
편안하고,4
저렴하고,4
않나요,4
파기름,4
좋아하시죠,4
샥슈카,4
힘들고,4
올라간,4
뒤로,4
응원,4
아무것도,4
곳을,4
생각하는,4
많으시죠,4
30년,4
요렇게,4
이거다,4
수많은,4
안되는,4
차돌된장찌개,4
묵직한,4
집에서는,4
알려드리니,4
드릴께요,4
김에,4
지키기,4
양파도,4
고추도,4
만드셔서,4
양념치킨,4
달걀밥,4
됐어요,4
자취생,4
재밌는,4
강추,4
생각은,4
귀찮을,4
아무리,4
고구마스틱,4
끝을,4
거에요,4
새로,4
개도,4
세트를,4
김치라면,4
104,4
후에는,4
기분을,4
아쉬운,4
making,4
up,4
easily,4
Happy,4
Year,4
g씩,4
불린당면,4
청국장찌개,4
파전,4
어슷,4
밀가루나,4
알리오,4
찹스테이크,4
62,4
챙기세요,4
파스타만들기,4
맛이죠,4
되세요,4
법입니다,4
ll,4
3병,4
미역냉국,4
썰어준다,4
다음에는,4
부추전을,4
드셔야,4
Tteokbokki,4
맛남의광장,4
도라지,4
조절하여,4
50장,4
진행되었던,4
시간입니다,4
외식업에,4
나눌,4
돋우는,4
만능양파볶음,4
바게트빵,4
상온에,4
종류에,4
볶기,4
점은,4
4번의,4
땅콩버터는,4
공기를,4
흔들어,4
하루는,4
마라샹궈,4
곳에,4
4시간,4
두어,4
붙는,4
고유의,4
생강은,4
스크램블을,4
1장을,4
익히면,4
표면이,4
단면이,4
소고기는,4
생겨,4
익도록,4
죽순을,4
자글자글,4
손질해,4
약간씩,4
꺼낼,4
간장소스를,4
연하고,4
거칠게,4
떡국떡은,4
그라탱,4
스푼에,4
계란피,4
풀을,4
담갔다가,4
전자레인지를,4
만두가,4
파프리카가,4
파기름을,4
밀어주세요,4
손질을,4
꽈리고추와,4
때쯤,4
튀겨주신,4
마늘향이,4
넣으시고,4
깍둑썰기로,4
저어주시면서,4
풀어주신,4
여유있게,4
닭고기를,4
스톡,4
저어주시면,4
반달,4
문어,4
EVENT,4
적당하게,4
보관해주세요,4
생강과,4
섞어주고,4
부어주고,4
옛날,4
얼갈이를,4
4등분으로,4
받아서,4
주먹,4
볶아준,4
6마리,4
조리시,4
라면과,4
싫어하시는,4
버섯이,4
닭다리살을,4
청경채와,4
알려주는,4
만약,4
채소도,4
중식요리,4
해볼까요,4
최고인,4
호부추,4
씻어주신,4
티스푼을,4
끓여주시면,4
단연,4
무에,4
건표고,4
goo,4
gl,4
맛있으면,4
대만식,4
부어주신,4
소홍주,4
보울에,4
묻혀준다,4
포두부,4
절반을,4
Black,4
줄기를,4
stock,4
bamboo,4
테두리를,4
자릅니다,4
눌러줍니다,4
분리해주세요,4
조개,4
육수와,4
님의,4
부위에,4
달궈주신,4
Pork,4
optional,4
1분간,4
숙성을,4
맞으면,4
4번,4
형태로,4
6번,4
7번,4
가리비,4
아보카도를,4
분리해,4
180도로,4
해주신,4
협찬,4
입혀주세요,4
흰자와,4
홍두깨살을,4
고명을,4
넣어주시면,4
5배,4
완성해주세요,4
Shrimp,4
가지와,4
완자를,4
바꿔,4
우럭을,4
썰어놓으신,4
스푼만,4
크림치즈와,4
과일을,4
슈가파우더를,4
부분만,4
me2,4
Make,4
new,4
corn,4
준비하신,4
부분에,4
채소들이,4
얼갈이배추,4
받게,4
따라하기,4
밥솥,4
주시는,4
기포가,4
살려줍니다,4
삶아줍니다,4
81,4
불려줍니다,4
생크림은,4
통삼겹살,4
뜨겁게,4
chicken,4
국이나,4
감자요리입니다,4
프렌치토스트입니다,4
분유,4
디저트를,4
베이컨말이,4
기존에,4
샌드위치입니다,4
매콤함이,4
조절합니다,4
쉽지만,4
주먹밥입니다,4
주먹밥은,4
맘에,4
짭쪼롬,4
간단하니,4
아름다운,4
퀘사디아를,4
포켓,4
만점,4
좋아합니다,4
피자가,4
오믈렛을,4
버터에,4
치즈까지,4
가쓰오부시,4
감싸,4
없던,4
순두부와,4
그릴드,4
라면보다,4
접어서,4
키트,4
겉면을,4
만들어보았습니다,4
꾸덕,4
주셨던,4
재료나,4
아이스크림과,4
어울립니다,4
하나도,4
편합니다,4
재료로도,4
미소,4
Flower,4
only,4
Pizza,4
잃어버린,4
분말스프,4
폭신폭신,4
여전히,4
음식입니다,4
믹스,4
나누어,4
얼굴을,4
한껏,4
힘을,4
감자만,4
매콤달콤,4
재료만으로,4
녹지,4
도시락이나,4
했다,4
후라이,4
감사드려요,4
있더라구요,4
수란,4
다음에도,4
초콜릿은,4
음식이라,4
가감해서,4
호불호,4
닫고,4
익히기,4
토마토스파게티,4
먹자니,4
Banana,4
짜파구리,4
도시락으로도,4
떡은,4
시켜서,4
먹기는,4
베이컨은,4
노랗게,4
준다,4
온도에서,4
과자보다,4
3국자,4
싶으면,4
밥한그릇,4
도톰한,4
데코,4
후식,4
Fruit,4
골드키위,4
아이들이과,4
키위를,4
토끼,4
효과적입니다,4
Slice,4
Seasoning,4
회복에,4
제거하는,4
Corn,4
배추에는,4
다량,4
배추에,4
난리난,4
아삭아삭하고,4
계란만두,4
항암에도,4
높이는,4
Two,4
big,4
두부레시피,4
peppers,4
실패없는,4
사과가,4
아침부터,4
빵없는,4
싸는,4
동그랑땡,4
사라집니다,4
후회,4
밥버거,4
꼬치전,4
전요리,4
팽이버섯전,4
꺳잎,4
묻히고,4
Ham,4
sheet,4
cakes,4
막김밥,4
게란,4
요리중,4
식사할,4
중독성,4
바쁠,4
One,4
Cheongyang,4
어묵의,4
식이섬유를,4
낮췄어요,4
heads,4
떠먹는,4
저녁메뉴추천,4
김밥맛집,4
보호하고,4
골다공증에,4
해준다고,4
탄수화물의,4
섭취하게,4
한다는,4
쉬운반찬,4
가지나물,4
양배추에는,4
섬유질이,4
체내의,4
배출을,4
feat,4
김3장,4
명절요리,4
감귤,4
제거에,4
이것을,4
두부양념,4
walnut,4
걱정은,4
양배추무침,4
속편한,4
15알,4
혈관건강,4
지친,4
접는김밥,4
회복,4
성분을,4
지방간,4
주스는,4
오이나물,4
두부다이어트,4
parsley,4
식품입니다,4
kcal,4
고구마치즈,4
미역요리,4
사과전,4
sure,4
처치,4
대체해도,4
고추냉이가,4
맞을,4
마시기,4
시금치를,4
식단이,4
장운동을,4
TunaRecipe,4
한국인의,4
우유요리,4
치즈토스트,4
Simple,4
계란샌드위치,4
fry,4
소풍,4
룰루,4
랄라,4
대비,4
생길,4
잘익은,4
soybean,4
신라면,4
라이스페이퍼요리,4
pizza,4
sausages,4
생겨요,4
kimbap,4
French,4
cheddar,4
잡내를,4
just,4
great,4
디져트,4
Folded,4
한주먹,4
먹는다,4
쑥갓,4
미역줄기볶음,4
황태대가리,4
korean,4
viral,4
순대볶음,4
김치우동,4
굳이,4
쓰세요,4
볶아요,4
멸치를,4
드셔보셨나요,4
하시고,4
감기,4
파스타소스,4
그렇다고,4
원물이,4
원물을,4
꽈배기,4
한가지,4
필요하지,4
고소해서,4
이런저런,4
직화,4
매운맛도,4
먹는게,4
경품,4
12장,4
깍기전,4
싫어할,4
예뻐서,4
보이지만,4
한국적인,4
둘다,4
옥수수의,4
크림은,4
스트레스도,4
느낌도,4
난답니다,4
치킨양념,4
즐겁고,4
얼마전,4
유독,4
심심해서,4
군것질,4
에어프라이어에,4
부풀지,4
차이,4
고로케,4
깍은,4
볶음우동,4
8인치,4
없음,4
사과만,4
후라이팬으로,4
졸여서,4
해물이,4
나는데요,4
먹지만,4
식힌후,4
단호박이,4
찌개가,4
고민되시죠,4
옥수수요리,4
이런거,4
좋아하게,4
저만,4
값도,4
시기인,4
거쳐,4
올라가,4
두부볶음,4
발급,4
4팩,4
피자는,4
멀리,4
그러나,4
방식,4
달라지니,4
뜯어서,4
계시죠,4
흰대파,4
사용해야,4
붉은고추,4
귀찮죠,4
땡기는,4
되기도,4
시즈닝이,4
술안주나,4
요리로도,4
함유하고,4
호두를,4
비린내가,4
무스,4
호박이,4
자극적인,4
가득하고,4
글루텐이,4
이하,4
좋겠다,4
아침마다,4
요거트를,4
자신만의,4
공모전,4
들어가는데,4
끝내줘요,4
2s,4
조합으로,4
않고도,4
대용으로도,4
날에,4
비린맛을,4
연어를,4
이어서,4
생각도,4
더워서,4
외에,4
새롭게,4
느끼함,4
달콤함과,4
빨간색,4
파프리카는,4
버섯의,4
크림과,4
폭식,4
함량은,4
되서,4
닭강정,4
폭신폭신한,4
식물성오일,4
양파의,4
모카빵,4
더이상,4
작은사이즈,4
빵속에,4
조려서,4
뜯어먹는,4
마트나,4
채수,4
마음껏,4
입혀서,4
샌드위치빵,4
빵의,4
블루베리잼,4
느껴지며,4
껍질포함,4
들어요,4
만드니,4
바나나칩,4
강황가루,4
균형잡힌,4
1판,4
카페에서,4
삶는시간,4
크림치즈가,4
맛없는,4
어우러진,4
가능하고,4
칭찬,4
별미로,4
담백하게,4
페퍼로니,4
장점만,4
스콘은,4
익숙한,4
향도,4
끝나요,4
녹인버터,4
찜기로,4
먹기가,4
감자스프,4
마성의,4
문득,4
오일로,4
캔옥수수,4
음식인데요,4
감칠맛에,4
외식,4
바닐라에센스,4
대량,4
생산,4
teasp,4
부위는,4
유지하고,4
에어프라이어에서,4
권장합니다,4
봐가면서,4
소스양념,4
액체,4
담궈서,4
뜨거울때,4
깨1,4
저어준다,4
스위트콘,4
단촛물,4
센불에서,4
윗면이,4
상큼,4
팁만,4
맛집의,4
다진마늘0,4
생기면,4
눈을,4
잘라요,4
식빵은,4
건더기가,4
김위에,4
고기없는,4
할인행사,4
해외에서,4
빵레시피,4
다양하고,4
고르기,4
기회에,4
폴란드,4
상당,4
발표일,4
작성,4
기대평,4
사용후기,4
써봤어요,4
최고였어요,4
요리쇼츠,4
무쇠,4
손잡이,4
끼지,4
영양제,4
완숙토마토,4
장바구니에,4
충전용,4
마라탕,4
밥소믈리에가,4
소재,4
건강하세요,4
뚜껑O,4
프릳츠,4
마들렌,4
LG,4
크루아상,4
식빵만들기,4
페스토,4
1만,4
후랑크,4
불향,4
불로,4
아이와,4
제작했습니다,4
기능이,4
매운맛,4
참치가,4
고구마칩,4
말차,4
제품이라,4
매주,4
대공개,4
자동,4
해동,4
마늘쫑으로,4
제스프리,4
사르르,4
투명,4
170도로,4
갈색설탕,4
젤리,4
함께한,4
1명,4
아이스크림은,4
마요,4
시리얼,4
밀봉해서,4
냉장실에,4
KFC,4
않았지만,4
두께가,4
오트밀로,4
우스터소스,4
달라질,4
찬기를,4
없어지는,4
상태의,4
쉬워,4
yolk,4
baking,4
펄펄,4
bowls,4
보관합니다,4
coupa,4
음료는,4
믹서기로,4
steamed,4
pan,4
Add,4
Cut,4
베이커리,4
음식은,4
each,4
cold,4
노른자와,4
miss,4
Cheesecake,4
texture,4
만족스러운,4
치즈케이크를,4
느낌이에요,4
소면삶는법,4
김치볶음,4
오징어채,4
김자반,4
콩나물무침은,4
두부부침,4
비법을,4
묵은지요리,4
돼지고기요리,4
고추장불고기,4
빨강파프리카,4
5뿌리,4
조선간장,4
당분간,4
맛있어집니다,4
파채,4
15마리,4
북어채,4
비빔국수를,4
부추김치,4
부추무침,4
콩나물무침을,4
올라서,4
부럽지,4
노각,4
가족들,4
1쪽,4
비엔나소세지,4
진미채는,4
3리터,4
생각에,4
B2,4
96,4
아삭이고추,4
강된장,4
봄나물,4
새콤,4
진미채를,4
반찬에서,4
무르지,4
전자렌지로,4
식초0,4
식탁위에,4
사과즙,4
전기밥솥,4
이유,4
해바라기씨,4
겉절이로,4
이상으로,4
맞은,4
핵심,4
순대,4
만들기가,4
살아있는,4
현미식초,4
살아납니다,4
돼지목살,4
노하우로,4
미역의,4
잔멸치볶음,4
조청쌀엿,4
3봉지,4
표고버섯볶음,4
3단,4
31년,4
토마토샐러드,4
김대석셰프,4
컵은,4
종이,4
좋겠습니다,4
열기를,4
기름기,4
11시,4
할인가,4
찜닭을,4
봉지에,4
식혀줍니다,4
그땐,4
않았을,4
그때부터,4
See,4
There,4
Why,4
Life,4
마치고,4
100만,4
다정한,4
my,4
아무,4
As,4
풀영상은,4
편안하게,4
비오는날,4
결과,4
유지,4
하루를,4
사이에서,4
영상에는,4
무니키친에서,4
샐러드는,4
오분도미,4
흡수율을,4
청상추,4
X81i4SgKBMQ,4
Opv3xVnGc,4
밀프렙,4
제외하고,4
아열대,4
농업,4
도시,4
특산물을,4
거제몰,4
geojemall,4
히카마,4
농촌신활력플러스사업추진단,4
55,4
639,4
6302,4
맛있었던,4
식사와,4
운동,4
풀떼기,4
HealthyRecipe,4
달걀에,4
Dinner,4
관리에도,4
king,4
탄수화물을,4
하셔야,4
보관해,4
근육,4
스타일대로,4
나눔,4
소금2,4
부스팅,4
쥬스,4
2일,4
잡아,4
빵보다,4
두부찜,4
두부조림보다,4
쌈채소,4
오트밀가루,4
살안찌는,4
걱정없이,4
소금간,4
좋아했던,4
biMjTtCEcGw,4
전부터,4
R1SUhlZkQgQ,4
리코타,4
블렌더,4
포함한,4
요리랍니다,4
겨울배추,4
fo6,4
i8Vqa1o,4
제품도,4
낮아서,4
MQ,4
안찌는,4
추가된,4
뿌리,4
0kalhA6zZz0,4
청귤,4
음료를,4
관련하여,4
매장에서,4
복숭아,4
7Days,4
가지무침,4
영감을,4
샐러드와,4
할때,4
놀랐어요,4
간편식,4
멀티쿠커,4
다지기,4
마이노멀,4
구입,4
무침은,4
가지볶음,4
오뎅탕,4
활용하는,4
죽은,4
가치삽시다,4
Carb,4
부산,4
AES5962,4
특별,4
내돈내산,4
구매한,4
아보카도오일,4
만들어볼게요,4
국수를,4
콩국물,4
77onIuMZiq4,4
1편,4
L82,4
tF4ei,4
A4,4
음식이나,4
차에,4
기름기를,4
감미료의,4
Lacanto,4
CheeseCake,4
클래식,4
유당,4
피스타치오,4
meal,4
한번은,4
손질법과,4
Cauliflower,4
볶은콩가루,4
집간장,4
팩두부,4
반짝,4
project,4
cate,4
할걸,4
B8,4
utm,4
1월,4
20일,4
B3,4
display,4
담는법,4
밥도둑입니다,4
200m,4
조림장,4
나오는데,4
마셔주면,4
6대,4
절여,4
쉽고간단하게,4
염도에,4
살려,4
대파흰부분1,4
모두에게,4
꽃소금0,4
어느새,4
두유제조기,4
맛을보고,4
어김없이,4
단맛은,4
ml입니다,4
40키로절임배추김장,4
손질된국멸치,4
디포리,4
멸치액젓1,4
갈치액젓,4
배송비포함,4
대파0,4
공동구매할인가,4
천일염약간,4
채소볶을때,4
남겨주시면,4
열무김치는,4
대파2뿌리,4
쇼핑,4
일반식초,4
양파절임,4
오이지는,4
특별할까요,4
추천할까요,4
신선함을,4
화려한,4
bZOI19JgFOb,4
뿌리채소,4
문질러,4
사방,4
200도로,4
3톨,4
놓치면,4
완판,4
튀르키예,4
미디예,4
반한,4
무뎌지지,4
인체공학적,4
포인트가,4
우리의식탁이,4
4차,4
뜨는,4
고르게,4
샐러드처럼,4
품질을,4
방지,4
저온,4
윤기가,4
졸이는,4
고추장으로,4
요즘이에요,4
묶어,4
스며들게,4
함량,4
탱글한,4
양으로,4
60분,4
예열한,4
상온,4
5중,4
필요할,4
매력을,4
준비로,4
1만원대,4
조화를,4
지은,4
제누,4
채반에서,4
쇠고기,4
끓고,4
푸엘레,4
하죠,4
드셔보시길,4
기준으로,4
츄퍼,4
조절하시면,4
담백하면서도,4
Let,4
BOX,4
은행,4
레오나르디,4
비니거,4
패키지,4
완성한,4
대표적인,4
현대카드,4
포만감이,4
넣어줘도,4
warm,4
stalks,4
단계에서,4
items,4
used,4
visit,4
썰어야,4
한잔,4
snail,4
shepherd,4
purse,4
중입니다,4
dalgona,4
끝이,4
feel,4
winter,4
roasted,4
보관한다,4
다시마육수,4
anchovies,4
tamagoyaki,4
Translation,4
en,4
파프리카가루,4
보여서,4
Lazy,4
EXyyYIT3Gy8,4
e4w3WzWeFbg,4
놔둔,4
5mnTrWL927s,4
아빠숟가락기준,4
바스크,4
QfrMW8Gg9bQ,4
계량스푼기준,4
치대며,4
기기마다,4
보관시,4
오븐마다,4
묻혀서,4
기계에,4
바삭해집니다,4
preparation,4
돌린,4
구워집니다,4
napa,4
쌀가루를,4
볶아주고,4
붙어서,4
냉장고를,4
집에있는,4
Potatoes,4
수플레를,4
소요시간,4
한봉지,4
회오리,4
비닐에,4
5분동안,4
채워,4
오버나이트,4
BUSINESS,4
번째는,4
했고,4
점에서,4
엄마의,4
집니다,4
못하는,4
0FK9RNhufENtFrclYJbh8BuVBpCGdsH,4
최상의,4
클램차우더,4
만드십니다,4
지나도,4
무의,4
배추무게의,4
approximately,4
scallion,4
얼갈이김치,4
오세요,4
같더라고요,4
1송이,4
감자국,4
덖기,4
북어국,4
밥상에,4
TBS,4
식품,4
그린올리브,4
오자마자,4
장보기,4
설렁탕,4
600원,4
장마가,4
클립챌린저,4
커넥트,4
사람이,4
이웃님들,4
1C,4
반드시,4
세척하는,4
이그제큐티브,4
나혼자산다,4
장조림은,4
일주일식단,4
가족은,4
유난히,4
자리를,4
클립아트코리아,4
저녁을,4
갈아주는,4
식재료라서,4
궁금하셨던,4
나오더라고요,4
류수영님,4
깻잎양념장,4
보관할,4
30cm,4
많을,4
레시피대로,4
산미가,4
당근라페만들기,4
알뜰하게,4
소금물을,4
안동찜닭,4
연한,4
두었던,4
알맞게,4
좋고요,4
생죽순,4
시기에,4
계랑스푼,4
수요일,4
좋아하지만,4
품종,4
싶으셨던,4
면발이,4
마늘쫑이,4
수밖에요,4
있을까,4
참고하실,4
봤답니다,4
점심은,4
아이에게,4
늦게,4
놓았던,4
다가오는,4
담기,4
써야,4
한만두,4
50m,4
아이를,4
막상,4
보통은,4
햇양파가,4
포스팅,4
더워지면서,4
그래서인지,4
시흥동,4
장아찌는,4
문제는,4
열무물김치담그는법,4
싶다고,4
열무물김치는,4
아침밥,4
생각하는데요,4
연근을,4
그나마,4
초록이네,4
톡톡톡,4
유통기한이,4
찻숟가락,4
코인,4
말이지요,4
딱히,4
라는,4
동전,4
다닐,4
찌개를,4
세척용,4
몽땅,4
해조류의,4
심혈관,4
고등어무조림,4
아린,4
초록색,4
껍질에,4
머위,4
계란찜전자레인지,4
전자레인지계란찜,4
바지락살,4
램블부부,4
글을,4
드레싱을,4
고소하면서,4
드렸으니,4
요거,4
찌거나,4
김치찌개입니다,4
신맛을,4
보았는데,4
신경,4
1찻스푼,4
부재료를,4
탱탱한,4
취사선택,4
도토리묵무침,4
남편과,4
은하계쓰,4
코스트코에서,4
홀그레인머스터드,4
아르투아,4
냉동꽃게,4
소고기구이,4
투뿔,4
모듬,4
먹이고,4
넣어두고,4
참송이버섯,4
찌개나,4
편이,4
신랑이,4
주재료인,4
청양고추가,4
활용이,4
주말은,4
맛있다며,4
친구가,4
만들까,4
봄철,4
청국장찌개를,4
정성,4
넣어주는,4
데려온,4
물갈비,4
올리타리아,4
대추방울토마토,4
황금레시피로,4
장난감,4
잡내가,4
송화버섯,4
콩국물을,4
곡물도감,4
하지요,4
스낵랩,4
메밀소바,4
오이겉절이,4
게장을,4
참돔,4
칸디아,4
블럭국,4
이금기,4
우렁쌈장,4
사우어크라우트,4
농부장터,4
진심으로,3
코앞으로,3
지역,3
여러분을,3
홍콩반점,3
금산,3
친숙한,3
말로,3
문을,3
예산시장을,3
디저트가,3
사장님들,3
감사의,3
변화를,3
소개하려고,3
먹거리를,3
씹고,3
일부,3
파브리가,3
슬픈,3
끝으로,3
막을,3
됐습니다,3
주인공이,3
운명은,3
드리려고,3
팀원분들을,3
입맛만,3
참여하게,3
광장,3
것들이,3
이어온,3
선택한,3
불러,3
우승,3
마신,3
떠오르는데요,3
해장라면,3
선보이는,3
전설의,3
불맛,3
정석,3
저를,3
사랑받고,3
되었으면,3
싸악,3
달라졌어요,3
싸면,3
피피엘,3
진도,3
초계국수,3
do,3
자란,3
담아주고,3
강불,3
익으면서,3
7에,3
고구마전분,3
덜어,3
딱딱하게,3
튀김팬에,3
붙으면,3
7의,3
십자,3
메밀가루,3
청홍고추,3
그것보다,3
해물을,3
올린다,3
올려준다,3
ml을,3
장씩,3
노릇노릇해지면,3
적당해요,3
끓여도,3
돼지갈비를,3
고온에서,3
스며들도록,3
라면스프를,3
마르면,3
큰술씩,3
병에,3
털어내고,3
당면이,3
스프와,3
차례로,3
떡을,3
되게,3
알배추는,3
3등분으로,3
갈라,3
좋아져요,3
배면,3
홍피망을,3
약간만,3
짜장소스,3
춘권피를,3
5를,3
구하기,3
현지,3
있었고,3
것이라,3
씌워,3
속의,3
십자로,3
벗겨주세요,3
레몬의,3
밀폐용기에,3
털어낸,3
마늘쫑에,3
남아있는,3
건져내,3
담가두고,3
40초,3
밭친,3
버무리면,3
두부튀김,3
닭에,3
새송이버섯을,3
좋아하면,3
켜고,3
꽃빵,3
밑동을,3
식용유가,3
묻어있는,3
날아가고,3
접은,3
중화,3
데운,3
섞이도록,3
노릇해지면,3
부어주면,3
물기만,3
펼쳐,3
비스듬히,3
삼각김밥,3
15분이면,3
식사가,3
놀랍니다,3
시도해,3
칠리,3
뜨거울,3
더블,3
고급스런,3
치즈볼,3
코코아파우더,3
대형,3
휘핑,3
메뉴입니다,3
바람개비,3
자고,3
계란초밥,3
바삭한데,3
변경하셔도,3
변경해서,3
해보고,3
몰아보기입니다,3
또띠야,3
재탄생,3
탄생합니다,3
부들부들,3
일품입니다,3
붓기,3
테이블에,3
파슬리와,3
토마토랑,3
만성염증은,3
절임은,3
보충에,3
작용을,3
배출에,3
미용,3
민감한,3
피부에,3
호르몬,3
식욕,3
오독오독한,3
쑥쑥,3
20kcal로,3
사람이나,3
당뇨병,3
환자에게,3
암예방,3
변비예방,3
혈전청소에,3
chopped,3
Pickled,3
올라갑니다,3
10분만에,3
염증이,3
빠집니다,3
써먹을,3
일으키는,3
Paprika,3
빠졌어요,3
Breast,3
2주만,3
아침식사가,3
Tuna,3
먹을수록,3
무섭게,3
뭐해먹을까,3
납작,3
바지락해장국,3
뜨면,3
할머니,3
기다리셨습니다,3
나은,3
다해,3
돼지갈비찜을,3
상시,3
buly,3
ToEDl1,3
자신,3
참여하고,3
docs,3
google,3
코리아,3
기다려주세요,3
해줄,3
보니까,3
중국집,3
굵은고추가루,3
으깬다,3
400원,3
퀄리티가,3
좋아져서,3
것들,3
찾아왔어요,3
먹으라고,3
In,3
마시는,3
좋잖아요,3
사과의,3
오븐도,3
스틱버터,3
시나몬파우더,3
시럽으로,3
묽으면,3
분식,3
응답하라,3
양껏,3
회사,3
내용,3
당첨,3
도시락이,3
열립니다,3
싶다는,3
환영합니다,3
빠져보세요,3
배고파,3
마저,3
주소,3
Right,3
찾아주신,3
들어갑니다,3
익힌다,3
정신,3
차리고,3
두번째,3
이것은,3
풀리지,3
처음에,3
방금,3
신박한,3
크기도,3
시작된,3
피었습니다,3
준비했는데,3
방문,3
지금의,3
시작할,3
시절,3
정육점,3
토시살,3
부위가,3
고려해,3
정육점에서,3
그것도,3
많으면,3
좋지,3
뭉근하게,3
이름이,3
달걀프라이,3
부탁드립니다,3
사장님을,3
분만,3
도전하세요,3
잘못하면,3
국수는,3
1인,3
많지만,3
돼지고기도,3
타고,3
식당이,3
음식도,3
단계는,3
전설,3
취사,3
남을,3
나만,3
딸기맛,3
전통주,3
먹으니까,3
콩나물해장국,3
나이,3
꿀팁도,3
드신,3
해장국,3
황태미역국,3
소고기미역국,3
황태를,3
소고기보다,3
깔끔하면서,3
신김치가,3
김치찌개를,3
통조림햄,3
끓였는데,3
마땅히,3
된장에,3
고기도,3
거르지,3
사온,3
에어프라이어를,3
마법,3
가루도,3
드린,3
운영,3
부추완자전,3
12줄,3
코팅을,3
단무지무침,3
남아서,3
따라해,3
5마리,3
15미,3
4마리,3
예열한다,3
랍니다,3
모든게,3
안해도,3
넣는게,3
1.11111E+15,3
간장떡볶이,3
떡볶이를,3
여럿이,3
요리비책,3
보내시길,3
받으세요,3
Seollal,3
get,3
Have,3
만들며,3
분위기,3
굴전,3
튀김가루를,3
올리오,3
분위기가,3
크리스마스를,3
뒷다리살로,3
파란,3
냉동만두,3
105,3
밥도둑반찬,3
덮밥으로,3
가져왔습니다,3
재료들도,3
막대,3
써는,3
수박을,3
깍둑,3
같죠,3
69,3
빠스,3
온도를,3
맛남의,3
단맛,3
무가,3
담가보세요,3
카나페,3
막걸리와,3
바지락볶음,3
응용,3
분식집,3
쌀떡,3
푸짐하고,3
만난,3
가족들에게,3
만두소,3
감자짜글이,3
소고기뭇국,3
국이,3
15일,3
있는지,3
장으로,3
유익하고,3
채널을,3
편의를,3
이점,3
백종원의쿠킹로그,3
양파농가응원,3
만능시리즈,3
짜장라면의,3
브리또,3
매운맛을,3
3마리,3
2번의,3
30초간,3
깊게,3
불려서,3
누른,3
계란물이,3
미나리는,3
끝부분을,3
6등분으로,3
섞기,3
반죽도,3
타기,3
적어,3
필러로,3
겉에,3
우러나도록,3
연두부를,3
항정살,3
영양부추,3
큐브로,3
모짜렐라치즈를,3
약한,3
내려,3
1번의,3
소고기에,3
3번의,3
평평한,3
버리지,3
20분간,3
끓이면서,3
배춧잎은,3
ml과,3
면의,3
콜라,3
채소에서,3
익고,3
타바스코,3
등갈비는,3
얹어주세요,3
벗겨지지,3
파우더를,3
덮은,3
STEP,3
걸쭉한,3
밀어,3
접고,3
나기,3
고춧가루가,3
맛있기,3
잡채밥,3
펴주세요,3
녹고,3
총유빙,3
싶으시면,3
꽈리고추는,3
프라이팬이,3
다진마늘을,3
섞어주시고,3
된장이,3
삼겹살에,3
닭고기에,3
해산물과,3
만들어주신,3
음식들을,3
팩을,3
줄을,3
끓여주시고,3
후레이크,3
라임을,3
오렌지를,3
전분에,3
이벤트에,3
몸통,3
ml만,3
분말스프와,3
ml와,3
씻어준,3
잎사귀,3
약간과,3
껍데기가,3
풀어지면,3
쪽파의,3
크면,3
무르기,3
데쳐줍니다,3
부쳐줍니다,3
모를,3
정사각형,3
무쳐주면,3
양배추도,3
데치는,3
찢어주세요,3
크래미를,3
섞인,3
부어준,3
치킨튀김가루,3
치킨튀김가루에,3
반죽된,3
빠지게,3
자취생요리,3
닭볶음탕을,3
준비하지,3
조리해주세요,3
대표하는,3
야채들로,3
해파리,3
비밀,3
붙지,3
여행브이로그,3
갈비가,3
이유를,3
김장철,3
여기,3
표고버섯과,3
무채,3
쪄진,3
찾았습니다,3
쉐이자오,3
하오지,3
날개,3
찜통에,3
뺀다,3
넓은,3
160도,3
재벌,3
화조유,3
파가,3
1인분을,3
큰술과,3
동남아,3
줄기와,3
등분,3
Shiitake,3
sake,3
빼놓습니다,3
새우에,3
돼지기름,3
마구,3
우동면을,3
카레에,3
명란을,3
병어를,3
고춧기름,3
belly,3
궁채,3
궁채를,3
예열해주세요,3
겉면이,3
각얼음,3
g에,3
고양이,3
어향가지,3
키친타월,3
완자,3
5번,3
반죽으로,3
낙지,3
닭다리를,3
마음의,3
택1,3
Vinegar,3
홍두깨살에,3
사태,3
갈비찜의,3
주기적으로,3
갈색이,3
뿌려주신,3
버무려주시면,3
칼국수면,3
짜장가루,3
채로,3
파채를,3
마파두부를,3
부챗살,3
애플민트,3
딤섬을,3
둥글게,3
크래미와,3
soup,3
ramyeon,3
imitation,3
따서,3
설탕에,3
Canned,3
옷을,3
뿌려준,3
채소들의,3
전분과,3
볶습니다,3
사랑,3
제거해줍니다,3
반대로,3
씨가,3
나도록,3
풀면서,3
꼬들,3
팽이,3
식기,3
차갑지,3
소개해드리려고,3
영업시간,3
밀떡,3
무가염,3
녹여줍니다,3
소세지에,3
떡과,3
마라,3
느타리,3
사이,3
보아요,3
녹색,3
꽉찬,3
ginger,3
더욱더,3
달달,3
만들어주는,3
뿌리기,3
베이컨이나,3
붙어있는,3
예쁩니다,3
부으세요,3
삼각,3
싶어지는,3
나와,3
우유에,3
투움바,3
익혀도,3
추가합니다,3
선택해서,3
녹여,3
자매품,3
15가지,3
Cemy1WBuk8k,3
KrjX5UaZv9A,3
18가지,3
W0B8BB11UYM,3
16가지,3
u68,3
8AQhUKg,3
스팸은,3
변경할,3
계란이나,3
Part,3
크래커,3
튀김가루는,3
살사,3
녹습니다,3
얻을,3
등은,3
오코노미야끼,3
무척,3
식빵에,3
국수입니다,3
치즈나,3
베어물면,3
놀라게,3
감자칩을,3
영양가,3
치즈소스,3
핫도그를,3
반복해서,3
통감자,3
위가,3
계란토스트,3
반죽해서,3
걸려,3
물면,3
식소다를,3
부풀어,3
오른,3
달고나를,3
오므라이스를,3
어디에나,3
돈까스소스,3
힘들어요,3
질면,3
우동과,3
빼셔도,3
끝내줍니다,3
3공기,3
6쪽,3
피자소스,3
줄이셔도,3
하는지,3
분도,3
설탕으로,3
나지만,3
길어져서,3
쓰지,3
할라페뇨,3
마요네즈의,3
혼자서,3
샌드위치에,3
움직이지,3
아침이나,3
크림소스,3
초밥,3
Golden,3
밀가루없이,3
이래서,3
닭안심,3
필링은,3
읽고,3
밑면이,3
올리세요,3
밀봉,3
닿으면,3
크로켓,3
안의,3
감자나,3
인터넷에서,3
택배비,3
친구들과,3
넣는다면,3
커서,3
그린티,3
쉽답니다,3
것과는,3
감자전분을,3
제거하지,3
권합니다,3
주먹밥을,3
개발한,3
치대지,3
바나나로,3
올렸습니다,3
쓰시는,3
기다려,3
비스킷을,3
이용했어요,3
신의,3
커피향이,3
해결해,3
틀이,3
계란까지,3
만들어봅니다,3
초코아이스크림,3
추천도,3
어떨까,3
구수하고,3
여러분들을,3
과일과,3
토스트와,3
봐주셔서,3
찾아올께요,3
달콤함에,3
가루로,3
갈리는,3
3번에,3
가며,3
달콤하게,3
만들어봐요,3
군침,3
필요없습니다,3
궁합입니다,3
스팸마요덮밥,3
완성된답니다,3
기생충,3
스파게티를,3
2분정도,3
싫고,3
베이컨이,3
스파게티면을,3
Fried,3
색과,3
접시로,3
일어나,3
좋으세요,3
맵게,3
퐁당,3
효능은,3
에호박,3
88SH4Z,3
CQ,3
수플레오믈렛,3
Yogurt,3
tortillas,3
소화,3
채울,3
스윗,3
비타민C가,3
대장암,3
밀프랩,3
simplerecipe,3
block,3
Walnut,3
glutinous,3
Steamed,3
간단집밥요리,3
aged,3
불안쓰고,3
깨알팁,3
두부김밥,3
canned,3
에그팬,3
참치에,3
만들어놓고,3
김치처럼,3
대파나,3
복잡하게,3
꼬지,3
의외로,3
Cellophane,3
건강해져요,3
중요한데요,3
붓기만,3
요리에요,3
gimbap,3
고춧가루는,3
먹을때까지,3
굶지,3
한정식집,3
spam,3
김밥밥양념,3
현미보다,3
17배나,3
증진에,3
E중,3
토코페롤,3
함유량이,3
피부를,3
여성에겐,3
특효,3
어린이에겐,3
높으므로,3
과잉,3
열량을,3
되므로,3
행복해집니다,3
땡초김밥,3
김치에,3
어묵과,3
샐러드만들기,3
살찌지,3
달콤해서,3
나물무침,3
나물반찬,3
원팬요리,3
냉동실,3
김요리,3
영양가득,3
두부도,3
해독작용,3
변비에,3
장안의,3
박테리아를,3
늘려주며,3
장의,3
숙변,3
제거을,3
소화불량,3
섬유질은,3
유지하도록,3
노폐물과,3
Wasabi,3
드시거나,3
오르는,3
막아주고,3
귤청,3
Oligosaccharide,3
토마토주스,3
억제하고,3
포기가,3
적발시,3
법적인,3
책임을,3
re,3
nuts,3
카스테라빵,3
sponge,3
참치간장계란밥,3
바나나주스,3
Of,3
일주일이,3
아침은,3
접어먹는김밥,3
Beet,3
Carrot주스,3
공급,3
위험이,3
채소만,3
극강의,3
멈추지,3
볶음밥은,3
asmr,3
피로회복에,3
궁합이,3
체중을,3
꿀의,3
요거트의,3
위궤양,3
Fat,3
낮추는,3
계란레시피,3
바나나요리,3
최소화,3
식재료랍니다,3
집나간,3
super,3
곤란한,3
딱이랍니다,3
맜있고,3
피클입니다,3
삼겹살과도,3
느껴질,3
설탕량을,3
수시로,3
톡톡히,3
소량의,3
본인의,3
만들어보았어요,3
없답니다,3
단단하고,3
심지,3
비린,3
굴소스는,3
참기름이나,3
양배추나물,3
소울푸드,3
참치볶음밥,3
우유떡,3
마약토스트,3
rolls,3
다이어트김밥,3
xEAyskB7lfg,3
예방에도,3
효과적이라고,3
비타민이,3
강화에,3
healthy,3
준다고,3
섭취하세요,3
레시틴,3
5가지를,3
쇼츠,3
Soft,3
고구마피자,3
cheongyang,3
포기,3
Tortilla,3
vanilla,3
piece,3
간단브런치,3
even,3
three,3
health,3
Salmon,3
sushi,3
구워준다,3
1톨,3
g정도,3
킴서울입니다,3
감칠맛도,3
면역력을,3
저렴해서,3
찹쌀은,3
생새우,3
대패삼겹살요리,3
1로,3
섞어요,3
낮으면,3
함께하는,3
이루는,3
재운,3
만들어져요,3
즐길수,3
갈아만든,3
보양식,3
찬바람이,3
78,3
선택해보세요,3
죄책감이,3
들지만,3
아닌가,3
샐러드빵,3
우유크림,3
한조각씩,3
틀사이즈,3
덜하지만,3
동전육수,3
세가지,3
옥수수빵,3
심심할,3
랜덤,3
패티,3
매콤해서,3
어울릴,3
같고,3
채소나,3
곁들이니,3
호떡,3
제거를,3
팁으로,3
감자구이,3
사람에게는,3
분홍소시지,3
맛이지요,3
점심메뉴로,3
좋겠죠,3
변경이,3
외국에,3
몇가지만,3
싶거나,3
고수잎,3
느껴지죠,3
붙어,3
매콤하면서,3
구웠더니,3
어려울것,3
누룽지,3
짓는,3
아니어도,3
옥수수전분X,3
시즈닝을,3
원본영상을,3
최소한의,3
토스트라,3
고민이죠,3
오랫만에,3
이상하게,3
25cm,3
넣었지만,3
비슷하지만,3
느낌이예요,3
카페에,3
배는,3
과자가,3
그럴때,3
가지레시피,3
구워져,3
비교가,3
발라주었더니,3
7inch,3
8조각,3
베이크드빈,3
똑같이,3
시장에서,3
큐민가루,3
애플파이를,3
195,3
에어프라이어는,3
예열후,3
녹인버터를,3
많은데요,3
핫케이크가루,3
면에도,3
스며들어서,3
보시라고,3
충분해요,3
색으로,3
투명하게,3
어려운거,3
초대요리로도,3
서둘러주세요,3
어른들도,3
설탕시럽,3
반들반들,3
두부만으로,3
국물맛이,3
짜글이로,3
치즈옥수수전,3
되겠지요,3
만드는것,3
다먹나,3
에그타르트,3
이상은,3
안나고,3
술술,3
부모님선물,3
회원가입하면,3
즉시,3
할인쿠폰,3
남겨서,3
맛인데,3
사각으로,3
치즈감자호떡,3
매울,3
드시려면,3
하기도,3
맛있네,3
떡의,3
쫀득함이,3
늘려서,3
텁텁하지,3
파스타예요,3
퀘사디아만들기,3
부모님간식,3
커뮤니티,3
간식공구,3
할인된,3
배송이,3
길거리음식,3
되나,3
드실수,3
참치1캔,3
음식과,3
비벼먹으면,3
빵요리,3
길거리토스트,3
요리스타그램,3
간고기,3
귀찮다,3
바삭해요,3
호두는,3
섬유질,3
얻은,3
엄두가,3
하잖아요,3
할로윈이,3
다가왔네요,3
호박으로,3
귀엽고,3
여러번의,3
귀엽지만,3
일년에,3
공구중,3
붙어요,3
멘보샤,3
빵으로,3
모르겠지만,3
할게요,3
쌀빵,3
빨간고추,3
빵이예요,3
적합하고,3
예요,3
발효가,3
먹어보니,3
냄새는,3
남양유업,3
8월,3
개별,3
딸기와,3
감자전만들기,3
비빔감자,3
맛나네요,3
노오븐케이크,3
소화가,3
면도,3
파이,3
않네요,3
채우기,3
6인치,3
닭가슴살에,3
놓는,3
메인재료,3
상태여야,3
마늘향과,3
치대는,3
근래,3
전문점에서,3
조금이라도,3
맥주안주로도,3
떡집에서,3
볶음요리,3
와우,3
얼린,3
이것도,3
나네요,3
포슬포슬한,3
좋죠,3
넣었는데,3
좀더,3
밤을,3
두부만,3
채소들로,3
어릴적,3
간단하데,3
오븐이,3
길쭉한,3
길이의,3
롤케이크,3
번거롭고,3
식감이나,3
만드는게,3
남김없이,3
없어졌어요,3
느낌의,3
달콤함이,3
실온무염버터,3
440,3
고급스럽게,3
아이나,3
만드는법도,3
쉬운데요,3
크림에,3
질려서,3
맛이구요,3
165,3
마늘향을,3
한참,3
않으면서,3
냉동해,3
만드는법이,3
과일은,3
녹여서,3
몰드,3
28cm,3
시트,3
샌드위치예요,3
홍시로,3
색소,3
글레이즈,3
스테이크를,3
강해서,3
아이들의,3
적절한,3
더해지니,3
20분만에,3
모카번,3
해보면,3
한끼를,3
식사대용으로,3
부서지는,3
마카로니,3
2판,3
1cup,3
밀크,3
고기로,3
빵만,3
하단참고,3
2가지를,3
국물떡볶이,3
것에,3
커피나,3
고추장을,3
맞고,3
꿀조합,3
프렌차이즈,3
핫소스,3
껍데기,3
가능하며,3
바를때,3
12마리,3
냉동새우,3
ex,3
6줄,3
소스재료,3
두부강정,3
소금간을,3
통깨1,3
후추로,3
담았어요,3
3분정도,3
센불에,3
데치고,3
밥솥안에,3
소시지를,3
싸는법,3
채썰어준다,3
반티스푼,3
포장을,3
두부위에,3
올려요,3
가끔은,3
설탕2,3
깻잎과,3
스푼반,3
야채들은,3
밥위에,3
설탕3,3
사용해요,3
떡에,3
뜨거운물에,3
못지않은,3
김은,3
소세지야채볶음,3
샌드쿠키,3
신선하지,3
새송이버섯으로,3
적립,3
서두르세요,3
아이보리,3
물량,3
주셨어요,3
오픈합니다,3
많았어요,3
수세미,3
위생적인,3
20명,3
뒷자리와,3
anskorea,3
16cm,3
가스레인지,3
뚜껑이,3
가정,3
사용에,3
1,3
OPEN,3
찝찝한,3
화학첨가물,3
아기,3
얼려,3
들어보셨나요,3
쌀은,3
섞어낸,3
쌀이,3
1위,3
인슐린,3
새우요리,3
눈금,3
선물하기,3
미피,3
정품,3
냄새,3
배임X,3
냉동고,3
쌀없는,3
로스터리,3
계절,3
검정깨,3
핑거푸드,3
무화과,3
헤이즐넛,3
자연치즈,3
잘하는,3
김치김밥,3
전까지,3
100년,3
백화점과,3
줄여줘요,3
생각하시는,3
후기만,3
91000,3
91,3
참여방법,3
섞을,3
싫다면,3
애매하게,3
별도의,3
url,3
샤베트,3
우유가,3
굽는게,3
나갑니다,3
워싱턴체리,3
미국북서부체리,3
여름간식,3
튀김요리,3
최종,3
이메일,3
SNS,3
1위를,3
초코볼,3
골드,3
쿠쿠,3
당도는,3
없고요,3
넘는,3
집어먹게,3
젤리만들기,3
계란빵,3
판젤라틴,3
봐서,3
늘려주세요,3
해가,3
도용,3
185,3
알기,3
크랙,3
보울,3
팡팡,3
반짝반짝,3
크림브륄레,3
포크로,3
소금빵,3
해놓고,3
마스카포네,3
감자전에,3
젤라틴,3
국수와,3
젤리를,3
바게트,3
갈릴,3
어울린답니다,3
보관하고,3
해동해서,3
근사하게,3
때문,3
자기,3
생연어,3
한자리에서,3
어렵습니다,3
Trans,3
식혀,3
purpose,3
머핀,3
condensed,3
오븐팬에,3
Pan,3
흔들어서,3
2주먹,3
slice,3
우유의,3
Milk,3
2가지로,3
Material,3
laver,3
꿀과,3
different,3
spoonful,3
무게가,3
shaped,3
let,3
katsuobushi,3
top,3
Materials,3
vegetable,3
Making,3
크리스탈,3
보기만,3
디저트예요,3
초보자도,3
aesthetic,3
creamy,3
레몬즙을,3
Enjoy,3
caf,3
look,3
tea,3
style,3
돌자반,3
콩나물요리,3
밥상,3
아이부터,3
어르신까지,3
김치부침개,3
1등,3
방식대로,3
이마트,3
기억하세요,3
들기름국수,3
국수레시피,3
고민이라면,3
진미채무침,3
어묵잡채,3
매운어묵볶음,3
급식계란찜,3
무침양념,3
쇼핑몰입니다,3
수육용,3
무조림,3
잊으세요,3
자다가도,3
바꿨을,3
달래장,3
일주일간,3
생각을,3
약고추장,3
필요도,3
야쿠르트,3
도움되는,3
장아찌간장,3
옥수수삶는법,3
떡볶이에,3
알려드리고,3
찾아서,3
일반적으로,3
오이탕탕이,3
고추청,3
불고기감,3
수밖에,3
김치국,3
그중에서,3
미소가,3
해물다시다,3
coupang,3
건꼴뚜기,3
칼칼함이,3
멈추질,3
고를,3
방법만,3
이제부터,3
청양고추의,3
행복해지는,3
건가요,3
나물도,3
이제까지,3
두부짜글이,3
기름진,3
성공하는,3
3포기,3
끼로,3
꽁치통조림,3
간장제육,3
잡내도,3
사람들과,3
볶음을,3
감칠맛과,3
겨울철,3
통해서,3
군고구마,3
요즘같은,3
얼큰하고,3
비오는,3
쉐프윈,3
chefwin,3
진정한,3
수염을,3
비빔,3
감칠맛나게,3
액젓을,3
추가한,3
스페셜,3
괜찮은,3
과일인,3
단무지를,3
떠오르지,3
닭꼬치를,3
맛내기가,3
슈퍼푸드,3
반찬입니다,3
콩나물의,3
부치는,3
필요합니다,3
부위를,3
부위로,3
장조림을,3
쯤이면,3
알배추로,3
쪽파장아찌,3
200G,3
드시는게,3
삭힌고추,3
수미네반찬,3
짜거나,3
미역초무침,3
매운고추,3
달걀조림,3
3뿌리,3
방송에서는,3
반근,3
알타리,3
표고버섯가루,3
7부,3
총각김치,3
마늘장아찌,3
골뱅이무침,3
없어진다,3
우린물,3
호일,3
육수내기,3
핫한,3
만들어보겠습니다,3
6시,3
멸치칼국수,3
까서,3
겉절이를,3
양파에,3
덮밥을,3
반찬통에,3
텐데,3
Me,3
이야기입니다,3
Once,3
못해,3
미안한,3
Camera,3
구워낸,3
유료광고가,3
memories,3
been,3
만족도,3
시작됩니다,3
날을,3
제거해요,3
주에,3
안녕,3
히비스커스는,3
히비스커스,3
마다,3
평범하지만,3
보여,3
되셨다면,3
에서도,3
흰색,3
저만의,3
간식이에요,3
과즙이,3
봐주시는,3
소중하고,3
고맙습니다,3
일상에,3
스팸무스비,3
양손으로,3
life,3
듣고,3
혼자서도,3
아이도,3
yPIy6D0jqCs,3
저속,3
바꿔보세요,3
풍부해요,3
소고기요리,3
불리고,3
양파로,3
i6jFyzAnw,3
곁들어,3
먹더라고요,3
당근의,3
노안,3
아래에,3
얼마전에,3
oHCQFYHVPEc,3
abTCWmjRjFM,3
유동골뱅이는,3
실제,3
2zZwmCz4iuI,3
o30ayfuhZDw,3
찜질방,3
uT4,3
gX435vWA,3
속세의,3
kg까지,3
높답니다,3
ToastRecipe,3
플랜틀리,3
무농약,3
귀찮아서,3
메뉴에요,3
비싼데,3
2024년,3
글루텐,3
쌀종이로,3
SUvrED1rC0o,3
DietFood,3
WeightLoss,3
염증도,3
들어가고,3
popular,3
줘요,3
장내,3
건강상,3
이점이,3
아침식사를,3
유산균이,3
소독,3
골마지,3
부담스럽지,3
TofuRecipe,3
먹는다고,3
운동도,3
음식이에요,3
NP5vh3RZlIM,3
nutritious,3
days,3
Cumulative,3
views,3
million,3
레시피만,3
제작비와,3
리뷰용,3
좋아했어요,3
아로니아,3
저녁식사로,3
굽거나,3
자취,3
영양은,3
요청으로,3
설탕이나,3
소금이,3
사용했는데,3
해보니,3
바삭함,3
밸런스가,3
비법도,3
품목,3
제한,3
LfP,3
6fDMA,3
7kCV,3
3q8oLg,3
E0seV7rhQrI,3
레몬이,3
배추잎,3
세라믹,3
소음이,3
어쩔수,3
단점으로,3
불구하고,3
cBBhf7BJdZI,3
배추찜,3
맛김치,3
쉘퍼,3
팬과,3
퍽퍽하지,3
기능으로,3
스스로,3
나폴리탄,3
두부반찬,3
부추비빔밥,3
7mgwZw7xf4U,3
필요한데요,3
하나에요,3
내리는,3
배부르고,3
감동적인,3
리저브,3
기획전,3
소개했던,3
가지구이,3
비빔장,3
엄마표,3
좋아하는데요,3
제공받을,3
양념장만,3
요리나,3
쿠킹,3
찰진,3
고슬고슬한,3
콜드,3
인기만점,3
유제품,3
바로가기,3
오트,3
아프고,3
않으신가요,3
상태에,3
qgxg2Vg,3
오메가3,3
무료배송,3
이벤트가,3
플렉스쿡,3
집된장,3
사용됩니다,3
차전자피,3
달걀도,3
vQVYHNi,3
괜찮았어요,3
지급됩니다,3
모데나,3
1포기,3
Moony,3
Daily,3
Channel,3
UCcVEa,3
f0q,3
t4WeHEmzVf,3
아이디,3
적립되고,3
어린이,3
dongbanmall,3
통을,3
구매하시면,3
제품에,3
앱으로,3
받으실,3
중복,3
들기름이나,3
playlist,3
PLCled,3
p0JtA7E,3
KtdfO5L8aswwJliQrqt,3
성공한,3
포인트로,3
리뷰,3
확인하고,3
비빔밥으로,3
항암에,3
등급의,3
영양소도,3
그러니,3
3줄기,3
봄에만,3
죽순은,3
적절히,3
갑상선,3
구비해,3
콩의,3
드리지,3
두고두고,3
갈비탕,3
많으니,3
ncbi,3
nlm,3
nih,3
gov,3
pubmed,3
2편,3
기본이,3
주려고,3
Sweetener,3
단식,3
3가지를,3
스위트너,3
과다,3
설사의,3
heavy,3
Rare,3
Here,3
Vegan,3
유전자적,3
요인으로,3
당질제한식을,3
주부입니다,3
instant,3
extract,3
요리에서,3
생콩가루,3
안생기고,3
먹어버립니다,3
모르면,3
대두,3
참나물,3
감탄해서,3
머위순,3
8E,3
83,3
67,3
19일,3
10일,3
F0,3
9F,3
A7,3
섞박지,3
불리지,3
명절전,3
반하실거라,3
확신합니다,3
에피민트,3
옥수수가,3
글자를,3
줄여주고,3
효능을,3
매실액기스,3
칼슘,3
엽산,3
돌나물,3
돌나물은,3
인해,3
살균,3
사로잡는,3
다시마1장,3
고운소금0,3
만들수있는,3
무쳐보세요,3
배0,3
좋은건,3
건강챙겨보세요,3
한끼식사로,3
시판용고추장,3
쪽파한줌,3
볶은국멸치,3
염도가낮은,3
다를수,3
대파초록부분으로1,3
케챱,3
계란삶을때,3
생강0,3
새우젓을,3
작은양파,3
천일염0,3
마늘듬뿍,3
국거리,3
국간장0,3
가감합니다,3
양파작은것0,3
들여,3
공동구매가격,3
찰떡궁합인,3
볶아낸,3
씨제거후,3
참기름0,3
거쳐야,3
1년을,3
나른한,3
계란4알,3
계란물양념,3
고추가루듬뿍,3
절임배추20키로,3
갈아줄,3
황태불린물,3
사용될,3
천일염으로,3
공동구매기간,3
7일간,3
구성1,3
구성2,3
구매가능합니다,3
되겠습니다,3
계란5알,3
열전도율이,3
자연스러운,3
미숫가루,3
얼려주세요,3
새미네부엌,3
하겠습니다,3
개반,3
식초약간,3
불어,3
설탕깍아서,3
신맛,3
경상두부,3
먹거리로,3
콩으로,3
커피수저기준,3
생수1,3
엄지척,3
간장비빔국수,3
부드러우면서,3
찾아,3
계피,3
푹푹,3
맛깔나는,3
풍미까지,3
재구매,3
돌아왔어요,3
하나쯤,3
에너지를,3
공동구매로,3
가매일식,3
단독으로,3
상을,3
Timeline,3
구운채소카레,3
아삭아삭한,3
마카다미아로,3
스프레드,3
이색,3
돌마,3
쪄낸,3
묻은,3
겉껍질은,3
속껍질은,3
줄어들,3
경험해,3
무엇보다도,3
절삭력이,3
되실,3
세트로,3
폴리페놀,3
올리브오일이,3
앵콜로,3
궁금해요,3
연마제,3
통3중,3
소재로,3
3시간,3
유지하는,3
최상급,3
장시간,3
표면에,3
짜낸,3
소개해드리는,3
에쉬레,3
품질이,3
18시간,3
사색,3
Jeon,3
강황물을,3
색감이,3
간장에,3
담궜다가,3
매력으로,3
바람,3
간식까지,3
이어져,3
재료만으로도,3
놓칠,3
안동한우,3
육즙만두,3
질감과,3
심플하고,3
찾고,3
2종,3
원유로,3
함께할,3
올인원,3
대용량으로,3
플레인요거트,3
20분정도,3
더해주고,3
식초물에,3
애호박채전,3
길고,3
헬로우,3
호주,3
까는,3
독일,3
안전하게,3
부담을,3
초간편,3
이중,3
가격으로,3
단독최저가,3
사용하지만,3
분이라면,3
고춧가루로,3
솥밥으로,3
만들면서,3
이라,3
엄선한,3
비건도,3
템페,3
굵게,3
아이엠베이글,3
3월,3
용기,3
통마늘을,3
채끝살을,3
솥밥에,3
좋을까요,3
내부,3
홈마카세,3
현미는,3
6시간,3
서브,3
장점,3
식재료를,3
으깨고,3
귀한,3
제품인데요,3
장점이,3
원조,3
단골,3
백화점에서,3
자체,3
억지로,3
times,3
재워주세요,3
튀김옷에,3
튀겨낸,3
without,3
which,3
3회,3
min,3
생각해요,3
쏘는,3
앙투어솔레,3
아이리쉬,3
그릴링,3
차돌박이는,3
전기밥솥에,3
이상을,3
손해,3
가지의,3
끓여준,3
라따뚜이,3
Small,3
당기잖아요,3
효과까지,3
라클,3
시즌,3
volume,3
필요없는,3
황진선,3
스팸덮밥,3
savory,3
down,3
amount,3
gukbap,3
restaurant,3
away,3
broth,3
잠기도록,3
long,3
So,3
two,3
chewy,3
킬바사,3
학센,3
haxen,3
덩달아,3
beautiful,3
뿌리를,3
게임에,3
더구나,3
game,3
shape,3
추억,3
2차로,3
2servings,3
한때,3
broccoli,3
special,3
투박하고,3
Broccoli,3
않죠,3
상온에서,3
줄기부분,3
봉지를,3
양끝을,3
세워,3
Stock,3
Kelp,3
전체적인,3
사라져요,3
바삭바삭하게,3
만들어보니,3
mo,3
hacer,3
Come,3
fare,3
con,3
Como,3
fazer,3
Comment,3
faire,3
au,3
ch,3
Cara,3
Hvordan,3
lage,3
Hur,3
Jak,3
zrobi,3
Wie,3
자르지,3
체다치즈를,3
al,3
forno,3
봤는데,3
해먹을,3
대체해서,3
9분,3
fy,3
DJBhZD4,3
꽈악,3
뚜껑닫고,3
구워주기,3
부순,3
다듬은,3
익혀주며,3
잘립니다,3
떡꼬치,3
g은,3
반나절정도,3
키친타올을,3
맛있더라구요,3
눌렀을때,3
굳혀주세요,3
붙습니다,3
반죽물을,3
kLT591PuXB4,3
감자계란샌드위치,3
접으면,3
절여줍니다,3
기호에따라,3
더해주세요,3
5ipglercG6k,3
pRxdDOp76lA,3
VOomPVZ0SAY,3
멸치액젓을,3
oCRT1Bnyax4,3
아래에서,3
lhgAmp0S,3
TU,3
크라비아,3
바닐라엑스트랙,3
170도에서,3
커스타드크림,3
들러붙지,3
눌러붙지,3
익혀주고,3
잡아주세요,3
데칠겸,3
물기도,3
감자두부전을,3
흑당,3
180도에,3
감자피자,3
큰술로,3
해피뉴이어,3
원하는걸로,3
노릇노릇한,3
녹차물에,3
150도,3
뒤집으면,3
이뻐요,3
되는게,3
머랭이,3
두꺼우면,3
떨어져,3
구워주고,3
불이,3
Bake,3
wheat,3
구워주는게,3
비주얼도,3
않을정도로,3
after,3
Super,3
next,3
봄과,3
있대요,3
2차발효,3
튀겨주면,3
밤잼,3
알맞은,3
식사하세용,3
치즈케익,3
구독은,3
부쳐주면,3
발라준,3
마지막에는,3
있어용,3
유지하며,3
봅시다,3
투하,3
하인즈,3
케찹은,3
돌리며,3
방문해,3
해드릴게요,3
간단하답니다,3
썰면,3
음식인데,3
준비부터,3
정성이,3
이번주는,3
Melin,3
1주일,3
어깨가,3
녹두전,3
이네요,3
들었는데,3
청포묵,3
샀어요,3
97만뷰,3
배부른,3
맵지않은,3
Eng,3
Sub,3
올리브오일과,3
Multi,3
으로도,3
ENG,3
들깨가루를,3
해물밥,3
빠에야,3
전문,3
4s,3
Steak,3
듭니다,3
봉골레,3
오로지,3
3s,3
비건김치,3
KIMCHI,3
만들다,3
배추절임,3
덖는것,3
그리스,3
냉동밥,3
덖은,3
항암토마토,3
마늘사이즈,3
우림용,3
덖음용,3
가마솥,3
오이소박이가,3
받으십니다,3
반찬인데,3
2ea,3
4ea,3
리스트,3
황태국,3
메밀,3
달라,3
요린이도,3
맛보시면,3
4줄기,3
읽어주세요,3
TOMATO,3
삶아낸,3
풀리는,3
절이면,3
오이지가,3
bueok,3
jaejakso,3
배즙,3
싶었어요,3
와중에,3
제품들이,3
사두면,3
알배추겉절이,3
스파클링,3
가시를,3
붉은,3
출장을,3
위티미티,3
유청분리기,3
매력적이에요,3
담가서,3
정해진,3
상추비빔밥,3
후딱,3
손질전,3
김치풀,3
열무얼갈이김치,3
좋다며,3
생각나면,3
열무김치담그는법,3
담그면,3
요리하는,3
가실게요,3
선택재료,3
후기를,3
시작하겠습니다,3
대박이에요,3
세척을,3
피드메이커,3
푸드듀입니다,3
넷째,3
장조림레시피,3
활용했어요,3
단짠단짠한,3
아이밥상,3
느타리버섯볶음,3
큐레이터,3
워킹맘,3
꼬띠르입니다,3
더워지니,3
금세,3
최근에는,3
초여름,3
손색없는,3
해마다,3
채우닭,3
소고기장조림만들기,3
요리들이,3
들더라고요,3
해봅시다,3
정리해봤어요,3
참치쌈장,3
쌈장이,3
나위,3
중식,3
먹었었는데,3
하던데,3
내려서,3
날에는,3
선호하는,3
자리가,3
토마토도,3
가지나물무침,3
오이지담는법,3
대량으로,3
버리는,3
닭도리탕,3
닭볶음탕레시피,3
근래에는,3
식재료에요,3
메추리알장조림,3
점심을,3
날씨도,3
살랑살랑,3
근처,3
주문했어요,3
조림용,3
올라가고,3
계란장조림,3
베이스,3
비율만,3
통가리로워터,3
레시피라,3
담갔습니다,3
몸이,3
심플하게,3
곤약,3
공복,3
두가지로,3
신세계백화점,3
롯데백화점,3
돼지고기김치찌개,3
비빔국수레시피,3
어쩜,3
오이소박이만드는법,3
매일매일,3
좋은거,3
3바퀴,3
오이참치비빔밥,3
간편식으로,3
골마지가,3
주문할,3
상추쌈밥,3
도시락메뉴,3
열무가,3
김치말이국수,3
열무의,3
순살뼈해장국,3
부부,3
추천이에요,3
건새우를,3
세척할,3
담글,3
천일염을,3
땀이,3
더위를,3
콩을,3
시작하는데요,3
불고깃감,3
아이는,3
당도를,3
에요,3
사천,3
동결건조국,3
마늘쫑고추장무침,3
5월도,3
날엔,3
더하고,3
중사이즈,3
배음료,3
준비하시면,3
베이킹을,3
편이랍니다,3
없기,3
오도독,3
급하게,3
되었답니다,3
들었답니다,3
숯을,3
데이터,3
컨트롤러,3
범례,3
부동산,3
거리,3
통닭구이,3
국에,3
콩나물밥,3
적부터,3
동생이,3
말에,3
있다가,3
염장,3
수분으로,3
철이라,3
양파장아찌를,3
간장만,3
편인데,3
않더라고요,3
그대로만,3
알싸한,3
일찍,3
다르기,3
T는,3
은행나무,3
엄마는,3
있으니까,3
장보러,3
아워홈,3
보이더라구요,3
주문해,3
조리하다,3
예전엔,3
만들곤,3
해먹고,3
수정해서,3
한낮에는,3
햇마늘장아찌,3
담가도,3
도시락을,3
소분하기,3
만들었다,3
하려고,3
줄줄,3
기운이,3
핑계로,3
쭈욱,3
잠을,3
정리한,3
코다리,3
반면,3
준비했는데요,3
취향을,3
감자털털이,3
갔더니,3
햇마늘,3
만들어주면,3
시작으로,3
사진을,3
설명드린,3
요리들을,3
해볼까,3
요리보고,3
어차피,3
가야,3
엄마,3
찜기를,3
씨솔트,3
힘들어서,3
아이메뉴,3
시기를,3
없을까,3
군것질을,3
베이킹소다로,3
핵심은,3
중인데요,3
들려,3
넣었고,3
4바퀴,3
마늘쫑새우볶음,3
조려,3
익어,3
없다,3
이란,3
친정엄마가,3
하답니다,3
요즘에,3
대중적인,3
부분도,3
킹플로트,3
킹퓨전,3
주문하고,3
깔끔해서,3
분이나,3
물미역,3
멍게비빔밥,3
야채들도,3
다이어트식으로,3
입맛에는,3
손질할,3
들기름김치찜,3
김치찜레시피,3
걸리고,3
인기도가,3
양파장아찌,3
팅글,3
레몬애사비소다,3
평일,3
삶아내는,3
디자이너,3
미역국은,3
복잡하지,3
도토리묵은,3
고추장무침,3
사들고,3
옥수수보다,3
최화정,3
동동,3
열무김치와,3
될까,3
올리게,3
보충을,3
알려드릴테니,3
맛봐도,3
글은,3
작성된,3
고메,3
챌리스,3
에디션,3
착착,3
어제부터,3
끓였습니다,3
싶네요,3
초보,3
되니,3
일주일밥상,3
갖은,3
투다리,3
애플망고,3
생바질,3
인기를,3
접할,3
저당소스,3
두세,3
좋아하는지라,3
배추겉절이,3
가락시장,3
담아오는,3
했네요,3
사진과,3
김장을,3
이웃님,3
그다지,3
때마침,3
아니죠,3
김장양념,3
떨어지는,3
쌍둥이들이,3
기본적으로,3
밑반찬을,3
친정,3
상투과자,3
싶은데요,3
정신이,3
새우찌개,3
끓였어요,3
탕을,3
어머님의,3
올려볼게요,3
윤기,3
살아나는,3
떨어져서,3
열무비빔국수,3
붙은,3
신경을,3
올릴,3
환경을,3
과정까지,3
가능한데요,3
고추장입니다,3
싶었지만,3
것만,3
탄수화물이,3
순한,3
며칠전에,3
보다가,3
자라는,3
진해만,3
등가시치,3
있었는데,3
쫑쫑,3
준비하고요,3
건데,3
비하면,3
순대쫄면볶음,3
맵콤하게,3
쫄면소스,3
쫄면은,3
청소년식단,3
피곤한,3
집밥메뉴,3
주었답니다,3
모습이에요,3
팬이맘,3
쪽파가,3
감기는,3
아산,3
하나만으로도,3
없잖아요,3
200원,3
활성산소를,3
청소년,3
출시된,3
콩불레시피,3
콩불,3
콩나물불고기,3
외출하고,3
핵심입니다,3
얹어서,3
이정현,3
대파크림파스타,3
감정을,3
돼지갈비는,3
찰옥수수도,3
코인육수,3
목살을,3
1L당,3
오후의빵집,3
발효종,3
둥글리기,3
국물도,3
고추찜,3
시작한,3
이장우님,3
서리태가득,3
가정식반찬,3
구입한,3
비주얼까지,3
두유당,3
하루두유,3
양배추라페,3
파괴를,3
입안에,3
마녀잼,3
chutney,3
않았는데,3
더워지기,3
영계,3
피코데가요,3
Menu,3
생쥐월드입니다,3
하나죠,3
메뉴이기도,3
동대문,3
후숙방법,3
오담차,3
슬림차,3
빵발효,3
트라이탄,3
숙주볶음,3
urbaneness,3
만드는법에서,3
좌우합니다,3
까다로운,3
사옹원,3
녹두빈대떡,3
플로랑탱,3
점보,3
입장에서는,3
울릉도,3
웨버,3
훈연칩,3
된장무침,3
곳은,3
담겨,3
참나물무침,3
폴딩,3
스승의날,3
올리주모,3
스팸감자조림,3
토마토스튜,3
대가리가,3
독일식,3
큐원홈메이드믹스,3
세종,3
브레빌,3
가지고추장구이,3
때문입니다,2
조미김가루,2
여러분들,2
다가왔습니다,2
떡국은,2
축제를,2
확인할,2
모습으로,2
굴짬뽕,2
지역을,2
지원으로,2
인삼이,2
편견을,2
막히게,2
지난해,2
보내,2
응원과,2
감사하겠습니다,2
아부라소바,2
들어보셨어요,2
paiksool,2
어쩌면,2
예산시장의,2
눈물,2
따듯한,2
예산시장에서,2
먹방,2
변화,2
하시는데,2
그러다,2
예산시장이,2
인사를,2
새로워진,2
얘기도,2
추억을,2
통영의,2
오셔서,2
맘껏,2
뜯고,2
장소,2
조정될,2
기쁜,2
소식이,2
라면왕이,2
번의,2
3연승,2
도전자의,2
될까요,2
주시고요,2
나왔다는,2
라면왕에서,2
만났던,2
라면왕을,2
말씀을,2
하거든요,2
금산세계인삼축제,2
어디서도,2
안동국제탈춤페스티벌,2
안동에서,2
달간,2
팀원분들도,2
100만원,2
도전한,2
분을,2
모았습니다,2
경험이,2
상금,2
팀원분들은,2
대회,2
함께해,2
한신포차에서,2
경험을,2
준비해봤습니다,2
해물과,2
떡볶이의,2
채썬다,2
제거하여,2
사용한다,2
다녀왔습니다,2
시기,2
점검,2
먹자,2
응원합니다,2
전복이,2
운동한다고,2
중이거든요,2
여름이라,2
더운데,2
땡기잖아요,2
라면이랑,2
닭가슴살만,2
초계라면,2
못지않게,2
진라면,2
조점장의,2
천재,2
꿈은,2
한국저작권위원회,2
SE,2
코믹,2
gongu,2
wrt,2
제주식,2
자연에서,2
고기완자,2
뽑는,2
말입니다,2
더라고요,2
3색,2
개성,2
차지한,2
누구일까요,2
도전장을,2
현역,2
뜨겁고,2
이열치열,2
가닥,2
토마토에서,2
뚝배기를,2
눌어붙지,2
익힙니다,2
마늘종은,2
졸인,2
컵씩,2
사용하도록,2
따라내고,2
볼을,2
거꾸로,2
쏟아지지,2
떼어낸,2
으스러뜨려,2
올라가면,2
쳐주세요,2
8에,2
탕수육,2
4를,2
젓지,2
토마토계란볶음,2
붓는다,2
손질하여,2
달걀물은,2
증기로,2
익게,2
주물러가며,2
돼지갈비가,2
건져내어,2
밭쳐주세요,2
건더기스프,2
속잎,2
흡수하면,2
사용했던,2
저어주다가,2
숙주나물과,2
죽고,2
보관하세요,2
응용요리,2
얹은,2
부분의,2
4등분해,2
구멍을,2
하얗게,2
2장을,2
피망은,2
섞이면,2
피망과,2
버무려서,2
자작해지면,2
대부분을,2
스푼씩,2
부드러워지고,2
돌려주면,2
물기와,2
간수가,2
다져준다,2
준비해준다,2
냄비나,2
얹어준다,2
뿌려준다,2
베트남고추를,2
덜어낸,2
쪼개서,2
후춧가루와,2
625,2
감자채에,2
탄력이,2
길쭉하게,2
어슷썰기,2
볶아둔,2
굵직하게,2
죽어서,2
가늘지,2
가열되면,2
페다치즈,2
맛살은,2
풀어지지,2
일하고,2
모습에,2
감동을,2
노하우와,2
손길이,2
1을,2
두부계란찜,2
방울토마토의,2
약10초,2
적용해,2
아랫부분은,2
수분은,2
빠지면서,2
부스러지지,2
개분,2
양념장에,2
찜용,2
새송이버섯과,2
청경채볶음,2
실당면,2
실당면을,2
저은,2
전분1,2
7분간,2
맛소금을,2
타는,2
안쪽으로,2
오므라이스와,2
분량을,2
찢어서,2
프라이도,2
살아나면서,2
기둥,2
양면에,2
양면을,2
팽이버섯도,2
풀어둔,2
트레이에,2
4등분하고,2
슬라이스해서,2
6번의,2
우삼겹과,2
스며들어,2
반하는,2
준비됩니다,2
프리타타,2
도넛입니다,2
브런치나,2
칩스입니다,2
sqA4G,2
KzESg,2
Llu7ohCvlyI,2
밥입니다,2
쿠키와,2
보관했다,2
아침으로도,2
참조하세요,2
ESzXO8BGrSY,2
xzuw5sy9d4M,2
ZjvoJPUFo,2
풍미의,2
봐야,2
파베초콜릿,2
피자와,2
라면입니다,2
크리스마스에,2
깨물면,2
놀고,2
풍성해집니다,2
두부나,2
핫도그입니다,2
듬뿜,2
삼각김밥입니다,2
참치캔과,2
댓글이,2
청양고추로,2
양배추피자,2
준비되는,2
거칠고,2
계시지만,2
힘들어,2
요리에만,2
집중하실,2
얌전,2
볶음라면,2
스리랏차소스,2
OUT,2
데도,2
비타민C로,2
항산화로,2
이래도,2
안드실래요,2
딜을,2
향긋함이,2
살아나요,2
드레싱까지,2
비타민을,2
치커리,2
샌드위치나,2
반찬처럼,2
도시락에,2
보충,2
이뇨,2
작용,2
효과적,2
낮음,2
탄력,2
비타민C를,2
오메가,2
지방분해,2
않으려고,2
스텐밧드는,2
용기는,2
제목,2
보기를,2
이것과,2
시작해볼까요,2
부추로,2
달걀볶음,2
엽산의,2
공급원인,2
만성질환을,2
신체의,2
관리하는데,2
올리브유에,2
흡수율이,2
Sseaweed,2
Lettuce,2
먹느라,2
생야채,2
피부가,2
환해져요,2
oatmeal,2
보약이,2
토마토당근주스,2
양파만,2
사전동의,2
도용을,2
땡기더라구요,2
저번에,2
라면사리,2
한술,2
상태는,2
알리기,2
범상치,2
홍콩반점을,2
나가고,2
직원들,2
최선을,2
빡시게,2
훈련,2
후식으로,2
어때요,2
취업,2
그래픽,2
티셔츠,2
연을,2
shake,2
승부를,2
제복근무자,2
viewform,2
첫째,2
둘째,2
셋째,2
해줄까,2
땡기고,2
되시는,2
달라져요,2
되시면,2
3캔,2
비닐봉지에,2
5cm로,2
찾아라,2
대회가,2
마이콜,2
될지,2
돼야,2
더본,2
몰라,2
웃음과,2
감동까지,2
5시,2
금액은,2
단돈,2
끝은,2
달걀만,2
곁들여서,2
끓이는데,2
100종원의,2
것과,2
2탄으로,2
예고,2
공개됩니다,2
신청하기,2
사짜,2
NV3ofuKlCAM,2
Paesaggio,2
Italiano,2
9PRnPdgNhMI,2
많잖아요,2
마시게,2
이왕,2
방법대로,2
도대체,2
질문을,2
받았는데요,2
허니버터,2
약1과0,2
물엿이나,2
10초,2
대전,2
Source,2
Support,2
중국집에서,2
Love,2
ver,2
Little,2
소녀시대,2
apUnprGe3sI,2
music,2
흑돼지,2
제주에서,2
연돈,2
결제,2
치즈까스,2
홈페이지를,2
가자,2
난다,2
슈퍼,2
감사하고,2
명주페스타,2
페스티벌에,2
한번의,2
모르지만,2
빚는,2
포함해,2
새롭고,2
우리술을,2
다채로운,2
향의,2
방콕,2
있으신가요,2
나라,2
라고요,2
저희도,2
처음이라,2
예상보다,2
개발,2
삽교,2
위생등급,2
부셔서,2
나오게,2
먹어봤지만,2
뭐예요,2
대구뽈찜,2
양만,2
여정,2
식약처,2
테스트,2
조합이에요,2
같나요,2
먹어봐야,2
생겼네요,2
22초,2
2탄을,2
창업자들의,2
시작되는,2
중간점검,2
14분,2
시장을,2
준비했으니,2
홍콩,2
산에서,2
지원을,2
대하여,2
곳이,2
보게,2
곳에선,2
주변,2
맛있게요,2
한판,2
씹으면,2
햄이랑,2
비빔국수도,2
vs,2
치고,2
없겠죠,2
해를,2
시작은,2
중에는,2
2019,2
엄청난,2
속초,2
강원도,2
여유롭게,2
아시다시피,2
밑에,2
응원하러,2
말도,2
놀란,2
거였는데,2
지역의,2
제주도에,2
제주도는,2
귤로,2
살포시,2
제주도,2
진천,2
먹어야겠죠,2
간판이,2
먹어줘야죠,2
짜장면을,2
행복하죠,2
다녔네요,2
가볼까나,2
곱창전골,2
아니겠어요,2
솔직하게,2
이야기도,2
bO5FQBl77VU,2
보셨죠,2
들기름두부구이,2
명란파스타,2
밥하고,2
살려서,2
어때유,2
약5와0,2
시킨,2
최초의,2
고등어통조림조림이,2
모습이,2
이전에는,2
주주총회에서,2
소개된,2
정보와,2
백술닷컴,2
홈페이지,2
뽕잎을,2
딸기크림뭐시기,2
패턴,2
만들었는지,2
잘했쥬,2
주문하세요,2
힘드니까,2
해장국을,2
쌓여,2
없애,2
버릴,2
토마토라면,2
비밀을,2
콩나물이,2
8과,2
햄김치찌개,2
맛없다고,2
자막,2
막걸리는,2
재밌고,2
누룩,2
빚기,2
효모,2
소시지맛탕,2
달걀쌈장,2
불어오면,2
마늘도,2
팀장님의,2
꿀팁까지,2
아빠,2
돼지등갈비튀김,2
김치전에,2
유부김밥,2
넣어봤습니다,2
김밥의,2
유행이죠,2
틀에,2
어려워,2
몰래,2
지점에서,2
빵도,2
코로나,2
가끔씩,2
나는데,2
감사하게도,2
군고구마를,2
흔들리지,2
요리해야,2
맛있겠죠,2
먹자구요,2
풀버전,2
초간단반찬,2
만들려고,2
3분만,2
구워봤어요,2
전복구이,2
전량,2
마라감자,2
출시되었습니다,2
3cm로,2
간장불고기,2
농협,2
기념,2
오프라인,2
복날,2
끓여봅시다,2
저장음식,2
빽햄,2
포인트입니다,2
멸치가,2
없거나,2
방법이랍니다,2
든든,2
버터랑,2
궁중떡볶이,2
together,2
year,2
happy,2
along,2
follow,2
이대로만,2
선물하는,2
막걸리안주,2
중요하지,2
절단,2
담는다,2
없도록,2
굴은,2
제거한다,2
굴에,2
두배,2
3과0,2
630,2
이래저래,2
메리,2
만두전골,2
확률이,2
소고기된장찌개,2
보여드렸던,2
할머니가,2
비법으로,2
백파더,2
뺨치게,2
찾아올게요,2
여름하면,2
간식도,2
옥수수전분가루,2
가운데는,2
차고,2
맞춘,2
튀겨준다,2
편에서,2
때입니다,2
무로,2
소시지케첩볶음,2
간단안주,2
새우칩을,2
새우칩,2
파슬리가루를,2
궁금하시다면,2
바지락이,2
제철입니다,2
버전과,2
닭똥집,2
잔이,2
한식의,2
기본인,2
삶은달걀,2
찜닭소스,2
후지,2
도라지나물,2
나물입니다,2
소금물용,2
간돼지고기,2
보여주는,2
사과조림,2
맛보신,2
달걀볶음밥,2
만능양념장을,2
장사이야기의,2
가게를,2
무엇이,2
종사하는,2
분들이나,2
외식사업을,2
꿈꾸는,2
대표와,2
나누는,2
소통의,2
분기,2
신청을,2
오프라인으로,2
진행되고,2
선별해,2
분과,2
선보이고,2
재구성해,2
게시하고,2
소개되었던,2
부분적으로,2
울림,2
현상이,2
시청에,2
불편을,2
끼쳐,2
삼겹살과,2
삼겹살볶음,2
김치밥,2
만능양파스프,2
만능양파,2
1블럭,2
만능양파가,2
상태인,2
양파게티,2
불의,2
1단계,2
2단계,2
낯선,2
창업을,2
주의해야,2
무엇인지,2
약한불에서,2
움큼,2
고추는,2
반만,2
두어도,2
배면서,2
서늘한,2
햇양파를,2
네모나게,2
깍둑썰기,2
질긴,2
미나리에,2
한쪽,2
4와,2
전분가루를,2
양념소스를,2
토마토케첩을,2
가도록,2
한번만,2
생추간장,2
중새우,2
5리터를,2
생강편,2
5번의,2
3등분해,2
서너,2
등분한,2
올라오면서,2
양송이버섯은,2
피망을,2
유채,2
분량만,2
소고기가,2
도마에,2
대체해,2
미니족발,2
족발이,2
거품은,2
끝부분만,2
아랫부분에,2
건더기를,2
새우살,2
면은,2
포인트에요,2
훈제오리,2
껍질부분에,2
떼어,2
오리가,2
디핑,2
디핑소스,2
생오리,2
편썰고,2
재워두세요,2
고수를,2
짜장라면을,2
양파나,2
등갈비에,2
양념한,2
켜켜이,2
죽순채,2
색깔을,2
거품기로,2
분량이에요,2
볶아야,2
싸기,2
만들기와,2
코팅하듯,2
여분의,2
바를,2
농도로,2
중간쯤,2
자칫,2
구멍,2
스며들면,2
종이호일을,2
알루미늄,2
쿠킹호일을,2
총좌빙,2
말아주시고,2
눌러진,2
슬라이스로,2
제조해,2
에그누들면을,2
볶아주시다가,2
올라오고,2
볶아주시고,2
비닐,2
아까,2
배이도록,2
채썰어주시고,2
둘러주시고,2
덜어내주세요,2
주물러서,2
2을,2
관자,2
옆으로,2
건져주시고,2
새우도,2
건고추를,2
2분동안,2
부어주시고,2
빼주고,2
섞어주시면,2
피쉬소스,2
굴려주신,2
짜주신,2
절반의,2
차곡차곡,2
자숙문어,2
과일들을,2
색감을,2
손질해놓은,2
찜을,2
복덩이들,2
추첨을,2
감칠,2
살려줄,2
남긴,2
볶음춘장,2
냉동면,2
냉동면을,2
줌을,2
삶아지면,2
숙주나물을,2
잘라주신,2
7알,2
만두피를,2
키친타월에,2
가열해주신,2
튀겨주시면,2
덩어리가,2
행궈줍니다,2
익어갈,2
뒤집개를,2
나눠주시고,2
않았나,2
달달하게,2
해줘도,2
대를,2
잎사귀는,2
데칩니다,2
공심채를,2
헹궈서,2
다져주고,2
4을,2
볶아주다가,2
채썰어줍니다,2
둘러줍니다,2
3대를,2
눕혀서,2
올라올,2
유성스프를,2
15알을,2
볶아준다,2
무쳐서,2
분리하고,2
절반으로,2
내준,2
밖으로,2
데쳐준,2
양상추와,2
걸쭉해진,2
건지고,2
두시는,2
빼야,2
연기가,2
수분기가,2
채썰어준,2
초벌한,2
7분을,2
생강즙을,2
튀김이,2
프라이드,2
흐물흐물,2
받쳐서,2
씌워주세요,2
익었으면,2
요리하기,2
볶음밥과,2
야채볶음밥,2
양장피,2
중식을,2
양장피를,2
처리하기에도,2
메뉴인,2
쳐주신,2
오징어는,2
비벼주신,2
통통하게,2
올라온,2
고추마늘,2
8알을,2
굴이,2
반죽해주세요,2
대만맛기행,2
아순갈비,2
보리,2
제거된,2
중정구,2
14호,2
maps,2
위치한,2
맛집을,2
맛집은,2
분리해주신,2
10알을,2
접시째로,2
육즙과,2
마늘향,2
kg를,2
웍에,2
만능소스,2
식초나,2
무방,2
내열,2
Bean,2
curd,2
Salary,2
Miwon,2
직전까지,2
소흥주,2
떼어주세요,2
안심에,2
사리를,2
안심을,2
고춧가루의,2
5알을,2
헹궈주신,2
Brisket,2
공심채볶음,2
g의,2
공심채의,2
30초가량,2
적당량과,2
glory,2
Separate,2
요리하는데,2
돼지비계,2
라드,2
냉동한,2
4조각으로,2
16조각,2
옆면으로,2
칼날,2
모시조개,2
가니쉬용,2
졸여주신,2
식당에,2
병어의,2
다듬어주세요,2
3알을,2
Tree,2
ear,2
Thai,2
건져내신,2
프라이팬의,2
끓여놓은,2
Peanut,2
거뭇해질,2
믹서기,2
하루정도,2
생면,2
가열,2
가열을,2
7마리,2
예열해주시고,2
풀어놓은,2
고명과,2
생면을,2
부숴서,2
삶아진,2
Ginger,2
볶음밥용,2
염도를,2
체크해,2
싱거우면,2
mL와,2
2쪽을,2
제거하신,2
건져내주세요,2
2시간가량,2
하나하나에,2
후추와,2
솔로,2
Abalone,2
Wash,2
abalone,2
boil,2
넓찍이,2
높여주세요,2
밑간용,2
놔주세요,2
프라이팬으로,2
구워주신,2
쏘옥,2
와인에,2
있으시다면,2
버리신,2
호부추의,2
헹궈주시고,2
절반가량,2
가니쉬를,2
잘라놓은,2
Eggplant,2
Scallion,2
약간으로,2
밑간한,2
치대주세요,2
3알은,2
10초간,2
우럭의,2
끼워주세요,2
우렁이살,2
스푼은,2
부챗살을,2
너비로,2
버무려지면,2
깐풍,2
홍초,2
오징어에,2
만두피에,2
170도의,2
터지지,2
사람의,2
나눠주세요,2
사용하신,2
빼놓았던,2
사리곰탕면,2
만드신,2
Half,2
thin,2
Boil,2
버려주세요,2
캔을,2
완자가,2
쟁반에,2
짬뽕라면,2
건집니다,2
후춧가루로,2
맞춰줍니다,2
기다리던,2
실버,2
여러분이,2
즉석밥의,2
볶으며,2
걸러주세요,2
두시,2
조금을,2
130도,2
추가하셔도,2
두시고,2
달궈줍니다,2
식히면,2
차가워진,2
땅콩버터를,2
않다면,2
수빈,2
연희동,2
굵기로,2
두루,2
저어줍니다,2
펴준,2
때에,2
보존,2
손실을,2
15초정도,2
벗겨줍니다,2
풀어진,2
갈비살,2
3등분하고,2
두들겨,2
반쪽,2
취향것,2
토마토케찹,2
fat,2
준비하셔서,2
앞뒤,2
8분씩,2
익스트렉,2
닭과,2
영양가도,2
가득합니다,2
레드페퍼파우더,2
통통하고,2
포테이토,2
틀을,2
느껴집니다,2
한장,2
한장씩,2
호로록,2
햄치즈가,2
햄치즈토스트,2
디저트입니다,2
오렌지로,2
이보다,2
예쁜데,2
감자채와,2
아침입니다,2
버터나,2
각각의,2
fehAx2wZ0P0,2
CWdneaQNR70,2
초콜릿과,2
과일이,2
스파이시,2
꾸덕함을,2
배합초로,2
한국식,2
전자레인지나,2
뿌려주는,2
감싸인,2
식빵요리에도,2
계란요리를,2
영상들도,2
euWL9XbzxGY,2
스팸이나,2
꼬치를,2
치킨과,2
팝콘치킨,2
즐겨요,2
반이상,2
오믈렛과,2
따로따로,2
줄여도,2
녹이면,2
만두소는,2
바꾸어,2
쓰실,2
굴소스와,2
양배추만두,2
최소한으로,2
다이어트와,2
쫄깃함이,2
2년만에,2
2탄입니다,2
야채까지,2
브레드에,2
계란찜입니다,2
노란색이,2
요플레,2
소스만,2
퓨전,2
마늘버터,2
감자랑,2
양파까지,2
지닌,2
내주는,2
마무리를,2
오이까지,2
공갈빵,2
끊임없이,2
오믈렛에,2
상큼함을,2
더합니다,2
김과,2
감자전은,2
사용가능합니다,2
전자레인지에서,2
몰캉,2
달큰하고,2
2배로,2
있나,2
피자도,2
감자고로케,2
만들어보시면,2
베이컨의,2
계란밥,2
묻지,2
하나에,2
황금색,2
보기에도,2
사지,2
생기지,2
저어주면,2
생기면서,2
테프론,2
케이크처럼,2
어울리니,2
Facebook,2
츄러스,2
추로스,2
힘드니,2
포근포근,2
넣어주셔도,2
살찔,2
핫도그처럼,2
보이죠,2
보이는데,2
피자처럼,2
도넛을,2
포슬포슬,2
팝콘입니다,2
닭다리만,2
튀겨야,2
냄새도,2
튀길,2
부서지고,2
신경써서,2
느낌까지,2
아이스크림입니다,2
기다려주신,2
앉아서,2
새싹,2
대체할,2
프라이가,2
머리,2
촉촉합니다,2
대패삼겹,2
사리면,2
Cloud,2
looks,2
Rolls,2
Roll,2
Flour,2
프렌치토스트를,2
꽁꽁,2
경험하실,2
우동사리,2
조절하시는,2
밥까지,2
주의사항을,2
성공하시길,2
마음에서,2
불과,2
쓰시면,2
케이크틀은,2
사용하시는,2
확인하기,2
케이크에,2
지켜보세요,2
집마다,2
밥이나,2
초콜릿으로,2
초콜릿이,2
크기를,2
카스텔라,2
버터도,2
케이크가,2
찰떡궁합,2
넣으시는,2
단무지와,2
소세지도,2
넣으셔야,2
스트링,2
한끼로,2
크기라,2
앞에서,2
들면,2
소량만,2
찾으시는,2
딸기로,2
외출,2
돌아와서,2
제티,2
시절에,2
찾아옵니다,2
2시간마다,2
4봉지,2
디카페인,2
첨가하시면,2
문의가,2
부담스러울,2
만드시거나,2
기름칠을,2
3분이면,2
준비도,2
맛있으면서,2
요청이,2
싫어하시거나,2
큰술만,2
궁금해,2
여러분들이,2
소개와,2
단짠,2
많더라구요,2
메이커,2
법이에요,2
느끼실,2
정도랍니다,2
고생한,2
스프레이로,2
고급스럽고,2
버전도,2
색감,2
생김새는,2
영상으로만,2
않았습니다,2
필요에,2
적으면,2
관계,2
노른자로,2
청양고추만,2
간단요리로,2
아니구요,2
공유해요,2
싹싹,2
볶음과,2
놀면뭐하니,2
유재석,2
서민의,2
음식인,2
보입니다,2
첨가하면,2
담뿍,2
한끼로도,2
나들이,2
대박인,2
어묵만,2
요리합니다,2
대충,2
남았는데,2
페페로치노,2
굽습니다,2
카레맛,2
파슬리로,2
필요없이,2
컵만,2
펴고,2
Leek,2
몸에는,2
부추전이,2
부침개는,2
백종원님,2
비계만,2
끓여요,2
신김치를,2
통통,2
영상이에요,2
풀영상,2
풀기,2
엽산이,2
분들에게도,2
튤립,2
피로를,2
해소하고,2
소화를,2
혈압을,2
낮추는데,2
항산화효과가,2
뭐라는거야,2
살빠져요,2
Sliced,2
찬밥을,2
담굴,2
사용되기,2
채소라고,2
항산화작용이,2
피부미용에,2
글루코시놀레이트,2
시니그린이라는,2
함암작용에,2
위암,2
암예방에,2
카로틴,2
성분들이,2
효능들이,2
들깨무침,2
일주일만,2
Meal,2
Prep,2
귀찮을때,2
육전보다,2
볶지말고,2
계린,2
scallions,2
두부전에,2
단백질폭탄,2
동치미보다,2
10분완성,2
최고에요,2
쇼츠영상,2
미요네즈,2
horseradish,2
고소하니,2
Glass,2
안갑니다,2
밀가루빵,2
먹지말고,2
Walnuts,2
내일,2
peanut,2
환호성이,2
터져요,2
납작만두,2
양배추만,2
접시가,2
아침빵,2
요리하세요,2
양파전,2
난리납니다,2
전은,2
깜짝할,2
한상자가,2
어묵밖에,2
없길래,2
말아봤어요,2
누구도,2
가지찜,2
eggplants,2
이거먹느라,2
순서가,2
그다음에,2
head,2
부침개가,2
기절김밥,2
kfood,2
13장,2
오이무침에,2
oligosaccharides,2
상추와,2
상추로,2
3가지만,2
안들어간,2
오트밀의,2
Mushroom,2
계란말이를,2
쫄깃하게,2
Grain,2
Mustard,2
당뇨음식,2
햄버거가,2
먹더라구요,2
순두부계란요리,2
영상이면,2
채소로만,2
놀라실거에요,2
간단반찬,2
나물요리,2
원팬반찬,2
저수분요리,2
건강레시피,2
건강밥상,2
나물비빔밥,2
반찬레시피,2
묵은김,2
1당근,2
계란몽둥이김밥,2
김밥종류,2
김밥계란,2
계란폭탄김밥,2
배출과,2
양배추사과요리,2
양배추사과다이어트,2
양배추사과주스,2
식빵없는,2
6톨,2
명절나물,2
반찬추천,2
당뇨요리,2
Sriracha,2
cow,2
팔아도,2
난리났어요,2
끝입니다,2
9o,2
l6P,2
zzu0,2
귤레시피,2
흡수,2
효과를,2
숙변을,2
쌈장을,2
바나나의,2
cinnamon,2
castella,2
두달동안,2
먹었고요,2
피하고,2
채우로,2
쉽더라고요,2
깻잎찜,2
고추참치덮밥,2
참치마요덮밥,2
애호박찌개,2
handful,2
9GdgsAXeJY8,2
JrU0Xtp0,2
Fo,2
대파의,2
불면증에,2
상추주스,2
건강음식,2
상추효능,2
상추먹는법,2
사과주스,2
보약,2
참외는,2
독소배출,2
참외샐러드,2
맛있어지는,2
오트밀레시피,2
네모김밥,2
최강,2
비트주스,2
식물,2
형성을,2
축적된,2
내장지방을,2
분해,2
배출하게됩니다,2
신진대사에,2
에너지와,2
활력을,2
신진대사를,2
촉진시키는,2
위험을,2
감소시켜주어,2
효소,2
분비,2
능력에,2
오이사과샐러드,2
아침에도,2
부담도,2
미역전,2
줄이는,2
볶음밥이,2
부추계란말이,2
놀라요,2
PofoawhF6QA,2
YZrxYO6nZAk,2
Rezept,2
resep,2
recette,2
양배추다이어트요리,2
효과는,2
일기,2
양배추물김치,2
100배,2
부추의,2
들깨의,2
지방성분이,2
들깨와,2
강도에,2
참치무침,2
U와,2
칼슘이,2
비타민U,2
치료에,2
해드시고,2
배추다이어트,2
데는,2
면역력은,2
감량,2
Breakfast,2
고구마다이어트요리,2
고구마무스,2
eggrecipe,2
두번에,2
walnuts,2
순삭하는,2
말아먹는,2
깡패,2
오이레시피,2
Be,2
토스트랍니다,2
놀랄지도,2
바나나토스트,2
bananatoast,2
향상에,2
알룰로스로,2
건겅한,2
오이피클과,2
동일하지만,2
식감에서,2
아삭함의,2
끝판왕이라,2
톡쏘는,2
면요리와,2
케미를,2
보여주고,2
입맞에,2
줄이시고,2
스테비아나,2
에리스리톨과,2
먹고있는,2
힘들,2
떨어지고,2
식욕이,2
막아준다고,2
구연산,2
저혈당이,2
먹어주면,2
토스트의,2
심지는,2
심지를,2
날씬한,2
냉면이나,2
돼버린,2
호르몬인,2
생성을,2
돕는,2
존재하는,2
잡을,2
시금치요리,2
맛있은,2
덮밥입니다,2
식품이며,2
섬유소,2
줄여주므로,2
으뜸입니다,2
식이섬유소가,2
원활하게,2
변비까지,2
예방합니다,2
SimpleFood,2
user,2
videos,2
쫀득함의,2
우유떡입니다,2
그릴드치즈토스트,2
Grilled,2
모닝빵요리,2
에그드랍,2
모닝빵샌드위치,2
당근볶음,2
boost,2
순두부그라탕,2
어묵요리,2
의하면,2
사람들의,2
사람들,2
키위는,2
골다공증,2
latte,2
탄탄라면,2
Ramyun,2
라면맛있게끓이는방법,2
Do,2
Chu,2
fnC1Xj5PaiI,2
참꺠,2
sriracha,2
안들어가는,2
eggplant,2
anchovy,2
old,2
refrigerator,2
당근샐러드,2
es,2
뒤뚱뒤뚱,2
감자찌개,2
syrup,2
Hell,2
Shakshuka,2
glass,2
흰밥2공기,2
5분안에,2
카스테라가,2
ice,2
촉촉함과,2
부드러움이,2
더더욱,2
better,2
잡았어요,2
볶아주는게,2
샌드위치로,2
light,2
Recipes,2
Some,2
ve,2
non,2
snack,2
수제초콜릿,2
Three,2
연어초밥,2
떼어서,2
다시팩,2
냉모밀,2
3그릇,2
12월,2
가성비가,2
반숙계란,2
fyp,2
농심,2
참치김치볶음,2
주말이나,2
있는거,2
볶으시고,2
국물은,2
구워요,2
줄이면,2
넣어줘요,2
될때까지,2
다시물을,2
가늘고,2
불고기를,2
떡국을,2
떡국이,2
시간에,2
있는것,2
돼지불백,2
딱이죠,2
감자링,2
감자호떡,2
치킨퀘사디아,2
만두요리,2
구우세요,2
구황작물빵,2
안들어가고,2
쫀득쫀득한,2
식감이라,2
아니예요,2
들지,2
아이들부터,2
세대를,2
하트피자,2
감자대신,2
채워도,2
위에는,2
13cm,2
마스카포네치즈,2
레이디핑거,2
고기만두소를,2
식사대용,2
소진하고,2
레드퍼퍼,2
생파슬리,2
가요,2
뿌려드세요,2
허한,2
3줌,2
기름기는,2
향기,2
기본에,2
충실한,2
감자반죽은,2
매쉬드,2
4종,2
오픈했어요,2
쌀가루로,2
구매자,2
전원,2
다운,2
진밥,2
남도,2
비빔면의,2
최강자,2
팔도에서,2
조리하면,2
맛이랑,2
같구요,2
좋은가요,2
이벤트를,2
참여해보세요,2
조청이나,2
쌀종이가,2
필요해요,2
장미로,2
보이나요,2
장미의,2
표현하기에는,2
분홍,2
소시지가,2
괜찮은것,2
선택했는데,2
분홍소시지의,2
실속파인,2
꽃보다,2
고백해도,2
로메인상추,2
없는데요,2
샐러드로도,2
샌드위치로도,2
부담된다면,2
냉장해놨다가,2
싸기에도,2
허니머스터드,2
맛있지,2
국화꽃,2
와일드,2
못보셨을,2
면요리인데요,2
면요리처럼,2
추가했는데,2
새로운게,2
필요하다면,2
맛들이기,2
타이난,2
관묘면,2
요리해보세요,2
느껴지는데요,2
치즈맛,2
내려면,2
누룽지처럼,2
세가지의,2
조합인데요,2
가족에게,2
채워지는,2
치즈계란,2
들어가기,2
역할만,2
사용해봤어요,2
비타민A가,2
눈건강에도,2
밀가루가능,2
방학,2
시즌인데,2
챙기기도,2
와플로,2
걱정끝,2
질리지도,2
없는듯해요,2
4가지가,2
구황작물,2
킬러들은,2
쌀가루와,2
떡처럼,2
쫀득하구요,2
포실포실하고,2
126,2
빵이랍니다,2
이렇게도,2
한가지만,2
자숙,2
티카,2
갔는데,2
달라고,2
잊고,2
싶고,2
과자처럼,2
겹쳐져서,2
간혹,2
담백해서,2
도넛만들기,2
무궁무진한,2
변신의,2
귀재,2
감자만두,2
만두지만,2
빵과는,2
연유소스까지,2
꿀맛이네요,2
19cm,2
원형틀,2
부대찌개는,2
그렇지만,2
20조각,2
단촐하지만,2
노노,2
원하는대로,2
응용할,2
상관,2
바삭하면,2
발라서,2
덜해요,2
190도에서,2
20분이상,2
구웠는데,2
포근하고,2
소고기의,2
적어서,2
짬뽕은,2
시작부터,2
신기하게,2
걸쭉하기,2
중식면,2
커리,2
마늘치즈빵,2
마늘빵만들기,2
치즈스틱,2
전골이,2
계절이네요,2
담글때나,2
전골을,2
넣어봤는데요,2
소불고기를,2
깊어질거예요,2
드신후,2
만들어드셔도,2
냄비지름,2
천연의,2
비치는,2
꽃모양이라,2
예쁜데요,2
만두랑,2
비슷하니까,2
이벤트로,2
고기속으로,2
PPdwDveXLsM,2
아낌없이,2
123,2
앞두고,2
미루고,2
재구매를,2
둥근달을,2
단호박전을,2
지름6cm,2
찹쌀가루를,2
생략해주세요,2
방앗간에서,2
빻은것,2
익반죽을,2
하므로,2
반죽해,2
찹쌀가루는,2
건조해,2
지니,2
N분의1로,2
나누지,2
추우니,2
생각나네요,2
뭐먹나,2
뚝딱해보세요,2
회원,2
갈비찜을,2
꿀고구마로,2
구워만,2
몇배는,2
초간단이니,2
방법이예요,2
꿀고구마파,2
밤고구마파,2
어느쪽이세요,2
파였는데,2
번갈아서,2
먹어야겠다,2
후기도,2
괜찮네,2
사보면,2
없는게,2
많은지요,2
샀을때,2
난감해요,2
유목민,2
벌꿀고구마,2
계세요,2
몇개월의,2
시기라,2
드셔야해요,2
자연의,2
단맛이라,2
아이들이나,2
필수인데,2
링크되어,2
고기반찬,2
뚝딱이죠,2
질퍽하게,2
7X8lfkuIlI8,2
참여하기,2
먹어줘야,2
매운갈비찜,2
우리집이,2
양푼에,2
많네요,2
원없이,2
먹을때마다,2
누린내에,2
민감해서,2
이거는,2
발견,2
맛있잖아요,2
나구요,2
가래떡,2
치즈꿀감자,2
치킨파스타,2
지름8cm,2
추가하는,2
헹궈주는,2
말아줄때,2
찬밥의변신밥도그,2
갈치조림,2
어릴때부터,2
늙은호박,2
우유빵과,2
갈릭치즈,2
퐁듀처럼,2
딸기잼이나,2
손님이,2
왔을때,2
브리치즈,2
또띠아레시피,2
설명에,2
구매후,2
이벤트도,2
요리법도,2
치즈맛도,2
추천드리구요,2
맛보세요,2
레시피이니,2
물3,2
별미예요,2
그에,2
무조림은,2
빨갛게,2
때보다,2
크레미,2
불끄고,2
불어서,2
준비하려면,2
그럴때는,2
계란지단도,2
매콤함을,2
계란지단,2
윤기도,2
감자튀김보다,2
몇개,2
만들자마자,2
큰감자,2
감자전분도,2
만만하게,2
영양소와,2
활기차게,2
다가오면,2
안나죠,2
호두까지,2
간식이지요,2
다시마1,2
생선조림,2
데우지,2
편하도록,2
만들었으니,2
할로윈하면,2
생각마시고,2
할로윈이니,2
양송이스프,2
심심하고,2
소리에,2
아니라서,2
치즈시즈닝,2
감자라,2
감자반죽,2
만두라고,2
해야할지,2
전처럼,2
쌈무,2
볶은김치,2
두부요리예요,2
싫어하시면,2
날거예요,2
부침두부,2
마른고추,2
베이킹에,2
특허,2
된다니,2
박력,2
적합해요,2
이기,2
오리는,2
다이어터,2
곁들였더니,2
채널에서,2
18일,2
4일,2
가보실까요,2
적셔서,2
보드랍고,2
필요할때,2
늘상,2
예쁘기도,2
주스를,2
딸기우유떡,2
비슷한듯,2
무거운,2
발효과정을,2
로스트감자,2
감자오믈렛,2
계란카츠,2
모습,2
나올때,2
많으셨죠,2
가정에서도,2
찍먹으로,2
바삭하구요,2
왔네요,2
사각통에,2
초대용,2
습하고,2
수박자르기,2
과일디저트,2
아이돌들이,2
먹었다는,2
있을것,2
배합된,2
식단이니,2
안되고,2
나오네요,2
정리해서,2
비할,2
맛있지요,2
설탕만,2
만드나요,2
생각하시면,2
대란,2
곁들어서,2
이상이,2
또띠아에,2
또띠아롤,2
11장,2
놓으니,2
오렌지와,2
오렌지향이,2
부담스러울때가,2
고급지고,2
감자도,2
사이즈가,2
작은편,2
반찬이나,2
에그샌드위치,2
센스,2
속재료가,2
만두피는,2
좋아야,2
맞추기,2
완성됐어요,2
장어구이,2
장어일까요,2
식감이예요,2
154,2
통통한,2
냉장보관했다가,2
밀가루만,2
씹을수록,2
슴슴한,2
속재료로도,2
매콤한게,2
양갱,2
찰떡을,2
사용하는데요,2
강정으로,2
강정,2
배합으로,2
오븐이나,2
않을때,2
추천하지,2
대왕,2
카스테라는,2
설명했으니,2
호박고구마,2
빠짐,2
오트밀을,2
스며,2
사과파이,2
초콜릿잼,2
귀찮다면,2
볶은깨,2
샤브샤브용,2
한가닥씩,2
해주시던,2
독특하고,2
베이스에,2
주기,2
맛이며,2
빵으로만,2
이럴때,2
기름도,2
72,2
다양한데요,2
플레인으로,2
만든다면,2
어울리는데요,2
설거지,2
달거나,2
백설기,2
빵보다는,2
뿌려도,2
바삭해서,2
반죽할때,2
말랑한,2
기대이상으로,2
가족들도,2
깊은맛이,2
도넛과는,2
가족들의,2
초록바나나,2
김치치즈,2
배어서,2
기술이,2
다가오니,2
아니더라도,2
3가지로,2
생지,2
맛집에서,2
만들어낸,2
빵인데요,2
양파수프,2
스며들고,2
어우러지니,2
훌륭하네요,2
슴슴하지,2
혼합,2
들어서,2
페투치네,2
말랑말랑,2
5jVwPV1WBAQ,2
발효과정,2
식감이며,2
제격인데요,2
작은크기,2
파스타로,2
매운맛은,2
펜네,2
레몬향이,2
112,2
3분만에,2
주의사항만,2
지키면,2
케이크틀,2
로제파스타,2
비율이,2
높으면,2
어렵다고,2
팬으로,2
간편하면서,2
계란말이는,2
쪽파나,2
스콘을,2
싶어지더라구요,2
레드커리,2
샬롯,2
먹었을때,2
고추의,2
입맛에도,2
여행도,2
어묵탕과,2
감성을,2
토스트용,2
카라멜시럽,2
면요리를,2
불지,2
편하구요,2
소금생략,2
33s,2
훌륭해요,2
10inch,2
6inch,2
곁들인,2
고소함까지,2
종이컵1,2
커피향,2
바사삭,2
모카번은,2
지름10cm,2
입히면,2
파사삭,2
딱이예요,2
그릇은,2
그릇이,2
유지방,2
자이로는,2
터키의,2
참고하시면,2
드시기에도,2
61,2
쿠키가,2
지켜,2
심플해서,2
케이크와,2
카스테라의,2
실패할,2
케이크예요,2
사각틀,2
집근처에,2
중력분가능,2
쿠키로,2
치즈소스와,2
피자에,2
정사각,2
레몬제스트,2
안넣어도,2
중화풍,2
한국인,2
야채빵,2
야채의,2
한김,2
손바닥만한,2
사이즈라,2
64,2
5방울,2
프레첼은,2
과자예요,2
좋으며,2
간식이예요,2
참치소스,2
시간만,2
빼면,2
웨지감자,2
기름이나,2
닭은,2
다시는,2
뼈없는,2
어른부터,2
아이까지,2
불리기전,2
드는데요,2
흔하게,2
소금2꼬집,2
치댈,2
와인과,2
해먹을지,2
마시면서,2
즐기기도,2
4방울,2
되었다면,2
15분정도,2
넣었다,2
말면,2
흘러나올,2
튀길때,2
흰설탕으로,2
딱딱하니,2
두부조림을,2
14cm,2
코팅용,2
어른들의,2
않는답니다,2
도너츠는,2
간식이랍니다,2
부족할,2
때만,2
적으므로,2
넣어주거나,2
단호박으로,2
난을,2
도깨비,2
호박의,2
나무꼬치,2
소금3꼬집,2
개정도,2
테스트로,2
튀겨보세요,2
부족하면,2
느껴지지,2
제거용,2
갓성비,2
주먹밥이랍니다,2
천국의,2
소란은,2
식빵2,2
감자전이예요,2
고추나,2
아이스박스,2
씌운다,2
토마토1,2
여름이면,2
간장비빔국수를,2
어린잎채소,2
재료지만,2
키위가,2
붙인다,2
굽는다,2
마무리한다,2
3차례,2
삶은감자,2
튀겨낸다,2
김밥보다,2
장아찌와,2
수미감자칩,2
포테이토칩,2
넓이로,2
최고랍니다,2
팬케이크가루,2
녹인다,2
바닥을,2
밥솥에,2
데쳐준다,2
치즈김밥,2
계란5,2
생각하지만,2
황금레시피입니다,2
찍어주세요,2
굴의,2
육수의,2
소금넣고,2
흑설탕3,2
반쪽은,2
녹기,2
견과류로,2
겨울간식,2
재현한,2
돼지앞다리살,2
올리고당0,2
굴소스1,2
고운고추가루1,2
밥한공기,2
데코용,2
당근약간,2
참기름1,2
대파약간,2
식빵의,2
반대편,2
조려지면,2
삽겹살,2
어묵2장,2
고추장1,2
다시마는,2
고기나,2
우유반컵,2
단호박은,2
잠길만큼,2
꼬치에,2
2분30초,2
짜지않은,2
맛있엉,2
우엉조림,2
Good,2
소세지는,2
달만,2
익히지,2
생으로도,2
어색했지만,2
대대대강추,2
만나보기,2
J1miRER2vr,2
환불,2
교환,2
밀양,2
dJdAz7w5XN,2
M8LSfz2aYb,2
5입,2
1Lxy7aglzA,2
간장조림,2
어려워요,2
정해줍니다,2
RunHDQGHAp,2
31까지,2
미첼리,2
센사트,2
베르데,2
TppxxkFNRn,2
수프리모,2
8AMuBtIMaY,2
구성도,2
남았네요,2
나가는,2
한정수량,2
추가는,2
공구를,2
알람,2
인기템,2
Made,2
물만으로,2
기름때가,2
변색,2
휴대폰번호,2
해봤는데,2
베이컨요리,2
11750275453,2
품절이,2
못하신,2
수량이니,2
주물냄비,2
입문자분들께,2
초강추,2
1년내,2
교체,2
내부코팅,2
불량인,2
한함,2
이음선,2
일체형,2
식음료는,2
선택하세요,2
모두의육수,2
뿐입니다,2
야채육수,2
환자식,2
빵빵한,2
맛도리,2
쿠마토,2
마시멜로우,2
팥앙금,2
치킨이,2
해먹기는,2
빠에야도,2
밀크티도,2
밥소믈리에,2
자격증인데요,2
100여명,2
밥맛을,2
품종별,2
황금비율로,2
쌀이에요,2
이반,2
블렌딩쌀,2
빠에야에,2
삼광,2
tT9AmEVr6i,2
밀크티에,2
신동진,2
QoA68mRDSw,2
클릭하세요,2
알아보기,2
새우레시피,2
요리동영상,2
바닐라익스트랙,2
가리비요리,2
홈카페레시피,2
뚜껑X,2
요거트볼,2
시리얼볼,2
계란풀기,2
전부치기,2
컬리플라워,2
고구마활용,2
커피스니퍼,2
카페차,2
펠트커피,2
구경해보세요,2
IMdYCmJxV2,2
설향딸기를,2
설향딸기,2
s2VBZ8RtSk,2
대가야,2
bTmuLbVGv9,2
주말메뉴,2
숙성하면,2
에어프라이,2
연말엔,2
까나페에,2
백악관,2
레인코스트,2
보존제,2
인공향료,2
트랜스지방,2
mpvkGagLzN,2
XJv7c17Q8q,2
바른피자생활,2
본지오바니,2
kAj1UixD3W,2
5AJEBmPBKA,2
플레이팅으로,2
르크루제,2
수십,2
완성했어요,2
도중에,2
포기할,2
김치볶음밥김밥,2
초코컵케이크,2
ranglu,2
10685408993,2
사용량,2
구매가,2
그릴리,2
인위적인,2
든든합니다,2
만듭시다,2
마들렌만들기,2
계란두부,2
쌀식빵,2
신세계상품권,2
구매완료,2
4321,2
235,2
치킨레시피,2
후라이드치킨,2
컵케이크,2
쿠키슈,2
찾았어요,2
아쉬울,2
꽃게액,2
임박,2
맛있음,2
광파,2
만두만들기,2
밥만두,2
밥요리,2
푸딩처럼,2
동원맛참,2
고소참기름,2
중독적인,2
매콤참기름,2
김밥이나,2
추가할,2
동원,2
통밀빵,2
불안쓰는요리,2
쉬운베이킹레시피,2
커뮤니티에,2
밀폐된,2
이태리,2
유일합니다,2
백화점에,2
중이실,2
공식몰,2
상당의,2
체리레시피,2
Down,2
땅콩버터요리,2
여름별미,2
공갈빵만들기,2
치즈돈까스,2
미국북서부체리를,2
대상,2
식빵레시피,2
귀여운쿠키,2
런칭,2
산딸기,2
이걸로,2
연어요리,2
공지,2
광고아님,2
샐러드레시피,2
버터롤빵,2
넘으면,2
선선한,2
오트밀쿠키,2
고온,2
원터치,2
저소음,2
말할,2
브레드,2
베이킹레시피,2
양배추롤,2
야채롤,2
에그푸딩,2
쌀과자,2
시리얼만들기,2
줄이지,2
아침메뉴,2
Baking,2
155,2
정신없는,2
체험단으로,2
우수,2
선정,2
함박스테이크,2
장인,2
올려봅니다,2
수분량이,2
상태를,2
새우볼,2
유유,2
소금빵은,2
먹물,2
통밀쿠키,2
틀도,2
쌉쌀한,2
부라타,2
붓지,2
대란을,2
야채볶음은,2
반죽합니다,2
작업대에,2
르뱅,2
쿠키를,2
커버춰,2
찰랑찰랑,2
마카롱,2
촬영,2
깻잎이,2
튀김옷이,2
두껍고,2
포카치아,2
가정식,2
휴지해주세요,2
치킨랩,2
칠리소스,2
찐감자,2
맥주빵,2
눈감고도,2
올렸어요,2
계란흰자,2
트레이,2
기계가,2
쫀쫀,2
한뒤,2
스틱으로,2
올리기,2
완벽히,2
로즈마리,2
이스트도,2
질기를,2
굽지,2
Puff,2
fries,2
두거나,2
strong,2
연유가,2
피자팬,2
펴주면,2
묽거나,2
우유구이,2
Baked,2
yolks,2
갈지,2
부치기,2
replaced,2
담백함이,2
Oven,2
공룡알,2
grams,2
g이면,2
꾸덕꾸덕한,2
용량이,2
봤을,2
buns,2
이스트와,2
Chop,2
ladles,2
handfuls,2
dough,2
place,2
cut,2
bite,2
six,2
grill,2
마늘빵이,2
잠자고,2
없을까요,2
두부유부초밥,2
유부와,2
cubes,2
rest,2
데운다,2
섞어주기,2
one,2
using,2
bubbles,2
반짝이는,2
Crystal,2
Glaze,2
디저트는,2
sparkling,2
jelly,2
filling,2
moist,2
Even,2
투명한,2
얻습니다,2
Your,2
give,2
cube,2
rich,2
social,2
media,2
its,2
elegant,2
show,2
사용하시는게,2
Grapefruit,2
Earl,2
Grey,2
얼그레이와,2
classic,2
Try,2
gift,2
than,2
Subscribe,2
start,2
알알이,2
과육을,2
정도까지,2
제육볶음용,2
볶음양념,2
오징어채볶음,2
계란전,2
감자조림은,2
조선고추장으로,2
차원이,2
임금의,2
제맛이,2
이마트에서,2
경품행사,2
24년,2
목살조림,2
애호박무침,2
잔치국수보다,2
멸치육수주머니,2
꽈리고추요리,2
식혜,2
238,2
종이컵으로,2
삼겹살요리,2
통개,2
충분,2
찾으세요,2
폭탄계란찜,2
좋아하네요,2
감칠맛까지,2
알배기배추,2
고추장양념,2
넣기만,2
반포기,2
해장국보다,2
멸치무침,2
계란삶는법,2
압력밥솥,2
으깨면,2
양념장으로,2
옥수수수염,2
비벼보세요,2
않다는,2
노각무침,2
2분만,2
즐거워집니다,2
사오세요,2
무쳤더니,2
미처,2
몰랐습니다,2
젓가락을,2
100장,2
깻잎무침,2
분들이라면,2
제육볶음보다,2
국물용,2
묵은지김밥,2
맛있으까,2
뜨끈하고,2
미역국을,2
고슬고슬,2
소고기무국,2
국끓이기,2
추석에는,2
전도,2
고추다짐,2
흘리면서,2
냉라면,2
혈관을,2
미역과,2
itemId,2
LM8801052079868,2
환호를,2
숙성하여,2
밥상이,2
잡아줍니다,2
앞으로는,2
가르면,2
두부참치전,2
로제떡볶이,2
보시고요,2
무침과,2
된장과,2
척척,2
풀어주는,2
인정하는,2
정신없이,2
땅콩가루,2
양념소스,2
뚝딱하고,2
사라지게,2
부르는,2
쌓인,2
명절이,2
평소에도,2
부산에서,2
양념의,2
꽈리고추의,2
풍요롭게,2
감칠맛있어서,2
공기는,2
8포기,2
술빵,2
막걸리빵,2
부재료로,2
대한민국,2
더하여,2
덜어줄,2
당분으로,2
고추장의,2
절묘하게,2
비율에,2
고마운,2
국간장을,2
국물맛을,2
남자가,2
감자채가,2
굵기,2
무더위를,2
식혀줄,2
오이물김치,2
기가막히게,2
날이면,2
이제부터는,2
찍어서,2
메추리알을,2
어묵볶음을,2
살려보세요,2
옥수수찌는법,2
들기름과,2
산다,2
간장양념에,2
조림장에,2
1근,2
김밥이지만,2
두부계란부침,2
닭꼬치,2
보관했다가,2
보장,2
찢고,2
멸치로,2
김치전을,2
아마씨,2
아삭함은,2
부침개만들기,2
임성근,2
번거롭지,2
인분,2
없기에,2
기름없는,2
맛있어야,2
짭조름하고,2
치즈가래떡,2
호떡맛가래떡,2
매콤달콤한,2
쌈이나,2
물김치를,2
효능도,2
쪽파로,2
고추향과,2
이쁜,2
짠맛을,2
좋기로,2
꼬들꼬들한,2
활용하세요,2
농축된,2
쉽지않죠,2
새삼,2
끝판왕을,2
더워진,2
날씨로,2
살리는게,2
안나는,2
황금레시피를,2
먹으며,2
주시던,2
기존의,2
짝궁,2
상관없습니다,2
다신,2
들이키면,2
봄을,2
즐기세요,2
사용했지만,2
횟수가,2
향기가,2
식욕을,2
용도,2
굵은멸치,2
저염식,2
총각무,2
bQqfM,2
밑간하기,2
콩튀김,2
깨끗히,2
튀기기,2
땅콩조림,2
필수입니다,2
아욱된장국,2
공개하겠습니다,2
아욱,2
국물멸치,2
이슈가,2
드라마,2
게임,2
잠시나마,2
누름판,2
나무젓가락,2
고들빼기김치,2
5단,2
먹어보자,2
냉우동,2
참치김밥을,2
올려준,2
군만두를,2
알리익스프레스,2
가정의,2
오마카세,2
진행,2
재고,2
소진,2
000명,2
육개장은,2
컵누들,2
봄동은,2
만들어보자,2
보관해서,2
쎈불에,2
끓여내줍니다,2
마무리해줍니다,2
3분에,2
kind,2
지금처럼,2
반복되는,2
일에,2
당신의,2
ways,2
기다릴,2
My,2
휴식은,2
Candelion,2
thing,2
past,2
Hand,2
That,2
매일같이,2
마음은,2
Take,2
Blue,2
여러분들의,2
영상엔,2
함께해주셔서,2
what,2
am,2
sony,2
35mm,2
f1,2
a6400,2
재료들과,2
자유로운,2
조리법을,2
생각하는데,2
Please,2
press,2
포함된,2
하는것이,2
방치되어,2
뿌듯한,2
함께헤,2
work,2
important,2
finish,2
belief,2
becomes,2
best,2
finishing,2
wish,2
일상에서,2
작지만,2
바래봅니다,2
간접광고가,2
tag1318,2
선명하게,2
버섯위에,2
190도,2
기름때를,2
집안,2
오미자청,2
티스트림,2
들려오는,2
생활의,2
한달,2
솔직한,2
확실한,2
소확행,2
음악을,2
요청해,2
걸린,2
이에요,2
꼬박,2
해그린달의,2
브이로그를,2
최적화,2
도마,2
실제로는,2
Sony,2
담아봤어요,2
마음까지,2
만나게,2
된다면,2
인지,2
촬영하고,2
돼지고기만,2
팝콩,2
탕후루,2
시럽이,2
행복하고,2
끝가지,2
다음주,2
대파보관법,2
특성상,2
세척하는건,2
담지,2
인사드려요,2
다음영상으로,2
bibimbap,2
늦었어요,2
다음번엔,2
HYP,2
되어요,2
다음번에,2
스파이크도,2
해보시길,2
대파요리,2
dMlhLiDdo,2
양상추요리,2
딸도,2
49HW,2
H8VC6w,2
당뇨에,2
유산균과,2
먹이가,2
최고로,2
고려한,2
아몬드버터,2
C0wflO4iE8A,2
소개하니,2
소개하고,2
절임을,2
사과로,2
지속하기,2
6일,2
유동,2
골뱅이는,2
유명하지만,2
총정리,2
VAoGlVfF5fk,2
빠져있는,2
샌드위치까지,2
kg에서,2
요리와도,2
Bibimbap,2
스무디는,2
사용했고,2
신선도를,2
식히는,2
기준을,2
즐거움,2
중이에요,2
아끼지,2
인기있고,2
만들었고,2
담백,2
리코펜,2
성분으로,2
흡수가,2
뽑아,2
복날에,2
냉국은,2
부족하기,2
미네랄을,2
삼계탕,2
ChickenRecipe,2
공간이,2
잦은,2
디스크도,2
jceEj6Jpt24,2
황화합물,2
수용성,2
수분과,2
오지,2
저렴하지만,2
lowcarbrecipe,2
무기질,2
풍부한데,2
비슷하기도,2
관리에,2
유명한데,2
고혈압에도,2
감량에,2
2주간,2
재료없이,2
절임물에,2
곰팡이가,2
치킨이나,2
구독자님이,2
허리,2
누워,2
지내다,2
편집,2
재업로드를,2
무니키친에,2
평균,2
계절이라,2
Everyone,2
lost,2
weight,2
줄어드는,2
건강해서,2
거뜬히,2
커뮤니티에서,2
금새,2
양파장,2
다다기,2
선물세트,2
가지씩,2
공유하고,2
31일,2
설명은,2
배합하여,2
초딩,2
식단이에요,2
풍부한데요,2
jack,2
간에,2
잠도,2
양배추전을,2
당질이,2
토마토퓨레,2
샐러드도,2
보려고,2
가능해서,2
감동,2
날씬,2
손실,2
식구들도,2
냉채,2
가족과,2
오독한,2
v1pH58lRtAw,2
5월이면,2
생각나곤,2
김밥이에요,2
직장인,2
현실적인,2
토스트도,2
MOONYKITCHEN,2
버거도,2
쉬는,2
루틴으로,2
야채요리,2
클렌징,2
안먹는,2
400만,2
개인에,2
양배추볶음,2
NSgg3,2
tGmx,2
EjyIh,2
AZLZ8,2
농장에서,2
10,2
용량에,2
부담스러운데,2
되니까,2
즐기며,2
라이스페이퍼에,2
무니키친이,2
FTB,2
BVCB6Ww,2
시원하면서,2
설에는,2
잡채에,2
당면대신,2
두부면을,2
무나물은,2
인기메뉴,2
코팅으로,2
안전을,2
소음은,2
대해서,2
살펴보니,2
1구,2
가장자리,2
그럼에도,2
안전,2
겨울요리,2
빼주는,2
요리들,2
VBbF,2
mjA4O0,2
칼로리도,2
VXUKA6i,2
Hhm5,2
fjVBX0,2
안전하고,2
소재를,2
퍽퍽하기,2
설탕없이,2
도구가,2
머리를,2
woCk7yC6lzo,2
두부밥,2
XOEZO3BsE,2
닭요리를,2
49HUtcAVYbg,2
VeFjyod88Qg,2
화석이,2
닭가슴살이,2
열량은,2
xHjzFg,2
tQI0,2
그린스무디,2
l0Sjlsbk3ds,2
커리를,2
느낌입니다,2
향신료를,2
비용,2
불편한,2
롯데마트,2
홈플러스,2
푹신하고,2
칡전분,2
아침식사는,2
먹으려,2
마셔요,2
섭취하는,2
그때는,2
돼지고기로,2
남겨둘게요,2
오이비빔밥,2
곤약밥으로,2
법한,2
조합인데,2
이더라고요,2
매달아,2
파프리카로,2
느낌과,2
시원해,2
더건강한,2
챌린지,2
YT,2
CJ,2
가지반찬,2
드시길,2
팽이버섯밥,2
두부달걀볶음밥,2
이전,2
볶음밥도,2
가지조림,2
김치찌개는,2
없을때,2
파트너스,2
일정액의,2
양배추비빔밥,2
트윈프레셔,2
색상,2
모드를,2
익혀주는,2
모드,2
두부까지,2
풍부합니다,2
추가되어,2
재생목록,2
저렴하지,2
아구찜,2
스타일입니다,2
보셔도,2
훈제,2
비싸고,2
1묶음,2
크러쉬드레드페퍼,2
채소전,2
추천템,2
30가지,2
프리,2
끓이니,2
요리해봤어요,2
쿠첸의,2
제품정보,2
걸리지,2
제철요리,2
제품들,2
79,2
77,2
대용,2
zNYGLf8,2
m7Abm5,2
거뜬합니다,2
투게더,2
아이디에,2
입력해,2
가입하신,2
혜택이,2
세척법,2
곤약쌀,2
무니데이,2
손바닥,2
오뎅,2
적립된,2
쿠폰은,2
소개하는데,2
사용하겠습니다,2
detail,2
식빵도,2
소상공인을,2
지원하는,2
캠페인에,2
email,2
제품명,2
입력,2
할인이,2
적용되며,2
적립되어,2
컨텐츠를,2
청오이,2
썼는데,2
애플사이다비네거,2
야채전,2
무항생제,2
단점,2
실패한,2
물건도,2
할인은,2
이상구매시,2
치폴레,2
다지는,2
그레인,2
에너지원이,2
상담하세요,2
함유된,2
건강상의,2
향은,2
정제,2
다시마와,2
한살림,2
간편요리,2
계절입니다,2
초여름의,2
싱싱하고,2
풍부하답니다,2
되겠죠,2
쥬키니,2
길가에,2
서양,2
민들레는,2
medicalnewstoday,2
articles,2
오염된,2
알레르기가,2
가이드,2
큰일,2
side,2
달고나라떼,2
올리지,2
중에도,2
상담,2
단맛에,2
결론,2
자료,2
소고기로,2
갈비탕을,2
끓여봤어요,2
대부분의,2
사람들은,2
사료를,2
씨앗,2
생과육,2
풍미도,2
파르미지아노,2
레지아노,2
하신다면,2
고단백질,2
볶음탕용,2
당분이,2
생각했어요,2
680,2
bkJ9,2
tIUmMI,2
치즈케이크입니다,2
좋거든요,2
치즈케이크는,2
달아요,2
sweetener,2
밀프렙으로,2
FMD,2
히비스커스티,2
청귤차,2
아래의,2
건강식품은,2
과잉섭취,2
힐링템,2
치즈폼,2
쌉싸름한,2
몽크프룻,2
Classic,2
podwer,2
Its,2
산뜻한,2
키토제닉,2
strawberry,2
채식하시는,2
strawberries,2
매스,2
럼주,2
코앵트로,2
Vanilla,2
375,2
Heavy,2
보틀,2
추천드리고,2
감미료를,2
bottle,2
fully,2
combination,2
저항성,2
개선을,2
목표로,2
식이요법과,2
병행하고,2
간헐적단식,2
코코넛밀크,2
Nutrition,2
Facts,2
하는법,2
핸드드립,2
At,2
핸드드립으로,2
원두는,2
6배,2
roast,2
코코넛가루,2
카카오닙스,2
Oil,2
drops,2
helpful,2
content,2
cauliflower,2
영양성분,2
보관해야,2
보관까지,2
keep,2
완두콩요리,2
강낭콩,2
깐것,2
식초물,2
막힌,2
이것에,2
절여야,2
아삭아삭해요,2
김치만,2
다시멸치,2
맛있다니,2
놀랍습니다,2
둥근호박,2
노각지,2
7L,2
벌어집니다,2
플레인요구르트,2
메주,2
전화번호,2
말날,2
손없는,2
29일,2
24일,2
28일,2
너무빠져,2
2주에,2
92,2
B5,2
87,2
여름동치미,2
콩나물에,2
육수재료,2
고기없이도,2
사포닌,2
2배가,2
초특가,2
전화주문,2
비빔국수는,2
5잎,2
쑥개떡,2
1년보관법,2
고추씨가루,2
쑥요리,2
감탄이,2
꿀맛보장,2
끓인물,2
cp,2
없애는,2
청각,2
아삭거리는,2
알았더라면,2
배추된장국,2
양조간장1로,2
검색을,2
누르시면,2
기름지게,2
공복에,2
함유한,2
나트륨을,2
bluehouseasdqwe,2
blue,2
뛰어남,2
빈혈,2
함유,2
돌나물에는,2
신맛이,2
촉진하는,2
면역력강화,2
철분이,2
천일염듬뿍,2
물없는오이지,2
오이지용오이,2
꽃봉오리제거후,2
멸치부추볶음,2
마늘쫑조림,2
740,2
가지절임,2
간장어묵볶음,2
식당밑반찬중,2
몇번을,2
리필하는,2
어묵볶음레시피입니다,2
어묵5장,2
파마늘기름낼때,2
바꾸면,2
참치액0,2
멸치의,2
가장쉽게,2
부추오이무침,2
매끼마다,2
걱정될때,2
무치는,2
풋마늘대,2
낮은액젓으로,2
대파초록부분,2
봄날에,2
샐러드드레싱,2
만능샐러드드레싱,2
힘들죠,2
파인애플드레싱으로,2
고기까지,2
나와우리가족에게,2
통조림슬라이스파인애플7조각,2
믹서기에갈아준재료,2
통조림과일이라,2
단맛과신맛이,2
가미되어있으니,2
단맛과신맛은,2
맞게가감하세요,2
햇반기준,2
치자단무지,2
참치캔1통,2
김가루또는,2
생선무조림,2
생각해봤어요,2
느타리버섯전,2
새우전,2
느타리버섯1팩,2
시판용재래된장,2
개어놓은,2
액젓과된장의,2
염도는,2
가정마다,2
어묵4장,2
평생꿀팁,2
날콩가루,2
채에거른김치국물0,2
정말맛있는,2
계란8알,2
두부1,2
가장맛있게,2
먹는방법,2
건더기만,2
대박식당,2
추운겨울엔,2
작은청양고추,2
고기밑간,2
끓이는시간,2
파뿌리,2
무1토막,2
간만,2
바쁜아침,2
후루룩,2
대파흰부분한뼘정도,2
김가루약간,2
액젓으로,2
일반액젓일경우,2
김장철이,2
묵은지1,2
시판용재래된장0,2
고사리나물,2
삶은고사리,2
한뼘길이,2
정도에,2
밑반찬도,2
그럴땐,2
아쉬웠지만,2
표고버섯3통,2
밥과함께,2
구매한모든분께,2
기력증진에,2
더운여름,2
더운여름에,2
잘어울리는,2
요리했다면,2
고기처럼,2
들어갔다,2
걱정을,2
통마늘10알,2
닭백숙,2
580,2
선택입니다,2
건강에는,2
조림해보세요,2
채널로,2
방문해주세요,2
봄동겉절이,2
계란찜레시피,2
할수,2
식용유0,2
부족한간은,2
참치액을,2
배추3포기김장,2
LkS7lJypjJQ,2
배추5포기김장,2
LrzsLMviGqY,2
lzMrovl2MU0,2
ZsrGQvJ,2
woA,2
o6cq7HQbRq4,2
S7qcu7iFvB4,2
60키로절임배추김장,2
E7EODhS4r78,2
100포기도,2
거뜬한,2
풍덩김치,2
GjbfDW,2
LOM8,2
간장절임물,2
besttasty,2
7365901603,2
구성3,2
구성4,2
고등어액젓,2
숙성기간을,2
쪽파6줄,2
분리된,2
멸치다시마육수0,2
불편함을,2
여러분들께,2
달궈서,2
높기,2
중성세제를,2
코팅의,2
성능에,2
코팅은,2
샤브샤브,2
공동구매바로가기,2
hallafood,2
대접을,2
갈아줄재료,2
드레싱소스,2
고추가루수북히,2
자일로스설탕0,2
2월14일,2
갈아준양파,2
꼬막,2
장면이,2
빠졌습니다,2
오징어1마리,2
가정에,2
가지고있는,2
볶은새우가루,2
케챱약간,2
조미김3봉지,2
계란양념,2
시판용된장,2
돼지고기앞다리살,2
끓일때,2
돼지고기밑간,2
대파얇은것1뿌리,2
MfxqLUO76mQ,2
절임배추40,2
대파흰부분0,2
마른미역,2
맛소금깍아서,2
오이0,2
가스불을,2
대체가능하며,2
짠맛,2
Sea,2
새우젓반큰술,2
더끓인다,2
두부반모,2
참치캔으로,2
국물로,2
고추장크게,2
조림하는,2
핵심인,2
만족하게,2
대박레시피,2
설탕반큰술,2
공통부침가루,2
시원함과,2
햇생강,2
찾아오는,2
오곤,2
정성으로,2
헹구어,2
겨우내,2
김장김치가,2
묵은지된장지짐,2
분량대로,2
얹어주고,2
기회예요,2
떡갈비를,2
알록달록,2
불포화지방산이,2
제격이랍니다,2
가도,2
입소문만으로,2
문형동,2
그로서리,2
문형,2
소금빵이,2
조화로,2
백년가게,2
명장,2
대구탕,2
명장의,2
가매,2
텐동,2
알찬,2
다대기,2
양념까지,2
뿌리채소구이,2
세척해,2
치아씨드,2
고형카레,2
도이퉁산,2
인정한,2
마카다미아를,2
유일의,2
해외여행,2
우리의식탁에서만,2
양식채수,2
흙이,2
채소에,2
물양이,2
절반쯤,2
밀폐,2
이내로,2
5성급,2
호텔과,2
대통령,2
가염,2
무료배송으로,2
손목에,2
무리가,2
즈윌링,2
공법,2
스틸,2
폴란드풍,2
컬러와,2
깊이감,2
내열성,2
뛰어나요,2
가능하답니다,2
비올라,2
포티시아,2
피치블로썸,2
티니로즈,2
4p,2
커버,2
올리브로,2
올리브유보다,2
신선함,2
서빙,2
닦을,2
받는,2
위생,2
당근라페를,2
평일에도,2
신선함까지,2
대명사,2
15년,2
일절,2
1세대,2
노하우,2
세계에서,2
역사를,2
뛰어나고,2
손의,2
ZERO,2
가위,2
핀란드의,2
시골,2
글로벌,2
절삭력,2
커팅,2
뼈와,2
열자마자,2
태워,2
태우지,2
사야,2
착유로,2
불편하셨죠,2
때문인데요,2
영국,2
인증받아,2
GMO,2
네이처픽,2
위생적으로,2
플래티넘,2
스테인리스로,2
Intro,2
빛깔을,2
고소,2
먹음직스러운,2
파프리카와,2
꼬치전에,2
반찬이랍니다,2
멸치육수를,2
감싼,2
구워내면,2
밀가루로,2
해주시면,2
조린,2
가만히,2
조림과,2
미나리로,2
냉동유부,2
묵은지는,2
유부를,2
끼얹은,2
헹구고,2
없어질,2
알끈을,2
부쳐준,2
요청에,2
1953년부터,2
3대째,2
국내에서,2
베스트셀러,2
만들어져,2
자랑합니다,2
안동한우와,2
건강함까지,2
분포된,2
자연스럽고,2
특징이에요,2
강화,2
우리의식탁앱,2
세련된,2
테이블을,2
스타우브,2
가족모임,2
챙긴,2
나박하게,2
옳곡,2
알갱이가,2
800원에,2
준비되어,2
아이스크림처럼,2
스위트,2
피넛오일,2
50도,2
카프레제,2
브랜드로,2
치즈로,2
20가지의,2
레시피북은,2
콤비,2
기능까지,2
만들어볼,2
감자버터오븐구이,2
속재료들의,2
만들어지는,2
퇴근,2
발길을,2
체더슬라이스,2
양쪽에,2
30분정도,2
C가,2
레몬은,2
원하신다면,2
통밀가루를,2
애호박의,2
있으실,2
검증된,2
즐겼던,2
재미까지,2
선택해,2
엑스클립스,2
변형이,2
유지할,2
내구성을,2
인체에,2
자랑하며,2
열원에서,2
종일,2
소박한,2
특허받은,2
실내,2
고온으로,2
사은품까지,2
버튼,2
디쿱,2
제품이랍니다,2
번도,2
비정제,2
후춧,2
통깨와,2
고추로,2
많으실,2
기회랍니다,2
합리적인,2
김장에,2
신선함이,2
부산의,2
자존심,2
셀렉스,2
친구를,2
크레막,2
독점,2
소의,2
부대찌개를,2
기념으로,2
만나는,2
서울,2
베이글로,2
통밀로,2
자랑한답니다,2
유청,2
분리가,2
가능해,2
편리하게,2
회복과,2
채끝살,2
올리브오일로,2
쌀에,2
들여주세요,2
포를,2
콜레스테롤을,2
즐기시는,2
알감자조림,2
언제든,2
알감자,2
바닥과,2
내장형,2
유지되고,2
매끄러운,2
선택하실,2
기회가,2
일식집,2
분위기를,2
레스토랑을,2
열량이,2
달라지기,2
식재료인데요,2
듬성듬성,2
쇠고기와,2
쇠고기를,2
실파를,2
조절에도,2
생수를,2
연어월남쌈,2
색감으로,2
넣어봤어요,2
쌈을,2
양파절임과,2
링으로,2
두께에,2
아보카도는,2
연어와,2
월남쌈을,2
곁들여주세요,2
소식을,2
도는데요,2
동일하게,2
아이템,2
아시아형,2
인기많은,2
중식도,2
큐민씨,2
레몬주스,2
특징이,2
특가오픈,2
궁금하시죠,2
프리미엄급,2
지중해,2
인증받은,2
유명해져서,2
구리를,2
주부들의,2
걱정안하셔도,2
힘들지,2
않으셨나요,2
잘리고,2
10초만에,2
좋을지,2
지역에서,2
생산된,2
버블리,2
아로마와,2
탄산이,2
청량감이,2
와인의,2
스페인산,2
샤인,2
균을,2
기름기가,2
썰어도,2
삼겹살김치말이찜,2
바랄게요,2
our,2
stress,2
gone,2
say,2
봄의,2
사라질,2
무쳐낸,2
봄나물의,2
퇴근하고,2
주고요,2
밥알,2
사이로,2
분들과,2
공유,2
탱글탱글한,2
면발에,2
available,2
introduce,2
mild,2
umami,2
달걀노른자를,2
mLHb,2
산지,2
냄새와,2
믹서에,2
명가,2
생산한,2
최저,2
방송을,2
새김치를,2
나박,2
배와,2
블렌더에,2
찹쌀풀과,2
라이브방송,2
솥밥의,2
종지에,2
무관해요,2
2년,2
당도,2
구워둔,2
담길,2
눈으로,2
입으로,2
깍뚝,2
35분간,2
4servings,2
Chilli,2
Soup,2
식품을,2
자극적이라,2
DIVE에서,2
Exclusive,2
Tip을,2
라이브러리에서,2
촬영되었습니다,2
무엇일까요,2
소바,2
폰즈,2
함께라면,2
식탁이,2
2023년,2
참을,2
빠지면,2
놓을,2
Ricebowl,2
Deopbap,2
fancy,2
tasty,2
while,2
과감하게,2
쌀쌀해진,2
바람을,2
콩나물국밥을,2
경험,2
got,2
because,2
squid,2
nothing,2
forget,2
when,2
know,2
they,2
Then,2
멸치다시육수,2
국물양념,2
분말육수를,2
밑간해주세요,2
하루의,2
snails,2
then,2
These,2
3팩,2
겨자소스,2
일품이에요,2
German,2
Jeju,2
deep,2
What,2
country,2
230도로,2
Salted,2
전복솥밥,2
차돌박이냉이솥밥,2
날도,2
these,2
here,2
full,2
완연한,2
실감이,2
냉이와,2
음식이랍니다,2
뿌리와,2
뿌리는,2
1센치,2
손질해둔,2
파란색,2
단지,2
우리에겐,2
부엌에,2
뒤집개,2
Would,2
participate,2
Just,2
any,2
where,2
earns,2
sweetness,2
양배추나,2
돈가스도,2
many,2
trip,2
memory,2
lane,2
thinly,2
thick,2
방지할,2
돈가스를,2
파스타는,2
있었기,2
때문이죠,2
able,2
brand,2
건바질,2
페타치즈와,2
Feta,2
basil,2
cherry,2
degrees,2
Lotte,2
Hotel,2
comment,2
below,2
2021년,2
조식,2
twice,2
through,2
짜잔,2
Tada,2
first,2
cuisine,2
prepare,2
always,2
2Zt5W7Z,2
wifes,2
함께합니다,2
이유식을,2
준비했답니다,2
baby,2
조리가,2
삼성,2
말처럼,2
s8GwoR,2
root,2
3통,2
끈을,2
싹이,2
벗겨낸,2
눕혀,2
중앙의,2
심을,2
필수랍니다,2
거품을,2
걷어내고,2
표면의,2
kid,2
덜한,2
화학조미료,2
6cmx6cm,2
Seefood,2
통이,2
생모짜렐라,2
갈릭치즈토스트,2
보시길,2
모짜렐라치즈는,2
먹고도,2
감자튀김을,2
ndwich,2
queso,2
formaggio,2
um,2
sandu,2
che,2
queijo,2
fromage,2
nh,2
ph,2
mai,2
Membuat,2
Keju,2
serem,2
계란찜과는,2
보들보들하고,2
머핀을,2
넣으실,2
양배추요리를,2
지인들,2
Ofen,2
macht,2
벗겨져요,2
가지밥,2
쫀득하니,2
미니파프리카,2
토핑이,2
양배추덮밥,2
식단으로도,2
감자샐러드를,2
6조각,2
상태라,2
시럽과,2
Resep,2
토마토달걀볶음,2
friedricewithegg,2
식사나,2
살아나,2
생막걸리,2
강력분을,2
구독하기,2
2JgdlES,2
Pleasant,2
Step,2
upVhvt3j4vo,2
4공기,2
냉동보관2시간,2
8시간,2
얼면,2
잘떠집니다,2
당근또띠아,2
w8yxTCl6DZI,2
rQt,2
0jQ3ZOg,2
2분돌리기,2
식으면서,2
꾸덕해집니다,2
전자렌치,2
후추후추,2
쫘악,2
고정됩니다,2
잘라줬습니다,2
사각이,2
겹쳐서,2
잘라줘도,2
구워줄거라,2
중불,2
접혀질,2
그후,2
작은캔,2
말리면,2
쪄진겁니다,2
다듬었습니다,2
조각은,2
계량입니당,2
적셔주고,2
담궈줍니다,2
세팅후,2
구워졌는데,2
안익으면,2
키워주세요,2
구워졌다면,2
자연스레,2
VWvd9LGS74s,2
단맛x,2
1분씩,2
끊어서,2
2번정도,2
잔열로,2
녹이기,2
칼은,2
칠리소스나,2
htVMbdtmw,2
담군,2
요리해주세요,2
초리소,2
안에서,2
시간차,2
기계따라,2
펴줍니다,2
소스처럼,2
밍밍한,2
함께드셔도,2
더해주셔도,2
올릴때,2
에어프라이어170도에서,2
15분씩,2
내기위해,2
구워줬습니다,2
220도,2
기종마다,2
온도차,2
맛밤,2
넷플릭스,2
맛피아님,2
적은게,2
밤페이스트가,2
반개는,2
갈아줍니다,2
오이참치김밥,2
또띠아는,2
익은겁니다,2
공간에,2
구워드셔도,2
절여준,2
다진육,2
고기기름에,2
반죽물,2
sPg5DdUFhtQ,2
R274oAUkX,2
스위트칠리,2
없애준,2
7MrJWo1sxWQ,2
O2hbPmZLt40,2
sfj40E52fA,2
무전,2
참외를,2
그라노파다노,2
스파게티면은,2
에프가능,2
한방울,2
구워먹으면,2
가루는,2
c4WegEnNW4E,2
quqncioY,2
4kp9ZVF12l4,2
있는게,2
hO5coVuBS9,2
양념장레시피,2
배추에서,2
에어컨,2
이쑤시개로,2
aYMRToXwkng,2
두부한모,2
bIaBj9feFXE,2
고구마떡,2
액스트랙,2
kKqLkzU1dhc,2
퍽퍽하면,2
도우가,2
스팸깻잎전,2
새우15마리,2
40미,2
두부계란은,2
소금구이,2
SBjwWrzGXE,2
정도입니다,2
4LCHlWyIDsE,2
익혀준,2
볶음김치,2
덜먹어서,2
CZII6OKoWwU,2
nbRkzpvujyM,2
밥양을,2
참깨솔솔,2
돌렸습니다,2
쪄준,2
부운,2
드실때,2
눌러주며,2
ou1c3XcFRYo,2
3정도만,2
베이컨과,2
상단의,2
한번쯤은,2
켜지면,2
집에있는걸로,2
갈릭소스,2
8분정도,2
cumgDqtwB38,2
당도와,2
접기,2
졸여준,2
에그를,2
재료라,2
식감보다는,2
넣는걸,2
전분물은,2
뒤집기,2
호두에,2
사이트에서,2
아빠숟갈,2
노릇하면,2
영어자막이,2
아빠숟가락,2
익어요,2
익습니다,2
시간보단,2
씻으면,2
130도에서,2
눌러서,2
날려주세요,2
부탁해,2
영어,2
감자반죽을,2
3방울,2
사용하는데,2
상단에,2
좋아집니다,2
양배추1,2
개양,2
차가우면,2
고구마칩은,2
온도로,2
이용하면,2
우유양이,2
1시간정도,2
반죽과,2
키친아트,2
돌려준,2
하우스,2
700w,2
Microwave,2
depending,2
golden,2
color,2
감자요리를,2
묻혀주고,2
입힐,2
있습니당,2
point,2
가장자리가,2
한방향으로,2
다음영상에서,2
temperature,2
한줄씩,2
또만나요,2
안묻어나오면,2
포근,2
피타브레드를,2
데이트,2
TvrsS,2
JlJHg,2
봄시즌,2
출시한,2
다진고기,2
사랑입니당,2
코팅초콜릿,2
데코용으로,2
핫초코,2
먹고싶을때마다,2
여름은,2
피해주세요,2
포켓샌드위치,2
딸기생크림샌드위치,2
넣어주세용,2
토스트하세요,2
Insta,2
뚜겅을,2
닫은,2
익혀주면,2
만두꽃을,2
10분동안,2
감사합니당,2
분리,2
밥에도,2
휩쳐주세용,2
물이나,2
입니당,2
굴리듯,2
수플레가,2
유지가,2
1입니다,2
않은게,2
펴발라주세요,2
마늘버터칩,2
좋아용,2
입혀준,2
빼준,2
하룻밤,2
바삭해져요,2
익혀주는게,2
material,2
시판용돈까스,2
물넣기,2
잘풀어져요,2
ts와,2
감자샐러드와,2
ts를,2
오이1,2
핸드믹서를,2
만들게요,2
만들었습니당,2
정말로,2
요즘입니다,2
지키는,2
볶아줍니당,2
부셔줍니다,2
컵라면,2
파기름과,2
5분이,2
계란후라이를,2
t를,2
둘이,2
스타트,2
잔멸치를,2
오믈렛이,2
메리니즈부엌입니다,2
등극,2
알만,2
새콤달콤으로,2
꿀타래,2
재료부터,2
늘리고,2
줄었어요,2
하다보면,2
식거나,2
있다는거,2
풀고,2
컵케이크를,2
제티를,2
맥심으로,2
건포도를,2
넣을게요,2
김치볶음밥을,2
줍니당,2
에그커피를,2
없애줄,2
흑설탕을,2
버터설탕을,2
한면에,2
두둥,2
밥보다,2
부은다,2
ramen,2
석류,2
백종원님의,2
백종원레시피,2
MAIL,2
설요리,2
감사,2
느끼게,2
님은,2
들어갔던,2
동태전,2
촉촉해요,2
Yes,2
31만,2
16만,2
놓으세요,2
아빠가,2
삶거나,2
데치지,2
건강은,2
39만뷰,2
아침엔,2
물김치로,2
ft,2
준티비가,2
크리스마스엔,2
생선요리,2
감바스,2
타르타르,2
사람과,2
22만,2
곁들이,2
되십니다,2
114만뷰,2
만들어가는,2
못하시는,2
떠있는,2
구입하세요,2
호텔보다,2
39만,2
최곱니다,2
첨부터,2
토마토스프,2
으쩌요,2
집보다,2
xJgsDVzEy14,2
FPrlp0h,2
저녁에도,2
준티비김치,2
무채가,2
tMSDh8GT5K4,2
빨갛지만,2
행복하실거에요,2
5Ikwufuwc,2
평생고민,2
9500,2
40cm,2
거친고춧가루,2
Large,2
liters,2
Anchovies,2
조리법은,2
페코리노,2
취청오이,2
조선시대,2
그래,2
아실,2
이정도면,2
밥상에서,2
작은당근,2
2700,2
김치속,2
배추무게,2
kg당,2
표시,2
건고추는,2
울이모,2
이모,2
뺐더니,2
시원해요,2
식구들에게,2
오이무게의,2
아무때나,2
작으면,2
similar,2
남자,2
조절에,2
데치면,2
부재료의,2
stalk,2
덖은것,2
우려낸다,2
비지니스,2
윗등심살,2
살치살,2
몰에서,2
비결이,2
z3NtqvZpLiE,2
10s,2
기절,2
조개탕,2
계량컵으로,2
그룹,2
놀랐습니다,2
지킴이,2
건강김치,2
저염김치,2
김치만들기,2
kg의,2
리터,2
맞추어,2
담을,2
양배추양념,2
clove,2
ea,2
10줄기,2
SALT,2
PINCH,2
리코타치즈,2
위장,2
날짜,2
2025년,2
27일,2
애호박냉국수,2
졸여낸,2
냉국수,2
별미입니다,2
도구는,2
쇼핑탭,2
g만,2
줄였어요,2
실속,2
소개글,2
이에,2
6364351741,2
앞치마,2
있구나,2
아사이볼,2
1회,2
전부다,2
즐겨보자구요,2
조리를,2
때에도,2
하거나,2
나가면,2
원래도,2
평소보다,2
만족도가,2
코스트코에,2
다녀오면서,2
290원,2
390원,2
300원,2
가시가,2
제거해서,2
외식처럼,2
이웃사슴입니다,2
지난주,2
주간밥상을,2
기록하고,2
거친,2
생긴,2
초에,2
온전히,2
만나고,2
찾다,2
시중에서,2
면에서,2
매력인,2
오이지담그기,2
재영작가님의,2
정확히,2
우승한,2
먹자고,2
비주얼부터,2
싶었거든요,2
옛날오이지담그는법,2
담급니다,2
바뀌어,2
그랬더니,2
반찬도,2
것이다,2
아이들을,2
했다는,2
부부도,2
panda예요,2
부쳐낼,2
삭힌,2
배민,2
않았고,2
재료들만,2
전주,2
식단표를,2
듯해요,2
편이거든요,2
손은,2
웬만한,2
다이소를,2
유용하게,2
오이소박이레시피,2
장보고,2
정리했으니,2
찐회원이라면,2
이그제큐티브로,2
멸치액젓이,2
오이세척,2
제철반찬,2
느타리버섯볶음은,2
느타리버섯을,2
캠핑밀키트,2
유가옥,2
캠핑밀키트로,2
추천드리는,2
지키고,2
물러지고,2
나머지는,2
버리게,2
싱싱하게,2
정리해,2
드시나요,2
출근하는,2
전문가들은,2
식사는,2
변화가,2
한다면,2
섭취하고,2
준비와,2
얼굴에,2
빼먹지,2
실온닭가슴살,2
쟁여두는,2
더불어,2
장조림만들기,2
소고기장조림,2
소고기장조림레시피,2
나왔는데,2
끌었던,2
크랩,2
이름부터,2
없었어요,2
떠오른,2
아무튼,2
결정적으로,2
날리고,2
완성이,2
오이소박이양념,2
보여도,2
무르거나,2
통풍이,2
방법들,2
써보고,2
김치전레시피,2
덥기까지,2
먹으려면,2
건강식으로,2
정식으로,2
없으시기,2
부드러우면서도,2
좋긴,2
알리신,2
챙겨드세요,2
space,2
음소거,2
시작해봐요,2
둘러주기,2
부대찌개양념장,2
부대찌개황금레시피,2
비슷하네요,2
더하거나,2
통밀또띠아,2
앞다리살이나,2
삼겹살도,2
꾸준한,2
구성법,2
가계부,2
오기,2
몇분,2
마트가,2
바로바로,2
가보니,2
고추장과,2
콘텐츠들을,2
포인트들을,2
생닭,2
열무로,2
열무김치를,2
날씨와,2
유행했던,2
베르가못,2
콜드브루,2
바람도,2
가족들이랑,2
나왔다고,2
미드나잇,2
베르가못이,2
생각나기도,2
알아두어야,2
난이도중,2
마늘쫑과,2
밀어주면,2
단점은,2
채칼로,2
편하더라고요,2
그만이랍니다,2
아이반찬,2
우와,2
뜻하는,2
타카,2
자잘한,2
미네랄워터,2
통가리로,2
워터,2
얼갈이와,2
천상현,2
소금비율,2
한차례,2
담갔는데요,2
생각해서,2
든든한데요,2
알아보겠습니다,2
짠지,2
요긴한데요,2
오이지무침도,2
이러한,2
핵심인데요,2
에너지,2
에이콥,2
구매하고,2
동탄점,2
비빔국수만드는법,2
남편이랑,2
그런가요,2
이리,2
보겠습니다,2
430,2
주말이면,2
부모님과,2
손잡고,2
구경,2
누구,2
온통,2
야끼소바,2
하영,2
쿠즈락닭가슴살,2
토마토라구,2
과일사라다,2
멸치볶음이에요,2
g입니다,2
삶는법을,2
만큼의,2
상처가,2
다행히,2
콰삭킹,2
않는데요,2
반가운,2
만들기예요,2
여리고,2
여린,2
상관이,2
생물,2
담가보시기,2
멸치육수나,2
쌀뜨물을,2
한그릇으로,2
밥숟가락과,2
종이컵이나,2
포장해서,2
일주일식단표,2
열무비빔밥,2
양배추쌈,2
연어포케,2
극소수,2
앞의,2
5분컷으로,2
그래놀라는,2
감자계란샐러드,2
주었더니,2
세일을,2
핏물이,2
억세서,2
넣어두면,2
아직은,2
하듯,2
오전에,2
창문을,2
논을,2
농사를,2
갈고,2
작년에는,2
간단하죠,2
시작해봅니다,2
소고기다짐육,2
김치찜은,2
포인트만,2
기억해두면,2
못했던,2
한그릇음식으로,2
조절하면,2
소고기부터,2
정글밥2를,2
사천짜장,2
간장양념장,2
보자구요,2
무쳐도,2
자라기,2
보내주셔서,2
열무얼갈이,2
지나고,2
한낮엔,2
코코랑,2
산책을,2
그늘진,2
물김치만,2
달걀부터,2
식전,2
주물주물,2
들렀다가,2
계획,2
있으니까요,2
로스,2
육질이,2
뛰어나,2
3일만에,2
확실하게,2
간단하기,2
저렴해져서,2
두번,2
냉동고기,2
꿀팁이니까,2
블로거,2
정작,2
식단과,2
가급적,2
채식만두,2
들어있고,2
명란순애보,2
파지명란,2
정란과,2
명란순애보의,2
택배,2
포장이,2
포장으로,2
코를,2
서비스,2
식껍,2
구워먹는,2
무선충전기,2
아이식기,2
구비,2
독성이,2
제거되어,2
캠핑을,2
주차,2
하루하루,2
있었거든요,2
적도,2
배추국,2
어느날,2
진간장을,2
상상이,2
1팩을,2
대추와,2
집안에,2
했었답니다,2
달기도,2
아쉬움이,2
전기밥솥약밥,2
자체는,2
만들어보고,2
계핏가루,2
뭐라도,2
만들어봐야지,2
생각만,2
먹어봤던,2
뛰어,2
3C,2
양파장아찌만들기,2
쟁여,2
했었는데요,2
제철을,2
소개해드릴까,2
삼촌,2
좋던지,2
삼촌이,2
칭찬을,2
주던,2
햇마늘쫑으로,2
아이스커피,2
오후의,2
들인,2
좋았는지,2
생각으로,2
노력하고,2
메뉴와,2
과정과,2
딱딱하지,2
건너편,2
일년내내,2
햇마늘쫑,2
어릴때,2
청주를,2
왔는데,2
소금구이를,2
그때,2
나더라고요,2
준비만,2
드려볼까해요,2
이제사,2
좋아하다보니,2
딸아이가,2
빠져서,2
한단,2
이웃님이신,2
포도,2
세척시,2
황색,2
볶았어요,2
마늘쫑만,2
잡채황금레시피,2
잡채만드는법,2
잡채레시피,2
한다지요,2
다이어트도,2
버전인데요,2
오이랑,2
참치의,2
오리엔탈,2
가더라고요,2
파내고,2
있을거에요,2
요맘때,2
단배추와,2
단배추,2
초여름레시피,2
훌쩍,2
통마늘장아찌,2
1800,2
시작할게요,2
채식레시피,2
짜고,2
아삭아삭해서,2
담가야,2
이보은,2
희석해,2
되도,2
세척해서,2
대패삼겹살을,2
누린내가,2
씻기,2
시든,2
뭐든,2
저격,2
부시맨브레드는,2
콜비잭치즈와,2
부시맨브레드,2
콜비잭치즈를,2
토치로,2
둘을,2
찐으로,2
맛없없,2
좋아하기도,2
재료들로만,2
겉도는,2
바질페스토는,2
짧아서,2
소분및,2
페스토를,2
갈았다,2
초록색이,2
누렇게,2
변한다,2
갈거나,2
버터장조림,2
드시기에,2
시작하셨나요,2
먹었다죠,2
예감이,2
미역국레시피,2
미역국끓이는법,2
소고기미역국레시피,2
해서인지,2
밥맛이,2
학교에,2
시작했는데,2
오이김밥만들기,2
김치인데요,2
정도씩,2
양이라,2
끓여보았답니다,2
오후에,2
갈증이,2
쿨럭,2
자는,2
걱정도,2
들고요,2
벌벌,2
똥썹맘이에요,2
드리기,2
참지,2
내역은,2
최근에,2
이는,2
해조류는,2
감태,2
띠는,2
해조류에,2
해조류를,2
재료로만,2
잡초,2
햇감자가,2
갔다,2
오면서,2
차서,2
전주원두,2
10줄,2
씨는,2
김치냉장고에,2
치즈양배추전,2
하려면,2
중국식,2
초여름이,2
보코치니,2
감자범벅,2
햇감자,2
쓴맛과,2
설명해,2
식초와,2
사오는,2
햇살,2
토마토홀,2
또띠아피자,2
밀떡볶이,2
어린잎을,2
나물로,2
장아찌로,2
탕으로,2
식재료입니다,2
시골에서,2
시절을,2
계란찜은,2
이장우장조림비빔밥,2
양념만들기,2
육수나,2
종류와,2
배우,2
선보인,2
장조림인데요,2
장아찌가,2
기본적인,2
법으로,2
순두부찌개는,2
닭정육살,2
참치오이비빔밥,2
더워지는,2
집밥레시피,2
맛깔나게,2
느끼고,2
아삭이,2
어린잎,2
끓여볼게요,2
띄는,2
준비에,2
은요,2
참두릅,2
화이트발사믹,2
되니까요,2
샌드위치에요,2
차예련,2
글쎄,2
인덕션에,2
핸드폰,2
치매,2
안심할,2
정신을,2
투표소에,2
걷기,2
홍게,2
볼록,2
마늘종볶음,2
소를,2
거치면서,2
하나라서,2
조리하실,2
동네는,2
보리가,2
바람에,2
들인데,2
수확을,2
작업을,2
지중해식샐러드,2
유래한,2
샐러드랍니다,2
레몬즙이나,2
향신료,2
나왔길래,2
찰옥수수와,2
담게,2
거면,2
참치샌드위치,2
친구들이,2
처음으로,2
더워지고,2
마파두부만들기,2
마파두부레시피,2
정한,2
좋은게,2
고민하게,2
넣기도,2
샐러드김밥,2
주재료로,2
느낌을,2
버거킹에서,2
출시되었다고,2
먹어보기로,2
유래된,2
탄산음료,2
5월에,2
먹기로,2
쪄내는,2
해녀가,2
채취한,2
해먹을까,2
유튜브에서,2
두부랑,2
묵은지도,2
김치찌개나,2
이영지,2
넣고서,2
진심인,2
덜고,2
도토리묵사발,2
도토리묵밥,2
큰아이,2
만드셨는데,2
고르는법,2
10월까지,2
생망고스틴,2
정리하면,2
생각해,2
이삭토스트,2
때에는,2
투썸,2
반찬거리,2
먹음직스럽게,2
쪽으로,2
갓길에,2
공간,2
후문으로,2
화장실,2
보이고,2
버젼,2
씻어줍니다,2
메밀면,2
빼놓을,2
일화,2
일화본사,2
공식쇼핑몰,2
구매하면,2
주간밥상,2
활용하게,2
올라가는,2
비빔냉면,2
새콤달콤하면서도,2
메뉴라고,2
탱글탱글하게,2
파미그래닛,2
수동,2
속도조절,2
8단계,2
펄스기능,2
자동모드,2
생과일주스,2
요리인,2
완성하실,2
참가자미,2
생미역,2
쿡맘이에요,2
꼬치어묵탕,2
밀키트추천,2
신제품,2
주어도,2
레시피들이,2
전처리하는,2
간장마늘쫑장아찌,2
짜지않게,2
질겨서,2
하다가도,2
배라,2
영상으로도,2
스타뜨,2
쑤기,2
돋우기,2
1인분인데,2
파마산치즈분말,2
알려드리려고,2
열무국수레시피,2
띄워서,2
상관없이,2
카무트쌀,2
30분에서,2
지치고,2
무짠지와,2
뜻한,2
활용해요,2
마트에서도,2
산지의,2
먹고싶어서,2
많았는데,2
집어먹을,2
느낌이랄까요,2
명절이나,2
백오이를,2
지속,2
절여놓은,2
달걀흰자,2
오비맥주로부터,2
지원받아,2
후기입니다,2
벨기에,2
2스타,2
오너,2
조셉,2
되고요,2
후숙된,2
장금이가,2
날이었어요,2
톡이,2
꽃게탕을,2
와인이,2
고인물들도,2
수모,2
저렴해졌습니다,2
와이너리인,2
파츠앤홀,2
와인입니다,2
브뤼,2
상당한,2
샴페인을,2
알려진,2
샴페인입니다,2
기억으로는,2
와인인데,2
내려온,2
코르도뉴,2
안나,2
카바,2
여튼,2
오는정김밥,2
부쩍,2
늦추는,2
식단이라고,2
로스트치킨,2
왔는데요,2
임연수어,2
마리를,2
담갔더니,2
하나와,2
혼밥메뉴,2
반단,2
마장동,2
한우추천,2
고기친구,2
데려왔습니다,2
점도,2
숙성이,2
휴일,2
5월은,2
계절의,2
연달아,2
주말이,2
온다는,2
걸까요,2
2인분을,2
만들었네요,2
자르는법,2
5월부터,2
향기를,2
진가를,2
부족하고,2
어울리더라고요,2
챙겨가는,2
오일파스타,2
청량고추,2
24시간,2
그중,2
추가했어요,2
리뉴얼,2
이왕이면,2
오나오,2
밤새,2
상승을,2
무선,2
등도,2
지금껏,2
먹은지,2
넘은,2
병아리콩은,2
만들었고요,2
겉절이는,2
결혼,2
양가,2
코시국으로,2
다발무를,2
깍두기를,2
담가야겠다,2
살지,2
고민하는,2
아이돌이,2
알려드릴려고,2
해주셔서,2
감사하게,2
다발무,2
수육은,2
놀랐는데,2
흑돼지가있는풍경,2
간장닭볶음탕,2
간장찜닭,2
묽은,2
농산물,2
냉큼,2
맛내기,2
김장김치담그기,2
자신감이,2
베란다에,2
숯불을,2
꼬치구이를,2
장작,2
구우셔도,2
위해선,2
많거든요,2
닭꼬치는,2
일어나는,2
구워지고,2
겉면은,2
타게,2
짜글이찌개,2
국요리를,2
백쌤,2
애정하고,2
안에는,2
개인적으로는,2
신기하게도,2
준비하기도,2
고등어감자조림,2
이날은,2
드리도록,2
아이랑,2
오늘이,2
먹으니까요,2
않다,2
잠자리에,2
들기,2
레시피에서,2
박스로,2
아쉬웠는데,2
풍년,2
떨어질,2
채워지고,2
홈베이킹으로,2
일년,2
들어옵니다,2
아들쉡입니다,2
한팩씩,2
차돌,2
부쳐,2
소개하면서,2
부쳐내는,2
있져,2
장은,2
챙겨서,2
평소에는,2
전기밥솥으로,2
꼬막무침,2
꼬막이,2
인터넷으로,2
뻣뻣한,2
머금고,2
꼬막무침은,2
왕새우를,2
새우찌개를,2
큰술에,2
가져다,2
다듬기,2
들었어요,2
나쁘지,2
요런,2
추석토란국,2
토란을,2
ABC쥬스,2
세계적으로,2
이름은,2
아침저녁으로,2
가을은,2
가미된,2
맛이거든요,2
한그릇요리,2
후춧가루반큰술,2
들깨가루1,2
찍어먹는,2
요약할께요,2
제거하기,2
고구마줄기,2
해먹어도,2
갈치는,2
핏물이나,2
좋기,2
만들어낼,2
보양식으로,2
요리라,2
생기게,2
난리가,2
끝내주고,2
야간,2
가려고,2
대패삼겹살과,2
먹긴,2
포실포실한,2
한마디로,2
cm,2
전복으로,2
싱싱한지,2
한돈으로,2
수육무침,2
있으면서,2
역시도,2
그런데요,2
3호,2
큰술은,2
시금치된장국,2
컨디션,2
상품을,2
신념을,2
지키며,2
치우는,2
하우투,2
있다지요,2
손질도,2
손질부터,2
과도한,2
끓였더니,2
마늘쫑장아찌담그는법,2
연근조림맛있게하는법,2
싶더라구요,2
부추도,2
흘리고,2
엄마표로,2
이유식추천으로,2
케어비와,2
할지,2
완료기까지,2
인연을,2
토양의,2
질이,2
진객,2
미역국으로,2
익히,2
요리여서,2
지인에게,2
선어를,2
제게,2
6월까지가,2
제철인데,2
1400,2
숟갈반,2
야들야들한,2
스지사태수육,2
해봅니다,2
재료비,2
달랑,2
고여사가,2
견과류쿠키,2
맛있다면서,2
들어왔는데,2
신랑도,2
나박나박,2
익는,2
국거리용,2
카놀라유,2
계절마다,2
가리비는,2
껍질에서,2
살을,2
컬러가,2
땅콩잼,2
받으면,2
압력솥,2
홀라당,2
신랑,2
사시는,2
청국장을,2
신랑은,2
가져가서,2
친구분이,2
반씩,2
부부는,2
일어나보니,2
비도,2
늦잠을,2
중딩소녀가,2
가니,2
먹어야지,2
한가족형,2
개별포장으로,2
오징어무국,2
왔더라구요,2
이날,2
혼밥을,2
멸치깻잎찜,2
깻잎으로,2
넘어가는,2
고소하면서도,2
CU,2
편의점신상,2
애플하우스의,2
얘기를,2
새콤달콤하게,2
뻘뻘,2
흘리며,2
비벼준다,2
수비드,2
콩삶기,2
샐러드소스,2
물부터,2
크래미오이무침,2
YOONJUMMA,2
해먹었는데,2
오이만,2
피클링스파이스,2
라임즙,2
미역오이냉국,2
살려낼,2
냉면육수가,2
작성하였습니다,2
간단요리사,2
더위가,2
보이더라고요,2
비법은,2
모자라는,2
맛보면서,2
선호하지,2
감자조림만드는법,2
감자조림레시피,2
몰라도,2
싸봤어요,2
찬스,2
나름대로,2
놀라,2
애매하고,2
달라지는데요,2
매운돼지갈비찜,2
편스토랑에,2
돼지갈비에,2
서울우유,2
능이버섯백숙,2
김여사백숙,2
삼계탕밀키트,2
황태포,2
반찬으로는,2
790원,2
컬러푸드,2
초장에,2
컬러푸드를,2
아삭,2
전자레인지와,2
세척과,2
백명란젓,2
참외입니다,2
불리면,2
패밀리레스토랑,2
폭립,2
고물가,2
시대에,2
조금의,2
마늘쫑손질,2
줘도,2
이나,2
먹었지요,2
콘옥수수,2
크래미전,2
그릭요거트에,2
국에도,2
위치,2
신선도가,2
오삼불고기,2
중인데,2
소고기또띠아피자,2
하시더라구요,2
서브웨이,2
오이샌드위치,2
오이려,2
랜치소스,2
넣어주지,2
알콩네,2
유명해진,2
이모카세,2
돌아왔더니,2
터라,2
간장감자조림,2
간장감자조림을,2
더워져,2
기운,2
루테인,2
남도록,2
방식이,2
김장김치를,2
드렸지만,2
없더라구요,2
참치마요주먹밥,2
전복밥,2
영양밥,2
행복해,2
화가,2
이야기해,2
친구들,2
리틀,2
갈비를,2
간편하면서도,2
초당옥수수의,2
에그마요,2
저격이랍니다,2
리얼후기,2
모여,2
무생채김치,2
으깬감자샐러드,2
자주자주,2
깻잎김치만드는법,2
먹고요,2
일부는,2
상비하고,2
먹는다면,2
연근조림만드는법,2
연근조림레시피,2
컵으로,2
야식은,2
여행이나,2
2박스는,2
콩물두유는,2
전에는,2
보관이,2
산책,2
코코,2
그렇답니다,2
깜빠뉴,2
깐매실,2
청매실,2
매실장아찌,2
꽃대를,2
통조림을,2
별미랍니다,2
이맘때만,2
호두식빵,2
반죽하기,2
가스빼기,2
성형,2
팬닝,2
매직쉐프,2
컨벡션,2
만들때는,2
덮어서,2
간장비율,2
자일로스,2
듬뿍넣고,2
인물이,2
마늘종이,2
콩물두유,2
첨가물이,2
서리태의,2
고스란히,2
서리태는,2
그릭요거트의,2
유익균을,2
적합하며,2
볶음쌀국수,2
되겠다,2
극찬을,2
저녁에는,2
딸내미들,2
남아있어,2
elarpi,2
꼬들꼬들,2
일이에요,2
묽어짐,2
노하우가,2
프레시지,2
풍미에,2
퀄리티는,2
시니어두유,2
두유라떼,2
섞어주는,2
위를,2
식재료들을,2
이번시간에는,2
하남댁,2
냉압착,2
들깨기름,2
해피유통2012,2
저온압착하여,2
생각지도,2
선물을,2
왔답니다,2
골라담기,2
배송,2
냉제육,2
손질은,2
꽃대,2
위쪽은,2
소개하고자,2
풍부하며,2
수치를,2
냉수,2
참치쌈밥,2
남편,2
사용했는데요,2
수염,2
스타일이라,2
예전보다,2
좋아하니,2
열무김치말이국수,2
어쩐지,2
해줄게요,2
갔다가,2
도리토스에,2
끼얹어,2
멕시코의,2
매콤새콤,2
좌우하는,2
대파만,2
제철이라서,2
만들어봤답니다,2
준비하셔도,2
어남선생,2
춘천,2
대세인데,2
레시피라서,2
즐기기에,2
소리나는,2
스낵,2
바나나브레드,2
공부할,2
삼겹,2
통삼겹,2
땅콩버터와,2
풍부해지고,2
참외가,2
나가니,2
도저히,2
매해,2
메밀국수로,2
왕초보,2
새벽에,2
배추물김치가,2
회복이,2
연어김밥,2
후토마끼,2
오롯이,2
캔참치와,2
프라이,2
무수분,2
통삼겹살로,2
지방층이,2
저속노화요리,2
대폭,2
대왕김밥,2
볶음으로,2
많다,2
순살게장,2
남경식품,2
양념게장,2
산적김밥,2
잡곡밥에,2
1테이블스푼,2
자몽캐모마일,2
슬림차를,2
아닌가요,2
요것을,2
도미,2
탱탱하고,2
726,2
멸치코인육수,2
손반죽,2
12알,2
실리만,2
양념돼지갈비,2
재워,2
채반,2
질감이,2
내열유리,2
장점과,2
알타리김치를,2
이맘때쯤,2
레시피로도,2
장식용,2
오트밀죽,2
재료로는,2
부서지지,2
만드는법의,2
돼지갈비찜은,2
없애기,2
빼주셔야,2
불순물을,2
따뜻해지는,2
표면을,2
생강레몬차,2
천호엔케어,2
잔은,2
구성된,2
척하는,2
싫다고,2
소량씩,2
스무디에,2
냉장하면,2
프렌치감성,2
챙겨먹기,2
이후로는,2
저당밥,2
맛젤,2
HFood가,2
아이스크림의,2
스마트스토어,2
배추만두,2
만들어주고,2
단무지없는김밥,2
양배추라페와,2
집김밥,2
내도록,2
소복이네,2
오늘까지,2
통삼겹바베큐,2
찜닭이,2
번거로움을,2
즉석국,2
오이고추는,2
간장게장을,2
주문하면,2
더미미당,2
글입니다,2
계절엔,2
추풍,2
황악산,2
젓갈의,2
균형을,2
고객님께서,2
피크닉도시락을,2
연락을,2
덕분인데요,2
파티지니,2
다니고,2
OLI,2
HOLA,2
프리퀀시,2
프라푸치노,2
블렌디드,2
양념하기,2
요게,2
더해지면,2
과일도,2
온라인으로,2
마라소스를,2
하이디라오,2
마라탕소스는,2
프릭키누,2
줄기부분을,2
잎부분도,2
잎부분,2
대강,2
에고,2
습관적으로,2
카레밥,2
육회용,2
두녀석,2
파채무침,2
하루올데이,2
오리지널비어컴퍼니,2
푸짐,2
하더라구요,2
마이,2
냉동전복죽,2
영양쿠키믹스,2
하마야,2
드립백,2
농약이,2
으깬감자요리,2
고대캠퍼스,2
풀무원,2
닭국물요리,2
풍년꿀밥,2
엣홈,2
신라의,2
스마트,2
고등학교,2
갈배,2
청포묵가루,2
묵을,2
오이채,2
절임무,2
안녕하십니까,1
심려를,1
끼쳐드린,1
응원해주신,1
실망을,1
안겨드린,1
사과드립니다,1
변명하지,1
않겠습니다,1
책임이고,1
부족했기,1
돌아보고,1
부분들,1
개선해나가겠습니다,1
심려,1
끼쳐드려,1
생수제비,1
꽃상추,1
설이,1
어부장터를,1
통한,1
활성화의,1
가능성을,1
보여주신,1
덕분입니다,1
나아진,1
맞이할,1
철저히,1
준비하겠습니다,1
하필,1
오다니,1
굴로,1
1일차,1
2일차,1
축제로,1
충청남도,1
금산군,1
으른,1
들만,1
식재료라는,1
깨기,1
먹거리에,1
인삼을,1
숨겨봤는데요,1
축제에,1
눈치챘을까요,1
챘을까요,1
방문객들의,1
리액션을,1
원짜리,1
떡볶이로,1
바가지요금,1
논란을,1
빚었던,1
외부,1
상인,1
달라졌을까요,1
특파원을,1
현장을,1
사람들에게,1
사랑받을,1
보내주시면,1
군민들과,1
으쌰으샤,1
키워드는,1
기름면,1
유명하더라구요,1
eh,1
먹었으니까,1
더본mall,1
주목할,1
변화는,1
3곳이,1
열었다는,1
점입니다,1
성지로,1
디저트들,1
기대하셔도,1
시작에는,1
이별도,1
따르는,1
법일까요,1
함께했던,1
떠나게,1
떠나야만,1
했는지,1
뒷이야기를,1
확인하시고,1
응원의,1
메시지도,1
특별해진,1
기다리겠습니다,1
예산시장에,1
온다,1
곳의,1
주인공은,1
재개장의,1
김장들,1
되잖아요,1
보쌈무김치잖아요,1
보쌈무김치,1
약4와0,1
개월의,1
대공사,1
열었습니다,1
기다려주시고,1
응원해,1
드리며,1
안팎으로,1
핫해진,1
월세까지,1
핫플,1
거쥬,1
담았으니,1
들어주시기,1
아무쪼록,1
가시길,1
백통닭이,1
태어났어요,1
예산하면,1
어디에서,1
통영에서요,1
바닷장어,1
여태껏,1
경험하지,1
트라이애슬론광장,1
일대,1
와보실래요,1
개발중,1
경험해볼게요,1
안대를,1
소식과,1
들려드릴까요,1
소식,1
전하자면,1
열두,1
대결을,1
내리게,1
대결에,1
참가한,1
도전자,1
명은,1
도전자인데요,1
도전에,1
성공하면,1
600만,1
상금의,1
소식은,1
마지막회,1
심사위원으로,1
심사위원이,1
28명의,1
도전자와,1
36그릇의,1
못할,1
단체로,1
귀신에,1
틀림없어유,1
봉골레파스타,1
홍철,1
홍철팀이네,1
심심한,1
대뜸,1
하냐고요,1
속이려고,1
오해하지,1
속이려는,1
거니까요,1
컨설팅에,1
됐는데요,1
받았던,1
6종에,1
14가지의,1
푸드를,1
선보이게,1
쓴향과,1
쓴맛,1
힘드실걸요,1
숨겼는지,1
금산세계인삼엑스포,1
인삼약초거리,1
일원,1
insamfestival,1
간고등어,1
안동국시,1
먹거리뿐만,1
탈춤을,1
빼놓으면,1
섭하쥬,1
28년간,1
글로벌한,1
경북,1
열리는데요,1
더본코리아도,1
함께하기로,1
였습니다,1
안동과,1
탈출,1
주제로,1
구상하느라,1
고생했습니다,1
그동안의,1
해주실거죠,1
10일간,1
라면왕엔,1
상금보다,1
연승을,1
배짱,1
두둑한,1
도전자들이,1
명이나,1
2연승에,1
자리에,1
라면들이,1
어나더레벨,1
이지,1
뭡니까,1
2연승을,1
차지하고,1
300만원을,1
가져가게,1
참가자는,1
것인지,1
뜨고,1
연승,1
도전자들은,1
조아나가,1
나섭니다,1
빽비빔,1
하시나요,1
아묻따,1
해장라면이,1
3인이,1
해장라면은,1
심사하면서,1
그랬나,1
킹이,1
라면일까요,1
심사위원,1
참가자의,1
새우깡면,1
기다리셨던,1
전국적인,1
유행을,1
불러일으켰던,1
맵단짠의,1
해물떡찜이,1
닭발을,1
어려워하시는,1
치트키,1
해물떡찜을,1
운명적인,1
만남에,1
화끈한,1
불맛까지,1
콜라보,1
해물떡찜,1
팀원분들께만,1
말씀드리는데요,1
해물떡찜도,1
닭발입니다,1
내꺼내먹X한신포차,1
그곳,1
한신포차에,1
어려웠던,1
IMF,1
일으켜준,1
브랜드가,1
한신포차였는데요,1
20여,1
브랜드이기도,1
마니아,1
한신포차가,1
리브랜딩도,1
뿌시는,1
홍대점,1
가봤어요,1
바뀌었어요,1
한신통닭,1
한신이가,1
피피엘식당이,1
어가를,1
땐데,1
가격까지,1
쟁여놨어요,1
조점장이,1
전라남도,1
진도군에,1
렛츠,1
드라이브,1
선장님,1
거니는,1
바닷길,1
따러,1
출발,1
고향에서,1
편지,1
TO,1
백선생님,1
양식장이어라,1
전복노래자랑,1
사뒀는데,1
국물류,1
조미닭가슴살,1
위기,1
사장님의,1
입국심사,1
완성돼,1
한국말,1
심사,1
네고,1
세계화,1
탱고,1
효과음,1
copyright,1
wrtSn,1
13355295,1
menuNo,1
200020,1
냉면의,1
창시자입니다,1
천혜의,1
메밀과,1
금악,1
냉면은,1
탄생하게,1
됐을까요,1
금악에,1
냉면집을,1
냉면랩소디에서,1
논란,1
천하제일,1
일가견,1
참가자들이,1
찾아왔습니다,1
후배,1
기억,1
후배도,1
있었지만요,1
명의,1
고수가,1
심사위원의,1
사로잡기,1
왔더라고요,1
1등을,1
가수는,1
때보다도,1
치열했던,1
쟁탈기,1
붙잡힌,1
심사위원들,1
얼공의,1
인플루언서부터,1
아이돌까지,1
1300원,1
50미리,1
미리인데,1
나오므로,1
미리도,1
풀어주면,1
벗겨서,1
토핑용으로,1
송송썰어서,1
가열이,1
줄여가면서,1
쉬지,1
덩어리지기,1
돼지고기볶음을,1
도삭면을,1
끓어주세요,1
도삭면이,1
섞어두세요,1
생기므로,1
당근보다,1
흔든,1
튀기면서,1
탁탁,1
튀기는,1
9의,1
부어내면,1
아래쪽에,1
바깥쪽에서,1
안으로,1
밀어주면서,1
조갯살,1
조리순서,1
메밀가루에,1
점도를,1
데쳐놓는다,1
조개류,1
해감하여,1
벌어지고,1
발라놓기,1
조정하고,1
위애,1
준비해놓은,1
해물들을,1
부어준다,1
나중을,1
남겨둔다,1
지글거리게,1
기다려준다,1
잡시를,1
반대면도,1
복주머니,1
한우국밥,1
섞어주다가,1
풀어질,1
소스팬에,1
부으면서,1
걸쭉하지,1
꿔바로우,1
유자청이나,1
레몬청을,1
우러나오도록,1
튀므로,1
높지,1
100도,1
갈색나게,1
강정처럼,1
끈적끈적해질,1
탕수,1
덜어내고,1
건더기스프와,1
중화라면,1
섞으면서,1
어우러질,1
볶음짬뽕,1
소독한,1
스프램블,1
당근양배추라페를,1
고추씨를,1
주위에,1
뿌려내면,1
양배추계란샌드위치,1
당면볶음,1
정육면체,1
마파두부라면,1
청피망을,1
어향,1
떡볶음,1
빠진다,1
센티,1
졸여주고,1
비빌,1
졸인다,1
완성되면,1
오이채를,1
으깨어,1
크림탄탄,1
삼각형,1
대각선으로,1
두께를,1
8조각을,1
가상두부,1
큼직한,1
뿌옇게,1
20초,1
쪼개어,1
타므로,1
6을,1
팔도,1
쟁반,1
유니짜장,1
페다치즈를,1
춘권피에,1
개어,1
묻혀주면,1
얹어내면,1
게살춘권,1
세프는,1
푸드엑스포에,1
방문한,1
새우가공,1
공장을,1
견학하였습니다,1
공장은,1
600명,1
직원들이,1
진심을,1
그들의,1
태어날,1
기대됩니다,1
벗겨지도록,1
그레이터,1
숙성시키면,1
6이에요,1
질길,1
닦아,1
새끼손가락,1
듯하게,1
증발되도록,1
돼지고기볶음,1
감자채는,1
2꼬집을,1
깍둑썰기한,1
8잎,1
어슷썰기한,1
휘어진,1
계란물과,1
탄듯하게,1
흐물흐물하게,1
풀어져요,1
두부부침을,1
1L를,1
펴주듯이,1
이등분한,1
두부튀김을,1
중식닭봉찜,1
밑동,1
두부피튀김,1
두부피는,1
배춧잎이,1
두부피튀김을,1
고추기름이나,1
덩어리지지,1
해동시키고,1
해동한,1
묽을,1
뿌려주면서,1
칠리새우,1
꽃빵은,1
속대,1
꽃빵을,1
떼어내어,1
펴면서,1
듯할,1
포슬포슬해지면,1
밥그릇에,1
가장자리를,1
윗부분을,1
벌린,1
밀어주듯,1
뉴계란덮밥,1
노른자도,1
스크램블이,1
증발해서,1
굴소스가,1
어우러지게,1
더블계란볶음밥,1
4등분한,1
3등분,1
새송이버섯에,1
새송이버섯의,1
새송이버섯이,1
둘러주고,1
어향버섯,1
부채살에,1
부채살을,1
흔들어만,1
널찍한,1
코핑되도록,1
날아가도록,1
손선풍기를,1
틀어,1
슬라이스하세요,1
빼두세요,1
쇠고기나,1
섞으세요,1
g일,1
볶았던,1
만들어둔,1
소고기볶음쌀국수,1
파일,1
9qKduoMjuNA,1
yBLSFvX9BG0,1
카츠,1
JUngah9qTBI,1
5Kc16Sll7kE,1
sRPZNlEHLHs,1
g81kBsXrB6,1
부리토입니다,1
그릇도,1
밀크초콜릿,1
모음집입니다,1
두부가스,1
YKK17C5oM0k,1
oRYoQrI3UCE,1
wa0UvD1fa,1
2rBl,1
c79YBE,1
전분이나,1
유동적입니다,1
식는,1
기다리면,1
질감을,1
iaWWmmzHgUk,1
8Hb53eM6qgM,1
yJAAvIbse,1
원한다면,1
9가지를,1
Pave,1
Fudge,1
pMrn2IJsKb0,1
OW8o3bmDYhU,1
FVOW9Fzw7N4,1
iFDL1x8ojAU,1
도우로,1
전문점보다,1
흑백,1
귀요미,1
스팸계란,1
주먹밥으로,1
토르티야에,1
빵없이,1
빼도,1
우동이,1
계란찜과,1
Aqc9mcVKgo4,1
IbtSoQ1hvTc,1
YYUhtNe8sBg,1
o5uTQF7b9Og,1
Qg2ZZQqaXXY,1
S6qF1jErX8,1
tvvgHjknIk,1
조화에,1
반하게,1
쫄깃합니다,1
집집마다,1
보관하시면서,1
호박에,1
크리미하게,1
감자보울,1
보울입니다,1
브레드가,1
브래드를,1
원하신다는,1
준비해보았습니다,1
2jrydFvHLE4,1
잔치,1
m7YsAsRzDYk,1
snsNrLDxc9o,1
0NoZWkGOfpo,1
오야코동,1
d2,1
6Q0DALRY,1
BjJe8E9KU,1
고로케빵입니다,1
대체가능합니다,1
IKnu8lYApMg,1
Tkfwxgzg5,1
sxRIkJHGxAw,1
PciEs59QaGM,1
ZVSLEnBuqK8,1
81FCdWo9Mps,1
감자튀김은,1
계란치즈토스트,1
부어보세요,1
R3zyKGsXYds,1
ithyGvrnH00,1
D5B8WqlISUM,1
맞이해보세요,1
핫도그로,1
바꿔주세요,1
브레드입니다,1
카레나,1
샐러드가,1
어울림,1
다이어트용,1
노오일,1
비빔덮밥,1
식빵이나,1
통밀빵에,1
크림치즈나,1
냉파스타,1
카펠리니,1
냉파스타로,1
삼삼한,1
독소배출에,1
썰기만하면,1
부기,1
12kcal,1
다이어터들의,1
단골템,1
진정,1
실리카,1
풍부,1
미백에,1
팩으로,1
이소플라본과,1
지방산이,1
염증수치를,1
수면은,1
억제에,1
받지,1
구성했어요,1
봤던,1
순서,1
바꾸기,1
지켜도,1
과식이,1
줄고,1
혈당도,1
안정돼요,1
올라가서,1
식사법이에요,1
혈당잡는,1
혈당수치,1
내려갑니다,1
걱정없고,1
마법의,1
루틴에,1
정리했습니다,1
부추뱅뱅,1
갱년기에,1
애호박에는,1
화합물이,1
라이코펜의,1
9배까지,1
증가하며,1
차단해,1
조합이라고,1
상추피자,1
토닭볶,1
극찬하는,1
챙겨먹어도,1
염증은,1
두부들깨,1
부담될,1
생으로만,1
사과말이,1
상추두부전,1
Healthy,1
Smoothie,1
불두부면,1
노화속도,1
늦춰주고,1
두부사러,1
협찬고지,1
식품의약품안전처,1
더우시죠,1
나갔던,1
김라면,1
이랑,1
파래김,1
탈피들깨가루,1
끝내주죠,1
산더미처럼,1
쌓아서,1
과음한,1
원하다,1
거예유,1
바지락의,1
해감,1
스킬,1
매드,1
시원하다,1
사고친,1
조점장,1
첫손님,1
가져주시는,1
여러분께,1
홍콩반점은,1
개선해,1
기회를,1
점주님들,1
노력하겠습니다,1
짜장에,1
집중하고자,1
잡아보겠습니다,1
2편에서,1
먹어봤습니다,1
토끼잡기,1
어렵네,1
내일부터,1
얘네를,1
굴려야겠어,1
지옥,1
시작이다,1
활기,1
학생들,1
등장,1
식당은,1
언제까지,1
홀려버린,1
손님들,1
싸움,1
금지,1
손님의,1
소신,1
발언,1
전도사,1
어때,1
성대모사,1
소갈비찜,1
생각하셨죠,1
비싸잖아요,1
저렴하면서도,1
그럴싸하게,1
약3,1
데침,1
약1대,1
거를,1
타선,1
알짜배기만,1
건물,1
세워도,1
되겠는데요,1
뭐라구요,1
사기로,1
신고한다고,1
출연자,1
OOTD,1
메인크루,1
아웃도어,1
포레스트,1
킨조,1
바시티,1
타이포,1
고프코어,1
트레킹,1
광고주,1
님을,1
3인방,1
닭튀김,1
정식,1
미끼라고,1
하옵니다,1
왕좌를,1
펼쳐지는,1
치열한,1
배틀,1
4회가,1
블라인드,1
뒤에서,1
이놈들이,1
거라곤,1
상상도,1
장사천재로,1
맺게,1
존박이가,1
찾아왔더라고요,1
실력도,1
보통이,1
아니었는데요,1
정도였다니까요,1
호랑이,1
it들을,1
탐냈던,1
누구의,1
레시피였을까요,1
라면왕은,1
차지하게,1
3인방이,1
펼쳤던,1
박빙의,1
파이팅,1
국가유공자,1
MIU,1
가족이나,1
친인척이신,1
못해도,1
열정,1
가득하신,1
신청해,1
1FAIpQLScCxl6wzh3,1
t3,1
gtHztrj0lBFnlRL,1
wE7cz5YRYVO7iUhibVeYg,1
vc,1
flr,1
fbzx,1
3.68478E+18,1
메모리얼,1
페스타,1
독립운동가,1
참전국,1
공대원,1
모집합니다,1
애들,1
떡어묵꼬치를,1
맥주도,1
술안주가,1
없네유,1
집중해서,1
밀떡볶이떡,1
봉어묵,1
만드느냐에,1
짬뽕같이,1
얼추,1
짬뽕라면을,1
ml생수,1
손바닥으로,1
대망의,1
시작됐습니다,1
올렸을,1
놀랐는데요,1
조가,1
쳤는데,1
괜찮을까요,1
조의,1
한다며,1
뭉클한,1
사연부터,1
직원들과의,1
빵빵,1
케미까지,1
좋아할지,1
준비했거든요,1
감동으로,1
3인의,1
도전기,1
4회는,1
13일,1
궁금해도,1
커밍쑨,1
왕을,1
1화를,1
1회의,1
원이었는데요,1
심플,1
튜닝의,1
순정,1
중의,1
라면이죠,1
1회는,1
계시다면,1
고고고,1
문의는,1
하루2,1
출시됐습니다,1
짝짝짝,1
1탄을,1
생기더라고요,1
필요하다고,1
하신,1
요래요래,1
쓰자구요,1
구경하러,1
와보세요,1
JongWons,1
오해하시는,1
라면왕과,1
손님도,1
초대했습니다,1
누굴까요,1
금액도,1
공개됐으니,1
어서,1
1FAIpQLSeLMKtG2jp12Ny2fCYVCFdd0q6PWwCWlJ9nkEuS0POAXrRpyw,1
금액이었던,1
신청서와,1
별개로,1
미션금액,1
모집입니다,1
있슈,1
말아유,1
한솥도,1
모자라니께,1
홍성,1
김치말이만두,1
Mochanova,1
n813H5Y1ZQk,1
스쿠터,1
DMrl3k36Hy8,1
Shopping,1
fj2H07kYR10,1
PCmXxi3PKic,1
브금의,1
커피집,1
빽다방에,1
나에게,1
놀라실걸요,1
논란이,1
대파크림,1
감자라떼,1
거냐,1
먹어는,1
봤냐,1
본격,1
오해와,1
해명의,1
가져봤습니다,1
시작하기,1
말씀부터,1
고구마랑,1
의지만,1
준비하시고,1
전자레인지용,1
1000W전자레인지,1
약10초간,1
돌린다,1
상태와,1
세기에,1
돌리는,1
조절한다,1
부드러워진,1
허니버터가,1
굳힌다,1
쫄면이랑,1
왔다가,1
행복분식집,1
그날만,1
난다니까요,1
아련,1
Youtube,1
Freeticon,1
중국집에선,1
돈가스예요,1
돈가스냐고요,1
믿어보세요,1
어마어마한,1
Fall,1
Llwyd,1
9PB6C7IHJbE,1
얼레,1
꼴레,1
Collection,1
FcJUzr3R8Ko,1
6s,1
Clown,1
Champs,1
Elysees,1
zw23,1
hWjmuY,1
EsGGLT5ha9w,1
18s,1
브그미언,1
계단,1
rZu5,1
cnLaMI,1
136s,1
상상작곡가,1
결혼행진곡,1
eG65fKwD3YU,1
해물쟁반짜장,1
부안,1
물가에,1
이러다,1
거덜나는,1
아니냐고요,1
저희에겐,1
다다익고가,1
제주까지,1
왔으면,1
가야죠,1
흑돼지가,1
비싸다구요,1
다다익고에서는,1
흑돼지를,1
회식에선,1
바빠요,1
소중하니까요,1
가게로,1
영접합니다,1
사장님들도,1
보너,1
나이보다,1
그분들을,1
소고기떡국,1
115,1
스크래치,1
예약을,1
대행해,1
선착순,1
마감될,1
1장당,1
현장에서,1
발생하는,1
비용은,1
현장,1
불가,1
호텔,1
hoteltheborn,1
연돈을,1
찾은,1
연돈에도,1
볼카츠,1
옵니다,1
내꺼,1
내먹,1
탐모라,1
깨알자랑,1
페가,1
시작된다,1
DAY,1
정육왕,1
놀자,1
대기업,1
취요남,1
프로의,1
샤이,1
문츠와,1
드셨쬬,1
감상해보시겠어요,1
충남,1
예산에서,1
잔치가,1
우리술에,1
잘은,1
생길락말락한다는,1
전통방식만으로,1
박록담소장,1
제자그룹인,1
물에가둔불,1
창의적인,1
빚은,1
우리술까지,1
130여종의,1
무료로,1
정점,1
우리술의,1
먹거리는,1
대한민국명주대상과,1
가을밤을,1
재즈,1
공연까지,1
가을처럼,1
Bit,1
Tricky,1
jBqESgW0XJ4,1
여름방학,1
jcfba9,1
V9Uw,1
두리안,1
방콕에서,1
가신,1
이런이런,1
방콕은,1
따르고,1
있더라니까요,1
이야기할게요,1
137,1
Sanam,1
Khli,1
Alley,1
Lumphini,1
Pathum,1
Wan,1
Bangkok,1
Reopening,1
7ZoMlr7wl,1
Place,1
Time,1
mcVEobrErMM,1
용돈,1
가족끼리,1
둘러앉아,1
점씩,1
주거니,1
받거니,1
우애,1
일도,1
외치게,1
소고기슬라이스,1
목등심,1
축제는,1
준비한다고,1
찾아주셔서,1
대응에,1
미흡했던,1
죄송한,1
마음입니다,1
부족했던,1
보완해서,1
힘차게,1
도약하는,1
축제에서,1
찾아주셨던,1
년간의,1
연구,1
비하인드를,1
발전하고,1
문제의,1
말하지,1
시장과,1
곱창거리를,1
덮친,1
잔소리,1
어떡해,1
해야지,1
곱창거리에,1
아휴,1
지겨워,1
90초,1
끝내는,1
타이머,1
꺼내셔도,1
넣어둬요,1
해드릴,1
테니까요,1
정수물을,1
삶는다,1
준비하여,1
휘저어가며,1
건더기수프를,1
건더기수프가,1
가루수프,1
3봉지를,1
라면수프,1
뭉치지,1
뽈찜의,1
장르예요,1
뽈찜을,1
숱하게,1
생전,1
처음이거든요,1
먹었지,1
함양이,1
대구뽈찜으로,1
유명해지겠는데요,1
음악출처,1
Scrooge,1
Gold,1
voHeELfixks,1
그때의,1
7Z1RpQE4GIY,1
함양,1
재개장이,1
코앞인데,1
개발이,1
안끝난,1
약과인가,1
페이스트리인가,1
지옥이,1
시작됐다,1
난제를,1
풀어라,1
험난한,1
해주시겠어요,1
창업자에게,1
사장님들의,1
덕산,1
만두의,1
난제가,1
고등어에,1
두부라니,1
비릴,1
전혀요,1
설명해도,1
알아요,1
홍천에,1
와야,1
고등어두부구이,1
정원,1
Q6yVJaEBd6M,1
먹거리들과,1
매장들을,1
콜라보의,1
사과향으로,1
닭바베큐,1
연돈볼카츠까지,1
매장들의,1
비화,1
혹독한,1
말그대로,1
피나는,1
노력으로,1
신메뉴들과,1
재개장,1
물회를,1
철원에서,1
상상이나,1
해보셨어요,1
맛이냐고요,1
오징어물회,1
28초,1
간지,1
TEX3P2QEAdU,1
6초,1
무궁화,1
Y8jh4,1
gBETos,1
Alice,1
Wonderland,1
oThCZuUityg,1
8초,1
기다려주셔서,1
상설시장이,1
재개장을,1
모르겠네요,1
방문하는,1
많이많이,1
방문해주셔서,1
그전에,1
이용법,1
알아볼까요,1
배고파홍콩,1
카트국수,1
새소리,1
들으면서,1
긴말,1
홍콩관광청의,1
시장중국집,1
컨설팅,1
바뀐,1
예산상설시장의,1
고려떡집,1
고기떡의,1
예고편,1
아이디어를,1
신광정육점,1
레트로,1
정육점엔,1
특수부위가,1
도래창,1
머릿고기,1
정육점과,1
겹치지,1
주머니,1
사정까지,1
장옥에,1
불판에,1
구워먹음,1
매나,1
시장에선,1
신광정육점에서,1
하실까요,1
빽소시지,1
그간,1
부대찌개에,1
빽햄만,1
넣으려니까,1
섭섭하셨죠,1
빽쏘시지를,1
전용으로요,1
많을수록,1
상상만,1
땡기시죠,1
재래식된장,1
멸치국수는,1
육수부터,1
남다르다,1
끓여내,1
그런가하면,1
예산시장에서만,1
국수도,1
예산의,1
멸치국수,1
선봉국수,1
OO,1
이라면,1
공짜로,1
드시잖아요,1
술안주용이에요,1
달걀프라이가,1
술안주냐고요,1
속는,1
다음부턴,1
이거만,1
될걸요,1
해남,1
2023년이네요,1
신년엔,1
해돋이가,1
땅끝마을에서,1
일찍부터,1
보려니까,1
배고프네요,1
신년의,1
소고기만,1
누구보다,1
올해를,1
보려구요,1
해보다,1
올해가,1
되길,1
바라보자구요,1
00분,1
00초,1
Goodbye,1
88UVNoA,1
yTE,1
서프라이즈,1
탄생한,1
장사하느라,1
지쳐가던,1
특훈,1
결과가,1
탄생했습니다,1
칭찬이야,1
대구에서,1
리부터,1
에그인헬까지,1
외로운,1
장사의,1
사장님이,1
이겨낼,1
응원해주세요,1
회국수,1
속초에,1
앞바다를,1
구경하는,1
저한테는,1
중요하죠,1
여기는,1
이상한,1
국수집이에요,1
회가,1
국수가,1
깔려,1
있다니까요,1
경고할게요,1
구경도,1
장사이야기로,1
불쑥,1
대구까지,1
찾아가,1
FLEX,1
에그베네딕트,1
과카몰리오픈샌드위치,1
4메뉴는,1
기본이시죠,1
분명히,1
그랬었는데,1
이곳에선,1
일어난,1
건지,1
말릴,1
없었다,1
사장님에게,1
감귤로,1
우리술이,1
그러려면,1
안주도,1
필요하겠네요,1
유명하잖아요,1
우리술과,1
돼지두루치기,1
설레죠,1
실망시키지,1
고기쌈,1
우리술,1
바랄,1
비행기,1
올만,1
하겠는데요,1
충청북도,1
진천에,1
농다리도,1
아펄추도,1
한적한,1
마을에,1
정해주는,1
인상적이죠,1
테이블에선,1
현지인과,1
시켰을,1
밀려오는,1
불안감,1
느껴본,1
생각할게요,1
어떤지는,1
이러나저러나,1
배부르면,1
창원특례시에,1
창원특례시,1
안에서도,1
마산에,1
왔지요,1
마산,1
아귀찜,1
아시겠지만,1
찐고기파,1
소머리,1
수육이랑,1
정돈,1
감성은,1
사람을,1
부림시장,1
한편을,1
지켜온,1
곰탕집에서,1
한잔하니까,1
마음속에,1
분위기도,1
나위가,1
백종원입니다,1
쿠킹로그로,1
인사드리는,1
오랜만이죠,1
전국을,1
돌아다니느라,1
바빴어요,1
삼척,1
기억나세요,1
삼척을,1
수는,1
없으니까,1
손두부랑,1
없인,1
명란요리,1
밥이랑만,1
아니쥬,1
참기름에만,1
해줄게유,1
명란크림파스타는,1
증말,1
쉬워유,1
그럴싸하쥬,1
명란크림파스타,1
고등어조림,1
건국,1
신화에,1
버금가는,1
레전설,1
백종원을,1
방년,1
11세에,1
소년,1
백종원이,1
이르되,1
있으라,1
심히,1
좋았더라,1
장교,1
보이스카우트가,1
있었다,1
보이스카우트,1
역사에,1
고등어통조림조림,1
아기다리고기다리던,1
주주총회,1
회담,1
올드하대요,1
인싸는,1
아니져,1
막걸리에서,1
바나나향,1
무화과까지,1
털어드릴게요,1
전통주의,1
구매처는,1
백술도가,1
바종원,1
백뽕원,1
번데기탕을,1
뽕잎이,1
생각나고,1
생각하니까,1
싶어하던,1
21살의,1
했어유,1
뻔뻔,1
소중해서,1
편씩,1
있잖여,1
좋아했어유,1
엘든링7번깸,1
뺵다방먹으면가능,1
적들의,1
타들어가는,1
목구멍,1
빽다방이죠,1
하나요,1
키가,1
자라기는,1
주량이나,1
키워유,1
해장국에,1
빠져선,1
수란해먹는,1
해보세유,1
16과0,1
참치밥,1
찬장에,1
여기저기서,1
있쥬,1
그놈들을,1
비이이법,1
알려드릴게유,1
정수,1
맛집레시피,1
맛깔지게,1
올려드릴,1
6과,1
홍콩에서,1
오오,1
토마토라면으로,1
해장하세요,1
식당의,1
내기가,1
어렵쥬,1
콩나물국의,1
드리니,1
콩나물국하고,1
콩나물해장국도,1
좋아해주셨는데,1
어렵다는,1
많으셔서,1
소여사가,1
해장에,1
먹길,1
꿀팁공개,1
어려우셨던,1
햄김치찌개로,1
부대찌개랑은,1
좌절하지,1
3과,1
참치김치라면,1
라면시리즈,1
러버인,1
해장할,1
참치김치라면이,1
해장하려고,1
생각나게,1
포인트니까,1
수제비튀김,1
혼밥보다,1
혼술이쥬,1
혼술하는,1
팀원들을,1
감자수제비에,1
안주가,1
혼술,1
술방을,1
나눔템플릿,1
빚기에,1
빠져있는데요,1
빚으면,1
빚을수록,1
술이,1
완성되었을,1
짜릿함이,1
효모만,1
술의,1
낮술이,1
소시지에,1
둘러주면,1
밸런스인,1
딱이쥬,1
봄바람,1
쌈밥집,1
아저씨의,1
근본을,1
파만,1
고추장도,1
치밥용,1
한두조각,1
빼놓으세요,1
그래야만,1
백종원만의,1
치밥,1
치밥이랑은,1
케첩달걀밥,1
카레달걀밥,1
찍다가,1
팀장님도,1
제작진들도,1
진심이,1
부른,1
제작진,1
달걀밥과,1
인도에,1
착각을,1
숨겨둔,1
달은,1
버틸,1
있겠쥬,1
간장달갈밥,1
고추장달걀밥,1
기초편,1
간장달걀밥,1
끌어올리는,1
빠악,1
달걀밥도,1
해볼까유,1
심화편,1
초코롤,1
호떡믹스,1
발렌타인데이를,1
맞이하여,1
꺼냈습니다,1
찐텐,1
소여사와,1
약속,1
깜빡하고,1
걸려서,1
동공지진남,1
등갈비튀김,1
치즈등갈비,1
말씀드린,1
등갈비튀김입니다,1
애들이,1
선택이,1
등갈비튀김에,1
갈맥의,1
시대입니다,1
돼지등갈비,1
10대,1
천덕꾸러기,1
절편,1
소진용,1
애프터,1
보증하는,1
김치떡전,1
순대김밥,1
야식메뉴,1
드셨나요,1
통순대를,1
통순대,1
장르입니다,1
약과가,1
좋아했었는데,1
유행이래요,1
보이쥬,1
빽스베이커리,1
가봤습니다,1
판매한다는,1
아셨나요,1
매장에,1
메리카노에,1
오해도,1
풀어드릴게요,1
직원분들이,1
빵이랑,1
뭐게요,1
선택과,1
집중을,1
선보여,1
매장을,1
가볼까요,1
단계,1
격상,1
방역,1
수칙을,1
준수하여,1
인원으로,1
촬영하였습니다,1
끓여먹자니,1
카레라면,1
고형,1
금악리,1
금악냉면을,1
궁금해하시길래,1
전이라도,1
요령까지,1
테스트용으로,1
백걸리,1
먹겠습니다,1
길거리간식,1
휴게소나,1
길거리에서,1
사드시던,1
간식이죠,1
이을,1
뺵다방,1
아저씨가,1
잘라낸다,1
바닥으로,1
고정한,1
배워두고,1
0CL9U,1
Se8Gs,1
단무지가,1
곤란하다고요,1
투자해,1
고형물,1
사용하시죠,1
참기름같이,1
소스엔,1
빠지실,1
만들어보시고,1
점수,1
따세요,1
전복내장크림파스타,1
전복내장크림소스,1
전복내장,1
스푸파,1
만능마라소스,1
활용법을,1
요청하셔서,1
스트리트,1
파이터,1
청두,1
마라감자를,1
원한,1
냉동감자,1
육우로,1
총정리해드립니다,1
질릴,1
틈이,1
육우와,1
농산물의,1
소비,1
촉진을,1
농협과,1
창립,1
60주년,1
판매처,1
라이블리,1
다가,1
커밍순,1
사놓은,1
보양음식,1
닭개장을,1
마늘맛의,1
튀김과,1
F3C8,1
uEMixU,1
선물해보세요,1
맛다시보다,1
왓다시,1
만약에,1
귀찮은데,1
볶음고추장이,1
대학,1
만들어줄,1
회심의,1
일타,1
이용했구요,1
캔햄은,1
partynoodle,1
멸치없이,1
비벼드시는,1
대찬성,1
궁중떡볶이와,1
왕이,1
새해복,1
내일은,1
설날입니다,1
설에도,1
없겠지만,1
달래보시는,1
Tomorrow,1
Although,1
Paik,1
Cuisine,1
anyone,1
설날이,1
나가기,1
발효음식,1
스멜,1
따라하시면,1
셀프,1
3모,1
파전이,1
대파밖에,1
없으시다고요,1
대파전에,1
쪽파인지,1
대파인지,1
대파전,1
탕수육고기,1
탕수육을,1
생굴,1
세척한다,1
입힌다,1
파스타의,1
만들어봅시다,1
지내세요,1
콩나물라면,1
해장이,1
자칫하면,1
부를,1
황태콩나물라면,1
구수,1
황태콩나물,1
안나서,1
속상하시죠,1
기본버전,1
김장철이죠,1
김장하면,1
수육입니다,1
좋은데다,1
뻑뻑함,1
극복하는,1
껍질양파,1
개입,1
못끊는,1
계란후라이랑,1
8.33333E+15,1
20분레시피,1
소고기랑,1
2와1,1
228,1
8과0,1
베이컨크림파스타,1
끓이셔서,1
찌개끓이는법,1
된장찌개의,1
라볶이를,1
순한맛라면,1
수박써는법,1
수박으로,1
수박바,1
태국의,1
땡모반,1
수박화채로,1
back,1
여름엔냉국,1
넣어드세요,1
양조식초0,1
강렬한맛,1
술안주도,1
강렬한,1
0,1
김치전입니다,1
10호,1
144,1
못난이고구마,1
맛탕,1
고구마맛탕입니다,1
뜨듯한,1
겉차속뜨,1
체크한다,1
대파제육볶음입니다,1
고기에선,1
불맛이,1
파에선,1
설명이,1
대파제육볶음,1
맛있게담그는법,1
깍두기로,1
소시지케첩볶음입니다,1
쏘야,1
카나페입니다,1
후레쉬콘,1
크래미아,1
마카로니샐러드,1
올려둔다,1
막걸리가생각나는,1
전집에서,1
사드시는,1
바지락라면,1
국물맛이시원해요,1
업그레이드됩니다,1
볶음의,1
청하를,1
사천고추,1
닭똥집볶음,1
술한잔딱,1
소한,1
과음,1
조심,1
닭근위,1
근위을,1
김치찌개보다,1
육수용멸치,1
비밀의,1
밀가루떡,1
토막닭,1
12호,1
캬라멜,1
고기짬뽕라면,1
맛남의광장에서,1
멤버들과,1
고기짬뽕라면입니다,1
선호,1
부위인,1
뒷다릿살로,1
돼지고기짬뽕라면,1
떡만둣국,1
삼색나물,1
삼색,1
번째인,1
민족,1
대명절,1
설날이죠,1
해드려,1
숙성시간이,1
오래될수록,1
세기의,1
물양을,1
돼지지방,1
양세형,1
양세형씨가,1
찬바람,1
불때,1
한사발,1
수십가지,1
고급정보,1
소양지,1
에어프라이기로,1
브라우니와,1
홍차입니다,1
용기코팅용,1
달걀볶음밥입니다,1
볶음밥입니다,1
만능양념장,1
춘천식,1
귀찮으신,1
2kK9yUq,1
매장확장,1
2019년,1
35회차,1
대학가에서,1
운영중이신,1
매출,1
증대를,1
확장을,1
고려할,1
요인들은,1
마리텔,1
시즌1,1
6화에,1
파마늘,1
퓨어올리브오일,1
단맛간장소스,1
집밥백선생,1
통화,1
나영석PD의,1
하에,1
강식당,1
분께서,1
요청해주신,1
강식당2에,1
김치밥입니다,1
김치볶음밥의,1
강식당2,1
만들어보는,1
양파스프로,1
업그레이드해보셔도,1
만능양파볶음만으로도,1
업그레이드할,1
세기와,1
물양은,1
가감한다,1
대작전,1
공개될,1
2018년,1
32회차,1
예비,1
소비자들에게,1
우려주세요,1
코팅되도록,1
닦아낸,1
움직여가며,1
온수,1
찬물에는,1
온수를,1
중화면이,1
식었으면,1
지퍼를,1
잠가주세요,1
각얼음을,1
8번의,1
지퍼백을,1
얼음에,1
내려가,1
땅콩소스를,1
중화냉면,1
넘칠,1
내주고,1
곧바로,1
볶음계란장,1
보관하지만,1
괜찮으므로,1
보관하기도,1
더해져요,1
중화당면,1
중화당면은,1
어우러지도록,1
가로로,1
6등분해,1
사각크기로,1
홍피망은,1
입혀져요,1
6의,1
가라앉아,1
끓으면서,1
쫀득해지면,1
담아뒀던,1
계란볶음을,1
해감이,1
봉지바지락을,1
구입했을,1
생물일,1
바락바락,1
바닷물,1
신문지나,1
비닐봉지를,1
어둡고,1
해감해,1
익히세요,1
벌리면,1
액상스프,1
조그맣게,1
눌어붙어,1
떨어지므로,1
불향이,1
간짜장라면,1
2등분한,1
짤막하게,1
미나리와,1
수분에,1
젖어들도록,1
뒤적여가며,1
들도록,1
노릇노릇해질,1
부침가루가,1
묽지,1
바삭하면서도,1
반죽양이,1
약해,1
뒤집을,1
두부냉채,1
오르기,1
양쪽으로,1
분리되므로,1
칼집낸,1
노릇노릇하면서,1
양면이,1
소금기를,1
가위집을,1
연두부는,1
등쪽에,1
스크램블은,1
덩어리지도록,1
몽글몽글하게,1
지저분해질,1
거른,1
스크램블에,1
새우탕,1
항정살을,1
걷어낸,1
영양부추를,1
부추볶음,1
누룽지가,1
생기도록,1
매끄러워,1
향하게,1
칼질해야,1
미끄러지지,1
썰어져요,1
당기듯이,1
납작해지면,1
끓어오르기,1
데쳐주는,1
버섯채볶음,1
방향대로,1
닿도록,1
유채를,1
소고기유채볶음,1
연육작용이,1
배고,1
부드러워져,1
청경채나,1
물도,1
사용하니,1
발가락,1
잠기지,1
걷어내,1
이등분해,1
결을,1
3등분한,1
잘라둔,1
홍소족발,1
파마산가루,1
3송이,1
파마산치즈를,1
7번의,1
전분기가,1
남아있도록,1
크림짬뽕,1
파마산치즈는,1
붙도록,1
데리야끼소스,1
조리용,1
8분간,1
잎씩,1
북경오리,1
콜라를,1
짠맛과,1
뻑뻑한,1
완화시켜,1
무치다가,1
고수는,1
오리고기와,1
오리볶음과,1
오리볶음,1
국물에는,1
사이사이를,1
숭숭,1
진간강,1
두꼬집을,1
포개지지,1
비닐을,1
스며들,1
떡국떡을,1
토마토소스를,1
떡국떡이,1
덮일,1
12알을,1
살리려면,1
붙으므로,1
죽도록,1
빠지도록,1
타공볼에,1
식히세요,1
완성하기,1
준비해둔,1
가라앉지,1
돌려가며,1
계란피를,1
계란피에,1
말다가,1
옆구리를,1
풀칠을,1
계란피는,1
옮기다가,1
쉬우므로,1
짜춘권,1
돼지고기채,1
섞이면서,1
잡채밥은,1
촉촉해야,1
더하지,1
잡채밥으로,1
조리에,1
으깨듯이,1
섞거나,1
가스레인지를,1
종이가,1
만두피자,1
냉동만두피자,1
대패숙주볶음,1
묽다,1
밀어서,1
펴주시고,1
말아진,1
말아주신,1
에그누들면,1
길면,1
짧으면,1
써주시면,1
표고버섯의,1
따주시고,1
편썰기로,1
대접,1
삶아주시고,1
표고버섯도,1
표고버섯이,1
먹었을,1
숙주도,1
숙주에,1
배이면,1
4등분씩,1
16등분을,1
봉투에,1
묻게,1
흔들어주세요,1
오를,1
간격을,1
끓여주시다가,1
저으시면서,1
칠리두부,1
콩알처럼,1
배이게,1
회과육덮밥,1
사선으로,1
관자는,1
표고버섯를,1
주물러주면서,1
고기들이,1
풀리면,1
전불물을,1
해천굴소스,1
팔진탕면,1
제조해주세요,1
끓여주면서,1
붙게,1
돌아간,1
연두부에,1
고추기름도,1
익혀주시는,1
섞어집니다,1
콩나물삼겹살볶음라면,1
숙성광어회,1
광어를,1
라임들을,1
광어들을,1
쌓아주세요,1
광어카르파초,1
자숙문어를,1
잎들을,1
문어세비체,1
완두콩도,1
주물러,1
주시면서,1
새우살을,1
어향동고,1
CJ프레시웨이에서,1
병을,1
100분에게,1
굴소스에,1
기대평을,1
네이버폼을,1
작성하여,1
참여해주세요,1
내놓고,1
설익게,1
면만,1
물에서,1
건더기스프를,1
팔보채,1
양방향으로,1
쫄여주신,1
물짜장,1
끓여주시면서,1
몸통을,1
준비해주시고,1
바지락은,1
냉동면은,1
또다시,1
넣어주면서,1
옛날우동,1
농림수산식품교육문화정보원에서,1
협찬을,1
기장쪽파,1
횡성한우,1
담양죽순,1
기장,1
꽁다리를,1
2등분으로,1
데쳐주시고,1
담궈주신,1
분리해주시고,1
십자가,1
살작,1
차돌쪽파냉채,1
깨주시고,1
가열됐을,1
서서히,1
익혀주시다가,1
기다리면서,1
담아주신,1
촉촉할,1
적셔주신,1
채워주세요,1
계란부추군만두,1
잘라내시고,1
잘라주셔도,1
소금도,1
데쳐지면,1
행궈주시고,1
짜내면,1
뭉개집니다,1
가열해준,1
가운데를,1
확인하면서,1
비어있는,1
부분으로,1
가해지게,1
반대쪽으로,1
야채오믈렛,1
간격,1
잘라주는데,1
잎사귀와,1
구분해서,1
대와,1
데쳐주고,1
대는,1
짜준,1
알을,1
만들어두시면,1
고추기름까지,1
공심채무침,1
감자칼,1
부쳐주시고,1
쫄이면서,1
가지편부침,1
채썰어주고,1
담가줍니다,1
그사이에,1
감자채까지,1
담아주시면,1
돌려놓고,1
가열하고,1
제조는,1
계란덮밥,1
잘라주고,1
5등분,1
나오도록,1
쯤에,1
마파짜슐랭,1
필수X,1
중식도로,1
부순다,1
노릇해질때까지,1
복작복작,1
짜슐랭과,1
합쳐,1
제거해준,1
두들기듯이,1
내려쳐주신,1
맞는지,1
갓을,1
밀어주듯이,1
쓸어서,1
갓도,1
쫄여주듯이,1
놓아줍니다,1
양상추를,1
조절하기,1
크래미는,1
분리하여,1
풀어주면서,1
게살볶음라면,1
담가놓고,1
넣자마자,1
기름에서,1
부어주며,1
담가놓은,1
당면에서,1
중화비빔당면,1
해물라면,1
cc에,1
cc로,1
쓰다,1
다져준,1
건져주고,1
삶아져도,1
섞어진,1
800W,1
라면계란찜,1
따라주시고,1
후춧가루도,1
저어주지,1
타니까,1
뿌리주고,1
후추가루를,1
닭다리살에,1
뜨거워졌으면,1
뜨거워지면,1
던져보고,1
바삭해졌다는,1
신호입니다,1
청경채가,1
해지면,1
알려드리겠습니다,1
싶으실때,1
달짝지근하고,1
닭볶음탕이,1
간단하다고,1
요리법,1
생색,1
내볼까요,1
비닐랩을,1
귀찮으시죠,1
분리한,1
1자밤을,1
요리하다보면,1
보여드립니다,1
손님들에게,1
대접하기에도,1
방울을,1
요리사들이,1
부러워만,1
하셨나요,1
요령을,1
대파부터,1
무까지,1
연습만,1
일류,1
셰프처럼,1
안전인,1
왕병호,1
드셔보실라우,1
선보입니다,1
3cm길이로,1
뜨거워진,1
식용유에,1
1분동안,1
겨울음식,1
굴요리,1
굴튀김,1
1월까지,1
바삭하지,1
파삭,1
배워볼까요,1
45초,1
스톨,1
Lane,1
Section,1
Chongqing,1
RD,1
Zhongzheng,1
District,1
Taipei,1
City,1
대만에선,1
김장하고,1
많으셨던,1
해결책을,1
평소와는,1
무떡,1
무떡으로,1
무도,1
처리하고,1
식사도,1
1석,1
2조의,1
배워보세요,1
보리새우,1
무떡을,1
노릿하게,1
쌀국수맛집,1
무명점,1
간판,1
음식점,1
타이베이시,1
우창가,1
16항,1
ynwH4dCpPXMCgY2e8,1
찾아가요,1
이만큼,1
찾아오지요,1
추운날,1
뜨거,1
쌀국수의,1
대가를,1
타이페이시,1
중샤오시로,1
29항,1
1호,1
acVwBkaLsW5UEN4EA,1
여행기,1
대만에,1
알아보는,1
첨면장으로,1
찹쌀닭찜,1
찹쌀밥,1
알밤,1
연골,1
날개와,1
찹쌀에,1
날개에,1
움푹한,1
1단으로만,1
쪄주시면,1
푼을,1
3바퀴를,1
뜯으면,1
간단하다,1
조형가루,1
산초가루,1
마늘4,1
가능하다면,1
4번까지의,1
숙성시킨다,1
두부피,1
건두부,1
면처럼,1
잘린,1
건두부를,1
산초기름,1
포두부에,1
Thick,1
3쪽을,1
새끼손톱,1
1줄을,1
옮겨주세요,1
잎을,1
으깨놓은,1
130도까지,1
손질해주신,1
참초,1
그린빈이,1
2줄을,1
흰부분을,1
2cm길이로,1
그린빈을,1
증발할,1
흰부분과,1
오목한,1
돌려도,1
망에,1
걸러주시면,1
5을,1
섞어놔,1
오이채와,1
양파절임을,1
모닝글로리,1
40초가량,1
1자밤과,1
stem,1
morning,1
힘들이지,1
죽순과,1
Bok,1
choy,1
Taste,1
jin,1
bts,1
Yeonbok,1
Mokran,1
chinesefood,1
kpop,1
army,1
방탄소년단,1
XO소스,1
ARMY,1
흰자만,1
다져진,1
식혀진,1
신라호텔,1
경력,1
10년에,1
빛나는,1
꽃미남,1
분말카레,1
담기주세요,1
캐러멜,1
라이징,1
mL에,1
조개가,1
5마리와,1
양식까지,1
섭렵한,1
신화,1
이민우,1
생일맞이,1
하러,1
으깨주며,1
면수를,1
싱겁다면,1
tarako,1
병어,1
꼬리와,1
지느러미를,1
내주신,1
스푼를,1
Silver,1
pomfret,1
White,1
Star,1
anise,1
Optional,1
샐리러,1
7대를,1
웅큼,1
남기신,1
볶아주시는,1
볶음면에,1
초절임한,1
고춧기름을,1
Celtuce,1
balsamic,1
구워놓은,1
블렌더로,1
갈아놓은,1
고추에,1
예열해놓은,1
고추소스에,1
고추소스,1
고추소스는,1
중화되고,1
풍푸해집니다,1
Capsicum,1
진치국수,1
건져내서,1
행궈주세요,1
쏟아,1
올려놓으신,1
겨자를,1
Plain,1
정당량을,1
2마리를,1
노릿해질,1
개콘의,1
창시자,1
개그계의,1
전유성,1
선생님과,1
고양이귀면,1
1자밤,1
반죽해주신,1
색깔별로,1
펴주신,1
1사이즈,1
엄지로,1
고양이귀면을,1
시점에서,1
여부를,1
결정해주세요,1
Chunjang,1
Squash,1
으깨주신,1
펴놔,1
소시지의,1
만들어주시고,1
3잎,1
1대와,1
낙지를,1
가리비찜,1
벗겨주시고,1
개수의,1
다져주신,1
진액을,1
궁채와,1
마트산,1
가리비의,1
내장은,1
불려주신,1
가리비를,1
가리비에,1
손질해주세요,1
2자밤,1
다리가,1
버무리신,1
즉석밥도,1
유기견,1
보호센터에서,1
맺은,1
생일이,1
상처를,1
극복하고,1
복셰프와,1
명견으로,1
탈바꿈하다,1
해맑은,1
생일이의,1
미소와,1
올려놓아,1
Ketchup,1
Toban,1
djan,1
brush,1
멕시카나치킨,1
리얼치킨꿔바로우,1
어향요리치킨,1
깐풍요리치킨,1
얼기설기,1
개어주세요,1
물밤을,1
새싹채소,1
g를,1
2자밤을,1
새싹과,1
버무려진,1
육전에,1
낮춰주세요,1
갈비찜이,1
5번까지의,1
이용하셔도,1
3쪽과,1
익었다면,1
사용하셨던,1
끓이신,1
중화면은,1
건져내셔서,1
헹구신,1
데워주시고,1
과정에서의,1
중국부추,1
파란부분을,1
남아주시고,1
chive,1
중세우의,1
열어주세요,1
비례하여,1
2배량,1
켜주신,1
섞일,1
불려놓으신,1
자르신,1
흑초,1
단거,1
안좋아하시면,1
강으로,1
설정해,1
2회,1
갈색빛이,1
다져놓은,1
투하해주세요,1
튀겨놓았던,1
해주시고,1
건져낸,1
개어주신,1
삶아놓은,1
Noodle,1
Jjajang,1
중기부,1
비늘과,1
참채액젓,1
우럭이,1
쪄지는,1
때까지만,1
파채에,1
올려놓으시고,1
4x4로,1
데워주세요,1
급하신,1
mL만,1
끓이시면,1
넣어주시며,1
마파두부의,1
계량스푼을,1
쓰고있습니다,1
비율양,1
저어주시며,1
믹스에,1
버무려주신,1
170도까지,1
건져내세요,1
끈적해질,1
죽기,1
Striploin,1
ordinary,1
하이볼,1
Label,1
위스키,1
170도가량의,1
깐풍기,1
왕만두피,1
왕만두피를,1
7x7cm,1
누텔라를,1
견과류나,1
스푼가량,1
끝의,1
모서리를,1
피라미드,1
붙여주세요,1
황금색이,1
연유로,1
튀겨진,1
입속에,1
Nutella,1
mL을,1
자밤과,1
왕사탕,1
눌러주신,1
발라주신,1
겹쳐주시고,1
겹을,1
건져내시고,1
oyj6y,1
기름코딩된,1
빼놔주세요,1
달구시고,1
줄이신,1
4번에서,1
3번에서,1
넣어볶아주세요,1
사리곰탕면의,1
쳐주시고,1
건져놓은,1
bone,1
Imitation,1
separate,1
meringue,1
rip,1
strings,1
데리야키,1
태울,1
2번에서,1
1번에서,1
깍둑썰기해,1
아스파라거스의,1
질기므로,1
옥수수와,1
넣으신,1
튀겨지는,1
완자에,1
발라져,1
떼어내,1
1쪽의,1
타올,1
올려놔,1
양상추의,1
캐슈너트를,1
빻아,1
사전에,1
냉동중화면,1
g도,1
크기만큼,1
저미고,1
넣은다음,1
물전분으로,1
되직하게,1
버튼이,1
도착했습니다,1
버튼을,1
선보일,1
유튜브크리에이터어워즈,1
고두밥이,1
풀어주시고,1
즉석밥에서,1
꺼내주시고,1
용기를,1
볶으신,1
두시콩,1
다리와,1
5알분,1
180도까지,1
빵가루는,1
펼쳐주시고,1
190도의,1
자밤을,1
쏟아주시면,1
죽순채를,1
달궈,1
5번에서,1
식사용이라면,1
5번에,1
똑똑,1
적정,1
초벌하고,1
줄어들면,1
그물,1
넓적한,1
다져놓았던,1
봐줍니다,1
부위무관,1
볶아주면서,1
전자,1
레인지에,1
주시는게,1
해쳐서,1
빼두었던,1
캐슈너트,1
고추기름에,1
냉동고에,1
식힙니다,1
반꼬집을,1
행궈주고,1
고명들을,1
안가본,1
가본,1
연희동의,1
보리굴비,1
무엇하나,1
맛없는게,1
서울특별시,1
서대문구,1
밀떡을,1
두마디,1
으깨주면서,1
눌러붙기,1
저어주셔야합니다,1
브랜드마다,1
졸여줍니다,1
목이,1
등심을,1
두드려서,1
버무려줍니다,1
키조개,1
샐러리를,1
데치실,1
막습니다,1
샐러리가,1
데쳐지는,1
관자의,1
나왔습니다,1
3숫가락을,1
말린표고버섯,1
동구버섯,1
휘저어,1
굴린,1
촵촵,1
으깨지지않게,1
중화번,1
조개빵,1
짜장분말,1
사이사이로,1
재료추가하여,1
더덕,1
더덕준비,1
더덕껍질을,1
벗겨냅니다,1
더덕을,1
더덕이,1
얇아야,1
스며듭니다,1
마라소스준비,1
시판중인,1
pimentos,1
찜기준비,1
소스준비,1
빨간피망,1
녹색피망,1
빼는건,1
후추조금,1
익혀진,1
앞부분을,1
loaf,1
pig,1
냉동보관하시면,1
생각나실,1
에어프라이기,1
식빵준비,1
새우준비,1
바나나초코케이크입니다,1
엄마인,1
아기인,1
계란이의,1
어버이날,1
부모님께,1
대접해보시면,1
닭허벅지살,1
크러스트의,1
갈릭치즈피자토스트입니다,1
언듯,1
꿀이랑,1
도넛보다,1
코팅되어,1
빠른데,1
버전의,1
봉투,1
새우전이,1
들어있습니다,1
번쩍,1
뜨이는,1
포테이토칩입니다,1
자기도,1
드라마나,1
스낵으로,1
딱입니다,1
식사입니다,1
스프로,1
베이컨롤토스트입니다,1
샐러드에도,1
토스트에도,1
케이크틀이,1
한천,1
보여드린,1
한가지를,1
밀크볼을,1
꽃잎같이,1
한장이,1
뜯어먹어도,1
재미있습니다,1
스프에,1
모양까지,1
갈릭버터토스트입니다,1
갈릭버터토스트,1
귤이,1
귤의,1
갈릭향이,1
fEJefgW6qzg,1
베이컨계란말이밥,1
aKROYZe6,1
n1cs0R5Fvwg,1
wfUwYW0ra7M,1
참치김치,1
라이스볼,1
kmA,1
21AmsnM,1
삼각주먹밥,1
7BwXjkn5fTY,1
Ygectl,1
IYg,1
애플,1
폭신합니다,1
가미해,1
영상들을,1
모아놓았습니다,1
NTlLYY1mkso,1
REXRzntRXpE,1
KLOzU8V0VS4,1
스팸밥,1
nQvntFf0XLY,1
햄이,1
갈릭버터가,1
한천가루,1
리소토입니다,1
맛있음만,1
남겼답니다,1
변경하시면,1
생크림만으로도,1
우유만으로도,1
일품이,1
막대빵,1
막대과자입니다,1
핫소스를,1
계란초밥과,1
한국식과,1
일본식이,1
일본식은,1
열에,1
모차렐라의,1
궁합을,1
감자꽃을,1
튀겨,1
갈릭치즈소스에,1
환상적입니다,1
갈릭치즈소스,1
조각으로,1
그라탕을,1
롤로,1
말려,1
보기도,1
감자롤입니다,1
가장자리는,1
3탄입니다,1
XSjtP5Vw9A8,1
케이크이라,1
저녁이,1
겉을,1
커스터드가,1
계란두부전에,1
사각피자입니다,1
엣지를,1
피자토핑은,1
시작해보세요,1
추가하시거나,1
생략하거나,1
햄으로,1
대체하셔도,1
퀘사디아입니다,1
케첩이나,1
숨어있습니다,1
튀김옷으로,1
치킨입니다,1
반반으로,1
매콤달콤입니다,1
소금양을,1
부리또입니다,1
돋구는,1
매콤함에,1
반합니다,1
담아있던,1
합체하였습니다,1
소세지의,1
모차렐라치즈가,1
치즈로만,1
얹습니다,1
녹이려고,1
녹였습니다,1
갈색을,1
탈출에도,1
햄류를,1
간장으로만,1
익혔기,1
날계란을,1
않는다면,1
싸기만해서,1
옷은,1
첨가했는데,1
새송이버섯튀김입니다,1
살아있습니다,1
간장소스와,1
비디오,1
Ejpl3qb1WK0,1
반죽없이,1
갈릭버터를,1
오믈렛입니다,1
튀기기도,1
국수처럼,1
계란토스트입니다,1
사각만두입니다,1
형태입니다,1
통감자로만,1
iARaXGj5EeI,1
8su7CYlTC7M,1
tyBkdp89ZHA,1
JdL81beOr1M,1
cCWzgirQhh4,1
NY6X1d10Rzw,1
사랑스러운,1
주먹만한,1
라자니아,1
비프소스,1
장미꽃이,1
비주얼에,1
놀라고,1
중1,1
소스2,1
바꾸셔도,1
계란말이입니다,1
저세상,1
감자칩과,1
마늘에,1
대파가,1
해합니다,1
거미줄,1
에그롤,1
웨이퍼롤입니다,1
베이스를,1
카프레제같기도,1
마르게리타를,1
풍미가득,1
신개념,1
모닝롤,1
풍선처럼,1
부푼,1
밀가루만으로,1
구이입니다,1
감자튀김대신,1
완벽합니다,1
포켓처럼,1
튀겼습니다,1
양배추랑,1
불조절이,1
생명입니다,1
불조절하는,1
따라해주세요,1
옥수수전분이나,1
묻힐,1
묻혀지면,1
놔두시면,1
감자에서,1
묻혀집니다,1
내용물이,1
드러난,1
내용물,1
브라우니입니다,1
넣었다가,1
꾸덕꾸덕하게,1
브라우니가,1
손두부,1
아몬드파우더,1
양배추전입니다,1
불러오는,1
없으실,1
CsTARdV0VLs,1
VgkFVWZkbV8,1
ECrnU85IE6U,1
XxDNikjIx6U,1
피자빵,1
jFYVLm3olys,1
aaeT25PGgZs,1
계란김밥입니다,1
계란초밥용,1
원팬에서,1
완성하세요,1
절약하고,1
두부사이에,1
스팸두부가스가,1
바삭할,1
익숙해,1
지시면,1
5분도,1
중력,1
크림처럼,1
감자핫도그입니다,1
빨간데,1
고소하다,1
피자도우로,1
주먹밥에,1
계란만두입니다,1
치즈보다,1
전자레인지만,1
고추장밥입니다,1
스팸으로,1
햄이나,1
밥샌드위치,1
계란스팸,1
AtZOCk3mHE4,1
87OMBCgaZDk,1
두부피자,1
황금알,1
J6Xb7X7R3yM,1
밥도그입니다,1
간편합니다,1
참치마요를,1
2공기에,1
비웁니다,1
버섯두부조림입니다,1
크림같은,1
노오븐으로,1
감자피자빵입니다,1
할로윈용으로도,1
1인용,1
다인용,1
부숩니다,1
내부에,1
층이,1
라떼는,1
달고나로,1
시트에,1
눌러야,1
누르개에,1
들어갔든,1
오므라이스가,1
재미와,1
명란크림우동입니다,1
파스타면을,1
명란크림파스타가,1
사양하고,1
짜기,1
짤주머니와,1
모양깍지가,1
뒷부분을,1
모양잡기,1
요리방법도,1
초밥처럼,1
3만,1
김만,1
변화무쌍하고,1
스틱입니다,1
계란면입니다,1
첨가하셔서,1
라면이나,1
식빵만으로,1
버터밥입니다,1
늘리실,1
늘리시면,1
토스트처럼,1
신기한,1
놀랄만큼,1
감자치즈도넛입니다,1
끝없이,1
튀김가루없이,1
쌓아놓고,1
만들어드시는,1
불순물,1
닭다리까지는,1
튀겨도,1
초보분들은,1
뼈부분까지,1
가늠하기,1
쓰면,1
불순물과,1
제거되고,1
뼈까지,1
삶아져,1
자신이,1
옅은,1
성공률,1
녹듯이,1
티비보면서,1
초고속,1
몇번,1
계란밥입니다,1
요리같은,1
영상들에,1
영상보다,1
생우유를,1
익스트렉을,1
생딸기,1
딸기에서,1
언급할까,1
란에,1
자르기만,1
할라페뇨가,1
야채들과,1
살사소스는,1
모차렐라치즈와,1
초등학생도,1
치즈라볶이입니다,1
신세계가,1
전자레인지가,1
푸석하지,1
눕방,1
샌드위치와,1
대환장,1
아프신,1
찹쌀가루만,1
소세지나,1
화이트소스,1
감자라자냐,1
감자파스타입니다,1
까르보나라소스,1
토스트입니,1
달콤한데,1
된장라면입니다,1
하이라이트만,1
해보실,1
구름케이크,1
An,1
AolD8XoadC4,1
Looks,1
Sushi,1
But,1
Mayo,1
Balls,1
KQLVY4HOxs,1
황금꽃김밥,1
계란꽃김밥,1
JfgalM322Y,1
gW,1
XLhMSH0,1
Delicious,1
환상궁합입니다,1
우동으로,1
높습니다,1
치즈볼입니다,1
달콤합니다,1
숨어있는,1
폭탄밥입니다,1
찾아주는,1
볶음밥위에,1
계란후라이만,1
먹어보라고,1
했구나,1
하실거예요,1
요청하신,1
붇지,1
찹쌀떡으로만,1
코팅과,1
찹쌀떡으로,1
수능보는,1
학생들이나,1
발렌타인데이,1
선물로도,1
주저앉는,1
시도하시는,1
바라는,1
적어보았습니다,1
실버버튼이라는,1
영광을,1
익힐,1
닿는,1
주물팬이나,1
냄비가,1
코팅팬이나,1
개이므로,1
사용하실수록,1
높이가,1
올라옵니다,1
cm사용,1
케이크틀을,1
타버립니다,1
덮으세요,1
뚜껑에,1
구멍이,1
막아주세요,1
투명뚜껑을,1
익었는지,1
수록,1
조직이,1
치밀하게,1
오릅니다,1
절대로,1
열어보지,1
공기와,1
폭신함이,1
죽어버립니다,1
40분쯤,1
많아집니다,1
나서부터는,1
닦고,1
바닥까지,1
건조하게,1
세기가,1
체크합니다,1
밥으로도,1
바삭한고로케,1
리소토,1
겉바속촉의,1
변화시켜보세요,1
살사소스와,1
몰랐다,1
해드셔보세요,1
핫도그나,1
나초나,1
퍼먹어도,1
믹스는,1
아수라백작처럼,1
허리에,1
초밥도,1
닮아,1
카라멜소스보다,1
치킨튀김에,1
응용하셔도,1
차거운,1
빙수에,1
빙수입니다,1
우유맛과,1
우유빙수만,1
만들어먹을,1
하트를,1
있겠죠,1
하트가,1
LITE,1
라이트,1
호떡에,1
호떡입니다,1
단호박인절미입니다,1
고물로,1
콩가루나,1
감자치킨퀘사디아를,1
치킨없이,1
감자전으로,1
초콜릿케이크입니다,1
경제적이면서도,1
조절하실,1
가나슈,1
휘핑크림을,1
가나슈를,1
바르시면,1
어묵계란김밥,1
베이킹파우더도,1
초콜릿만,1
가능할까,1
양배추부침개,1
본따서,1
매미가,1
우는,1
계절인가봅니다,1
우렁차서,1
영상에도,1
매미소리를,1
이해해주세요,1
꽃잎으로,1
황금꽃,1
김밥이라,1
추가하시는,1
말씀은,1
마음대로,1
굴리면,1
막대는,1
슬라이스된,1
치즈처럼,1
굴리시는,1
막대핫도그보다는,1
주먹밥의,1
훌륭합니다,1
계란말이밥입니다,1
공깃밥,1
초코칩쿠키입니다,1
파우더도,1
빵용,1
질감차이는,1
강력분이,1
중력분은,1
황색설탕,1
유지하셔야,1
섞으셔야,1
반죽크기마다,1
갈라지거나,1
부글거리는,1
익혀보고,1
설정을,1
단호박에,1
치즈입니다,1
에그슬럿이라고도,1
한여름,1
천상의,1
시원함을,1
계란후라이밖에,1
구웠었는데,1
팬에서,1
냉동시킬,1
질감까지,1
저어주는,1
가당인,1
무가당인,1
가당,1
사항,1
케이크에는,1
베이스는,1
달아져요,1
비스킷이,1
이용하는,1
한수입니다,1
다크초콜릿을,1
퍼먹는,1
케이크로,1
빼실,1
버섯에,1
볶음식,1
쿠지라이식,1
야채스프,1
올려달라는,1
연유향을,1
단것,1
않으신,1
줄이시는,1
휘핑크림이,1
가당일,1
추가하셔서,1
단게,1
싶어하시고,1
하셨습니다,1
소개처럼,1
간단하게만,1
어려움이,1
소스들도,1
주셨으면,1
영상마다,1
달라는,1
웃어,1
넘기다,1
생각해보니,1
1리터당,1
피자도우는,1
콘통조림,1
튀겨주셔도,1
만들기라서,1
들어가보면,1
메이커로,1
브랜드와,1
비교해도,1
팔이,1
쉬도록,1
브런치지만,1
저으셨으면,1
몇번만,1
저으면,1
생딸기라떼와,1
생딸기크림라떼,1
그냥도,1
라떼로도,1
중탕하지말고,1
녹이세요,1
달고나커피의,1
초코버전,1
초코로,1
10번도,1
저어도,1
초초초,1
계란후라이라고하고,1
수플레오믈렛이,1
올라오길래,1
치즈생크림케이크인데,1
영상들은,1
보장되는데,1
즐기시라고,1
기제하지,1
추후,1
요구하셔서,1
맞춤,1
비린맛에,1
민감하시면,1
개정도만,1
계란후라이라는,1
컨셉으로,1
뿌렸지만,1
시럽같은,1
단소스가,1
분리합니다,1
노른자에,1
머랭치기를,1
조금에,1
큰술정도,1
넣어주어야,1
죽지,1
양옆까지,1
노른자부터,1
밑으로,1
갯수가,1
버터에만,1
얹어준,1
불상태나,1
해주십시요,1
익혀주어도,1
냅니다,1
놓으시면,1
만들어보아요,1
기본카레에,1
다채로워진답니다,1
베이비웍에,1
카레입니다,1
흰밥이,1
바지락도,1
고추기름은,1
더더더욱,1
참치순두부찌개가,1
바지락이나,1
때와는,1
집밥이,1
느껴지시는,1
곰손,1
요알못,1
모여보세요,1
초보단계,1
시판소스만,1
면이랑,1
해드렸어요,1
의견있으면,1
알려주세요,1
스파게티는,1
베이비웍을,1
날치알과,1
긁어먹는,1
누룽지까지,1
생각만해도,1
알밥,1
도마도,1
칼질도,1
날치알만,1
두르면,1
짭조롬,1
스팸의,1
늘었는데,1
배달음식도,1
3끼,1
스팸마요덮밥은,1
한끼입니다,1
바나나자르기,1
오리를,1
거위,1
같다구요,1
거위가,1
이연복짬뽕라면,1
인생라면,1
이연복쉐프님이,1
알려주신,1
해물짬뽕라면입니다,1
해산물에,1
끓였다는,1
믿기지,1
짬뽕라면입니다,1
Parasite,1
Chapaguri,1
jjapaguri,1
봉준호감독,1
짜파구리지만,1
채끝,1
스테이크가,1
봉준호,1
감독은,1
음식하나에도,1
의미를,1
부여한,1
성과를,1
토마토파스타,1
손님초대음식,1
레스토랑만큼,1
초대음식으로도,1
훌륭하답니다,1
스팸주먹밥,1
계란스팸주먹밥,1
간편한끼,1
스팸이,1
알로,1
떡볶이황금레시피,1
비밀이,1
있는대로,1
냉동떡도,1
해동모드로,1
부드러워져요,1
저으며,1
야채에,1
담기전에,1
건데기,1
버리긴,1
아깝고,1
남은음식,1
놀면,1
뭐하니,1
유산슬,1
유산슬로,1
음식에도,1
새로해,1
끼니당,1
N이,1
저렴해,1
지겠죠,1
양파소스,1
아무거나랑,1
고깃집,1
부러워요,1
해보셨다면,1
알리오올리오의,1
재발견하실,1
부셔,1
1리터에,1
삶습니다,1
2국자를,1
조리합니다,1
저어주다,1
면수가,1
저어준,1
담습니다,1
여기까지입니다,1
순살치킨,1
Curry,1
카레가루와,1
재워놓을,1
2접시,1
물가능,1
사용가능해요,1
튀김가루와,1
반반씩,1
권해요,1
삼투압이,1
스며들지,1
섞어줌,1
입혀줍니다,1
받쳤다가,1
여기까지,1
부추부침개,1
베지테리안,1
Pancake,1
기본재료,1
2가지면,1
이하로,1
과자같은,1
1비율로,1
겉면에,1
반죽색이,1
없어지고,1
밑면,1
뒤집는다,1
반대편은,1
비결,1
자극적이거나,1
살아있으면서,1
그냥물,1
고춧가루1,1
쌀뜨물에,1
썰어놓습니다,1
끓은,1
되셨으면,1
두툼,1
스팸치즈,1
뚝딱합니다,1
있은,1
들어있으니,1
얹을,1
2만,1
김치랑,1
즐기려고,1
끓임,1
둘러서,1
Kiwi,1
효능으로는,1
심장질환예방에,1
칼륨과,1
다이어트하는,1
키위입니다,1
코스모스,1
꽃잎,1
해보았어요,1
Orange,1
깍는,1
코사지,1
바구니,1
도와주며,1
숙취해소에,1
세포의,1
막고,1
기미나,1
잡티,1
피부미용에도,1
꽃봉오리,1
대조,1
Melon,1
고른는,1
메론을,1
퍼즐,1
돛단배,1
코로커다일,1
아이들이랑,1
깎는,1
나뭇잎,1
언덕,1
꽃사과,1
둥지전,1
개그,1
브금,1
때리는,1
브금임,1
배추사과,1
알배추사과,1
Jujube,1
pie,1
Cinnamon,1
넣기만하면,1
점막의,1
화합물을,1
기관을,1
A를,1
오색말이찜,1
Kim,1
입맛없고,1
해먹기,1
에그인,1
충분헤요,1
순두부의,1
두부요리중,1
알배추피클,1
들깨김밥,1
의사들도,1
두부마요,1
3큰,1
Almonds,1
배추두부전,1
500만뷰,1
1탄은,1
제목위에,1
원팟,1
두부다이어트요리,1
배추전에,1
쉬웠어요,1
베추,1
빵순이가,1
빵집을,1
고구마다이어트,1
볶음밥만,1
먹지마세요,1
고구마빵이,1
청소하는,1
반찬걱정,1
폴더,1
걱정될,1
깻잎조림,1
참치조림,1
찬밥이,1
속도가,1
불없이도,1
활용요리,1
묵히지,1
비용절감,1
맛살전,1
꼣잎,1
CCrab,1
전만들기,1
정성은,1
깻잎맛살전,1
당면전,1
꼬치없는꼬치전,1
말지말고,1
끼우지마세요,1
불없이,1
어린이도,1
쌌더니,1
사라졌어요,1
꼬다리,1
푸딩계란찜,1
모음이에요,1
꺳잎을,1
이제야,1
해줬냐고,1
났네요,1
단백질로,1
토달두볶,1
빠르며,1
미쳤다는,1
땡초어묵,1
순부두에,1
충분해서,1
쌀종이에,1
쫀득쫀득한게,1
있으먼,1
맛있져,1
얼리기만,1
바나나스무디,1
불쓰지,1
싸세요,1
애호박전에,1
들께,1
생기지않아,1
liquid,1
고춧가루대신,1
오이무침이,1
짜박이,1
뱅뱅,1
Vermicelli,1
몰랐을까,1
Quick,1
다Music,1
이어트식단,1
참치캔이,1
호박전에,1
진주땡초김밥,1
진주땡초김밥레시피,1
어묵땡초김밥,1
땡초김밥레시피,1
Starch,1
saucel,1
묵은지김치,1
연두부와,1
순두부에,1
노안에,1
의사들이,1
당기거나,1
입터질,1
두부맛이,1
죄책감도,1
덜어주는,1
고민하지,1
쉬워져요,1
순두부로,1
편안합니다,1
청소를,1
꺼내오세요,1
당근전,1
둥지전을,1
쉬워야,1
해먹지,1
먹는거였네요,1
고다,1
반찬메뉴,1
나물을,1
무치기만,1
베추요리,1
배추샐러드,1
사과샐러드,1
주서서,1
CCA,1
주스가,1
힘드신,1
CCA주스,1
배추들깨무침,1
맛있는요리,1
QCtZnu3,1
m2Q,1
9iDq3zzO3lc,1
7lnb,1
Dx1RiM,1
cU3UQNCFxnE,1
귤조림,1
귤피클,1
귤요리,1
Lunch,1
Box,1
통합본,1
애플파이,1
경단,1
토마토당근,1
32kcal,1
지방대사를,1
촉진하고,1
장내에,1
되는것을,1
흡착해서,1
체외로,1
배설을,1
도와서,1
변비를,1
개선하는데,1
Secondary,1
editing,1
uploading,1
prohibited,1
맛보장은,1
운명적,1
Pecans,1
Dill,1
됐던,1
식후에는,1
종결,1
계란프라이조림,1
두부참치짜글이,1
팽이버섯조림,1
매운어묵덮밥,1
불계란장,1
두부김조림,1
김장아찌,1
간장계란범벅,1
UFO,1
순두부인헬,1
참치김치찌깨,1
애호박만두,1
계란지단만,1
샌드위치가,1
떙길,1
토달두,1
jWHcGOyRdFY,1
안쓰고,1
Crabmeat,1
결과는,1
놀랍고,1
만들어먹는,1
potatorecipe,1
hNoAGC,1
fs,1
Souffle,1
Omelette,1
수플레팬케이크,1
rIcpBdI2Z9U,1
감자두부,1
QXGd9VWhak8,1
서과,1
갈증해소,1
자외선에,1
편안해집니다,1
오이맛있게먹는법,1
kXh5mC3,1
WBY,1
깔끔,1
속편하며,1
바나나오트밀,1
주머니에,1
칼질,1
주머니김밥,1
김밥샌드위치,1
도시락용,1
맑게하고,1
혈압에도,1
오이사과요리,1
오이사과,1
eP2rVO86Rls,1
dgI1,1
8cxJuw,1
부침개와,1
부침개김밥,1
fLz6,1
dadCng,1
Uq5xxPOt8Wg,1
EZj0ktIkMXQ,1
오도독한,1
감칠맛으로,1
오이들깨무침,1
두부볶음밥,1
두부계란볶음밥,1
저녁대신,1
WNiriBWlFwQ,1
한가지씩,1
3ESiHsS7lxM,1
Bp845JdDATs,1
slnB95E1k7c,1
inMF5yv4c5o,1
Ms5zd4,1
TvnhQ,1
Kohl,1
Kohlrezept,1
einfaches,1
Kubis,1
kol,1
mudah,1
Chou,1
chou,1
facile,1
굽지말고,1
뱃살과,1
이별하세요,1
ZZCJJFbOeDc,1
항암식품이,1
oneul274,1
섬유소가,1
양배추사과,1
양배추피클,1
Cabbaget,1
CabbageDiet,1
아쭈꾸임,1
RONJ2CQJNro,1
sGWqor7MT5w,1
DTafDZXtv,1
천연보약,1
당근주스,1
아침보약,1
탁월,1
혈관건강에,1
당근사과주스,1
밥없는김밥만들기,1
밥없는김밥다이어트,1
KetoDiet,1
Koreanfood,1
앞발,1
AkoEyQAmL8A,1
QG6HEB2aMmA,1
배추롤,1
SweetPotato,1
applerecipe,1
BvFP8dP63o,1
체중은,1
미역부두전,1
Burrito,1
에그부리또,1
중요한거,1
컸어요,1
aWZyITtB9j8,1
substitute,1
ZW,1
msPN4GJw,1
간단한끼,1
SoySauceFriedEggs,1
FriedEgg,1
생고구마,1
두부오믈렛,1
zYQZwGylwU0,1
든든해,1
지는,1
zUBJ7agRonA,1
b3jcsJaYXCY,1
애호박참치전,1
2식을,1
취해주는,1
됬던,1
먹었구요,1
만족시켜주는,1
쉽더라구요,1
drQGRtKpN9c,1
치즈전,1
6Vttj4IUXTk,1
cucumberrecipe,1
cucumberroll,1
cucumberdish,1
dietrecipe,1
supersimplerecipe,1
onepantoast,1
카누,1
XKMqXY9DN7c,1
가슴살과,1
마늘만,1
간장구이,1
YIzk3xkRrWM,1
오이스프링,1
cabbagerecipe,1
cabbagediet,1
vA9c090A0I0,1
물대신,1
레몬오이수,1
디톡스워터,1
라고도,1
맹물,1
마셔주니까,1
식욕도,1
하는걸,1
막아줍니다,1
아스코르브산,1
C를,1
파괴하는,1
구연산이,1
식욕조절과,1
디톡스에,1
섭취량을,1
증가하게,1
효과도,1
워터는,1
레몬수,1
자체만,1
폭발을,1
막아주는,1
저혈당을,1
억제헤,1
역할도,1
생리,1
식염수,1
탈수,1
증상이,1
드레싱으로,1
댜체하면,1
질겨,1
부위에는,1
위장에,1
많다고해요,1
사과나,1
완화할,1
나세요,1
vtvTi2r,1
gqo,1
넣어먹기,1
아이템이,1
피클이네요,1
Sprite,1
zero,1
calories,1
야채나,1
선사하는,1
렙틴,1
과식을,1
방지하고,1
시금치의,1
엽록소에,1
틸라코이드,1
공복감을,1
억제해,1
군것질에,1
욕구를,1
영양소들이,1
단백질의,1
왕인,1
토끼를,1
시금치계란찜,1
참치간장마요,1
TunaMayonnaise,1
TunaSoySauce,1
SimpleRecipes,1
들꺠의,1
EggRiceWithSoySauce,1
TunaFriedRice,1
SimpleRecipe,1
GwooA,1
우유찹쌀떡,1
우유간식,1
고추참치비빔밥,1
RedPepperTuna,1
치즈달고나토스트,1
CheeseToast,1
SugarToast,1
Scrambled,1
S45nFXgaHZY,1
당근구이,1
immunity,1
9GWGdtGbbTA,1
콩나물전,1
콩나물부침개,1
시금치김밥,1
시금치계란말이,1
묵은김요리,1
김전,1
김계란전,1
김레시피,1
Medium,1
Lucky,1
L1SlVog4mQw,1
ldZHU,1
BZnvQ,1
SoftTofuDish,1
SoftTofuGratin,1
TomatoSauce,1
SimpleDish,1
매운어묵,1
함유량은,1
변비와,1
UFO김치볶음밥,1
김치볶음밥만들기,1
우주선김치볶음밥,1
MakeKimchiFriedRice,1
SimpleCooking,1
연구결과에,1
높았다고,1
과일이라,1
섭취했을,1
설사병이,1
펙틴이,1
변비개선에,1
기분전환,1
키위주스,1
체중감량,1
kiwi,1
베타크립토잔틴이,1
귤청으로,1
뇌는,1
콩가루와,1
세로토닌의,1
pecans,1
고구마라떼,1
고구마스무디,1
고구마쉐이크,1
smoothie,1
스키야키,1
Sukiyaki,1
Shin,1
Toowoomba,1
맛있는라면,1
Boring,1
RJNakI,1
wb5U,1
김치피자,1
낙화암,1
WjouTMIwfy0,1
당근오믈렛,1
하트계란말이,1
eggroll,1
eggrollrecipe,1
스키야키라면,1
jWFZR8vPaTY,1
멍때리기,1
TdQYTw,1
jhw8,1
갈래,1
xZ50XXccLdE,1
하트소세지,1
whipped,1
모닝빵에그샌드위치,1
모닝빵샌드위치만들기,1
DinnerRollsEggSandwich,1
DinnerRollsCooking,1
무침입니다,1
두부참치,1
chilli,1
당근레시피,1
CarrotRappe,1
CarotteRap,1
CarrotRecipe,1
CarrotDish,1
EasyRecipe,1
SHORTS,1
Stew,1
kimchijeon,1
gimchijeon,1
carbonated,1
떙모반,1
WatermelonJuice,1
Song,1
Yelloasis,1
BAAAAAAAAAM,1
promoted,1
프리뮤직,1
Vlog,1
Free,1
Link,1
czwcEH44GPQ,1
Braised,1
Tonkatsu,1
안드시면,1
양배추에서,1
참치찌개,1
김치찌개만들기,1
김치찌개황금레시피,1
참치김치찌개에,1
전골요리가,1
국그릇,1
1대접,1
핫케잌,1
핫케이크핫도그,1
팬케이크핫도그,1
Dumplings,1
쫀득함,1
페이퍼로,1
Paper,1
Spinach,1
pickled,1
7p,1
Unstoppable,1
순부두,1
Popular,1
stew,1
우유대신,1
엑셀런트,1
excelents,1
jam,1
만났다,1
지극적이지,1
자극적인걸,1
moistness,1
softness,1
met,1
extreme,1
사과잼,1
트레비,1
쭈꾸미는,1
이물질,1
쭈꾸미요리,1
쭈꾸미레시피,1
초고추장레시피,1
초고추장만들기,1
내게온다,1
W2u6SkHdcoI,1
뽀인트,1
참치전레시피,1
참치레시피,1
참치볶음,1
TunaDishes,1
friedTuna,1
EggDishes,1
SimpleDishes,1
토스트계의,1
영원한,1
셀러,1
Street,1
마요내즈,1
stickiness,1
handmade,1
chocolate,1
care,1
additive,1
homemade,1
초콜릿만들기,1
클럽,1
Club,1
Slicesham,1
접어봤어요,1
김드위치,1
접어먹는계란지단밥,1
접어먹는또띠아,1
Kimbab,1
Square,1
Gimd,1
Witch,1
Ts을,1
반죽한다,1
넙적하게,1
고구마호떡,1
다시다도,1
갈아요,1
컵요,1
썰맨님,1
참고했습니다,1
쯔유로,1
개랑,1
까나리or멸치,1
한줌정도,1
통깨까지,1
5가닥,1
간장불고기입니다,1
방식대로하시면,1
딱맞고,1
좋을거예요,1
미역줄기는,1
강화하고,1
항암효과도,1
식재료예요,1
안나니까,1
한번하셔서,1
가족분들이랑,1
2월까지,1
파래무침입니다,1
식재료이구요,1
음식이예요,1
해보셔도,1
썰었을,1
한줌정도의,1
절일겁니다,1
7망,1
21포기,1
물3L에,1
다시마넣고,1
속젓,1
2근,1
큰걸로,1
mukbang,1
간장밥,1
김치제육,1
bulgogi,1
생생우동,1
생생김치우동,1
생생우동레시피,1
생생김치우동레시피,1
간편레시피,1
nongshim,1
참치김치볶음덮밥,1
시켜먹는,1
요리보다,1
음식하기,1
가위나,1
신김치는,1
일반김치로,1
쓰실때는,1
짜도,1
깨까지,1
장갑끼고,1
짜버리면,1
스파게티소스를,1
3으로,1
허브나,1
파슬리도,1
210도,1
내래이션과,1
떡국요리,1
찰떡궁합을,1
차가워지는,1
탐구생활입니다,1
넣어둡니다,1
김도,1
졸아들어,1
없어지도록,1
떠오르면,1
얻어,1
있는대로만,1
불고기가,1
단위,1
불고기에,1
들때까지,1
해준다,1
불고기는,1
30분이상,1
재운다,1
썰어둔다,1
뒤적이며,1
불고기백반,1
기사식당,1
달달짭쪼름한,1
원조쌈밥집,1
쌈채소랑,1
해물쌈장,1
불백의,1
불백,1
불고,1
삭신이,1
쑤실,1
전복죽이,1
사먹는거,1
조심하세요,1
lxmx9c15BY8,1
감자새우,1
yIjiZ59,1
FkY,1
꿀감자,1
ToQw47GC8Wc,1
UvxajS9s0,1
engsDmyv4yY,1
pv7NKU97eG8,1
소고기부리또,1
kD7vxraoWrA,1
감자타코,1
PdYGXRXOPek,1
x07hDIGGhWw,1
타코벨,1
3qzE,1
HSCXIc,1
뿌리세요,1
파스타만두,1
최최약불에서,1
화기는,1
약불도,1
세기,1
휴대용,1
가스버너를,1
공구기간,1
오픈했습니다,1
빵이라는,1
이름을,1
떡이라고,1
표현해도,1
무방할,1
한테는,1
구세주,1
느낌적인,1
부모님까지,1
아우르는,1
비슷비슷한,1
구황작물빵들이,1
생겨나서,1
고르기도,1
힘드실텐데요,1
바스크치즈,1
nebXIgvRoKY,1
갈릭버터치즈,1
SkZpSGQPM,1
O22WRC3okEs,1
raNJNsR,1
cLo,1
VUJEUxViXsA,1
원통형의,1
파케리면을,1
과자맛이,1
빠삭빠삭하게,1
채워주면,1
그럴듯한,1
파케리,1
블루베리나,1
치즈케이크로,1
아래는,1
브라우니로,1
레이어링해,1
케이크에서,1
치즈케이크예요,1
냉동해놨다가,1
21cm,1
가로19cm,1
말차크림,1
말차물,1
튀긴것보다,1
감자칩이,1
700W기준,1
두께나,1
전자레인지감자칩,1
뜨근하게,1
데워주는,1
달래거나,1
싶을때도,1
분들께도,1
신상입고,1
5일간,1
신상할인,1
구매링크는,1
상품클릭,1
입고,1
귀찮지,1
작정하고,1
응용요리도,1
수십가지가,1
나올만큼,1
활용만점이니,1
좋은것만,1
선별해서,1
만들었다구용,1
킨킷,1
연탄직화불고기,1
간장맛,1
고추장맛,1
가짜,1
생크림처럼,1
채워진,1
크로켓이예요,1
클래식한,1
크로켓이며,1
포테이토로,1
570,1
626,1
수분도에,1
튀김재료,1
AM9,1
안심되는,1
재구매로,1
이어지는,1
맛난빵,1
쟁여두었다,1
싫을때,1
꺼내먹기,1
안드셔보신,1
증정,1
직계약,1
농가,1
확보로,1
박스당,1
1알씩,1
J6ujTlepWo0,1
8LPVOjjSgDE,1
FNnMAZU6mNo,1
FXKGv2ipMg,1
조합도,1
밥까스로만,1
밥까스,1
후리카케,1
팔도비빔면II를,1
출시했어요,1
뜨겁게도,1
차갑게도,1
하이브리드,1
비빔면이라,1
4계절,1
비빔면이예요,1
중화돼서,1
해물과도,1
비빔면이네요,1
맵찔이들에게,1
편안할,1
투표도,1
이벤트에도,1
말랑하고,1
감자꿀떡이예요,1
슬라이스아몬드,1
물엿으로,1
물엿은,1
굽기전,1
베이킹파우더를,1
섞여요,1
크다면,1
3장으로도,1
바닐라오일은,1
쌀크로와상,1
버터감자구이,1
계란꽃,1
예쁘긴,1
들어갔는데,1
있겠어,1
싶겠지만,1
거짓말,1
안하고,1
만들어주기,1
달리아,1
꽃말도,1
요리하기가,1
감자겉에,1
729,1
매력적이예요,1
토스트나,1
다진피망,1
눌려,1
김치볶음밥과,1
계란찜이,1
이불처럼,1
덮힌,1
김치누룽밥,1
맞나요,1
시도하다보니,1
어렵네요,1
암튼,1
케이크나,1
좋아할거예요,1
풀리고,1
욕구가,1
싸거나,1
3랩,1
파프리카파우더,1
치즈계란햄,1
납작귀리,1
귀리가루,1
다른채소로,1
뿌리거나,1
소스등에,1
팁과,1
맛있는것,1
알겠는데,1
할것도,1
게으르고,1
한장으로,1
1인이,1
커피에,1
점보가,1
구하기도,1
힘든빵이니,1
비슷하죠,1
계란요리하면,1
이런것만,1
해드셨죠,1
덮밥요리가,1
해물볶음,1
외식하는,1
바즐라마,1
마살라를,1
치즈난과도,1
볼륨감이,1
티카마살라,1
다른곳보다,1
카페안에서,1
나더라구요,1
왜그런가,1
커피콩빵을,1
팔고,1
좋던지요,1
커피빵도,1
시행착오는,1
나온것,1
언젠가,1
커피콩빵,1
있었지뭐예요,1
늦었지만,1
그분이,1
봤으면,1
20구,1
안고픈데,1
땡길때,1
두부팝콘,1
유혹의,1
해소가,1
되긴해요,1
간단하니까,1
재미나게,1
날아다니면서,1
함유량,1
못받은,1
원인은,1
다양해요,1
신기하고,1
치즈빵인데,1
신기해요,1
바베큐콘치즈치킨,1
콘치즈치킨,1
오븐치킨,1
치즈치킨,1
바베큐치킨,1
숯불치킨,1
커스터드도넛,1
도너츠만들기,1
도넛레시피,1
가지튀김,1
사먹어야,1
음식인가요,1
소시지나,1
남은게,1
사라다빵,1
번거로우니까,1
시장표는,1
식빵이라서,1
먹는거,1
아냐,1
뽀송뽀송해요,1
왕새우로,1
숙주로,1
땅콩분태,1
있을만한,1
퀘사디아와,1
엘로우,1
초록도,1
끓여낸,1
호주산,1
육향이,1
강하기,1
한우나,1
미국산을,1
소고기양념,1
큐민파우더,1
한송이,1
한두개가,1
시들시들할,1
곤란일,1
먹게될,1
핫케이크의,1
생략했어요,1
한공기만,1
찢어지지,1
느낌하고는,1
쌀피자,1
쌈재료,1
허니버터치즈갈릭빵,1
치즈갈릭스틱,1
허니버터소스,1
갈릭버터소스,1
치즈브레드스틱,1
치즈페스츄리,1
적양배추물,1
만두피가,1
사먹었는데,1
김치풍미가,1
안느껴진적,1
아끼셨네,1
행사중이예요,1
배송일을,1
계신,1
계시네요,1
드셔주셔서,1
설명절,1
배송일,1
오전10시까지,1
마감이며,1
주문건은,1
13일부터,1
정상,1
배송됩니다,1
무반죽빵,1
무반죽도너츠,1
쉬운도너츠,1
노버터빵,1
클릭하면,1
치즈옥수수,1
행사합니다,1
할인까지,1
양념LA갈비로,1
재우고,1
짤까,1
싱거울까,1
고민되고,1
고생스러운데,1
LA갈비로,1
고생하지,1
갈비찜도,1
뼈도,1
가스레인지로,1
압력솥으로하면,1
공구중인,1
허니버터고구마,1
고구마지만,1
안땡겨요,1
고구마미니케이크,1
영상하단에,1
링크된,1
고구마찹쌀도너츠,1
고구마도너츠,1
고구마튀김,1
올망졸망,1
소꿉놀이,1
하는것,1
표현하고,1
먹는편인데,1
타르트컵을,1
간식인데요,1
쫀쫀하고,1
보들보들해서,1
구워먹기만,1
꿀고구마지만,1
맛으로도,1
넣어놨다,1
냉동보관하세요,1
고구마컵,1
에그필링,1
축축하고,1
칠퍽한,1
넘어가니,1
부모님,1
지속되지요,1
la갈비,1
명절선물,1
아이들반찬,1
소갈비,1
볶음만,1
놀게,1
붙어있어서,1
정착해보세요,1
대파흰대,1
원본영상,1
두부잡채,1
두부조림소스,1
만들보세요,1
원형으로,1
식빵피자는,1
드셨죠,1
피자같고,1
감자뇨끼호떡,1
뇨끼호떡,1
가지마세요,1
맛집이예요,1
맵기에,1
청양고추가루를,1
곳도,1
아쉬웠거든요,1
해먹어야겠어요,1
주신분들이,1
테스트하고,1
보느라고,1
질리지가,1
육향이나,1
안먹는데,1
한팩만,1
떡으로,1
가래떡은,1
꿀만,1
특별하고,1
만들어보면,1
카라멜향이,1
줄이거나,1
묻게해보세요,1
23알,1
치즈감자전,1
자극적이고,1
진하지만,1
진국에,1
걱정마시고,1
끓여드세요,1
눌려서,1
73,1
감자속,1
방해해요,1
밥도그만들기,1
찬밥레시피,1
도시락만들기,1
만들어보실래요,1
목포,1
출신,1
엄마덕에,1
생선요리는,1
자랐는데요,1
갈치를,1
조려주었는데,1
생선요리를,1
드셔보실래요,1
4토막,1
12토막,1
까망베르,1
파낸,1
냉동실이,1
허락하는한,1
쟁여두세요,1
서랍,1
한칸은,1
감자빵이예요,1
출출할때,1
받아보고,1
연말되세요,1
감자빵공구,1
게시글에도,1
요청하시는,1
2달만에,1
지난번보다,1
가격이예요,1
배송은,1
냉동된,1
받으시면,1
냉동보관하고,1
겉피를,1
쫠깃쫠깃,1
추가되었어요,1
안드셔,1
보셨다면,1
오리지널파,1
다른맛이,1
치즈맛은,1
내년부터,1
원재료값,1
상승으로,1
호떡만들기,1
꿀호떡,1
야채호떡,1
남대문호떡,1
호떡반죽,1
찹쌀호떡,1
쉬워도,1
맛있어도,1
싶은맛이예요,1
파기름낼때,1
얼얼하게,1
볶았기,1
중화되어,1
매운맛인데요,1
번거로운데,1
요거는,1
안들어가는데,1
바스크치즈케이크토스트,1
바스크케이크,1
리셋시키는,1
느낌인데요,1
86,1
계란버거,1
카라멜양파버거,1
양파계란버거,1
만두피요리,1
만두파이,1
감자롤칩,1
튀긴감자,1
68,1
진밥보다,1
고슬한,1
발효없이빵만들기,1
감귤찐빵,1
찐빵만들기,1
갈릭토스트,1
고구마롤칩,1
고구마탕후루,1
고구마빠네,1
고구마과자,1
고구마롤,1
또띠아양배추토스트,1
양배추퀘사디아,1
채소퀘사디아,1
주말간식,1
호호,1
엄두를,1
못내는,1
참치캔만,1
불어묵,1
중화해주고,1
스크램블로,1
펴주고,1
윤기좔좔,1
쉬운것,1
뚝딱입니다,1
3배가,1
사먹으면,1
간편하긴,1
눅눅해지고,1
질리게,1
그자리에서,1
튀기라네요,1
튀겨먹으면,1
않겠어요,1
옥수수전분이,1
치킨라멘,1
쉬운라면,1
치킨요리,1
오는게,1
두부인데,1
되지요,1
두부전을,1
슴슴했던,1
12등분,1
먹을일이,1
떡볶이도,1
땡길,1
라면1봉지,1
양념감자전,1
ALA을,1
유일한,1
견과류예요,1
이외에도,1
성분과,1
유익한,1
호두로,1
에너지로,1
매일의,1
가꿔주세요,1
겨울이,1
호떡이,1
길거리에도,1
안보이고,1
호떡과,1
찰떡구이,1
NO밀가루에다가,1
발효도,1
끝이예요,1
넣어주니,1
호두강정도,1
초딩입맛,1
어른들은,1
안먹으려고,1
팽이버섯장조림,1
고로케만두,1
쉬운김밥,1
매운김밥,1
삼삼해서,1
간답니다,1
레드1,1
그린2,1
통마늘5,1
차스푼,1
무조림이예요,1
밥도둑이예요,1
조림은,1
식은채로,1
미니케이크,1
시작하기가,1
가르쳐,1
드려야,1
입장이라,1
보여드린거예요,1
호박크림,1
휘핑된,1
했거나,1
못보신,1
재공유해요,1
마감되었어요,1
공구에,1
양식,1
크로플,1
맛있는간식,1
시즈닝으로,1
흐물거리기,1
자르세요,1
기름질,1
꺼려지는,1
탱글함이,1
어울리네요,1
감싸줘서,1
365,1
새우반죽,1
쌈무는,1
싸드시지,1
만두전을,1
전이라고,1
만두전이라고,1
만두처럼,1
기름맛도,1
돌아서,1
누룽지쌀빵,1
노오븐레시피,1
양념수란찜,1
계란수란찜,1
조합이죠,1
말았으니,1
몇줄은,1
촤르르,1
어려운게,1
태국에서,1
고수로,1
썰었더니,1
우리나라에서,1
개발된,1
가루쌀,1
품종은,1
쌀이지만,1
밀가루처럼,1
잘되고,1
편안해요,1
일본과,1
중국에,1
출원도,1
완료했다고,1
우리나라는,1
수입에,1
의존하고,1
가루쌀의,1
개발로,1
쌀소비,1
촉진이,1
기대되고,1
첨가되어,1
빵종류,1
가루쌀로는,1
현저히,1
글루텐으로,1
밀가루빵처럼,1
품종이라,1
쌀맛도,1
오리고기지요,1
닭고기는,1
접근하기가,1
느껴지셨죠,1
어른입맛,1
부리또로,1
닭고기처럼,1
오리도,1
무한변신이,1
피부건강,1
기억력향상,1
이로운점이,1
먹으려구요,1
성질이라,1
성질의,1
한국오리협회에서,1
오리덕몰입니다,1
참고해보세요,1
oriduckmall,1
토핑요거트,1
들고왔어요,1
베지샐러드,1
요거트는,1
다이어트용으로도,1
요거트가,1
무설탕이지만,1
떠먹어도,1
궁금하네요,1
참가해보세요,1
참가자,1
DM,1
인스타그램에서,1
있다니까,1
신청하러,1
namyang,1
신청서,1
gle,1
7dKUWNPmxSfXv1Q36,1
몬테크리스토,1
딸기샌드위치로,1
변형해봤어요,1
구워내니,1
걱정되지만,1
수혈이,1
팥빙수가,1
보던,1
팥빙수는,1
지루하니까,1
예쁜가요,1
찹쌀떡은,1
딸기펄도,1
딸기씨가,1
씹히는게,1
매력있어요,1
생과일을,1
예쁜색을,1
망고떡,1
망고즙,1
찹쌀떡만들기,1
딸기요거트크림찹쌀떡,1
찹쌀떡아이스크림,1
인싸떡만들기,1
모찌,1
딸기찹쌀떡,1
찹쌀떡레시피,1
부침개랑,1
저렇게,1
두껍다면,1
식감일,1
거쳤기,1
커리에,1
버터감자,1
오븐감자,1
에어프라이어감자,1
구운감자,1
휴게소감자,1
오븐감자구이,1
타코야끼만들기,1
문어요리,1
타코야키,1
후라이팬타코야끼,1
브런치감자전,1
해시브라운,1
새둥지감자전,1
계란감자전,1
감자브런치,1
브런치만들기,1
계란감자,1
계란가츠,1
계란까스,1
계란튀김,1
tPf,1
KfZ6W84,1
BYPCJNm5uo,1
wzKA1SVdoSY,1
감자핫도그,1
JGH132c0h5Y,1
빠통고,1
도넛하고,1
사람에,1
다양하지만,1
태국에서는,1
팜유로,1
튀겨내니,1
구현되지는,1
않겠지만,1
슈레드치즈,1
토마토살사,1
타코소스,1
패스하거나,1
기름요리,1
힘들때,1
바르지,1
바삭함은,1
사라지지만,1
눅눅하지는,1
바삭하게드시고,1
수박의,1
네모로,1
편하긴,1
하는것도,1
싫어하거나,1
분들의,1
생일케이크,1
내기에도,1
무진장,1
덥네요,1
더위,1
날려버리세요,1
수박예쁘게자르기,1
수박케이크,1
과일케이크,1
인기가요,1
녹화하는,1
샌드위치인데요,1
뒷북이라,1
아시는분들도,1
많겠지만,1
모르시는,1
사실은,1
있을것만,1
재료들이니,1
생크림케이크,1
초간단베이킹,1
키위케이크,1
생과일케이크,1
보여드렸는데,1
샌드위치도,1
비린맛이나,1
연어의,1
남들,1
괜찮다고,1
느낄만큼,1
사람이예요,1
깜뺘뉴,1
훈제연어,1
바꿔가면서,1
하게되더라구요,1
오코노미,1
핫도그는,1
소시지로,1
음식으로도,1
안나더라고요,1
사는게,1
양배추인데,1
주목,1
치대면서,1
반죽하는,1
1분이면,1
안해,1
3인분으로,1
2인분으로,1
올릴께요,1
124,1
도넛은,1
알기에,1
동그란,1
모양으로도,1
쉬울거예요,1
초간단이지만,1
만두피로,1
만두만,1
디저트보다,1
파이처럼,1
상상하는,1
커스터드도,1
이거랑,1
크림소스와도,1
호떡이지만,1
팔것,1
버섯소스가,1
남을텐데요,1
풍부해져서,1
336,1
병아리콩이,1
들었다고,1
식재료이죠,1
콩인데요,1
한두개만,1
먹을려고,1
몇개나,1
먹었나,1
훌케이크로,1
컵케이크로,1
하니씩,1
장식을,1
하느냐에,1
완성품이,1
양이구요,1
왔을,1
내주면,1
머핀컵사이즈,1
밑면55mm,1
높이45mm,1
통밀과자,1
오리온,1
덴마크,1
내주어,1
안심이,1
닭날개요리예요,1
277,1
스푼가능,1
한망,1
제때,1
시들시들,1
해져서,1
안타까울때가,1
구이로,1
유지하면서,1
모양유지가,1
어렵긴해요,1
볶아드셔도,1
치킨값이,1
오른다고,1
시켜먹기,1
닭다리구이,1
섭하니까,1
메인이,1
조연으로,1
등장하는데,1
지쳤다면,1
메뉴로서,1
색도,1
133,1
보글거리면,1
식용유로,1
코팅해주시면,1
치즈버섯,1
딸기철이,1
왔으니,1
먹어줘야겠죠,1
딸기의,1
말모말모,1
딸기가,1
힐링되는,1
변형해도,1
만두하면,1
만두는,1
날까,1
해버렸어요,1
삶았을때,1
유지되면서,1
조건을,1
시도했는데요,1
만들었는데도,1
감자전분의,1
지켜주세요,1
어떤맛일지,1
포카치아는,1
식전빵으로,1
내오는,1
빵이지요,1
토핑없이,1
내기도,1
허브향이,1
포카치아로,1
무반죽으로,1
손자국,1
낼때,1
촉감이,1
g동일,1
짬뽕보다는,1
면이나,1
해물에,1
감칠맛나는,1
볶음짬뽕을,1
이렇게만,1
땡길때면,1
시켜먹었는데,1
사먹는거랑,1
똑같아요,1
모듬해물,1
타마루제면소,1
게살,1
싸가기에도,1
감자스낵,1
스낵이,1
덜어내봤구요,1
향긋하게,1
김맛이,1
깨나,1
대파로도,1
명절때,1
국물이기,1
커버가,1
잡채만,1
설음식이,1
느끼하다보니,1
만든게,1
맵지는,1
떠먹기,1
25장,1
사온것,1
선보였던,1
호박뇨끼,1
링크참고,1
byVh0qUQiFc,1
얼렸다,1
색달라서,1
된장찌게,1
만들어봤더니,1
치킨강정,1
식감이네요,1
양념치킨과는,1
꼬들바삭한,1
완성한건데요,1
치킨으로는,1
선보였었는데,1
강정은,1
만나니,1
어우러지구요,1
튀김하기,1
부담스럽다면,1
에프로,1
감자양념,1
315,1
퍽퍽해서,1
뭉쳐지지,1
개꼬치,1
않음,1
탄두리소스,1
무설탕요거트,1
요거트로,1
카스테라예요,1
카스테라와,1
케이크의,1
식감인데요,1
17cm,1
종류무관,1
곰돌이,1
쿠키인데요,1
초콜릿팬,1
소리부터,1
장난아니네요,1
생지는,1
바르는용,1
모카빵은,1
커피맛과,1
촉촉한게,1
먹어버렸어요,1
계절이예요,1
파는것,1
라멘을,1
한국스타일로,1
사용했구요,1
얼큰하게,1
고추가루를,1
생소면,1
몇개까지,1
힘들더라구요,1
준비해봤어요,1
잘된,1
맛있어지네요,1
해슬백,1
아코디언,1
머핀틀,1
꼬마김밥은,1
꼬마김밥을,1
감싸주는,1
보조역할을,1
넣었을뿐,1
말아도,1
지단으로,1
감싸도,1
변경해도,1
우러난,1
죽도,1
가을에,1
낙엽모양의,1
면발처럼,1
여러가닥으로,1
그리웠는데,1
마실때,1
생소하지,1
심상치,1
반숙계란에,1
가미했더니,1
밥한공기는,1
뚝딱이네요,1
만사가,1
흔한것,1
흔하지,1
소시지빵과,1
핫도그의,1
콜라보레이션,1
튀겨드셔도,1
빼빼로보다,1
감자튀김이,1
성에,1
안찼다면,1
길쭉하니까,1
뿌리니,1
간편하지만,1
부리또나,1
또띠아롤을,1
속재료도,1
체다치즈로,1
주먹밥이예요,1
서울우유꺼,1
땅콩맛이,1
치킨만,1
단호박도,1
친근하지만,1
어딘가,1
치킨맛이예요,1
괜찮을것,1
녹인무염버터,1
튀기자니,1
부드러움과,1
추가해보세요,1
햄1장,1
튀겨나온,1
녹아요,1
가게에서도,1
구운것과는,1
세계인,1
모양에,1
따라서도,1
도넛하면,1
링모양이,1
도넛스럽지요,1
초콜릿잼을,1
넣어볼,1
꽈베기,1
도넛에도,1
맛이나,1
틀로,1
참고만하세요,1
크림소스와,1
크림파스타예요,1
크림소스이지만,1
혀로,1
목격하게,1
흑설탕의,1
맨빵만,1
응용하면서,1
빵이라,1
넣는것,1
23x16cm,1
20x20cm틀,1
백설기처럼,1
떡보다는,1
쌀빵이예요,1
허니소스의,1
일정시간,1
맛있구요,1
뿌리지,1
누락됨,1
필요시,1
가츠오부스,1
팽이버섯이나,1
추가해야,1
버섯인줄,1
쫄깃해서,1
비벼드셔도,1
별미식사로,1
반찬아니예요,1
종류라고,1
40알,1
계란카츠를,1
등으로도,1
카츠소스,1
부드럽지만,1
마늘버터와,1
어우러지며,1
435,1
이런맛이,1
달큰함과,1
밀크의,1
향긋함을,1
리가토니,1
면종류,1
127,1
주목하세요,1
올드패션,1
도넛이예요,1
매력적인데요,1
천국으로,1
향하는,1
8cmx4cm,1
여러겹이라,1
경쾌하고,1
바나나향에,1
파된장마요,1
충천하는데요,1
도구나,1
예쁜것,1
극단적으로,1
포기하거나,1
영향,1
불균형으로,1
요요가,1
쉽상인데요,1
요요,1
빼는게,1
중요하기,1
159,1
카레의,1
조합으로만,1
곁들여보세요,1
변한답니다,1
134,1
왠일인지,1
2가지나,1
많다면,1
경제적이예요,1
29cm,1
크로와상,1
바게트는,1
빵이죠,1
육쪽,1
유행했었는데,1
불편하죠,1
사이즈의,1
바게트로,1
두니,1
잃지,1
빼먹는,1
혜자스러운,1
여러가지가,1
입으로도,1
153,1
유지되는,1
라면치킨,1
강정을,1
시도로,1
맛보장이예요,1
사온듯한,1
비주얼이예요,1
디저트나,1
베이크드,1
레드라이스,1
바게트에는,1
카라멜양파는,1
보관해놨다가,1
해드셔도,1
934,1
입속에서,1
대폭발,1
도넛반죽,1
부쳐낸,1
배지,1
참고하시구요,1
설거지가,1
고구마도,1
커스터드와,1
맛드는,1
몰드사이즈,1
543,1
벗기기전,1
익힐때,1
한입씩,1
디저트로도,1
부어주어도,1
38cm,1
224,1
다른면,1
167,1
215,1
아보카도의,1
누군가에,1
새우양념,1
카레는,1
마살라,1
허니버터와,1
스크램블의,1
조화는,1
버거빵,1
토스트빵으로,1
브리오슈번,1
토스트빵,1
없어질거예요,1
채식주의자는,1
버섯등,1
설도,1
두부과자,1
재미있으니,1
다른치즈,1
파스타랑은,1
토마토소스가,1
싸먹는,1
화이타,1
변형한,1
것인데요,1
164,1
레몬치킨,1
치킨이예요,1
치킨마리네이드,1
갈릭파스타,1
풍기도록,1
최소의,1
버섯등을,1
삶는물,1
홍시감,1
구움도넛,1
boawcwG9I6c,1
빵인것,1
피자예요,1
마늘빵에,1
과정없이,1
땅콩버터가,1
터지거나,1
주저,1
앉은적,1
방법대로만,1
한방에,1
성공할거예요,1
내측지름,1
머랭,1
굳고,1
느끼해서,1
힘든데요,1
떠먹게,1
될거예요,1
굽는거,1
못만드셨나요,1
틀없이도,1
원형팬으로,1
빵과의,1
마요를,1
샌드위치처럼,1
체다치즈나,1
베지퐁당,1
다시마팩,1
비스킷과,1
스콘의,1
황금비율의,1
버터맛이,1
질리더라구요,1
잼을,1
스콘으로,1
섞어야만,1
접하시는,1
설명하자면,1
페이스트에는,1
커리가,1
커리맛,1
안나요,1
레몬그라스,1
이정도의,1
놓은거라,1
김장할때,1
새우젓과,1
풍기구요,1
코코넛밀크와,1
레드커리가,1
진하면서,1
이국적이지만,1
코로나로,1
자유롭지,1
태국식,1
국물요리와,1
방구석,1
음식여행을,1
떠나보세요,1
1가능,1
참치마요의,1
함께하면,1
한판은,1
지름18cm,1
1공기가,1
통조림참치,1
마늘치즈빵과,1
커스터드빵을,1
다른것으로,1
색달라요,1
만족할,1
토스트예요,1
바르는,1
스크럼블,1
영화나,1
드라마에서,1
종이그릇에,1
테이크아웃,1
보셨을거예요,1
홍콩식,1
볶음면,1
차우멘,1
에그면을,1
사용했기,1
남더라도,1
에그면,1
118,1
찐것처럼,1
탱글탱글하고,1
132,1
말린새우,1
허니갈릭버터,1
가래떡이나,1
납작빵이예요,1
요거트나,1
PtWwgvqyPiA,1
BUcEc46IL2U,1
kRnjRTsTmM4,1
42s,1
P5wuDeuFISY,1
퀘사디아처럼,1
타코벨의,1
크런치랩이예요,1
원반,1
간간히,1
나쵸와,1
나쵸소스가,1
한수네요,1
통조림옥수수,1
TIP으로,1
포테이토에,1
감자요리예요,1
감자속은,1
치킨커리,1
맥앤치즈등,1
매일맛나,1
매쉬드감자,1
523,1
발효시간이,1
길지,1
촉촉함까지,1
다는,1
덜하면서,1
플러스가,1
발효를,1
효과적으로,1
커피번,1
빵집에서도,1
사기가,1
반죽시간도,1
계란반개,1
큰계란,1
계란두부만,1
161,1
계란용,1
결이,1
반죽1,1
겉반죽,1
반죽2,1
속반죽,1
아이디어가,1
떠올라,1
맥앤치즈는,1
느끼하고,1
가미한,1
한국인이,1
타코처럼,1
담거나,1
담아도,1
될듯,1
109,1
11x11cm,1
레시피대로만,1
지름21cm,1
가게에서,1
지름18,1
높이7cm,1
당분,1
케밥에서,1
유래해서,1
자이로,1
유로,1
기로,1
읽는,1
나라마다,1
영어식,1
발음이예요,1
딜이,1
후레쉬하고,1
터키식,1
플랫브레드,1
Amnvqt1wes,1
단호박등으로,1
스윗콘이나,1
부가적인,1
부서지며,1
입안으로,1
들어올때,1
디저트지요,1
만들다가,1
실패하신,1
유심히,1
준다면,1
공갈빵처럼,1
가운데가,1
화덕에,1
구운듯,1
피자와는,1
마늘향도,1
꿀에,1
22cmx17cm,1
마늘소스,1
후레쉬한,1
카레예요,1
감자볼까지,1
맛이네요,1
휘핑크림가능,1
콤비로,1
감동이,1
밀려와요,1
8inch,1
폭신해서,1
갈라지고,1
어렵지만,1
갈라지지,1
온도와,1
머랭의,1
지켜주시면,1
반죽하지,1
밀크롤을,1
치킨버거를,1
버거만,1
일거양득,1
20cmx20cm,1
명랑,1
핫도그집이,1
통모자,1
감자통모짜,1
라면땅핫도그,1
밀가로,1
흠뻑,1
감짝,1
놀란답니다,1
접하기,1
덤으로,1
또띠아15cm,1
8줄,1
멕시칸치즈,1
오렌지치킨,1
오렌지의,1
치킨염지,1
오렌지즙,1
계속되는,1
행진,1
구워먹어,1
고급쿠키,1
물리지,1
고소하네요,1
땅콩을,1
첨가해도,1
6방울,1
도너츠의,1
크림도,1
힐링이,1
찹쌀떡을,1
방법이나,1
싫어하던,1
딸기우유,1
요거트크림,1
치킨너겟으로,1
케첩에,1
치킨반죽,1
뜨근한,1
안되지요,1
소스라,1
끝부분까지,1
27cm,1
크럼블,1
두가지의,1
더없이,1
전과,1
후의,1
에센스로,1
없구요,1
뭔가를,1
비울,1
파스타면도,1
햄버거를,1
타코를,1
어른도,1
햄버거빵,1
3set,1
빵구울때,1
버거소스,1
두부볶음을,1
가미하여,1
뜨거울때보다,1
지름20cm,1
치즈버거,1
치즈버거빵을,1
빅맥,1
버거랍니다,1
실온버터,1
모양에서,1
벗어나,1
재밌어요,1
아이스크림이나,1
안가도,1
14cmx14cm,1
에센스,1
프레첼,1
티타임에,1
해놔도,1
모짜치즈의,1
와사삭,1
깨지는,1
끝내주며,1
소비하기에도,1
바삭거리고,1
치킨타코,1
갈릭소스를,1
맥시코에서는,1
콘또띠아,1
타코쉘로,1
먹지요,1
사드셔도,1
밀또띠아로,1
싸두고,1
출근하시면,1
초간단이예요,1
계량도구는,1
감자처럼,1
지속돼요,1
감튀만,1
치즈소스는,1
나쵸소스로,1
720,1
안심으로,1
뼈있는,1
튀기다,1
안한다,1
정육닭으로,1
가능하구요,1
불린쌀,1
호박퓨레,1
첨가제나,1
팜유등이,1
수입품은,1
방부제가,1
생각까지,1
쌀가루등을,1
밀가루에,1
첨가하거나,1
토마토즙이나,1
감귤빵이예요,1
시장표,1
술빵의,1
느낌이구요,1
감귤의,1
17cm크기,1
머핀으로는,1
글레이즈드,1
크래커나,1
과일등에,1
장기보관은,1
고민되는데요,1
함박,1
외출이,1
외식메뉴,1
따라잡기,1
크리스마스나,1
연말연시,1
디너로,1
와인과도,1
지름9,1
로제소스,1
간식입니다,1
590,1
굳으면서,1
편해져요,1
바닐라에센스는,1
피자롤,1
피자로,1
탄생할,1
15x15cm,1
한겹으로,1
녹으면서,1
피자만들기,1
대하,1
카레소스,1
바나나튀김입니다,1
흑설탕은,1
갈색빛으로,1
튀김은,1
흰색으로,1
튀기세요,1
바나나수분,1
눅눅해지니,1
종이처럼,1
오래갑니다,1
맛나답니다,1
찰떡파이,1
쫀득거리는,1
찰떡과,1
초콜릿의,1
선물하기에도,1
원액,1
끈적임,1
방지용,1
말린망고,1
튀겨지고,1
직전에,1
호박고구마로,1
튀겨낼,1
고구마라,1
우유1,1
단호박으로도,1
5봉지,1
11x7cm,1
고구마필링,1
밤고구마는,1
호박고구마보다,1
많아지도록,1
삶아주는,1
고구마보다,1
많으므로,1
천을,1
덮어두세요,1
오픈해두면,1
딱딱해져요,1
난만들기,1
로티만들기,1
인도요리,1
플레인난만들기,1
밀크ok,1
계절이지요,1
할로윈데이,1
이기도,1
호박찰떡,1
구웠지만,1
수분양에,1
텐신항을,1
들어가지만,1
맨밥이랑,1
닭육수,1
채수로,1
바삭함의,1
달리는,1
재밌기도,1
나오는양이예요,1
흩어지면,1
전분의,1
부족하니,1
심심함이,1
물엿2,1
케찹4,1
물7,1
옥수수로,1
동그란전,1
소금간이,1
전분가루등을,1
저염식은,1
밋밋한,1
질리셨다면,1
해드셔,1
닭비린내,1
티스푼계량,1
불고기로,1
어치면,1
3명도,1
1석2조,1
배워가는,1
1그릇,1
1인분양,1
2인분양,1
데코는,1
감자크로켓을,1
주먹보다,1
돈까스에,1
대적할,1
두부까스를,1
곁들이는,1
카레소스와,1
부족함,1
두부까스,1
왕란1,1
카레재료,1
반숙계란이,1
왕란,1
반숙2,1
완숙2,1
마요네즈0,1
허니머스터드0,1
절일때,1
참치약고추장,1
참치2캔,1
맛술0,1
쫄깃쫄깃하고,1
쑥갓잎,1
새싹잎으로,1
오레오를,1
투썸플레이스의,1
쿠키가루에,1
쿠키가루를,1
눌러준다,1
섞어둔,1
얼린다,1
클럽샌드위치입니다,1
유산지,1
조합이예요,1
매우면,1
다진다,1
무스비,1
대란기준,1
염분이,1
스팸이면,1
청양마요소스,1
비빔국수로,1
참기름2,1
다진대파1,1
가심비,1
사로,1
생과일케이크예요,1
시지,1
키위대신,1
13x10cm,1
남아요,1
카스테라빵은,1
참치캔은,1
마요네즈1과,1
누를,1
구운면은,1
검은깨나,1
파슬리등을,1
투샷,1
블랙커피,1
카카오100,1
크림치즈에,1
카스테라를,1
적셔준다,1
그위에,1
펴준다,1
반복한다,1
춘권튀김을,1
포근함과,1
춘권피의,1
말아준다,1
캘리포니아롤은,1
와사비소스,1
하는법을,1
손님상이나,1
파티음식에,1
내놓기에도,1
앵두,1
레몬밤,1
잎사귀로,1
과일예쁘게자르기,1
과일예쁘게담는법,1
손님상과일,1
스쿨푸드에서,1
인기메뉴인,1
스팸계란마리,1
스팸만으로,1
마는,1
과자중,1
영상확인,1
소금반스푼,1
데쳐낸다,1
식힌다,1
제거한후,1
데칠때,1
농심의,1
철판볶음,1
베이컨2장,1
자숙새우,1
데리야키소스,1
섞어놔준다,1
베이컨도,1
자숙새우는,1
꼬리떼고,1
한꼬집만,1
덜어놓는다,1
오렌지옷을,1
입은,1
밥솥케이크,1
오렌지는,1
슬라이스한다,1
발라준다,1
빼준다,1
쪄준다,1
모닝빵으로,1
아메리칸,1
미니핫도그,1
오이피클1,1
소시지4,1
모닝빵4,1
담가둔다,1
오이피클도,1
오이피클에,1
양파샐러드를,1
케첩과,1
예쁜김밥,1
무쳐준다,1
씨부분을,1
게맛살은,1
찢어준다,1
만들어준다,1
지단은,1
알고보면,1
재현된,1
바지락한줌,1
T와,1
후추약간을,1
스마일포테이토,1
고운빵가루,1
으깬감자에,1
휴지시키세요,1
동그란틀로,1
빨대로,1
고추가루는,1
생략가능해요,1
사골육수와,1
떡국이지만,1
진한맛을,1
한해가,1
저물었어요,1
올한해도,1
수고하셨습니다,1
굴떡국,1
새해에도,1
가득하세요,1
떡한공기,1
쫑쫑썰고,1
채썰어두세요,1
만들어두세요,1
사골육수를,1
느낄수,1
또띠아호떡,1
견과류와,1
또띠아3장,1
견과류3,1
견과류는,1
두드리거나,1
견과류에,1
견과류또띠아호떡,1
또띠아치즈호떡,1
양념맛,1
제육볶음이예요,1
대파한대,1
매실0,1
고추장크게1,1
중간고추가루1,1
다진마늘2,1
모듬회,1
락교,1
식초2,1
두꺼우니,1
갈라주세요,1
유부도,1
밥한공기에,1
반수저,1
포장해,1
먹기전에,1
풀러서,1
데코해주세요,1
불맛오징어볶음,1
콩나물도,1
환상조합,1
몸통만26cm,1
마늘3톨,1
대파흰쪽1,1
매실청1,1
생강가루약간,1
생강술1,1
미림1,1
물엿1,1
불맛내기용,1
감칠맛내기,1
느타리버섯만으로,1
한팩,1
대파2,1
4면을,1
햄2,1
모짜렐라치즈2,1
테두리는,1
한국자반,1
양끝에,1
한쪽빵위에,1
붙여놓고,1
한국자,1
익을만큼,1
작은계란,1
기준으로는,1
간장조림으로,1
청주1,1
간장5,1
구워두세요,1
앞뒤고,1
깻잎대신,1
어린잎이나,1
부추등,1
구울때는,1
종이컵계량,1
밀떡OK,1
감자피만두,1
자작할,1
쌀떡은,1
가는떡으로,1
스며들어요,1
감자만두는,1
퍼지기,1
끓이지마세요,1
갈은깨,1
야채에는,1
한꼬집씩,1
식성껏,1
단호박죽,1
단호박1,1
컵반을,1
붇고,1
뭉근해지면,1
찹쌀물을,1
걸죽해질,1
떡20,1
나무꼬치4,1
케찹3,1
물엿3,1
지져주세요,1
다진마늘은,1
마늘물을,1
강하고,1
마늘물로,1
깔끔해요,1
데친후,1
레시피이고,1
끼우면,1
소떡소떡이,1
사리곰탕라면1,1
체다치즈반개,1
고추가루작게1,1
반개를,1
풀어지고,1
불끄기,1
10초전,1
남겨놓은,1
계란말이김밥은,1
계란4,1
왕란기준,1
우엉은,1
김크기에,1
수저정도의,1
떡볶이친구,1
소풍김밥,1
맛있는레시피,1
맥주랑도,1
밥이랑도,1
캐찹,1
사선을,1
벌어지면,1
30초뒤에,1
볶은뒤,1
마무리해,1
안나와요,1
다른요리,1
빛내주는,1
역할로만,1
생각했다면,1
오산,1
메인요리로,1
손색없어요,1
팽이는,1
팽이버섯2봉지,1
or쪽파,1
다져요,1
풀어요,1
봉지채,1
빼줘요,1
묻혀요,1
부쳐요,1
데코해요,1
2봉지로,1
떡두줌,1
진간장3,1
굴소스2,1
4등분하여,1
익을때쯤,1
레몬쿠키,1
사계절,1
카페라떼였어요,1
아니었지만,1
감고,1
식빵맛을,1
음미하게,1
얼음도,1
넣었음,1
좋았을,1
Espresso,1
만능반죽,1
한가지반죽으로,1
여러가지빵,1
빵성형,1
순두부양념,1
글램팟16cm,1
남았습니다,1
품절되기,1
글램팟,1
남고,1
미니웍,1
20cm도,1
직전인데,1
업체와,1
협의,1
판매라,1
일정은,1
내년에,1
모르니,1
Poland,1
마리슈타이거,1
거치대,1
2만원,1
재질,1
교환권,1
망고아이스크림,1
여름방학간식,1
망고레시피,1
clVqUYw,1
기공,1
구경하기,1
vOogw0fhlz,1
저렴할,1
rVuQetevXR,1
gfU3dXpL55,1
미니쿠마토,1
a4jvndhOge,1
FeCX1LYcSz,1
치즈2장,1
꾸덕할,1
마시멜로우오븐,1
마시멜로우구이,1
팥빵,1
버섯튀김,1
레시피공유,1
치킨도,1
튀겨져요,1
팝콘만들기,1
버터팝콘,1
팝콘레시피,1
팝콘튀기는법,1
콜리플라워라이스,1
콜리플라워볶음밥,1
저탄수레시피,1
저탄수식단,1
호박샌드위치,1
애호박레시피,1
건강한요리,1
혼밥요리,1
호박요리,1
맛부터,1
좋아할까,1
CyH6myDq6P,1
칼로볼,1
9988662874,1
칼로볼은,1
세계적,1
락앤락,1
생산하는,1
대아C,1
I에서,1
생산합니다,1
저당밥솥부분,1
젖병,1
하루3끼,1
536kcal,1
korea,1
데우기,1
새우튀김,1
튀김레시피,1
흰다리새,1
해잡솨봐요,1
찹쌀버섯스틱,1
빵없이샌드위치,1
러버를,1
녹차머핀,1
닭구이,1
후라이팬치킨,1
닭굽는법,1
와인안주,1
술안주레시피,1
가리비레시피,1
다이어트술안주,1
바나나라떼,1
바나나레시피,1
라떼만들기,1
초코무스,1
초코디저트,1
초콜릿디저트,1
커피디저트,1
통밀랩,1
닭가슴살랩,1
크림우동,1
면레시피,1
우동요리,1
우동레시피,1
질렸다면,1
땅콩참깨소스,1
마라탕만들기,1
브라우니쿠키,1
초코브라우니,1
주말요리,1
누룽지통닭,1
에어프라이어치킨,1
군빵,1
꿀칩,1
가게보다,1
광파오븐이,1
단단히,1
한몫한,1
장비빨이라는,1
마들렌이,1
맛은요,1
마들렌은,1
광파오븐은,1
치즈햄,1
연습하고,1
연습해서,1
뻔했음,1
성격,1
파탄자,1
뻔도,1
스파게티만들기,1
초간단김밥,1
비건요리,1
돈까스만들기,1
버섯레시피,1
천겹토스트,1
페이스츄리,1
초코케치크만들기,1
컵케이크만들기,1
크러쉬도,1
치즈레시피,1
오일스프레이,1
공구마감,1
종료하고,1
원하셨어요,1
한정판입니다,1
맞고요,1
공식몰에서,1
가격입니다,1
중일,1
공식물,1
동원에서,1
첨가가,1
조리로도,1
불향을,1
12시간,1
그릴리직화후랑크,1
그릴리소세지,1
그릴리후랑크,1
빵집보다,1
디저트레시피,1
두부만들기,1
일본식두부,1
비건빵,1
마지막입니다,1
모든분,1
핸드폰번호,1
아몬드바,1
에너지바만들기,1
등산간식,1
르뱅쿠키,1
녹차쿠키만들기,1
녹차르뱅쿠키,1
홈베이커,1
팝콘치킨만들기,1
떠먹고,1
슈만들기,1
베이킹동영상,1
쓱배송,1
샤브샤브만들기,1
치즈쿠키,1
치즈활용요리,1
크래커만들기,1
16마리,1
단촛물과,1
금속,1
유리그릇은,1
질어지므로,1
우동면요리,1
간장요리,1
좋으면,1
치즈케이크만,1
1,1
육수뿐입니다,1
7천,1
원대,1
요리하면서,1
조미료에,1
가잖아요,1
마음도,1
끊기가,1
한포,1
참치액에,1
안심돼요,1
예고합니다,1
녹차레시피,1
녹차식빵,1
유통기한,1
하기로,1
전자로부터,1
디오스,1
오브제컬렉션,1
광파오븐,1
MJ32ERS,1
에어수비드,1
식품건조,1
슬로우쿡,1
터치,1
번으로,1
초간단만두,1
만두레시피,1
백태콩,1
동원참치에서,1
출시됐어요,1
간장베이스의,1
별도로,1
맛참은,1
밥반찬이에요,1
함량의,1
맛참,1
밥엔맛참,1
고단백반찬,1
쌀과자만들기,1
식은밥처리,1
창억떡,1
호박인절미,1
받아보는,1
새벽배송,1
xdrbof,1
어디에서나,1
택배배송,1
hxf1hi,1
호박떡쿠키,1
가지전,1
주머니빵,1
통밀피타브레드,1
샌드위치빵만들기,1
다이어트피자,1
주말아침메뉴,1
간단한요리레시피,1
소금빵만들기,1
소금빵레시피,1
크랙소금빵,1
크랙소금빵만들기,1
간단한베이킹,1
주말베이킹,1
3박자,1
얼리지,1
초코컵,1
쿠키컵,1
쌀식빵은,1
빵처럼,1
발효하면,1
과발효,1
부풀었을,1
2배의,1
지점,1
식탁일기,1
오셨어요,1
만토바가,1
사용량을,1
사은품도,1
제품이고,1
마트에도,1
상품이라,1
체크했습니다,1
1닭가슴살,1
여름국수,1
땅콩버터국수,1
땅콩버터비빔면,1
피넛버터,1
옥수수구이,1
옥수수레시피,1
치즈김치김밥,1
Waltz,1
Retriever,1
중국호떡만들기,1
이스트없이빵만들기,1
발효없는빵,1
주말메뉴추천,1
밥반찬만들기,1
초코식빵만들기,1
초코식빵,1
음료레시피,1
음료만들기,1
김과자,1
김활용,1
사진영상,1
크리에이터,1
숏폼에,1
1등은,1
10만원의,1
후보는,1
결선에서는,1
200만원,1
최우수상,1
상금이,1
주어집니다,1
내용확인,1
cherryislove,1
응모방법,1
nwcherry,1
응모꿀팁,1
갈수록,1
경쟁,1
치열,1
한주라도,1
체리볼,1
크림빵만들기,1
생크림빵만들기,1
케이크레시피,1
특별한데,1
강아지쿠키,1
버터쿠키,1
짓기,1
이외에,1
활용법도,1
인터넷보다,1
저렴합니다,1
랭킹,1
달성한,1
참깨스틱만들기,1
단호박레시피,1
처치곤란,1
계란과자,1
자스민,1
버터아몬드바,1
다이어트케이크,1
다이어트디저트,1
정착,1
밥없는초밥,1
진간장도,1
두번달여,1
830,1
15명,1
간장우동,1
닭가슴살레시피,1
단백질식단,1
초코타르트,1
녹차케이크,1
곤약분말,1
곤약분말은,1
회처럼,1
곤약분말을,1
분말이,1
만드시고,1
분말을,1
찹쌀쿠키,1
밀가루없이베이킹,1
빵푸딩,1
에그타르트를,1
코코넛쿠키,1
한자리서,1
말아만드는,1
녹으니,1
양파레시피,1
아이스크림도,1
콘아이스크림,1
gx4,1
건강빵,1
오트밀간식,1
6인,1
투명도어를,1
열풍,1
탈취,1
44dB,1
인테리어에도,1
한몫해,1
바스켓형,1
면양을,1
2로,1
대체하기,1
어묵만들기,1
루비레드,1
색깔만,1
잊어주세요,1
상상되시나요,1
키위였어요,1
20종이,1
미네랄로,1
쭈쭈바도,1
상큼달콤,1
2달만,1
한정판,1
잼없이,1
마블케이크,1
오븐없이케이크,1
붕어쿠키,1
곰쿠키,1
Snack,1
김스낵,1
브라우니만들기,1
바나나베이킹,1
갈색,1
치즈요리,1
치즈고구마,1
과일젤리,1
테이프젤리,1
우유푸딩,1
우유처리,1
조각씩,1
나눠먹기,1
멘치카츠,1
레콘즙,1
커스터드푸딩,1
푸딩만들기,1
깻잎튀김,1
사라짐,1
씨앗호떡,1
틀없이베이킹,1
계란빵만들기,1
코코볼만들기,1
감자치킨,1
하트도넛,1
식탁일기는,1
추구합니다,1
떡만들기,1
초코케이크만들기,1
크림샌드,1
아이스빵,1
크림빵,1
감자치즈,1
사양에,1
커피만들기,1
커피레시피,1
요거트레시피,1
빠른요리,1
배경음악,1
Oneul,1
귀여운음악,1
선물해도,1
피넛쿠키,1
군만두,1
불땐,1
자제해,1
망고맛,1
붕어,1
화이트초콜릿,1
Crack,1
Bagle,1
업무,1
육아,1
자기관리,1
연애,1
바쁘고,1
가져보세요,1
더보기에,1
구글폼,1
신청서를,1
작성하면,1
선정되셨다면,1
인원에게는,1
선물도,1
전원에게,1
체험,1
4만원,1
크놀라,1
4기까지,1
애플워치,1
거대,1
빵으로도,1
불어요,1
떡까지,1
만드네요,1
우스타,1
뭘해도,1
고생이,1
많았기에,1
즐겨주셔도,1
두부볼,1
두가지맛을,1
녹차가루,1
프랜치,1
쫜득,1
찹쌀볼,1
찹쌀가루마다,1
알수,1
가감할,1
1시간에,1
부드러워집니다,1
크림식빵,1
즐겨봅시다,1
버터구이,1
겉바속쫄,1
gx6,1
바게트처럼,1
소금빵입니다,1
당일날,1
크리미한데,1
붙군,1
푸딩이,1
거품,1
내듯이,1
섞지,1
치즈양파빵,1
깔루아,1
치킨도그,1
시즈닝은,1
뿌링클링,1
프레쉬하게,1
밀가루랑,1
맨빵으로,1
다이제스트,1
녹차볼,1
초코맛,1
녹차맛,1
예쁘잖아,1
켄터키,1
꼬소꼬소,1
땅콩비빔국수,1
고추맛,1
에그타르트는,1
인스타,1
프로필에서,1
파운드,1
보기좋고,1
떡국에,1
새우나,1
입자가,1
조밀하고,1
커지는,1
생식빵,1
포기하니,1
케이크만,1
꿀도,1
질지,1
된밥으로,1
지어주세요,1
흉내,1
허니롤,1
한겹한겹,1
레시피보다,1
싱겁고,1
파향,1
파크래커,1
섞어주듯,1
펴줄수록,1
다소,1
맹맹할,1
T55,1
성형할,1
조심히,1
만져주고,1
오븐은,1
예열해,1
칼집은,1
그어야,1
뉴욕,1
바인리히,1
구름같이,1
갈라짐이,1
옳다,1
양파가루,1
재미있어서,1
얇잖아요,1
내용물보다,1
개인적,1
만나다,1
로투스,1
저울을,1
포카치아를,1
저온숙성을,1
위아래를,1
분유맛,1
1식이섬유가,1
감자롤,1
커피콩,1
커피만,1
갈려요,1
선물하고,1
크랙은,1
묽지도,1
되직하지도,1
가을에는,1
휴지해주고,1
휴지가,1
그건,1
한끼는,1
휘젓기,1
토핑과,1
초밥집,1
먹어보는,1
튀기지않고,1
고래밥,1
바사삭칩,1
No이스트,1
No발효,1
Beer,1
Yeast,1
때려,1
오버,1
믹싱,1
슬렁슬렁,1
리조또에,1
요리해야지,1
풍선새우튀김,1
토스트볼,1
빼자마자,1
떨어뜨려,1
쇼크를,1
수축이,1
방지됩니다,1
치즈감자피자,1
미니볼,1
설탕량은,1
cookingasmr,1
맛있군,1
양배추오믈렛,1
없애주세요,1
우유X,1
크리스마스빵,1
크리스마스선물만들기,1
꼬소,1
밀때,1
녹는다면,1
바질가루,1
비밀로,1
하려,1
포켓으로도,1
프라이팬빵,1
설탕없이빵만들기,1
우유없이빵만들기,1
곰보빵,1
소보로빵,1
우유스틱빵,1
스틱빵,1
줄서서,1
로스트포크,1
감자치즈빵,1
기계없이,1
크림치즈롤빵,1
만들자,1
Crepe,1
요크셔푸딩은,1
푸딩과는,1
가득해요,1
로스트비프나,1
요크셔,1
Yorkshire,1
pudding,1
TIPS,1
되직하면,1
방울씩,1
떨어트리면서,1
맞추셔도,1
파스타면만들기,1
튀깁니다,1
여름철에는,1
김이나지,1
감자칩만들기,1
목막힘없는,1
사랑한다,1
Blueberry,1
Muffin,1
담그세요,1
에클레어는,1
프랑스어로,1
섬광,1
뜻입니다,1
일순간,1
섬광처럼,1
치운다는,1
의미가,1
슈와,1
비슷합니다,1
에클레어,1
Eclair,1
1egg,1
Unsalted,1
Taiwanese,1
Castella,1
카스테라만들기,1
3가지만으로,1
unsweetened,1
얼었으면,1
녹인뒤,1
푸세요,1
Pepperoni,1
피자토핑,1
대파빵,1
대파마늘빵,1
Twist,1
새우볶음밥,1
새우볶음밥만들기,1
계란볶음밥만들기,1
원팬볶음밥,1
찜케이크,1
teaspoons,1
저울없이,1
수평으로,1
채망이,1
코티지,1
Cottage,1
Pie,1
fists,1
ladle,1
되직하지,1
Pudding,1
고구마볼,1
Ball,1
전분양은,1
rows,1
asparagus,1
핫도그용,1
사용하셔야,1
꽃김밥,1
Puffs,1
슈반죽,1
Oatmeal,1
가감하여,1
그래놀라만들기,1
으깨지,1
Without,1
things,1
김밥간단하게만드는,1
매끈매끈,1
bagel,1
사양이,1
구어도,1
specifications,1
심쿵심쿵,1
두근두근,1
flower,1
bYSZWh,1
부화,1
획득,1
Dinosaur,1
Cookie,1
무지방,1
유산균음료는,1
발효유가,1
농후,1
발효유를,1
적혀,1
비피더스,1
불가리스,1
액티비아,1
1병마다,1
만져,1
따뜻하지,1
돌려주시면,1
카레집,1
새우크림카레,1
캐러멜색이,1
갈아준다,1
꽂을,1
크리스마스트리만들기,1
과일트리,1
크리스마스음식,1
식탁일기와,1
방치한다,1
loose,1
stand,1
메뉴판을,1
비싸서,1
망설였던,1
shred,1
베이컨6장,1
okonomiyaki,1
풀어주고,1
까스오부시,1
Beat,1
부친다,1
Grease,1
전위에,1
가쓰오부시를,1
얹힌다,1
Sprinkle,1
치즈케이크에요,1
sized,1
꺼질,1
Omelet,1
Mince,1
내준다,1
젓고,1
6등분,1
moderately,1
꼭지만,1
leaf,1
빵들,1
나와라,1
식빵4장,1
버터4조각,1
materials,1
2번씩,1
유부초밥세트,1
set,1
짜준다,1
Squeeze,1
tart,1
타르트지,1
세조각,1
깍둑썰기한다,1
자르듯이,1
cutting,1
콩만,1
해졌을,1
뭉치고,1
휴지시킨다,1
beans,1
Mix,1
써나요,1
야채참치캔,1
야채참치볶으밥,1
야채참치1캔,1
밥1공기,1
밥넣고,1
구름빵이,1
구름빵,1
spoonfuls,1
거품기를,1
quickly,1
direction,1
whisk,1
거품처럼,1
됐을,1
divide,1
젤리와,1
글레이즈의,1
Jelly,1
젤리까지,1
레시피니까,1
transparent,1
refreshing,1
summer,1
tangy,1
visually,1
stunning,1
layers,1
crystal,1
clear,1
must,1
beginners,1
Don,1
글레이즈를,1
시트는,1
파운드케이크로,1
파운드케이크,1
가득하답니다,1
케이크에요,1
subscriptions,1
likes,1
comments,1
lot,1
strength,1
쿠킹트리,1
Detailed,1
tree,1
자몽케이크,1
얼그레이케이크,1
얼그레이치즈케이크,1
자몽얼그레이치즈케이크,1
얼그레이디저트,1
Grapefruitcake,1
EarlGreyCake,1
EarlGreyCheesecake,1
GrapefruitEarlGreyCheesecake,1
EarlGreyDessert,1
BakingAtHome,1
크림치즈빵,1
Cube,1
브레드와,1
급상승,1
비주얼과,1
선물용으로도,1
제격입니다,1
features,1
pairing,1
served,1
trending,1
across,1
melt,1
mouth,1
dip,1
gifting,1
cozy,1
moment,1
2단으로,1
쌓아,1
달라붙지만,1
반죽하기는,1
반죽기가,1
형태를,1
반듯하게,1
얼그레이에,1
자몽이,1
얼그레이의,1
자몽의,1
치즈케이크와,1
비주얼은,1
치즈케이크에,1
Looking,1
twist,1
fragrant,1
beautifully,1
balanced,1
combines,1
citrusy,1
brightness,1
grapefruit,1
floral,1
notes,1
earl,1
grey,1
layered,1
base,1
treat,1
impressive,1
easier,1
Follow,1
instructions,1
tips,1
luxury,1
과육과,1
자몽즙이,1
조합하니,1
환상이에요,1
치즈케이크가,1
케이크시트가,1
글레이즈가,1
묽어서,1
25도,1
걸쭉해졌을,1
부어야,1
얼렸다가,1
과육에,1
젤라틴을,1
냉장실에서,1
제육볶음은,1
김치볶음밥은,1
쏘세지,1
파망,1
간장국수는,1
두부조림은,1
오징어채조림은,1
야식추천,1
소세지계란전은,1
5작은스푼,1
도시락반찬,1
달래간장,1
오징어국,1
오징어요리,1
순두부짬뽕라면,1
진짬뽕,1
스푼이면,1
사골국물,1
팽이버섯제육볶음,1
줄은,1
설턍,1
뒤집어졌습니다,1
육수주머니,1
비빔당면,1
맛탕보다,1
고구마채모짜렐라치즈,1
고구마전,1
고구마김치전,1
고구마맛탕,1
고추장요리는,1
고추장요리의,1
조선,1
영조,1
샘표가,1
10년간,1
연구하여,1
메주를,1
띄우고,1
엿기름을,1
집고추장의,1
고추장구이는,1
8월15일,1
8월29일까지,1
혜택1,1
조선고추장,1
개이상,1
교차,1
혜택2,1
영수증이벤트까지,1
겉잎,1
즉석밥요리,1
자두,1
연탄불고기,1
콜라요리,1
3장은,1
어묵볶음입니다,1
고추장된장,1
매운라면,1
고추라면,1
부침개바삭하게,1
어묵김치국,1
콩나물무침보다,1
국수다,1
연말파티요리,1
해양수산부의,1
배추절이기,1
가을무,1
실세,1
추석은,1
팽이버섯전으로,1
3대가,1
애호박계란만두,1
뻥뻥,1
뚫리는,1
대파라면,1
전해주는,1
라면맛있게끓이는법,1
분식집라면,1
열라면,1
말지,1
비빔면보다,1
초대박,1
닭볶음용,1
폭탄계란찜에,1
참치캔을,1
파무침,1
초무침,1
효과적인,1
맛있어진,1
새우가루의,1
건새우가루,1
비오는날음식,1
고민이면,1
달래를,1
책임지는,1
달래김무침,1
싱크대청소,1
과탄산소다,1
콜라청소,1
했을까요,1
아깝네요,1
밥통에,1
안치고,1
김칫국물,1
먹으래도,1
12인분,1
라면끓이는법,1
연말회식,1
덖으지,1
들기름으로,1
35마리,1
월드컵,1
맥반석,1
계란보다,1
맥반석계란,1
파김치보다,1
김치담그기,1
청주로,1
급할때,1
두부김무침,1
혼란을,1
드려,1
두부볶음과,1
고추요리,1
상추에,1
쫀득쫀득하고,1
쉬게,1
잡채를,1
10인분,1
옥수수맛있게찌는법,1
더하세요,1
부추계란볶음,1
계란부침,1
갈비맛,1
조림닭,1
뚜껑만,1
열면,1
스팸고추장볶음,1
먹느냐고,1
시청하면,1
3일째,1
꺼내지도,1
반응은,1
오랜만이네요,1
라면과는,1
못하게,1
만능양념,1
치세요,1
감차채볶음,1
라볶이로,1
위로받으세요,1
콩나물불고기를,1
행복해합니다,1
목살간장조림,1
시금치보다,1
미나리가,1
몰랐네요,1
불리세요,1
진미채까지,1
수육삶기,1
쌍화탕수육,1
ml1,1
끝장나는,1
표거버섯,1
g짜리,1
만족하고,1
바싹불고기를,1
떠나지,1
아빠들이,1
탐네는,1
문제없어요,1
세멸,1
자멸,1
쌀엿,1
철근같이,1
진미오징어채,1
고기볶을때,1
3꼬지,1
별미의,1
김치전이,1
묵은지무침,1
떡갈비가,1
9천원으로,1
탕국,1
추석음식,1
명절상차림,1
부치는데,1
힘쓰지,1
어묵탕용,1
화제가,1
000원으로,1
고기반찬보다,1
칭찬받은,1
라면이면,1
개라도,1
문제없습니다,1
냉짬뽕,1
시원한국물,1
웃음이,1
무침양념장,1
여름음식,1
혈관의,1
노폐물을,1
요오드가,1
빠져나가는데,1
미역이,1
요오드를,1
채워줍니다,1
청정원의,1
이마트몰,1
emart,1
item,1
itemView,1
1.0001E+12,1
siteNo,1
6001,1
salestrNo,1
2034,1
tlidSrchWd,1
srchPgNo,1
src,1
area,1
elist,1
롯데마트몰,1
lotteon,1
sitmNo,1
dp,1
infw,1
cd,1
SCH,1
vp,1
5760586991,1
9754616892,1
vendorItemId,1
77038349792,1
어간장을,1
소고기버섯전골,1
홍게와,1
발효숙성액을,1
전통방식으로,1
간장보다,1
띄며,1
특징인,1
어간장은,1
마늘즙,1
냉국만들기,1
원이면,1
소고기까지,1
원어치,1
주일,1
건어물을,1
조릴,1
기간도,1
늘려줄,1
않는는,1
시청하고,1
칭찬받으세요,1
고르세요,1
수박에도,1
암수가,1
배꼽이,1
수박자르는법,1
수박고르는법,1
수박껍질,1
고추된장무침은,1
지겹다던,1
아버지,1
비우셨습니다,1
난리났네요,1
시선과,1
사로잡습니다,1
모닝고추,1
4모,1
부쳐놓기,1
집어가려,1
싸우는,1
지르게,1
노른장,1
화제의,1
떡볶이떡을,1
떡볶이는,1
떡볶이떡으로,1
밀떡보다,1
쌀떡보다,1
스트링치즈,1
로제떡복이,1
비엔나쏘세지,1
사랑하게,1
칼칼함과,1
건새우의,1
반찬보다,1
훌륭하고,1
손색없습니다,1
간단하니깐,1
애타게,1
찾았던,1
당면만,1
볶음밥보다,1
한끝,1
2이분,1
만들실,1
놓았습니다,1
개째가,1
잡채의,1
불지않아야,1
꺼내지,1
콩나물잡채,1
양조간간,1
여기가,1
천국입니다,1
찌개와,1
찾으시면,1
된장짜글이,1
우렁,1
5가지로,1
무침양념을,1
두릅장아찌를,1
장아찌담그기,1
바삭바삭해집니다,1
해물탕만큼,1
콩나물국만큼,1
콩나물찌개,1
알았을까,1
해물탕,1
시원칼칼함과,1
억울할,1
찌개에,1
맛내기는,1
시청으로,1
김치소는,1
쌀가루도,1
확올라옵니다,1
멸치볶음이,1
벌어지는,1
세멸치,1
꽃새우,1
홍새우,1
5톨,1
쓰리라차,1
술강도,1
저녁상에,1
인해서,1
양념들의,1
비율만으로,1
소갈비만큼,1
명절에도,1
우리과일을,1
명절의,1
말끔하게,1
내려줄,1
상큼하면서도,1
상차림으로,1
오징어볶음을,1
낙지볶음,1
쭈꾸미볶음에도,1
무엇이든,1
소고기국밥,1
서서,1
계란말이빵을,1
계란말이와,1
햄치즈와,1
와사비도,1
넘쳐요,1
감칠맛있게,1
맛없이,1
감칠맛있는,1
식탁에는,1
꽁치통조림으로,1
제육볶음과는,1
맛고,1
소고기만큼이나,1
연하면서도,1
가지세요,1
생각나지,1
겨울이면,1
황금비율과,1
발효시간,1
겨울밤을,1
불세기는,1
무침보다,1
시원함이,1
쏘울,1
저녁식사하세요,1
식상한,1
어묵볶음은,1
잡채도,1
잡채보다,1
어묵볶음보다,1
계란지단을,1
어묵잡채에,1
홀딱,1
반하실겁니다,1
맛남,1
될겁니다,1
넣으시나요,1
후숙과정을,1
햇고구마의,1
보름정도,1
후숙시켜주세요,1
바뀌어서,1
꿀고구마가,1
온도에,1
15도의,1
후숙하는,1
보관하는법을,1
고구마보관,1
맛탕만들기,1
된장의,1
구수함과,1
어울어지는,1
전해보세요,1
오븐과,1
바사삭하고,1
달콤아삭한,1
배쥬스도,1
제육볶음을,1
즐거움도,1
고추장삼겹살,1
뒤돌아서면,1
날만큼,1
육수주머니에,1
텁텁함을,1
없애주고,1
새우젓국물로,1
넣은것보다,1
콩나물국도,1
감자채볶음을,1
감자채의,1
사용해보세요,1
잡아줘서,1
청량함과,1
아삭아삭하게,1
오이물김치가,1
풀국도,1
호박잎쌈,1
돌리세요,1
장청소에,1
호박잎을,1
조리하세요,1
그대에게,1
잊게,1
간장닭조림,1
강력추천합니다,1
닭고기요리의,1
볶음용닭,1
풋고추의,1
고추바사삭전,1
파전과,1
막걸리를,1
생각하시죠,1
고추바사삭전을,1
고추바사삭전은,1
초간장에,1
마약계란장의,1
OO즙,1
보존성을,1
60알,1
맛이게,1
무더위로,1
어묵볶음으로,1
삶아보세요,1
구수하면서,1
옥수수처럼,1
트럭옥수수,1
잃은,1
놓으셨다가,1
무침에도,1
까라니액젓,1
나혼자,1
성훈씨가,1
짜르보나라를,1
짜파게티에,1
고추참치까지,1
맛일까,1
궁금했으나,1
더해졌습니다,1
냄새나,1
느끼지,1
못했고요,1
고추참치의,1
매콤함과,1
짭조름함이,1
미소를,1
짓게,1
구워서만,1
조려져서,1
맛잇습니다,1
더했습니다,1
사용하며,1
잘하면,1
김밥용김,1
두부계란부침과,1
초간장도,1
먹음직스런,1
데리야끼소스를,1
데리야끼소스는,1
조림이나,1
만능소스가,1
묵은지볶음을,1
따뜻한밥,1
누룽지랑,1
묵은지볶음,1
우려서,1
조리세요,1
환골탈태,1
김치부침개를,1
감칠맛의,1
까다로은,1
두가지만,1
5분만,1
투자하세요,1
아마씨를,1
강정만들기,1
쉬운듯,1
살아있고,1
바삭한부추전,1
TV프로그램,1
알토란에어,1
조리장이,1
절임장을,1
알토란에서,1
노른자장을,1
돼지기름의,1
돈까스는,1
간장이,1
한가득한,1
간장비법을,1
도시락에서,1
커피로,1
만들었다고,1
믿기,1
두부조림과는,1
매력의,1
가래떡을,1
디져트로,1
가래떡구이,1
가래떡하면,1
가래떡강정,1
강정소스가,1
값싸고,1
배추보다,1
드시지만,1
나물처럼,1
달달함이,1
담궈보세요,1
오징어실채,1
항암효과는,1
효능으로,1
성인병예방의,1
시품으로도,1
끝나가는,1
내년,1
올때까지,1
강된장을,1
맛이란,1
1년치,1
제절을,1
간장물에,1
고기먹을때,1
파절이,1
안부러운,1
명절하면,1
전이죠,1
깻잎향이,1
고추전과,1
깻잎전은,1
고추전에는,1
깻잎전에는,1
깻잎향과,1
방법이지만,1
차이를,1
고추지의,1
드실때마다,1
먹을양,1
차돌박이된장찌개를,1
저녁메뉴로,1
된장찌개를,1
조리법이니깐,1
살아있게,1
무말랭이를,1
고추양파장아찌의,1
무더위에,1
고추양파장아찌,1
들깨가루의,1
순대의,1
쫄깃함,1
달달함,1
순대만,1
너무도,1
수미표,1
감자채볶음은,1
집반찬,1
맛잇게,1
감자같은,1
감자끼리,1
뭉쳐서,1
감자떡같이,1
반찬이었구나,1
청피망의,1
아삭이는,1
햄의,1
감자채볶음의,1
고추식초,1
음식에는,1
사용하죠,1
식초대신,1
고추식초를,1
무쳐먹으면,1
잃어버릴,1
그러땐,1
최고죠,1
고민이셨다면,1
무침양념장의,1
무침요리에도,1
있을거,1
쉽지않은,1
양판,1
달걀조림은,1
화끈하게,1
맵고,1
몰려올때,1
반숙의,1
중화시켜줍니다,1
반숙달걀이라,1
퍽퍽함도,1
간편하니,1
땡기실땐,1
반숙달걀,1
평범한듯,1
평범하지,1
한솥,1
카레가,1
스페인에,1
떳다,1
계란후라이까지,1
보장된거죠,1
먹어봐요,1
칵테일,1
차셰프,1
그의,1
비장의,1
O땡,1
드러간,1
동그랑땡과는,1
양념간장과,1
케찹에,1
폭발력은,1
전국민,1
쉽네,1
자취생활로,1
인한,1
일가견이,1
이상민씨,1
그가,1
자신있게,1
레시피이니까,1
너무나도,1
고체,1
어느것이든,1
모금,1
뻥뚫리는개운함,1
냉이향이,1
잡아주던,1
포항초나,1
섬초가,1
나무스푼보다,1
밥스푼의,1
밥스푼으로,1
시래기무침,1
건시래기,1
호박고지,1
건가지,1
건취나물,1
저녁반찬을,1
당기네요,1
견과류중에,1
영양성분이,1
피칸을,1
궁금하싶니까,1
제현하고,1
먹어보았습니다,1
35년,1
숙주오이냉채,1
알타리무침,1
케일김치,1
45장,1
8가닥,1
간장오이지,1
육수낼때,1
폭발합니다,1
레시피2,1
계란된장국,1
도토리김치전병,1
도토리가루,1
꽈리고추조림,1
최종간맞추기,1
곱창김,1
3가닥,1
아린맛,1
헹구지마세요,1
채소준비,1
애호박낙지탕,1
국물만,1
유자,1
NnEgm,1
gx2,1
삶아주기,1
영업장에서는,1
셋팅,1
무쳐주기,1
건조하기,1
건조한콩,1
생땅콩,1
떫은,1
봄김치,1
끓인후,1
mL정도,1
컵사용,1
간맞추기,1
버터보관법을,1
버터보관법,1
요리꿀팁,1
통양파,1
아욱국,1
동심의세계를,1
오징어게임,1
설탕뽑기,1
Cindertoffee,1
Squidgame,1
무궁화꽃이피었습니다,1
28년,1
외식업을,1
뿌리만,1
깐쪽파,1
5국자,1
6국자,1
양념치킨을,1
정육을,1
닭고기가,1
한공기에,1
말아줍니다,1
계란쫄볶이를,1
계란쫄볶이,1
깔아주고,1
콘치즈군만두,1
59분,1
조기,1
click,1
aliexpress,1
ol6Ndwz,1
앱에서만,1
소고기덮밥,1
목표,1
인원,1
미달시,1
공동구매는,1
취소되며,1
환불됩니다,1
등촌칼국수를,1
멸칼,1
사곰,1
풀릴때,1
까지만,1
등촌칼국수,1
몽고,1
매운간장소스,1
monggo,1
1905,1
11442150399,1
토마토라면을,1
당면부대찌개를,1
당면부대찌개,1
저장해두고,1
고기해장,1
냉너구리,1
로제라볶이,1
볶음우동을,1
우동면은,1
크림라면을,1
3봉,1
끓어,1
오르면,1
흩뿌려줍니다,1
카레볶음밥을,1
빈공간에,1
2알을,1
카레볶음밥,1
소고기무국수를,1
560,1
봄동비빔밥을,1
손질해줍니다,1
무쳐줍니다,1
숙주볶음을,1
한줌을,1
콜팝을,1
1알을,1
콜팝,1
사리곰닭을,1
분말스프를,1
후레이크와,1
대패쌈장덮밥을,1
대패쌈장덮밥,1
냉우동을,1
숙주는,1
냉육수를,1
삶아둔,1
햄두부구이,1
두부에는,1
햄에,1
남는다면,1
곰국,1
사골곰탕에,1
부추곰국,1
30알,1
2주먹을,1
고추장조림,1
6알을,1
깨고,1
유리그릇에,1
해줘서,1
still,1
일요일에,1
삼각형으로,1
구워내기만,1
익혀야,1
케첩으로,1
그림을,1
그려도,1
고소하지도,1
테고,1
넉넉하지,1
그립습니다,1
일상은,1
소중하지만,1
즐겁지,1
익숙하니깐,1
흥미를,1
즐거워합니다,1
새로우니깐,1
관점으로,1
풀어가는,1
어려웠어요,1
웃고만,1
당신에게,1
관점을,1
확보하세요,1
신나는,1
기대할게요,1
Kkakdugi,1
기다림이,1
끝나면,1
인생은,1
지루해진다고,1
기대하는,1
무엇인가를,1
기다림은,1
Eldar,1
Kedem,1
Russo,1
Weinberg,1
Wake,1
Up,1
Derek,1
Gust,1
Megan,1
Wofford,1
Gift,1
vacation,1
휴식마저,1
노력해야,1
고달프지만,1
휴식도,1
계획이,1
방치하는,1
휴식이,1
즐거워야,1
여름휴가,1
Subs,1
JAMAKE,1
Bird,1
Figment,1
Wild,1
Dreaming,1
Staffan,1
Carl,1
slow,1
walking,1
TTRM,1
becoming,1
살다보면,1
문제들이,1
그럴때마다,1
멈춰서면,1
없을지,1
문제일수록,1
답을,1
있을때가,1
많습니다,1
꼬마대장의,1
상처는,1
아물었어요,1
지난일이,1
되어가고,1
Dayon,1
Showed,1
Heal,1
Summer,1
Breeze,1
Ten,1
Towers,1
david,1
celeste,1
Hold,1
Her,1
끼도,1
되었다가,1
MyKey,1
Away,1
Go,1
Glenn,1
Campagna,1
Sweetness,1
Lower,1
Bridge,1
Patio,1
Lanterns,1
Nashional,1
Belonged,1
19살때,1
밤늦게,1
학원을,1
간식꺼리가,1
없었으니까요,1
싫었지만,1
기억으로,1
계란프라이를,1
준비하던,1
아빠의,1
어땠을까요,1
고마워요,1
Slowfly,1
Barefoot,1
Andy,1
Delos,1
Santos,1
Can,1
High,1
Bothnia,1
Feel,1
Sky,1
Johannes,1
Bornl,1
Jennifer,1
Holm,1
Beauty,1
Lives,1
Sebastian,1
Winskog,1
Evenings,1
Loving,1
Caliber,1
Were,1
Younger,1
유튜버가,1
있었던건,1
관심과,1
덕분이에요,1
남겨주신,1
답글,1
문의하신,1
질문들을,1
이번영상도,1
page,1
yun,1
girl,1
didn,1
expect,1
question,1
Captain,1
boy,1
job,1
illustrator,1
a7m3,1
distagon,1
f2,1
gm,1
sel24,1
coating,1
mixture,1
만만합니다,1
자유롭습니다,1
가집니다,1
귀찮음과,1
비례한다고,1
식빵만큼은,1
예외로,1
오래돼서,1
나를위한일,1
필라델피아치즈케익,1
마무리가,1
일들은,1
경험으로,1
나에,1
긍정적인,1
믿음,1
쌓게,1
믿음은,1
스스로를,1
존중하게,1
자존감이,1
일들을,1
잘한,1
성탄절,1
하시기,1
치즈케익과,1
works,1
finished,1
become,1
positive,1
respect,1
yourself,1
self,1
esteem,1
neglecting,1
joyful,1
being,1
있어야만,1
행복도,1
느끼는,1
행복들은,1
취향의,1
발견에서,1
일상이지만,1
한잔에서,1
한모금에서,1
핫초코에서,1
찾으시길,1
스너그픽,1
올려두었습니다,1
ILP0LQLHL60,1
명란바게트,1
바게트빵에,1
녹인버터에,1
소금1꼬집,1
마요네즈1,1
빗소리는,1
커피는,1
그친,1
깨끗하고,1
담겨지는,1
세상은,1
보낸,1
아늑한,1
담아보았어요,1
빗소리,1
들으시면서,1
만들었거나,1
음식들에,1
이야기에요,1
양송이치즈구이,1
채워넣어줍니다,1
에그구이,1
홈에,1
발라줍니다,1
소주로,1
천연세제는,1
청소할,1
가스렌지,1
살림,1
찌든,1
관리하는,1
물때,1
주방세제,1
만능세제로,1
다용도,1
세정제로,1
주방뿐만,1
곳곳을,1
청소해요,1
오염,1
수건이나,1
Essbee,1
하늘바람,1
레시피여서,1
쉬우실,1
밀크티와,1
여름에도,1
효과에도,1
물처럼,1
몇몇,1
여쭤보셔서,1
남겨드려요,1
스토어팜,1
키위에이드,1
커피우유,1
우유빙수,1
수박화채,1
귓가에,1
속삭이듯,1
소리들,1
시윤이가,1
수딩젤과,1
일리윤,1
제품이예요,1
끈적이지,1
촉촉함이,1
순해서,1
건조할때,1
아모레퍼시픽,1
일리윤으로부터,1
광고료를,1
후기남겼어요,1
소소한,1
행복들을,1
집중하는,1
듣거나,1
책을,1
보거나,1
마시거나,1
일기를,1
쓰거나,1
캔과,1
보낼,1
JAJU에서제품을,1
지원받은,1
유료광고,1
레시피2를,1
드리려해요,1
촬영1주일,1
편집1주일,1
작업,1
이틀밤을,1
새웠어요,1
편집한,1
봐주셨으면,1
홈타피,1
소풍음식,1
맥주안주등,1
것들로만,1
소시지빵,1
식빵팝콘,1
슈팅그립을,1
적용한다면,1
촬영하거나,1
입문용으로,1
a6400으로,1
촬영된,1
싶으시다면,1
호빵맨,1
팬케이크만들기,1
클릭해주세요,1
동영상에서는,1
AF가,1
중요하고,1
촛점이,1
나간,1
쓸모X,1
AF는,1
소니가,1
최강이다,1
덧글과,1
잔잔함을,1
선물해,1
다음주에,1
영상에선,1
앵글때문에,1
카메라를,1
올렸지만,1
진동이,1
삼각대로,1
a6500,1
RX100,1
M6,1
삼각대,1
맨프로토,1
픽시,1
이보,1
Lens,1
sel35f18,1
sel24f18z,1
mike,1
RODE,1
Micro,1
보이스레코더,1
PCM,1
A10,1
Editing,1
program,1
Final,1
Pro,1
살림vlog,1
계란김밥만들기,1
호빵맨팬케이크만들기,1
등원하고,1
하원하기,1
까지의,1
정리들로,1
시간들을,1
바다는,1
시원했답니다,1
훗날,1
추억상자를,1
4살,1
꼬마였던,1
너를,1
느낌일까요,1
기록하려,1
될테니깐요,1
hemio,1
짜파게티로짜장면만들기,1
김치전만들기,1
짜파게티로,1
김치전의,1
참치캔도,1
건더기스프는,1
짜장스프에,1
깍둑썰기를,1
계란후라이이,1
얹어주시면,1
2UcWDGL,1
볶음곤약쌀,1
2Xslw3l,1
탕후루는,1
북경,1
과일사탕,1
딸기탕후루,1
딸기탕후루만들기,1
중불과,1
센불,1
투명해져요,1
기포에서,1
기포들이,1
5분이상,1
노란색으로,1
변하면서,1
걸쭉하다는,1
들꺼에요,1
시럽물을,1
떨어뜨리며,1
체크를,1
해주신다면,1
단번에,1
에어프라이어11가지레시피,1
관리방법에,1
소개해봤어요,1
라면땅,1
떡국과자,1
구운단호박,1
옥수수치즈식빵,1
피자식빵,1
연근칩,1
닭봉구이,1
감자크로켓,1
식빵핫도그,1
양송이버섯햄꼬치,1
기쁘게,1
힘이되는,1
신문지와,1
지퍼백만,1
잔잔하게,1
흘러가는,1
보여드렸는데요,1
행복이,1
가정을,1
싶었답니다,1
인생의,1
참맛은,1
있다해요,1
우드식기세척,1
법에,1
간략하게,1
틈새가,1
있기때문에,1
세재로,1
않다해요,1
전기포트는,1
식초물로,1
세척해주면,1
엄마하,1
꼬맹이,1
분량이,1
영상으론,1
못했지만,1
단호하게,1
x를,1
거부했답니다,1
까탈스러운,1
아가예요,1
일주일만에,1
집순이,1
아줌마의,1
이번영상은,1
딸기라떼,1
양푼비빔밥,1
담겨있어요,1
중간엔,1
시윤이,1
여자친구와의,1
뽀뽀,1
이번편,1
조용하고,1
자유부인이된,1
발랄,1
정말정말,1
Showing,1
MUJI,1
Vintage,1
Stuffs,1
Strawberries,1
week,1
homedody,1
lady,1
shows,1
strawberrylatte,1
brass,1
story,1
kiss,1
between,1
Siyoon,1
her,1
girlfriend,1
contains,1
daily,1
quiet,1
comfortable,1
편집이,1
인사가,1
메리크리스마스,1
마크라메,1
수업을,1
있겠더라구요,1
마크라메행잉은,1
흔해서,1
과일바구니를,1
어설프지만,1
진거,1
얇은줄로,1
봐야겠어요,1
후라이팬에도,1
채널에도,1
천명이,1
넘었습니다,1
한분한분,1
잊지않을께요,1
추워졌어요,1
대하오븐구이를,1
했구요,1
군고구마도,1
좋아하더라구요,1
다음편,1
첫눈,1
눈비비며,1
만든영상,1
중간중간에,1
오타가,1
귀엽게,1
쓰윽,1
넘어가주세요,1
bensound,1
adaytoremember,1
Missing,1
Never,1
Ever,1
호박캔디,1
좋아했지만,1
타르트가,1
아드님,1
업로드가,1
육아하며,1
일하며,1
짬짬이,1
시간내기가,1
쉽진,1
않은거,1
노력해보겠습니다,1
베트남어,1
much,1
Vietnamese,1
스팸튀김이,1
안주는,1
맥주생각이,1
간절하더라구요,1
480만,1
오토양,1
밸런스도,1
oW,1
w3iWCe0Y,1
절였는데,1
놨어요,1
rrQ6cpOSKkk,1
bB5KSj905mI,1
식사때,1
늘보리,1
렌틸콩,1
샌드위치레시피,1
내용는,1
bAuEhpgRHpM,1
gPYIp5nrR0k,1
태우는,1
키토산과,1
베타글루칸이,1
채소라,1
saV8,1
gletU,1
jJVCLc,1
DMe8,1
봤지만,1
매력이에요,1
GYK,1
TtdVUm4,1
십자화과,1
숙성해,1
유산균의,1
식이섬유까지,1
설포라판,1
설계했습니다,1
30년차,1
고인물이,1
진화했지만,1
영상보고,1
대사에,1
ami,1
CHOP1,1
gg,1
저렴해지고,1
맛있어져서,1
초창기,1
역대,1
DjluSE45yH0Zzce,1
건강하니,1
3sSkkx9MaxY,1
ZKx,1
u8uoTDYOAEYs,1
살리면서,1
해보셨으면,1
XJUeSvAJ2FA,1
안정시켜요,1
견과,1
AVxHmI7o7RIyWW9j,1
qnOfOzveLYL1aOSq,1
한쪽으로,1
치우친,1
지는데,1
균형있게,1
식이섬유도,1
4iDmP0,1
1l3sT,1
5JW,1
CurryRecipe,1
소면으로,1
캔에,1
고형량이,1
제값,1
당근0,1
알아히요,1
배도,1
q8sDu,1
tH3zqI51,1
반숙란,1
소금계란,1
감동란,1
UOWYEGyvVs0,1
yez1u3wxQagsg74C,1
888,1
TF2wzfGs,1
qriYE9KbNgPHhq,1
사이드로,1
랩과,1
0bm144yIkmWohOT5,1
감량했을때,1
방법이에요,1
풀떼기님,1
MoonyKitch,1
급격하게,1
방지해요,1
활용성도,1
또띠아요라,1
TortillaRecipe,1
양배추김치,1
KimchiRecipe,1
착즙주스는,1
걸러내어,1
오를까,1
걱정되어,1
원물,1
원료를,1
몇가지는,1
높이기,1
급속,1
냉동하기,1
데쳤다가,1
블랜칭,1
거쳐요,1
이상에,1
곡물을과,1
견과를,1
제공해요,1
종이컵은,1
유해물질,1
검사,1
통과한,1
생분해성,1
PLA,1
안정시키고,1
아껴먹는,1
여러분들은,1
JiG4xyFDWU8,1
mu31add4rC4,1
cDLN2Q825,1
p71VVZ,1
아침식사도,1
상반기,1
엄선하여,1
gVocx,1
TG8,1
뱃살까지,1
백설,1
sOF7,1
gRNfkWo,1
반개만,1
배불러요,1
순삭하는데,1
요리들은,1
오감,1
만족,1
인절미,1
감자양,1
PotatoRecipe,1
FrenchFries,1
PotatoChips,1
염증에,1
삼계탕은,1
복잡한데,1
영양적으로도,1
UaxLBkGnsH0,1
healthyrecipe,1
만성,1
증폭시키고,1
흡수율도,1
이사하면서,1
차릴,1
외식으로,1
재발해서,1
고생,1
운동하니,1
나아졌어요,1
1100만,1
tiramisu,1
Nk5v,1
CcIRhQ,1
breakfastrecipe,1
vqQRMPr5myk,1
버섯과,1
절임과,1
gBVvhFzPMCY,1
리코펜과,1
보충해줘요,1
마들어,1
채소값이,1
오이값은,1
저렴해졌어요,1
버섯에는,1
베타글루칸이라는,1
소화관에서,1
결합해,1
형태가,1
유익균의,1
장에서,1
흡수를,1
스파이크가,1
hCnb2,1
6MyU,1
w6DQnRKRLAQ,1
TomatoRecipe,1
부위와,1
분해에,1
폭탄에,1
스타일인데,1
이삭,1
사과식초의,1
효과로,1
고혈압과,1
저렴하더라고요,1
먹고있어요,1
볶음은,1
급상승에,1
등극했던,1
라이코펜은,1
항암제로도,1
뽑아먹고,1
해독작용으로,1
20대,1
시험,1
준비하면서,1
운동하면서,1
성공했었어요,1
고혈압에,1
피부톤이,1
달라지고,1
주의할,1
유리병은,1
고무,1
패킹까지,1
기구는,1
피기,1
성분인,1
퀘르세틴과,1
황화합물의,1
살렸어요,1
LkuPhV0015w,1
탄수화물보다는,1
안정에도,1
유지에도,1
알려주셨던,1
3RBtTqc,1
디스크가,1
탈출해서,1
앉지도,1
지냈거든요,1
좋아지고,1
찌더라고요,1
말이와도,1
비슷한데,1
훨신,1
인기동영상에,1
올랐던,1
모아놨어요,1
ChickenBreast,1
Eat,1
calorie,1
every,1
Recommended,1
lose,1
한통이면,1
2주도,1
유동골뱅이로부터,1
유료광고포함,1
국수요리,1
골뱅이레시피,1
동상이몽,1
사실을,1
순삭했어요,1
소화제,1
구미팜의,1
농특산물,1
일선정품,1
송향가버섯,1
도담손가,1
잇프릇,1
클로렐라부추,1
백야,1
전통된장,1
보리고추장,1
전통국간장,1
샘플증정,1
구미팜,1
라티브로부터,1
베리를,1
46J85zt,1
늦추기,1
루틴이,1
늦춰봐요,1
10을,1
추첨해서,1
생기,1
보내드릴게요,1
10명,1
10포,1
10월,1
11월,1
건강기능식품,1
의약품이,1
아니며,1
단순,1
원료에,1
설명입니다,1
로즈힙베리,1
보라빛,1
베리는,1
안토시아닌,1
노화의,1
주범,1
활성산소,1
늦추는데,1
로즈힙베리는,1
배출로,1
구하기는,1
어려웠는데,1
베리주스에,1
로즈힙베리도,1
답게,1
과채만,1
쌀종이와,1
쌀종이는,1
글루텐도,1
기름없이,1
초딩인,1
조르는,1
25년차,1
유지어터인,1
대파에는,1
녹이는,1
리코펜은,1
물질이에요,1
조리지,1
입막템으로도,1
인기동영상,1
볶음밥에,1
1I5za4i75VqdT9QNOIyXBlLDXwyj6pANnX1cQowJiiNk,1
edit,1
김뽀,1
황윤숙,1
dada,1
Mimmo,1
sera,1
sora,1
jieun,1
행운의돌,1
Abhishek,1
Pathak,1
이소미,1
laca,1
유빈,1
Dear,1
soso,1
꼬까,1
유돌,1
인급동에,1
오르고,1
조회수가,1
높았던,1
보충도,1
큐민,1
대사에도,1
감소시킨다는,1
연구결과도,1
어마하게,1
절이는데요,1
상추의,1
락투신,1
소량이지만,1
오게하고,1
두부면과,1
고기와도,1
활용도도,1
공유합니다,1
튀김에는,1
칠리소스가,1
칠리소스에는,1
첨가물과,1
설문조사,1
뽑혔어요,1
소근소근,1
건강해,1
지셨으면,1
쌀종이의,1
수란으로,1
요리했는데,1
구독자님들의,1
있거나,1
두계,1
아작,1
최고야,1
아작하게,1
담백해,1
다이어트베이킹,1
살안찌는스콘,1
설문조사에서,1
비스켓과,1
오이반찬,1
볶거나,1
하시는데요,1
YWz03CnKvSc,1
싸주셨던,1
덮밥이나,1
해보시고,1
과학적이고,1
그릇들,1
언박싱도,1
질문하셨던,1
주방용품과,1
그릇들도,1
영양찰떡도,1
설로인으로부터,1
설로인,1
받으러,1
3LCnYzT,1
설로인의,1
대문자,1
입력하면,1
마이페이지,1
등록,1
15만원,1
쿠폰팩,1
적용,1
반값,1
한우가,1
8천원대,1
할인율,1
40000원,1
10000원,1
발급일,1
7일까지,1
챙기려고,1
4일먹고,1
Vq5HIru,1
84c,1
절임으로,1
김밥도,1
그릭요거트와,1
스테이크나,1
다르지만,1
위염도,1
좋아졌어요,1
시과요리,1
반찬요리,1
jSma5DKGVgo,1
2스쿱,1
안들어가,1
PMdKettyQsY,1
굴러다니는,1
채소수프,1
마녀스프,1
LPxOcAJUgvM,1
GE,1
gLbqT4,1
배달음식에,1
지쳤을때,1
GrsP4lE6IMg,1
임실,1
달구네,1
직거래,1
wc9hh2,1
tv1s,1
임실달구네농장,1
6608,1
4788,1
믿을만한,1
원재료를,1
유통으로,1
신선합니다,1
46kcal로,1
설거지하는,1
것조차,1
포씩,1
상큼하며,1
영양만점에,1
알배추가,1
소주에도,1
팔방미인,1
한과,1
당면도,1
일종,1
VnWDIdJ2210,1
mqtcHm32dLM,1
0CdyiDHn1iI,1
로드가,1
단점도,1
사세요,1
인덕션은,1
자기장,1
의한,1
마찬가지로,1
직냉식,1
소음,1
4년,1
맥북,1
프로,1
2000W에,1
돌아가다,1
부분인,1
소음에,1
지적했는데,1
리뷰들을,1
인덕션들의,1
고질적인,1
문제인거,1
디자인의,1
고가의,1
모델도,1
지적되더라고요,1
돌아가다보니,1
부분인거,1
인덕션이,1
그렇듯,1
전용팬의,1
부분보다,1
전달됩니다,1
가운데에서,1
가장자리로,1
이동시켜서,1
앞에,1
놓아주긴합니다,1
2000W,1
인덕션에서는,1
공구가로,1
아이임은,1
분명합니다,1
드럼통,1
해산물로,1
높여주면서,1
김순두부,1
손이가는,1
할머니의,1
괜찮아,1
요알못도,1
한포기,1
요거트케이크,1
60초,1
Cz,1
ZSlqIUz8,1
ECwM0FTe,1
4세대,1
에어프라이어입니다,1
스팀에프,1
베이크,1
조리모드로,1
열선이,1
노출되어,1
나사까지도,1
ALL,1
304,1
환경호르몬이,1
검출되지,1
안전해요,1
23L,1
트레이로,1
요리해보니,1
건조하지,1
조리되었어요,1
요리정보,1
요리하니,1
냉동밥은,1
딱딱해지기,1
조리하니,1
조리되어,1
gVrRxqb8qlg,1
300만,1
Kjd8OZU18u4,1
i1MPmpdHD7E,1
오트밀베이킹,1
오트밀빵,1
오트밀과,1
올리기만,1
계란없이,1
48UmtSqUdeE,1
초초초간단한,1
QyclrLJ2aqE,1
1000원,1
rEFa,1
dakplo,1
K3EbUPY3,1
gSc,1
넘어가면서,1
일일히,1
답변,1
못드리는,1
읽어보고,1
달아드릴게요,1
칭찬했어요,1
17soKpUuF7M,1
GLV1Fvudd5,1
YcnHvtvOQdM,1
빠르니,1
eBZ4,1
KTUg7A,1
비비기만,1
RMAVuaO5EoA,1
두부달걀요리,1
열량,1
c7pMIgntQ,1
KB6yZJbvxBI,1
넣으시더라고요,1
오래두고,1
팁들,1
빨개서,1
DJTt3nwSiII,1
안해드세요,1
칼칼하게,1
tafh,1
wbWEY,1
aYvL2ZmfWmw,1
건크랜베리,1
2모도,1
두부카레,1
7osBTjnrGw,1
해동시키는,1
알려드렸는데,1
중독성있게,1
냉동닭가슴살,1
부추요리를,1
콩나물밥과,1
영양가는,1
높지만,1
식품이라서,1
25Kg,1
피토케미컬,1
파이토케미컬,1
부드럽지,1
먹는데에는,1
한계가,1
섭취가,1
주의점도,1
채소국,1
라구,1
생각즙,1
고민하면서,1
영양소의,1
퐁듀,1
살려고,1
마녀수프,1
gUVs3NiRDJs,1
껍질콩,1
카레만들기,1
커리는,1
커리와는,1
다른데요,1
향신료가,1
페이스트를,1
키친오브인디아,1
버터치킨커리,1
등에서,1
깜작,1
거대한,1
간단하여,1
eIUGgWrC6,1
gQ,1
DdRHLi2Y,1
me97,1
t6hVxhg,1
왠만하면,1
운동하거나,1
집중력이,1
초코우유,1
JTVSd,1
jWwic,1
nmj4IZSLsoI,1
카페에서는,1
bQe69C5quO8,1
검은콩가루,1
흑임자가루,1
아몬드밀크,1
2샷,1
토마토마리네이드,1
효율적으롤,1
알아가세요,1
fVTnNxSBjxY,1
볶음에는,1
PF6N8vwopX8,1
Poffr1W9ewE,1
다이어트비빔밥,1
20년,1
곤약밥이,1
잡곡밥,1
133만,1
LBpJvb,1
p5o,1
비빔밥을,1
캔참치로,1
안생기는,1
cHtf1XUIguo,1
gHDmBnXfeLI,1
공구마켓,1
팽이버섯달걀밥,1
팽이버섯에는,1
베타,1
글루칸이라는,1
축적을,1
해보시고요,1
0yyujGuCO2s,1
IobWfRmPq0,1
공동구매하는,1
될거에요,1
진행중인,1
곤약밥도,1
관심있게,1
카페메뉴,1
커피도구,1
의문스러운,1
베리에이션,1
나왔으면,1
메뉴에,1
도구도,1
그릭요거트가,1
파프리카의,1
떠나서,1
트리벨리파프리카,1
qa5sbn,1
과육이,1
아삭하여,1
크림양배추,1
크림파스타를,1
묵직하고,1
넛맥,1
닭가슴살샐러드,1
자색,1
가지토마토구이,1
엔초비,1
더건강한닭가슴살,1
신청하시고,1
받아가세요,1
CJxMOONY,1
7daysKIT,1
한입큐브,1
즐거운동행,1
VIPS,1
시저드레싱,1
감자토스트,1
치즈전을,1
바쁘지,1
감자삶는,1
팁도,1
발아현미밥,1
낫또,1
식빵대신,1
흘리지,1
치킨샐러드,1
파르메산치즈,1
볼수,1
베타글루칸과,1
키토산이,1
체지방,1
감소에,1
베리류,1
옻칠수저,1
베어들고,1
낮지만,1
KimchiJjigae,1
방법과는,1
시간적,1
여유가,1
토스트보다,1
달걀레시피,1
달걀의,1
오아시스에서,1
TofuStew,1
채수와,1
이용시,1
CabbageSalad,1
kOS,1
EGIExvU,1
활동을,1
최저가가,1
아닐,1
검색,1
uzyqe,1
커트러리,1
uzyJS,1
pni8wBJgHP0,1
ttREq94J,1
CA,1
요리했더니,1
식어도,1
건강해지고,1
들어갔지만,1
트윈프레셔는,1
모던한,1
디자인이라,1
어디에,1
압력을,1
초고압모드,1
곡물,1
잡곡,1
무압모드,1
덮밥과,1
고슬고슬하게,1
오픈쿠킹,1
채소밥,1
6인용,1
tkfkNa,1
해조류,1
양상추가,1
고소한데,1
VvnVTpT9,1
TF8,1
BIFkrSG1,1
kgc,1
두부쌈장,1
F8dG2iWZw3o,1
nvojrMwWzwg,1
QQ3njcTwk2Y,1
tdLzvjGFe0E,1
2BugCeqIQ6,1
Ipd93pLXT,1
XFEJgyvUQQ4,1
피자맛도,1
괜찮은데,1
복잡하다는,1
계실까봐,1
쉬는날,1
제한하시는,1
파베,1
다라서,1
쓴편이에요,1
7번째,1
딱딱해서,1
미네스트로네에서,1
채식으로,1
클렌징에도,1
수프입니다,1
1500원,1
2000원,1
저렴한데,1
결코,1
해물맛도,1
콩나물찜,1
까눌레가,1
제과점에서,1
당질제한,1
중이라서,1
죄책감,1
느끼면서,1
먹었지만,1
망치지,1
않기위해,1
결국에,1
버렸어요,1
않았는데도,1
시판의,1
그맛,1
까눌레,1
55mm,1
애로우루트,1
올렸으니,1
명절에는,1
부치려니,1
어깨,1
그러시지는,1
레시피니,1
삭슈카,1
아세요,1
에그인헬에,1
양배추말고,1
계정,1
10년,1
유저의,1
찐템,1
wsmF18jtEaI,1
kU2xeAY,1
마그네슘,1
VHAG6RC,1
BNX3rX,1
D3,1
nC5uNvD,1
GxEdL9u,1
타트체리,1
jAJQbgP,1
자일리톨,1
Ny2wJR2,1
rTrV7RR,1
YPDH4JP,1
CqQ6yt2,1
TMKZWry,1
oxSHQk9,1
CWphB3,1
TPje,1
목우촌,1
BT21,1
부리토,1
챙겼어요,1
oj6Lc4wN3hE,1
안찌게,1
우겨봅니다,1
고맙당,1
비법고추장,1
걱정이신,1
블랙프라이데이,1
고맙당고추장,1
진행됩니다,1
choicest,1
다리살,1
녹이고,1
면역,1
플렉스쿡으로,1
플렉스쿡은,1
136가지,1
탑재되어,1
멀티쿠커답게,1
저당밥솥,1
조리해줘서,1
편리했어요,1
3GPia11,1
프리미엄멀티쿠커,1
모로,1
기절하는,1
알았어요,1
시판된장,1
쌀쌀해지는,1
서늘해진,1
핵존맛,1
EVOO,1
76,1
설탕없는,1
방탄커피,1
모와,1
4nhMvLx,1
해주셨던,1
부쳐봤어요,1
권장하는,1
이유에,1
말씀드렸어요,1
22세,1
감량도,1
치즈폭탄,1
에그슬럿,1
추출물,1
6WCk9Ha,1
강하지,1
요리용으로,1
적당,1
레벤스바움,1
6ZZAywQ,1
써보니,1
올리브는,1
제품보다,1
YMvMjRg,1
5000원의,1
적립금이,1
DqK5BrnH,1
8년산,1
곤약은,1
소화력,1
약하신,1
응급실에,1
실려간,1
사례가,1
먹었네요,1
오아시스와,1
달았음,1
전란,1
정량은,1
개인의,1
취향과,1
정합니다,1
침샘,1
보통크기,1
곤드레,1
생참기름,1
썼어요,1
없어지네요,1
쉐프님의,1
변형했어요,1
장비,1
크림치즈보다,1
쫀쫀한,1
곤약우동,1
트러플을,1
제작하였습니다,1
지원,1
수수료,1
금전적인,1
이익은,1
JMT,1
하이라이트를,1
현미를,1
컷으로,1
야채볶음,1
소지하신,1
oasis,1
3202,1
4601,1
categoryId,1
코우슬로,1
씨겨자,1
종갓집,1
함초,1
154579,1
대명이네,1
원수삼,1
135985,1
Thanks,1
Je,1
Te,1
Veux,1
그대를,1
원해요,1
waltz,1
공유마당,1
CC,1
BY,1
간단집밥,1
조합을,1
착유하는,1
향토,1
방앗간의,1
비벼먹는,1
대현상회,1
착한나물,1
검색해주세요,1
초콜릿칩,1
할인을,1
할인코드는,1
APPEDA,1
있으나,1
카사바,1
파이버로,1
오트파이버,1
훼이,1
프로틴,1
적고추,1
멸치에,1
정착하세요,1
다이어트빵,1
8회분,1
1회당,1
차전자피가루,1
골드플렉시드밀,1
계란이라서,1
제작하는데,1
gbhi21j3,1
높음,1
7줄,1
현미가루,1
Tsp,1
헬로네이쳐,1
금요일에,1
세일함,1
아이허브를,1
이용한지,1
10년이,1
넘었어요,1
사용해본,1
아이템들,1
아이허브에서,1
지급된,1
섞여있습니다,1
의견에는,1
조금도,1
미치지,1
입력시,1
할인가능,1
코드와,1
60달러,1
VALUE60,1
80달러,1
VALUE80,1
20달러,1
필요없음,1
추천제품,1
섞여있어요,1
영상보시면,1
6UGUf3uP,1
가람마살라,1
wiKDiLsB,1
카엔페퍼,1
p1xZV7zy,1
카다멈,1
H7sVUuCT,1
lJCKb5vU2vQ,1
aRnAfg,1
Zbq4,1
오일의,1
중쇄,1
지방산은,1
간에서,1
케톤으로,1
합성되어,1
즉각적인,1
경우에,1
부작용도,1
통증,1
발작,1
설사,1
의사와,1
올레익산이,1
퓨어,1
오일이라,1
디종,1
살안찌는음식,1
여름채소로,1
6월은,1
빨갛고,1
싸요,1
일명,1
토달,1
얻는,1
수익,1
제작비,1
감안하면,1
도용하지,1
공유하게,1
영상들이,1
지나치는,1
영양제입니다,1
동양과,1
약재로,1
민들레로,1
염증감소,1
혈당감소,1
기사,1
324083,1
환경의,1
독입니다,1
국화과,1
식물에,1
섭취하시면,1
주의해주세요,1
의사는,1
칼럼을,1
참조해서,1
반영해서,1
라인이니,1
의느님,1
의사님,1
죽순으로,1
영양소는,1
손질하지,1
팁이나,1
13Kcal으로,1
칼로리에,1
식이,1
섬유까지,1
죽순의,1
수산,1
결석을,1
일으킬,1
조리하여,1
임산부와,1
질환이,1
foodthesis,1
shoots,1
benefits,1
effects,1
해초국수,1
의견은,1
논란의,1
대상입니다,1
유전자,1
조작,1
제초제,1
농약,1
화학비료,1
보존제가,1
문제이고,1
이소플라본,1
호르몬의,1
불균형을,1
초래할,1
지적하지만,1
광고협찬X,1
두레생협,1
산지직송,1
켜주세요,1
감이,1
에리스리톨을,1
달고나커피입니다,1
에리스리톨은,1
통상적으로,1
0이라고,1
인슐린을,1
자극하지,1
환자도,1
주치의,1
권해,1
익숙해지는,1
좋진,1
않으니까요,1
낙이,1
말자,1
318392,1
갈비탕은,1
생산해서,1
덧붙여,1
신장질환,1
당뇨인,1
섭취에도,1
자료도,1
이점도,1
주치의와,1
목초,1
적습니다,1
8989740,1
27807480,1
24834017,1
찌개입니다,1
보관법을,1
Tml7,1
gORfC38,1
요거트와,1
11st,1
MW,1
Product,1
productBasicInfo,1
tmall,1
prdNo,1
2546865587,1
trTypeCd,1
trCtgrNo,1
950075,1
실패하는,1
생강으로,1
4분이라는,1
영상시간에,1
것들을,1
이어폰,1
끼고,1
들으시면,1
생생하게,1
들으실,1
부침을,1
든든하답니다,1
채소육수,1
빼서,1
감미로,1
시중의,1
초코우유는,1
후회하지,1
않으실,1
하핫,1
들어있어요,1
이유로,1
jcA41b4cRaQ,1
IyHNPBfo6,1
nrxXw71o,1
망칠,1
포인트도,1
초콜릿처럼,1
민감하지,1
레시피에서는,1
5배까지,1
길들여지지는,1
맙시다,1
Round,1
Crust,1
Xanthan,1
Gum,1
소개해드립니다,1
중이시라면,1
패스팅,1
계란단식,1
HAmHijbuyvU,1
27초,1
더빙이,1
감상하고,1
싶어하시는,1
xQaxjDwu6f8,1
25초,1
1분20초,1
2분37초,1
감상하는,1
설명을,1
더빙,1
mMk2be55ecM,1
민트잎,1
parmigiano,1
reggiano,1
flake,1
플레이크,1
방탄커피가,1
지겨울,1
치즈폼이,1
녹차와,1
음료에요,1
lacanto,1
monkfruit,1
pinchs,1
Monkfruit,1
키토베이킹,1
키토빵,1
키토쿠키를,1
ROTxtrFFDyA,1
ICE,1
POP,1
Pop,1
matches,1
coconut,1
sorbet,1
dairy,1
소르베가,1
유제품이,1
520,1
Pistachios,1
건조,1
Ladyfingers,1
인스턴트커피,1
메이플향,1
Essence,1
Gelatin,1
달걀노른자,1
Lactose,1
removed,1
Tapioca,1
BAKE,1
Bottle,1
보틀에,1
담겨있어서,1
크림치즈와의,1
가감하시면,1
rare,1
NoSugar,1
GlutenFree,1
contained,1
recommended,1
prep,1
keto,1
Pepperonchino,1
Parsley,1
말린토마토,1
당질제한을,1
고지방식을,1
FMD식단에,1
기초한,1
중탄수,1
중지방식을,1
packs,1
Cacao,1
Coconutmilk,1
린트,1
Lindt,1
1Serve,1
추출법,1
Coffee,1
Rosting,1
Drip,1
Home,1
추출하는,1
20분만,1
투자한다면,1
오픈마켓에서,1
생두가,1
1Kg에,1
비싸요,1
가격이지만,1
로스팅은,1
향기로운,1
하기에서,1
추출하기까지,1
Learn,1
handdrip,1
spend,1
specialty,1
Bacon,1
달걀말이,1
샤워크림,1
Sour,1
Serving,1
Size,1
Serve,1
Calories,1
Total,1
밀기울,1
치아시드,1
코코넛버터,1
쿠앵트로,1
25방울,1
Cointreau,1
Stevia,1
Cacaonips,1
Subscription,1
creation,1
6가지를,1
무척이나,1
Six,1
kinds,1
risotto,1
Gratin,1
mapa,1
저탄수스콘,1
172,1
법에서,1
From,1
choosing,1
storing,1
help,1
양파장아찌보다,1
호랑이콩,1
쉐이크,1
햇마늘애,1
고름,1
뚫어,1
항암항염,1
기억력에,1
쪄보세요,1
깍두기보다,1
담궈주기만,1
쏙베여서,1
건고추잎,1
김장용,1
12쪽,1
간과,1
면역력에도,1
하지마세요,1
1가지만,1
대파뿌리,1
동지팥죽,1
몰랐을까요,1
팥죽물,1
이방법은,1
손해봅니다,1
석박지는,1
요구루트,1
166,1
있었네요,1
몰랐죠,1
고추장지,1
삶아서만,1
환호성을,1
지릅니다,1
가지약간,1
무더위에는,1
절였더니,1
태어나서,1
배추겉절이는,1
볶은땅콩가루,1
유자드레싱재료,1
드레싱은,1
레몬드레싱재료,1
요구르트유자드레싱재료,1
남아나지,1
묵은지가,1
소금물로만,1
담그지,1
맛10배,1
폭발해요,1
20L,1
참옻나무,1
메주공구,1
70,1
7944,1
6811로,1
전화하시거나,1
여기로,1
들어가시면,1
173,1
srsltid,1
AfmBOorK,1
JDyfOB,1
yjLrmUXElnJ17Dxymt8ZIJdpWkgW4FlvnabgJWKYbp4,1
term,1
shelf,1
APM2,1
gMAeISEE,1
upTM7y0GvptRyV,1
4EbX9pSMe7HDv,1
U9V,1
C6mInYlGIE2hX9WWVRG2GyMv,1
BelffEm3KiLYrmNGrd584a3wynaAoD9KAp,1
hXL2v56xYBJOEh03VzaWn8cRW0nryAcqOabTmrEsIZS23wl9zygJdILu12xpZSpBlbZRPeiKJR9DwO,1
장담그기,1
30일,1
12일,1
정월대보름,1
8일,1
9일,1
3월손,1
고기재움,1
미역무침,1
간장대신,1
쪄서만,1
라떼재료,1
고랭지,1
kg절임배추,1
BD,1
8A,1
9A,1
5B,1
AA,1
5D,1
151,1
불지않는,1
잡채요리,1
볶기용,1
재우기,1
무생채는,1
찜기에만,1
새우액젓,1
여름내내,1
물4L,1
얼갈이열무,1
항암항염에,1
구운김,1
햇마늘은,1
간장NO,1
햇마늘요리,1
겉절이로만,1
들어합니다,1
마른빵가루,1
밀가루NO,1
물NO,1
김치로만,1
생강소스,1
꿀생강청,1
알았지,1
돌아온다는,1
오젓,1
육젓,1
추젓도,1
따라만,1
담그려면,1
레시피공개,1
김장용육수,1
반시,1
아프게,1
쉽고간단,1
탱글,1
만둘기,1
도토리,1
고기맛,1
소고기미역국보다,1
볶지마세요,1
미역을,1
육수용,1
식당,1
고들빼기김치는,1
담아요,1
식은밥,1
묻히지,1
고민해결,1
스텐팬,1
imi,1
member21,1
7060861317,1
60퍼,1
31,1
318,1
1330,1
2395,1
5749,1
IMI,1
collection,1
소진시,1
풋마늘,1
골뱅이비빔국수,1
1잎,1
그대로의,1
습식맵쌀가루,1
된장맛,1
상승,1
벌어졌어요,1
메주가루,1
즉석배추김치,1
태어나,1
배추요리는,1
단무지보다,1
찰지게,1
오곡밥,1
찰기장,1
차조,1
흰콩,1
찰수수,1
멥쌀,1
밥물,1
일반전기밥솥,1
살리기,1
보리막장,1
묵은된장,1
보리쌀,1
식힌것,1
성공했어요,1
크림스프,1
고구마스프,1
어린채소,1
누릉지,1
thefood2006,1
55d8763c0d22472c901c5ec37f9a565c,1
1877,1
607,1
베이게,1
꿀비법,1
콩기름,1
주방기구,1
sallema,1
bd3b3b5dd63f4e3682447e04a6da075f,1
14포기,1
만능김치양념,1
1KG,1
만듦,1
게장,1
테어나서,1
고구마요리는,1
한통순삭,1
작은멸치,1
방문하기,1
epimint,1
5천원할인쿠폰,1
COOKING2021,1
로그인,1
MY,1
PAGE,1
COUPON,1
쿠폰번호,1
등록하기,1
민트초코칩,1
민트초코쿠키,1
오레오스타일의,1
민트더블초코,1
민트향을,1
민트초코팝핑,1
베스킨라빈스,1
슈팅스타에,1
첨가되는,1
캔디를,1
민트아이스크림에,1
삽입,1
민트레인보우멜츠,1
구슬모양의,1
과일셔벳을,1
첨가,1
맛입니다옥수수가,1
삶은옥수수,1
깻잎전이,1
깻잎김치만,1
2묶음,1
2가지요리,1
꿀맛입니다,1
국반찬,1
날려버려요,1
마늘5쪽,1
고기식감이,1
스테이크보다,1
무쌈장아찌,1
다시마나,1
멸치육수3,1
섞은것,1
만둘기입니다,1
멸치내장,1
빼도시원하고,1
육슈재료,1
공지사항입니다,1
검색창에서,1
글자가,1
채널이,1
그곳을,1
동영상이라는,1
100여개의,1
햄찌육아,1
UCs5dOwIyvX1aN4EirIWrjeg,1
위장병,1
장염,1
보호막을,1
경련을,1
감자즙을,1
장염을,1
개선해주는,1
다이어트도움,1
불면증,1
동맥경화,1
성인병,1
칼륨을,1
알칼리성,1
식품이라,1
몸속,1
배출시켜,1
고혈압을,1
예방하는,1
네이버tv,1
mannafood,1
house77,1
상승합니다,1
항암효과가,1
변비해소에,1
저하증에,1
좋음,1
B1,1
니아신,1
아연,1
지질,1
이뇨작용,1
고혈압예방,1
피로회복,1
간염예방을,1
오이꼭지에는,1
간염예방에,1
쿠커비타신이라는,1
돗나물,1
우유보다,1
2배나,1
칼슘을,1
여성의,1
우울증,1
여성호르몬인,1
에스트로겐이,1
폐경이후,1
여성들이,1
감소로,1
겪는,1
갱년기우울증에,1
식욕증진,1
해주어,1
간경화증,1
음주후,1
숙취해소와,1
소염,1
담즙,1
분비에,1
돌나물의,1
골다공증예방,1
빈혈예방,1
갱년기증상완화,1
피로해소,1
간건강,1
파래의,1
파래는,1
활발하게,1
3뭉치,1
핵심만,1
콕콕,1
요리방법,1
오이속을,1
도려내거나,1
튀기거나,1
물에헹구지마세요,1
무르지않는방법,1
절이는방법,1
절임장으로,1
짜지않고,1
너무맛있는데,1
오이지로,1
전통오이지보다,1
배합초,1
장기간보관시,1
흔하지않은,1
부추요리지만,1
알사람은,1
5분완성,1
내장제거후,1
마늘쫑장아찌만,1
1년내내,1
밑반찬걱정,1
덜수있는,1
마늘쫑1다발,1
간장조림양념,1
어묵가지볶음,1
꼭지제거후,1
사각어묵2장,1
작은양파0,1
벽돌처럼,1
딱딱해져서,1
난감할때가,1
딱딱해지지않는,1
볶는순서,1
멸치초벌볶을때,1
비정제설탕0,1
오이무침을,1
방법하나,1
무쳤을뿐인데,1
난리입니다,1
일주일밑반찬6가지,1
놓기만하면,1
일주일내내,1
정말있게,1
밥반찬6가지,1
고추장어묵볶음,1
양파작은것반개,1
메추리알소고기장조림,1
소고기양지1근,1
메추리알1봉지,1
장조림육수,1
풋마늘대김치,1
1년중,1
별미김치로,1
알싸한맛이,1
밑반찬보다,1
절이지않고,1
있는그대로,1
물에불리기전,1
멸치액젓0,1
사용된액젓은,1
일반액젓은,1
양을조설하세요,1
미니새송이버섯볶음,1
수분많은,1
생깁니다,1
고급한정식,1
버섯볶음,1
자연스런,1
버섯밑반찬,1
미니새송이버섯,1
버섯절일때,1
냉이부침개,1
먹을수있는,1
냉이와부추를,1
노포맛집에서,1
부치는방법으로,1
100배고소하고,1
튀김가루0,1
밑반찬없을때,1
그만입니다,1
간단한한끼,1
쉬운밥요리,1
부추주먹밥,1
카레주먹밥,1
밑반찬만들기,1
무2,1
3토막,1
무볶을때,1
추가간,1
커피수저로,1
티스푼은,1
밀가루없는전이라,1
여러가지재료도,1
2가지재료로,1
제일쉽고,1
느타리버섯2팩,1
다듬어서,1
콘텐츠는,1
양장금주부에서,1
제작되었으며,1
손질된새우40마리,1
새우비린맛제거,1
인정받는,1
버섯반찬3가지,1
미나리느타리버섯볶음,1
꽈리고추표고버섯볶음,1
표고버섯7통,1
맛도좋은,1
시래기로,1
겨울내내,1
밥도둑으로,1
시래기된장국,1
시래기비지찌개,1
어묵과감자만,1
해결됩니다,1
어묵감자조림,1
끓이는방법,1
콩가루김치국,1
순두부김치국,1
당면약간,1
제일인기있고,1
계란반찬3가지,1
뽑아봤어요,1
꽈리고추계란조림,1
제일맛있는,1
황태요리3가지,1
황태매운탕,1
스팸쌈장,1
스팸1캔,1
스팸김치볶음밥,1
이쯤이면,1
마쳤을거예요,1
김장김치하고,1
요리양념으로,1
사용했다면,1
맞습니다,1
애호박0,1
김치찌게는,1
볶지않는것이,1
꿀팁이고,1
김치찌게,1
레시피였습니다,1
오늘저녁에,1
코인육수3알,1
깨끗한데,1
만능육수,1
물양,1
숟가락만,1
오래끓이지,1
대파4뿌리,1
가을무김치는,1
넣지않고,1
무와찰떡궁합인,1
시원한맛으로,1
잘맞추면,1
양파큰것,1
찹쌀가루수북히,1
새우젓듬뿍,1
생강듬뿍,1
꿀0,1
아주쉽고,1
끓일수있는,1
순두부1,1
점선,1
많은쪽으로,1
모두넣어도,1
부추5줄,1
코인육수2알,1
국간은,1
한끼해결할수있는,1
멸치육수내지말고,1
국수3인분,1
국수삶을때,1
식초쬐끔,1
가을이제철인,1
쌉싸름한맛으로,1
인삼과도같은,1
황금비율양념과,1
쓴맛을,1
요소요소,1
쓴물뺄때,1
믹서기에갈아줄재료,1
코앞입니다,1
깜짝놀랄맛으로,1
양념제거,1
머리떼고,1
물기살짝짜준후,1
610,1
묵은지밑간,1
묵은지볶을때양념,1
찹쌀가루0,1
마무리양념,1
손두부1모,1
데친표고버섯,1
반죽과양념,1
고사리나물의,1
관건은,1
비리지않고,1
쓴맛없이,1
제사상이나,1
명절상에,1
삼색나물중,1
고사리밑간,1
고사리의,1
뻣뻣함,1
고사리볶을때,1
명절엔,1
명절음식뿐만,1
상에올릴,1
여간,1
신경쓰이는,1
매일먹어도,1
질리지않은,1
밥도둑4가지만,1
그어느때보다,1
풍요로운,1
명절상차림으로,1
빛낼수,1
있을거예요,1
국멸치꽈리고추조림,1
같은재료로,1
이번추설명절,1
평생꿀팁으로,1
이레시피로,1
정착하게,1
될것입니다,1
갓제거후데쳐서,1
잡채용소고기,1
오이밑간,1
도라지쓴물뺄때,1
추가쓴물뺄때,1
따끈한물넉넉히,1
재료볶을때,1
더워도,1
땀뻘뻘흘려가며,1
두부짜글이에,1
얇은것으로,1
계란은2알,1
3알도,1
신규회원쿠폰할인,1
실제구매가격,1
NEW,1
화이트색상은,1
개한정,1
여기에하나더,1
공동구매이벤트까지,1
올데이,1
텀블러증정,1
16리터,1
소비자가45,1
000상당,1
도깨비방망이와,1
너무좋은,1
컵증정,1
본영상에,1
구매인증만하면,1
추첨을통한,1
경품증정,1
미니히팅블렌더,1
도깨비방망이,1
CHB2400,1
퀵앤고,1
풀구성,1
달걀찜기,1
너무좋은가격과,1
준비되어있습니다,1
이번기회,1
지친여름엔,1
신의한수,1
부추와함께,1
최고의한끼,1
더운여름엔,1
맛있는요리가,1
되는부추와함께,1
이겨내세요,1
항정살1근,1
불사용없이,1
김밥용김4장,1
단무지1토막,1
크레미맛살3덩이,1
물컹이는,1
식감때문에,1
볶은소금,1
낮기때문에,1
처음은,1
냉장고속에만,1
철사처럼,1
뻣뻣해지는,1
진미채볶음에,1
넣지않고도,1
볶는방법,1
진미채전처리,1
하지않아도,1
효자밑반찬3가지,1
만들어놓으세요,1
손질된왕멸치,1
뜨거운여름,1
황기와마늘만,1
닭백숙의,1
하일라이트,1
끓여드시면,1
올여름은,1
삼계닭,1
밥공기로,1
황기한줌,1
누룽지3판,1
대파썰은것,1
낙지와전복은,1
구수하게,1
국멸치의,1
꿀조합입니다,1
밥한공기가,1
부족할정도로,1
국멸치깻잎김치,1
장마철엔,1
필수밑반찬이니,1
깻잎350장,1
색감예쁘고,1
살캉살캉하게,1
볶을수,1
애호박절임,1
부추요리로,1
새송이버섯2통,1
갓제거후,1
조미김1봉지,1
갈아준통깨,1
부재료로만,1
사용되던,1
봄나물에,1
비벼먹고,1
쌈싸먹고,1
맨밥에,1
쓱쓱비벼먹는,1
소고기고추장볶음은,1
이과정을,1
완성할수,1
기름기없는소고기다짐육,1
양파볶을때,1
소고기볶을때,1
소고기밑간,1
조림등,1
해먹을게,1
한두가지가,1
참치감자조림으로,1
못먹으면,1
기다려야하는,1
알싸한풋마늘대를,1
데치지말고,1
11줄,1
양념볶은후,1
두부조림양념에,1
넣었던,1
노릇노릇하게부친,1
두부와함께,1
홍고구,1
봄을알리는,1
김치양념으로,1
봄동2다발,1
대파흰부분2뿌리,1
일반시판용액젓일경우,1
따라만하면,1
눌러붙지도않아서,1
설겆이까지,1
뜻밖의,1
콩나물국재료와양념,1
새우젓건더기0,1
고명으로쪽파나대파약간,1
끓일수,1
국하면,1
계란국이라,1
하얀계란국보다는,1
맑은짬뽕느낌이,1
계란국이,1
순두부0,1
라면스프0,1
라면스프로,1
라면스프는,1
취향입니다,1
밀가루중독에서,1
벗어날수있는,1
신박한재료로,1
챙길수있습니다,1
전이나부침개는,1
새우분말,1
두부두루치기,1
정정합니다,1
ml라고,1
표기되었습니다,1
스팸1,1
계란노른자만1알,1
굴씻기,1
계량으로,1
반복하여,1
씻습니다,1
굴강된장,1
Rb2dNodzQEo,1
절임배추4박스,1
쪽파1,1
대파1단,1
생강얇은편으로,1
5조각,1
80키로절임배추김장,1
G5XkfsywBTU,1
배추7,1
커다란무3,1
갈아주기,1
김장육수재료,1
절임배추20키로에,1
순아액젓은,1
액젓이므로,1
일반액젓,1
최종간을,1
맞출때,1
맞추면,1
최종간은,1
석박지,1
10월25일,1
10월31일,1
순아액젓구매,1
바로가기https,1
구매가격,1
액젓별,1
대용량1,1
정상가50,1
공구가42,1
정상가47,1
공구가39,1
정상가37,1
공구가29,1
정상가35,1
공구가27,1
구성5,1
정상가57,1
공구가45,1
구성셋트구매후,1
단품은,1
추가옵션으로,1
정상사25,1
공구가21,1
멸치치액젓,1
정상가15,1
공구가11,1
정상가22,1
공구가18,1
정상가20,1
공구가16,1
6만원이상,1
6만원이하,1
사각어묵4장,1
186,1
알타리김치,1
알타리2단,1
알타리절임,1
희석하고,1
윗소금으로,1
12월이,1
제철이나,1
10월이면,1
햇밤이,1
쏟아져,1
잘보관해서,1
밤농장사장님께서,1
알려주신대로,1
이것2가지만,1
밤은숨을,1
쉬기때문에,1
밀폐하면,1
썩는다,1
밤은,1
높은온도와,1
상한다,1
햇밤을,1
먹는방법은,1
2주이상,1
밤의,1
변해서,1
소금물이나,1
데치기보다는,1
시판용밤과,1
산에서직접주워오거나,1
재래시장에,1
구입한밤이냐에,1
훈증처리를,1
하느냐,1
생략하느냐로,1
구분하면,1
도토리묵1모,1
들기름넉넉히,1
당근볶을때,1
전부칠때,1
고기소에넣을때,1
흰자만사용,1
2알은,1
계란옷만들때사용하고,1
노른자3알과,1
고기소양념,1
볶은양파와당근,1
티스푼반,1
쪽파썰어서,1
BK세라믹천연코팅팬은,1
위와같은,1
PFAS인증을,1
팬이기때문에,1
소개드립니다,1
BK세라믹팬사용방법,1
20초가량,1
각가정의,1
열원마다,1
화력이,1
강불요리는,1
하지않는게,1
BK세라믹팬은,1
중불이하에서,1
조리권장,1
세라믹코팅팬을,1
사용해야하나요,1
모레에서,1
추출한,1
코팅소재로,1
사용했기때문에,1
유해물질이,1
발생하지않으며,1
사용할수,1
코팅소재입니다,1
세척방법은,1
되나요,1
부드러운수세미나,1
미지근한물로,1
지저분할때는,1
사용하되,1
베이킹소다는,1
코팅력을,1
유지하기위해서,1
조리후,1
세척하시고,1
붙은경우,1
스펀지나,1
수세미로,1
닦아주면,1
긁혔는데,1
불량인가요,1
공정상,1
미세한,1
긁힘,1
움푹패임,1
미세한구멍은,1
현상입니다,1
안전성이나,1
미치지않으니,1
몇도에서,1
녹나요,1
불소수지,1
230도에서,1
녹기시작해서,1
독성화학물질,1
방출,1
세라믹코팅은,1
460도에서,1
갈아준양파0,1
일본,1
쯔유가,1
있다는것,1
알고계세요,1
40년전통,1
한라참치액의,1
한라식품에서,1
생산하고,1
주부천하,1
일본산,1
쯔유보다,1
훈연참치,1
절반정도만,1
뒷맛의,1
느끼함이,1
없기때문에,1
한식요리에,1
잘어울립니다,1
냉메밀국수,1
마약계란,1
반숙계란장,1
각종튀김소스,1
국수장국,1
전요리등등,1
2023년8월22일,1
2023년8월28일,1
단7일간,1
공동구매구성및구매바로가기,1
960,1
9084379353,1
한라붉은대게간장소스,1
9084399717,1
여름음료,1
할머니표미숫가루,1
커피미숫가루라떼,1
진한원두커피0,1
2잔에,1
각0,1
ml씩,1
미숫가루우유빙수,1
아이들을위한,1
스팸0,1
흰쌀밥1공기반,1
붉은대게간장소스,1
진간장대체가능,1
얹어먹는,1
고명채소는,1
선택합니다,1
사과0,1
믹서기에갈아준재료를,1
미지근하게,1
마늘5알,1
손질한국멸치,1
큰두부1모,1
진간장큰술,1
갈은통깨0,1
돼지고기앞다리살1근,1
갈비양념,1
오렌진,1
과육만발라낸후,1
청양건고추,1
실과바늘,1
그늘지고,1
통풍잘되는곳에서,1
2일말린후,1
2일절임합니다,1
무절임물,1
대파작은것1뿌리,1
흰쌀밥1공기,1
토마토케챱0,1
대파파란부분으로,1
황태채계란물입힐때,1
새우젓국물0,1
새우젓0,1
통마늘9알,1
자일로스설탕납짝하게,1
사각어묵1장반,1
댓글이벤트진행중입니다,1
30명,1
2월15일,1
2일간,1
달아주시면,1
2월08일,1
구매바로가기,1
셋트구성,1
멸치1,1
구성품,1
6만원이하는,1
추가됩니다,1
봄동김치,1
full영상,1
iIUKFJ9CgEc,1
무말랭이불림,1
갈아준배,1
진미채비린맛제거,1
수수0,1
조0,1
검정콩0,1
울타리밤콩0,1
팥0,1
잡곡의,1
2시간불리는잡곡,1
6시간불리는잡곡,1
수수,1
검정콩,1
울타리밤콩,1
팥삶기,1
첫물은,1
버립니다,1
꼬막단물안빠지게하는과정,1
꼬막삶을때,1
납짝하게1,1
볶음장을,1
오징어2마리,1
껍질제거후,1
계피가루0,1
섬초,1
마늘납짝하게,1
시금치데칠때,1
동치미무,1
대파흰부분4뿌리,1
껍질과속을,1
도려낸기전,1
통마늘12알,1
동치미국물,1
무1차절임,1
천일염수북히,1
대파2단,1
생강한톨,1
장물,1
소주0,1
대파초록부분1,1
높기때문에,1
봐가며,1
다시다0,1
양장금주양부,1
묵은김5,1
식용유와들기름,1
5비율,1
우엉볶음,1
우엉2,1
감자전분약간,1
도라지오이초무침,1
진미채재울때,1
두부오므라이스,1
요리혁명,1
3N8VV8,1
이벤트진행,1
이벤트상품,1
김치양념3종set,1
피클소스,1
이벤트기간,1
2022년6월25일,1
2022년6월28일까지,1
동영상시청후,1
댓글을,1
100분을,1
추첨하여,1
경품나눔을,1
이벤트댓글참여,1
추첨은,1
29일에,1
양장금주부채널,1
확인하실수,1
백오이4,1
새미네부엌오이소박이양념팩,1
열무반단,1
새미네부엌열무김치양념팩,1
천일염과설탕으로,1
청양고추등을,1
시판용냉면육수,1
콩나물삶은물,1
채에거른김치국물,1
염도와,1
신맛에,1
설탕과소금으로,1
콩나물삶기,1
넣은후,1
황태무칠때,1
황태볶을때,1
최종양념,1
황태불린물0,1
속긁어낸후,1
작은청양홍고추,1
설탕납짝하게,1
마늘쫑데침,1
무침용만능된장소스는,1
어떠한,1
나물종류무침에도,1
잘어울리며,1
시래기무침이나,1
끓일때도,1
낼수,1
볶은멸치가루0,1
표고버섯가루0,1
나물무침양념,1
만능된장소스,1
나물양에,1
맛을봐가며,1
흰부분으로,1
얼린두부1모,1
개110,1
구운김2장,1
신김치1,1
볶은들깨가루,1
조미김가루약간,1
고추가루약간,1
작은통마늘8알,1
채쳐서,1
당근채쳐서,1
훈제닭가슴살,1
당근절임,1
후추4번톡톡,1
오리엔탈소스,1
무반토막,1
건표고버섯우린물,1
60키로김장육수,1
fHie9UlEuMU,1
285,1
대파흰부분5뿌리,1
얇게썰은,1
우둔살반근,1
팽이버섯1,1
알배기배추7장,1
채수재료,1
대파흰부분으로2뿌리,1
홍청양고추,1
고추세척,1
감자이니만큼,1
많은양을,1
않는것이,1
감자싹눈,1
파란감자는,1
사용해서는,1
중간크기감자,1
빨강파프리카0,1
노랑파프리카0,1
겨자소스양념,1
겨자듬뿍,1
통깨갈아서,1
단호박0,1
미니양파,1
다림물,1
손바닥크기로1장,1
마른미역이라,1
응급상황이,1
있었다는,1
보도가,1
있었다네요,1
생수0,1
튀김가루수북히,1
멸치볶을때,1
뜨거운멸치다시마육수,1
dahmspan,1
흰쌀밥3공기,1
김밥용김5,1
사각어묵7장,1
치자단무지5,1
볶음밥양념,1
매운어묵양념,1
대파흰부분으로1,1
된장0,1
짠맛에,1
손질한민들레,1
2배식초아닙니다,1
민들레담궈두기,1
닭1마리,1
감안해서,1
설탕양은,1
대파3뿌리,1
대파채로,1
골뱅이중간캔으로1캔,1
500원짜리동전크기만큼,1
통깨넉넉히,1
국내산콩,1
무첨가콩물,1
우리밥상에,1
자리하고,1
친근한,1
콩제품은,1
두부입니다,1
보약한사발,1
먹는듯한,1
콩물인,1
믿을수있는,1
지역농산물로,1
일일생산스템에,1
걸맞게,1
여러분에게,1
다가가갈수있는,1
경상두부제품을,1
콩죽과,1
더블어,1
콩물이,1
진해서,1
여름엔,1
콩물이면,1
콩국수도,1
번거로움없이,1
네이버스토어,1
coldpress,1
629354863,1
NaPm,1
ct,1
3Dklhqysbs,1
7Cci,1
3D427b9f5d0584ca87dc3f6f80cf464d2c7b36d6e0,1
7Ctr,1
3Dsls,1
7Csn,1
3D321037,1
7Chk,1
3Dcd83c76fa274598319abc44bca1b4a14f38aef0d,1
부침용두부2모,1
영상설명중,1
멸치와양념을,1
함께볶지않는다라는,1
대목에서,1
양념앞에,1
단맛을내는,1
표현이,1
켠상태에서,1
볶지않는다라고,1
이해하시면,1
되겠습,1
니다,1
꿀로,1
마요네즈듬뿍,1
묵은지모두,1
양념중,1
들기름대신,1
매실액대신,1
우려내기,1
파래2뭉치,1
참기름대체가능,1
맛소금2꼬집,1
스팸1통,1
계란7알,1
seven,1
soned,1
Measurement,1
Standard,1
물미역2묶음,1
쳥양고추,1
미역세척,1
통삼겹살1근,1
마늘10알,1
핏물빼기,1
생수2리터,1
맛술반컵,1
대파파란부분으로1,1
무청김치1단,1
최종간,1
ml중,1
무에집중적으로,1
뿌릴때,1
ml사용,1
ml희석해서,1
뿌려줄때사용,1
60키로,1
QcNMsY,1
UQaw,1
구운황태머리,1
다시마3장,1
통마늘13알,1
육수국물,1
생수6리터,1
처음강불로,1
낮춰10분간,1
10분후,1
대파파란잎,1
건져내고,1
낮춰20분간,1
20분후,1
맑은육수를,1
내린다,1
칵테일새우8마리,1
들기름약간,1
맛을보아,1
액젓종류로,1
콩나물1봉,1
홍고추작은것,1
멸채액젓,1
새우가루,1
채소절임,1
다시다반큰술,1
브로콜리1통,1
브로콜리데침,1
천일염반큰술,1
브로콜리세척,1
진매채비린맛제거,1
진간장반큰술,1
멸치액젓반큰술,1
꽃소금깍아서,1
얼큰하면서,1
농도있는,1
수저씩,1
비벼먹기,1
고기쌈장크게,1
묵은김활용법으로,1
순삭보장하는,1
김조림,1
김밥용김16장,1
돌김4장,1
간장비빔국수의,1
간장양념과,1
씹는맛이,1
고명과함께,1
조미김가루듬뿍,1
끓일국이,1
밥대용으로,1
해장국으로,1
순두부김국,1
구운돌김3장,1
멸치다시팩,1
들기름반큰술,1
크고,1
납작하게만,1
깍뚝썰기로,1
듬뿍들게하여,1
먹기편하고,1
아이들반찬으로도,1
생각의,1
전환,1
양파두부조림,1
두부밑간,1
생쌀을,1
사용하지않아,1
바쁠때,1
아이모두에게,1
우유카레리조또,1
카레가루크게,1
칵테일새우14마리,1
흰밥1공기,1
통마늘4알,1
볶기만하던,1
딱딱하지않고,1
비린맛까지,1
말끔히,1
제거하면서,1
국민밑반찬,1
생강청반큰술,1
진미채재울때사용,1
무1,1
볶지않고,1
무침요리로하는,1
건강하면서,1
감탄할정도로,1
청양고추작은것,1
종이컵200,1
버섯3종류,1
팽이벗섯,1
공통으로,1
버섯데침,1
새송이버섯재료,1
쪽파끝잎약간,1
홍고추각반개,1
공통계란물,1
위생봉투,1
팽이버섯전재료,1
칵테일새우,1
공통사용계란물,1
느타리버섯전에,1
사용후,1
전부를,1
국간장이아닌,1
입맛올려주는,1
고추장시금치무침,1
시금치1단,1
고추가루반큰술,1
콩나물국하면,1
텁텁하지않고,1
개운한맛이,1
좋와야,1
속풀이에도,1
목을,1
뚫어주는,1
고추씨로,1
2가지맛,1
칼칼함을,1
업시킨,1
2파란부분,1
국멸치한줌,1
국간,1
햇생강으로,1
올바른,1
설탕계량을,1
찌꺼기를,1
활용할수,1
환절기에는,1
감기가,1
손님처럼,1
명풍생강청을,1
대추생강청,1
씨뺀대추,1
씹는식감이,1
재미있어,1
집어먹게되는,1
얇은대파반대,1
짠기를,1
젖은,1
베보자기에,1
있는힘껏,1
짜놓은,1
훌훌,1
털어줍니다,1
이때즈음이면,1
떨어질때,1
묵은김치의,1
봄철입맛돋우는,1
대파반대,1
음식하다,1
마지막부분에,1
필수아이템인,1
두보1모로,1
밑반찬으로도,1
조림입니다,1
대파파란부분반대,1
닦아줍니다,1
큐브모양으로,1
달구지않은,1
굽는소리가나면,1
흔들어주어,1
고루익도록,1
들쳐보아,1
안구워진,1
구워주어야,1
잘입혀지고,1
잘스며듭니다,1
다구워졌으면,1
불을끄자마자,1
묻도록,1
팬바닥에,1
aOasd3rGFTb,1
과일계의,1
여왕,1
과즙,1
협력사에서,1
농가와,1
계약을,1
맺고,1
망고스틴을,1
직수입했어요,1
수량으로만,1
망설이면,1
품절될지도,1
망고스틴이,1
접하는,1
망고스틴과,1
zKCBycvGFTb,1
아쉬워요,1
폭주,1
베스트셀러가,1
6차,1
반죽형이라,1
볶음밥까지,1
쟁여템이에요,1
별해든,1
분쇄육이,1
원육을,1
TCiqXwgZFTb,1
채식월남쌈을,1
땅콩소스의,1
더해줘요,1
비주얼로,1
5cm길이로,1
완판되는,1
덕후들,1
완제품과,1
생지도,1
앵콜에서는,1
놓쳤던,1
6종,1
5종을,1
완판된,1
베이커리로,1
품절되는,1
소금빵으로,1
유명해요,1
손맛,1
텐동부터,1
식초까지,1
차려보세요,1
16대,1
조리명장,1
안유성의,1
대통령도,1
대접한,1
텐동의,1
꽈리고추에,1
곤이,1
명태,1
밴댕이,1
별첨,1
원당으로,1
만능간장으로,1
hpFMvlx2FTb,1
fJQ7Nww2FTb,1
비트0,1
마늘10쪽,1
비트를,1
헹궈주세,1
등분해,1
비트는,1
깍둑썰어주세요,1
옮겨담고,1
비건마요네즈를,1
bsAJhFpzXPb,1
무침인데요,1
실파는,1
2센치,1
qQTC8ER8ATb,1
머금자마자,1
요청,1
쇄도로,1
오리지널과,1
타입으로,1
도이퉁,1
왕실도,1
8년,1
수확해,1
Bzir5FM8ATb,1
양념밥이,1
여행자라면,1
반했던,1
홍합과,1
홍합밥을,1
중독성이,1
장난아니에요,1
홍합에,1
스팀공법으로,1
급속냉동,1
찜기만,1
홍합밥,1
출시,1
여행객들이,1
돌마를,1
a6GrSdMyzTb,1
20x20,1
2L를,1
우러나온,1
보관하여,1
냉장은,1
내로,1
냉동은,1
월계수,1
EIQeuskOdTb,1
관저에서,1
프랑스에서도,1
한정된,1
생산지에서만,1
신선,1
입고분으로,1
오픈됩니다,1
완판될,1
구성과,1
품질과,1
인정받은,1
버터예요,1
녹도,1
슬지,1
칼날이,1
날카로운데도,1
무게감,1
쓰기,1
핸들까지,1
다르다는,1
실감하게,1
핑크빛,1
컬러까지,1
켠을,1
바꿔주는,1
되어준답니다,1
구비해보세요,1
나우S,1
5종,1
구매해주신,1
고객,1
칠링백를,1
증정해,1
나우,1
나이프를,1
특수,1
냉각,1
공정,1
즈윌링만의,1
FRIODUR,1
날카로움이,1
유지돼요,1
하이카본,1
프라카,1
북유럽,1
패턴이,1
디자인으로,1
분위기까지,1
바꿔줘요,1
소스칸이,1
나눠져,1
챙기지,1
반찬류,1
담기에,1
제격이에요,1
포슬린,1
소성으로,1
구워내,1
2p,1
제니아,1
uZVvXoWshSb,1
비슷하다고,1
느끼셨다면,1
854mg,1
숫자에,1
주목해,1
초신선,1
코라티나,1
단일,1
품종만을,1
올레오칸탈까지,1
올리브레몬샷도,1
올리브레몬샷,1
링크도,1
오일랄라,1
해결되는,1
냄비랍니다,1
철수세미로,1
박박,1
닦아도,1
끄떡없는,1
내구성은,1
전체가,1
통3중이라,1
실버스타,1
설계,1
전해연마,1
공법으로,1
연마제가,1
내식성,1
변형,1
바닥뿐,1
옆면까지,1
전달되어,1
단축,1
뚜껑도,1
접시로도,1
알림신청,1
하다나샤프너,1
롤링샤프너,1
월넛디자인,1
칼갈이,1
다이아몬드샤프너,1
칼갈이추천,1
하다나샤프너공구,1
칼갈이공구,1
우리의식탁공동구매,1
SgDTgfoyeSb,1
익혀만,1
드셨다고요,1
생당근을,1
오일드레싱에,1
버무렸어요,1
돋아줄,1
P06,1
gn1Qe4Rb,1
번쯤,1
기억해두셔야,1
녀석들,1
김민경도,1
밀밭,1
칼국수가,1
웨이팅이,1
500명,1
뽑아낸,1
생면과,1
3시간마다,1
해감한,1
바지락으로,1
실비,1
겉절이까지,1
발송이라,1
챙겼답니다,1
분이시라면,1
UT39WIvvNRb,1
자기관리의,1
최화정님의,1
색소나,1
인공첨가물은,1
압구정,1
현대,1
식품관에서,1
절찬리,1
Korea,1
할인율로,1
유니드마이요거트를,1
농림축산식품부,1
유기가공식품,1
1649년,1
핀란드에서,1
정밀,1
그라인딩,1
가공,1
피로도를,1
낮춘,1
사용에도,1
엄격한,1
피스카스,1
Since,1
1649,1
370년,1
마을에서,1
현재까지,1
북유럽산,1
스테인리스강을,1
초정밀,1
그라인딩하여,1
날카로운,1
절삭,1
메커니즘,1
잘리는,1
밀착돼,1
일관된,1
피로도,1
움직임을,1
각도,1
피로감,1
번식,1
가윗날,1
손잡이를,1
주물,1
5isgnKOPBRb,1
들기름도,1
똑같지,1
아니요,1
방울만,1
떨어뜨려도,1
확연한,1
140도,1
미만에서,1
압착으로,1
최상품,1
햇통깨,1
원주,1
강릉,1
해남에서,1
선별했어요,1
로스팅으로,1
저온에서,1
착유하면서,1
고소함을,1
비가열,1
풀향과,1
그린잇랩,1
UPCy4XbjlRb,1
어렵잖아요,1
해결해줘요,1
소분되어,1
엘리제궁과,1
왕실에서,1
보장된,1
NON,1
Grass,1
fed,1
숙성과,1
티크나무,1
교유기로,1
어디에도,1
찰떡궁합이랍니다,1
VUZDNKZV9Qb,1
설거지를,1
수세미에,1
찝찝하거나,1
올라와,1
불쾌했던,1
빡빡,1
문질러도,1
사라지지,1
찌꺼기,1
교체해야,1
번거로움,1
반영구적으로,1
링수세미로,1
링수세미는,1
스텐링수세미는,1
내장으로,1
안정적이며,1
손상,1
설거지할,1
선택이랍니다,1
링수세미를,1
Check,1
Point,1
반영구,1
염분에,1
Four,1
Color,1
Kkochi,1
Leaf,1
Wanja,1
다가왔어요,1
준비해보았는데요,1
강황가루를,1
샛노란,1
사색꼬치전부터,1
두부전과,1
동그랑땡까지,1
반지르르한,1
눈으로만,1
배부르네요,1
채식전으로,1
단무지는,1
나무꼬치에,1
꽂아주세요,1
한쪽면에만,1
꼬치의,1
노랗고,1
달군팬에,1
꼬치전을,1
고추장달걀조림,1
k5q6d79PhQb,1
장조림으로,1
장조림보다,1
매콤달콤해,1
벗겨지게,1
깨졌을,1
응고시키는,1
베일,1
자작해질,1
끼얹어가며,1
김두부덮밥,1
aJsIK8kcUPb,1
덮밥이에요,1
초보자분들도,1
가하면,1
김의,1
줄어들기,1
붙이지,1
뒤집어주는,1
끼얹어주세요,1
묵은지유부쌈밥,1
hYpCd769,1
TPb,1
포근한,1
햇볕과,1
묵은지에,1
단아한,1
마무리까지,1
봄기운이,1
미각을,1
깨워보세요,1
쌈장재료,1
김칫소를,1
유부에,1
졸이듯,1
작은술과,1
말은,1
vJq5hySwtPb,1
힘입어,1
밥반찬부터,1
해결하세요,1
전문기업,1
어묵들이,1
모듬어묵,1
어육,1
삼진만의,1
야채사각어묵,1
두께와,1
반찬용으로,1
다재다능,1
어묵이에요,1
핫바,1
떡말이,1
특산물인,1
참마로,1
참마,1
육즙의,1
참마의,1
명성이,1
안동한우는,1
청정,1
자연환경에서,1
사육된,1
한우로,1
마블링으로,1
구웠을,1
우수하고,1
보존력이,1
평가를,1
한우입니다,1
안동참마는,1
씹기,1
참마에,1
촉진,1
식품이니,1
검색해서,1
26cm,1
체리블라썸,1
컬러로,1
멋스러운,1
완성시켜,1
식사부터,1
디저트까지,1
세라믹을,1
라인,1
핸드메이드,1
작업으로,1
디자인을,1
수산물이력제로,1
수산물을,1
생산부터,1
유통,1
판매까지,1
이력을,1
수산물이력제,1
만가닥버섯,1
후가루,1
버섯류는,1
밑둥을,1
찢거나,1
AC5OrQ3xhPb,1
시리즈가,1
믿음직한,1
혜택으로,1
프로모션,1
메인상품,1
상급,1
알땅콩만을,1
만들어졌어요,1
녹진한,1
스무스와,1
크런치,1
464,1
고품질,1
언스위트와,1
스프레드로,1
고온에서도,1
안정적인,1
하이올레익,1
이하에서,1
압착,1
유지했어요,1
더해보세요,1
땅콩약과,1
O7bCMiKS5Ob,1
샐러드까지,1
발콜라떼,1
생치즈,1
이탈리아의,1
발콜라떼는,1
1914년부터,1
이탈리아산,1
원유와,1
발효균만을,1
롬바르디아와,1
에밀리아,1
로마냐,1
지방의,1
엄선된,1
타입별로,1
동글동글한,1
테니스공,1
토핑에,1
안성맞춤,1
로그,1
원통형,1
연말의,1
12월이에요,1
연말을,1
가전,1
요리까지,1
멀티쿠커란,1
15분만에,1
8인분까지,1
레시피북과,1
빛나게,1
되셨나요,1
3VwYuYH,1
kW2RMpX79Ob,1
촤르륵,1
펼쳐진,1
배어든,1
감자버터,1
오븐구이랍니다,1
방과,1
서두르게,1
껍질채,1
나무젓가락을,1
체더슬라이스치즈를,1
전자렌즈에,1
30초정도,1
가감해주새요,1
구운감자에,1
플레인요거트를,1
칩과,1
레몬딜버터,1
cfsbFafbfOb,1
품격이,1
레몬과,1
딜의,1
드레싱에,1
레몬에는,1
보충해줍니다,1
더해줄,1
굳히는,1
제외,1
딜은,1
15초,1
행주로,1
조각내,1
무염버터로,1
제스트와,1
mRhLLl2dBOb,1
애호박전을,1
겉바속촉한,1
전이랍니다,1
단순하고,1
간결하게,1
드셔보는,1
애호박에,1
VbXXI3lZwOb,1
9점,1
박나래가,1
나혼자산다에서,1
퀸즐랜드에서,1
수급한,1
1등급,1
겸비한,1
올레인산으로,1
신규상품도,1
맛에서,1
코코넛까지,1
4가지맛을,1
믿어지시나요,1
110년,1
알텐바흐에서,1
오리진,1
웍은,1
코팅팬으로,1
프라이팬이에요,1
위드포드의,1
무해한,1
티타늄,1
제작돼,1
인덕션부터,1
가스레인지까지,1
핸들로,1
T의,1
구조로,1
열전도율과,1
열보존력을,1
알텐바흐,1
오리진을,1
JKxmQKrmvOb,1
초겨울에,1
절이고,1
만들기까지,1
숙여,1
고생하셨죠,1
가느라,1
고장난,1
믹서기만,1
김장이랍니다,1
가구를,1
닌자만의,1
칼날은,1
사각지대,1
강력하게,1
블렌드,1
갈아내요,1
갈리던지,1
놀랐답니다,1
HxxxwDmLjOb,1
건조해지기,1
가열식,1
가습기,1
스텐팟으로,1
유지해보세요,1
무소음에,1
작동,1
소리로,1
편안함은,1
수증기만,1
배출하여,1
갖춘,1
가습기랍니다,1
공동구매에서는,1
드린다는,1
가습기는,1
내솥으로,1
35dB,1
설계로,1
취침,1
방해,1
지원하며,1
반려동물이,1
잠금,1
fWsvSbbLjOb,1
48시간내,1
공구기간동안만,1
판매종료,1
찾아볼,1
병당,1
전채널,1
진행하니,1
중요한지,1
올리브오일이에요,1
소개해드릴,1
0L76uJTYVLb,1
덮밥인데요,1
특제,1
덮밥이,1
드셔본,1
계셔도,1
덮밥이랍니다,1
초급,1
격자로,1
덮밥소스를,1
한정특가,1
청결,1
yoXYCnR77Nb,1
다가오면서,1
준비해보세요,1
팩당,1
900원의,1
쟁여보세요,1
제조일자만,1
24년산이,1
2024년에,1
수확하고,1
가공한,1
고춧가루인데요,1
생산분은,1
제조되어,1
공구오픈,1
1953년,1
베스트상품,1
DMXq1Z377Nb,1
이어진,1
삼진어묵의전통과,1
삼진어묵이라면,1
어묵전골,1
공유드릴게요,1
팔로워,1
깊어지는,1
채워보세요,1
나눔해요,1
관리를,1
썬화이버와,1
관리도,1
담았답니다,1
루틴,1
체크리스트,1
실천할,1
습관부터,1
썬화이버는,1
원료와,1
무색무취로,1
음식에나,1
프리바이오틱스,1
식후,1
관리부터,1
우리의식탁과,1
가을을,1
3Yl8VPT,1
에서는,1
레시피북을,1
태그,1
소환해,1
기프티콘,1
10분께,1
DM으로,1
카이막은,1
젤라또,1
카이막,1
불리며,1
버터처럼,1
1956년,1
설립된,1
명문,1
기업,1
텍서트,1
수입한,1
유제품이에요,1
FREE,1
원료부터,1
36시간,1
농축한,1
정수랍니다,1
진행하는,1
특가에,1
무료배송과,1
증정하니,1
카이막을,1
비건부대찌개,1
Q9nrobgxBNb,1
계셨나요,1
소시지와,1
템페를,1
부대찌개의,1
살리면서도,1
채식을,1
시원해질,1
비건소세지,1
채수를,1
사리와,1
입소문,1
자자한,1
공덕,1
여의도,1
광화문,1
직장인들의,1
사로잡은,1
줄서는,1
빵집,1
베이글과,1
8점,1
아이엠베이글랩에서,1
당일제조,1
점포,1
보유,1
아이엠베이글은,1
캐나다산,1
초강력분과,1
반죽하여,1
저온숙성,1
제빵사가,1
핸드롤링하는,1
베이글이에요,1
수분감과,1
쫀득함을,1
상하거나,1
클래파,1
메이커는,1
누름판으로,1
유청을,1
제거할,1
손잡이까지,1
사용가능하답니다,1
스테이크솥밥,1
LgxcK77uIMb,1
솥밥입니다,1
그릇만으로도,1
스테이크에는,1
아연이,1
쌀밥은,1
지속시켜주죠,1
정수를,1
챙겨보세요,1
채끝살은,1
밑간해,1
쯔유를,1
채끝살과,1
단백질커피,1
유지태커피,1
42421,1
단백질커피믹스가,1
책임집니다,1
4일부터,1
10일까지,1
단백질커피믹스는,1
판매량,1
2천만,1
돌파한,1
대세,1
단백질커피믹스에요,1
제누를,1
커피믹스를,1
JflUAtq5yMb,1
YNtBCFu5yMb,1
y7HkYmw5yMb,1
흐르고,1
땅콩으로,1
초간장을,1
초이세,1
과일컵은,1
유지해줘요,1
포크와,1
탈착식,1
여과기,1
배수,1
설계되어,1
휴대도,1
그립감을,1
제공하며,1
새지,1
어디서나,1
휴대하기,1
컬러는,1
옐로우,1
퍼플,1
4가지로,1
겉용기,1
탈수볼,1
포크,1
포항직송,1
성게알,1
풀세트,1
TwfgWAVDwKb,1
홈마카세를,1
풀세트만,1
만끽하실,1
홈마카세의,1
장점은,1
예약하시거나,1
대기줄에,1
서지,1
풀세트는,1
포항,1
해녀들이,1
작업한,1
제철맞은,1
보라성게알을,1
빙장,1
보내드려,1
zh83JkEqrIb,1
사랑해주는,1
낮으면서,1
해소,1
천차만별로,1
벗겨주면,1
쇠고기는,1
덜어놔주세요,1
밑간해둔,1
물러지지,1
선에서,1
면씩,1
양념간장을,1
나물김밥,1
8lwlxgry8Kb,1
식생활을,1
필수인,1
백미보다,1
시도해보는,1
속에서도,1
밥상을,1
현미밥으로,1
현미와,1
qp51XTQMQKb,1
월남쌈에도,1
준비해두면,1
잎채소로,1
느끼함도,1
포인트예요,1
훈제연어슬라이스,1
10조각,1
레드양파,1
라이스페퍼,1
절인양파재료,1
시판피쉬소스,1
레드양파는,1
절인양파재료에10분정도,1
담가두세요,1
쌀국수는,1
잎채소는,1
10초정도,1
잎채소를,1
옆을,1
2등분하고,1
전해드려요,1
많은분들의,1
신상품까지,1
공구는7월,1
15일부터,1
21일까지,1
회원에게만,1
제공되던,1
할인가를,1
누리실,1
백김치에,1
여름맞이,1
신규상품,1
혜택이에요,1
당일출고,1
18일에,1
일괄,1
출고됩니다,1
단독세트,1
과도,1
손질에,1
사용되는,1
베이직,1
메인식도,1
나이프에,1
입문하시는,1
주방을,1
선물용으로,1
미니쵸퍼,1
102,1
도끼,1
나이프로,1
커팅용으로,1
쓰시거나,1
허브와,1
다지는데,1
빵칼,1
식빵칼,1
날렵한,1
물결,1
칼날로,1
과일이나,1
매끈하게,1
커팅할,1
1위로,1
빵칼입니다,1
6OHqb5R0OJb,1
병으로,1
충전할,1
피로회복을,1
입점,1
일으킨,1
큐민샷,1
레몬주스를,1
강황,1
B12,1
글루타티온까지,1
주스예요,1
항산화제로,1
커큐민은,1
성분상,1
큐민씨는,1
특허기술로,1
나노리포솜,1
추출액으로,1
끌어올렸답니다,1
12890,1
비싸죠,1
스페인의,1
아르베퀴나,1
가격대비,1
산도를,1
자부해요,1
미식가,1
살롱,1
대회에서,1
수상한,1
2865,1
기다리셨어요,1
천연버터,1
라꽁비에뜨와,1
로컬,1
단독구성,1
라꽁비에트,1
1등석,1
기내식에서,1
버터계의,1
에르O스라고,1
버터인데요,1
수요는,1
폭발하는데,1
정식수입량은,1
줄었다고,1
기뻐요,1
안드셔보신분들,1
핫플레이트,1
하이라이트,1
삽입된,1
커퍼코어로,1
효율적으로,1
제품들로,1
구성했는데요,1
공구는,1
단독최저가로,1
스탠팬으로,1
우리가족을,1
삽입한,1
커퍼코어,1
질병인,1
손목,1
터널,1
증후군도,1
단축하고,1
인건비,1
부담스럽고,1
요식업,1
5초만에,1
반쪽이,1
잘려,1
절약해,1
채칼은,1
5가지여서,1
보시듯,1
since1849,1
엘리자베스여왕이,1
33022,1
구매해야,1
모를때가,1
터득하면,1
발사믹식초를,1
원산지를,1
식초의,1
원조가,1
이탈리아인거,1
제품인지,1
구입하러가기,1
VzHvJ8HtZIb,1
매력적,1
샤벳은,1
와인을,1
마셔도,1
원가와,1
타협하지,1
포도의,1
섬세하게,1
안을,1
일품이랍니다,1
정량감이,1
매력적이랍니다,1
자정까지,1
샤인로제,1
2만원대,1
최대할인,1
3만원대,1
복원력으로,1
원래대로,1
돌아온답니다,1
통원목으로,1
도마들보다,1
무해해,1
에비히슈테른,1
엔드그레인,1
도마는,1
가습열을,1
유해한,1
오랜시간동안,1
건조시켜,1
향균작용으로,1
세균검사를,1
통과해,1
세균번식도,1
도마라,1
색베임,1
걱정하셔도,1
오일이나,1
사포로,1
관리해주시면,1
새것처럼,1
옆면에,1
흠이,1
이동도,1
인테리어,1
효과로도,1
콤한,1
몸에서,1
스트레스를,1
받았다는,1
증거라고,1
참기보다는,1
조각이면,1
날려버리시길,1
foods,1
means,1
body,1
stressed,1
rather,1
supressing,1
urge,1
Samgyeopsal,1
Jjim,1
rolled,1
menu,1
ripe,1
hope,1
bye,1
생삼겹살,1
6포기,1
다시마멸치육수,1
양념재료는,1
삼겹살김치말이와,1
다시마멸치육수를,1
삼겹살김치말이의,1
이음새,1
놓아야,1
봄내음과,1
향연을,1
선사할,1
잔과,1
두번째로,1
두릅초무침,1
살아있도록,1
쌉싸래한,1
어우러집니다,1
두릅초무침은,1
식탁의,1
두릅튀김,1
튀김옷재료,1
초간장재료,1
튀김옷재료를,1
두릅에,1
퇴근식탁,1
김치볶음밥이에요,1
요리잖아요,1
배고픈데,1
요리하긴,1
프라이까지,1
터트려서,1
퍼지고,1
넘실대요,1
메시지로,1
저장,1
보고싶다면,1
팔로우,1
자극없이,1
달아난,1
되살려,1
망설이지,1
added,1
shiny,1
plump,1
pungency,1
crave,1
ultimate,1
raise,1
appetite,1
foolproof,1
hesitate,1
right,1
now,1
면끼리,1
저어주고,1
소면은,1
찬물에서,1
비벼가며,1
없앤,1
맞쳐주세요,1
김기루,1
Noodles,1
간장양념이,1
잡아봤답니다,1
속재료로,1
끓는물을,1
반쯤익으면,1
날려,1
냉이김밥,1
dKuNwJ1,1
냉이무침,1
Z8U0ZD8,1
직송,1
J1,1
gPPQenLHb,1
반짝이며,1
알리는,1
개성이,1
뽑자면,1
냉이라고,1
풀내음이,1
향수를,1
자극하는,1
지녔죠,1
휘감는,1
발산하는,1
냉이를,1
단호박주스,1
12분간,1
단호박과,1
색감까지,1
단호박요리,1
블렌딩,1
선물상점,1
올리브오일의,1
농장과,1
미슐랭셰프의,1
걸작품,1
1월에,1
200년,1
운영해,1
자가농장에서,1
셰프와,1
협업하여,1
남다른,1
균형감과,1
저온단시간추출법으로,1
액기스,1
추출,1
알림,1
김장김치는,1
익어버리고,1
먹고싶은데,1
고민일때,1
채식김치를,1
보여드리는,1
만으로,1
느껴졌던,1
해외에서도,1
예정이니,1
1토막,1
4X4,1
밑동에,1
저며,1
묽고,1
끈적한,1
쫀득쫀득하면서도,1
터진답니다,1
16장,1
양배추잎,1
피시소스,1
만두소를,1
요리에나,1
286,1
169,1
1box,1
X3장,1
목초유,1
원유를,1
미세먼지,1
오염으로부터,1
자유롭고,1
환경에서,1
원유,1
깐깐한,1
아일랜드의,1
동물복지,1
통과,1
밥물이,1
배춧잎을,1
버섯류,1
등이나,1
맞이,1
비니거로,1
콘디멘토,1
2메달,1
블루,1
63,1
15년까지,1
숙성년도,1
사르코지가,1
사랑한,1
1871년부터,1
발사믹의,1
식료품점과,1
선물용,1
인테리어로,1
숙성년도가,1
길수록,1
높아지는,1
점성과,1
lmvLDOfRBsb,1
봤다면,1
가지덮밥이에요,1
사랑해주시는,1
가지덮밥을,1
가지덮밥이었다면,1
냈답니다,1
졸여,1
얹어내기만,1
2인분가지덮밥,1
밀가루옷을,1
소스재료를,1
매운기를,1
소복히,1
색의,1
놓인,1
요리사,1
이야기가,1
애니메이션,1
제목으로,1
기억하실,1
라따뚜이는,1
프랑스의,1
음식일,1
레시피지요,1
풍성함이,1
라따뚜이를,1
흘러넘치지,1
두들기고,1
우리를,1
발견할,1
스칸팬과,1
주키니는,1
자투리는,1
모아주세요,1
소스용,1
허브가루를,1
겹쳐주세요,1
소스위에,1
겹친,1
Ratatouille,1
땡초장,1
Ddangcho,1
주꾸미,1
Octopus,1
Belly,1
화장실을,1
번이나,1
들락날락하게,1
스트레스는,1
여러모로,1
땡초장부터,1
주꾸미볶음까지,1
도전할,1
3sEPvJt,1
투자하면,1
스무디를,1
탁월하고,1
귀리우유의,1
청귤청의,1
채워줘,1
배고프다는,1
냉소바,1
4F6NqOnQRCb,1
3PbHrrs,1
면요리의,1
대가,1
필살기,1
sound,1
시도해보셨죠,1
꿀조합은,1
종결할게요,1
생각나,1
중독되는,1
맛이랄까요,1
ZClGe3HMFAb,1
기본만,1
꿀팁과,1
후기가,1
궁금하신가요,1
검색하고,1
Z1,1
TGNmm72zb,1
끼워주고,1
쪄주고,1
발라주면,1
달짝지근,1
소고기알배추찜,1
UHkZ2lPixyb,1
속재료만,1
패티로,1
찰떡인,1
lcKCk1bMwyb,1
라클을,1
전할,1
세번째,1
미라클러는,1
중식이,1
중식당,1
총괄,1
기적과,1
메뉴부터,1
고급요리까지,1
크래미볶음,1
양상추쌈,1
맛집이,1
라클에서,1
낱낱히,1
미라클,1
근사하면서도,1
선물할,1
합쳐지면,1
유혹이,1
delectable,1
blend,1
irresistible,1
temptation,1
begins,1
addictive,1
never,1
체망에,1
굽다가,1
조려가며,1
뿌린후,1
Main,1
dash,1
있진,1
않았나요,1
어이,1
방법이면,1
B1Zf9aUFgub,1
썰린,1
배인,1
뿌려진,1
한그릇하면,1
한끼로는,1
콩나물국밥만한,1
해장의,1
끝도,1
클래식은,1
영원하다는,1
아니라니까요,1
ever,1
found,1
accident,1
wanted,1
chilly,1
wind,1
Imagine,1
seasoned,1
comes,1
relieving,1
hangover,1
timeless,1
멸치다시육수를,1
멸치다시육수대신,1
양념대신,1
맞추고,1
뚝배기에,1
무차돌박이,1
목심,1
2mm,1
차돌박이와,1
익힘,1
차돌박이에,1
감싸주어야,1
말아낸,1
아랫부분까지,1
Hotpot,1
Servings,1
고단하게,1
다운되고,1
축축,1
쳐지는,1
일상의,1
알큰한,1
자극이,1
때죠,1
마시며,1
쫄면과,1
골뱅이겨자냉채입니다,1
고단함을,1
날려줄,1
이거면,1
행복은,1
골뱅이쫄면,1
lHe1jfKu0qb,1
골뱅이겨자냉채,1
lgiSHCyu0qb,1
Sometimes,1
Whatever,1
excited,1
depressed,1
everyday,1
jjolmyeon,1
whose,1
doubled,1
shot,1
liquor,1
blow,1
burden,1
겨자냉채,1
골뱅이통조림,1
골뱅이국물,1
채는,1
무순은,1
밑부분을,1
반갈라,1
바이에른,1
존쿡델리미트,1
비어학센으로요,1
앞다리를,1
거멍,1
에일로,1
염지하고,1
참나무로,1
훈연해,1
BBQ,1
흑맥주가,1
이따금씩,1
비어학센,1
완성해봐요,1
Bayern,1
convenient,1
way,1
Johncook,1
Deli,1
Meats,1
knuckle,1
cured,1
Geomeong,1
Ale,1
smoked,1
oak,1
boasts,1
tender,1
barbeque,1
cool,1
enjoyed,1
another,1
go,1
far,1
래디쉬,1
브로콜리니,1
아스파라거스로,1
퓌레,1
익히게,1
조리시간이,1
단축되요,1
감자매셔로,1
퓌레를,1
래디쉬는,1
브로콜리니는,1
학센과,1
타임을,1
Pollock,1
Roe,1
Shepherd,1
Purse,1
Sprout,1
송이버섯솥밥,1
matsutake,1
송이솥밥,1
AuzxKR3CPpb,1
버미큘라,1
ZwHWlH7CPpb,1
명란솥밥부터,1
차돌박이가,1
시작하기에,1
송이버섯솥밥까지,1
weather,1
five,1
weekend,1
pollack,1
roe,1
sprout,1
basic,1
develop,1
own,1
come,1
명란솥밥,1
꽃샘추위도,1
추웠냐는,1
창밖으로만,1
봄이라는,1
내음이,1
차돌박이로,1
차돌박이의,1
봄에,1
양념간장에,1
9121,1
Now,1
snap,1
scenery,1
window,1
seems,1
obvious,1
present,1
filled,1
aroma,1
AND,1
drowsy,1
And,1
mixed,1
richer,1
올리고당으로,1
냉이는,1
사이를,1
2등분,1
잎은,1
덜어주세요,1
냉이의,1
잎보다,1
뿌리가,1
질기기,1
지으면,1
참여하시겠습니까,1
참여할,1
456명을,1
딱지치기도,1
공유도,1
부엌이,1
달고나에,1
찍을,1
도구면,1
뭐든지,1
승자에겐,1
성취감,1
패자에겐,1
recruiting,1
456,1
people,1
ddakji,1
anything,1
else,1
mold,1
use,1
tool,1
cookie,1
molds,1
stainless,1
steel,1
wooden,1
spatula,1
Participate,1
winner,1
sense,1
accomplishment,1
loser,1
유리볼,1
스텐그릇,1
바늘,1
모양틀,1
쿠키틀,1
나무뒤집개,1
국자에,1
젓가락에,1
달고나가,1
식고,1
떨어져요,1
테이프를,1
붙여,1
판판하게,1
고정시키면,1
동그랗고,1
균일한,1
유리볼을,1
종지나,1
세모모양은,1
바늘로,1
긁어내면,1
분리할,1
놓여있는,1
떠나보실래요,1
등심에,1
튀겨준,1
돈가스는,1
마카로니로,1
재현할,1
보물,1
그날의,1
나로,1
돌아갈,1
remember,1
plate,1
sirloin,1
batter,1
dressed,1
sour,1
accompany,1
macaroni,1
Japanese,1
cutlets,1
nice,1
drenched,1
두드려주세요,1
두드리면,1
찢어지는,1
돈가스에,1
끈적해지면,1
날때,1
치킨스톡은,1
조각과,1
180도의,1
Cutlet,1
페타치즈를,1
블로거가,1
레시피였는데요,1
핀란드,1
페타치즈가,1
동날,1
정도였다고,1
레시피지만,1
홈스토랑을,1
열어보세요,1
ultra,1
baked,1
introduced,1
Finnish,1
blogger,1
went,1
became,1
Finland,1
supermarkets,1
ran,1
flavorful,1
addition,1
variety,1
liking,1
open,1
페타치즈파스타,1
건바질을,1
Penne,1
preheated,1
gathered,1
around,1
overcome,1
Corona,1
cheer,1
beginning,1
draw,1
night,1
voucher,1
would,1
Leave,1
거리두기가,1
완화된,1
호캉스를,1
즐기면서,1
1순위를,1
달아주세요,1
구독해,1
구독자도,1
멤버십을,1
가입해,1
3sJLaQR,1
자정,1
예정,1
프리미어스위트룸,1
숙박권,1
인당,1
300만원,1
리워즈,1
000P,1
반가워요,1
밭에서,1
당근이에요,1
겨울이지만,1
내음,1
돋보이는,1
라페로,1
주황빛,1
아름다움을,1
제주를,1
찍으러,1
촬영팀의,1
비하인드,1
씬도,1
Welcome,1
rough,1
grounds,1
though,1
planning,1
entrance,1
world,1
crunchy,1
candidate,1
rapees,1
prove,1
once,1
eyes,1
tongue,1
Oh,1
course,1
see,1
behind,1
scenes,1
footage,1
team,1
이용하시면,1
Rappe,1
carotte,1
rap,1
peel,1
Use,1
knife,1
grater,1
generous,1
맞이해,1
방문해보았어요,1
그곳에서,1
모습만,1
꽃처럼,1
크리스마스도,1
날인,1
크리스마스는,1
모습인가요,1
vlog,1
wife,1
stopped,1
market,1
could,1
already,1
there,1
flowers,1
pretty,1
does,1
guys,1
Merry,1
장소는,1
고속터미널,1
상가에,1
도매시장이랍니다,1
다운받으러,1
wifetable,1
contact,1
culturehero,1
net,1
Canon,1
6d,1
mark2,1
삼성닷컴과,1
이유식에,1
접어들면,1
진밥으로,1
child,1
starts,1
solid,1
various,1
brought,1
protein,1
high,1
mineral,1
촘촘한,1
쿠킹존으로,1
셰프컬렉션,1
인덕션으로,1
완성해보세요,1
tinyurl,1
y3fgeaat,1
쇠고기브로콜리이유식,1
6송이,1
고기삶은,1
boiled,1
tenderloin,1
삼성과,1
살렸답니다,1
유러피언,1
근사하죠,1
7단계로,1
출력조절,1
레시피에도,1
터치해주세요,1
eating,1
isn,1
retain,1
earthy,1
nutrition,1
healthier,1
뿌리채소샐러드,1
방울토바토,1
방울양배추,1
채소밑간,1
상하지,1
생각하셨다면,1
키친가이드를,1
오래오래,1
보관하기,1
철제,1
옷걸이로,1
걸이나,1
걸이에,1
씌운,1
걸어,1
꼭지에,1
둔다,1
싹이나는,1
방지하는,1
신문지를,1
감자위에,1
묶어준다,1
사과에서,1
에틸렌,1
가스가,1
막아준답니다,1
달콤해,1
누구에게나,1
키친가이드로,1
잘라보세요,1
손님상에,1
자르기와,1
8등분으로,1
꽂는다,1
카레이불을,1
라이언을,1
촬영도,1
오므라이스카레,1
다진쇠고기,1
setp,1
깨어,1
내려주세요,1
다진쇠고기를,1
쇠고기가,1
접시의,1
끝에서,1
달걀찜의,1
화사한,1
사로잡고,1
부드러움에,1
감긴답니다,1
다시마육수만,1
달걀찜을,1
사기그릇에,1
사기그릇을,1
중탕해서,1
지단과,1
장식해서,1
마무리해주세요,1
soupy,1
tteokbokki,1
bring,1
adding,1
artificial,1
flavors,1
sip,1
share,1
reminiscences,1
childhood,1
국물떡볶이로,1
다시마육수가,1
물고,1
떠먹으며,1
나눠보세요,1
Mild,1
Soupy,1
Basic,1
Cylinder,1
Paste,1
Finely,1
Powdered,1
shrimps,1
달걀말이를,1
변신시켜보세요,1
빛깔의,1
게맛살을,1
사과처럼,1
달걀말이가,1
게맛살의,1
Sick,1
normal,1
plain,1
simply,1
adds,1
crabmeat,1
find,1
cute,1
middle,1
Cute,1
사과달걀말이,1
INGREDIENTS,1
BASIC,1
Stick,1
Sprouts,1
Mixture,1
Seafood,1
만들수록,1
피자치즈로,1
cheesegarlicbreadsticks,1
cheesygarlicbread,1
garlicbread,1
추가했고,1
슈레드,1
피자치즈를,1
좋아해주셨지만,1
시도해보다가,1
양배추참치전에,1
더해봤더니,1
옥수수전분을,1
생략할,1
주키니호박으로,1
호박패티,1
애호박으로도,1
고기없이,1
야채패티로,1
요거트소스와,1
어울리지만,1
간장소스에,1
주키니호박,1
세모,1
감자튀김이라서,1
파마산치즈와,1
파프리카파우더가,1
양배추파이,1
캐서롤,1
ajo,1
aglio,1
alho,1
et,1
ail,1
CARA,1
MEMBUAT,1
SANDWICH,1
BAWANG,1
PUTIH,1
KEJU,1
Bawang,1
Putih,1
ost,1
hvitl,1
ostvitl,1
ksrostat,1
br,1
tost,1
czosnkiem,1
Peynirli,1
Sar,1
msakl,1
Tost,1
Nas,1
Yap,1
Man,1
Ein,1
se,1
Knoblauch,1
Macht,1
만나서,1
고다치즈,1
강판에,1
다이스드토마토,1
425,1
레드와인식초,1
12잎,1
감자채전과는,1
슬라이스치즈로,1
비즈니스,1
unihesuiz,1
치킨소세지,1
치킨소세지가,1
만들어서인지,1
새어,1
나무꼬지에,1
꽂아서,1
명절전으로,1
사먹다보니,1
처치곤란한,1
돼지호박,1
patatas,1
asadas,1
horno,1
batatas,1
assadas,1
Bratkartoffeln,1
im,1
des,1
pommes,1
terre,1
ties,1
four,1
khoai,1
trong,1
bakt,1
potet,1
ovn,1
rostad,1
potatis,1
ugnen,1
membuat,1
kentang,1
panggang,1
di,1
le,1
patate,1
arrosto,1
pieczone,1
ziemniaki,1
piekarniku,1
la,1
parrilla,1
grelhado,1
Panggang,1
panino,1
alla,1
griglia,1
grillet,1
ostesandwich,1
grillad,1
ostsm,1
rg,1
ein,1
gegrilltes,1
sesandwich,1
kanapk,1
grillowanym,1
파스타랑,1
얼음물을,1
벗기면,1
지나서,1
중독성있는,1
맛이라고,1
가지요리입니다,1
팽이버섯의,1
Hongo,1
Huevos,1
적시고,1
두셔야,1
합쳐집니다,1
핫하길래,1
물보다,1
조절해도,1
치즈떡을,1
바나나프렌치토스트입니다,1
시나몬파우더는,1
하음,1
면요리입니다,1
간장비빔국수만들기,1
soysaucenoodles,1
맛좋은,1
충분하지만,1
부족하다고,1
느끼시면,1
넣으시거나,1
감자샐러드샌드위치,1
쿠지라이식라면,1
장or한,1
분말스프는,1
부족하시면,1
슬라이스치즈는,1
치즈맛이,1
5BXQFjJMTfY,1
해치우기,1
핫케이크가루를,1
Bananas,1
Pancakes,1
Einfaches,1
Fr,1
hst,1
cksrezept,1
mit,1
Bananen,1
Bananenpfannkuchen,1
연유찜케이크,1
Kue,1
Susu,1
Kental,1
Kukus,1
tanpa,1
Receita,1
Bolo,1
Leite,1
Condensado,1
Vapor,1
sem,1
Ged,1
mpftes,1
Kondensmilchkuchenrezept,1
kein,1
드셔보셨다면,1
토마토계란볶음레시피,1
stirfriedtomatoandeggs,1
tomatoeggstirfry,1
Nasi,1
Goreng,1
Telur,1
Ei,1
gebratener,1
Reis,1
Arroz,1
frito,1
huevo,1
eggfriedrice,1
howtomakeeggfriedrice,1
폭신달콤하게,1
해결해보세요,1
바나나케이크,1
간단요리입니다,1
조리한,1
선택하시면,1
노오븐마늘빵,1
마늘빵에어프라이어,1
식빵간식,1
garlicbreadrecipe,1
EXgCDdWq6KA,1
접어먹는김밥만들기,1
접는김밥만들기,1
틱톡레시피,1
foldedkimbap,1
squarekimbap,1
꿀맛이라구요,1
두부동그랑땡,1
tofutunapancakes,1
완두배기,1
이스트를,1
발효시간을,1
강력분의,1
튀김가루나,1
찍어봤어요,1
간단요리이고,1
맛있으니깐,1
싫으시다면,1
겨울간식으로,1
강추하는,1
Potatocheesepancakes,1
덜어둔,1
영상대로,1
절반만,1
꺼내두세요,1
오레오치즈케이크,1
오레오케이크,1
아이스박스케이크,1
하와이안무스비,1
Eggfriedrice,1
friedrice,1
단맛으로,1
괴롭히며,1
뒤집어주면,1
공기가,1
부풉니다,1
xh71IqLUtdY,1
꽃계란김밥,1
zGY6opOpGpU,1
담궈질,1
돈카츠,1
새우버거,1
간단식사,1
간편식사,1
Emb9Iv9UjeI,1
jj7x4wp7YUA,1
M0,1
mlMb48cjM,1
mSMdadgE48Y,1
NXBxj5,1
fhiE,1
알끈제거,1
기포는,1
수저를,1
제거하면,1
쎈불x,1
팽이버섯레시피,1
9NZYKh2U3D4,1
DQ1ELekNFhQ,1
LfVn4,1
Eeidk,1
다크초콜릿은,1
중탕해줍니다,1
얼려줍니다,1
2시간이상,1
녹아서,1
꺼내드세요,1
간장소스는,1
사이사이,1
잘배서,1
전자렌지에서,1
날리며,1
농도에따라,1
g중,1
빼놓기,1
섞으며,1
넣기전에,1
찰기를,1
불어넣어줍니다,1
감자속을,1
농도와,1
우유가능,1
망치로,1
귤에,1
올리브유와,1
소스에는,1
끄면,1
타지않아,1
약불필수,1
노릇느릇,1
약약불에서,1
꺼도,1
닭껍질을,1
파채와,1
함께드시면,1
전제렌지,1
5분돌려,1
으깨줍니다,1
간장0,1
스팸볶음은,1
오이맛살김밥,1
LUUH9w9rJwQ,1
돈까스김밥,1
JAQHCU3rzbs,1
BnYlmEoge0o,1
참외김밥,1
qkBMI23NC4,1
곁드림,1
덮어줍니다,1
개분량입니다,1
소금두꼬집,1
패티는,1
핏물아닌,1
순서에,1
놔야,1
접착제처럼,1
달라붙습니다,1
꿀1,1
흡수시켜,1
꿀때문에,1
7분정도,1
자박하게,1
애호박만,1
고추냉이는,1
고추냉이를,1
TGOMQWkA,1
TEGr7AmZk,1
토스트16,1
XgCaUo,1
tm0o,1
촉촉한정도로,1
소스올린,1
기름붓고,1
닿았을때,1
좋은온도,1
칠리소스와,1
eo9HjLsOp8o,1
두부새우계란요리,1
JO1j8eBhz,1
770,1
밥2인분,1
무침레시피,1
소다로,1
문지르고,1
행궈준,1
절여둔,1
하루한번,1
뒤적거리기,1
두바퀴,1
뇨끼는,1
ig1n5M3SQWM,1
j2AKDeAmzQQ,1
i0H,1
de07l,1
mTQNiXCwzPU,1
ifyMaiO,1
Iz0,1
끌여주세요,1
순두부소스를,1
졸이며,1
10점,1
참깨참깨,1
ground,1
해당링크통해,1
D51v5Mglqmo,1
새우계란전,1
Ddmd,1
GQg4E0,1
연두부계란찜,1
rtaST7,1
22마리,1
익는걸,1
선호하시는,1
갈지않고,1
식감차이,1
익어있어,1
구우며,1
데워먹을땐,1
구워주기만하면,1
EXCUnKfahPU,1
5l6EfaIB6nk,1
조릴때,1
d9X8UCEM1PI,1
9P,1
rPxtSEGU,1
13분,1
190도로,1
XWJUbV2JyE4,1
깻잎두부전,1
14ankNA6Kfg,1
f8nd8Fq90lU,1
짜주고,1
설탕넣을,1
큰술보다,1
냉동핫도그,1
올리브유로,1
노릇노릇해질때까지,1
찔러본,1
묻어나오지,1
빵안에,1
맛살깻잎에도,1
묻혀야,1
맛살을,1
소금후추,1
양옆이,1
겹치게,1
Dumpling,1
skin,1
바로드시는게,1
눅눅해집니다,1
Air,1
fryer,1
고구마말랭이,1
고구마에어프라이어,1
유트브,1
치즈떡구이,1
들깨떡국,1
떡국떡토스트,1
ldgrbLG1Ec,1
떡국떡간식,1
BwfwDpAkrrg,1
떡국떡레시피,1
떡구이,1
안들러붙어요,1
매콤한거,1
좋아하시는분은,1
탑니다,1
오징어가,1
변하면,1
해당링크에서,1
b7zRE4wOmqY,1
Nn,1
yQpX47Ks,1
매끈하고,1
18분,1
기기따라,1
빵위에,1
찔러,1
Jalape,1
파마,1
인절미가루,1
개별포장,1
투명색이,1
고구마면,1
들러붙습니다,1
양배추덕분에,1
탈것같으면,1
에프나,1
전자렌지를,1
꼬지전,1
간이있어,1
preparations,1
Firm,1
김2장,1
불닭마요소스,1
불닭소스는,1
볶은땅콩,1
냉장보관하고,1
2주이내,1
5jAFEqkzH,1
가지양념,1
aSqVDrVfnzw,1
xIZgyaGwYgk,1
단단해집니다,1
질적이는,1
커스타드크림은,1
저어주며,1
탄산수를,1
많이먹고,1
덜넣어도,1
6분정도,1
않은정도,1
링크참고해주세요,1
PfsaXf3Ojfw,1
애포박전,1
mzFaLuHyrSM,1
LjvQeCDh05Y,1
오래담궈놓으면,1
흐물해져서,1
뒤기,1
묻혀준,1
속안까지,1
뿌려먹으면,1
네오세프,1
직사각,1
계란말이팬,1
당근채칼,1
검색후,1
계란넣고,1
메리니즈부엌에서,1
익혔습니다,1
익을때까지,1
계란처럼,1
조리면서,1
참깨를,1
e1j2BYtSdFU,1
양배추말이,1
카라멜라이징,1
두부감자는,1
유부조림,1
유부초밥에,1
두부없이,1
밥으로만,1
할경우,1
설탕소복하게,1
전자렌지1,1
뺄겸,1
에프는,1
수분뺄겸,1
후라이는,1
완숙에,1
반숙이,1
흐를,1
수분빼기위해,1
뚜껑덮고8분정도,1
두주먹정도,1
치즈가누룽지가,1
두부토스트,1
두부감자전,1
두부쌈밥,1
두부초밥,1
jsieksW4,1
TQY,1
IKXqSnGnHY0,1
두부달래전,1
znQ1,1
RNH3YI,1
아삭함게,1
다가능,1
소금후추로,1
재워두기,1
1분정도,1
쪄줍니다,1
시작할때,1
익히며,1
구워주며,1
구워야,1
속안에까지,1
bnmsKfPZq,1
tvQZtQp,1
tA,1
jZLXQVKl8Kw,1
X5N1HbJUo,1
치즈딸기잼,1
FLaLv7fz7Ow,1
맵기,1
치즈만녹으면,1
VJQtg27quTw,1
쌈장마요,1
물기제거하지,1
건조한,1
양배추말이를,1
근대,1
설탕반숟갈,1
간장조림소스,1
굴소스1작은숟갈,1
올리고당1작은숟갈,1
새송이버섯에는,1
간장조림소스를,1
감싸주면,1
손님초대용,1
도시락용으로도,1
zu02vmfoBTg,1
O1q,1
YgsEW6I,1
감자양파튀김,1
mmW,1
g8EfcQ,1
감자갈릭버터토스트,1
10분감자피자,1
개기준,1
오버쿡되지,1
녹여주면,1
바짝구운,1
드세여,1
메이플시럽은,1
생면1인분,1
단축할,1
노릇노릇구워주세요,1
공유하겠습니다,1
nE7FcKDFPgM,1
4v,1
lhcFpe4,1
06xfNU9,1
TjDM,1
6cl4xGyyLjs,1
할라피뇨쨈,1
말려주세요,1
오른쪽,1
1큰숟갈,1
1작은숟갈,1
꿀꽈배기,1
벌집피자,1
딱딱해질,1
드시는거,1
안되더라구요,1
만들어볼만한,1
이었습니다,1
말랑말랑하게,1
픽은,1
치즈한장으로,1
화이트와인을,1
더해집니다,1
걸죽해질때까지,1
국룰,1
오래끓이면,1
옥수수콘,1
말려주며,1
구우워줍니다,1
닭고기로,1
파이지,1
g사용,1
파이만들때,1
않는게,1
성형을,1
CdkvENL1FcM,1
fK,1
gNr9wCvI,1
절여두면,1
모짜렐라와,1
뜸들여주면,1
맛있어져요,1
바삭바삭해지면,1
전분가능,1
간장소스레시피,1
튀겨내면,1
기본김밥,1
붙을,1
적당했습니다,1
밀때는,1
덧가루를,1
부칠때,1
5분씩,1
겉에만,1
식감입니다,1
간장입니다,1
딸기쨈,1
익기때문에,1
두부2,1
한가위,1
나올때까지,1
따끈,1
전분0,1
멸치는,1
말려줍니다,1
날려주는,1
고추와,1
휘릭릭,1
따뜻할때,1
쌀가루는,1
묻혀줄거라,1
베이컨4장,1
부워주세요,1
올려줘야,1
호두페스토,1
협회와,1
진행했습니다,1
협회,1
정리해보았습니다,1
털어주세요,1
설정되면,1
닭가슴살의,1
눌러주면,1
2분씩,1
3분씩,1
숟갈로,1
퍽퍽해질,1
뜨거우면,1
들어갔을때,1
데펴주세요,1
바닥,1
섞어주는게,1
익는동안,1
재료준비를,1
깔아주면,1
스프레이를,1
고기패티,1
고기패티를,1
물기없이,1
개가능,1
그라노파다노치즈,1
씻어집니다,1
약불조리,1
영상링크,1
스팸참치주먹밥,1
FJtFfUOkWY,1
두부야채김밥,1
참치마요달걀주먹밥,1
SU4uIwY8yF0,1
유부말이,1
fcjuVGN8aMY,1
시간보다는,1
녹는정도를,1
1호틀,1
150x70mm,1
머랭은,1
150도로,1
150도에서,1
20분구운,1
증기를,1
꾸덕하게,1
홀그레인머스타드0,1
지단도,1
당근라페에,1
홀그레인머스타드가,1
당근라페는,1
싸주세요,1
보관가능합니다,1
샐러드김밥이라,1
살짝씩,1
안찢어집니다,1
이츠허밍,1
곡과,1
소금간은,1
과감해주세요,1
두부계란과,1
호일을,1
구우면서,1
벌어질,1
반정도,1
사랑은,1
펴줄때,1
부서져도,1
눌러가면서,1
뭉쳐집니다,1
안익었으면,1
익혀주셔도,1
귤잼,1
살구잼,1
아이싱,1
찌고나서,1
안붙는,1
농도면,1
누네띠네는,1
살구잼을,1
귤잼을,1
160도에서,1
가려지면,1
누르고,1
담구고,1
안들어가도,1
자연스럽게,1
물기바짝,1
사과에,1
흘러요,1
오븐가능,1
미림1작은큰술,1
반찬통은,1
랩이,1
발라줘도,1
설연휴와,1
많이받으세요,1
무염버터시,1
실온온도,1
덜익어야,1
붙어있습니다,1
굳을,1
드실땐,1
시럽이나,1
드시는걸,1
온도는,1
생각해주세요,1
식을수록,1
약불세팅입니다,1
잡히면,1
담궈준,1
Based,1
Anchovy,1
밥숟갈기준,1
계량해주세요,1
중요포인트,1
시작전,1
사전준비,1
뜨겁지,1
깨지고,1
숙명은,1
수축이죠,1
종이에서,1
수축됩니다,1
22년에도,1
많관부,1
nSIwDBtjG4,1
Ug0n59Qrccc,1
KNEHRCgsYLw,1
15분에,1
되기때문에,1
꿀고구마거나,1
핫소스와,1
제의견,1
빨강고추,1
안익을,1
무스를,1
면포를,1
닫으면,1
물방울이,1
구멍생기는걸,1
20분동안,1
찔때,1
열지,1
발라주며,1
확인해줍니다,1
초콜렛,1
놔둔계란,1
초콜렛이,1
굳어요,1
우유양을,1
좋았습니다,1
낼때는,1
현미유,1
고구마나,1
농도체크하면서,1
체크하면서,1
달고나는,1
팥배기,1
꺼내놓은,1
설탕양을,1
늘려주셔도,1
요소,1
가능하나,1
싶은분은,1
담굴수록,1
잘되서,1
촉촉해집니다,1
빵에따라서,1
힘없이,1
부서질,1
있음주의,1
주물팬,1
JAJU실리콘,1
키친아트4구,1
원형팬입니다,1
유부는,1
날라가지,1
선택해주세요,1
습식일,1
와플팬에,1
벨기안,1
원형4구팬,1
올리브유는,1
selected,1
10장분량,1
알루미늄프리,1
약약불,1
약해서,1
안익었을,1
얇음에,1
약약불로,1
구워준후,1
늘려주는게,1
몽글몽글,1
salted,1
4구,1
멀티,1
hard,1
flame,1
Only,1
크기에따라,1
달이,1
pumpkin,1
microwave,1
Pumpkin,1
may,1
vary,1
고구마요리를,1
substituted,1
After,1
giving,1
fold,1
touch,1
고추가루나,1
생략가능합니다,1
맵쌀가루,1
렌지,1
렌지용,1
덮개,1
덮어주었습니다,1
70프로,1
익는게,1
omit,1
작은거기준,1
파2,1
마늘살짝,1
간장3,1
올리고당살짝,1
중약약불정도,1
해주기,1
담백하니,1
choose,1
통두부를,1
두부요리를,1
개용,1
케찹과,1
cheeses,1
두부토스트를,1
2작은큰술,1
양으로는,1
담구면,1
발라주는게,1
털어주는게,1
넣었을,1
튀김물정도의,1
농도라,1
에그는,1
저어주는게,1
안익고,1
사방에,1
오리가족의,1
g84nkO4afvM,1
티라미수를,1
알커피2봉,1
espresso,1
mascarpone,1
cocoa,1
skip,1
tastes,1
refrigeration,1
약불이,1
게란을,1
뒤집지,1
약불이라,1
구워진답니당,1
desired,1
toppings,1
olives,1
Uses,1
uncooked,1
Fry,1
가지요리를,1
마지막엔,1
가지요리가,1
170도에,1
온도차이가,1
preheating,1
Differences,1
shredded,1
curry,1
꼬챙이로,1
익은거에용,1
레몬제스트는,1
fluffy,1
souffl,1
zest,1
초코수플레를,1
카카오파우더,1
당도x,1
치즈피타브레드,1
인도음식,1
드세용,1
난레시피,1
초간단난,1
간단베이킹,1
인도난,1
코울슬로가,1
핫도그빵,1
사과식초를,1
소세지빵,1
부리또를,1
살사소스용,1
브리또용,1
무가당요거트,1
부리또레시피,1
새우부리또레시피,1
한정판으로,1
오레오로,1
오레오에서,1
녹차크림과,1
나타난,1
핑크핑크한,1
오레오는,1
한정판으로만,1
지나가버리면,1
없는건가,1
할인점,1
가기전에,1
서두르세용,1
핑크오레오,1
한정판핑크오레오,1
핑크오레오샌드위치쿠키,1
말이지,1
8US4NF1bzlE,1
베이컨치즈감자말이를,1
꼬물꼬물,1
oXc3PhIeeoE,1
dry,1
melted,1
room,1
치즈버터빵,1
수제버거같은,1
토스틀,1
도우부터,1
토핑까지,1
그라노,1
파다노,1
피자레시피,1
홈메이드피자,1
퀘사디아레시피,1
핫하게,1
초콜릿밤을,1
마시멜로,1
초코밤과,1
초콜릿볼,1
코코아밤,1
선물용초콜릿,1
코코아밤레시피,1
감자맛있게먹는법,1
감자요리만들기,1
계란요리레시피,1
생지를,1
크로플을,1
해놓으니까,1
구워먹으니,1
카페같구,1
행복하구,1
맛있구,1
좋았습니당,1
와플팬,1
실내온도,1
안되서,1
23도,1
정도에서,1
발효해주세요,1
2배정도,1
커지구,1
말랑말랑한,1
상태면,1
즐거움과,1
Croissant,1
Croffle,1
frozen,1
whenever,1
house,1
happier,1
haha,1
2020년의,1
날이네요,1
21년에는,1
당연했던,1
누릴,1
있기를,1
모두모두,1
프리타타를,1
양파프리타타,1
프리타타레시피,1
프리타타만들기,1
피타빵으로,1
브런치토스트,1
브런치샌드위치,1
노버터,1
츄러스를,1
박력분을,1
체쳐줍니다,1
키고,1
막이,1
생기고,1
짤주머니에,1
만들어줍니댜,1
튀겨주세용,1
초코소스,1
비율입니댜,1
두부탕수를,1
재워줍니댜,1
튀어용,1
부치듯,1
두부탕수,1
마롱라떼와,1
밤토스트,1
밤페이스트,1
밤잼레시피,1
마롱라떼,1
웨지고구마를,1
잘라줍니댜,1
한조각을,1
웨지고구마,1
오꼬노미야끼를,1
다랑어포,1
없애줍니댜,1
문어를,1
풀리게,1
저어줍니댜,1
맞춰줍니댜,1
문어와치즈를,1
넣는재료는,1
요리입니댜,1
단단해진,1
가을호박,1
조선호박,1
TS와,1
섞어줍니댜,1
만두피와,1
만두속을,1
1cm정도,1
치직치직,1
없어지면,1
미림0,1
Bulgogi,1
Chopped,1
mirim,1
wine,1
제작지원비를,1
받았습니다,1
큐브와,1
큐브는,1
이마트트레이더스,1
온라인에서,1
가능합니당,1
큐브를,1
디져트를,1
디져트하세요,1
치즈케익큐브,1
Bubble,1
Qn7xS1X1,1
tig,1
스팸모둠전을,1
스팸고추전,1
스팸두부전,1
간단전,1
전레시피,1
스팸전만들기,1
클라우드에그가,1
케요네즈,1
발라줍니댜,1
클라우드,1
만들러,1
총총,1
흰자로,1
설탕x,1
빼기위한,1
마요네즈는,1
촉촉해질만큼,1
됩니댜,1
말아준,1
계란주먹밥,1
팬케이크를,1
흰자에,1
안만들어져요,1
휩칠때는,1
저어줍니당,1
쎄면,1
푸욱,1
꺼집니당,1
뜸들여주세요,1
잘됩니당,1
고추전,1
부침가루와,1
바삭해져용,1
쎄지,1
반죽물로,1
고정하듯,1
파전에는,1
두루고,1
쎈불로,1
마약김밥을,1
마약김밥,1
누드김밥,1
눌러준,1
감싸주세요,1
마늘버터칩을,1
7분동안,1
시간차이있어용,1
No오븐,1
부분위주,1
적당히발라주세요,1
접어줍니다,1
갈릭버터칩,1
잉글리쉬머핀을,1
이스트는,1
안돼요,1
휴지시간을,1
쉬는동안,1
글루텐을,1
반죽시간을,1
날라다니지,1
반죽해줍니다,1
매끈해지면,1
1차발효,1
크기까지,1
적정온도,1
27도,1
잘되면,1
가스를,1
성형해줍니다,1
휴지시간,1
옥수수가루를,1
2배크기까지,1
의견,1
댓들에,1
우유조금,1
베이컨토스트,1
원팬토스트레시피,1
계란토스트레시피,1
샌드를,1
오레오과자,1
생크림으로,1
휩해주세요,1
생크림에,1
크림과연유를,1
오래오,1
단단해,1
집니당,1
오레오아이스크림레시피,1
오레오샌드레시피,1
원하는치즈,1
요리해주세용,1
Hi,1
Preparation,1
soak,1
remove,1
뚱보샤,1
멘보샤를,1
새우25마리,1
잘뭉쳐집니당,1
낮은온도를,1
낮추면,1
먹어용,1
색을띄면,1
XD,1
계란말이가,1
후추살짝,1
Pa,1
뒤집은,1
접어주면,1
모짜렐라치즈와,1
볶은재료를,1
콜비잭,1
퀘사디아는,1
즐기기정말,1
맛으로는,1
넣어드시면,1
만족스럽지,1
편과,1
동일해용,1
저어주세용,1
깨지는걸,1
까지기,1
TS씩,1
완숙은,1
삶을동안,1
당근1,1
사과1,1
4조각을,1
ts씩,1
완숙계란은,1
담궈둔,1
마무리하면,1
채쳐주세요,1
섞어줍니당,1
머랭칠게요,1
ts넣어주세요,1
가능해용,1
뿔이,1
선다면,1
줄땐,1
조심스레,1
옆면을,1
만지고,1
들이면,1
간장치킨을,1
간장치킨,1
냉장보관합니당,1
빼낸,1
색깔내는게,1
꿈인지,1
현실인지,1
벅차오르는,1
곁을,1
메리니즈부엌이,1
8분동안,1
삶아주고,1
면수는,1
반컵만,1
유지하기,1
볶을게용,1
피망이,1
더해줍니당,1
반컵을,1
새콤할,1
볶기만하면,1
나폴리탄스파게티,1
5분토스트를,1
5분토스트,1
한쪽면에,1
발린,1
쪽을,1
체다치즈와,1
덮어줍니당,1
발라주고,1
난리가난,1
그와,1
짜파게티와,1
오징어짬뽕까지,1
3가지의,1
오징어짬뽕,1
둘은,1
불으니까,1
계란스크램블을,1
콘치즈레시피,1
얹어주면,1
뚝배기의,1
냅두고,1
저어주기,1
몽글몽글해지면,1
콘치즈를,1
녹기를,1
기다립니다,1
치즈볼을,1
필요한건,1
촉촉해진,1
믹서기를,1
도우를,1
빵가루에,1
4분정도,1
육안으로,1
치즈볼이,1
노릇노릇해질때쯤,1
빼주세용,1
케찹이나,1
치즈볼만들기,1
식빵으로소세지치즈볼만들기,1
작다는,1
계셨어서,1
그점도,1
보완했습니당,1
양희경님의,1
픽하게,1
되었죠,1
넣었습니당,1
익는데,1
오래걸리는,1
야채부터,1
소금한꼬집과,1
큰술인데,1
넣을거라,1
살살했어용,1
바꿔줍니당,1
2인분같은,1
1인분의,1
부어주기,1
스팸마요,1
먹다보니까,1
하게되면서도,1
스팸도,1
잇겠다,1
어줍니다,1
만들어주세여,1
화룡점정,1
초간단스팸마요덮밥,1
스팸마요덮밥레시피,1
명란파스타를,1
까르보나라였는데,1
그자리,1
명란파스타에게,1
넘겨줬습니다,1
최애파스타로,1
간편해서,1
쪽파송송,1
마늘쓱쓱,1
명란젓의,1
안에있는,1
꺼내줍니다,1
튜브형도,1
페페론치노를,1
약불유지,1
1국자를,1
면수와,1
짭쪼름함과,1
명란파스타였습니다,1
15초를,1
돌립니다,1
반복,1
10번만,1
1000가닥을,1
가닥을,1
만드셔두,1
꿀타래만들기,1
팬하나로,1
요리시간이,1
빵굽고,1
둘중,1
식던데,1
원팬토스트는,1
약불만,1
사용할게요,1
튀어나온,1
접어준,1
딸기쨈과,1
딸기쨈을,1
다른걸,1
준비했어용,1
맥심과,1
모카,1
모카컵케이크,1
맥심,1
맥심을,1
크랜베리나,1
제티로,1
초콜렛을,1
넣구,1
컵케이크가,1
완성되었습니다,1
코다차야식,1
코다차야,1
1인1볶음밥을,1
외칠정도로,1
새롭더라구요,1
불맛을,1
다른재료들과,1
섞어주세용,1
콘을,1
1조각을,1
넣어줍니당,1
아인슈페너와,1
계란크림을,1
익스트랙이나,1
아메리카노,1
농도의,1
드립커피를,1
이용했는데,1
1봉으로,1
달았어요,1
안넣어두,1
맛있습니당,1
에그커피,1
계란커피,1
이정현커피,1
흑당시럽은,1
비정제설탕을,1
만들더라구용,1
돼지불고기를,1
재워줍니당,1
흑설탕과,1
졸입니당,1
달달함의,1
나더라구용,1
좌르르나구,1
요리할때,1
이용해도,1
같아용,1
마약토스트의,1
2가지가,1
떠오르더라구요,1
마약,1
아니었어요,1
마약토스트를,1
이용해야,1
편해용,1
굽습니당,1
식힘망,1
올려놔야,1
sns마약토스트,1
발라요,1
짜더라구용,1
테두리에,1
짜줍니당,1
테두리,1
노른자는,1
스팸짜글이,1
양파반개를,1
안익어용,1
청양고추도,1
뭉개주세용,1
감자올리고,1
양파올리고,1
스팸올리고,1
양념넣은후,1
200ML넣어주세5,1
끓여주세용,1
양념레시피,1
더저었어요,1
4천번은,1
카누로,1
덜하더라구요,1
준비물은,1
맥심2봉과,1
힘쏀팔,1
맥심보다더단맛,1
달구나,1
달구나커피,1
초코스콘이에요,1
스콘이,1
사라져버렸어용,1
잘라줍니당,1
채쳐줍니당,1
쌀알크기로,1
썰어줍니당,1
개과,1
부어줍니당,1
220도예열,1
구워줍니당,1
많아졌어용,1
김밥맛에,1
탓인지,1
맛이더라구요,1
찰떡궁합인거,1
아시져,1
상상될것,1
UCB4J,1
계란베이컨김밥,1
간단음식,1
다음주면,1
발렌타인데이네요,1
해피,1
발렌타인,1
맛까지있는,1
정성이잖아요,1
요리시간까지,1
집앞에,1
편의점만,1
파베초콜릿을,1
틀까지,1
담아놨어요,1
정성까지,1
선물하세요,1
초콜릿에,1
가운데부터,1
묵직하게,1
4시간이상,1
카카오가루를,1
묻힌다,1
대나무빨대,1
핫초코레시피,1
아이스초코레시피,1
아이스초코,1
시리즈에요,1
오트밀죽에,1
부담없는,1
드신다면,1
오버나이트오트밀,1
귀리,1
원하시는거,1
올리시면,1
다이어트오트밀,1
오버나이트오트밀레시피,1
오트밀만들기,1
라이트한,1
덜어내셔두,1
suit,1
또띠아샌드위치,1
닭가슴살샌드위치,1
음식이지만,1
해장만은,1
스페셜하게,1
풀어질때쯤,1
스페셜라면,1
Baekjongwon,1
too,1
Especially,1
drink,1
pick,1
before,1
여자한테,1
석류청을,1
타드셔도,1
에이드를,1
석류를,1
석류와,1
냉장보관으로,1
Merin,1
real,1
pomegranates,1
fruit,1
women,1
ade,1
pomegranate,1
석류먹는법,1
석류청만들기,1
토스트에서,1
베이컨대신,1
용으로,1
요리만큼,1
추천합니당,1
Baek,1
Jong,1
won,1
instead,1
recommend,1
백종원토스트,1
100분께,1
정관장,1
홍삼활력,1
30포,1
모자르지만,1
사랑과,1
응원에,1
감사드리는,1
동영상을,1
가입하고,1
UCNB,1
6ArklP1Mgg11,1
Og2zMg,1
보답하겠습니다,1
100만구독자,1
골드버튼,1
정관장홍삼,1
감사이벤트,1
구독자이벤트,1
드신분들의,1
댓글들이,1
설명란에,1
영상보신,1
읽어보세요,1
안올린다니까요,1
멸치떡국,1
정진은,1
q4x,1
떡국이라고,1
주었는데,1
울큰아들,1
까칠한데,1
되겠는데,1
아들의,1
칭찬에,1
으쓱으쓱,1
준티비님,1
덕분이죠,1
Urineun,1
끓여먹었답니다,1
사실인지,1
번이라서,1
준티비님의,1
측면을,1
넘어서,1
송두리채,1
바꾼,1
예술가라고,1
여겨지네요,1
사고의,1
변환을,1
가져오는,1
씩만,1
나한테는,1
맞더군요,1
대박나시고,1
hongjikim5211,1
강력추천으로,1
맛있었습니다,1
안넣었는데,1
걸쭉하고,1
된다는게,1
믿기지가,1
널리널리,1
공유해야겠어요,1
s2,1
두번이나,1
286만,1
설엔,1
전설이,1
되십시오,1
오늘보니,1
25만,1
빛이나고,1
냄새없이,1
4만,1
107만,1
아이고,1
어디도,1
38만,1
눅눅해지지,1
mp4,1
19만,1
미친맛을,1
56만,1
두부버섯전,1
37만,1
950만뷰,1
녹두로,1
3만6천,1
26만,1
142만,1
467,1
467만,1
상은,1
완벽해,1
60만,1
165만,1
수정과,1
55만,1
하나로도,1
반찬들,1
두부반찬은,1
숨겨,1
애들하고,1
쌈이,1
82만뷰,1
녹두의,1
40배,1
35만뷰,1
시금치무침의,1
요것만,1
담백합니다,1
40만뷰,1
볶지마시고,1
93만뷰,1
밥상의,1
책임,1
대비전,1
중궁전에서,1
줄것,1
40장이,1
모자라서,1
100장묶음,1
9만6천뷰,1
요걸,1
11만뷰,1
아침식사등,1
조리법인데,1
배부릅니다,1
369만뷰,1
15분안에,1
이틀반찬이,1
302만뷰,1
쏘고,1
183만뷰,1
위장과,1
좋아요l,1
샐러드의,1
찬장만,1
열어도,1
세계가,1
129만뷰,1
양념만으로,1
1등에,1
129만,1
P35YRE5nO4,1
NO마요,1
97만,1
HuuO,1
YyFq28,1
49만뷰,1
Foods,1
Root,1
Vegetables,1
49만,1
CTAsBDyDqTU,1
68만뷰,1
당조절이필요하세요,1
chickpea,1
68만,1
SnaNY078WVA,1
30마리나,1
50마리,1
pollock,1
strips,1
이태리식,1
바질향,1
해물요리,1
사랑받으시는,1
8만,1
SHguHcfmEIY,1
109s,1
Jhc82XfkA9w,1
프랑스요리,1
Tartare,1
4만4천,1
vrOcMcLrwLQ,1
14만,1
wkU7EDY,1
한우보다,1
지중해식으로,1
ECGgLN7O1LE,1
21만,1
221만뷰,1
립아이,1
동심,1
냄새없는,1
특별레시피의,1
파티가,1
크리스마스의,1
필레미뇽,1
요리사십니다,1
Filet,1
Mignon,1
34만뷰,1
LlAjlObAUwA,1
625s,1
보시라니까요,1
steak,1
wAngfE,1
SWb4,1
Seared,1
Rib,1
Eye,1
Basted,1
56만뷰,1
FaG,1
mm90uKI,1
14s,1
4만5천뷰,1
NBaE,1
zdgcTE,1
36s,1
조리법이,1
12만뷰,1
b4ALtXU2FNw,1
파스타2,1
140만뷰,1
파스타면은,1
연구결과들,1
당지수,1
브라운대,1
연구팀,1
연구결과,1
되실겁니다,1
갖으세요,1
구입목록은,1
상에,1
제품보기를,1
이고,1
원팬인데,1
중국집보다,1
aQrY,1
pA1fAg,1
춘장도,1
yRpAp,1
28sqk,1
13분만,1
정통파스타보다,1
진짜요,1
43만,1
QbhT4pRTkOc,1
5s,1
만드셔야,1
명란알이,1
파스타에,1
18만,1
lIrApZx7bC0,1
Minari,1
shiitake,1
11만,1
d1ce1RfIXtQ,1
11s,1
NO우유,1
vegan,1
4만3천,1
성공하실,1
품위를,1
크리스마스가,1
따뜻해,1
매콤새우,1
크리스마스요리,1
22만뷰,1
dlAgfZN0dCo,1
1840년대,1
푸타네스카,1
puttanesca,1
33만뷰,1
6SlDxB,1
RlzI,1
감바스보다,1
있지롱,1
쩔었슴다,1
36만뷰,1
L6pJm5jWazY,1
올리오를,1
167만,1
HqAi4,1
ucgjY,1
해감방법,1
Vongole,1
PASTA,1
16만뷰,1
FwYAswYLAPc,1
188만뷰,1
스프들,1
건강스프,1
슈퍼푸드만,1
57만,1
z8nd,1
mcARLs,1
583s,1
들깨요리중,1
최고였습니다,1
288s,1
초초간단,1
스프는,1
52만,1
3ytCRcJVbao,1
10분요리,1
10만,1
5dx69nopE3Y,1
351s,1
5만,1
2QuYYQI3PY8,1
정상속도로,1
명인,1
평양냉면김치,1
쏩니다,1
Atuo0NbT2Oo,1
처음과정을,1
안넣고도,1
D0J3d,1
jArBg,1
기가막히네요,1
하루면,1
이나요,1
RADISH,1
JBZl8A3Zdb8,1
행복하게,1
해드릴께요,1
삼청동,1
신촌,1
칼국수집,1
백김치보다,1
고춧가루도,1
이어도,1
남도김치,1
안쳐다봐요,1
배추양념,1
40줄기,1
100마리,1
가는것,1
동태전감,1
마지막무침,1
김치소,1
김치완성용,1
Salting,1
Napa,1
무게의,1
용기와,1
건멸치,1
chives,1
덖는,1
으깨는,1
20줄기,1
믹스드,1
한줄기,1
고르곤졸라,1
Serves,1
냉장고만,1
털으셔도,1
차지키가,1
차지키,1
Tzatziki,1
Chwi,1
chung,1
맛이야,1
하실거에요,1
멸치도,1
뺐는데,1
왜이렇게,1
준티비청국장,1
한뿌리,1
안매운건고추,1
한손,1
전기밥통의,1
오래된밥,1
덮밥하나,1
싸웁니다,1
선택사항으로,1
5줌,1
Tomatoes,1
청도,1
총고춧가루,1
총소금,1
27마리,1
개마리,1
바꾸세요,1
안벗겨져요,1
JUNTV9,1
2인분용,1
작은감자,1
닌자푸디,1
닌자에어프라이어,1
큰마늘,1
편썬,1
almonds,1
Twin,1
Musicom의,1
Italian,1
Morning에는,1
크리에이티브,1
커먼즈,1
저작자,1
라이선스가,1
creativecommons,1
org,1
licenses,1
즙이,1
꽉차서,1
유럽,1
계란찜으로,1
셀바이뮤직,1
Title,1
SellBuyMusic,1
sellbuymusic,1
md,1
mdqhtwc,1
actxkcn,1
큰거한장,1
몇줄기,1
짜기에,1
Aged,1
Onions,1
several,1
saltiness,1
파란부분,1
part,1
Approximately,1
준비중,1
부분만을,1
왜냐,1
드셔보시지,1
않고는,1
상상불허,1
60마리,1
1935년생,1
1달이상,1
건강보장,1
역쉬,1
현명한,1
콩빠다,1
평생김치,1
뺄라고,1
뺀게,1
뺀거에요,1
만들다보니,1
비건김치네요,1
10일후,1
오이지같아요,1
사랑받으십니다,1
개무게를,1
합해서,1
오이무게,1
작은사이즈의,1
14가닥,1
겨자잎,1
Cucumbers,1
100만명이,1
예측할,1
드실걸요,1
준티비면,1
준티비국수,1
적양파,1
국수밑간,1
폭발에,1
시어져도,1
김치담그는법,1
NOMSG,1
준티비열무김치,1
우림,1
덖음,1
안돼지,1
개로만,1
상상초월,1
토마토전,1
부피를,1
괜찮고,1
Prepare,1
patato,1
Weight,1
doesn,1
matter,1
인건,1
1300,1
우려내기용,1
덖기용,1
큰듬뿍,1
Eolgali,1
grown,1
7cloves,1
즙과,1
오이향을,1
잃어요,1
우리기,1
30분이면,1
당오름,1
무나무,1
준비비,1
JUNTVradish,1
cZN,1
pkPJZ10,1
고추기름만들기,1
건강한고추기름,1
이파리,1
산나물,1
깻잎레시피,1
준티비깻잎,1
준티비깻잎요리,1
100장의,1
3꼬집으로,1
50장의,1
중간것,1
1꼬집으로,1
준티비쑥요리,1
준티비버섯요리,1
mugwort,1
준티비짬뽕,1
건강짬뽕,1
냉동해물,1
20마리나,1
평상의,1
안올립니당,1
간단재료,1
거피들깨가루,1
1head,1
Peeled,1
Tb,1
4cup,1
달링다운와규,1
DarlingDowns,1
DarlingDownsWagyu,1
재료내용과,1
테이블위의,1
링크들는,1
설깃살,1
치마살,1
홍두깨,1
disp,1
brandShop,1
brandId,1
1010300103,1
와규에,1
알아보세요,1
darlingdownswagyu,1
쉽죠,1
배추절임법,1
fine,1
5sheet,1
안사드셔도,1
된데요,1
볶아도,1
삶아도,1
면역과,1
노화방지의,1
감자속에,1
준티비는,1
죄다,1
천지,1
확인하세용,1
울아버지,1
C0SVAVHW0aE,1
119s,1
2가지로만,1
칼칼찌개,1
O8M9ayaY5QQ,1
25s,1
감자그라탕,1
에어프라이어요리,1
오븐요리,1
CeDMmcAnxOg,1
200만뷰,1
TeHc,1
h0d5J0,1
치킨보다,1
감자버무리,1
X8JPFM,1
t2,1
TY,1
49s,1
포테토칩,1
jIFd1Vx,1
W4M,1
AJPiAbk1GsU,1
OCj,1
JPNyt5s,1
35s,1
위건강에,1
T2mvPeVvp3I,1
우거지,1
진짜에요,1
작은감자는,1
사각작게,1
매운건고추,1
인공조미료,1
깊이있는,1
보장합니다,1
무밥,1
수육보다,1
고기냄새,1
기름기없이,1
MdeD1Q3ShGg,1
볶으시면,1
안되세요,1
빼시고,1
JeiQztEytTs,1
지었습니다,1
하겠네요,1
보리밥과,1
냄비밥,1
uZjePKAy,1
M8,1
180s,1
북어국이,1
있어지는,1
깊은맛,1
내시려면,1
vjcXobvdB2M,1
pTzKR4FAtAk,1
폭발입니다,1
shishito,1
깊은맛을,1
국물요리는,1
명란탕,1
준티비엔,1
국들이,1
궁중요리지,1
7분완성,1
0O0IWoRuFWw,1
w12DFRu2Gbs,1
콩나물탕,1
PbldJ7,1
LOeQ,1
BXWA9nl35zE,1
김칫국,1
김칫국달인,1
J7zYg,1
sCbRQ,1
재첩국,1
PZbF9d99VyE,1
뜨거워도,1
차도,1
bYAlwH76m5s,1
JXP4sAw1ps8,1
0FK9RNhufHLnWZz8FvTZqohfLxvxOWi,1
전병,1
준티비전,1
메밀반죽,1
3장분량,1
Buckwheat,1
Batter,1
English,1
늘리세요,1
고명야채,1
당면용,1
두부요리에도,1
부모님도,1
좋아하셨고요,1
밑간양념,1
아스파라거스를,1
있습니다용,1
고기곁들이,1
안매운것,1
Asparagus,1
Not,1
Balsamic,1
무침엔,1
고추면,1
흰부분만,1
Any,1
항암토마토로,1
비건국수,1
아래재료,1
레몬0,1
N0,1
김치인데도,1
다시마우린물,1
톡쏘게,1
비법공개,1
온동네,1
절임소금,1
북어국에,1
가마솥같은,1
7꼬집,1
만드시는분도,1
김치용기는,1
배추절인,1
15줄기정도,1
based,1
container,1
Liter,1
NO설탕,1
NO식초,1
오이요리가,1
맛있기가,1
경험하십시오,1
좋아하실겁니다,1
LlyDHqrvJo8,1
0FK9RNhufEv2SHQTLThY55QQ,1
GEMH0Dw,1
exBRluzIByw,1
mKML8zFkRps,1
rUDCxH0,1
tlNg,1
kDZnPw394EE,1
들기름이,1
행복을,1
아빠도,1
새신랑도,1
생마늘,1
12가닥정도,1
불작업,1
4년만에,1
wasabi,1
자신없는,1
사흘이,1
만드는분도,1
주의사항,1
담그었다,1
행구어,1
사용하시고,1
고정댓글의,1
8줄기,1
pear,1
중간멸치,1
건강요리가,1
되는겁니까,1
살찌겠어요,1
치유식,1
TOFU,1
SOY,1
SAUCE,1
PUREE,1
만들경우,1
IN,1
CASE,1
ONE,1
GARLIC,1
CLOVE,1
WATER,1
CUP,1
평생건강,1
항당뇨,1
막힙니다,1
알고싶은,1
anti,1
cancer,1
12ea,1
Extra,1
다시마약간,1
Fermented,1
Mugwort,1
장수식품,1
검정올리브,1
생로즈마리,1
생타임,1
레몬껍질,1
rosemary,1
thyme,1
안보면,1
믿어요,1
잡았습니다,1
soybeansoup,1
misosoup,1
2liter,1
30pcs,1
fermented,1
Doenjang,1
Miso,1
로마노,1
안올려요,1
매일드세요,1
인생이,1
디종머스타드,1
dijon,1
살리다,1
터졌습니다,1
안드셔보시면,1
모르세요,1
항암요리,1
Non,1
뭐로하든,1
잡곡빵이나,1
multigrain,1
baguette,1
ricotta,1
자연치료제,1
frying,1
고품격,1
교실,1
날씨에도,1
참기름까지,1
높인,1
오이김밥입니다,1
되살리는,1
재료소개,1
양념우엉,1
볶음참깨,1
숟갈만,1
김말이,1
게맛살과,1
머스타드의,1
같지,1
함초소금,1
머스타드0,1
하루만,1
노란빛,1
돌면서도,1
반찬이죠,1
집오이지,1
콩설기,1
서리태콩,1
멥쌀가루,1
caQ0vB,1
caQ0D4,1
caQ0Gz,1
따른,1
마님들,1
따스한,1
무정과,1
갱엿,1
안채,1
youngjaskitchen,1
youngjas,1
에이프런,1
원피스,1
들기름1,1
6330502017,1
아구,1
1500,1
소주잔,1
아사이볼을,1
이벤트는,1
개라고,1
요아정,1
반값데이로,1
제품만,1
반값이,1
그레이프베리,1
오몽코코,1
그레이프베리랑,1
오몽코코을,1
선택했어요,1
반값이라,1
4750원,1
4500원이니,1
저렴하다,1
반값데이,1
아니더라고요,1
리스트와,1
세종어진점,1
광양중마점,1
사당점,1
일산정발산역점,1
전주송천중앙점,1
박스채로,1
도착이,1
개봉을,1
보관부터,1
냉장보관을,1
이내에는,1
딱딱해진답니다,1
바뀌면서,1
줄어들기도,1
쪼글해지거든요,1
생과도,1
부분이기도,1
파내서,1
가격표만,1
한숨이,1
시기죠,1
계산기를,1
예산을,1
따져보게,1
아군처럼,1
곳이지만,1
시즌엔,1
알뜰한,1
득템할,1
곳곳에,1
식료품이나,1
생활용품처럼,1
제품들은,1
높더라고요,1
알짜,1
품목들을,1
발견했는데요,1
사용해보고,1
추천템들과,1
꿀팁들을,1
정리해보려고,1
700원,1
사골곰탕,1
순대국이나,1
돼지국밥,1
만두국등,1
두시면,1
편하더라구요,1
그릴,1
도이치햄,1
요린이레시피,1
만들어먹지,1
멈추시고,1
장식해보세요,1
쌀밥에,1
도둑이,1
1Kg도,1
감당할,1
역할,1
해내는,1
김장은,1
부담스럽잖아요,1
허리도,1
오래걸리고,1
쑤는게,1
귀찮더라구요,1
겉절이는요,1
일수록,1
먹어야죠,1
흘리는,1
챙겨요,1
먹기전,1
과식,1
두부오이샐러드에요,1
490원,1
590원,1
참외샐러드도,1
펩시콜라,1
15팩,1
190원,1
제로탄산음료에요,1
할인할때,1
구비해도면,1
SAN,1
PELLEGRINO,1
24캔,1
방홍근홈패션,1
인견,1
3중직스프레드,1
퀸사이즈,1
200x220cm,1
어찬반상,1
볼락,1
생선이,1
보석이라고,1
불리우는,1
볼락도,1
가시없는,1
순살로,1
판매하기에,1
먹어보았어요,1
어찬반상의,1
순살볼락인데,1
북대서양의,1
견디며,1
자라난,1
노르웨이,1
볼락의,1
상품이에요,1
순살이라,1
구워주었어요,1
특대사이즈라,1
간단한요리로,1
일주일의,1
말의,1
공백을,1
중순의,1
기록하게,1
텀이,1
다녀왔기,1
때문이랍니다,1
혼자만의,1
휴식,1
즐겼어요,1
친구들도,1
발더스게이트의,1
모험을,1
떠나면서요,1
게임을,1
식음을,1
그릭요거트만들기,1
꾸덕메이커,1
먹으려니,1
주변에서는,1
먹는다기에,1
마련했어요,1
그릭요거트는,1
그릭요거트메이커를,1
480원에,1
가격적인,1
꾸덕꾸덕함이,1
꾸덕메이커를,1
추천하던데,1
핑크색의,1
컬러도,1
지기,1
담아야,1
오독오독해요,1
물없이오이지,1
오이지만들기,1
지구오락실,1
시즌3,1
5화에서,1
이영지님과,1
잘끓이기,1
대결이,1
까르보불닭,1
시청중이었는데도,1
돌더라구요,1
캡쳐했어용,1
불닭이,1
먹고싶기도,1
이영지님의,1
불닭에,1
모짜,1
추가였는데,1
일치해서,1
이영지님,1
맛잘알,1
사실상,1
몰표로,1
따라해봤어요,1
왔거든요,1
연락도,1
되었기에,1
반갑기도,1
푸라닭에서,1
나폴리맛피아,1
콜라보인,1
시켜보았어요,1
어떨지,1
푸라닭만의,1
부직포,1
가방,1
포장은,1
지죠,1
통다리살만,1
순살은,1
사용한다고,1
박스를,1
뭐지,1
넣었나,1
뇨키였어요,1
뇨끼라니,1
처음이었습니다,1
14일에,1
10일이상,1
숙성해서,1
대세라지만,1
저두,1
담가봐서,1
시큼털털한,1
전통오이지를,1
기후도,1
온도도,1
습도도,1
달라야,1
한다는걸,1
깨닫는데요,1
담가봅니다,1
추가하고,1
아직까지는,1
대성공입니다,1
방울토마토가,1
남은거,1
만들겁니다,1
만만한,1
많으니깐,1
애호박이랑,1
된장찌개도,1
끓여주고,1
남았길래,1
남은거랑,1
반들어주고요,1
감자치즈전,1
줄지가,1
허전하다,1
헤치우자,1
치즈감자전도,1
저녁해결했어요,1
따라해보면,1
열무절이기,1
갈기,1
국물간,1
식사때마다,1
열무김치담그기,1
나눠놓는,1
큰아이네가,1
갖다,1
먹었으면,1
마음인,1
오라,1
가라,1
쟁여두었다가,1
얼굴보면,1
건네주곤,1
덜할까,1
걱정되나,1
이야기했으니,1
지나가다,1
들르겠지,1
성격이,1
조급했던,1
느긋해지고,1
조바심을,1
느끼거나,1
참견하는,1
살면,1
서로의,1
닮아가나,1
풀이나,1
보리쌀풀,1
연하게,1
쑤어서,1
열무김치맛있게담그는법,1
추적추적,1
생각나세요,1
김치전이에요,1
이원일,1
건조오징어로,1
배달특급,1
대구로,1
한달간,1
자사앱,1
마지막주,1
치킨플러스의,1
치플,1
윙봉세트,1
3종을,1
전해드리려고,1
치킨배달,1
치킨맛집,1
치킨브랜드순위,1
치킨메뉴,1
치킨종류,1
치플윙봉세트는,1
입혀져서,1
일품이었어요,1
두껍지도,1
얇지도,1
두께라서,1
느껴지더라고요,1
기름만을,1
누린내,1
없었고,1
맛이었답니다,1
거리는,1
사운드,1
귀르가즘,1
참고하여,1
츄츄,1
넣어보겠습니다,1
지지난,1
할인해서,1
소분해,1
두었는데요,1
주에도,1
돼지고기들,1
식비를,1
절약하면서,1
콩나물국밥과,1
표고와사비,1
차렸죠,1
기준이니까,1
일반란의,1
단축해서,1
삶아보시면,1
꺼내두기,1
츄츄네는,1
실온은,1
실온인데,1
닿지,1
두는,1
꺼내두시고,1
찬기가,1
사라지도록,1
깨지기,1
사용하심,1
손을,1
츄츄도,1
만진,1
해준답니다,1
짱짱한,1
생활용품점으로,1
주부라면,1
코너,1
돌면,1
들리면,1
주방템,1
3가지는,1
방문한다면,1
가져오셔야,1
맘카페에서,1
폭발한,1
제품들이거든요,1
TOP3만,1
다이소,1
쟁여오세요,1
한곳에,1
정리하기,1
스텐,1
트레이인데요,1
코코에서,1
주엔엔,1
할인상품을,1
정리해왔어요,1
정리했답니다,1
하나라도,1
가능성,1
가세요,1
기간까지,1
참고해보셔야죠,1
방문하니까,1
지난주엔,1
진행중,1
이더라구요,1
카드,1
대기하고,1
계셨어요,1
추천음식,1
200원으로,1
790원에,1
히모니카와,1
500으로,1
490원에,1
리노,1
리윤님을,1
초대해,1
내어줬어요,1
알려주지,1
유추해,1
액젓이,1
들어가야,1
팟카파오무쌉,1
방송에서도,1
구워먹고서도,1
비웠습니다,1
사태를,1
오이물만들기,1
대형지퍼백,1
갈비삼겹,1
일주일메뉴,1
국종류,1
집밥레시피를,1
깻잎장아치로,1
한팩을,1
밑둥,1
옮겨요,1
한쪽에,1
뿌려요,1
고깃국을,1
잘나와서,1
요리하지,1
끓여주기만,1
위해서도,1
갈비탕이에요,1
유가옥은,1
50년,1
굳건히,1
설렁탕맛집으로,1
방부제,1
착색료를,1
철저한,1
위생시스템으로,1
염증까지,1
샐러드에요,1
오이맛고추,1
메추리알까지,1
토마토오이,1
저장각,1
날파리까지,1
꼬이기,1
시작하더라구요,1
냉동으로,1
꿀팁으로,1
날파리와,1
갈변,1
막는,1
건강지키미,1
코지기입니다,1
코지기는,1
되는지,1
현대인들은,1
거르고,1
단식이,1
유행하면서,1
사람들도,1
추세입니다,1
걸러도,1
건강엔,1
챙기라,1
부족해,1
과식하거나,1
이어지기도,1
원치,1
건너뛰면,1
문제,1
발생할까,1
결핍될,1
말합니다,1
건너뛸,1
무작정하지,1
계획적으로,1
결핍으로,1
건강의,1
균형이,1
깨지거나,1
신체,1
발생할,1
규칙적으로,1
거르는,1
하고자,1
전문가와,1
상담하는,1
점검해,1
지방산,1
체크해봐야,1
준비해본,1
비넛버터만,1
오트밀바,1
바닐라익스트렉,1
오이에요,1
오이는요,1
최고거든요,1
붙이기도,1
정도니까요,1
공급해주고,1
배출하고,1
도와주고,1
항염성분이,1
새우젓갈,1
초여름까지가,1
담그시는,1
계시는데요,1
오이지무침을,1
포스팅하는,1
다다기오이,1
직장인점심,1
결심하고,1
무턱대고,1
무리해서,1
공간도,1
부족하게,1
발생하더라구요,1
우리에게는,1
실온닭가슴살이,1
시리즈는,1
기본과,1
헬짱을,1
대용량도,1
불닭소스맛으로,1
ml계량컵,1
이장우레시피,1
나혼자산다레시피,1
나혼자산다에,1
출연했는데요,1
먹을게,1
푸짐푸짐,1
눈길을,1
였어요,1
끓여주는데,1
버전이랍니다,1
롯데리아,1
얼라이브버거,1
블랙페퍼맛,1
나왔다,1
지나치기,1
평소랑,1
특이한,1
메뉴라면,1
직성이,1
롯데리아에서,1
얼라이브,1
그랬어요,1
움직일,1
소프트쉘,1
크랩을,1
넣었다고,1
먹어볼,1
이덕화,1
포스터,1
웃음부터,1
표정이랑,1
포즈가,1
찰떡이었어요,1
보자마자,1
머릿속에,1
있었죠,1
니들이,1
게맛을,1
알아,1
느낌이었어요,1
건졌다,1
B급,1
감성인데,1
묘하게,1
끌리는,1
웃겨서,1
매장안으로,1
고고씽,1
롯데리아가,1
이렇게까지,1
나오다니,1
싶었죠,1
인스타에서,1
후기들이,1
잡내는,1
고소함도,1
더해주고요,1
바르르,1
눌려주고,1
고춧가루에,1
빛깔,1
칼칼,1
알려드리는대로만,1
보이소마,1
적당량만,1
담아두세요,1
생깻잎,1
70장,1
허전해서,1
박스째,1
재료인데요,1
보관하지,1
멀쩡해,1
속부터,1
곰팡이,1
생기기,1
상해버릴,1
통양파를,1
더오래,1
계량했습니다,1
쌈장레시피,1
참치쌈장레시피,1
쌈요리를,1
필요한데,1
쌈장만드는법,1
쌈장레시피입니다,1
많지요,1
상추쌈을,1
비롯,1
쌈까지,1
쌈밥을,1
배우기,1
위함이었어요,1
배운,1
익히느라,1
짜장과,1
25가지를,1
열심히도,1
쿡방에서,1
소개해주는,1
레시피들만,1
짜장밥만들기,1
짜장하면,1
비롯해,1
주네요,1
전국에,1
내린다고,1
일과를,1
적이면,1
어머니나,1
외할머니가,1
주시기도,1
하셨었는데요,1
별미거든요,1
양념장까지,1
어버이의,1
큰것인지,1
느꼈고요,1
마트에가면,1
띄이는,1
부추죠,1
성분도,1
항암성분이,1
피로회복에도,1
혈액순환에도,1
변비에도,1
어혈도,1
풀어준다고,1
즐겨먹곤,1
부추달걀볶음,1
부추빵,1
부추잡채,1
꽃빵과,1
잡채입니다,1
저녁반찬이,1
마땅치,1
꼬집씩,1
대파국,1
파개장,1
179,1
공유하기,1
감자채볶음레시피,1
류수영부대찌개,1
부대찌개재료,1
가공육이나,1
부찌로,1
기존엔,1
지난번엔,1
먹겠다고,1
똑같네요,1
멸치육수로,1
익숙하지만,1
외식해서,1
프렌차이즈에,1
들르면,1
맛있긴,1
속엔,1
사리곰탕면이,1
들어가는데요,1
대찌개,1
케첩이,1
놀부,1
비슷비슷한데요,1
입맛과,1
듯요,1
만들어두고,1
변형해서,1
끼에,1
츄츄는,1
다이어트샌드위치,1
계란1장,1
스리라차소스나,1
토마토파스타소스,1
줌만,1
쌀뜨물이나,1
식비절약,1
삼칠부부입니다,1
식비절약과,1
주마다,1
정하는,1
삼칠부부의,1
포스팅에서,1
식비,1
지출,1
내역,1
품명,1
미국PR척아이롤,1
90,1
당근요리가,1
드네요,1
전통오이지담그는법,1
재래식오이지담는법,1
담그기를,1
담그기처럼,1
빼놓지,1
연중행사라서,1
집에선,1
담그기라고,1
소금물의,1
높게,1
붓는,1
재래식을,1
고수하고,1
숙성기간이,1
걸리긴,1
옛날식으로,1
마트에서는,1
나왔었어요,1
농수산시장에서,1
물건을,1
가져오니,1
출하가,1
몇주전,1
온전하지,1
상품들이,1
최고더라고요,1
실하고,1
닭도리탕레시피,1
닭볶음탕은,1
이루도록,1
조리하기도,1
초여름이면,1
담그죠,1
아삭하면서도,1
청량한,1
더워져가는,1
장조림버터비빔밥,1
유행한,1
여름부터,1
재해석했더라고요,1
장조림에,1
더했는데요,1
산책하다가,1
스타벅스에,1
들렀습니다,1
당긴다며,1
딜라이트,1
블렌디드를,1
골랐고,1
궁금했던,1
콜드브루를,1
생소하긴,1
기대되더라고요,1
마셔본,1
했고요,1
궁금하더라고요,1
죽순보관법까지,1
죽순도,1
맹종죽순,1
분죽,1
초에는,1
맹종죽순이,1
짧고,1
통통하면서,1
아삭아삭하다,1
거재도에서,1
생산되는,1
종류다,1
중순,1
이후에는,1
분죽이,1
나온다,1
신맛은,1
맞에,1
가감해주시면,1
추가하이소,1
밥상에도,1
며칠씩,1
워킹맘이라면,1
만들어보시길,1
강추해요,1
죽어버려요,1
크래미가,1
기본이고요,1
넣어볼까,1
채칼에,1
튀더라고요,1
썰어주면,1
2작은,1
절여줄게요,1
준비할게요,1
좋으면서,1
준비해볼게요,1
두주먹,1
버전이니,1
1봉지를,1
삻는,1
축구팀이,1
응원을,1
갔었는데요,1
준우승과,1
상품으로,1
받아왔어요,1
쿠키인줄,1
알았다가,1
실망,1
챙기기,1
마오리어로,1
낚시,1
갈고리를,1
고정하는,1
Thread,1
TAKA,1
수세기에,1
남태평양의,1
잡았던,1
말보로,1
잡았다는,1
의미의,1
말보로의,1
테루아를,1
뉴질랜드와인,1
소비뇽블랑,1
잔에,1
따라봤는데,1
밝고,1
생동감,1
열대과일과,1
류수영닭볶음탕,1
닭볶음탕만드는법,1
닭볶음탕양념,1
닭볶음탕도,1
낸답니다,1
차이점이라면,1
팁들이,1
더해준답니다,1
양념인데,1
4가지의,1
맞춘다면,1
생각되셨다면,1
고급수입생수,1
미세플라스틱,1
24병,1
수입생수,1
얼갈이배추와,1
단짝처럼,1
돋는,1
청와대,1
풀안,1
쑤고,1
쑤지않는대신,1
합치면,1
끝이에요,1
3일째가,1
맛있다던데,1
오이짠지,1
서둘러서,1
먼저는,1
무치고,1
나눠주다,1
없어지니,1
담가놓으면,1
한여름에,1
장마철이,1
전이니,1
쓴맛도,1
가을까지,1
다양한데,1
오이지더라고요,1
앞서서,1
여름내,1
냉국도,1
조각을,1
가볍긴,1
해야겠고,1
니즈를,1
고려하여,1
밥도,1
현미밥을,1
아삭아삭하니,1
참치김밥이에요,1
재료들은,1
심플하지만,1
먹고나면,1
기분좋은,1
혈당다이어트,1
혈당관리가,1
안정적으로,1
관리하면,1
감정적,1
갈망을,1
오르내리면,1
뇌가,1
부족을,1
착각해,1
관리는,1
조절과,1
집중력,1
향상,1
전반에,1
혈당다이어트에,1
휘낭시에,1
선물세트는,1
8구와,1
10구,1
구성되어있어,1
베이커리는,1
프랑스산,1
발효버터인,1
엘르앤비르와,1
난백을,1
영하,1
32도,1
급속냉동법으로,1
와요,1
택배로,1
받아보았는데,1
오프라인에서,1
무인양품,1
강남점,1
경기점,1
대전점,1
인천점,1
건대점에,1
입점되어있으니,1
가능하더라구요,1
수도권에서만,1
가능하다보니,1
부산사는,1
웁니다,1
치킨마요덮밥,1
유부초밥,1
참치옥수수전,1
등심돈까스,1
5월12일,1
5월16일,1
장바구니,1
월남쌈은,1
뭐니뭐니,1
땅콩소스가,1
제맛이죠,1
땅콩소스부터,1
월남쌈까지,1
김밥처럼,1
대왕김밥처럼,1
비빔국수양념장레시피,1
저녁이라,1
야식이,1
버무렸는데,1
맛나죠,1
상추도,1
버무려봤어요,1
깻잎이나,1
만드는법만,1
소박이를,1
맞죠,1
양배추절임입니다,1
매끼니,1
스팸순두부찌개레시피,1
요리재료,1
현미귀리밥,1
슬라이서로,1
유리볼에,1
재래시장,1
닭발에,1
식구들은,1
약속이나,1
닭정육,1
코너에,1
눈길이,1
가진다,1
무뼈닭발도,1
통뼈,1
뼈있는닭발,1
닭발로,1
주변을,1
물들인,1
쫀득함까지,1
닭발볶음,1
조려지는,1
제요리,1
기대하면서,1
하영님의,1
스무,1
닭가슴살볼,1
다이어트식단을,1
있지는,1
식단처럼,1
노력은,1
챙겨먹으려,1
닭가슴살볼이,1
맛있기도,1
추천드리려고,1
쿠즈락닭가슴살볼,1
토마토라구는,1
미식의,1
시대이기에,1
파인다이닝으로,1
재해석한,1
토마토라구맛과,1
크림치즈맛,1
출시되었는데,1
토마토맛을,1
즐겨먹게,1
마른팬에,1
덖어준,1
날릴,1
멸치볶음을,1
소시지도,1
초당옥수수찌는법,1
초당옥수수삶는법,1
초당옥수수품종,1
초당옥수수칼로리,1
간식추천,1
아삭하면서,1
수분감,1
부드러워져서,1
생식으로,1
위생적이라,1
이하의,1
초록빛에,1
빛깔이,1
균일한게,1
오이지용으로,1
10분가량,1
담가둔,1
물세척,1
힘으로,1
문지르거나,1
비추해요,1
물러지거나,1
들깻가루,1
50분만에,1
도착,1
꺼내면,1
치킨박스와,1
하바네로,1
치킨무가,1
구성이에요,1
콜라는,1
구성에,1
포함되지,1
단골이면,1
25L를,1
보내주시더라고요,1
배달앱을,1
이용하는데,1
6천원,1
할인쿠폰이,1
적용되어,1
bhc,1
쿠폰적용,1
000원에,1
25일,1
일요일까지,1
쿠폰을,1
지급하니,1
박스는,1
생분해,1
포장지로,1
기분인데요,1
포장재,1
재활용,1
상추쌈,1
쌈밥만들기,1
상추쌈도시락,1
쌈도시락,1
여름까지,1
나오는데요,1
아삭거려,1
담가먹기,1
자작,1
자작하고,1
싱그러움도,1
법은,1
살방살방,1
윙윙,1
풋내와,1
참치김치찌개끓이는법,1
방울토마토샐러드만들기,1
생바질잎,1
방토는,1
해주었으며,1
발사믹식초가,1
레몬즙으로,1
말아보자구요,1
부재료나,1
열무와,1
얼갈이배추를,1
드렸던,1
열무만으로,1
담가봤답니다,1
레시피인,1
담가보고,1
그만이거든요,1
히힛,1
오기전,1
설탕오이지,1
물엿오이지,1
담아봤지만,1
제입맛에는,1
소금오이지가,1
개운하니,1
옛날오이지,1
4리터,1
오이지오이는,1
호박구이,1
우렁쌈밥,1
연어회,1
물회,1
성심당,1
어버이날케익파티,1
주간,1
차려먹은,1
보낼까,1
야구장에,1
가려구,1
순살감자탕,1
간편밀키트,1
뼈해장국을,1
마켓에서,1
밀키트가,1
구매했는데,1
쏘쏘,1
아니였다,1
냉동상태로,1
할때에는,1
가능하다,1
냄비와,1
가능한데,1
냉동블루베리,1
냉동딸기,1
아사이베리가루,1
냉동블루베리에,1
냉동딸기를,1
새콤함이,1
냉동과일을,1
그릭요거트로,1
두유와,1
갈아주면서,1
맞춰보세요,1
냉동과일은,1
지난번에는,1
어울리더라구요,1
가정식반찬메뉴,1
퍼묵퍼묵,1
한끗,1
햇살한스푼,1
옥수수도,1
감자계란샐러드를,1
대량생산했어요,1
매운오징어볶음양념,1
드셨네요,1
한근데,1
4800원에,1
팔았는데요,1
한근,1
세식구,1
류수영님이,1
편스토랑에서,1
앞다리살은,1
넣어놨더니,1
한쪽이,1
얼었더라고요,1
통마늘이,1
없게됩니다,1
들려보니,1
질끈,1
묶은,1
베이킹소다를,1
숟갈을,1
마늘쫑지를,1
넣으면서,1
몇컵인지,1
계산합니다,1
물분량의,1
10만큼,1
뜨지않도록,1
통이나,1
유리병안의,1
일년이상,1
실온에서는,1
한여름이,1
지나도록,1
막같은,1
생겨도,1
요상한데요,1
날은,1
여름이구나,1
더웠다가,1
아니야,1
춥게,1
느껴지니,1
어제도,1
반팔,1
차림으로,1
집을,1
나설,1
느껴졌는데,1
돌아올,1
반팔로,1
나오길,1
잘했다,1
송골송골,1
떨어지자마자,1
추워,1
닫게,1
작년까지만,1
이때쯤,1
더웠던,1
이러는지,1
저로선,1
일인데,1
심어야,1
날씨라면,1
나올까,1
슬쩍,1
초짜,1
농부,1
저와는,1
주변에서,1
지으시는,1
농부님들은,1
땅을,1
씨뿌리기,1
계시니,1
고르기에,1
열심일,1
콩농사에,1
소경이,1
문고리,1
잡듯,1
어찌어찌해서,1
수확량이,1
많았지만,1
키울,1
먹거리입니다,1
7자루만,1
밭에,1
심어,1
모습인데,1
벌레가,1
꼬이던지,1
흰줄기,1
가족수에,1
대파크림소스,1
두부강된장만드는법,1
돼지고기김치찜,1
등갈비김치찜레시피,1
밥반찬이나,1
잡냄새가,1
등갈비의,1
빼내는,1
6월장에는,1
비빔양념,1
온리유,1
메밀간장,1
장들이,1
6월에도,1
이야기들,1
나눠갈께요,1
사진으로도,1
짼팬님들께서도,1
보여주세요,1
6월장은,1
8시에,1
아몬드멸치볶음,1
꿈상점의,1
면류를,1
해주었더니,1
클리어,1
메밀막국수,1
안성맞춤이에요,1
신선식품,1
식료품들까지,1
할인할,1
쟁여놔야,1
기준이고,1
할인하는,1
제품들만,1
작성해,1
대전점을,1
방문했어요,1
사천짜장맛,1
요리네,1
다이어트하려고,1
왜케,1
재방으로,1
버려서,1
윤남노짜파게티,1
거보다,1
요리느낌,1
감기면서,1
불맛도,1
맵질이지만,1
있다고요,1
해버린,1
짜파게티레시피,1
짜장맛,1
보셨음,1
잔치국수레시피,1
중면이나,1
맵달하니,1
드셔보셔야,1
없으시다면,1
필수죠,1
유아식레시피로,1
소개할만한,1
우잇,1
이야기해볼려고,1
우잇의,1
계란국은,1
만들어졌는데요,1
유정란,1
제품이라는게,1
휴가를,1
많으신,1
솔루션이,1
꽃대의,1
씨방,1
수확해서,1
부드러운지,1
기본손질까지,1
보내주어서,1
계란국만큼,1
새우젓건더기,1
타버리고,1
치키스톡,1
한주가,1
중순을,1
날씨처럼,1
볕이,1
뜨거워,1
벌서,1
덥다,1
아니었다는,1
비밀요,1
오버쿡이,1
보관해둔,1
꺼내는데요,1
휴지시키지,1
삶을거에요,1
포감이,1
있어야죠,1
절이거나,1
식감만,1
맛있는거,1
10바퀴,1
제육볶음양념장,1
양배추채,1
뚝딱했어요,1
자취생들의,1
주재료랍니다,1
panda네에,1
즉석밥이,1
저당밥을,1
얼렸던,1
해동하면,1
즉석밥과,1
일회용,1
조미김은,1
초록이네예요,1
여러가지를,1
이번주에도,1
할인하고있는,1
소개해드릴겸,1
가져와봤어요,1
육류부터,1
제품까지,1
가시기,1
체크해보시고,1
방문하시는,1
안그러면,1
통장이,1
텅장이,1
초이스,1
pack,1
구워먹기만해도,1
미디엄,1
굽기를,1
냉동보관했다가,1
먹고싶은날,1
천국,1
열무김치나,1
두게,1
쟁여두기에,1
곰팡이나,1
완성도,1
장아찌나,1
하셔서,1
담가두시면,1
백오이가,1
가시오이처럼,1
가격대도,1
되거든요,1
식감좋은,1
알려드릴텐데,1
쉽거든요,1
모드나,1
녹였었는데요,1
해동이,1
베스트긴,1
그럴수록,1
육즙은,1
빠져나가고,1
망치는,1
반복됐어요,1
해동하는,1
공유해보려고,1
밀봉해,1
간장이나,1
종결합니다,1
먹세편살입니다,1
고추장처럼,1
양념이지만,1
헷갈리는,1
드물지,1
결국은,1
마련이죠,1
건강계의,1
화두는,1
저속노화예요,1
우리나라가,1
급속도로,1
노령화되고,1
피할,1
가급적이면,1
저속으로,1
건강법에,1
질좋은,1
영양소들을,1
요소들을,1
채워주는게,1
만두에도,1
채식바람이,1
채식만두가,1
전해드리려,1
비건만두,1
23년,1
한만두에서,1
대체육과,1
생부추,1
비건만두를,1
인증원의,1
비건을,1
지향하시는,1
안심하게,1
미식여행이라는,1
부제를,1
가열하여,1
냉동식품입니다,1
608kcal의,1
칼로리네요,1
젓갈도,1
채식김치로,1
김치맛을,1
명란오일파스타,1
실속을,1
살아나죠,1
명란젓은,1
합리적으로,1
명란순애보를,1
파지명란인데,1
품질은,1
뒤지지,1
포장부터,1
믿음이,1
첫인상,1
상자를,1
열었을,1
꼼꼼한,1
띄었어요,1
백명란파지는,1
우수한,1
밀폐력을,1
캔시머,1
번식이나,1
변질,1
뜯으니,1
스치는,1
짭조름하면서도,1
매력적이었어요,1
명란젓파지는,1
비교했을,1
흠이나,1
터짐이,1
차이지만,1
알의,1
상태나,1
없었답니다,1
예약시,1
순천점,1
순천점의,1
손님들의,1
기본제공,1
셀프바이용,1
헛개차,1
식후음료제공,1
매실차,1
아이스티,1
얼음커피,1
의자,1
비장탄참숯,1
독성제거,1
숯과,1
숯이,1
오래걸리기,1
가스와,1
숯입니다,1
고깃집은,1
맛있어야죠,1
부부가,1
먹고싶었습니다,1
식껍에서,1
신선한고기와,1
booking,1
아이의자,1
식후음료,1
와이파이,1
셀프바,1
이용가능,1
오래간만에,1
등원한,1
궁중,1
떡복이,1
양념해,1
활용했는데요,1
궁중에서,1
궁중떡볶이에요,1
아이간식으로,1
집에만,1
분주한,1
갑작스러운,1
조기방학으로,1
꼼짝없이,1
집콕생활이,1
답답한,1
시작이,1
되었거든요,1
보내는,1
듯합니다,1
길거리를,1
지날,1
돌아가는,1
사달라고,1
통닭구이를,1
겨울같이,1
달큰하면서도,1
된장만,1
탓일까요,1
배춧국,1
끓이곤,1
딸내미와,1
백파더에서는,1
국간장이,1
넣더라고요,1
안가는데,1
다시팩을,1
땡큐파머스,1
담가주고,1
꽂이에,1
꽂아줍니다,1
16747937,1
쌀뜨물은,1
준비물이에요,1
시작이네요,1
약밥은,1
잔칫상에,1
올리기는,1
가까워서,1
약밥,1
어머니께서,1
진동했던,1
잦았어요,1
대추의,1
나이에도,1
거라는,1
엄두도,1
심하게,1
보이긴,1
드셨지요,1
10시나,1
시간쯤,1
고파지는데,1
먹기에는,1
귀찮기도,1
시간이긴,1
괜찮다는,1
먹어봤는데,1
먹겠더라고요,1
궁합인데요,1
무화과를,1
상큼함까지,1
맞지,1
가벼우면서,1
찾는다면,1
딱일,1
호박씨와,1
아몬드는,1
주셔도,1
관계없고,1
상관없으니,1
돼지고기나,1
귀했던,1
소고기장조림이었어요,1
조려진,1
찢은,1
간장물을,1
상위에,1
삼남매,1
뒤엉켜가며,1
간장물은,1
마아가린,1
숟가락과,1
방법이었죠,1
버터비빔밥은,1
저희집,1
쌍둥이들에게도,1
위해서라기,1
성공해보세요,1
50G,1
100G,1
50ML,1
간하기,1
침치액젓,1
짭조름,1
김하진코다리조림,1
저민생강반개,1
고추기름반컵,1
코다리4마리,1
통깨로,1
조청반컵,1
아가미,1
15442291,1
수정,1
갈증해소는,1
칼륨으로,1
상큼상큼,1
경쾌한,1
향으로,1
활용되고,1
한식에서,1
대신할,1
입맛없는,1
해먹게,1
무치지만,1
한창인,1
전까지만,1
장아찌용,1
1망,1
만들어선,1
언제부턴가,1
구석에,1
결국엔,1
에궁,1
아까비,1
3년,1
전부턴가,1
빈대떡이나,1
소개해드리곤,1
빠르게만,1
흘러가네요,1
어묵볶음인데요,1
비슷하다,1
조카도,1
개학,1
보겠다며,1
조카가,1
놀러,1
포인트이긴,1
팽이버섯까지,1
넣어주었는데요,1
식감까지,1
조카,1
줬을,1
비슷해한데,1
찢어지긴,1
기분은,1
좋았네요,1
맞추는,1
주냐에,1
달라지곤,1
드리면서,1
짚어드릴,1
볶음용,1
제철에,1
계신가요,1
장아찌하면,1
장아찌해서,1
마늘장아찌에서부터,1
명이장아찌,1
드렸는데,1
그러고보니,1
즐겨먹고,1
명이장아찌는,1
매끼니마다,1
챙겨먹고,1
만드셨다고,1
달아줘서,1
하나입니다,1
2종인데,1
501,1
잔으로,1
나른함을,1
날려버리곤,1
지난달에,1
커피머신을,1
있으면서도,1
나가,1
잔씩,1
테이크아웃해,1
날들을,1
들이지,1
못했나,1
얼마전엔,1
죠리퐁라떼를,1
딸아이와,1
Jollypong은,1
인디안밥과,1
갠적으로,1
보내셨지요,1
포근하다,1
덥더라고요,1
당겨,1
사고와,1
새콤하고,1
당겨서,1
백종원오이무침,1
하나이고,1
더해주니,1
어우러지는,1
주었는데요,1
참고하신,1
먹을지,1
준비하려,1
횟수도,1
많아져서,1
비교해,1
보았을,1
맛뿐,1
영양면에서도,1
백종원계란국,1
끓여먹는,1
같기,1
보여드리고,1
보신다면,1
매생이총각네,1
지리별,1
잔멸치는,1
점핑다이어트는,1
뒷문쪽에,1
주민이시라면,1
아마도,1
보물마트가,1
에벤에셀프라자,1
빠세빠세안경점이,1
건물3층에,1
점핑다이어트로,1
날씬해,1
기다려야하지만,1
고추장마늘쫑,1
알려드렸고요,1
연한맛으로,1
무쳐먹는게,1
양념해보았답니다,1
삭히는,1
고추지와,1
좋아하는지,1
몰랐을때가,1
있었으니까요,1
소주나,1
더해주시면,1
홀그레인머스터드1,1
진간장2,1
콩나물보다,1
만들때나,1
술안주를,1
때를,1
대비해서,1
후레쉬햄과,1
야채들만,1
햄요리,1
싫어해서,1
편식하는,1
든든해지는,1
간단간식으로,1
후레쉬햄,1
밥전이,1
햄은,1
후레쉬햄을,1
밥전뿐만,1
햄요리에도,1
7인분,1
200ML,1
베이도록,1
하늘이,1
흐리고,1
나시나요,1
이맘때면,1
새우들이,1
싱싱해,1
떠올리며,1
서해에,1
담소를,1
나누며,1
가던,1
단골집,1
알려주었던,1
방법인데,1
평상시에,1
첫번째로,1
1인분으로,1
포만감까지,1
시켜야,1
수업내용,1
국수용,1
수업에,1
오실분들은,1
5월말까지,1
판매하난,1
월동무,1
랩핑,1
책임져줄,1
국수용동치미,1
드릴께용,1
나주식곰탕,1
한우암소육수,1
요놈이,1
진심대박,1
수업하는지,1
반성했어요,1
인생곰탕,1
만날거에용,1
한우2,1
한우암소2,1
조절하고,1
민트와,1
열무물김치만드는법,1
열무물김치담그는방법,1
국물김치,1
담그는방법,1
중이랍니다,1
열무국수랑,1
열무비빔밥도,1
열무냉면도,1
보리열무비빔밥을,1
보리밥까지는,1
잡곡을,1
열무비빔밥을,1
있중이랍니다,1
열무물김치가,1
줄어들어,1
열무물김치맛있게담그는법,1
보름전에,1
담았던,1
열무김치인데,1
배꽃님이,1
열무랑,1
예정이에요,1
쓰려서,1
뚝배기불고기,1
새우타코,1
소고기마늘쫑볶음밥,1
버섯구이,1
장바구니정보,1
냉파주간이라,1
5월19일,1
23일,1
쏘야볶음,1
훈제향에,1
야채들의,1
목적으로,1
사항을,1
중점적으로,1
설명드리면서,1
쏘아,1
재래기,1
마늘쫑볶음이지,1
싶습니다,1
한뭉치,1
여담인데,1
내놓는,1
10만원어치,1
담그더라구요,1
식당인데,1
경기에,1
존경스러웠습니다,1
볶는거보다,1
볶는걸,1
순수하게,1
볶아볼게요,1
잡채가,1
복잡해,1
시금치까지,1
추가해가며,1
볶기에,1
돋우면서,1
효과있는,1
오이참치비빔밥입니다,1
덮밥은,1
들여보셨을,1
이상하다고,1
돋구워요,1
뚝딱이에요,1
연근조림을,1
할게,1
구입한다면,1
패스네요,1
보고나서,1
세번,1
가르고,1
에그마요를,1
달걀마요가,1
가벼워요,1
건파슬,1
식혀주면,1
완숙이,1
3달전쯤,1
서진이네,1
비빔장을,1
비빔국수양념장이,1
어두워서,1
부족한만큼,1
추가했더니,1
진하네요,1
묽은편이라,1
비빌때,1
단짠단짠이,1
비빔국수양념장입니다,1
케찹이,1
크지않아서,1
감치,1
아이들이라면,1
비빔국수양념장도,1
만들었구요,1
지인들과,1
나눴더니,1
만들어야할,1
완성시,1
여름날씨잖아요,1
중순부터,1
6월까지,1
보이면서,1
저렴해요,1
1980원에,1
구매했어요,1
넘치지요,1
한낮의,1
가슴이,1
뚫릴,1
취향저격,1
빵야,1
평소에서,1
배우기도,1
현생에,1
치여서,1
전애,1
유통기한을,1
넘어갔더라구요,1
흑흑,1
버터부터,1
스콘만들기,1
매운것만,1
적응하면,1
좋을텐데,1
어렵나봐요,1
때되면,1
먹겠죠,1
기간이,1
길어요,1
아쉽지만,1
용서가,1
1차절임물,1
야채찜비빔밥,1
찐야채비빔밥,1
콩나물야채비빔밥,1
늘었는데요,1
방식은,1
파뿌리로,1
오이장아찌를,1
올려줘도,1
냉장고가,1
넉넉하면,1
만들었을,1
아쉽네요,1
제철은,1
7월로,1
오기전에,1
쌉니다,1
2틀,1
전통오이지라,1
하셨는데요,1
작년도,1
입에는,1
아삭아삭합니다,1
여유있는,1
포스팅에,1
김장봉지,1
세척방법,1
따지게,1
레몬처럼,1
쓰게,1
세척이,1
띄우기도,1
쓰기도,1
물에만,1
쓰셨다면,1
읽어보셨음,1
씻기만,1
왁스코팅이,1
단단하다고,1
단계를,1
사용하고있어요,1
먼지와,1
제거해주는,1
단계입니다,1
소독용,1
에탄올,1
마늘장아찌담그는법,1
갓김치볶음밥,1
양파지,1
완성해야,1
도시락반찬메뉴로는,1
김치볶음밥만,1
이날도,1
갓김치가,1
갓김치와,1
우삼겹이나,1
갓김치볶음밥을,1
중형,1
김장봉투,1
꼭지와,1
정리해요,1
5cm남기고,1
아이이지만,1
옥수수까지,1
옛날부터,1
아웃백에서,1
챙겨먹던지라,1
부시맨브레드에,1
감자튀김까지,1
곁들여봤어요,1
양인데도,1
브런치메뉴,1
빵이나,1
그런날,1
냉동제품이라,1
해동했고,1
콜비잭치즈는,1
보관하던거,1
세장,1
꺼냈어요,1
캔옥수수는,1
옥수수에,1
섞어둡니다,1
부시맨브레드를,1
갈라요,1
한쪽은,1
붙어있도록,1
향하도록,1
토스트하다가,1
토스트되면,1
올리니,1
맞았어요,1
녹을때까지,1
데웁니다,1
그을려서,1
다시한번,1
그을립니다,1
감자튀김과,1
부시맨브레드만,1
콘치즈만,1
합쳤으니,1
딸기랑,1
블루베리를,1
스무디도,1
고객맞춤형,1
슬라이스한거,1
흘러넘쳐요,1
달라붙어서,1
한입가득,1
와앙,1
땅콩버터쿠키를,1
피넛버터간식입니다,1
땅콩버터쿠키,1
피넛버터쿠키,1
입터짐방지용,1
피넛버터간식,1
고현정,1
보곤,1
고현정씨가,1
소셜미디어에,1
김밥사진을,1
올린적이,1
김밥재료들에,1
많았었죠,1
공개한,1
김밥엔,1
달걀지단과,1
들어간게,1
가공식품,1
최소화해,1
같더라구요,1
횡성,1
세일,1
문구를,1
완성이다,1
고기육수,1
토란대,1
BIFFI,1
g이나,1
샌드위치소스,1
리조또등,1
만들어먹을수,1
용량이면,1
수십번은,1
좋은제품이죠,1
냉동보관해서,1
꺼내먹는방법을,1
altjs912,1
2.23143E+11,1
불도,1
덜쓰고,1
상큼상큼하게,1
입맛돋우는,1
찾게되는데요,1
그런면에서,1
130장,1
명이나물을,1
명이나물과,1
잣도,1
오일이랑,1
견과류부터,1
갈다가,1
명이랑,1
깻잎처럼,1
페스토나,1
후무스,1
갈면,1
익어버려서,1
아침이라,1
여유롭지,1
못해서,1
마늘쫑버터장조림,1
들어오더라고요,1
반찬하면,1
이야,1
어렵지도,1
아삭함,1
개운함,1
메추리알의,1
1포기만,1
중량이,1
오이샌드위치레시피,1
여름처럼,1
더워,1
땀만,1
삐질삐질,1
났는데,1
더위에,1
취약하다,1
추위도,1
걱정이었지만,1
올라가니,1
걱정인데요,1
귀찮고,1
이레,1
저래,1
핑곗거리를,1
장어덮밥을,1
배달시켜,1
전문점이라고,1
오겠어,1
먹었어야,1
했나,1
대반전,1
보내줬는지,1
버려,1
놓아,1
우째,1
장어덮밥만,1
불길한,1
드니,1
그렇잖아도,1
가계부가,1
새고,1
드러나고,1
키워놓았으니,1
줍기라도,1
긁적긁적,1
핑계를,1
대고,1
외식하고,1
손질과,1
벗겨준,1
널뛰듯,1
왔다갔다,1
계시더라구요,1
조카들도,1
없다고,1
배달해드린,1
알콩이랍니다,1
공부한다는,1
지냈었는데요,1
대학에,1
입학하고,1
다니던,1
초등학교,1
만났는데,1
충격받아,1
이어지고,1
넣고도,1
참치마요김밥,1
참치김밥만들기,1
끼니마다,1
오이무침이나,1
만드는법인데요,1
오이소박이담그는법,1
오이철에,1
해먹어야할,1
오이소박이를,1
열십자로,1
김치랑은,1
느낌이죠,1
나는게,1
만들어보셨으면,1
저랑,1
1주,1
적당하더라고요,1
볶아봅시다,1
마늘쫑장아찌무침,1
김치찌개레시피,1
김치찌개끓이는법,1
뭘로,1
준비할까,1
고민인,1
절반은,1
줄어들었는데요,1
짝꿍,1
들어오면서,1
나던지,1
났는데요,1
날부터,1
꺼려졌는데,1
조는,1
모드라,1
호기롭게,1
돌아왔다죠,1
새웠다는,1
어젯밤을,1
새운,1
슬며시,1
직장에,1
믹스커피를,1
믹스커피,1
신봉자라는,1
2봉지를,1
전문점에서도,1
믹스커피도,1
마시다,1
후배가,1
그러더라고요,1
마시냐고요,1
그랬던,1
커피에도,1
떨고,1
든다는,1
불편하고만요,1
시에,1
잘까,1
리스트로,1
이때도,1
리스트대로,1
계획했던,1
가성비는,1
뛰어나더라고요,1
식비가,1
절약이,1
어마어마하지만,1
야채야,1
쪄라,1
야채찜다이어트,1
야채찜소스,1
다이어트야채찜,1
재료든,1
볶음탕,1
덜어서,1
생고기는,1
닦아내는,1
뉴스를,1
식중독,1
균이,1
물방울을,1
싱크대,1
주변이나,1
중으로,1
퍼질,1
때문이라고,1
시래기코다리찜,1
커피스푼,1
색깔에,1
녹갈색이나,1
담갈색을,1
갈조류와,1
우뭇가사리,1
붉은빛,1
자줏빛의,1
홍조류,1
녹색을,1
녹조류로,1
나뉩니다,1
대해서는,1
동서양의,1
평가가,1
한국과,1
일본에서는,1
해조류가,1
웰빙,1
서양에서는,1
가축의,1
불렀습니다,1
의학계에서도,1
재평가가,1
이뤄지고,1
명칭도,1
부르고,1
영국의,1
국영,1
BBC도,1
활용법과,1
소개하였습니다,1
대부분이,1
알긴산,1
식이섬유로,1
팽창하여,1
흡수도,1
느려,1
상승하지,1
생성에,1
요오드도,1
개선한다,1
연구에,1
따르면,1
지방은,1
감자삶는방법,1
루비입니다,1
딸이,1
운동하고,1
온다고,1
관리하고,1
또띠아랩,1
안되지만요,1
조금은,1
푸짐해서,1
반쪽만,1
반쪽도,1
먹어버리더라고요,1
터키햄으로,1
더써드로스터스,1
고소한원두,1
연유라떼,1
브랜드를,1
전주에서,1
카페와,1
관공서,1
호텔까지,1
원두,1
납품을,1
더써드로스터스예요,1
꼬소하며,1
여운이,1
특징이었어요,1
향부터,1
인상적이었는데요,1
김밥용밥,1
집김밥이,1
남이,1
밥이면,1
뭔들,1
싶었어,1
말았어요,1
이색적이지만,1
이색적으로,1
참외의,1
깍고나서,1
과즙을,1
만들거에요,1
배라스푼,1
참치액도,1
간장불고기양념,1
음료수,1
닦기,1
앞다리살도,1
목살도,1
여름나기비법,1
오이지담는,1
시기라서,1
양배추전레시피,1
다이어트양배추요리,1
적당하다,1
부쳐지는,1
경향이,1
묶음을,1
생강도,1
오이무침인,1
탕탕이는,1
심플하기는,1
사항들이,1
차원에서,1
탕탕이,1
가시오이,1
단짠단짠하고,1
포슬이감자,1
지난주에,1
하나로마트,1
수원점에,1
판매가,1
시작되었더라고요,1
깐마늘로,1
30일에,1
변하는,1
이유까지,1
통마늘장아찌담그는법,1
햇마늘장아찌담그는법,1
간장마늘장아찌,1
마늘장아찌초록색,1
마늘장아찌녹변현상,1
식초마늘장아찌,1
마늘장아찌만들기,1
축축하지,1
말라,1
한입만,1
내려가는,1
그맛에,1
사올,1
단무지1팩,1
토마토소스와,1
엔어포케소스,1
양많은,1
양파채를,1
얹어먹으면,1
참외과즙,1
핑크페퍼,1
갈릭치즈피자,1
또띠아요리를,1
두장과,1
모짜렐라치즈만,1
갈릭치즈피자인데요,1
에어프라이어나,1
또띠아의,1
구멍뚫린떡을,1
단무지채,1
오이채약간,1
머위나물볶음,1
머위줄기볶음,1
머위대가,1
시작한다는,1
다가온다는,1
신호탄이기도,1
머위는,1
초봄에,1
내음으로,1
줬다면,1
머위대요리,1
시작입니다,1
나물이나,1
드셨으면,1
굵어진,1
줄기로,1
볶음이나,1
미식가들에게는,1
유년,1
지낸,1
한여름에는,1
보양식이라며,1
소울푸드지요,1
그때만도,1
산다는,1
생들깨,1
갔던,1
보양식이었지요,1
드렸는데요,1
만들거나,1
중탕으로,1
차완무시를,1
재미있지만,1
사항까지,1
착각이,1
민씨,1
파오리,1
부대찌개레시피,1
조합하는,1
포인트인,1
정형화된,1
특징이라서,1
사골,1
재료들에서,1
우러나는,1
요리이므로,1
읽어보신,1
먹잘알,1
꽈리고추가,1
장조림이,1
님처럼,1
즐기면,1
방영될,1
대략적으로,1
스윗럽이,1
계량했는데요,1
장아찌만드는법,1
5월이,1
편이기도,1
장아찌에,1
첨가해,1
주어야,1
여름김치로,1
담아두면,1
열무비빔국수나,1
김치인,1
담그길,1
순두부찌개레시피,1
순두부찌개끓이는법,1
조합한,1
투입하는,1
공깃밥과,1
반찬거리가,1
코인을,1
괜찮아서,1
1L라고,1
적어두었지만,1
닭볶음탕용,1
고체카레,1
블럭,1
6회,1
춘천닭갈비,1
닭갈비입니다,1
만드려면,1
사야하니까,1
스토어에서,1
닭정육살에,1
고추가루도,1
국산이고,1
제입맛에,1
딱이라,1
단골입니다,1
사둔게,1
볼라구요,1
스타일은,1
닭정육살은,1
그렇죠,1
치즈랑,1
통식빵은,1
찐템이에요,1
오렌지까지,1
만드느라,1
지지고,1
끝이라,1
딱이고요,1
산뜻하니,1
알싸하면서,1
수분인,1
종류라,1
요맘때쯤,1
채즙,1
거기다,1
계란후라이와,1
김가루까지,1
푸짐함,1
살려주고요,1
닭안심살요리,1
집밥만들기,1
양배추쌈인데,1
다이어트하시는,1
정지선,1
셰프님도,1
만드시길래,1
잇님들께도,1
드리려,1
쌈장까지,1
것이기,1
만물상,1
잇님들,1
화창한,1
매일이,1
살아갑니다,1
여름철보다,1
김장처럼,1
쟁여놓고,1
오이지의,1
계절이기도,1
준비해보아요,1
절단닭,1
납작당면,1
생략이,1
부분이고요,1
지중해식샐러드소스,1
간멸치,1
카페들이,1
좋은곳이,1
못갔어요,1
마지막이,1
슈크림라떼였는데,1
대체당만,1
아니었으면,1
먹었을텐데,1
아쉬움에,1
남고요,1
스타벅스에서,1
브루랍니다,1
요긴,1
울산이,1
황금연휴때,1
잠실에서,1
밤인데도,1
쉬려고,1
갔었는데,1
카페마다,1
겨우,1
25000보,1
걸은날이여서,1
커피가,1
절실했던,1
날이었습니다,1
브루,1
조금이나마,1
동태,1
목살구이,1
보쌈무,1
깻잎생채,1
된장국으로,1
깻잎생채는,1
30장,1
털어요,1
2장씩,1
바르지요,1
봄날,1
파릇파릇,1
제왕이라,1
주말농장,1
두릅나무들,1
가시만,1
앙상한,1
윗부분과,1
눈에서,1
순이,1
놓쳐,1
자라면,1
질기고,1
단단해져,1
채취하러,1
향해봤어요,1
필요하면,1
밀프랩으로,1
간단하잖아요,1
닦아준,1
오돌토돌한,1
돌기는,1
벗겼어요,1
기분좋게,1
7년차,1
메뉴중,1
램블부부는요,1
식사빵,1
당근피클,1
대체했어요,1
김치부터,1
묵은지로,1
분류된다고,1
김치도,1
쌀뜨물인데요,1
앞에서도,1
말씀드렸지만,1
가득한데,1
기억력이,1
똥썹맘인데,1
깜박깜박,1
쓰는데,1
어디선가,1
타닥타닥하는,1
의자에,1
앉기,1
예열하고,1
깜박,1
하마,1
뻔했다죠,1
적잖게,1
당황이,1
이러다가,1
아닌지,1
보험,1
들어놨다고,1
똑똑히,1
챙기면서,1
살아야지,1
사전투표에,1
다녀올,1
예정이라,1
다녀와야겠죠,1
다녀오려고,1
옆쪽이,1
논길이라,1
걷다,1
똥썹이,1
챙겨주러,1
들어올,1
늦춰,1
다녀오려고요,1
끓였던,1
염장미역,1
맛장,1
1600,1
연매출,1
2억,1
넣는대신,1
필사적으로,1
줄여보고자,1
현미국수와,1
따라갈,1
메밀면도,1
제철이기도,1
잡아주고,1
예쁘니,1
짝꿍이에요,1
5티숟가락,1
애호박새우젓찌개,1
마늘쫑반찬,1
거부감이,1
강해져,1
꼬마김밥만들기,1
이영자김밥,1
보기만해도,1
빙구,1
2장으로,1
풍성해보이죠,1
도시락통에,1
1인분이에요,1
담가두어서,1
표면에도,1
발라주는,1
오이소박이는,1
발효되지,1
오이무침과,1
더해지는,1
찾아오면,1
묵무침을,1
모내기를,1
하느라,1
분주한데요,1
심은,1
논이라면,1
오락가락하는,1
더디,1
익질,1
심어져,1
상태고요,1
논들은,1
2모작하는,1
보리를,1
심고,1
늦봄이나,1
초여름에,1
휴지기,1
벼를,1
심는데,1
농사는,1
기술도,1
하늘의,1
뜻인,1
심기,1
심었던,1
베고,1
몇십만,1
원씩,1
빠져나가니,1
콩농사를,1
지어도,1
제하고,1
삼백만,1
원도,1
나오질,1
실망스럽긴,1
키우느라,1
반도,1
똥썹파,1
취미,1
생활에,1
허리가,1
쉬라즈,1
시라지샐러드,1
보이길래,1
남서부,1
쉬라즈에서,1
민트,1
초당옥수수까지,1
달콤달콤,1
후레쉬,1
버전이라,1
좋아하실듯요,1
샐러드채소로,1
5토막,1
멸치다시다,1
묶음,1
말돈소금,1
풍부하다,1
제격이다,1
마음속으로,1
하나쯤은,1
생각하게,1
과일이지만,1
영양만큼은,1
알차서인지,1
장볼때마다,1
바구니에,1
블루베리예요,1
블루베리가,1
피고,1
물러지는,1
생긴다는,1
상할,1
낫겠다,1
큰맘먹고,1
찾아본,1
관리법,1
그때뿐으로,1
끝나셨다면,1
봄바람이,1
불어오는,1
떠오르곤,1
소풍은,1
싸갔던,1
떠오르게,1
소풍도시락,1
싸주셨거든요,1
도시락뿐이었던,1
열자,1
환호했던,1
생생해요,1
먹자며,1
동동거리던,1
친구들의,1
즐거웠는지요,1
포근하게,1
감싸주었던,1
였는데요,1
꼬맹이가,1
날이기도,1
여태,1
먹으려던,1
아이였는데,1
관리해,1
볼까,1
구입했는데,1
오거트랑,1
터짐,1
방지용으로,1
맛있,1
요거트에,1
한끼식사로도,1
씨리얼로,1
구입하셔도,1
놓고도,1
이게이게,1
97,1
마파두부소스,1
마파두부는,1
갈리지,1
맛이라서,1
차례의,1
두반장을,1
알려드렸는데요,1
제목을,1
추천이라고,1
마파두부로,1
구워봅시다,1
모짜렐라를,1
빼주시고,1
버터만,1
끼워주시면,1
오넬리,1
스팀이라서,1
폭이,1
넓다고,1
관리하기에도,1
고온의,1
스팀으로,1
불려질,1
청소가,1
쏘야볶음이에요,1
이름도,1
쏘야는,1
줄임말이죠,1
내니,1
절호의,1
기회이기도,1
길을,1
잃고,1
야채들이,1
매콤하게도,1
어른들까지,1
볶아줘야,1
2가지색,1
오이김밥레시피,1
집김밥을,1
넣는다고,1
여름철에도,1
이를,1
크래미로,1
어젠,1
춥더니,1
갔어요,1
맛있던데,1
음료인,1
음료가,1
제로라고,1
미국에서,1
브랜드입니다,1
콜라와,1
보일,1
23가지의,1
조합된,1
특징입니다,1
감초,1
복합적으로,1
느껴지지만,1
공개되어,1
않다고,1
코카콜라에서,1
3500원이지만,1
할인가격으로,1
2900원에,1
둘째가,1
것이었는데,1
킹퓨전을,1
킹플로트는,1
제로라길래,1
음료인가,1
74kcal이라고,1
다이어터들이라면,1
맛이겠다,1
들었습니다,1
2600원이니,1
기다리기,1
점심시간,1
시간인데도,1
둘째랑,1
한컷,1
찍어보고요,1
닥터페퍼는,1
버전은,1
덜하더라고요,1
스쿱,1
올라가니까,1
어울렸어요,1
양배추찜,1
양배추찌는법,1
양념간장이나,1
냄비로,1
쌈밥용,1
강회를,1
내용물을,1
정했는데,1
맛살이라든가,1
택하셔도,1
횟집에서,1
그럴저럭,1
두부김치,1
쉬운데다가,1
결과물도,1
매우매우,1
흡족했습니다,1
이것이,1
사이좋게,1
노나먹었는데,1
엄지,1
2박,1
일본여행,1
다녀와,1
한식은,1
신김치에,1
끓였네요,1
묵은지의,1
챙겨가세요,1
변하는거,1
좌우한다는,1
말이에요,1
묵은지라면,1
곰삭은,1
김치찌개가,1
예술이랍니다,1
요새는,1
사계절내내,1
판매하기때문에,1
걱정하실,1
김치찜용으로,1
김장전까지,1
해드실,1
있을겁니다,1
펴기,1
지구오락실3,1
지락실불닭,1
반장,1
남기고,1
뚱보균,1
월남쌈재료,1
월남쌈야채재료,1
다이어트월남쌈,1
월남쌈소스,1
월남쌈땅콩소스,1
땅콩소스만들기,1
월남쌈만들기,1
월남쌈과,1
간편하니까,1
건강식이나,1
대부분이라,1
알록달록한,1
해보자고요,1
종이컵에,1
사용하라고,1
적어두었는데,1
홈베이킹에,1
끔이라도,1
죄책감을,1
튀일,1
오트밀만으로는,1
땅콩과,1
코코넛을,1
빅력분,1
온묵밥,1
어머님께서,1
갖다주라고,1
챙겨주셨답니다,1
도토리묵사발만들기,1
한그릇요리로,1
맞더라고요,1
까는법,1
열대과일,1
여왕으로,1
망고스틴은,1
일품인데다,1
생과부터,1
과일이죠,1
고르기부터,1
특성을,1
보관에,1
주의합니다,1
과정대로,1
열대과일을,1
콩자반,1
콩불리는,1
하여간에,1
김치수제비만들기,1
멸치동전육수,1
싱거우신,1
이삭토스트의,1
소스인,1
키위소스도,1
구현해보았습니다,1
대용량이다보니,1
소진하지,1
버린적이,1
리베입니다,1
생일이나,1
기념일,1
투썸플레이스,1
생크림케이크를,1
홀케이크,1
스초생이었다면,1
대세는,1
망고생,1
피치생,1
금귤생이에요,1
출시되는,1
과일생,1
컬렉션이,1
기대되는,1
시그니처가,1
막힐,1
이어지더니,1
괜스레,1
으슬으슬해지는,1
싸늘한,1
포기만,1
준비하다,1
묵은지김치찜,1
시간적인,1
여유를,1
향긋하니,1
순삭이다,1
부추손질,1
남도고깃간,1
광주광역시,1
북구,1
저불로,1
고깃간의,1
안심약속,1
세가지는,1
정량,1
그램수를,1
양심있는,1
신선도,1
후문,1
네비,1
주차하고,1
들어갔어요,1
뒷편,1
길가,1
주차할,1
후문도,1
입구로,1
화장실은,1
분리되어,1
청결했어요,1
남도고깃간은,1
72시간,1
참숯과,1
제공하는,1
곳입니다,1
테이블은,1
테이블이,1
분위기는,1
모던하고,1
시크한,1
분위기라,1
2인으로,1
와도,1
의자도,1
푹신하니,1
통로쪽에,1
좌석인데,1
단체룸도,1
모임,1
테이블도,1
주는데요,1
대단한,1
베이직하게,1
풀래음,1
오이지와,1
피클과,1
낼꺼라,1
초간단하게,1
부쳐보아요,1
부어가면서,1
미나리요리레시피,1
들기름막국수레시피,1
참치액의,1
들기름의,1
막국수는,1
요즘들어,1
메밀면을,1
딸내미,1
달에,1
나오지만,1
별로라,1
간대요,1
출하되기,1
4월이,1
맞이한,1
양파장아찌라서,1
양파장아찌에,1
양파장아찌는,1
조합하여,1
손질법부터,1
돼지고기가지볶음,1
베트남건고추,1
애사비추천,1
cu신상,1
본사직영,1
스토어,1
간단혼밥,1
청경채볶음밥,1
굴소스볶음밥,1
청경채요리,1
어설프게,1
청경채볶음밥을,1
청경채볶음밥은,1
밥상기록,1
식단표,1
집밥추천,1
129번째로,1
보루빵네,1
밥상기록을,1
해두니깐,1
정리도,1
식재료도,1
아껴서,1
정리하고,1
출근하면,1
아침점심은,1
해결하다보니,1
혼밥메뉴가,1
주간밥상은,1
소개하기로,1
추천하기,1
포스팅해볼게요,1
여름으로,1
다가가면서,1
생각나시는,1
완성된다,1
2톨,1
수육고기,1
통삼겹살을,1
마늘쫑지담기,1
마늘종절이는,1
간장장아찌,1
혼합음료,1
트위스터자,1
고밀도의,1
식재료에,1
언과일,1
트위스터자1L,1
트위스터,1
밀착,1
스파츌라,1
플러스자,1
본품과,1
용기입니다,1
디자이너650,1
모델은,1
블렌텍,1
블렌더입니다,1
디자이너625는,1
살려낸,1
변경해,1
내용들과,1
기억하신다면,1
가자미,1
미역국이랍니다,1
쌀뜬물,1
반꼬집,1
생수가,1
사용했고요,1
미역국에서,1
비린내는,1
이웃님들을,1
미니봉꼬치로,1
미니봉꼬치,1
3종인데요,1
꽂혀있어,1
짧아,1
냄비에도,1
도토리묵무침양념장,1
도토리묵양념장,1
쌓여가고,1
묵무침으로,1
조리하기,1
챙겨가시기,1
표고버섯이나,1
사와,1
국산은,1
없거든요,1
6월이라고,1
중순만,1
억센,1
더러,1
6월에,1
버렸,1
5월까지가,1
때인,1
며칠전,1
장봐서,1
오다가,1
트럭에서,1
팔더라구요,1
양손가득,1
길인데도,1
하여간,1
세일은,1
못참는,1
무거운데도,1
낑낑거리며,1
큰덩어리,1
마늘쫑장아찌를,1
달지않게,1
마늘장아찌에요,1
막바지라,1
담그실거면,1
억세지면,1
맛없습니다,1
막국수입니다,1
외식이나,1
먹을만한,1
못찾는것,1
차타고,1
나가기도,1
뭐해서,1
국수만,1
삶으면,1
매운거나,1
자극적인거,1
담백한거,1
만한게,1
아이반찬메뉴,1
돌려주기,1
삭히기,1
쿡입니다,1
삭혀두면,1
저장용,1
아작아작,1
해삼초회를,1
해삼,1
살다,1
지인,1
폰즈를,1
그거,1
맹물보다는,1
끓여야,1
콩나물다듬는법,1
가느다란,1
맑은국,1
종류이기,1
말라고,1
끼로도,1
완성되니,1
5월에서,1
시기에만,1
초당옥수수에,1
품종과는,1
비교도,1
보관법까지,1
대방출할,1
주목해주세요,1
이름에서,1
있듯이,1
월등히,1
품종입니다,1
브릭스,1
Brix,1
과일보다,1
찰옥수수,1
수분감이,1
말에서,1
어려우니,1
열무물국수,1
열무국수를,1
열무국수로,1
면치기하는,1
아닌데도,1
따봉,1
이었어요,1
때거든요,1
자랑,1
보통의,1
물국수를,1
구입한지는,1
부러지는듯하여,1
카무트밥,1
맵쌀과,1
카무트쌀을,1
헹궈내며,1
한결,1
흡수될,1
여름날,1
짭쪼름하면서,1
공기도,1
뚝딱할,1
종류로,1
발효해,1
이름이에요,1
짭짤하고,1
자연발효되어,1
시큼함이,1
지짐,1
천일염에,1
발효시켜,1
냉국으로,1
대파육개장,1
케일주스,1
케일사과주스,1
가족모임과,1
많았던,1
5월이기에,1
배출,1
균형,1
회복을,1
위해서라도,1
해독주스가,1
필요했어요,1
케일과,1
케일사과주스를,1
한잔만으로도,1
독소를,1
있다니,1
케일주스레시피,1
케일보관법,1
시중,1
케일을,1
기왕이면,1
내려먹기,1
보내주는,1
감자채전만들기,1
달라지는,1
강판이나,1
완성되고,1
부쳐내면,1
튀김처럼,1
반영하기,1
감자채전의,1
달려있기,1
노릇한,1
구워질,1
읽어보시기,1
정식을,1
좋아하지도,1
두식구라,1
즐겨먹었지만,1
반찬들을,1
종류만,1
되다보니,1
하구요,1
종류만큼,1
코코넛워터,1
초급자용이라,1
익숙해지며,1
올리기를,1
갈변을,1
늦추고,1
상큼함과,1
해줘요,1
1분만에,1
제품소개와,1
물만,1
믹스가,1
편하죠,1
원하면,1
되직해진,1
부쳐주시면,1
잘라줬어요,1
생략해도,1
먹게되는,1
잔칫날에도,1
메뉴죠,1
더해봤는데,1
부들쫀득,1
돼지고기의,1
컬러감을,1
절이기와,1
소금물로,1
아삭함을,1
5월인데,1
여름인가,1
있었으면,1
넣어두면서,1
남아있다면,1
충분하고요,1
추가를,1
저속노화요리와,1
다이어트요리를,1
소분방법,1
해야되는,1
것이다보니,1
생각해보면,1
싸움이더라구요,1
습관을,1
작은것부터,1
시도했던,1
속이었어요,1
마음먹지만,1
만들어두기,1
버리기,1
아까워서라도,1
먹게되니까요,1
첫걸음은,1
다이어터가,1
양배추였답니다,1
소분하고,1
보관했는지,1
설명드릴게요,1
소개해드리겠습니다,1
5쪽씩,1
알끈제거후,1
앙금녹말,1
이잖아요,1
밍밍하면,1
새로해야하기,1
브랜드인,1
Stella,1
Artois,1
구성의,1
세트와,1
미쉐린,1
레스토랑,1
에빗,1
Evett,1
리저우드가,1
제안하는,1
카드가,1
수록된,1
출시했답니다,1
구성품과,1
아르투아를,1
미쉐린가이드,1
파인다이닝,1
나게,1
에빗의,1
셰프인,1
리저우드,1
미식,1
김진순,1
부위도,1
안넣고,1
라페만들기,1
800G,1
허브종류,1
아보카도과카몰리만드는법,1
상큼하니,1
레몬즙은,1
입맛대로,1
감기고,1
완성시켜보세요,1
종이컵과,1
찹쌀풀은,1
냉동꽃게요리,1
한해,1
휴학하면서,1
디자인전공,1
인턴도,1
가보고,1
싶다네요,1
전과하면서,1
달렸던것같아,1
쉬라고,1
회사에,1
인턴으로,1
다니게,1
첫날,1
직장생활을,1
안해봐서,1
됐는데,1
퇴근길에,1
꽃게탕이,1
먹고싶다고,1
왔길래,1
오는길에,1
말만,1
해본건데,1
끓였냐고,1
있었냐고,1
묻네요,1
출근한,1
딸램이,1
먹고싶다는데,1
만들어줘야죠,1
미나리나,1
대박이었어요,1
손질꽃게,1
행사카드,1
카테고리에는,1
대체로,1
중저가대,1
포진하고,1
고인물들에게는,1
메리트가,1
데일리,1
분들께는,1
유용할,1
리스트만,1
가질만한,1
샴페인도,1
보이고요,1
노려야할,1
정도까진,1
수입량이,1
것들이라,1
스테디셀러가,1
장터에서,1
복병같은,1
카테고리가,1
마리타나,1
리비에르,1
샤르도네,1
와인은,1
알려지진,1
장터에는,1
일별,1
들어갔다가,1
받았는데,1
전일정,1
할인으로,1
넘어오면서,1
신생,1
마리타나가,1
러시안,1
리버,1
밸리에서,1
샤르도네인데,1
오너가,1
대표예요,1
이름값,1
생각하고요,1
샤르도네가,1
샤프하게,1
뽑힌,1
추천드립니다요,1
볼레로,1
860원,1
품질좋은,1
만들어내는,1
곳으로도,1
볼레로의,1
엔트리급,1
최저가는,1
아니었을,1
거구요,1
최저가에,1
근접한,1
수준으로,1
퀄리티의,1
5만원,1
언더에,1
점을,1
샤를,1
카자노브,1
밀레짐,1
빈티지인지는,1
빈티지에,1
구애받지,1
퀄을,1
5만원에,1
장터에,1
중에선,1
빈티지,1
샴페인에다가,1
구매하곤,1
가격이라면,1
한두병,1
집어올까,1
행사상품이라고,1
도멘,1
미셸,1
원툴로,1
진행되는,1
장터떄도,1
추천드렸는데,1
그때보다,1
240원,1
싸졌습니다,1
전에도,1
스파클링에,1
끼여서,1
급은,1
2만원대랑,1
경쟁해야할,1
좋아지면서,1
후반까지,1
산뜻하며,1
캐릭터를,1
부여해서,1
무난하게,1
마실만한,1
460원,1
가격대에서는,1
장터가격에,1
극적으로,1
낮아지는,1
적은데,1
카바의,1
장터때보다,1
4천원,1
코르도뉴란,1
스페인에서,1
알아주는,1
곳인데다가,1
이쁩니다,1
차이는,1
있겠지만,1
라벨이,1
화사합니다,1
가문,1
상속녀의,1
얼굴이라는데,1
결혼식에도,1
쓰인다고,1
퀄과,1
희소성,1
가져가고,1
리스트에,1
전화100통하는,1
밥2,1
재료에는,1
초록색의,1
생략했습니다,1
즘은,1
것인가,1
높아졌는데요,1
중년뿐만,1
2030세대까지도,1
식습관에,1
가지면서,1
트렌드가,1
트렌드에,1
1통이면,1
5천,1
양입니다,1
점막을,1
재생을,1
비타민U가,1
위염,1
속쓰림,1
위장장애,1
완화에,1
설포라판은,1
작용으로,1
억제,1
안성맞춤이죠,1
저속노화를,1
초고속으로,1
배가시켜주는,1
만성염증이,1
김소형,1
채널H,1
Rights,1
Reserved,1
시카고피자,1
레이어드해서,1
베샤멜,1
무사카까지,1
조명,1
을지로,1
와인바로,1
보틀러에서,1
멋있는,1
완전한,1
분위기였어요,1
화이트와인과,1
레드와인까지,1
소확행이,1
건가,1
시카고피자와,1
무사카,1
로스트치킨까지,1
얻게,1
그걸로,1
요리한,1
낚시로,1
녹색부위,1
검정,1
따봉인,1
담그는법을,1
지퍼백,1
소주만,1
담글까요,1
절여져,1
꼬들꼬들하고,1
일품이죠,1
절약되고,1
용이하다는,1
확률도,1
않기,1
진해진답니다,1
청소년메뉴,1
집밥식단,1
마른반찬종류,1
바지락두부국,1
잡곡밥을,1
바지락두부국은,1
줌은,1
빼요,1
반모를,1
바지락살을,1
간해요,1
달려보겠습니다,1
미역도,1
데려왔기에,1
미역에,1
싸서도,1
잎만,1
마블링,1
한우고기가,1
40년,1
고기명가,1
선물세트를,1
꽃등심부터,1
특수부위,1
마블링과,1
결정하는,1
좋았을까,1
맛이었어요,1
오픈샌드위치,1
블의,1
여왕인데,1
계속되고,1
박혀,1
축복받은,1
재능인,1
알았는데요,1
집콕모드로,1
마트도,1
폭풍,1
흡입,1
모짜치즈,1
놀린,1
입만,1
맛봐야지,1
퍼묵퍼묵하고,1
외식도,1
일어나니,1
얼굴이,1
띵띵,1
부었어요,1
모드에,1
돌입합니다,1
여름에만,1
출하시기가,1
당겨져서,1
멜론이,1
덜해,1
실망하는,1
후숙과일이라서,1
발휘하며,1
궁금해하시는,1
방법부터,1
오래도록,1
효능까지,1
접대,1
시에도,1
확인하는,1
편이지만,1
멜론은,1
제격인,1
점심으로도,1
유부가,1
법부터,1
대방출,1
망고만의,1
순서는,1
치기,1
아이스크림메이커,1
취항에,1
5Oml,1
파인트,1
똑바로,1
베이스가,1
우우,1
쉬라드샐러드,1
셀럽들의,1
알려지면서,1
프레시한,1
쉬라즈샐러드인데요,1
숏파스타를,1
야채샐러드를,1
소개할까,1
좋겠지요,1
밀페,1
용기나,1
수저로,1
퍼묵퍼묵하게됩니다,1
드레싱이,1
치즈로는,1
보코니,1
허브가,1
섭취는,1
필수인데요,1
기본이랍니다,1
3종과,1
소개를,1
소스일,1
드셔야죠,1
삭히면서,1
페트병,1
갈아가며,1
위쪽이,1
공유드리겠습니다,1
농어,1
필레,1
하얀부분,1
간장찍어,1
훌륭한데요,1
내보았어요,1
아침식단도,1
지속되어,1
체중관리에,1
효과적이더라고요,1
오트밀이란,1
오트밀이,1
귀리의,1
저GI,1
낮춤,1
매달,1
3번째,1
정기휴무,1
Last,1
Order,1
인터넷,1
유아의자,1
간편결제,1
각화주공사거리,1
365마트,1
메가커피,1
위치하고,1
주차는,1
챙겨먹기위해서는,1
챙겨먹어야하는데요,1
프로테인,1
공산품을,1
자연식품으로,1
챙겨먹자,1
주의인지라,1
단백질파우더,1
난각번호,1
오리고기도,1
훈제오리는,1
생오리구이만,1
껍질도,1
프라이드치킨을,1
조리방법도,1
요리사진이나,1
배달음식,1
넘어가는데요,1
어플에는,1
배달앱이,1
8년동안,1
배달음식을,1
치팅데이때에,1
추가하기도,1
줄이기도,1
식단관리를,1
고소함의,1
달라지는데,1
비타민B군이,1
임산부나,1
키우는,1
546,1
칼국수집에서,1
맛보는,1
8회,1
일이죠,1
가락몰,1
정육코너,1
진도축산에서,1
목살과,1
전지,1
언제부터인가,1
소고기보다는,1
끊이지,1
그중에,1
구워주는,1
좋아하더라고요,1
무료주차,1
찾아갈,1
차량을,1
지원이,1
괜찮고요,1
8호선,1
출구에서,1
20M,1
거리라서,1
접근성이,1
452,1
구운소금1,1
20년차,1
넘사벽,1
지내왔었습니다,1
어머니님의,1
사랑으로,1
겉절이와,1
발효와,1
숙성의,1
김치들은,1
살짝쿵,1
두려움이,1
몇년간,1
모여서,1
김장도,1
각개전투로,1
진행하다,1
어머님들로부터,1
독립을,1
어렵게만,1
생각했었는데요,1
생각하면서,1
두단정도,1
지경에,1
이르렀네요,1
몇년전만해도,1
다발무는,1
다발무일,1
장바구에,1
아니였어요,1
낱개로,1
전부였거든요,1
서두가,1
이유는요,1
요리책도,1
가정요리,1
시작할때는,1
틀면,1
춤을,1
추는,1
몇달씩,1
있다는걸,1
작년부터,1
깍두기담그는법을,1
kg로,1
시작했으니,1
늘려야죠,1
깍두기담그는법은요,1
한단하고,1
반이에요,1
2단을,1
5단은,1
담그기하고,1
반단은,1
간장무장아찌,1
가을무가,1
가을무로,1
겁내지,1
통삽결살,1
돼지수육,1
김장하느라,1
남편을,1
돼지수육을,1
삶아주려고,1
통삽겹살을,1
구입해놓았는데,1
그날은,1
컨디션이,1
메롱이라,1
못하겠더라고요,1
누워버렸으니까요,1
내놓았더니,1
테니스행,1
저녁까지,1
해결하고,1
돌아왔더라고요,1
그러니까,1
마친,1
덩이로,1
삶았는데,1
살코기만,1
수육까지,1
먹어버렸다지요,1
방에서,1
라며,1
삶아놓고,1
아니더군요,1
동생에게,1
친구와,1
지인이,1
글로스터호텔,1
맛집인,1
알아보니,1
들어본,1
식당이라,1
방문했답니다,1
노형점,1
제주시,1
진군,1
1길,1
64,1
711,1
9188,1
제주산,1
오겹살,1
모닝빵햄버거,1
피코크,1
양상추나,1
불고기버거소스,1
뭉칠,1
백종원간장닭볶음탕,1
안동찜닭양념,1
캐러멜소스,1
춘장으로,1
고플,1
쌀엿으로,1
불린다,1
맛소금과,1
간하고,1
맛소금으로,1
간해,1
점심메뉴추천,1
멸치쇼핑,1
구워먹은,1
실속형,1
혜자로와,1
신비복숭아와,1
대석자두로,1
입문해서,1
즐겨찾고있는,1
멸치쇼핑에서,1
겨울제철,1
수산물,1
할인장터,1
열렸어요,1
이거이거,1
kg도,1
행사제품이라,1
실한,1
녀석들이,1
도착했어요,1
습기차지않게,1
스티로폼에,1
하나둘씩,1
비우며,1
정리에,1
돌입,1
장악했어요,1
알타리무지짐,1
만을,1
사진으로,1
남겨봤죠,1
비상용으로,1
남기고는,1
처리와,1
김냉청소를,1
끝마치고,1
백종원잔멸치볶음,1
간장멸치볶음,1
밑반찬인,1
그동안은,1
간장멸치볶음으로,1
밥반찬뿐,1
꺼내게,1
쉬운듯해도,1
멸치볶음인데,1
믿따만,1
백종원레시피에,1
김장양념만들기,1
첫김장,1
성공하신분들의,1
알려주십니다,1
남겨주셔서,1
성공후,1
두번째부터는,1
계량안하고,1
실패하는분들을,1
김장김치담그기에,1
성공한다음,1
생겼을때,1
바꿔가면,1
자신감,1
생새우를,1
넣기도하고,1
추가하면서,1
가시면,1
첫김장이라면,1
정독하시고,1
만드시기,1
물어보시면,1
어제밤에,1
하룻동안,1
두었더니,1
담가졌습니다,1
비로,1
배추들이,1
덜차서,1
비싸지만,1
안찼네요,1
시댁에,1
배추도,1
안차서,1
12월이나,1
베추가,1
작아도,1
김치양념만,1
김장김치도,1
5통,1
토리야,1
닭꼬치구이,1
떠올렸던,1
삼겹살이었고,1
질리기,1
마련이기에,1
캠핑요리를,1
꼬치구이였습니다,1
닭꼬치구이는,1
캠핑요리의,1
스태디샐러와도,1
가는데다,1
굽는데도,1
요령이,1
필요하더군요,1
꼬치구이의,1
토리야를,1
드리고자,1
직화구이에는,1
장작불보단,1
캠핑에서,1
구우시는,1
많으십니다,1
구우실,1
구우시나요,1
불멍하며,1
그을림이,1
음식물에,1
나무가,1
혼용된,1
장작같은,1
못올라가는,1
꼬치구이같이,1
직화구이를,1
염두해,1
두었을,1
비장탄,1
만드시는게,1
떄에는,1
분무기로,1
뿌려가며,1
분무기를,1
준비하시는게,1
숯불구이하는데,1
분무기가,1
필요한가,1
하실텐데요,1
많기,1
낮춰,1
줘야,1
불꽃이,1
식히면서,1
해보지,1
일반인들,1
구우려,1
드는데,1
그러다보면,1
그을림에,1
새까맣게,1
변하기,1
마련입니다,1
뿌림으로서,1
습기를,1
머금에,1
분무기,1
이자카야에서,1
꼬치구이처럼,1
구워진다는,1
팁은,1
바르게,1
난감,1
발생하게,1
마련이긴,1
쬐어,1
꺼내는,1
볶음주걱이에요,1
프라이팬이나,1
흠집,1
환경호르몬,1
온도에도,1
감자볶음이나,1
맛없기,1
저녁마다,1
티비를,1
백쌤이,1
외국인들에게,1
소개하시더라고요,1
지난번에도,1
만들어보긴,1
넣었거든요,1
오모,1
나머진,1
마셔준답니다,1
두유를,1
마셔주기만,1
이러니,1
안하는,1
김종국님이,1
모델이고,1
연예인분들도,1
식사대용쉐이크로,1
정도니,1
일주일치를,1
마시는거겠죠,1
각자의,1
감소나,1
증가가,1
필요하잖아요,1
그런분들이,1
식사대신으로,1
맞췄기,1
영양소까지,1
다니다가,1
우유or두유만,1
185kcal라,1
마셔줄,1
윗편에는,1
적혀있구요,1
연하게라고,1
적혀있을꺼에요,1
마시느냐에,1
바뀌는건데,1
진하게를,1
ml로,1
활용합니다,1
그닥,1
즐기지,1
근교로,1
나들이를,1
주먹밥과,1
최근엔,1
이마저도,1
전엔,1
간단한점심메뉴,1
준비해봤네요,1
약고추장을,1
좋아라,1
즉석에서,1
준비하느라,1
고등어비린내제거,1
소보로,1
소보로덮밥의,1
추석에,1
들어온,1
양파볶음을,1
삼색소보로덮밥을,1
즐겨보았어요,1
스팸에는,1
간장소스가,1
준비하실,1
바지락미역국으로,1
해감하는,1
과정부터,1
맛술이나,1
우러나서,1
꽈리고추멸치볶음,1
놀이터,1
셔틀을,1
보냈더니,1
유치원,1
느껴지는지요,1
한숨,1
하지는,1
밑반찬은,1
가지쯤은,1
것들로,1
챙겨놓거든요,1
어쨌든,1
20분육개장,1
맥의요리와수다방,1
맥의,1
수다방에,1
풀벌레소리가,1
정겹게,1
가을입니다,1
선선해지니,1
국물요리가,1
캔참치요리,1
참치고추장찌개,1
으레,1
떠오르기,1
마련이지만,1
살리재련의,1
빠알간,1
감자며,1
덕에,1
맛과는,1
난달까요,1
가격적으로,1
5살,1
무렵,1
어린이집을,1
코가,1
뚫린다며,1
홍어,1
아들내미가,1
홍어무침,1
모임이,1
지인분께,1
모임을,1
일체,1
갖지,1
오래되었네요,1
맛만,1
했지,1
무쳐본,1
선뜻,1
용기가,1
할머니한테,1
부탁해볼게,1
하고는,1
며칠이,1
흘렀네요,1
새벽녘,1
닭요리가,1
닭봉조림,1
좋습니데이,1
기본이죠,1
햇감자를,1
쪄서도,1
조림도,1
줄어들지,1
농사짓는,1
시누이,1
백앙금으로,1
구움과자로,1
앙금쿠키라고도,1
불리는데요,1
과자점,1
틀과,1
주머니만,1
상투과자만들기,1
디디오랩,1
150ML,1
마무리에,1
그대로를,1
반주먹,1
오징어채는,1
분량이랍니다,1
달래지만,1
오고나면,1
만날수,1
인사해야죠,1
집어들고,1
오붓하게,1
해결했네요,1
만들어볼께요,1
한줌과,1
한조각으로,1
내어줍니다,1
끓이시고,1
서방님이,1
어찌어찌하다,1
지나가서,1
짱짱하게,1
바삭해야,1
부추전바삭하게,1
그러려니,1
여기에서,1
지키실,1
필요는,1
박하선표,1
무전이라고,1
밝힌다면서,1
전요리인데,1
SNS에도,1
신박한요리,1
얘기에,1
개다,1
부침개로,1
무전은,1
먹음직하게,1
비주얼을,1
무전처럼,1
부쳤어요,1
바사삭바사삭,1
담백하면서,1
달큼하고,1
저녁도,1
재료들에,1
착하기도,1
영양가가,1
구매하게되는,1
단짠단짠하게,1
양념해서,1
불고기마냥,1
볶아먹고는,1
드시니,1
청개구리,1
심보라도,1
생긴듯,1
이번만큼은,1
개학하니,1
깨워서,1
등원시키다보면,1
두시간이,1
훌쩍지나고,1
하원,1
사진찍고,1
글쓰다,1
식사시간이,1
돌아오네요,1
한그릇음식,1
콩나물밥을,1
해결하기로,1
달래장으로,1
냄비밥으로,1
분량씩,1
소분,1
밀봉하여,1
얼려두면,1
쓰일,1
무게를,1
재어보니,1
셋이,1
꼬막양념장과,1
삶는법까지,1
싶었는지,1
언제까지가,1
제철이냐고,1
묻더라고요,1
11월부터,1
3월로,1
명시되어,1
있더군요,1
맛집에,1
살에,1
풋고추와,1
풋고추는,1
꼬막무침이,1
꼬막양념장,1
놓지,1
간단하더군요,1
달큼한,1
우러나와서,1
로도,1
18896109,1
고여사입니다,1
소래포구에,1
김장하는데,1
고여사는,1
무랑,1
맛있거든요,1
왕새우가,1
싱싱하면서,1
큼직하고,1
저당식,1
가스불에,1
끓어서,1
넘칠까,1
신경이,1
쓰이는데,1
걸리지만,1
엔유씨,1
저당식밥솥에는,1
끓였는지,1
아니기에,1
볶기보다는,1
어묵같은,1
그들을,1
유혹했는데요,1
임박한,1
어묵보다는,1
떨어지지만,1
유혹하기엔,1
충분하더라고요,1
크래미의,1
색상으로,1
넣던,1
생략했더니,1
색감에서,1
식감에서도,1
되어주었네요,1
분태,1
김장김치속만들기,1
배추김치양념,1
굵기의,1
추젓,1
뉴슈거,1
비율입니다,1
북어머리,1
굵은소금에,1
절임배추를,1
절인배추,1
놓고보니,1
많은지,1
젓갈이며,1
양념들을,1
마련하면서,1
고마운지,1
먹거리들이,1
많았던가,1
감사하기도,1
죄송스럽기도,1
무한으로,1
주고싶어하셨던,1
손사레,1
고생하시는,1
싫어,1
마다하곤,1
했었어요,1
비롯하여,1
고춧가루며,1
양념들이,1
차지했는지,1
깨닫게,1
한접,1
갈무리,1
갔더군요,1
나름이라는,1
표시가,1
요령,1
생각이예요,1
살코기로,1
사태살,1
애용하는데,1
연휴가,1
시작되었네요,1
귀성하시는,1
출발하셨겠고,1
차례를,1
시간이지요,1
차례상에,1
토란국을,1
제사상에는,1
소고기뭇국을,1
올리지만,1
차례상에는,1
소고기무국을,1
끓이는데요,1
토란국이라고,1
소고기뭇국과,1
토란으로,1
끓인다고,1
요번에는,1
소고기국에,1
토란과,1
소고기토란국에,1
국물보다,1
듬뿍인데요,1
주스인데요,1
주스의,1
APPle,1
beat,1
알파벳을,1
지어진,1
이름이라고,1
단순하지요,1
이름과는,1
어마하더군요,1
한입감자,1
당면사리,1
떡사리약간씩,1
양념용1,1
마무리할때1,1
고기손질하기,1
월요일되니,1
수다가,1
도입이,1
글어져,1
버렸습니다,1
농축정도나,1
참깨가루,1
흑임자,1
돌김,1
낫다,1
적힌,1
지켜서,1
시키는,1
맛보실,1
소쿠리에,1
추석선물은,1
굴비세트가,1
바람은,1
산들산들,1
날마다,1
뼘씩,1
하늘은,1
푸르르니,1
시끌시끌한,1
정국에도,1
오는구나,1
대견하다는,1
식욕의,1
계절이라더니,1
밥맛도,1
살아나는지,1
굴비구이는,1
어르신들이,1
굴비를,1
반찬이라고,1
칭송을,1
하셨는지,1
참조기를,1
바람으로,1
말려서,1
영광굴비는,1
쓱싹,1
비우는,1
유니,1
짜장밥,1
야채볶음용,1
춘장볶음용,1
지어야겠죠,1
좌르르르,1
최인선닭고기볶음,1
사이살,1
땅콩반컵,1
빨간파프리카,1
주황파프리카,1
반개씩,1
대파반컵,1
다진청양고추,1
임성근돼지불고기전골,1
진간장반컵,1
흑설탕반컵,1
콩나물파무침,1
대파2대,1
다진마늘반큰술,1
참기름반큰술,1
15754597,1
2줄로,1
이다,1
골뱅이콩나물무침,1
씹히면,1
맛나거든요,1
어슷썰기로,1
대파1대,1
양배추약간,1
깻이20장,1
불린당면약간,1
물약간,1
오이부추무침이예요,1
김치대용으로,1
맛있던지,1
안나더라구요,1
오이겉절이라고도,1
가지지,1
싱싱함과,1
꿀맛인,1
15435787,1
양조간장이나,1
조림으로,1
4도막,1
5도막,1
데쳤을때,1
고춧가루3,1
국간장1,1
매실액1,1
청주3,1
검은막등도,1
생선은,1
검은막부분을,1
벗겨주어야,1
살살살,1
긁어서,1
비늘을,1
벗겨주고,1
잡아주었답니다,1
5막,1
썼고요,1
구이를,1
대패삼겹살인데요,1
어머니도,1
아버지도,1
좋아하거든요,1
구워서도,1
볶아서도,1
참고한다면,1
맞도록,1
놓는다면,1
제격이거든요,1
삼계탕끓이는법,1
자화자찬,1
누룽지닭백숙만들기,1
Bonus,1
영상까지,1
2020,1
초복,1
16일,1
중복은,1
10일뒤인,1
26일,1
일요일,1
말복은,1
5일일줄,1
알았는데,1
뒤인,1
간격이지만,1
월복이라고,1
격할때도,1
사우나같은,1
주방에서,1
정성스레,1
달이며,1
영화같은,1
커녕,1
영화보며,1
먹을것만,1
영화메뉴는,1
준비했구요,1
가지밥을,1
2cup,1
찹쌀로만,1
잠길만큼만,1
김치전은,1
다솔,1
프눈이에요,1
음료들,1
찾으시죠,1
재미에,1
마시다보니,1
거칠어지고,1
안오고해서,1
둘러보다,1
발견한,1
14758930,1
돈가스용,1
습식빵가루,1
사과즙을,1
부슬부슬,1
떠지지,1
퐝퐝,1
답이죠,1
오이피클레시피,1
담은지는,1
지났는데,1
뒤늦게,1
파스타나,1
오이피클은,1
카레라이스와도,1
필요치는,1
어쩌다,1
필요하기에,1
가네요,1
아쥬,1
난다는,1
번거롭거나,1
누구라도,1
한눈에,1
들어오는,1
요알못이라도,1
걱정하지,1
따라오시면,1
바삭바삭해서,1
주먹만,1
사이즈일,1
환상,1
넘어졌던,1
토요일에,1
라이딩을,1
다녀왔어요,1
준비하는데,1
라이딩으로,1
6시쯤,1
출발해,1
신나게,1
달리고,1
귀가했었는데,1
밤이라,1
조심스럽게,1
타느라,1
속도는,1
냈지만,1
달리기는,1
재충전,1
한주를,1
출발하는,1
고기반찬으로,1
볶아내는,1
4X4두,1
튜브형,1
쌈장입니다,1
생마늘을,1
못먹지만,1
생마늘이,1
쌈장만은,1
예외일,1
끝내주는데요,1
올랐어요,1
마늘쌈장을,1
먹겠다며,1
상추까지,1
한바가지,1
쌈싸먹기,1
권하며,1
7톨,1
조절할,1
뜨끈하게,1
먹어볼까요,1
만들기인데,1
글에,1
있었지,1
사진들을,1
살았는지,1
신기할,1
먹어주는,1
가능했던,1
일인,1
기록되어,1
요리사진들을,1
뿌듯하면서도,1
한편으로는,1
흐른,1
서글프기도,1
감자전과는,1
포실한,1
색다르거든요,1
감자고로케가,1
드리게,1
마침맞게,1
점심에는,1
국수뿐,1
드렸을,1
평이,1
좋았었으니,1
1인기준,1
냉동꽃게로,1
8마리,1
3마리는,1
양념게장을,1
손질하는법,1
사이즈이지만,1
토실토실,1
살집이,1
떨어지기도,1
손질하는데,1
움찔움찔,1
움직여서,1
들더라구요,1
방송은,1
새콤하니,1
법이랍니다,1
농가를,1
돕기,1
취지와,1
메모했다지요,1
한돈,1
같다능,1
더워지다,1
부위별로,1
오는데,1
돼지고기인지,1
확인은,1
한돈에,1
풍부한지도,1
계시지요,1
다이어트하기에도,1
비타민B1이,1
인과,1
미네랄은,1
아이들에게도,1
물솥,1
대나무,1
스텐볼,1
스크래퍼,1
중간체,1
무스링,1
깔판,1
작은술은,1
ml에요,1
7시간,1
빻아왔어요,1
적었어요,1
대추는,1
깎기,1
레지나의,1
라라쿠치나,1
보내셨어요,1
난조로,1
골골,1
가나봅니다,1
시금치된장국이,1
시금치된장국황금레시피,1
한단이,1
떠오르길래,1
쏘울푸드,1
된장국물,1
이래,1
거창,1
이름하여,1
광장에서,1
밤밥과,1
서브된,1
보도록,1
할께요,1
싶은날,1
고민없이,1
계란파이,1
따라하면,1
카페스타일,1
생생한,1
간단하죵,1
기다려야,1
맛볼수,1
덧입혀져,1
귀하지요,1
있었으니,1
이름하야,1
이르게,1
출하,1
철에,1
제맛입니다,1
그때에요,1
식탁이있는삶에서,1
이베리코돼지고기랑,1
산지직송이라,1
식품몰이에요,1
재구매도,1
했었다죠,1
더단,1
선정되어서,1
제공받아서,1
포스팅하게,1
생산자가,1
지을,1
소비자는,1
경험할,1
계절과,1
소비자의,1
잇는,1
지향하고,1
생산자,1
스스로가,1
소비자가,1
받아볼,1
제품만을,1
전달합니다,1
퍼밀,1
식탁이있는삶이,1
스페셜티,1
플랫폼으로,1
온전한,1
가치를,1
전달하여,1
소비자들의,1
이바지,1
누적판매량이,1
000만개를,1
돌파,1
김재훈,1
농부의,1
4덩이,1
맞추시는,1
보내신,1
일어났더니,1
상쾌하네요,1
된장찌개에요,1
댁에,1
끓여주셨었어요,1
하나인데,1
번거롭긴,1
조카에게도,1
주었을,1
하던지,1
맛있다를,1
연발하는,1
좋았었어요,1
참고하시고,1
모였을,1
해물된장찌개,1
가능하게,1
삶은당면,1
요리법이,1
확힌하세요,1
배여,1
삶는법입니다,1
보관법과,1
알려드린답니다,1
자체를,1
삶으면서,1
1차적인,1
면발,1
요리라고,1
있을만큼,1
꿀맛같은,1
비법이,1
될터이니,1
확인하시구요,1
내용들,1
반찬중의,1
한통있으면,1
비빔밥해서,1
반찬없을,1
한술넣고,1
참기를,1
국내여행,1
캠핑등에,1
가져가도,1
일행들에게,1
칭찬받는,1
조미료가,1
제대로된,1
싸가지고,1
가시는,1
그만인,1
킥이,1
밑반찬입니다,1
키포인트는,1
간해서,1
볶은다음,1
고추장넣고,1
볶는거예요,1
상하기,1
빼먹어서,1
설명으로,1
대신합니다,1
사오지,1
불고기감이나,1
구이감으로,1
준비된것,1
썰으세요,1
기계에서,1
갈은거라,1
안좋구요,1
썰으면,1
걸레질,1
하고나면,1
노란걸레가,1
지경,1
건강체질,1
옆지기도,1
꽃가루만큼은,1
이기지,1
알러지약을,1
복용하고,1
최선의,1
지나가길,1
건강하려면,1
키워질테고,1
곁에서,1
지켜보는,1
사람으로선,1
챙겨주는,1
소불고기황금레시피,1
불고기양념,1
데치기까지,1
참두릅이라고,1
분이라,1
살수,1
신랑과,1
친정엄마랑,1
통화하면서,1
샀다고,1
많냐고,1
하시며,1
결혼하고,1
사봤어요,1
사보니,1
못하겠고,1
무작정,1
소고기불고깃감,1
원재료는,1
정도인데,1
불려놓아요,1
보충해야,1
추가해주셔도,1
깍뚝썰기를,1
즐겨보시길,1
바라요,1
중소,1
홍고추1,1
청양고추2,1
생강가루0,1
건강지키겠다며,1
끊고,1
채식하며,1
찾아먹고,1
비트가,1
콜레스테롤에도,1
해마실까,1
해먹을라고,1
물어보길래,1
검색해보니,1
지방으로,1
쌓이는,1
방지해주고,1
빼는데,1
탁월하다고,1
해독주스로도,1
마시기도,1
기네스,1
펠트로도,1
애용한다는,1
ABC주스,1
ABC주스만들기,1
2일째,1
빨래엔,1
요리연구가,1
쌀컵으로,1
밥물은,1
동량으로,1
밑간한다,1
먹다보면,1
집도,1
보육,1
중일때는,1
삼세시끼,1
맞추게,1
한두번이어야죠,1
달째,1
음식들만,1
전부터는,1
당깁니다,1
백종원닭볶음탕,1
미나리까지,1
그날,1
담느라,1
했으니,1
얼마전부터,1
보이네요,1
나왔을,1
해야할,1
햇양파장아찌,1
사다두고,1
담글지,1
째려만,1
거창한,1
맘만,1
들였는지,1
끝내고,1
개운한것을요,1
간장장아찌는,1
심심하게,1
집어먹기,1
짜게,1
보존하면서,1
먹겠다는,1
양력,1
생일이었던,1
관계로,1
네이삐,1
축하한다는,1
문구에,1
카카똑에,1
떠있던,1
생일문구,1
본의,1
아니게,1
지인들의,1
주머니를,1
놔하하,1
꿈자리가,1
뒤숭숭하더니만,1
칼에,1
엄지손가락을,1
베여,1
병원에,1
봉합수술도,1
끄응,1
콘프레이크,1
만두와,1
중국음식으로,1
때우다,1
편하지만,1
고열량의,1
느낌인데,1
와중에도,1
효자아들은,1
안중에도,1
친구들까지,1
고맙다,1
아들아,1
긴장속에,1
밤이,1
불면증이,1
뭔가요,1
새벽5시,1
시간까지,1
꿀잠을,1
잤다지요,1
만빵으로,1
연근의,1
일로,1
인천,1
순대맛집,1
순대국,1
본래순대,1
인천송림점,1
역시네,1
퓨나입니다,1
봄이지만,1
요즘이네요,1
찬바람도,1
쌩쌩,1
부니,1
해먹어볼,1
순대국이,1
때려넣어서,1
순대랑,1
주르륵,1
둘찌가,1
생후,1
165일쯤,1
개월하고,1
반쯤이였던,1
같다,1
쌀미음부터,1
한달째,1
한끼씩,1
아기가,1
침을,1
쳐다본다거나,1
오물오물,1
흉내를,1
이외의,1
음식물을,1
먹다니,1
신기하다,1
독박육아로,1
집안일이며,1
케어하려니,1
많아졌다,1
아이한테,1
어떤게,1
필요한지,1
성장에,1
좋을지를,1
생각해주는,1
초기,1
2단계를,1
해보기로,1
공홈에서,1
수에,1
스케쥴에,1
배달되어,1
몇일,1
먹여보는,1
편했다,1
만만,1
2호,1
먹어주렴,1
채우기보다는,1
연습하는,1
시기여서,1
들어가고있다,1
뚝딱하는,1
기대하며,1
브랜드들이,1
선택을,1
했었다,1
먹였던터라,1
골라야할지,1
영양맞춤,1
시작해보기로,1
결심,1
골구루,1
선택의,1
폭도,1
다양했다,1
주문방법,1
careb,1
namyangi,1
customord,1
guide,1
케어비,1
이유식의,1
드리죠,1
보관했던,1
오징어볶음이,1
결정해,1
버전이지만,1
방법들도,1
도라지청,1
약도라지,1
넣어주실,1
도라지의,1
블로그를,1
이어가고,1
황금도라지,1
언니의,1
약도라지로,1
품질로,1
아시더라고요,1
도라지는,1
뿌리채소라,1
품질에,1
끼칩니다,1
성분들을,1
축적하며,1
수원의,1
별미집,1
시골집에서,1
지인들과함께,1
계절별미인,1
회를,1
반해버렸는데,1
자료를,1
남해,1
바닷가에서는,1
고랑치를,1
끓여먹는데,1
미역국보다,1
한수위라고하며,1
어촌에서는,1
산모의,1
산후조리에,1
대신하며,1
주당들의,1
해장용으로도,1
받는다고,1
하는군요,1
별미이며,1
보양식인,1
도다리쑥국은,1
듣도,1
보도,1
맛도보지못한,1
사정하여,1
느껴보고,1
애독자와,1
이웃님들과함께,1
공유하여,1
선어,1
부탁했는데,1
귀해서,1
활어는,1
못구하고,1
구해,1
냉장상태로,1
왔네여,1
일설에,1
귀하다보니,1
대도시까지는,1
못올라오고,1
현지에서도,1
공급이,1
원할하지못한,1
품귀현상이라고,1
직접제가,1
끓여보겠습니다,1
갓잡은,1
활어가,1
죽은걸,1
선냉상태로,1
선어지만,1
억수로,1
육수팩,1
홍고추가,1
대체했습니다,1
존재감은,1
색감일,1
의미없으니,1
패스,1
하이소,1
육수팩을,1
집어넣고,1
끓여주이소,1
벌었습니다,1
메뉴이긴,1
따땃한,1
당기는지,1
먹는데는,1
바글바글하기만한지,1
휴일이었잖아요,1
대자로,1
주문해도,1
아쉬운듯,1
나오는게,1
태반인데,1
4만원은,1
모듬수육,1
3만원으로,1
전골팬,1
가득하게,1
최고인가,1
족히,1
매달려야,1
저에겐,1
20년이,1
압력솥이,1
2시간여만에,1
딸아이는,1
정치에,1
알지,1
못하지만,1
국민의,1
권리는,1
참여하겠다며,1
투표를,1
투표하고,1
만들어준다고,1
한봉지씩,1
견과류가,1
출근할,1
챙겨가겠다고,1
확인하셔서,1
표고버섯2,1
얄팍하게,1
썰었지만,1
그라놀라,1
식사대용식,1
통아몬드,1
건과일류,1
합쳐서,1
아가베시럽,1
바닐라시럽,1
두는데요,1
다양,1
생채로,1
생채를,1
발생하곤,1
본다면,1
신선할때,1
가리비치즈구이,1
잘라진,1
편한데,1
모짜렐라가,1
슬라이스를,1
주는게,1
먹물이,1
요걸로,1
데로,1
조리해야,1
음식들은,1
퇴근후에,1
부담스럽긴,1
도구의,1
달라지죠,1
한통은,1
묵히고,1
헐게,1
헐고,1
하면되지,1
천성이,1
긍정적인가봅니당,1
해먹자는,1
꺼내고,1
귀가한,1
딸램에게,1
담가두라,1
명하고,1
퇴근하자마자,1
30도,1
안되어,1
등갈비김치찜이에요,1
압력솥에,1
앉히고,1
계란말이하고,1
뼈만,1
등갈비와,1
이것이야,1
밥도둑님,1
찐다고,1
난리네요,1
울집에,1
밥도둑님이,1
출몰해요,1
등갈비김치찜,1
시골에,1
할머니께서,1
할머니표,1
청국장이라면서,1
주셨답니다,1
줬다고,1
친구는,1
신랑에게,1
강탈,1
당했다고,1
하더군요,1
얻어온,1
들러서,1
자랑하다가,1
뺏긴,1
거고,1
공용이라고,1
공용은,1
임자라고,1
사람이거든요,1
나누자고,1
애원하는,1
아들하고,1
냉동시켜,1
놓으려고,1
두었는데,1
덜컹,1
덩어리째로,1
냉동을,1
시켜버렸답니다,1
편이여서,1
1년에,1
말까,1
아들은,1
아빠와는,1
살면서도,1
했었거든요,1
청국장에서,1
냄새를,1
싫어헸던,1
호박부침개,1
곳에서는,1
불어대곤,1
살벌한지,1
밤잠을,1
못잘,1
내리지,1
지역은,1
아니라던데,1
있길래,1
호박전을,1
썰어낸,1
내도,1
내릴때면,1
부쳐먹는,1
호박부침개가,1
나곤,1
있는건,1
휴일이라,1
늦잠,1
자지만,1
아니어서인지,1
떠지더라고요,1
아침이,1
여유로운걸요,1
태풍,1
미탁,1
소식에,1
알았더니,1
내리고,1
그치고,1
하늘도,1
맑게,1
개었더라고요,1
경북지방은,1
피해가,1
많던데,1
계신곳은,1
어떠신가요,1
비온,1
처리할겸,1
죽어가는,1
겸사겸사,1
부추전만들기,1
하였답니다,1
눈물을,1
야물딱지게,1
맘은,1
단을,1
사곤,1
방치를,1
버렸네요,1
두가지와,1
3가지와,1
제육볶음까지,1
구성되어있는,1
이였구요,1
않은것같아요,1
한두가지만,1
꺼내놓고,1
소소하게,1
먹는걸,1
먹기로했는데,1
나눠먹었음에도,1
오징어무국으로,1
구성되어왔다는것도,1
밑에는,1
이름명과,1
원재료나,1
적혀있기때문에,1
보는것도,1
천연적인,1
간으로,1
음식인만큼,1
먹이기에도,1
좋았는데,1
온것도,1
깔끔한게,1
보기좋았답니다,1
부랴부랴,1
반찬배달이,1
오징어도,1
실하게,1
들어가있구요,1
무며,1
한그릇에,1
밥말아서,1
좋을정도로,1
천연야채와,1
냈기때문에,1
쿡찬이였어요,1
여기에는,1
s사이즈로도,1
구성되어있다고,1
새벽마다,1
챙겨드시고,1
가길,1
권해드리고싶네요,1
즐겨하는,1
아니다,1
배달해서,1
먹을때가,1
맞는곳도,1
아닌곳도,1
적다거나,1
충족하지,1
못한곳이,1
네가족이,1
좋을만큼,1
푸짐하니,1
토마토제육볶음,1
다진것,1
제철음식,1
다가올수록,1
싱그럽고,1
짙어지는,1
계절에는,1
발휘해줍니다,1
쌈으로만,1
아까울,1
찜으로,1
멸치깻잎찜은,1
깻잎의,1
반찬이에요,1
국물멸치가,1
더해줘서,1
공기쯤은,1
비워지게,1
애플하우스,1
라쫄볶이,1
CU에,1
들렀는데요,1
라쫄볶이는,1
품절인지,1
서울대표,1
간거지만,1
거칠지만,1
덩치,1
분식류,1
쫄면이다,1
놀러와,1
봤다,1
살펴보자,1
추가하기,1
좋아진다,1
빼줘서,1
아니아니,1
여름만,1
애사비,1
숙성해주면,1
면요리에도,1
분리해서,1
익혀야한다,1
통채로,1
분리했는데,1
엎에서,1
전수,1
양손에,1
덩어리를,1
비벼주면,1
경험은,1
무시,1
못한다,1
끊는,1
끊이다,1
올라오기,1
식혀주며,1
꺼내준다,1
다음이,1
면발을,1
식혀준다,1
닿아,1
손놀림,1
순간이다,1
쫄깃해,1
보인다,1
쫄면에,1
쫄면보다,1
추천한다,1
비벼볼까,1
오른손으로,1
왼손으로,1
노래가,1
생각난다,1
쫄면소스가,1
비벼질,1
정성과,1
열정을,1
달갈을,1
준비되었으면,1
비법소스로,1
차가운면요리,1
쫄면레시피,1
쫄면소스비법,1
만들어주었다,1
불려주어야,1
콩이기,1
까지게,1
삶아봤어요,1
재면서,1
10분을,1
반숙과,1
계란삶는시간,1
끓는물삶은계란시간,1
삶은달걀시간,1
생각나죠,1
만들어먹었던,1
오이크래미무침,1
새콤하면서,1
시원해서,1
반찬이거든요,1
집어먹어도,1
느낌으로도,1
크림리조또,1
주었어요,1
넣을수록,1
1숟다락,1
할라피뇨나,1
오이냉국레시피,1
미역오이냉국은,1
오이냉국은,1
냉국을,1
정식품에서,1
제공받고,1
1박2일,1
25도까지,1
장난,1
반소매만,1
입어도,1
착각할,1
정도예요,1
콩국수인데요,1
1박2일에서,1
김종민,1
문세윤,1
국수에,1
콩국물만,1
콩국수를,1
완성했는데,1
정식품,1
대박집,1
영양성분을,1
식재료지만,1
않으시는,1
계시는,1
현실인데요,1
비율의,1
버무려내면,1
반찬용,1
어울리도록,1
알아두시면,1
육개장레시피,1
육개장끓이는법,1
관계없이,1
계시고,1
불고깃감으로,1
방법이므로,1
이점을,1
참고하시기,1
생각할수록,1
생각나잖아요,1
쿠기가,1
따라오세요,1
쿠기,1
딱인데요,1
김밥이랍니다,1
곁들이기에도,1
거피,1
생각한,1
차림을,1
빠트리지,1
소름이네요,1
외부일정으로,1
저녁메뉴는,1
꼬치어묵국,1
깨순볶음,1
오이달래무침,1
게시물,1
작성자가,1
설정,1
외부일정이,1
귀가가,1
늦은날에는,1
돌아오는길에,1
간단한거,1
사와도,1
상관없죠,1
찬스를,1
이용하고,1
4팩에,1
만원이면,1
사각김밥,1
김밥도시락,1
찻스푸,1
스팸양념,1
두공기,1
사용하긴,1
무침용으로,1
백오이랑은,1
백오이보다,1
어린이를위한요리,1
할지도,1
모르겠는데,1
두부깻잎전,1
만들기랍니다,1
보고서,1
먹을는지,1
듬뿍이거든요,1
주기로,1
얼려서,1
집이다,1
냉장실로,1
이동,1
자연해동,1
30여,1
사용하려고,1
훈제오리도,1
썰어주었답니다,1
않기로,1
프라이팬에서,1
볶아주기로,1
깨뜨려,1
점성을,1
섞어주고요,1
소에,1
넣어보려구,1
본답니다,1
묻혀주기로,1
오리소를,1
준후,1
구워주려고,1
수란만들기,1
고픈데,1
시켜먹기도,1
금액에,1
배달팁까지,1
자취생도,1
성공이에요,1
조리도,1
생존,1
정식이죠,1
수란을,1
좋아했는데,1
돌렸더니,1
바뀌더라고요,1
몽언니에요,1
갓나오기,1
시작한다지요,1
어렵고,1
특유,1
떫은맛과,1
없애려면,1
쌀뜨물과,1
굵은소금을,1
죽순삶기,1
무게와,1
물양에,1
편스토랑레시피,1
돼지갈비찜레시피,1
갈비찜레시피,1
돼지갈비찜만들기,1
지난주부터,1
합류하게,1
따라하게,1
물갈비를,1
돼지갈비찜에,1
찜요리들과,1
느낌이라,1
만들던,1
갈비찜과는,1
스타일이,1
이상할까요,1
햇감자로,1
갯수는,1
준비해준,1
갯수에,1
삶아줄,1
사이즈와,1
비례하니,1
튼실한,1
야리야리한,1
보이던지,1
사르륵,1
재료손질,1
꼭지는,1
쪽에,1
오징어진미채볶음,1
성공이다,1
오징어진미채,1
gs25,1
우유크림빵,1
커피크림모찌롤,1
빵순이로써,1
gs,1
25와,1
사천식,1
3스,1
사천지방에서는,1
즐겨먹는다고,1
지칠,1
절실하더라고요,1
콩국물까지,1
맑아지는,1
현미잡곡밥,1
이내,1
좋을까,1
저당질,1
채소이며,1
올려주는,1
백숙,1
김여사능이버섯백숙,1
자연산능이,1
김여사능이백숙,1
능이삼계탕밀키트,1
백숙밀키트,1
아산김여사백숙,1
김여사,1
완성하여,1
스몰사이즈,1
g이에요,1
여는,1
올라와서,1
봄나물은,1
다르구나,1
기대감이,1
든답니다,1
쌉싸름하면서도,1
기분까지,1
블랙으로,1
상하목장,1
멸균우유,1
빨대가,1
종이빨대입니다,1
SARTORI,1
사토리,1
오리지날벨라비타노,1
454,1
하디스,1
까베르네,1
쇼비뇽,1
외출할,1
소홀한,1
두반장에,1
저속노화에,1
베블의,1
브로콜리와,1
C와,1
설포라판이,1
슈퍼푸드에요,1
세포재생과,1
뛰어나다고,1
색깔,1
풍부해져요,1
녹황색,1
스테이크소스,1
이영자,1
육수만,1
된다는,1
간단함이,1
김칫소는,1
털어내어,1
숙성시킵니다,1
초록부분,1
10톨,1
기억하시나요,1
나왔더라고요,1
되었나,1
장조림고기,1
사용하면서,1
노두유1,1
담가놓으셨다가,1
애용해,1
바질페스토만들기,1
품절대란,1
올리브오일추천,1
추천제품을,1
코스트코는,1
유럽산,1
라인도,1
올리브오일입니다,1
필리포,1
베리오,1
지아노,1
리비에라,1
바르디넬리,1
쬐금,1
순두부찌개양념,1
채소예요,1
인식이,1
강해진,1
브로콜리에는,1
데치기를,1
세척은,1
벌레나,1
이물질이,1
돌기,1
백명란젓은,1
구워줄때,1
넣어줄,1
간단명료하죠,1
보관은,1
냉동제품이니,1
하셔야합니다,1
닭고기36,1
가슴살로,1
이루어져있고,1
자미이카저크소스,1
들어가있습니다,1
공기층을,1
형성해서,1
갓튀기듯이,1
계란찜만들기,1
전자렌지계란찜,1
전자레인지계란찜만들기,1
반찬이라,1
무한대죠,1
계란찜만,1
내열용기에,1
돌려주기만,1
전자레인지는,1
데우는,1
용도만이,1
도구에요,1
시판재래식된장,1
원치의,1
원의,1
행복이라,1
올려줄,1
삶아줄게요,1
충분한데,1
침치액,1
통풍,1
환자는,1
섭취에,1
g이,1
부피가,1
늘어나요,1
4차례,1
느낌이었네요,1
변신시켜봅시다,1
생미나리무침만드는법,1
키토김밥으로,1
어른밥숟가락,1
아이스크림숟가락,1
들어가는게,1
삼겹살은300을,1
고소해져요,1
선생님,1
아삭한콩나물무침,1
하얀콩나물무침레시피,1
남편에게,1
심부름을,1
보냈는데,1
오라고,1
시켰거든요,1
심사숙고해서,1
고른,1
주는데,1
믿어보겠어,1
만져보니,1
빕스,1
바비큐,1
형제가,1
빕스의,1
바비큐랍니다,1
살과,1
커갈수록,1
어마어마,1
해지면서,1
언젠가부터,1
성장세도,1
폭풍처럼,1
빨라지니,1
즐거움보다는,1
부담으로,1
다가오더라고요,1
큰마음을,1
실컷,1
왔죠,1
달걀지단을,1
구이용,1
제육볶음양념,1
파김치담그는법,1
배주스로,1
대신했어요,1
겉면,1
방울토마토도,1
대저,1
래디시,1
라디치오,1
올려보도록,1
또띠아만,1
요리니까,1
걸로만,1
차려주죠,1
먹여요,1
간단한아침,1
아침상,1
아침추천을,1
아이의,1
일주일아침상,1
간단한아침메뉴,1
대파는1대를,1
몸통에는,1
폭으로,1
다리는,1
산뜻하게,1
음식보다,1
늦춰주는,1
많아지는,1
샐러드인데요,1
항산화와,1
아이메뉴추천,1
아침간편식을,1
간단한아침메뉴는요,1
간단한아침메뉴추천,1
대추방울토마토를,1
콘옥수수는,1
헹궈준,1
마셨는데요,1
중국차중에,1
보이차랍니다,1
중고등학교때는,1
내려마셨을,1
정도에요,1
차가,1
다도를,1
과정이거든요,1
다녀서,1
왕혜문보이차가,1
마셔봤어요,1
왕혜문보이차,1
보이차,1
차추천,1
중국차,1
제로칼로리,1
0kcal,1
비엘몰,1
보이차마시는법,1
운남성보이차,1
보이차추천,1
파로,1
이츠,1
아침식사대용,1
씨리얼추천,1
쑨여사입니다,1
아침식사대용으로,1
시리얼을,1
시리얼입니다,1
얼갈이열무김치,1
열무얼갈이물김치,1
얼갈이물김치,1
뚝딱하게,1
국수나,1
딱이고,1
계절이라고,1
과언이,1
아닌데요,1
단출해서,1
계란보관법,1
주의사항까지,1
식재료잖아요,1
찜에도,1
볶음에도,1
허전하고,1
존재죠,1
한판씩,1
쟁여두게,1
써보신,1
예전까지는,1
칸에,1
도어칸에,1
달린,1
트레이도,1
알았고요,1
계란인데,1
심하고,1
깨지기도,1
다르더라고요,1
달라진다,1
더팜,1
생삼겹살에,1
취향은,1
달랐다,1
데이트할,1
레스토랑에,1
허름해도,1
기똥차게,1
한식집을,1
좋아했다,1
오삼불고기집,1
매콤하니,1
야채김밥인데도,1
겁날,1
비싸더라구요,1
깻잎있으면,1
꽁다리,1
나오구,1
싸기가,1
먹음직스러워,1
면순이지만,1
먹으려는,1
다가와서,1
면요리가,1
땡기길래,1
급식대가님이,1
소개해주신,1
만드는법과,1
새콤달콤매콤,1
참다가,1
그렇기도,1
달라붙는,1
들기도,1
맛있었다는,1
요샌,1
작아져서,1
못하는데도,1
욕심은,1
줄어들지를,1
담으면서,1
부추김치도,1
담아본,1
담았는데도,1
잡히는,1
매운콩나물,1
마늘종멸치볶음,1
새우마늘종볶음,1
구운계란,1
압력과,1
거라서,1
온도차로,1
깨질,1
때문이다,1
냉기가,1
1인피자,1
소고기피자,1
또띠아피자만들기,1
1인피자만들기,1
싱글밀입니다,1
부모님은,1
70대,1
후반이신데,1
도우는,1
좋아하셔서,1
드리면,1
한식보다,1
소고기소보로,1
적당하고,1
나이들수록,1
해야하는데,1
만들어드려야겠단,1
오이절임물,1
토마토케찹1,1
났던데요,1
들어가겠지만,1
끝자락에,1
서브웨이오이샌드위치,1
엇갈리긴,1
이가,1
볼품이,1
비주얼이었어요,1
된장찌개끓이는법,1
된장찌개는,1
끓이게,1
된장은,1
시판과,1
집된장을,1
이모카세두부찌개,1
두부찌개레시피,1
얼큰두부찌개,1
흑백요리사에,1
방송에,1
두부찌개에요,1
만들지는,1
부재료들을,1
내는데,1
걸더라고요,1
보이기도,1
찌개이긴,1
만들고는,1
맛있어지더라고요,1
콩나물불고기레시피,1
저녁거리가,1
배달시킬까,1
고민도,1
점심도,1
외식했던,1
끌리지,1
않더라는,1
쟁여둔,1
콩불을,1
감자조림을,1
포슬한,1
단짠하고,1
그만이에요,1
어릴적에는,1
주중에는,1
지나간,1
한식으로,1
안찍고,1
일사천리,1
색감과,1
가미하기,1
오이고추나,1
북어국끓이는법,1
황태국끓이는법,1
황태해장국,1
속풀이,1
식구들을,1
북어국을,1
끓여보았어요,1
알콩이었는데,1
힘도,1
불끈,1
솟았다는,1
꽈리고추찜무침,1
꽈리고추무침,1
알콩도,1
꽈리고추찜을,1
당근라페샌드위치만들기,1
매력인데다,1
가족을,1
프랑스식,1
충분한데다,1
체크하고,1
김치말이국수는,1
혼합하고,1
마무리하는,1
일반적이지만,1
김칫,1
혼합하여,1
열무김치로,1
드셔보시기,1
과카몰리만드는법,1
아보카도요리,1
과카몰리는,1
아과카테와,1
의미하는,1
몰레의,1
합성어로,1
아보카도에,1
혼합한,1
스페인어로,1
과카몰레로,1
발음하지만,1
우리나라엔,1
과카몰리로,1
일종이랍니다,1
할라피뇨와,1
라임즙을,1
가깝게,1
고봉밥,1
김치찜만들기,1
알파,1
무채나,1
쌈으로,1
크림파스타만들기,1
크림파스타레시피,1
크림파스타소스,1
생크림파스타,1
파스타레시피,1
레시피로는,1
방송되었던,1
제품으로도,1
맛보장이,1
파스타에요,1
투움바파스타처럼,1
파에,1
그걸,1
파에서,1
고급스러움을,1
더해주더라고요,1
볶음이,1
올라가는데,1
소불고기는,1
만으로도,1
반찬인,1
만든지는,1
2주가,1
넘었는데,1
시켜뒀다가,1
들었길래,1
꺼내먹고,1
담는법을,1
생양파나,1
생파를,1
못먹는,1
고기랑,1
바베큐를,1
할려구요,1
참치주먹밥만들기,1
참치주먹밥,1
주먹밥만들기,1
배고파서,1
일어났는데,1
더워져서일까요,1
기회야,1
굶으면,1
좋겠지만,1
없더라는,1
전기압력밥솥,1
전복은,1
기력,1
회복에도,1
전복요리를,1
은행과,1
슬픔,1
화남,1
포옹,1
감정들을,1
간접적으로,1
표현할,1
사탕을,1
행복해씨를,1
집어봐,1
사이에도,1
났을,1
다물고,1
침착씨를,1
들어보세요,1
화나서,1
가라앉히고,1
중이야,1
침착씨가,1
대화를,1
나누세요,1
10시,1
30분부터,1
4시까지입니다,1
맥모닝,1
감정,1
미스터,1
미스와,1
표현하는,1
알려줄,1
맥도날드메뉴,1
맥도날드해피밀,1
맥도날드해피밀장난감,1
맥도날드해피밀5월장난감,1
맥도날드해피밀6월장난감,1
맥도날드치즈버거,1
맥도날드불고기버거,1
맥도날드미스터맨미스,1
미스터맨리틀미스,1
해두면,1
해줘야,1
깔끔해져요,1
불순물은,1
갈비찜에,1
어슷썰어요,1
채소들은,1
섭취도,1
가격이고,1
찌개에도,1
메인요리를,1
한뼘,1
초당옥수수만한,1
매력적이라,1
반가웠어요,1
여름철에,1
찌면,1
잘라내면,1
마트배달한것인데,1
튼실해서,1
천이나,1
면보를,1
찌긴했는데,1
콩나물국을,1
씻기가,1
국을,1
끝났어요,1
손질해볼게요,1
대파도,1
어슷썰어서,1
깊어져요,1
콩나물국끓이는법,1
알콩의,1
갈비찜맛집,1
마주한우,1
한우루,1
경기도,1
화성,1
남양의,1
갈비찜맛집으로,1
마주한우에서,1
조리완제품,1
밀키트를,1
먹어보았는데,1
시작해볼께요,1
갈비찜은,1
전통적으로,1
임금님의,1
수라상에,1
오르던,1
현대사회에서는,1
손님을,1
대접할,1
식사하는,1
메인요리라고,1
생채무침,1
두부조림레시피,1
두부조림양념장,1
준비하기엔,1
기운도,1
조림을,1
양파랑,1
무침이,1
익히기에,1
취나물무침만드는법,1
손질할게,1
늙는,1
유행이잖아요,1
띄어,1
따라해보게,1
라이스페이퍼만,1
될것,1
고기도둑,1
생깻잎이라서,1
진합니다,1
밥도둑메뉴,1
중간잎,1
깻잎세척하기,1
오이지무침레시피,1
해전부터,1
오이지담그는법은,1
전통적인,1
4일만,1
겉절이만드는법,1
겉절이레시피,1
텃밭에서,1
상추라고,1
이웃님이,1
알콩네인데,1
쌈도,1
계란장만들기,1
계란장조림만들기,1
알콩이,1
달큰,1
짭쪼롬하게,1
인기라는,1
달걀장을,1
네이버쇼핑커넥트,1
판매발생시,1
오이토마토무침,1
중이라,1
헐리웃,1
스타들의,1
이란의,1
쉬라즈샐러드를,1
어린아이들과,1
좋다지요,1
뒷베란다에,1
박스가,1
스펙트럼이,1
넓어서,1
김치찌개고기,1
김치찌개재료,1
부분인데요,1
쫄깃함과,1
부드러움을,1
느낀다면,1
앞다리살이,1
뒷다리를,1
추천하고요,1
뒷다리살을,1
사랑이에요,1
메뉴여서,1
153수제한우떡갈비에서,1
담양,1
소떡갈비,1
3인분과,1
돼지떡갈비,1
먹어보게,1
200원에,1
소개해보려고,1
153수제한우떡갈비는,1
육가공,1
장인의,1
만들어졌습니다,1
대숲,1
담양의,1
한우와,1
한돈만을,1
진공,1
위생적이고,1
배송되니,1
개봉해,1
송화고,1
송고버섯,1
버섯크림리조또,1
질감에,1
송화고버섯,1
식물원,1
연와사비,1
조카들인데,1
핏줄인,1
싶단,1
연락이,1
조려보았답니다,1
김치전만드는법,1
김치전바삭하게,1
바삭한김치전,1
진가가,1
발휘되죠,1
10배는,1
어쩔,1
부쳤는데,1
순삭이더라고요,1
익거나,1
신김치도,1
정해서,1
반죽하면,1
어려움,1
김치전이죠,1
부치느냐에,1
만들어져서,1
이웃님들도,1
어려울,1
닭안심살로,1
간강소스에,1
굿입니다,1
안심살,1
자우라입니다,1
푸성귀,1
알배추와,1
정도나,1
꺼내드시면,1
소금간만,1
사이다맛,1
나지요,1
비율이면,1
소금으로만,1
김치물,1
T로,1
루틴은,1
10시쯤,1
시작하고요,1
12시,1
8시까지,1
마무리하고,1
유지한,1
지나가고,1
주말에는,1
지키지,1
되도록이면,1
먹도록,1
외식을,1
애매한,1
시간에는,1
팩씩,1
배고프지,1
않기도,1
급격한,1
먹어주고,1
콩국물1팩,1
부모님들,1
배고프시면,1
드시라고,1
2박스,1
가져다드리고,1
그릭요거트도,1
마셔줬더니,1
기존에는,1
콩국물은,1
상해서,1
많더라고요,1
한팩식,1
포장되어,1
개봉,1
가능하기,1
첨가물도,1
마시기만,1
돼서,1
메주콩,1
생아몬드,1
두유기로,1
불린콩,1
두유기,1
바질파스타,1
하루였어요,1
초여름날씨로,1
햇살은,1
덥던지요,1
돌아와,1
목욕시키고,1
동물,1
병원을,1
다녀왔는데요,1
2층까지,1
코코안고,1
올라가는데도,1
차던지요,1
절제가,1
폭식을,1
되겠는지요,1
바질페스토를,1
감자반찬,1
먹었었는데요,1
2025,1
4시,1
신청가능,1
트위스트,1
시그니쳐,1
제품이자,1
원데이,1
수업,1
10년의,1
시간동안,1
사랑해주셨고,1
베이커리에서,1
오랜시간,1
스테디,1
셀러이자,1
조합이고,1
몇년간의,1
판매로,1
검증이,1
제품들입니다,1
레시피들은,1
판매하고,1
수업입니다,1
상추무침,1
상추비빔밥으로도,1
친정에서,1
뜯어왔어요,1
상추쌈보다는,1
상추요리로,1
깐매실은,1
마늘쫑간장볶음,1
건새우볶음,1
마늘쫑데치기,1
등장이요,1
찜이나,1
범위가,1
자라,1
항균,1
항바이러스,1
감염성,1
질환,1
마늘쫑장아찌만들기,1
가져가,1
버린,1
동생네,1
이웃님께서,1
담아둔,1
알콩인데요,1
넣어두니,1
조절해줍니다,1
냉동제품으로,1
탕수육이,1
육질,1
돼지고기튀김,1
탕수육소스,1
놓기가,1
어렵더라고요,1
탕수육만들기,1
탕수육소스만들기,1
오늘저녁메뉴,1
한겨울에,1
추워서,1
떨면서도,1
국수인데,1
때야,1
익어가면,1
열무물김치와,1
최화정씨,1
냉면육수더군요,1
열무물김치만,1
담그게,1
맞춤용,1
생수로,1
뽕잎순,1
뽕잎순을,1
잔가지나,1
뽕잎도,1
억세지니,1
만난다면,1
호두의,1
시너지,1
천연발효빵,1
이스트만,1
통밀가루와,1
호두식빵으로,1
꼬숩,1
식빵틀,1
275,1
휴지,1
분할,1
계량합니다,1
아보카도오일은,1
계량하고,1
계량이,1
완료되면,1
가루재료에,1
액체재료를,1
시작해요,1
반죽기,1
홈베이킹을,1
손반죽으로,1
초반에는,1
스크래퍼로,1
뭉쳐지면,1
발효종빵,1
없다보니,1
치대는것도,1
오랜만,1
윤기를,1
띄고,1
찰기가,1
생길때까지,1
치대고,1
호두와,1
발효해요,1
두시간,1
두었어요,1
작업대로,1
옮기고,1
마르지,1
휴지해요,1
성형시간,1
식빵하면,1
모양인,1
삼봉식빵을,1
만들거예요,1
삼등분으로,1
분할하고,1
하나를,1
펴준다음,1
펴요,1
삼등분,1
90도로,1
밀고,1
내려옵니다,1
반죽끼리,1
꼬집어서,1
봉해요,1
진간장1,1
돼지갈비볶음탕,1
먹고싶다고해서,1
사왔지요,1
동인동스타일로,1
만들려다가,1
땡겨서,1
되어있지,1
잘라줬고요,1
비트15,1
개까지,1
사과식초랍니다,1
고추무침,1
느껴지는지,1
익숙했던,1
그리움을,1
쫀득쫀득하게,1
무쳤습니다,1
사로잡으니,1
순삭입니다,1
108,1
쌍화탕동파육,1
동파육소스레시피,1
동파육레시피,1
보내셨는지요,1
주말이라,1
길에,1
운동하시는,1
많으시더라고요,1
코코와,1
나가서,1
나무그늘,1
때리고,1
한참을,1
쉬다가,1
이리도,1
건지요,1
동파육만들기,1
블로그에서,1
초당옥수수도,1
이삼,1
전만,1
언니네도,1
심어서,1
먹아야,1
여름제철음식,1
같지요,1
달아서,1
초당옥수수라고,1
적으며,1
낮다고,1
그램당,1
96칼라고,1
들었으면,1
어쩌나,1
데려왔어요,1
3배나,1
높다죠,1
보존해,1
보관해두고,1
언니,1
형부,1
농사,1
지어,1
보내주실,1
보관법은,1
훤하네요,1
이쁘고,1
생겼는걸요,1
떼어내어야,1
훤하고,1
연근조림은,1
사항만,1
음식이기도,1
방법들을,1
470,1
초대,1
얼음물,1
네이버쇼핑,1
얘기할,1
생겨납니다,1
드시는데,1
식탐을,1
몸매를,1
유지했는지,1
궁금합니다,1
해체까지,1
모습은,1
그대로입니다,1
후배들에게,1
대접하는,1
소고기장조림과는,1
장조림이지만,1
맛일지,1
졸여내는,1
방식입니다,1
넣어주었더니,1
잡아주어서,1
솔직,1
찾기란,1
만나면서,1
해결했어요,1
감탄사가,1
진짜배기,1
콩물두유랍니다,1
네이버와,1
쿠팡에서,1
제품이더라고요,1
콩물의,1
특별함,1
두유의,1
매력은,1
특등급,1
만들어졌다는,1
점이에요,1
두유들,1
많거나,1
밍밍하거나,1
담아내어,1
두유와는,1
확연히,1
질감,1
비지를,1
고영양,1
통콩물,1
콩이,1
궁금하지,1
고단백그릭요거트,1
락토프리로,1
매일바이오,1
뚜루랄라입니다,1
다잡아보자는,1
만끽할,1
효능에,1
살펴볼게요,1
관계없는,1
건강정보입니다,1
요거트보다,1
프로바이오틱스,1
소화기,1
돕습니다,1
소화에,1
적음,1
유당도,1
유당불내증이,1
소화하기,1
무당,1
변동을,1
제한하는,1
칼슘과,1
인이,1
치아를,1
지속시켜,1
줄여줍니다,1
열흘,1
오늘에야,1
열어보았어요,1
담갔으니,1
말마따나,1
감고도,1
담그기랍니다,1
뿌려두었다가,1
옮겨,1
햇빛,1
내다,1
광주식,1
팟타이만들기,1
새우팟타이,1
요즘인데요,1
쌀국수만드는법,1
즈음,1
나와줘야죠,1
면요리에요,1
팟타이소스,1
피쉬소스는,1
스리라차소스를,1
소개했더니,1
구독자분들이,1
주셨더라고요,1
리를,1
햄버거보다,1
저요,1
맥도날드나,1
스낵랩은,1
주문해요,1
실화야,1
스타일로다가,1
스낵랩을,1
만들어봤거든요,1
퀄리티,1
말잇못,1
면서,1
토마토볶음을,1
달걀볶음은,1
아침메뉴로,1
식사메뉴로,1
케미가,1
홍차,1
만드는법에,1
음료인데요,1
차는,1
홍차를,1
저울과,1
참고했어요,1
미역줄거리볶음,1
바다향에,1
꼬들오독,1
용이해,1
볶아먹곤,1
3mm로,1
레드벨벳,1
슬기,1
오이냉국만들기,1
오이미역냉국만드는법,1
미역오이냉국레시피,1
간단오이냉국황금레시피,1
봄은,1
어디,1
돌아오면,1
당기는데요,1
들이마시듯이,1
풀리면서,1
시원해진답니다,1
새콤달콤하고,1
식혀주는,1
반찬이지요,1
아침문을,1
열어봅니다,1
장마비,1
내리더라고요,1
주말엔,1
배달도,1
집밥으로,1
해결했던,1
주말이었어요,1
지난주는,1
건너뛰고,1
먹었거든요,1
반성하고,1
시켜,1
보내놓고,1
다인가,1
가지랑,1
어묵도,1
야채랑,1
계획은,1
샤브,1
오후에는,1
실패했어요,1
샤브샤브야채는,1
못대고,1
데만,1
썼네요,1
담으려고,1
날아간,1
학교에서,1
돌아오는,1
시간이라,1
챙겨주고,1
준비해야겠죠,1
두부조림이에요,1
짜리,1
조림네요,1
2.23824E+11,1
세일하길래,1
볶았더니,1
볶아만든,1
어묵볶음이,1
넣기가,1
아깝더라고요,1
만들었지요,1
순싹,1
이거든요,1
담았더니,1
담가야겠어요,1
2.23858E+11,1
이맘때쯤부터,1
만들어주시던,1
도마소리,1
설레는,1
좋아서였겠죠,1
한다는건,1
툭하고,1
뜯기만하면,1
포레스트를,1
힐링을,1
몸에게는,1
영영분을,1
날이기를,1
바라며,1
메밀간장으로,1
앞다리살을,1
닦아냈어요,1
g가량,1
식히기,1
짜주기,1
빠져나가,1
꼬들꼬들해진,1
개인데,1
Eung,1
쭈꾸미볶음을,1
찾아다니기도,1
밀키트로도,1
먹어봤는데요,1
비법양념이,1
양념쭈꾸미를,1
만나봤어요,1
밀키트라니,1
먹기전부터,1
쭈꾸미와,1
일품이었던,1
양념쭈꾸미,1
조리법부터,1
양까지,1
양념쭈꾸미는,1
베트남산,1
쭈꾸미를,1
사용했다고,1
일품이고,1
자꾸자꾸,1
반하고,1
말거에요,1
뭘까요,1
셈인데,1
달콤버젼과,1
어른들이,1
매콤버젼,1
홍파프리카,1
1장은,1
씻는,1
채써는,1
양끝,1
카리브밥,1
참죠,1
스태프들,1
라면인데,1
완성되는지,1
좌르르,1
지나칠,1
카리브밥답게,1
짜장라면입니다,1
자주가는,1
스테이크집이,1
크림소스를,1
맛있다고해요,1
기름의,1
녹진함에,1
동물성크림의,1
녹진함을,1
녹진함이,1
정육한,1
늑간살에,1
시금치크림소스를,1
치미추리소스에도,1
스트레이,1
키즈,1
리노와,1
약한영웅2에,1
려운,1
고기소스로,1
시금치와,1
시금치에,1
1차로,1
반찬가게처럼,1
암연근,1
씻을,1
바쳐,1
빼줘야,1
찌개로,1
끓였을,1
싱거워지지,1
다지듯,1
유튜브도,1
파로밥,1
하프마요네즈,1
머스타드소스,1
머스타드와,1
스리라차마요로,1
서두르셔야,1
햇마늘쫑을,1
잠깐만,1
것들은,1
장기,1
일이지만,1
숙성기간도,1
오이고,1
꽃대는,1
없어야,1
장기간,1
보관해도,1
붸붸비니에요,1
서리태콩물,1
원료만,1
첨가제를,1
선별된,1
원료들을,1
함량으로,1
담아낸,1
물이에요,1
순수한,1
원물의,1
서리,1
소주는,1
내고요,1
안쪽의,1
떼어내면,1
손가락으로,1
양배추요리로,1
그만이더라고요,1
집처럼,1
싫어한다면,1
양배추요리가,1
양배추라페는,1
않으면서도,1
15톨,1
3분량,1
과식만,1
주의하고요,1
요리해서,1
있을때는,1
알려드렸던,1
양배추밥에,1
산더미,1
볶음밥이에요,1
어마어마하죠,1
골뱅이소면,1
메뉴들로,1
술과도,1
퓨전파스타,1
차돌파스타,1
야채튀김으로,1
보았죠,1
간단한요리의,1
저녁메뉴추천이,1
정리했으며,1
목록에,1
식자재는,1
활용하고,1
것들이랍니다,1
프락토,1
비닐팩,1
전통시장이나,1
마트를,1
포장된,1
오이꽃이,1
고르면,1
상주,1
흑침오이로,1
국산마늘쫑,1
깻잎김치에,1
반하다,1
바쁘게,1
남푠과,1
보냈네요,1
허전하기도,1
허전한,1
이런날이,1
많아질텐데,1
적응해야,1
할듯요,1
찬밥신세죠,1
겉절이나,1
오이소박이나,1
열무김치만큼이나,1
깻잎김치죠,1
내용중,1
생들기름과,1
관련해서,1
방법에대해,1
만들어보며,1
들깨를,1
저온압착으로,1
농가식품입니다,1
많은분들이,1
질문주셨던,1
선물받고,1
토대로,1
지인으로부터,1
병이었는데요,1
포장도,1
풍겨오는,1
향만으로도,1
돌았습니다,1
참기름과는,1
짜내는,1
만들어졌다고,1
MD,1
필렛,1
원데이클래스로,1
서울요리학원의,1
레전드,1
일식요리학원의,1
타츠원입니다,1
연어필렛에,1
테마로,1
정보만을,1
희망하시거나,1
희망하신다면,1
시면,1
후회하실,1
거랍니다,1
부위의,1
참맛을,1
패션후르츠잼,1
망고잼,1
오렌지잼,1
파인애플잼,1
루바브잼,1
마녀의,1
저칼로리잼,1
골라담기는,1
블루베리의,1
옵션에,1
골라담으실,1
내에는,1
상품은,1
수제잼의,1
존재입니다,1
반숙해서,1
쌀컵,1
식단하고,1
엑스입니다,1
평양냉면,1
냉제육을,1
팔잖아요,1
비쌉니다,1
냉제육만의,1
셰프님이,1
셰프님께,1
전수받은,1
유명했죠,1
성시경,1
배우님이,1
셰프님,1
5번을,1
찾았다고,1
성시경님의,1
셰프님의,1
인도에서,1
다채롭게,1
소스지만,1
지역에,1
조리사의,1
해석,1
식민지,1
시대의,1
영국식,1
조리법과,1
있는듯합니다,1
가열하거나,1
섭취하기도,1
타마린드를,1
해석하여,1
소개하겠습니다,1
15회분,1
회당,1
규민,1
커민,1
바질쌈,1
생바질페스토를,1
채소팜,1
익숙하게,1
먹을수도,1
잭다르게,1
바질쌈도,1
아래쪽은,1
정리합니다,1
이틀을,1
남겨놓고,1
빠르다,1
다람쥐,1
쳇바퀴,1
일상으로,1
반복하다,1
고민해,1
영양정보,1
칼럼,1
요양병원,1
영양사로서,1
5회,1
요일별로,1
급식,1
주제를,1
정해,1
피급식자들을,1
건강식을,1
주제삼아,1
식재인,1
효능과,1
단체급식,1
식품의,1
식재로서,1
식품으로도,1
애용되는,1
주원료인,1
생리활성물질인,1
이소플라본이,1
작용에,1
뛰어나다,1
혈당지수를,1
당뇨의,1
치료에도,1
효과적이며,1
본원은,1
당뇨식,1
필수로,1
겸하고,1
석식을,1
이상이며,1
유지와,1
낮추는데도,1
동맥경화를,1
예방하기에도,1
참고하자,1
뇌세포,1
기능강화로,1
만성기,1
병원에서는,1
식자재,1
하나다,1
본원에서,1
제공한,1
어린잎두부샐러드,1
판두부,1
흑후추후레이크,1
시판제품,1
조리공정,1
판두부는,1
깍뚝으로,1
전처리해준다,1
어린잎은,1
바트나,1
정량의,1
데코해준다,1
흑후추후레이크를,1
곁들여주면,1
간단치가,1
찾게되는,1
타코식당에서는,1
거기에다,1
시즈닝들을,1
타코로,1
준다는데,1
따라해보았기,1
정확하진,1
짭쪼롬한,1
원해서,1
활꽃게,1
구기자,1
대가리,1
건대추,1
조미유부,1
만들기입니다,1
현관문을,1
들어서는,1
위생비닐백에,1
담겨있는,1
받았다는데,1
반갑고,1
감사하던지,1
장아찌담는법,1
소주의,1
연해서,1
마늘쫑간장장아찌담는법,1
들여왔어요,1
변했을,1
수확하는데요,1
참깨와,1
콩국수만들기,1
콩국수만드는법,1
두부콩국수,1
콩물만들기,1
만들기라,1
먹어보곤,1
이후로,1
류쉐프님,1
이용하는데요,1
한결같이,1
좋아하실,1
야식으로도,1
메뉴이니까,1
지락실방송과,1
지락실스토리에,1
방송에는,1
2봉으로,1
끓였지면,1
스토리에는,1
1봉기준,1
올라왔습니다,1
재영작가,1
만나볼게요,1
집들이메뉴,1
고다리강정,1
달콤매콤하면서,1
코다리여서,1
복잡한건,1
버무려야하기때문에,1
사용하고나서,1
애매해진다는,1
불편함은,1
어마무시,1
도전해볼만한,1
집들이,1
단호박입니다,1
비빔국수나,1
국수에요,1
냉면육수만,1
열무물국수를,1
요리랄,1
출발할게요,1
황기,1
한방약재키트,1
관리할,1
먹길래,1
봤더니,1
삼삼하게,1
메뉴같아요,1
먹어봐도,1
녀석들도,1
요래,1
주니,1
두부라는,1
올라도,1
싸게,1
팽이버섯이,1
우리도,1
두부팽이버섯조림,1
요리시간,1
계랑컵,1
예보에도,1
터무니없이,1
쏟아지던,1
춥진,1
으슬으슬한,1
느낌에,1
스지랑,1
사태수육,1
국밥,1
마시니,1
앤초비랑,1
먹었다,1
괴로웠다,1
건강하다,1
뭐다,1
통밀파스타는,1
말아야지,1
간단반찬이라,1
만든답니다,1
세척부터,1
담아준,1
씻으면서,1
대가리와,1
꼬리,1
콩껍질을,1
대기해요,1
비주얼이,1
시작되어,1
화제인데요,1
호다닥,1
도리로코스,1
음식이라고,1
봉지째로,1
걸어가면서,1
워킹,1
타코로도,1
유명하지요,1
멕시코,1
레시피에는,1
쿠에리토스,1
돼지껍데기,1
차모이,1
생소한,1
올라가지만,1
도리로코스는,1
따라가,1
익숙하죠,1
뼛속,1
한쿡인인,1
아다미,1
이모도,1
도리토스는,1
나초,1
라임주스에,1
곁들였고요,1
짭조름하니,1
대박이었습니다,1
시즈닝에,1
다짐육까지,1
푸짐하면서,1
변신하는데요,1
거하게,1
나초소스만,1
먹어줬어요,1
비빔국수가,1
생각나요,1
잃었던,1
돋구워줘서인데요,1
느긋하게,1
닭개장인데요,1
얼갈이배추가,1
얼갈이도,1
발라내고,1
닭국물을,1
한마리,1
마디가,1
위로는,1
마디는,1
마디부터,1
반대쪽,1
끝부분은,1
잘라내,1
깻잎장아찌만들기,1
만들어두는,1
깻잎장아찌는,1
깻잎장아찌를,1
1인분은,1
계량해봤어요,1
2끼,1
애플사이다비니거,1
글래드랩,1
25cm2장,1
두절,1
컵입니다,1
오징어나,1
모둠해물도,1
부침개에,1
식용유와,1
호박과,1
참치비빔밥,1
비빔밥레시피,1
비빔밥만들기,1
비빔밥양념장,1
비빔밥양념,1
비빔밥간장양념장,1
착해서,1
사뒀더니,1
비빔밥이라,1
보지,1
메뉴들이,1
맛나더라구요,1
황금레시피는,1
전문점에,1
애용하게,1
닭다리살로,1
쫄깃하니,1
부추만,1
6구짜리,1
마들렌틀,1
g계량,1
고기에도,1
애매할때,1
요린이,1
레벨인,1
퍽퍽함이,1
하교,1
인기만점인,1
가루만,1
공개할께요,1
소주도,1
월남쌈만,1
부숴,1
경쾌함까지,1
유탕과자이니,1
뜬금없이,1
스스로에게,1
미안하게,1
튀겨놓으면,1
알록달록해서,1
예쁘기까지,1
야채품은,1
쌀과자입니다,1
매운거,1
거라면,1
고추만,1
뚝배기계란찜,1
계란요리로,1
따끈따끈한,1
좋아하는것,1
먹는내내,1
식지,1
저녁메뉴였어요,1
바나나빵,1
호주에서,1
바나나빵인데요,1
더부룩함과,1
오트밀보다는,1
아몬드가루를,1
뚜루,1
가족모임이나,1
초대상에,1
삼겹을,1
만드는거라,1
통삼겹을,1
육즙을,1
빠져나가지,1
삶아주면,1
보쌈이,1
메인요리,1
과일이에요,1
계신가여,1
궁합,1
두세꼬집,1
참치액이나,1
익었지만,1
아삭해서,1
홍두께살,1
완성해보자구요,1
맛있습니데이,1
새우젓없이,1
충분하게,1
참외장아찌,1
참외장아찌무침,1
용이,1
맘이,1
두말할,1
싫어하지만,1
좋아하려고,1
이유이기도,1
나와있어요,1
깎아먹으면,1
시원한지,1
시원합니다,1
생과로,1
참외장아찌는,1
명물이라,1
데치기로,1
재현했어요,1
칼국수까지,1
감칠맛내는,1
동대문닭한마리,1
떠오르세요,1
자로,1
구매하게,1
랩에,1
손실이,1
빨라져,1
쭈글쭈글해,1
진답니다,1
당도도,1
없어져요,1
수염이,1
하시길,1
날짜도,1
버리고요,1
덮을,1
남겨,1
수염은,1
로로멜로,1
GS25,1
편의점에서,1
출시되고,1
편의점이,1
트렌디한,1
인기템을,1
신상을,1
사보게,1
많아졌어요,1
케이스였어요,1
보이던,1
부드러운이라는,1
올라오니까,1
사볼,1
GS25에서만,1
아이스크림이라고,1
궁금했고,1
일본에서만,1
국내에,1
출시됐다는,1
크래미김밥,1
통오이김밥,1
감상하실,1
두께감에,1
썰어줄,1
느낌은,1
만족스럽거든요,1
복원력도,1
굿굿,1
츄츄의,1
완성해볼게요,1
우유식빵,1
한덩이를,1
쟁여두었거든요,1
쟁였는데,1
히히,1
370,1
오이부추김치,1
붉새우,1
통생강,1
풀국,1
계라,1
못잡고,1
글구보니,1
요녀석,1
사춘기인가,1
메밀간장의,1
사용은,1
사춘기,1
여름이때문에,1
변경해봅니다,1
오이지인데요,1
시기에요,1
오이에서,1
싱싱해서,1
왕초보도,1
준비했고요,1
아쉽잖아요,1
주변에도,1
나눠도,1
전통방식은,1
부어주는,1
형식인데요,1
담그시죠,1
중요하더라고요,1
식초가,1
쪼글쪼글,1
물들었죠,1
토요일,1
오이지에요,1
3일이면,1
걸렸네요,1
잘라봤는데,1
안에도,1
제대로죠,1
짠맛도,1
비율대로,1
급한,1
일들이,1
있었더니,1
아이들이라,1
걱정되더라고요,1
싱싱했는데요,1
달려있으면,1
싱싱해요,1
씻기도,1
대파3대,1
생강2쪽,1
배추물김치는,1
시댁으로,1
친정으로,1
박연경샘께도,1
보내드리고,1
지인들도,1
나눠먹었습니다,1
배추물김치,1
소면말이,1
좋아하십니다,1
사이다처럼,1
막혀요,1
리즈쿡,1
특색잇게,1
담가요,1
어우려져,1
열무물김치도,1
대성공,1
첨으로,1
클립영상으로도,1
찍었으니,1
김동이가,1
스틱이지만,1
해둘,1
오이스틱은,1
되어서요,1
만들어야겠더라고요,1
반찬가게에서,1
살까,1
괜찮았는데,1
바뀌었는지,1
변했더라고요,1
패스하고,1
김동이도,1
양념하지,1
주라고,1
하긴,1
했지만요,1
애들이랑,1
애들은,1
먹어서요,1
줄어들었지만,1
반찬통으로,1
나왔어요,1
편의점을,1
드나들수가,1
세대라,1
관리가,1
힘든건,1
사실인데요,1
단식을,1
시작하면서,1
식습관을,1
중요하다는걸,1
그전에도,1
먹인다,1
먹이는게,1
안좋은지,1
먹였는데요,1
길들여진,1
위주의,1
먹이기엔,1
가려야,1
해주려고,1
키도,1
몸무게도,1
표준을,1
싫은,1
먹이기,1
윈윈입니다,1
매일아침,1
초밥류로,1
돌려주다가,1
질리는거,1
같을때,1
잘먹어요,1
먹일수,1
들어가니까,1
소고기짜장밥,1
짜장소스를,1
고기류를,1
홈파티음식,1
열었다,1
닫았다,1
고민하다,1
냉동해두었던,1
모른척하면,1
꺼낼지,1
연어덮밥,1
크래미도,1
만들어보았답니다,1
마는것처럼,1
말아주기만,1
되기에,1
비쥬얼이,1
화려해서,1
홈파티요리로도,1
줌마,1
재스민이에요,1
낮기온이,1
25도를,1
넘으니,1
본능인데요,1
열무만을,1
담그는법으로,1
물김치는,1
돋우고,1
발효식품으로,1
김치에요,1
물김치의,1
소화기능,1
생성되기,1
늘려주고,1
촉진하며,1
향상으로,1
이어져요,1
A와,1
적합,1
자취생반찬,1
참치동그랑땡,1
받는답니다,1
유통기한도,1
활용하기도,1
밥반찬이,1
라이스페이퍼는,1
알배기배추겉절이,1
배추겉절이레시피,1
배추김치와,1
생배추,1
수육이나,1
지겨워졌을,1
계셨던,1
없어진다고요,1
식판에,1
담아주는,1
라떼,1
스타일인데요,1
가득하니,1
보쌈을,1
목살로,1
뒷다리살은,1
퍽퍽하게,1
느껴지라고요,1
추천상품,1
깨비두두리,1
코스트코식품추천,1
알짜배기,1
소분하는,1
요리로는,1
엽떡,1
시그니춰,1
내용량,1
총열량,1
643,1
삭히지,1
생깻잎에,1
깻잎김치는,1
어우리진,1
레시피나,1
변경하면,1
하나이기도,1
거치지,1
깻잎김치를,1
묵도,1
뭉개지지,1
굳어서,1
뻣뻣하고,1
단단해져있기,1
드레싱과,1
커지면서,1
식단보다,1
식사인,1
저속노화요리에,1
알아보고,1
피부나,1
늦다,1
느껴진다면,1
식단부터,1
점검해보는,1
시작인,1
슈퍼푸드라는,1
아깝지,1
c와,1
체내에서,1
정희원,1
교수님,1
보았던,1
적양배추로만,1
다른점이,1
늘리는,1
이렇게나,1
적양배추를,1
김밥밧짓기,1
말았다,1
썰다,1
옆구리,1
얌전하게,1
얇아서,1
콩불은,1
있기도,1
손질법은,1
손쉽고,1
짭짤하게,1
해두었습니다,1
조미김을,1
추가한다고,1
4배농축,1
gX2,1
튀김이나,1
썰은것,1
그것,1
올봄에도,1
새우볶음,1
마늘종만으로,1
묻고,1
발라먹는,1
좋아는,1
발라먹기,1
먹고싶을,1
편이다,1
쌀쌀해서,1
묻지않고,1
먹어봤다,1
발라야,1
잘게썰은,1
머위손질하기,1
껍질만,1
벗겨주었습니다,1
견과류도,1
변형을,1
쌀뿐만이,1
파로를,1
짓고,1
가미했어요,1
가보시죠,1
KBS,1
TV,1
장신영,1
산적꼬지,1
만들듯이,1
은은,1
어른식사,1
돼지고기목살,1
오징어뭇국을,1
목살은,1
핏기,1
양면,1
동태탕을,1
버섯부터,1
530,1
수삼,1
백종원쌤은,1
홍삼,1
제격이겠죠,1
따라버리고,1
슈퍼푸드로,1
기여합니다,1
칼륨이,1
돕고,1
혈압,1
이로운,1
K와,1
탁월하며,1
맛있을지,1
후숙하세요,1
과일이기,1
멍게젓갈,1
멍게요리,1
횟집에,1
초고추장에,1
멍게는,1
불포화알코올인,1
신디올,1
멍게를,1
음식점에서,1
멍게젓갈을,1
티백,1
도움되는차,1
계기,1
아메리카노를,1
1일1잔,1
2잔까지도,1
아메리카노가,1
수분배출을,1
하다보니,1
마셔야한다더라고요,1
생수만,1
마시긴,1
심심하니까,1
알아보던,1
오담차에는,1
지방분해에,1
마시기로,1
차마시는데,1
도움받는거,1
댕이득,1
독소배출을,1
돕는차,1
써져,1
프리미엄블랜딩,1
성분별,1
부부모임을,1
다녀,1
후유증이,1
심해요,1
멍함이,1
벗어나질,1
모내기,1
일정이,1
잡혀,1
이번주까지,1
긴장을,1
시골집,1
있었을까요,1
나왔네요,1
마늘쫑볶음을,1
도미요리,1
참돔을,1
완도에서,1
공수해,1
참돔요리,1
매운탕을,1
그러길,1
잘했다는,1
오모낫,1
진국이네요,1
도미라서,1
고소하던지,1
냉면육수는,1
겨자소스를,1
연겨자소스에,1
머위나물무침,1
머위줄기,1
껍질제거,1
머위나물,1
껍질까지,1
줄기는,1
잘라낸거라,1
말캉말캉,1
발효빵,1
모닝빵만들기,1
모닝빵만들기레시피,1
홈베이킹레시피,1
홈베이킹추천,1
손반죽빵만들기,1
간식레시피,1
띄더라고요,1
국내산은,1
시가가,1
떡만둣국과,1
매콤달큰한,1
오이무침레시피,1
매력이라,1
별미인데요,1
맛깔난,1
데다,1
단시간에,1
조리하고,1
마트가니,1
반가워,1
집어왔습니다,1
안그래도,1
나올때가,1
해묵어야지,1
룰루랄라,1
나오거든요,1
사오면서,1
신이,1
났나,1
찰옥수수를,1
구황작물이,1
음식재료처럼,1
떼내서,1
섞어먹어도,1
맛있으니까요,1
옥수수라,1
그러던,1
활용을,1
감자스프나,1
검은콩두유,1
어머,1
우리집에,1
딱인데,1
싶었는데요,1
버튼만,1
사라진,1
두유제조기를,1
돼지목살양념,1
가족모임을,1
연령대의,1
모이게,1
가족모임이,1
양념돼지갈비를,1
둔답니다,1
씨도,1
맛본,1
소개해보도록,1
면포,1
받아보았어요,1
덜마르고,1
식품코너에서도,1
랩핑을해서,1
맛있는걸,1
맛없게,1
먹겠구나,1
번거롭긴하지만,1
모습처럼,1
아파서,1
원푸드,1
두어가지,1
해두고,1
챙겨주었어요,1
수술이시라,1
없는터라,1
따뜻해서,1
반찬인데요,1
해주시곤,1
깔깔해서,1
안넘어갈,1
넘어가잖아요,1
쭈글하고,1
기공이,1
주저앉지,1
봉긋하니,1
부풀어서,1
꺼지게,1
구멍들이,1
크게나서,1
적어지거든요,1
대게백간장,1
사니,1
이웃집에서,1
들어와요,1
옆집에서,1
참겠기에,1
스팸참치김치찌개,1
재료들이죠,1
울집,1
스팸김치찌개맛있게끓이는법,1
올웨이,1
3주간,1
느낀,1
장단점,1
현재도,1
ing,1
비교하기,1
소재의,1
정리하자면,1
내려드립니다,1
구성원을,1
말씀드려보자면,1
살고,1
아기와,1
30대,1
성인,1
2명,1
공간이니,1
골라야죠,1
봄여름,1
가을이어서,1
담가봤습니다,1
알타리의,1
알타리를,1
드셔보시고,1
강하면서,1
뉴슈가를,1
알타리무우김치담그는법,1
총각김치담기,1
꺼내놓아,1
실온상태가,1
물가도,1
올랐는데,1
사두다보니,1
오른다는데,1
살라는건지,1
벌어야,1
하나봐요,1
맛나고,1
5모,1
냉동해둔걸,1
잘라주고요,1
크기는,1
분량은,1
양이에요,1
편이니까,1
남은건,1
완두콩은,1
6월이,1
병아리콩이나,1
포스팅해,1
마지막이라서,1
첨가하는,1
야채샐러드,1
키앤의힐링푸드,1
챙겨준,1
도토리묵이,1
도토리묵야채샐러드로,1
겉절이소스에,1
담아주니,1
근사해졌는데요,1
도토리묵야채샐러드,1
키앤,1
우삼겹숙주볶음,1
준비했지만,1
차돌박이나,1
굴소스숙주볶음,1
들어가기에,1
괜찮답니다,1
사먹지,1
기준임,1
허브솔트,1
잡월드에서,1
공개된,1
소불고기감,1
혼다시,1
그린빈스,1
한국잡월드,1
니쿠자가,1
요리자문,1
리카,1
rikacook,1
오트밀미역죽,1
쌀보다,1
풍부하면서,1
퍼지니까,1
시간안에,1
수있고,1
집밥의,1
중심이,1
식탁에서,1
으뜸은,1
뽀얗게,1
냄비만,1
든든해집니다,1
피곤하게,1
끝났을,1
누군가에게,1
차려주고,1
속에는,1
집집마다의,1
사연과,1
김치입니다,1
비결입니다,1
겉잎이,1
마르고,1
붉은빛을,1
강하다면,1
앞다릿살이나,1
일반적이며,1
찌개의,1
더해줍니다,1
유지됩니다,1
디테일에서,1
우려냅니다,1
제거됩니다,1
끌어올리기,1
위함입니다,1
볶아져,1
어우러졌다면,1
결정하기,1
깊이를,1
비율과,1
김치찌개에는,1
김치에서,1
양념만으로도,1
추가해보시길,1
중화시켜,1
누군가에게는,1
손맛을,1
떠올리게,1
이에게는,1
채워주던,1
위로입니다,1
위로가,1
간다고,1
생각하시지만,1
따라가면,1
즐거움을,1
날에도,1
만들기의,1
뼈가,1
두껍지,1
선택하는,1
갈비찜용으로,1
잘라달라고,1
요청하시면,1
편리합니다,1
필요하며,1
핵심이,1
준비해주셔야,1
담기는,1
과정입니다,1
스며들었을,1
다지거나,1
제거와,1
돼지갈비의,1
제거입니다,1
갈아주면,1
과정에서는,1
월계수잎이나,1
갈비는,1
뼛가루와,1
씻어내는,1
완성도를,1
배나,1
돌게,1
깊어집니다,1
스며들기,1
끝났다면,1
과정으로,1
졸이면서,1
배어들게,1
삶는방법,1
떠올리면,1
켠이,1
숨을,1
고르고,1
손수,1
넘어선,1
위로의,1
시간일지도,1
보기엔,1
삶는방법은,1
까다롭습니다,1
배게,1
않아야,1
단계별로,1
삶는방법의,1
손질입니다,1
정육점이나,1
구입하실,1
앞다리보다,1
뒷다리가,1
편입니다,1
고르실,1
구입하신,1
담가두시되,1
갈아주시면,1
단계가,1
귀찮다고,1
생략하면,1
빼주시길,1
권장드립니다,1
삶는방법에서,1
육수입니다,1
향신료와,1
육수에서,1
우려내야,1
통후추가,1
숟갈과,1
커피가루나,1
재료이므로,1
진간장과,1
더하기,1
매실청이나,1
조절은,1
신중해야,1
부분입니다,1
삶아주셔야,1
끼얹어주면,1
찔러보아,1
상태입니다,1
졸아들,1
추가하되,1
지켜야만,1
쫄깃하면서도,1
손질해야,1
자르기도,1
얇으면,1
배이니,1
적당합니다,1
볼때,1
먹을만큼씩만,1
마트갔다가,1
소포장인,1
구매했는데도,1
너낌이,1
달이상,1
방치될,1
너낌인거에요,1
소비하지만,1
먹을만큼만,1
구매하긴,1
상온보관,1
1주내,1
소진해요,1
이내에,1
소진하는,1
서늘하고,1
잘되는,1
2주일까지도,1
한달이상,1
경우엔,1
아침루틴,1
바이탈모닝레몬진저,1
활력,1
도와줘요,1
청으로,1
착즙하고,1
걸리는데,1
1포,1
스틱에,1
바이탈,1
모닝케어레몬진저인데요,1
섭취하거나,1
타서,1
생강레몬차로,1
탄산수와,1
에이드로,1
차가운물,1
신김치로,1
참치김치전,1
진미채볶음레시피,1
건어물인,1
원재료,1
방식만으로도,1
진미채볶음은,1
부드러워질,1
진미채볶음을,1
버무리는,1
접시씩,1
보람이,1
땅콩버터빵,1
땅콩버터빵을,1
쿠키같은,1
좋았거든요,1
설탕도,1
아이간식이라,1
다이어트간식으로도,1
즐거움이,1
가지볶음레시피,1
가지볶음을,1
부족하셨던,1
한우라,1
육향도,1
두께라,1
최고였던,1
연하누,1
대패부채살을,1
밀푀유나베,1
큰아이가,1
고기냐면서,1
맛있냐고,1
쌍엄지척,1
날려주더라고요,1
밀푀유나베는,1
겹의,1
잎사귀라는,1
뜻의,1
프랑스어,1
밀푀유,1
일본어,1
나베,1
합성어의,1
일식으로,1
이곳저곳을,1
다녔는지,1
돌아오자마자,1
쓰러지듯,1
잠이,1
들었는데요,1
병원,1
투어를,1
모임에,1
들어오기,1
어머님이,1
돌아가셔서,1
장례식장에,1
장거리,1
운전이라,1
가기가기,1
암요,1
가야지요,1
의리로,1
사람들인데,1
피곤한지,1
졸지,1
할수록,1
감겨,1
던져대니,1
본능과,1
이성,1
괴로워하며,1
장례식장을,1
다녀온,1
결혼식장도,1
장례식장이랑,1
친하게,1
지내야,1
되었다는,1
슬프고요,1
똥썹이는,1
중학생이지만,1
성인이라,1
결혼식장과,1
친해질,1
스무디의,1
숨은,1
주인공,1
나눠볼까,1
공유할게요,1
우연이었어요,1
더부룩하고,1
불편했는데,1
넣어봤더니,1
편안해지더라고요,1
클렌즈주스,1
쾌변,1
입문하게,1
됐답니다,1
양배추인가요,1
흡수된다고,1
부드러워진답니다,1
번거로움이었죠,1
균일하게,1
냉동보관하면,1
들었고,1
만들어줬답니다,1
반통,1
걱정됐지만,1
활용하니,1
효율적이더라고요,1
냉동하면,1
질겨져요,1
가득한데요,1
하길래,1
세일할,1
물러버려,1
습득한,1
냉장과,1
살펴볼까요,1
싱싱할,1
세척하지,1
그댈,1
야채칸에,1
체크하며,1
교체해,1
팁이랍니다,1
물러질까,1
보관하게,1
부패가,1
빨라질,1
예보가,1
사옹원의,1
녹두빈대떡을,1
캠핑장에서,1
먹기란,1
여긴,1
밀키트의,1
기대에,1
미치기,1
때문이지요,1
봉지면,1
캠핑장에서든,1
집에서든,1
빈대떡을,1
프로페셔널로,1
버터로,1
키위새,1
베이킹로그,1
칸디아버터,1
Florentine,1
Candia,1
프로페셔널에서,1
고메버터를,1
출시해서,1
보았다,1
크리미하면서,1
함유가,1
그런가,1
유제품의,1
버터였다,1
고메터버로,1
무얼,1
뿜뿜인,1
아망드를,1
그러다보니,1
알았고,1
색상의,1
제격이더라구요,1
파프리카요리를,1
옥상텃밭을,1
가꾸면서,1
마트표,1
파프리카를,1
던져두기만해도,1
키워서,1
했지요,1
컬러의,1
애기일때는,1
피망처럼,1
변할까,1
쏠쏠하더라구요,1
패스했습니다,1
사먹으려구요,1
고퀄의,1
바나나파프리카,1
부빈농장에서,1
배송받아,1
먹어봤어요,1
홈지오,1
저당밥솥을,1
홈지오와,1
밥맛까지,1
보이시죠,1
설명서대로만,1
관리나,1
골드키위가,1
때예요,1
알에,1
가득하지만,1
스트레스잖아요,1
점보골드키위는,1
유통사인,1
맛젤에서,1
데려오고,1
보관법도,1
다진쪽파,1
다진당근,1
찜닭은,1
찜닭이라,1
재료들이지만,1
재료들만으로도,1
넣으려면,1
블랙올리브도,1
식생활로,1
삶의,1
질을,1
HFood입니다,1
심층,1
분석,1
유익하게,1
기다리셨을,1
BEST,1
3를,1
걱정돼,1
엄선했습니다,1
세계로,1
떠나볼까요,1
목차,1
나이스크림,1
단백질까지,1
프로즌,1
셔벗,1
보너스,1
HFood,1
커스터마이징,1
최소화할,1
오이상추무침을,1
볼께요,1
메뉴인데,1
편썰어,1
두께는,1
하늘하늘하게,1
두게감을,1
5mm정도,1
썰었는데,1
얇아도,1
소스와의,1
조화도,1
떨어지니,1
썰지는,1
위염이,1
있다하니,1
조심스러워서,1
제육볶음보다는,1
간장제육볶음을,1
돼지불백처럼,1
돼지고기만으로,1
요리스타일,1
인가봐요,1
실파까지,1
볶았습니다,1
먹이려는,1
바램이겠죠,1
먹어주겠지,1
간장제육볶음,1
매운쭈꾸미,1
쭈꾸미,1
리뷰가,1
인증하는,1
진짜맛집,1
드셔보셔요,1
방문자리뷰,1
블로그리뷰,1
혼쯔유로,1
쐬며,1
혼쯔유,1
담백한데,1
든든함까지,1
알배추요리,1
알배추잎을,1
토마토해독주스,1
제거하고요,1
깊지,1
백종원마늘장아찌담그는법,1
깐마늘장아찌,1
알마늘장아찌,1
마늘지담는법,1
햇마늘이,1
진즉,1
마트에는,1
구포시장에,1
접을,1
작았으면,1
수고가,1
우리야,1
귀찮아도,1
먹겠는데,1
애들이야,1
귀찮으면,1
사이즈를,1
애들인데,1
장아찌라서,1
만들어놓으면,1
마늘장아찌랍니다,1
에어프라이어피자,1
통가지,1
도드라지게,1
수박이,1
싱겁거나,1
밍밍할,1
밸런스를,1
잡아주기도,1
수박에서,1
충분하니,1
오이계란김밥,1
한줄당,1
가는소금,1
넣는냐에,1
다르겠지만,1
싼다면,1
오이나,1
계란같은,1
482,1
부모님반찬으로,1
부추겉절이,1
만드는방법,1
600G,1
양배추라페를,1
유부로,1
주말이네요,1
여유로워지는,1
말아보고,1
싶으시죠,1
계란김밥을,1
참으로,1
김밥만들기라는,1
사실에,1
공감하신다면,1
아시는,1
분이시죠,1
오꼬노미야끼,1
오코노미야끼만들기,1
오꼬노미야끼만들기,1
첨가한,1
양배추전인,1
오코노미야키는,1
두께감으로,1
찌듯이,1
두께의,1
지식,1
아스파라거스는,1
3월부터,1
초까지가,1
은은해서,1
유럽에서는,1
오래전부터,1
사랑받아,1
채소인데요,1
초여름엔,1
향긋해서,1
줄기가,1
곧은,1
봉오리가,1
퍼지지,1
닫힌,1
부지깽이나물효능,1
말리기,1
묵나물,1
느린마음으로,1
느린마음,1
김연우입니다,1
자연식,1
건강식이,1
부지깽이나물은,1
애정한답니다,1
묵나물로,1
애정하는,1
부지깽이나물효능도,1
알아볼게요,1
부지깽이나물이란,1
부지깽이,1
나물이라고,1
접했습니다,1
울릉도에서,1
해풍을,1
맞으며,1
진귀한,1
산채예요,1
주민들이,1
대표적으로,1
것이기도,1
육지에서,1
섬쑥부쟁이와,1
해풍과,1
환경,1
부지깽이는,1
증진에도,1
많아졌죠,1
알룰로스나,1
이용했습니다,1
훈제바베큐그릴,1
솔트,1
훈연바베큐그릴,1
사과나무,1
어무니는,1
온니,1
소고기파라,1
한우도,1
통삼겹살은,1
둘에,1
이면,1
되겠더라고요,1
쏟아지기,1
포스팅할게요,1
잔디밭에서,1
찍으려,1
꾸물꾸물,1
흐려지는,1
어닝아래로,1
옮겼어요,1
안동찜닭레시피,1
안동찜닭소스,1
베이스의,1
매콤하면서도,1
파근한,1
채소들까지,1
음식이죠,1
말아먹으면,1
국민메뉴로,1
찜닭의,1
알배추된장국,1
우려내는,1
대신해서,1
양이랍니다,1
담가놓습니다,1
다시다는,1
아침국으로,1
외출했다,1
들어왔을,1
동결건조국으로,1
국이라,1
챙기면,1
간편국,1
동결,1
건조하여,1
차돌양지,1
미소된장국,1
시골식,1
비법의,1
맛이지만,1
오이고추에,1
달라붙게,1
매직과,1
염도도,1
낮춰주니까,1
넣어야겠죠,1
아삭이고추로도,1
불리는데,1
오이고추라,1
씻었지만,1
잔류농약,1
씻거나,1
헹궈주시면,1
충분할,1
것하고는,1
한끼에,1
만큼만,1
떼내고,1
업체의,1
정성들여,1
만들었다는,1
느껴지고,1
썼구나,1
아쉬웠던,1
조금씩은,1
내용물인,1
게를,1
건져먹고,1
간장국물이,1
아깝더라구요,1
간장국물을,1
끓였나를,1
먹고는,1
활용한답니다,1
짜지않아,1
소개해드릴께요,1
연평도,1
암꽃게,1
간장게장인데요,1
작성한,1
더워지며,1
자극적이면서도,1
예민한,1
김치나,1
만족하는,1
전라도,1
전주식,1
퍼지는데요,1
자극적이기보다는,1
포기김치,1
김치다,1
비결은,1
젓갈부터,1
남다른데요,1
숙성시킨,1
쓴다고,1
느껴졌어요,1
정성을,1
들였다는,1
증거겠죠,1
느껴졌는데요,1
3대손이,1
가문의,1
까나리액젓과,1
들어간다고,1
젓갈을,1
3대에,1
까나리와,1
남다를,1
액젓들이,1
어우러지면서,1
전체의,1
들었달까요,1
비리지,1
반감되잖아요,1
고추참치찌개,1
수월해서,1
들기름에,1
가량,1
킬러,1
레시피이고요,1
매콤새콤하니,1
주말메뉴로,1
해보실래요,1
기계로,1
1빙이,1
일상인데요,1
당도라든지,1
걱정되는,1
사실이거든요,1
샤크닌자,1
학창,1
즐겨먹었던,1
토마토마,1
파인다이닝은,1
수입맥주가,1
다가온,1
출산하고,1
나서부터,1
되어서인지,1
맥주에,1
맥주들을,1
재미,1
맥주인데요,1
맥주는,1
벨기에에서,1
라거,1
브랜드랍니다,1
청주의,1
팓니지니입니다,1
야외행사를,1
문의하셨었어요,1
예산이,1
맞았죠,1
아쉽게도,1
맺지,1
못했답니다,1
하시더라고요,1
청주에서,1
재연결이야말로,1
서비스에,1
인정이,1
피크닉도시락,1
으뜸인,1
친정에,1
나물반찬을,1
텃밭,1
챙겨주시는,1
친정엄마,1
생활로,1
생활하고,1
걸리네요,1
부지런히,1
배달하고,1
발효종을,1
치아바타를,1
바꿔가며,1
했다가,1
호두도,1
맛있을것,1
추가했습니다,1
부들,1
치아바타에,1
짭조롬한,1
추가해주는,1
호두가,1
질은편이라,1
다루기,1
발효종은,1
호밀사워종을,1
리프레쉬,1
해두었고,1
콜비잭치즈가,1
소금양은,1
Sourdough,1
Ciabatta,1
호밀사워종,1
스트레칭,1
냉장발효,1
75분,1
230도,1
16분,1
line,1
공정을,1
시간별로,1
오차가,1
흐름,1
파악에,1
선물보다,1
파티지니입니다,1
들려드리려고,1
관련된,1
고객님,1
이야기인데요,1
듣기만,1
지어지실,1
연락,1
울렸습니다,1
몇년전,1
웨딩촬영,1
주문해주셨던,1
고객님이,1
주셨거든요,1
하셨어요,1
싶답니다,1
고객님의,1
한두번은,1
쇼핑을,1
코스트코를,1
년째,1
공감하실,1
직원들도,1
챙긴다는,1
할인템들,1
숨겨진,1
꿀템들만,1
뽑아왔습니다,1
후회각입니다,1
코스틐오,1
멤버쉽,1
등급,1
이그제큐티브는,1
구매금액당,1
적립해,1
멤버쉽이라,1
이그제큐티므,1
연회비가,1
적립과,1
더불어서,1
추가할인을,1
많으신거,1
식상하지,1
갈바니나,1
레모네이드,1
355,1
12병,1
레모네이드에요,1
모든재료,1
제품이라서,1
선호하지는,1
않습니다만,1
유기농이라서,1
나쁠건,1
레몬주스에,1
레몬펄프,1
펄프,1
햇올리브,1
냉추출,1
정식통관,1
503mg,1
수입업체,1
써머,1
머스캣,1
카테고리,1
제조음료,1
음료들로,1
3잔을,1
포함해서,1
17잔의,1
1판이,1
올려둘테니,1
참고를,1
살려보시길,1
김치국수,1
체다치즈같은,1
슬라이스하여,1
정리하시는,1
많으실텐데,1
머무는,1
방치되던,1
식재료들,1
먹어야할거,1
냉장고파먹기편,1
오이크래미샐러드,1
깍뚝썰기,1
단단해져서,1
집밥도,1
레스토랑에서처럼,1
메뉴라,1
진간장으로,1
간만해주면,1
파스타만,1
볶아내면,1
완성되는데요,1
손님상에도,1
멋지게,1
내놓을,1
인데다,1
아침식사메뉴,1
아침메뉴추천,1
성장,1
어린이뿐만,1
추천을,1
꿀조합인데,1
추천이라,1
떠올리는,1
재료입니다,1
좌우할,1
채우는지에까지,1
미치죠,1
스튜는,1
그릇이지만,1
조리된,1
소고기에는,1
체력,1
제격이고,1
라이코펜이라는,1
당근같은,1
이루죠,1
들쑥날쑥한,1
든든히,1
그릇으로,1
채워보시는건,1
소고기토마토스튜,1
부작용으로,1
개월만에,1
kg가,1
특단의,1
조치를,1
취해야,1
밥보다는,1
1인이기에,1
심심풀이로,1
스넥,1
과자류이더라고요,1
즐기던,1
다양해지고,1
내리니,1
신나요,1
시장이나,1
가격대가,1
나가지만,1
해먹었습니다,1
공심채만,1
여물아님,1
줄기때문에,1
서너번,1
삼발소스,1
싱가포르,1
삼발깡꽁도,1
즐겼는데요,1
마라소스는,1
소기름맛이예요,1
왼쪽,1
소기름맛이,1
달라서,1
훠궈,1
마라탕소스도,1
하이디라오에,1
풍미는,1
마라훠궈,1
spinach,1
Mala,1
마라탕소스,1
밑단을,1
익는속도가,1
후부터,1
분리해두는게,1
받쳐둡니다,1
사용전,1
태국고추,1
마라소스에,1
프릭키누까지,1
커다란,1
자작자작,1
하도록,1
수분감있게,1
많아보여도,1
줄어요,1
코다리조림,1
코다리찜,1
코다리찜만드는법,1
코다리조림레시피,1
코다리조림만드는법,1
코다리조림을,1
칼칼함,1
조려내면,1
골뱅이소면무침,1
골뱅이무침양념장,1
골뱅이를,1
양념장과,1
버무려낸,1
골뱅이무침은,1
장점을,1
술안주는,1
활용하기에도,1
계시지,1
감자전분가루,1
무방합니다,1
잘라주었고,1
홍고추도,1
썰어주었어요,1
20센티,1
냉동새우나,1
4송이,1
베트남건고추나,1
당근이나,1
필수재료는,1
제육,1
볶음레시피,1
흐린,1
금요일은,1
나가야,1
요일이라,1
긴장하면서,1
아침이기도,1
한데요,1
잠은,1
자질,1
확인하다,1
기상시간인,1
30분에,1
일어날,1
걸치고,1
느낌이라죠,1
소리도,1
있노라면,1
짜증을,1
유발할,1
속으로만,1
한숨을,1
쉬시는,1
계신데,1
눈꼬리가,1
처지고,1
인상도,1
변하셔서,1
후로는,1
기쁘고,1
살아야겠다,1
다짐,1
무겁긴,1
발걸음은,1
디딜,1
삶은죽순,1
죽순손질,1
죽순요리,1
손질한다면,1
참조하면,1
호박볶음,1
애호박볶음레시피,1
호박볶음만드는법,1
애호박구이무침,1
통깻가루,1
보는데,1
스태프들을,1
짜파게티를,1
나왔는데요,1
고춧가루와,1
청양고추에,1
비비는,1
먹던지,1
메모해,1
두었답니다,1
방송에선,1
30인분을,1
만들었기에,1
없었지만,1
유행하고,1
연어깍두기,1
간단하기도,1
하와이,1
여행에,1
포케와,1
보기로,1
생연어는,1
숙성한,1
스리라차마요,1
날치알을,1
것인데,1
해체해서,1
빼두었다가,1
이리저리,1
샤프란을,1
간간이,1
샐러드랑,1
샤프란,1
저희부부,1
요리죠,1
들어가면서,1
끌어당기죠,1
외식할,1
날에만,1
자체로도,1
노른자까지,1
깊어져서,1
궁합은,1
환상적이에요,1
우둔살이나,1
육회의,1
극대화시킬,1
신선한지,1
육회가,1
만들어질,1
차례인데요,1
과정이에요,1
고픈데요,1
끓여봤습니다,1
주재료지만,1
넣냐에,1
비슷해도,1
순두부찌개를,1
끓였는데요,1
데에,1
어울렸습니다,1
주문하게,1
애정,1
떨어지지,1
놓고는,1
쪽파김치양념,1
파김치양념,1
커진,1
커지고,1
강해져요,1
가져온,1
파김치를,1
담가먹는게,1
만능김치양념이,1
일입니다,1
길어서,1
편하네요,1
손질하는지도,1
곁들일,1
봉긋하게,1
국멸치는,1
내장도,1
고소하답니다,1
중멸치라면,1
머리와,1
청국장맛있게끓이는법,1
청국장마다,1
넣어주셔야,1
추가하지,1
시점에,1
같으면,1
장금이,1
어묵탕을,1
일한다고,1
먹는거에,1
다르다보니,1
메뉴들을,1
곤약을,1
어묵탕입니다,1
이자까야에서,1
오뎅을,1
끓인거라,1
여러가지라,1
오뎅에,1
곤약만,1
가쓰어부시장국을,1
이자까야,1
손택,1
책또는,1
장난감을,1
구매하지,1
않으셔도,1
고객과,1
동반한,1
고객이라면,1
풍선,1
크래용,1
색칠공부등,1
토이,1
제공되는,1
토이는,1
MR,1
MEN,1
LITTLE,1
MISS,1
EQ의,1
침착씨,1
밝아양,1
꽈당씨,1
용감양,1
웃겨씨가,1
제동이,1
5일,1
웃음양,1
간지럼씨,1
행복씨,1
포옹양,1
장난양을,1
해피밀은,1
어린이를,1
제공됩니다,1
반려인의,1
반려인들이,1
전성분을,1
공개하고,1
애견,1
유유제약,1
카제로템,1
강아지,1
모질,1
영양제로,1
강아지피부영양제,1
피타브레드가,1
포켓에는,1
모과,1
피크닉,1
옐로,1
에코,1
Yellow,1
Echo,1
모처럼,1
낮에,1
당뇨에좋은음식,1
당뇨빵,1
당뇨케이크,1
이슈의레시피입니다,1
별생각,1
음식들이,1
들어선,1
찝찝하게,1
느껴지기,1
조각도,1
편히,1
관리해야,1
시기가,1
왔다는,1
실감하고,1
당뇨는,1
유전적인,1
문제만이,1
식습관에서,1
비롯되는,1
먹으면서도,1
진지하게,1
포기해야,1
아니라고,1
참치덮밥,1
요리지만,1
검정콩삶기,1
검정콩국수,1
입안가득,1
행복감을,1
안겨주는,1
셈이에요,1
한여름처럼,1
더운건,1
후덥지근한,1
이어질때는,1
시원하면서도,1
영양많은,1
한그릇이,1
생각납니다,1
찜닭레시피,1
끝내줘,1
대환영이라지요,1
우렁강된장,1
토방마님,1
손님치레를,1
짬이,1
생겼습니다,1
쌈채소가,1
풍성하잖아요,1
이럴때에는,1
딸의,1
도시집에,1
우렁쌈장을,1
햇살마미,1
즐기시나요,1
변신합니다,1
무침을,1
술자리에,1
메뉴이니,1
마늘쫑소기기볶음,1
꽃대줄기,1
B에서,1
형태,1
생와사비와는,1
아삭아삭한식감은,1
찌르는,1
접한,1
문어숙회에,1
문어숙회의,1
와사비의,1
이루더라구요,1
찡하고,1
매운맛에,1
와사비를,1
꺼려,1
남편조차,1
와사비와,1
즐기니,1
같다고,1
매운맛보다는,1
주말의,1
익은척,1
썩어있냐,1
하려던,1
뭐가되니,1
아보카도와,1
망고를,1
맛있거등요,1
칼라도,1
노랑이라,1
여름샐러드같기도,1
하고용,1
브루스케타,1
사워도우,1
생크림휩까지쳐주면더좋궁,1
한거,1
넛츠까지,1
산게,1
트러플허니,1
아보카도랑,1
루꼴라를,1
사놨다,1
만들어먹을거다,1
본죽,1
전복내장죽,1
전복요리,1
끓이는법이죠,1
간단한양배추요리,1
양배추요리추천,1
양배추당근요리,1
떠올리시는,1
비슷하면서도,1
사우어크라우트는,1
김치라고,1
상큼해서,1
키즈베이킹,1
키즈쿠킹,1
키즈요리,1
키즈베이킹을,1
못해줬어요,1
가정의달,1
5월이기도,1
키즈쿠킹으로,1
쿠키만들기를,1
베이킹자격증이,1
전문가가,1
아니여도,1
구입하지,1
영양쿠키믹스만,1
초간단으로,1
수제쿠키를,1
안할,1
수제쿠키만들기,1
30분컷,1
코스트코올리브오일,1
레몬샷을,1
일상요리에도,1
몇년째,1
몇달전부터,1
안보이더라구요,1
올리브오일대신,1
직접먹어보았는데,1
만족스럽더라구요,1
요리하고,1
치킨너겟,1
287,1
세맘입니다,1
막내딸의,1
15번째,1
생일이었어요,1
무언가,1
등갈비찜을,1
명란젓갈,1
팩과,1
명란젓갈과,1
명란젓갈을,1
부수어주세요,1
사진에는,1
개지만,1
12990원,1
36팩,1
들어있는데,1
여행갈때도,1
코스트코추천상품,1
쿵푸걸와인,1
15990원,1
한번정도,1
마시는데요,1
안좋아하고,1
씻는법,1
튼실하고,1
무게도,1
씻어주면,1
씻어낸,1
닿은,1
초록이,1
겉잎들을,1
유통되는,1
뜯어내거나,1
새잎이,1
안쪽에서,1
묻을,1
겉잎만,1
제거해도,1
거슬린다면,1
담가놓았다가,1
굽는법,1
주는사랑,1
햇살이,1
스미는,1
븐용,1
도자기,1
바스켓에,1
블랙허니,1
자몽티,1
케첩까지,1
정갈한,1
세팅이자,1
풍경이,1
박삭한,1
모급,1
여유로운,1
오후를,1
순간이죠,1
퍼지면서도,1
즐기기에도,1
감자삶는법을,1
포스팅에서는,1
행사를,1
담당자분들께서,1
선택해주신,1
이야기예요,1
주문이라,1
주문하신,1
구성보다,1
업그레이드된,1
보내드렸습니다,1
좋아하셨다는,1
문자까지,1
모르실,1
대학교,1
케이터링은,1
학생들과,1
교직원분들이,1
자리인,1
부분에서,1
완벽해야,1
통과해서,1
재주문까지,1
케이터링,1
쌓아온,1
정성의,1
결과라고,1
자부합니다,1
행사에서,1
행사는,1
아니잖아요,1
고대캠퍼스처럼,1
규모,1
행사의,1
참여자들의,1
만족도를,1
풀무원으로부터,1
협찬과,1
건면,1
비건라면,1
정면,1
야식의,1
유혹,1
고민하지만,1
메뉴로는,1
아닐까요,1
채식라면,1
비건라면인,1
지구식단,1
정면을,1
건면으로,1
때까지도,1
일품이라,1
비건라면은,1
깨준,1
제품이었어요,1
싶다길래,1
주었습니다,1
연어가격도,1
만만치,1
연어만,1
수입재료들이,1
올랐습니다,1
올리브오일도,1
몇배가,1
올랐는지,1
저희집은,1
튀김유를,1
한식에는,1
연어가격,1
얘기하다가,1
서론이,1
길어졌네요,1
경기가,1
안좋으니,1
살림해야겠다는,1
얘기입니다,1
연어장은,1
사용중인,1
가쓰오부시장국,1
닭곰탕레시피,1
닭곰탕만들기,1
닭다리로,1
닭곰탕,1
닭다리요리,1
주지,1
한가득인데,1
웅이맘님,1
올리신,1
닭곰탕을,1
닭다리로만,1
해샐줌마는,1
닭요리와,1
친하지,1
주긴,1
핏물과,1
약재랑,1
향신재료로,1
깔끔한지,1
닭국물요리였어요,1
닭손질할때는,1
요리쌤,1
정인쌤께서,1
말씀하셨는데,1
요리하라고,1
한그릇씩,1
원샷,1
한팩인데,1
닭한마리로,1
불필요한,1
요즘이,1
머위줄기는,1
먹는법이,1
머위대를,1
손질해두고,1
볶음도,1
국물잘박,1
속초사는,1
텃밭가에,1
머위가,1
자랐다면서,1
한보따리를,1
나머지로,1
들깨탕,1
머위대요리는,1
국물좀,1
나물인데,1
국물없는,1
나물로만,1
대패삼겹살제육볶음,1
대패삼겹살콩나물요리,1
남겨놓지,1
않았네요,1
돌아서면,1
고픈,1
허하다고,1
할까나요,1
삼시,1
세끼,1
군것질이나,1
군것질도,1
찌려면,1
싶어지는데,1
현상인,1
달래기,1
동물성단백질로,1
채워보려고요,1
제육볶음레시피,1
구운달걀만들기,1
냉기를,1
PN,1
소고기우엉밥도,1
냥냥이예요,1
주식으로,1
한국인들에게,1
의미이지,1
않을까요,1
끼니를,1
때우다시피,1
탱글하고,1
윤기나는,1
솥밥은,1
힐링,1
솥밥을,1
해먹기란,1
솔루션으로,1
드렸었는데요,1
품종에,1
구입하시거나,1
예약하시면,1
매실을,1
만나실,1
항아리,1
나우보일,1
라면꿀조합세트는,1
상황에서,1
종이냄비로,1
실용적인,1
소비자들에게도,1
설거지의,1
와아,1
작명센스,1
귀여운거,1
틈새칼국수,1
불닭게티,1
불새라면,1
세트에요,1
불닭게티와,1
짜파구리는,1
유명해서,1
먹어봤으니,1
틈새,1
라면들,1
틈새라면과,1
반대적인,1
안가고,1
의심스럽기까지,1
구성은,1
종이냄비와,1
국자형,1
앞접시,1
되는거,1
맞겠지,1
소사이즈,1
브랜드로부터,1
후기로,1
작성되었습니다,1
일어나다,1
아점으로,1
즐기거나,1
열어보니,1
딱이겠다,1
근사해서,1
XL,1
레몬버터소스로,1
홈파티요리로,1
로스트치킨입니다,1
로스트,1
생각한다,1
그만한,1
값어치를,1
XL의,1
기능을,1
끌어올려서,1
채소까지,1
가니쉬로,1
홈파티메뉴로,1
하교한,1
똥썹군이,1
진학,1
희망,1
설문지를,1
엊그제,1
낳은,1
고등학교에,1
되었다니,1
감정이,1
복잡한데요,1
수행평가도,1
등하교,1
고등학교로,1
얼라이,1
중학교와,1
재단이고,1
건물에,1
고등학교가,1
듣는,1
얘기가,1
얘길,1
부모,1
성적도,1
성적이지만,1
건강이,1
우선이라,1
버스를,1
학교를,1
다녔으면,1
좋겠고만,1
이넘아는,1
빡센,1
들어가길,1
원하니,1
내신도,1
걱정이고,1
고민만,1
식성에,1
주재료의,1
당근만,1
떠오르지는,1
자랑할,1
농산물이,1
농산물을,1
앞으론,1
득템,1
이야긴지,1
금악마을,1
현장으로,1
농산물은,1
유명하죠,1
총출동해서,1
일손,1
제주에서만,1
덮지,1
구워질때,1
흘러나오지,1
헹궈줍니다,1
넣어보고,1
새우비빔국수,1
부침용두부,1
제철6가지밑반찬,1
대표식재료,1
밑반찬6가지,1
꽈리고추가지볶음,1
고추장반큰술,1
5cQ0fB8q1ub,1
베지이즈,1
꼽으라면,1
요리들인데요,1
매콤짭조름한,1
흰쌀밥에,1
따지,1
격자무늬로,1
날린,1
가지고추장구이를,1
청포묵무침,1
묵무침,1
반투명해,1
질때까지,1
헹구서,1
탁탁쳐서,1
데친묵을,1
빻아서,1
물냉면,1
냉면면,1
절여놔주세요,1
다시백에,1
즙에,1
물냉면은,1
비빔냉면은,1
반봉지,1
통깨도,1
돼지갈비맛집,1
팟물을,1
4꼬집으로,1
목살에,1
아보카도유를,1
저거해주세요,1
