keyword,대분류,중분류,소분류,세분류,세세분류,Feature,synonyms,hyperonym,타사전추가여부,coupang_link,추가일자,보관냉동,보관냉장,보관실온
이유식,TPO,TPO,대상,,,,,,,,,,,
성장기,TPO,TPO,대상,,,,,,,,,,,
다이어터,TPO,TPO,대상,,,,,,,,,,,
초딩,TPO,TPO,대상,,,,,,,,,,,
청소년,TPO,TPO,대상,,,,,,,,,,,
여성,TPO,TPO,대상,,,,,,,,,,,
어른,TPO,TPO,대상,,,,,,,,,,,
어르신,TPO,TPO,대상,,,,,,,,,,,
아이,TPO,TPO,대상,,,,,,,,,,,
아기,TPO,TPO,대상,,,,,,,,,,,
부부,TPO,TPO,대상,,,,,,,,,,,
부모님,TPO,TPO,대상,,,,,,,,,,,
남녀노소,TPO,TPO,대상,,,,,,,,,,,
남편,TPO,TPO,대상,,,,,,,,,,,
신랑,TPO,TPO,대상,,,,,,,,,,,
아이들,TPO,TPO,대상,,,,,,,,,,,
꼬마,TPO,TPO,대상,,,,,,,,,,,
엄마,TPO,TPO,대상,,,,,,,,,,,
친구,TPO,TPO,대상,,,,,,,,,,,
식구,TPO,TPO,대상,,,,,,,,,,,
초보,TPO,TPO,대상,,,,,,,,,,,
친정엄마,TPO,TPO,대상,,,,,,,,,,,
동생,TPO,TPO,대상,,,,,,,,,,,
아빠,TPO,TPO,대상,,,,,,,,,,,
어린이,TPO,TPO,대상,,,,,,,,,,,
직장인,TPO,TPO,대상,,,,,,,,,,,
즉석,TPO,TPO,상황,,,,,,,,,,,
휴식,TPO,TPO,상황,,,,,,,,,,,
후식,TPO,TPO,상황,,,,,,,,,,,
홈파티,TPO,TPO,상황,,,,,,,,,,,
혼자,TPO,TPO,상황,,,,,,,,,,,
혼밥,TPO,TPO,상황,,,,,,,,,,,
할로윈,TPO,TPO,상황,,,,,,,,,,,
파티,TPO,TPO,상황,,,,,,,,,,,
축제,TPO,TPO,상황,,,,,,,,,,,
안주,TPO,TPO,상황,,,,,,,,,,,
식후,TPO,TPO,상황,,,,,,,,,,,
식전,TPO,TPO,상황,,,,,,,,,,,
스트레스,TPO,TPO,상황,,,,,,,,,,,
손님,TPO,TPO,상황,,,,,,,,,,,
상차림,TPO,TPO,상황,,,,,,,,,,,
복날,TPO,TPO,상황,,,,,,,,,,,
발렌타인,TPO,TPO,상황,,,,,,,,,,,
밑반찬,TPO,TPO,상황,,,,,,,,,,,
무더위,TPO,TPO,상황,,,,,,,,,,,
명절전,TPO,TPO,상황,,,,,,,,,,,
맥주안주,TPO,TPO,상황,,,,,,,,,,,
매일,TPO,TPO,상황,,,,,,,,,,,
데이트,TPO,TPO,상황,,,,,,,,,,,
단식,TPO,TPO,상황,,,,,,,,,,,
공복,TPO,TPO,상황,,,,,,,,,,,
가족모임,TPO,TPO,상황,,,,,,,,,,,
가족,TPO,TPO,상황,,,,,,,,,,,
소풍도시락,TPO,TPO,상황,,,,,,,,,,,
간식,TPO,TPO,상황,,,,,,,,,,,
술안주,TPO,TPO,상황,,,,,,,,,,,
미세먼지,TPO,TPO,상황,,,,,,,,,,,
캠핑,TPO,TPO,상황,,,,,,,,,,,
이색,TPO,TPO,상황,,,,,,,,,,,
밥반찬,TPO,TPO,상황,,,,,,,,,,,
반찬거리,TPO,TPO,상황,,,,,,,,,,,
추억,TPO,TPO,상황,,,,,,,,,,,
귀차니즘,TPO,TPO,상황,,,,,,,,,,,
유치원,TPO,TPO,상황,,,,,,,,,,,
잔칫상,TPO,TPO,상황,,,,,,,,,,,
피크닉,TPO,TPO,상황,,,,,,,,,,,
난이도하,TPO,TPO,상황,,,,,,,,,,,
심플한,TPO,TPO,상황,,,,,,,,,,,
봄,TPO,TPO,시간,,,,,,,,,,,
여름,TPO,TPO,시간,,,,,,,,,,,
휴일,TPO,TPO,시간,,,,,,,,,,,
화요일,TPO,TPO,시간,,,,,,,,,,,
평일,TPO,TPO,시간,,,,,,,,,,,
퇴근,TPO,TPO,시간,,,,,,,,,,,
크리스마스,TPO,TPO,시간,,,,,,,,,,,
추석,TPO,TPO,시간,,,,,,,,,,,
초여름,TPO,TPO,시간,,,,,,,,,,,
중식,TPO,TPO,시간,,,,,,,,,,,
주말,TPO,TPO,시간,,,,,,,,,,,
조식,TPO,TPO,시간,,,,,,,,,,,
제철,TPO,TPO,시간,,,,,,,,,,,
점심,TPO,TPO,시간,,,,,,,,,,,
저녁,TPO,TPO,시간,,,,,,,,,,,
장마,TPO,TPO,시간,,,,,,,,,,,
요맘때,TPO,TPO,시간,,,,,,,,,,,
오후,TPO,TPO,시간,,,,,,,,,,,
오전,TPO,TPO,시간,,,,,,,,,,,
연휴,TPO,TPO,시간,,,,,,,,,,,
연말,TPO,TPO,시간,,,,,,,,,,,
어릴적,TPO,TPO,시간,,,,,,,,,,,
어릴때,TPO,TPO,시간,,,,,,,,,,,
야식,TPO,TPO,시간,,,,,,,,,,,
야간,TPO,TPO,시간,,,,,,,,,,,
아침,TPO,TPO,시간,,,,,,,,,,,
시간,TPO,TPO,시간,,,,,,,,,,,
스승의날,TPO,TPO,시간,,,,,,,,,,,
수요일,TPO,TPO,시간,,,,,,,,,,,
설날,TPO,TPO,시간,,,,,,,,,,,
생일,TPO,TPO,시간,,,,,,,,,,,
새해,TPO,TPO,시간,,,,,,,,,,,
새벽,TPO,TPO,시간,,,,,,,,,,,
봄시즌,TPO,TPO,시간,,,,,,,,,,,
방학,TPO,TPO,시간,,,,,,,,,,,
목요일,TPO,TPO,시간,,,,,,,,,,,
동안,TPO,TPO,시간,,,,,,,,,,,
계절마다,TPO,TPO,시간,,,,,,,,,,,
계절,TPO,TPO,시간,,,,,,,,,,,
겨울,TPO,TPO,시간,,,,,,,,,,,
가을,TPO,TPO,시간,,,,,,,,,,,
모닝,TPO,TPO,시간,,,,,,,,,,,
봄철,TPO,TPO,시간,,,,,,,,,,,
가을철,TPO,TPO,시간,,,,,,,,,,,
여름철,TPO,TPO,시간,,,,,,,,,,,
겨울철,TPO,TPO,시간,,,,,,,,,,,
운동전,TPO,TPO,시간,,,,,,,,,,,
운동후,TPO,TPO,시간,,,,,,,,,,,
명절,TPO,TPO,시간,,,,,,,,,,,
봄날,TPO,TPO,시간,,,,,,,,,,,
환절기,TPO,TPO,시간,,,,,,,,,,,
초복,TPO,TPO,시간,,,,,,,,,,,
중복,TPO,TPO,시간,,,,,,,,,,,
말복,TPO,TPO,시간,,,,,,,,,,,
회사,TPO,TPO,장소,,,,,,,,,,,
포차,TPO,TPO,장소,,,,,,,,,,,
찜질방,TPO,TPO,장소,,,,,,,,,,,
외출,TPO,TPO,장소,,,,,,,,,,,
여행,TPO,TPO,장소,,,,,,,,,,,
소풍,TPO,TPO,장소,,,,,,,,,,,
도시락,TPO,TPO,장소,,,,,,,,,,,
조각,단위,단위,수량/단위,,,,,,,,,,,
알,단위,단위,수량/단위,,,,,,,,,,,
한판,단위,단위,수량/단위,,,,,,,,,,,
한장,단위,단위,수량/단위,,,,,,,,,,,
포기,단위,단위,수량/단위,,,,,,,,,,,
팩,단위,단위,수량/단위,,,,,,,,,,,
티스푼,단위,단위,수량/단위,,,,,,,,,,,
통,단위,단위,수량/단위,,,,,,,,,,,
톨,단위,단위,수량/단위,,,,,,,,,,,
테이블스푼,단위,단위,수량/단위,,,,,,,,,,,
킬로그램,단위,단위,수량/단위,,,,,,,,,,,
키로그램,단위,단위,수량/단위,,,,,,,,,,,
큰술,단위,단위,수량/단위,,,,,,,,,,,
큐브,단위,단위,수량/단위,,,,,,,,,,,
컵과,단위,단위,수량/단위,,,,,,,,,,,
컵,단위,단위,수량/단위,,,,,,,,,,,
커피스푼,단위,단위,수량/단위,,,,,,,,,,,
캔,단위,단위,수량/단위,,,,,,,,,,,
찻스푼,단위,단위,수량/단위,,,,,,,,,,,
찻숟가락,단위,단위,수량/단위,,,,,,,,,,,
쪽,단위,단위,수량/단위,,,,,,,,,,,
줌,단위,단위,수량/단위,,,,,,,,,,,
줄기,단위,단위,수량/단위,,,,,,,,,,,
줄,단위,단위,수량/단위,,,,,,,,,,,
주먹,단위,단위,수량/단위,,,,,,,,,,,
종이컵,단위,단위,수량/단위,,,,,,,,,,,
정도,단위,단위,수량/단위,,,,,,,,,,,
절반,단위,단위,수량/단위,,,,,,,,,,,
적당량,단위,단위,수량/단위,,,,,,,,,,,
장,단위,단위,수량/단위,,,,,,,,,,,
자밤,단위,단위,수량/단위,,,,,,,,,,,
인분,단위,단위,수량/단위,,,,,,,,,,,
약간,단위,단위,수량/단위,,,,,,,,,,,
스틱,단위,단위,수량/단위,,,,,,,,,,,
술,단위,단위,수량/단위,,,,,,,,,,,
숟갈,단위,단위,수량/단위,,,,,,,,,,,
숟가락,단위,단위,수량/단위,,,,,,,,,,,
수저,단위,단위,수량/단위,,,,,,,,,,,
소량,단위,단위,수량/단위,,,,,,,,,,,
소금비율,단위,단위,수량/단위,,,,,,,,,,,
뿌리,단위,단위,수량/단위,,,,,,,,,,,
블록,단위,단위,수량/단위,,,,,,,,,,,
분량,단위,단위,수량/단위,,,,,,,,,,,
봉지,단위,단위,수량/단위,,,,,,,,,,,
봉,단위,단위,수량/단위,,,,,,,,,,,
방울,단위,단위,수량/단위,,,,,,,,,,,
밥스푼,단위,단위,수량/단위,,,,,,,,,,,
밥숟갈,단위,단위,수량/단위,,,,,,,,,,,
밥숟가락,단위,단위,수량/단위,,,,,,,,,,,
밥수저,단위,단위,수량/단위,,,,,,,,,,,
박스,단위,단위,수량/단위,,,,,,,,,,,
묶음,단위,단위,수량/단위,,,,,,,,,,,
모,단위,단위,수량/단위,,,,,,,,,,,
마리,단위,단위,수량/단위,,,,,,,,,,,
리터,단위,단위,수량/단위,,,,,,,,,,,
덩이,단위,단위,수량/단위,,,,,,,,,,,
단,단위,단위,수량/단위,,,,,,,,,,,
다량,단위,단위,수량/단위,,,,,,,,,,,
근,단위,단위,수량/단위,,,,,,,,,,,
그릇,단위,단위,수량/단위,,,,,,,,,,,
그램,단위,단위,수량/단위,,,,,,,,,,,
그람,단위,단위,수량/단위,,,,,,,,,,,
공기,단위,단위,수량/단위,,,,,,,,,,,
계량단위,단위,단위,수량/단위,,,,,,,,,,,
계량기준,단위,단위,수량/단위,,,,,,,,,,,
계랑스푼,단위,단위,수량/단위,,,,,,,,,,,
개분량,단위,단위,수량/단위,,,,,,,,,,,
가량,단위,단위,수량/단위,,,,,,,,,,,
가닥,단위,단위,수량/단위,,,,,,,,,,,
T스푼,단위,단위,수량/단위,,,,,,,,,,,
tsp,단위,단위,수량/단위,,,,,,,,,,,
Ts,단위,단위,수량/단위,,,,,,,,,,,
teaspoon,단위,단위,수량/단위,,,,,,,,,,,
Tbsp,단위,단위,수량/단위,,,,,,,,,,,
Tbs,단위,단위,수량/단위,,,,,,,,,,,
tablespoon,단위,단위,수량/단위,,,,,,,,,,,
slice,단위,단위,수량/단위,,,,,,,,,,,
Piece,단위,단위,수량/단위,,,,,,,,,,,
ml,단위,단위,수량/단위,,,,,,,,,,,
L,단위,단위,수량/단위,,,,,,,,,,,
kg,단위,단위,수량/단위,,,,,,,,,,,
half,단위,단위,수량/단위,,,,,,,,,,,
gram,단위,단위,수량/단위,,,,,,,,,,,
g,단위,단위,수량/단위,,,,,,,,,,,
cube,단위,단위,수량/단위,,,,,,,,,,,
cm,단위,단위,수량/단위,,,,,,,,,,,
bottle,단위,단위,수량/단위,,,,,,,,,,,
작은술,단위,단위,수량/단위,,,,,,,,,,,
듬뿍,단위,단위,수량/단위,,,,,,,,,,,
넉넉하게,단위,단위,수량/단위,,,,,,,,,,,
계량스푼,단위,단위,수량/단위,,,,,,,,,,,
슬라이스,단위,단위,수량/단위,,,,,,,,,,,
꼬집,단위,단위,수량/단위,,,,,,,,,,,
적게,단위,단위,수량/단위,,,,,,,,,,,
약간씩,단위,단위,수량/단위,,,,,,,,,,,
넉넉히,단위,단위,수량/단위,,,,,,,,,,,
t,단위,단위,수량/단위,,,,,,,,,,,
ml컵,단위,단위,수량/단위,,,,,,,,,,,
미리,단위,단위,수량/단위,,,,,,,,,,,
배라스푼,단위,단위,수량/단위,,,,,,,,,,,
스푼,단위,단위,수량/단위,,,,,,,,,,,
사이즈,단위,단위,수량/단위,,,,,,,,,,,
계량컵,단위,단위,수량/단위,,,,,,,,,,,
단위,단위,단위,수량/단위,,,,,,,,,,,
조금,단위,단위,수량/단위,,,,,,,,,,,
용기,단위,단위,수량/단위,,,,,,,,,,,
반개,단위,단위,수량/단위,,,,,,,,,,,
나머지,단위,단위,수량/단위,,,,,,,,,,,
토막,단위,단위,수량/단위,,,,,,,,,,,
한줌,단위,단위,수량/단위,,,,,,,,,,,
접시,단위,단위,수량/단위,,,,,,,,,,,
등분,단위,단위,수량/단위,,,,,,,,,,,
더미,단위,단위,수량/단위,,,,,,,,,,,
덩어리,단위,단위,수량/단위,,,,,,,,,,,
일부,단위,단위,수량/단위,,,,,,,,,,,
대용량,단위,단위,수량/단위,,,,,,,,,,,
자투리,단위,단위,수량/단위,,,,,,,,,,,
용량,단위,단위,수량/단위,,,,,,,,,,,
왕창,단위,단위,수량/단위,,,,,,,,,,,
센치,단위,단위,수량/단위,,,,,,,,,,,
사발,단위,단위,수량/단위,,,,,,,,,,,
인치,단위,단위,수량/단위,,,,,,,,,,,
일정량,단위,단위,수량/단위,,,,,,,,,,,
한줄기,단위,단위,수량/단위,,,,,,,,,,,
소쿠리,단위,단위,수량/단위,,,,,,,,,,,
마구마구,단위,단위,수량/단위,,,,,,,,,,,
대량,단위,단위,수량/단위,,,,,,,,,,,
cup,단위,단위,수량/단위,,,,,,,,,,,
두께,단위,단위,수량/단위,,,,,,,,,,,
굵기,단위,단위,수량/단위,,,,,,,,,,,
한잔,단위,단위,수량/단위,,,,,,,,,,,
마늘향,맛/식감/질감,맛/식감/질감,맛,,,,,,,,,,,
향긋,맛/식감/질감,맛/식감/질감,맛,,,,,,,,,,,
풍미,맛/식감/질감,맛/식감/질감,맛,,,,,,,,,,,
톡쏘는,맛/식감/질감,맛/식감/질감,맛,,,,,,,,,,,
텁텁,맛/식감/질감,맛/식감/질감,맛,,,,,,,,,,,
커피향,맛/식감/질감,맛/식감/질감,맛,,,,,,,,,,,
치즈맛도,맛/식감/질감,맛/식감/질감,맛,,,,,,,,,,,
짭쪼롬,맛/식감/질감,맛/식감/질감,맛,,,,,,,,,,,
짠맛,맛/식감/질감,맛/식감/질감,맛,,,,,,,,,,,
자극적,맛/식감/질감,맛/식감/질감,맛,,,,,,,,,,,
이국적,맛/식감/질감,맛/식감/질감,맛,,,,,,,,,,,
얼큰하고,맛/식감/질감,맛/식감/질감,맛,,,,,,,,,,,
얼큰,맛/식감/질감,맛/식감/질감,맛,,,,,,,,,,,
아린,맛/식감/질감,맛/식감/질감,맛,,,,,,,,,,,
쓴맛,맛/식감/질감,맛/식감/질감,맛,,,,,,,,,,,
심심,맛/식감/질감,맛/식감/질감,맛,,,,,,,,,,,
신맛,맛/식감/질감,맛/식감/질감,맛,,,,,,,,,,,
슴슴,맛/식감/질감,맛/식감/질감,맛,,,,,,,,,,,
순한맛,맛/식감/질감,맛/식감/질감,맛,,,,,,,,,,,
숙성된,맛/식감/질감,맛/식감/질감,맛,,,,,,,,,,,
새콤달콤,맛/식감/질감,맛/식감/질감,맛,,,,,,,,,,,
새콤,맛/식감/질감,맛/식감/질감,맛,,,,,,,,,,,
산뜻한,맛/식감/질감,맛/식감/질감,맛,,,,,,,,,,,
비린내,맛/식감/질감,맛/식감/질감,맛,,,,,,,,,,,
불향,맛/식감/질감,맛/식감/질감,맛,,,,,,,,,,,
불맛,맛/식감/질감,맛/식감/질감,맛,,,,,,,,,,,
밍밍한,맛/식감/질감,맛/식감/질감,맛,,,,,,,,,,,
매콤달콤,맛/식감/질감,맛/식감/질감,맛,,,,,,,,,,,
매콤,맛/식감/질감,맛/식감/질감,맛,,,,,,,,,,,
매운맛,맛/식감/질감,맛/식감/질감,맛,,,,,,,,,,,
매운,맛/식감/질감,맛/식감/질감,맛,,,,,,,,,,,
딸기맛,맛/식감/질감,맛/식감/질감,맛,,,,,,,,,,,
든든한,맛/식감/질감,맛/식감/질감,맛,,,,,,,,,,,
담백,맛/식감/질감,맛/식감/질감,맛,,,,,,,,,,,
달큰하고,맛/식감/질감,맛/식감/질감,맛,,,,,,,,,,,
달콤하고,맛/식감/질감,맛/식감/질감,맛,,,,,,,,,,,
달달,맛/식감/질감,맛/식감/질감,맛,,,,,,,,,,,
단짠,맛/식감/질감,맛/식감/질감,맛,,,,,,,,,,,
단맛,맛/식감/질감,맛/식감/질감,맛,,,,,,,,,,,
느끼,맛/식감/질감,맛/식감/질감,맛,,,,,,,,,,,
노릇,맛/식감/질감,맛/식감/질감,맛,,,,,,,,,,,
꿀맛,맛/식감/질감,맛/식감/질감,맛,,,,,,,,,,,
개운,맛/식감/질감,맛/식감/질감,맛,,,,,,,,,,,
감칠맛,맛/식감/질감,맛/식감/질감,맛,,,,,,,,,,,
바닐라맛,맛/식감/질감,맛/식감/질감,맛,,,,,,,,,,,
사골맛,맛/식감/질감,맛/식감/질감,맛,,,,,,,,,,,
초콜릿맛,맛/식감/질감,맛/식감/질감,맛,,,,,,,,,,,
멸치맛,맛/식감/질감,맛/식감/질감,맛,,,,,,,,,,,
레몬향,맛/식감/질감,맛/식감/질감,맛,,,,,,,,,,,
조개맛,맛/식감/질감,맛/식감/질감,맛,,,,,,,,,,,
고소,맛/식감/질감,맛/식감/질감,맛,,,,,,,,,,,
시큼,맛/식감/질감,맛/식감/질감,맛,,,,,,,,,,,
고소함,맛/식감/질감,맛/식감/질감,맛,,,,,,,,,,,
구수,맛/식감/질감,맛/식감/질감,맛,,,,,,,,,,,
매콤하니,맛/식감/질감,맛/식감/질감,맛,,,,,,,,,,,
뒷맛,맛/식감/질감,맛/식감/질감,맛,,,,,,,,,,,
떫은맛,맛/식감/질감,맛/식감/질감,맛,,,,,,,,,,,
칼칼함이,맛/식감/질감,맛/식감/질감,식감,,,,,,,,,,,
연한,맛/식감/질감,맛/식감/질감,식감,,,,,,,,,,,
시원,맛/식감/질감,맛/식감/질감,식감,,,,,,,,,,,
배부른,맛/식감/질감,맛/식감/질감,식감,,,,,,,,,,,
맑은,맛/식감/질감,맛/식감/질감,식감,,,,,,,,,,,
뜨끈한,맛/식감/질감,맛/식감/질감,식감,,,,,,,,,,,
따뜻하고,맛/식감/질감,맛/식감/질감,식감,,,,,,,,,,,
나른한,맛/식감/질감,맛/식감/질감,식감,,,,,,,,,,,
깔끔하면서,맛/식감/질감,맛/식감/질감,식감,,,,,,,,,,,
깔끔하고,맛/식감/질감,맛/식감/질감,식감,,,,,,,,,,,
구수하고,맛/식감/질감,맛/식감/질감,식감,,,,,,,,,,,
고소해요,맛/식감/질감,맛/식감/질감,식감,,,,,,,,,,,
고소하니,맛/식감/질감,맛/식감/질감,식감,,,,,,,,,,,
고급스런,맛/식감/질감,맛/식감/질감,식감,,,,,,,,,,,
가벼운,맛/식감/질감,맛/식감/질감,식감,,,,,,,,,,,
아삭아삭,맛/식감/질감,맛/식감/질감,식감,,,,,,,,,,,
아작아작,맛/식감/질감,맛/식감/질감,식감,,,,,,,,,,,
쫄깃하니,맛/식감/질감,맛/식감/질감,식감,,,,,,,,,,,
사각,맛/식감/질감,맛/식감/질감,식감,,,,,,,,,,,
푹신,맛/식감/질감,맛/식감/질감,질감,,,,,,,,,,,
푸딩처럼,맛/식감/질감,맛/식감/질감,질감,,,,,,,,,,,
폭신폭신,맛/식감/질감,맛/식감/질감,질감,,,,,,,,,,,
포실포실한,맛/식감/질감,맛/식감/질감,질감,,,,,,,,,,,
포슬포슬,맛/식감/질감,맛/식감/질감,질감,,,,,,,,,,,
포근,맛/식감/질감,맛/식감/질감,질감,,,,,,,,,,,
퍽퍽,맛/식감/질감,맛/식감/질감,질감,,,,,,,,,,,
파사삭,맛/식감/질감,맛/식감/질감,질감,,,,,,,,,,,
통통,맛/식감/질감,맛/식감/질감,질감,,,,,,,,,,,
탱탱,맛/식감/질감,맛/식감/질감,질감,,,,,,,,,,,
탱글,맛/식감/질감,맛/식감/질감,질감,,,,,,,,,,,
크리스피,맛/식감/질감,맛/식감/질감,질감,,,,,,,,,,,
크리미,맛/식감/질감,맛/식감/질감,질감,,,,,,,,,,,
촉촉,맛/식감/질감,맛/식감/질감,질감,,,,,,,,,,,
찰진,맛/식감/질감,맛/식감/질감,질감,,,,,,,,,,,
쫄깃,맛/식감/질감,맛/식감/질감,질감,,,,,,,,,,,
쫀쫀,맛/식감/질감,맛/식감/질감,질감,,,,,,,,,,,
쫀득,맛/식감/질감,맛/식감/질감,질감,,,,,,,,,,,
질긴,맛/식감/질감,맛/식감/질감,질감,,,,,,,,,,,
질겨서,맛/식감/질감,맛/식감/질감,질감,,,,,,,,,,,
오독오독,맛/식감/질감,맛/식감/질감,질감,,,,,,,,,,,
오도독,맛/식감/질감,맛/식감/질감,질감,,,,,,,,,,,
아삭,맛/식감/질감,맛/식감/질감,질감,,,,,,,,,,,
사르르,맛/식감/질감,맛/식감/질감,질감,,,,,,,,,,,
뻣뻣한,맛/식감/질감,맛/식감/질감,질감,,,,,,,,,,,
빵빵한,맛/식감/질감,맛/식감/질감,질감,,,,,,,,,,,
부들부들,맛/식감/질감,맛/식감/질감,질감,,,,,,,,,,,
부드러운,맛/식감/질감,맛/식감/질감,질감,,,,,,,,,,,
보들,맛/식감/질감,맛/식감/질감,질감,,,,,,,,,,,
보드랍고,맛/식감/질감,맛/식감/질감,질감,,,,,,,,,,,
바삭,맛/식감/질감,맛/식감/질감,질감,,,,,,,,,,,
바사삭,맛/식감/질감,맛/식감/질감,질감,,,,,,,,,,,
묽어짐,맛/식감/질감,맛/식감/질감,질감,,,,,,,,,,,
물러지고,맛/식감/질감,맛/식감/질감,질감,,,,,,,,,,,
무르거나,맛/식감/질감,맛/식감/질감,질감,,,,,,,,,,,
몰캉,맛/식감/질감,맛/식감/질감,질감,,,,,,,,,,,
말랑,맛/식감/질감,맛/식감/질감,질감,,,,,,,,,,,
딱딱하니,맛/식감/질감,맛/식감/질감,질감,,,,,,,,,,,
단단하고,맛/식감/질감,맛/식감/질감,질감,,,,,,,,,,,
나박나박,맛/식감/질감,맛/식감/질감,질감,,,,,,,,,,,
꾸덕,맛/식감/질감,맛/식감/질감,질감,,,,,,,,,,,
꼬들,맛/식감/질감,맛/식감/질감,질감,,,,,,,,,,,
고슬고슬,맛/식감/질감,맛/식감/질감,질감,,,,,,,,,,,
겉바속촉,맛/식감/질감,맛/식감/질감,질감,,,,,,,,,,,
걸쭉,맛/식감/질감,맛/식감/질감,질감,,,,,,,,,,,
거친,맛/식감/질감,맛/식감/질감,질감,,,,,,,,,,,
촉촉한,맛/식감/질감,맛/식감/질감,질감,,,,,,,,,,,
쫄깃한,맛/식감/질감,맛/식감/질감,질감,,,,,,,,,,,
바삭바삭,맛/식감/질감,맛/식감/질감,질감,,,,,,,,,,,
피자,요리이름,요리명,요리명,,,,,,,,,,,
푸딩,요리이름,요리명,요리명,,,,,,,,,,,
카레,요리이름,요리명,요리명,,,,,,,,,,,
청국장,요리이름,요리명,요리명,,,,,,,,,,,
김치,요리이름,요리명,요리명,,,,,,,,,,,
감자칩,요리이름,요리명,요리명,,,,,,,,,,,
옥수수빵,요리이름,요리명,요리명,,,,,,,,,,,
족발,요리이름,요리명,요리명,,,,,,,,,,,
비빔면,요리이름,요리명,요리명,,,,,,,,,,,
게장,요리이름,요리명,요리명,,,,,,,,,,,
초콜릿케이크,요리이름,요리명,요리명,,,,,,,,,,,
카프레제,요리이름,요리명,요리명,,,,,,,,,,,
호박전,요리이름,요리명,요리명,,,,,,,,,,,
햄버거,요리이름,요리명,요리명,,,,,,,,,,,
해장국,요리이름,요리명,요리명,,,,,,,,,,,
프렌치 토스트,요리이름,요리명,요리명,,,,,,,,,,,
파전,요리이름,요리명,요리명,,,,,,,,,,,
파스타,요리이름,요리명,요리명,,,,,,,,,,,
티라미수,요리이름,요리명,요리명,,,,,,,,,,,
토스트,요리이름,요리명,요리명,,,,,,,,,,,
토마토달걀볶음,요리이름,요리명,요리명,,,,"토마토계란볶음, 토달볶",,,,,,,
탕수육,요리이름,요리명,요리명,,,,,,,,,,,
콩나물무침,요리이름,요리명,요리명,,,,,,,,,,,
콩나물국,요리이름,요리명,요리명,,,,,,,,,,,
칼국수,요리이름,요리명,요리명,,,,,,,,,,,
초밥,요리이름,요리명,요리명,,,,,,,,,,,
청국장찌개,요리이름,요리명,요리명,,,,,,,,,,,
찹스테이크,요리이름,요리명,요리명,,,,,,,,,,,
참치샌드위치,요리이름,요리명,요리명,,,,,,,,,,,
참치김밥,요리이름,요리명,요리명,,,,,,,,,,,
찜닭,요리이름,요리명,요리명,,,,,,,,,,,
쪽파김치,요리이름,요리명,요리명,,,,,,,,,,,
짜장면,요리이름,요리명,요리명,,,,,,,,,,,
진미채볶음,요리이름,요리명,요리명,,,,,,,,,,,
주먹밥,요리이름,요리명,요리명,,,,,,,,,,,
제육볶음,요리이름,요리명,요리명,,,,,,,,,,,
전복죽,요리이름,요리명,요리명,,,,,,,,,,,
장조림,요리이름,요리명,요리명,,,,,,,,,,,
잡채,요리이름,요리명,요리명,,,,,,,,,,,
잔치국수,요리이름,요리명,요리명,,,,,,,,,,,
육전,요리이름,요리명,요리명,,,,,,,,,,,
육개장,요리이름,요리명,요리명,,,,,,,,,,,
월남쌈,요리이름,요리명,요리명,,,,,,,,,,,
우엉조림,요리이름,요리명,요리명,,,,,,,,,,,
오징어볶음,요리이름,요리명,요리명,,,,,,,,,,,
오징어무국,요리이름,요리명,요리명,,,,,,,,,,,
오이지무침,요리이름,요리명,요리명,,,,,,,,,,,
오이무침,요리이름,요리명,요리명,,,,,,,,,,,
오믈렛,요리이름,요리명,요리명,,,,,,,,,,,
오므라이스,요리이름,요리명,요리명,,,,,,,,,,,
열무물김치,요리이름,요리명,요리명,,,,,,,,,,,
연근조림,요리이름,요리명,요리명,,,,,,,,,,,
에그샌드위치,요리이름,요리명,요리명,,,,,,,,,,,
양파장아찌,요리이름,요리명,요리명,,,,,,,,,,,
약밥,요리이름,요리명,요리명,,,,,,,,,,,
안동찜닭,요리이름,요리명,요리명,,,,,,,,,,,
쌀국수,요리이름,요리명,요리명,,,,,,,,,,,
스튜,요리이름,요리명,요리명,,,,,,,,,,,
스크램블,요리이름,요리명,요리명,,,,,,,,,,,
순두부찌개,요리이름,요리명,요리명,,,,,,,,,,,
수육,요리이름,요리명,요리명,,,,,,,,,,,
소불고기,요리이름,요리명,요리명,,,,,,,,,,,
소고기미역국,요리이름,요리명,요리명,,,,,,,,,,,
소고기뭇국,요리이름,요리명,요리명,,,,,,,,,,,
설렁탕,요리이름,요리명,요리명,,,,,,,,,,,
샤브샤브,요리이름,요리명,요리명,,,,,,,,,,,
샐러드,요리이름,요리명,요리명,,,,,,,,,,,
삼계탕,요리이름,요리명,요리명,,,,,,,,,,,
삶은계란,요리이름,요리명,요리명,,,,,,,,,,,
비빔밥,요리이름,요리명,요리명,,,,,,,,,,,
비빔국수,요리이름,요리명,요리명,,,,,,,,,,,
불고기,요리이름,요리명,요리명,,,,,,,,,,,
북어국,요리이름,요리명,요리명,,,,,,,,,,,
부침개,요리이름,요리명,요리명,,,,,,,,,,,
부추전,요리이름,요리명,요리명,,,,,,,,,,,
부추김치,요리이름,요리명,요리명,,,,,,,,,,,
부대찌개,요리이름,요리명,요리명,,,,,,,,,,,
볶음밥,요리이름,요리명,요리명,,,,,,,,,,,
볶음김치,요리이름,요리명,요리명,,,,,,,,,,,
보쌈,요리이름,요리명,요리명,,,,,,,,,,,
백숙,요리이름,요리명,요리명,,,,,,,,,,,
밥버거,요리이름,요리명,요리명,,,,,,,,,,,
미역줄기볶음,요리이름,요리명,요리명,,,,,,,,,,,
무생채,요리이름,요리명,요리명,,,,,,,,,,,
무국,요리이름,요리명,요리명,,,,,,,,,,,
멸치볶음,요리이름,요리명,요리명,,,,,,,,,,,
메밀국수,요리이름,요리명,요리명,,,,,,,,,,,
막국수,요리이름,요리명,요리명,,,,,,,,,,,
마파두부,요리이름,요리명,요리명,,,,,,,,,,,
떡볶이,요리이름,요리명,요리명,,,,,,,,,,,
떡국,요리이름,요리명,요리명,,,,,,,,,,,
딤섬,요리이름,요리명,요리명,,,,,,,,,,,
두부찌개,요리이름,요리명,요리명,,,,,,,,,,,
두부조림,요리이름,요리명,요리명,,,,,,,,,,,
된장찌개,요리이름,요리명,요리명,,,,,,,,,,,
돼지불고기,요리이름,요리명,요리명,,,,,,,,,,,
동치미,요리이름,요리명,요리명,,,,,,,,,,,
돈가스,요리이름,요리명,요리명,,,,,,,,,,,
덮밥,요리이름,요리명,요리명,,,,,,,,,,,
당근라페,요리이름,요리명,요리명,,,,,,,,,,,
닭볶음탕,요리이름,요리명,요리명,,,,,,,,,,,
닭꼬치,요리이름,요리명,요리명,,,,,,,,,,,
닭강정,요리이름,요리명,요리명,,,,,,,,,,,
냉면,요리이름,요리명,요리명,,,,,,,,,,,
나박김치,요리이름,요리명,요리명,,,,,,,,,,,
꽃게탕,요리이름,요리명,요리명,,,,,,,,,,,
꼬마김밥,요리이름,요리명,요리명,,,,,,,,,,,
깻잎무침,요리이름,요리명,요리명,,,,,,,,,,,
깻잎김치,요리이름,요리명,요리명,,,,,,,,,,,
깐풍기,요리이름,요리명,요리명,,,,,,,,,,,
김치찌개,요리이름,요리명,요리명,,,,,,,,,,,
김치전,요리이름,요리명,요리명,,,,,,,,,,,
김치볶음밥,요리이름,요리명,요리명,,,,,,,,,,,
김밥,요리이름,요리명,요리명,,,,,,,,,,,
군만두,요리이름,요리명,요리명,,,,,,,,,,,
곰탕,요리이름,요리명,요리명,,,,,,,,,,,
골뱅이무침,요리이름,요리명,요리명,,,,,,,,,,,
고추장찌개,요리이름,요리명,요리명,,,,,,,,,,,
고추장불고기,요리이름,요리명,요리명,,,,,,,,,,,
고로케,요리이름,요리명,요리명,,,,,,,,,,,
고기완자,요리이름,요리명,요리명,,,,,,,,,,,
계란찜,요리이름,요리명,요리명,,,,,,,,,,,
계란볶음,요리이름,요리명,요리명,,,,,,,,,,,
감자튀김,요리이름,요리명,요리명,,,,,,,,,,,
감자조림,요리이름,요리명,요리명,,,,,,,,,,,
감자볶음,요리이름,요리명,요리명,,,,,,,,,,,
감자만두,요리이름,요리명,요리명,,,,,,,,,,,
감자 샐러드,요리이름,요리명,요리명,,,,,,,,,,,
감바스,요리이름,요리명,요리명,,,,,,,,,,,
갈비탕,요리이름,요리명,요리명,,,,,,,,,,,
갈비찜,요리이름,요리명,요리명,,,,,,,,,,,
간장찜닭,요리이름,요리명,요리명,,,,,,,,,,,
간장어묵볶음,요리이름,요리명,요리명,,,,,,,,,,,
간장불고기,요리이름,요리명,요리명,,,,,,,,,,,
간장닭볶음탕,요리이름,요리명,요리명,,,,,,,,,,,
간장국수,요리이름,요리명,요리명,,,,,,,,,,,
간장계란밥,요리이름,요리명,요리명,,,,,,,,,,,
초콜릿 케이크,요리이름,요리명,요리명,,,,,,,,,,,
초코쿠키,요리이름,요리명,요리명,,,,,,,,,,,
초코케이크,요리이름,요리명,요리명,,,,,,,,,,,
초코컵케이크,요리이름,요리명,요리명,,,,,,,,,,,
초코아이스크림,요리이름,요리명,요리명,,,,,,,,,,,
후토마끼,요리이름,요리명,요리명,,,,,,,,,,,
후라이드치킨,요리이름,요리명,요리명,,,,,,,,,,,
황태미역국,요리이름,요리명,요리명,,,,,,,,,,,
황태국,요리이름,요리명,요리명,,,,,,,,,,,
홈메이드,요리이름,요리명,요리명,,,,,,,,,,,
호떡,요리이름,요리명,요리명,,,,,,,,,,,
호두식빵,요리이름,요리명,요리명,,,,,,,,,,,
햇마늘장아찌,요리이름,요리명,요리명,,,,,,,,,,,
햄치즈토스트,요리이름,요리명,요리명,,,,,,,,,,,
햄김치찌개,요리이름,요리명,요리명,,,,,,,,,,,
해장라면,요리이름,요리명,요리명,,,,,,,,,,,
해장,요리이름,요리명,요리명,,,,,,,,,,,
해물탕,요리이름,요리명,요리명,,,,,,,,,,,
해물밥,요리이름,요리명,요리명,,,,,,,,,,,
해독주스,요리이름,요리명,요리명,,,,,,,,,,,
핫케이크,요리이름,요리명,요리명,,,,,,,,,,,
핫도그,요리이름,요리명,요리명,,,,,,,,,,,
함박스테이크,요리이름,요리명,요리명,,,,,,,,,,,
피코데가요,요리이름,요리명,요리명,,,,,,,,,,,
프리타타,요리이름,요리명,요리명,,,,,,,,,,,
프렌치토스트,요리이름,요리명,요리명,,,,,,,,,,,
프라푸치노,요리이름,요리명,요리명,,,,,,,,,,,
표고버섯볶음,요리이름,요리명,요리명,,,,,,,,,,,
퐁듀,요리이름,요리명,요리명,,,,,,,,,,,
폭탄계란찜,요리이름,요리명,요리명,,,,,,,,,,,
포테이토칩,요리이름,요리명,요리명,,,,,,,,,,,
포켓샌드위치,요리이름,요리명,요리명,,,,,,,,,,,
펜네,요리이름,요리명,요리명,,,,,,,,,,,
페이스트리,요리이름,요리명,요리명,,,,,,,,,,,
팽이버섯전,요리이름,요리명,요리명,,,,,,,,,,,
팽이버섯밥,요리이름,요리명,요리명,,,,,,,,,,,
팬케이크,요리이름,요리명,요리명,,,,,,,,,,,
팥빙수,요리이름,요리명,요리명,,,,,,,,,,,
팟타이,요리이름,요리명,요리명,,,,,,,,,,,
팝콘치킨,요리이름,요리명,요리명,,,,,,,,,,,
파채무침,요리이름,요리명,요리명,,,,,,,,,,,
파이,요리이름,요리명,요리명,,,,,,,,,,,
파래무침,요리이름,요리명,요리명,,,,,,,,,,,
파김치,요리이름,요리명,요리명,,,,,,,,,,,
튀김,요리이름,요리명,요리명,,,,,,,,,,,
투움바,요리이름,요리명,요리명,,,,,,,,,,,
통삼겹바베큐,요리이름,요리명,요리명,,,,,,,,,,,
통마늘장아찌,요리이름,요리명,요리명,,,,,,,,,,,
토마토스프,요리이름,요리명,요리명,,,,,,,,,,,
토마토스파게티,요리이름,요리명,요리명,,,,,,,,,,,
토마토스튜,요리이름,요리명,요리명,,,,,,,,,,,
토마토샐러드,요리이름,요리명,요리명,,,,,,,,,,,
토마토라면,요리이름,요리명,요리명,,,,,,,,,,,
토마토당근주스,요리이름,요리명,요리명,,,,,,,,,,,
토란국,요리이름,요리명,요리명,,,,,,,,,,,
텐동,요리이름,요리명,요리명,,,,,,,,,,,
탕후루,요리이름,요리명,요리명,,,,,,,,,,,
탄탄라면,요리이름,요리명,요리명,,,,,,,,,,,
타코야끼,요리이름,요리명,요리명,,,,,,,,,,,
타코,요리이름,요리명,요리명,,,,,,,,,,,
타르트,요리이름,요리명,요리명,,,,,,,,,,,
클램차우더,요리이름,요리명,요리명,,,,,,,,,,,
크림파스타,요리이름,요리명,요리명,,,,,,,,,,,
크림브륄레,요리이름,요리명,요리명,,,,,,,,,,,
크로켓,요리이름,요리명,요리명,,,,,,,,,,,
크래미전,요리이름,요리명,요리명,,,,,,,,,,,
크래미오이무침,요리이름,요리명,요리명,,,,,,,,,,,
퀘사디아,요리이름,요리명,요리명,,,,,,,,,,,
쿠키슈,요리이름,요리명,요리명,,,,,,,,,,,
콩튀김,요리이름,요리명,요리명,,,,,,,,,,,
콩불,요리이름,요리명,요리명,,,,,,,,,,,
콩나물해장국,요리이름,요리명,요리명,,,,,,,,,,,
콩나물불고기,요리이름,요리명,요리명,,,,,,,,,,,
콩나물밥,요리이름,요리명,요리명,,,,,,,,,,,
콩나물국밥,요리이름,요리명,요리명,,,,,,,,,,,
콩국수,요리이름,요리명,요리명,,,,,,,,,,,
콜드브루,요리이름,요리명,요리명,,,,,,,,,,,
콘치즈,요리이름,요리명,요리명,,,,,,,,,,,
케익,요리이름,요리명,요리명,,,,,,,,,,,
케이크,요리이름,요리명,요리명,,,,,,,,,,,
컵케이크,요리이름,요리명,요리명,,,,,,,,,,,
커리,요리이름,요리명,요리명,,,,,,,,,,,
카스테라의,요리이름,요리명,요리명,,,,,,,,,,,
카스테라가,요리이름,요리명,요리명,,,,,,,,,,,
카스테라,요리이름,요리명,요리명,,,,,,,,,,,
치킨퀘사디아,요리이름,요리명,요리명,,,,,,,,,,,
치킨레시피,요리이름,요리명,요리명,,,,,,,,,,,
치킨,요리이름,요리명,요리명,,,,,,,,,,,
치즈토스트,요리이름,요리명,요리명,,,,,,,,,,,
치즈케이크,요리이름,요리명,요리명,,,,,,,,,,,
치즈양배추전,요리이름,요리명,요리명,,,,,,,,,,,
치즈빵,요리이름,요리명,요리명,,,,,,,,,,,
치즈볼,요리이름,요리명,요리명,,,,,,,,,,,
치즈까스,요리이름,요리명,요리명,,,,,,,,,,,
치즈김밥,요리이름,요리명,요리명,,,,,,,,,,,
치즈감자호떡,요리이름,요리명,요리명,,,,,,,,,,,
치즈감자빵,요리이름,요리명,요리명,,,,,,,,,,,
치즈 토스트,요리이름,요리명,요리명,,,,,,,,,,,
치자단무지,요리이름,요리명,요리명,,,,,,,,,,,
츄러스,요리이름,요리명,요리명,,,,,,,,,,,
춘권,요리이름,요리명,요리명,,,,,,,,,,,
추로스,요리이름,요리명,요리명,,,,,,,,,,,
총각김치,요리이름,요리명,요리명,,,,,,,,,,,
초무침,요리이름,요리명,요리명,,,,,,,,,,,
초계라면,요리이름,요리명,요리명,,,,,,,,,,,
초계국수,요리이름,요리명,요리명,,,,,,,,,,,
청경채볶음,요리이름,요리명,요리명,,,,,,,,,,,
채식만두,요리이름,요리명,요리명,,,,,,,,,,,
채소찜,요리이름,요리명,요리명,,,,,,,,,,,
채소전,요리이름,요리명,요리명,,,,,,,,,,,
찹쌀떡,요리이름,요리명,요리명,,,,,,,,,,,
참치전,요리이름,요리명,요리명,,,,,,,,,,,
참치오이비빔밥,요리이름,요리명,요리명,,,,,,,,,,,
참치쌈밥,요리이름,요리명,요리명,,,,,,,,,,,
참치볶음밥,요리이름,요리명,요리명,,,,,,,,,,,
참치무침,요리이름,요리명,요리명,,,,,,,,,,,
참치마요주먹밥,요리이름,요리명,요리명,,,,,,,,,,,
참치마요덮밥,요리이름,요리명,요리명,,,,,,,,,,,
참치김치찌개,요리이름,요리명,요리명,,,,,,,,,,,
참치김치볶음,요리이름,요리명,요리명,,,,,,,,,,,
참치간장계란밥,요리이름,요리명,요리명,,,,,,,,,,,
참외샐러드,요리이름,요리명,요리명,,,,,,,,,,,
참나물무침,요리이름,요리명,요리명,,,,,,,,,,,
찰떡,요리이름,요리명,요리명,,,,,,,,,,,
차우더,요리이름,요리명,요리명,,,,,,,,,,,
차돌박이냉이솥밥,요리이름,요리명,요리명,,,,,,,,,,,
차돌된장찌개,요리이름,요리명,요리명,,,,,,,,,,,
찐빵,요리이름,요리명,요리명,,,,,,,,,,,
찐감자,요리이름,요리명,요리명,,,,,,,,,,,
짬뽕,요리이름,요리명,요리명,,,,,,,,,,,
짠지,요리이름,요리명,요리명,,,,,,,,,,,
짜파구리,요리이름,요리명,요리명,,,,,,,,,,,
짜장라면,요리이름,요리명,요리명,,,,,,,,,,,
짜글이찌개,요리이름,요리명,요리명,,,,,,,,,,,
지중해식샐러드,요리이름,요리명,요리명,,,,,,,,,,,
지단,요리이름,요리명,요리명,,,,,,,,,,,
조개탕,요리이름,요리명,요리명,,,,,,,,,,,
전복솥밥,요리이름,요리명,요리명,,,,,,,,,,,
전복밥,요리이름,요리명,요리명,,,,,,,,,,,
저염식,요리이름,요리명,요리명,,,,,,,,,,,
저염김치,요리이름,요리명,요리명,,,,,,,,,,,
저당밥,요리이름,요리명,요리명,,,,,,,,,,,
장조림비빔밥,요리이름,요리명,요리명,,,,,,,,,,,
장어구이,요리이름,요리명,요리명,,,,,,,,,,,
잡채밥,요리이름,요리명,요리명,,,,,,,,,,,
자반,요리이름,요리명,요리명,,,,,,,,,,,
이삭토스트,요리이름,요리명,요리명,,,,,,,,,,,
육회,요리이름,요리명,요리명,,,,,,,,,,,
유부초밥,요리이름,요리명,요리명,,,,,,,,,,,
유부김밥,요리이름,요리명,요리명,,,,,,,,,,,
웨지감자,요리이름,요리명,요리명,,,,,,,,,,,
우유떡,요리이름,요리명,요리명,,,,,,,,,,,
우동,요리이름,요리명,요리명,,,,,,,,,,,
완자,요리이름,요리명,요리명,,,,,,,,,,,
와플,요리이름,요리명,요리명,,,,,,,,,,,
옥수수전,요리이름,요리명,요리명,,,,,,,,,,,
오트밀쿠키,요리이름,요리명,요리명,,,,,,,,,,,
오트밀죽,요리이름,요리명,요리명,,,,,,,,,,,
오코노미야키,요리이름,요리명,요리명,,,,,,,,,,,
오코노미야끼,요리이름,요리명,요리명,,,,,,,,,,,
오징어채볶음,요리이름,요리명,요리명,,,,,,,,,,,
오징어짬뽕,요리이름,요리명,요리명,,,,,,,,,,,
오일파스타,요리이름,요리명,요리명,,,,,,,,,,,
오이참치비빔밥,요리이름,요리명,요리명,,,,,,,,,,,
오이참치김밥,요리이름,요리명,요리명,,,,,,,,,,,
오이절임,요리이름,요리명,요리명,,,,,,,,,,,
오이샐러드,요리이름,요리명,요리명,,,,,,,,,,,
오이샌드위치,요리이름,요리명,요리명,,,,,,,,,,,
오이사과샐러드,요리이름,요리명,요리명,,,,,,,,,,,
오이비빔밥,요리이름,요리명,요리명,,,,,,,,,,,
오이물김치,요리이름,요리명,요리명,,,,,,,,,,,
오이롤,요리이름,요리명,요리명,,,,,,,,,,,
오이냉국,요리이름,요리명,요리명,,,,,,,,,,,
오이나물,요리이름,요리명,요리명,,,,,,,,,,,
오이김밥,요리이름,요리명,요리명,,,,,,,,,,,
오삼불고기,요리이름,요리명,요리명,,,,,,,,,,,
오뎅탕,요리이름,요리명,요리명,,,,,,,,,,,
영양밥,요리이름,요리명,요리명,,,,,,,,,,,
열무얼갈이김치,요리이름,요리명,요리명,,,,,,,,,,,
열무비빔밥,요리이름,요리명,요리명,,,,,,,,,,,
열무비빔국수,요리이름,요리명,요리명,,,,,,,,,,,
열무김치말이국수,요리이름,요리명,요리명,,,,,,,,,,,
열무김치,요리이름,요리명,요리명,,,,,,,,,,,
열무국수,요리이름,요리명,요리명,,,,,,,,,,,
연어포케,요리이름,요리명,요리명,,,,,,,,,,,
연어초밥,요리이름,요리명,요리명,,,,,,,,,,,
연어장,요리이름,요리명,요리명,,,,,,,,,,,
연어월남쌈,요리이름,요리명,요리명,,,,,,,,,,,
연어김밥,요리이름,요리명,요리명,,,,,,,,,,,
에그푸딩,요리이름,요리명,요리명,,,,,,,,,,,
에그타르트,요리이름,요리명,요리명,,,,,,,,,,,
에그인헬,요리이름,요리명,요리명,,,,,,,,,,,
에그마요,요리이름,요리명,요리명,,,,,,,,,,,
어향가지,요리이름,요리명,요리명,,,,,,,,,,,
어묵탕,요리이름,요리명,요리명,,,,,,,,,,,
어묵전,요리이름,요리명,요리명,,,,,,,,,,,
어묵잡채,요리이름,요리명,요리명,,,,,,,,,,,
어묵볶음,요리이름,요리명,요리명,,,,,,,,,,,
양파전,요리이름,요리명,요리명,,,,,,,,,,,
양파스프,요리이름,요리명,요리명,,,,,,,,,,,
양파수프,요리이름,요리명,요리명,,,,,,,,,,,
양파볶음,요리이름,요리명,요리명,,,,,,,,,,,
양파게티,요리이름,요리명,요리명,,,,,,,,,,,
양파 수프,요리이름,요리명,요리명,,,,,,,,,,,
양장피,요리이름,요리명,요리명,,,,,,,,,,,
양송이스프,요리이름,요리명,요리명,,,,,,,,,,,
양배추피자,요리이름,요리명,요리명,,,,,,,,,,,
양배추토스트,요리이름,요리명,요리명,,,,,,,,,,,
양배추전,요리이름,요리명,요리명,,,,,,,,,,,
양배추쌈,요리이름,요리명,요리명,,,,,,,,,,,
양배추샐러드,요리이름,요리명,요리명,,,,,,,,,,,
양배추사과주스,요리이름,요리명,요리명,,,,,,,,,,,
양배추비빔밥,요리이름,요리명,요리명,,,,,,,,,,,
양배추볶음,요리이름,요리명,요리명,,,,,,,,,,,
양배추물김치,요리이름,요리명,요리명,,,,,,,,,,,
양배추무침,요리이름,요리명,요리명,,,,,,,,,,,
양배추말이,요리이름,요리명,요리명,,,,,,,,,,,
양배추만두,요리이름,요리명,요리명,,,,,,,,,,,
양배추롤,요리이름,요리명,요리명,,,,,,,,,,,
양배추라페,요리이름,요리명,요리명,,,,,,,,,,,
양배추덮밥,요리이름,요리명,요리명,,,,,,,,,,,
양배추나물,요리이름,요리명,요리명,,,,,,,,,,,
양배추김밥,요리이름,요리명,요리명,,,,,,,,,,,
양념치킨,요리이름,요리명,요리명,,,,,,,,,,,
양념돼지갈비,요리이름,요리명,요리명,,,,,,,,,,,
양념게장,요리이름,요리명,요리명,,,,,,,,,,,
양념LA갈비,요리이름,요리명,요리명,,,,,,,,,,,
양갱,요리이름,요리명,요리명,,,,,,,,,,,
야채전,요리이름,요리명,요리명,,,,,,,,,,,
야채빵,요리이름,요리명,요리명,,,,,,,,,,,
야채볶음밥,요리이름,요리명,요리명,,,,,,,,,,,
야채롤,요리이름,요리명,요리명,,,,,,,,,,,
야끼소바,요리이름,요리명,요리명,,,,,,,,,,,
애호박채전,요리이름,요리명,요리명,,,,,,,,,,,
애호박찌개,요리이름,요리명,요리명,,,,,,,,,,,
애호박전,요리이름,요리명,요리명,,,,,,,,,,,
애호박볶음,요리이름,요리명,요리명,,,,,,,,,,,
애호박무침,요리이름,요리명,요리명,,,,,,,,,,,
애호박냉국수,요리이름,요리명,요리명,,,,,,,,,,,
알리오올리오,요리이름,요리명,요리명,,,,,,,,,,,
알리오,요리이름,요리명,요리명,,,,,,,,,,,
알감자조림,요리이름,요리명,요리명,,,,,,,,,,,
아이스크림,요리이름,요리명,요리명,,,,,,,,,,,
아이스커피,요리이름,요리명,요리명,,,,,,,,,,,
아욱된장국,요리이름,요리명,요리명,,,,,,,,,,,
아사이볼,요리이름,요리명,요리명,,,,,,,,,,,
아구찜,요리이름,요리명,요리명,,,,,,,,,,,
쑥개떡,요리이름,요리명,요리명,,,,,,,,,,,
쌈밥,요리이름,요리명,요리명,,,,,,,,,,,
시금치된장국,요리이름,요리명,요리명,,,,,,,,,,,
스프,요리이름,요리명,요리명,,,,,,,,,,,
스팸무스비,요리이름,요리명,요리명,,,,,,,,,,,
스팸마요덮밥,요리이름,요리명,요리명,,,,,,,,,,,
스팸덮밥,요리이름,요리명,요리명,,,,,,,,,,,
스팸깻잎전,요리이름,요리명,요리명,,,,,,,,,,,
스팸김밥,요리이름,요리명,요리명,,,,,,,,,,,
스팸감자조림,요리이름,요리명,요리명,,,,,,,,,,,
스파게티,요리이름,요리명,요리명,,,,,,,,,,,
스테이크,요리이름,요리명,요리명,,,,,,,,,,,
스키야키,요리이름,요리명,요리명,,,,,,,,,,,
스크램블 에그,요리이름,요리명,요리명,,,,,,,,,,,
스콘,요리이름,요리명,요리명,,,,,,,,,,,
스지사태수육,요리이름,요리명,요리명,,,,,,,,,,,
스무디,요리이름,요리명,요리명,,,,,,,,,,,
슈크림,요리이름,요리명,요리명,,,,,,,,,,,
술빵,요리이름,요리명,요리명,,,,,,,,,,,
순살뼈해장국,요리이름,요리명,요리명,,,,,,,,,,,
순살게장,요리이름,요리명,요리명,,,,,,,,,,,
순두부그라탕,요리이름,요리명,요리명,,,,,,,,,,,
순대쫄면볶음,요리이름,요리명,요리명,,,,,,,,,,,
순대볶음,요리이름,요리명,요리명,,,,,,,,,,,
숙주볶음,요리이름,요리명,요리명,,,,,,,,,,,
수플레오믈렛,요리이름,요리명,요리명,,,,,,,,,,,
수플레,요리이름,요리명,요리명,,,,,,,,,,,
수프,요리이름,요리명,요리명,,,,,,,,,,,
수제비,요리이름,요리명,요리명,,,,,,,,,,,
수육무침,요리이름,요리명,요리명,,,,,,,,,,,
수박주스,요리이름,요리명,요리명,,,,,,,,,,,
소시지케첩볶음,요리이름,요리명,요리명,,,,,,,,,,,
소시지맛탕,요리이름,요리명,요리명,,,,,,,,,,,
소세지야채볶음,요리이름,요리명,요리명,,,,,,,,,,,
소바,요리이름,요리명,요리명,,,,,,,,,,,
소금빵,요리이름,요리명,요리명,,,,,,,,,,,
소고기장조림,요리이름,요리명,요리명,,,,,,,,,,,
소고기볶음,요리이름,요리명,요리명,,,,,,,,,,,
소고기무국,요리이름,요리명,요리명,,,,,,,,,,,
소고기또띠아피자,요리이름,요리명,요리명,,,,,,,,,,,
소고기된장찌개,요리이름,요리명,요리명,,,,,,,,,,,
섞박지,요리이름,요리명,요리명,,,,,,,,,,,
샹그리아,요리이름,요리명,요리명,,,,,,,,,,,
샥슈카,요리이름,요리명,요리명,,,,,,,,,,,
샤베트,요리이름,요리명,요리명,,,,,,,,,,,
생채,요리이름,요리명,요리명,,,,,,,,,,,
생선조림,요리이름,요리명,요리명,,,,,,,,,,,
생선무조림,요리이름,요리명,요리명,,,,,,,,,,,
생강레몬차,요리이름,요리명,요리명,,,,,,,,,,,
샐러드김밥,요리이름,요리명,요리명,,,,,,,,,,,
샌드쿠키,요리이름,요리명,요리명,,,,,,,,,,,
샌드위치,요리이름,요리명,요리명,,,,,,,,,,,
새우찌개,요리이름,요리명,요리명,,,,,,,,,,,
새우전,요리이름,요리명,요리명,,,,,,,,,,,
새우볼,요리이름,요리명,요리명,,,,,,,,,,,
상투과자,요리이름,요리명,요리명,,,,,,,,,,,
상추주스,요리이름,요리명,요리명,,,,,,,,,,,
상추쌈밥,요리이름,요리명,요리명,,,,,,,,,,,
상추비빔밥,요리이름,요리명,요리명,,,,,,,,,,,
삼겹살볶음,요리이름,요리명,요리명,,,,,,,,,,,
삼겹살김치말이찜,요리이름,요리명,요리명,,,,,,,,,,,
삶은달걀,요리이름,요리명,요리명,,,,,,,,,,,
산적김밥,요리이름,요리명,요리명,,,,,,,,,,,
사천짜장,요리이름,요리명,요리명,,,,,,,,,,,
사리곰탕,요리이름,요리명,요리명,,,,,,,,,,,
사라다,요리이름,요리명,요리명,,,,,,,,,,,
사과주스,요리이름,요리명,요리명,,,,,,,,,,,
사과조림,요리이름,요리명,요리명,,,,,,,,,,,
사과전,요리이름,요리명,요리명,,,,,,,,,,,
빠에야,요리이름,요리명,요리명,,,,,,,,,,,
빠스,요리이름,요리명,요리명,,,,,,,,,,,
빙수,요리이름,요리명,요리명,,,,,,,,,,,
비트주스,요리이름,요리명,요리명,,,,,,,,,,,
비빔냉면,요리이름,요리명,요리명,,,,,,,,,,,
비빔감자,요리이름,요리명,요리명,,,,,,,,,,,
비건김치,요리이름,요리명,요리명,,,,,,,,,,,
브리또,요리이름,요리명,요리명,,,,,,,,,,,
브런치,요리이름,요리명,요리명,,,,,,,,,,,
브라우니,요리이름,요리명,요리명,,,,,,,,,,,
부침두부,요리이름,요리명,요리명,,,,,,,,,,,
부추완자전,요리이름,요리명,요리명,,,,,,,,,,,
부추오이무침,요리이름,요리명,요리명,,,,,,,,,,,
부추비빔밥,요리이름,요리명,요리명,,,,,,,,,,,
부추무침,요리이름,요리명,요리명,,,,,,,,,,,
부시맨브레드,요리이름,요리명,요리명,,,,,,,,,,,
부리토,요리이름,요리명,요리명,,,,,,,,,,,
부리또,요리이름,요리명,요리명,,,,,,,,,,,
봉골레,요리이름,요리명,요리명,,,,,,,,,,,
볶음우동,요리이름,요리명,요리명,,,,,,,,,,,
볶음쌀국수,요리이름,요리명,요리명,,,,,,,,,,,
볶음라면,요리이름,요리명,요리명,,,,,,,,,,,
볶은김치,요리이름,요리명,요리명,,,,,,,,,,,
보양식,요리이름,요리명,요리명,,,,,,,,,,,
베이글,요리이름,요리명,요리명,,,,,,,,,,,
버터장조림,요리이름,요리명,요리명,,,,,,,,,,,
버터 쿠키,요리이름,요리명,요리명,,,,,,,,,,,
버터 치킨,요리이름,요리명,요리명,,,,,,,,,,,
버거,요리이름,요리명,요리명,,,,,,,,,,,
백설기,요리이름,요리명,요리명,,,,,,,,,,,
백김치,요리이름,요리명,요리명,,,,,,,,,,,
배추찜,요리이름,요리명,요리명,,,,,,,,,,,
배추전,요리이름,요리명,요리명,,,,,,,,,,,
배추만두,요리이름,요리명,요리명,,,,,,,,,,,
배추된장국,요리이름,요리명,요리명,,,,,,,,,,,
배추김치,요리이름,요리명,요리명,,,,,,,,,,,
배추국,요리이름,요리명,요리명,,,,,,,,,,,
밥전,요리이름,요리명,요리명,,,,,,,,,,,
밥없는김밥,요리이름,요리명,요리명,,,,,,,,,,,
밥만두,요리이름,요리명,요리명,,,,,,,,,,,
밥도그,요리이름,요리명,요리명,,,,,,,,,,,
바지락해장국,요리이름,요리명,요리명,,,,,,,,,,,
바지락볶음,요리이름,요리명,요리명,,,,,,,,,,,
바베큐,요리이름,요리명,요리명,,,,,,,,,,,
바닐라 아이스크림,요리이름,요리명,요리명,,,,,,,,,,,
바나나토스트,요리이름,요리명,요리명,,,,,,,,,,,
바나나브레드,요리이름,요리명,요리명,,,,,,,,,,,
밀크티,요리이름,요리명,요리명,,,,,,,,,,,
미역초무침,요리이름,요리명,요리명,,,,,,,,,,,
미역전,요리이름,요리명,요리명,,,,,,,,,,,
미역오이냉국,요리이름,요리명,요리명,,,,,,,,,,,
미역냉국,요리이름,요리명,요리명,,,,,,,,,,,
미역국,요리이름,요리명,요리명,,,,,,,,,,,
물만두,요리이름,요리명,요리명,,,,,,,,,,,
물김치,요리이름,요리명,요리명,,,,,,,,,,,
묵은지된장지짐,요리이름,요리명,요리명,,,,,,,,,,,
묵은지김밥,요리이름,요리명,요리명,,,,,,,,,,,
무조림,요리이름,요리명,요리명,,,,,,,,,,,
무절임,요리이름,요리명,요리명,,,,,,,,,,,
무생채김치,요리이름,요리명,요리명,,,,,,,,,,,
무나물,요리이름,요리명,요리명,,,,,,,,,,,
무김치,요리이름,요리명,요리명,,,,,,,,,,,
목살조림,요리이름,요리명,요리명,,,,,,,,,,,
모카번,요리이름,요리명,요리명,,,,,,,,,,,
모닝빵샌드위치,요리이름,요리명,요리명,,,,,,,,,,,
명절음식,요리이름,요리명,요리명,,,,,,,,,,,
명절나물,요리이름,요리명,요리명,,,,,,,,,,,
명란파스타,요리이름,요리명,요리명,,,,,,,,,,,
멸치코인육수,요리이름,요리명,요리명,,,,,,,,,,,
멸치칼국수,요리이름,요리명,요리명,,,,,,,,,,,
멸치부추볶음,요리이름,요리명,요리명,,,,,,,,,,,
멸치무침,요리이름,요리명,요리명,,,,,,,,,,,
멸치깻잎찜,요리이름,요리명,요리명,,,,,,,,,,,
멘보샤,요리이름,요리명,요리명,,,,,,,,,,,
메추리알장조림,요리이름,요리명,요리명,,,,,,,,,,,
메밀소바,요리이름,요리명,요리명,,,,,,,,,,,
멍게비빔밥,요리이름,요리명,요리명,,,,,,,,,,,
머핀,요리이름,요리명,요리명,,,,,,,,,,,
매운탕,요리이름,요리명,요리명,,,,,,,,,,,
매운돼지갈비찜,요리이름,요리명,요리명,,,,,,,,,,,
매운갈비찜,요리이름,요리명,요리명,,,,,,,,,,,
매실장아찌,요리이름,요리명,요리명,,,,,,,,,,,
맛탕,요리이름,요리명,요리명,,,,,,,,,,,
맛김치,요리이름,요리명,요리명,,,,,,,,,,,
만두전골,요리이름,요리명,요리명,,,,,,,,,,,
막라면,요리이름,요리명,요리명,,,,,,,,,,,
막김밥,요리이름,요리명,요리명,,,,,,,,,,,
막걸리안주,요리이름,요리명,요리명,,,,,,,,,,,
막걸리빵,요리이름,요리명,요리명,,,,,,,,,,,
마약토스트,요리이름,요리명,요리명,,,,,,,,,,,
마라탕,요리이름,요리명,요리명,,,,,,,,,,,
마라샹궈,요리이름,요리명,요리명,,,,,,,,,,,
마라감자,요리이름,요리명,요리명,,,,,,,,,,,
마들렌,요리이름,요리명,요리명,,,,,,,,,,,
마늘치즈빵,요리이름,요리명,요리명,,,,,,,,,,,
마늘쫑조림,요리이름,요리명,요리명,,,,,,,,,,,
마늘쫑장아찌,요리이름,요리명,요리명,,,,,,,,,,,
마늘쫑새우볶음,요리이름,요리명,요리명,,,,,,,,,,,
마늘쫑볶음,요리이름,요리명,요리명,,,,,,,,,,,
마늘쫑무침,요리이름,요리명,요리명,,,,,,,,,,,
마늘쫑고추장무침,요리이름,요리명,요리명,,,,,,,,,,,
마늘종볶음,요리이름,요리명,요리명,,,,,,,,,,,
마늘빵,요리이름,요리명,요리명,,,,,,,,,,,
리조또,요리이름,요리명,요리명,,,,,,,,,,,
롤케이크,요리이름,요리명,요리명,,,,,,,,,,,
로제파스타,요리이름,요리명,요리명,,,,,,,,,,,
로스트치킨,요리이름,요리명,요리명,,,,,,,,,,,
로스트감자,요리이름,요리명,요리명,,,,,,,,,,,
라페,요리이름,요리명,요리명,,,,,,,,,,,
라멘,요리이름,요리명,요리명,,,,,,,,,,,
또띠아피자,요리이름,요리명,요리명,,,,,,,,,,,
또띠아롤,요리이름,요리명,요리명,,,,,,,,,,,
떡꼬치,요리이름,요리명,요리명,,,,,,,,,,,
땡초김밥,요리이름,요리명,요리명,,,,,,,,,,,
땅콩조림,요리이름,요리명,요리명,,,,,,,,,,,
딸기우유떡,요리이름,요리명,요리명,,,,,,,,,,,
딸기생크림샌드위치,요리이름,요리명,요리명,,,,,,,,,,,
디저트,요리이름,요리명,요리명,,,,,,,,,,,
등갈비찜,요리이름,요리명,요리명,,,,,,,,,,,
들깨무침,요리이름,요리명,요리명,,,,,,,,,,,
들기름김치찜,요리이름,요리명,요리명,,,,,,,,,,,
들기름국수,요리이름,요리명,요리명,,,,,,,,,,,
두유라떼,요리이름,요리명,요리명,,,,,,,,,,,
두부튀김,요리이름,요리명,요리명,,,,,,,,,,,
두부참치전,요리이름,요리명,요리명,,,,,,,,,,,
두부찜,요리이름,요리명,요리명,,,,,,,,,,,
두부짜글이,요리이름,요리명,요리명,,,,,,,,,,,
두부전,요리이름,요리명,요리명,,,,,,,,,,,
두부유부초밥,요리이름,요리명,요리명,,,,,,,,,,,
두부부침,요리이름,요리명,요리명,,,,,,,,,,,
두부볶음,요리이름,요리명,요리명,,,,,,,,,,,
두부밥,요리이름,요리명,요리명,,,,,,,,,,,
두부반찬,요리이름,요리명,요리명,,,,,,,,,,,
두부달걀볶음밥,요리이름,요리명,요리명,,,,,,,,,,,
두부김밥,요리이름,요리명,요리명,,,,,,,,,,,
두부구이,요리이름,요리명,요리명,,,,,,,,,,,
두부계란부침,요리이름,요리명,요리명,,,,,,,,,,,
두부계란,요리이름,요리명,요리명,,,,,,,,,,,
두부강정,요리이름,요리명,요리명,,,,,,,,,,,
두루치기,요리이름,요리명,요리명,,,,,,,,,,,
된장무침,요리이름,요리명,요리명,,,,,,,,,,,
된장국,요리이름,요리명,요리명,,,,,,,,,,,
돼지불백,요리이름,요리명,요리명,,,,,,,,,,,
돼지등갈비튀김,요리이름,요리명,요리명,,,,,,,,,,,
돼지고기김치찌개,요리이름,요리명,요리명,,,,,,,,,,,
돼지갈비찜,요리이름,요리명,요리명,,,,,,,,,,,
동태전,요리이름,요리명,요리명,,,,,,,,,,,
돌마,요리이름,요리명,요리명,,,,,,,,,,,
돈까스,요리이름,요리명,요리명,,,,,,,,,,,
도토리묵사발,요리이름,요리명,요리명,,,,,,,,,,,
도토리묵밥,요리이름,요리명,요리명,,,,,,,,,,,
도토리묵무침,요리이름,요리명,요리명,,,,,,,,,,,
도너츠,요리이름,요리명,요리명,,,,,,,,,,,
대파크림파스타,요리이름,요리명,요리명,,,,,,,,,,,
대왕김밥,요리이름,요리명,요리명,,,,,,,,,,,
대구탕,요리이름,요리명,요리명,,,,,,,,,,,
대구뽈찜,요리이름,요리명,요리명,,,,,,,,,,,
당근양배추라페,요리이름,요리명,요리명,,,,,,,,,,,
당근샐러드,요리이름,요리명,요리명,,,,,,,,,,,
당근볶음,요리이름,요리명,요리명,,,,,,,,,,,
당근또띠아,요리이름,요리명,요리명,,,,,,,,,,,
닭한마리,요리이름,요리명,요리명,,,,,,,,,,,
닭백숙,요리이름,요리명,요리명,,,,,,,,,,,
닭도리탕,요리이름,요리명,요리명,,,,,,,,,,,
닭개장,요리이름,요리명,요리명,,,,,,,,,,,
닭갈비,요리이름,요리명,요리명,,,,,,,,,,,
달고나커피,요리이름,요리명,요리명,,,,,,,,,,,
달고나라떼,요리이름,요리명,요리명,,,,,,,,,,,
달고나,요리이름,요리명,요리명,,,,,,,,,,,
달걀찜,요리이름,요리명,요리명,,,,,,,,,,,
달걀조림,요리이름,요리명,요리명,,,,,,,,,,,
달걀쌈장,요리이름,요리명,요리명,,,,,,,,,,,
달걀볶음밥,요리이름,요리명,요리명,,,,,,,,,,,
달걀볶음,요리이름,요리명,요리명,,,,,,,,,,,
달걀밥,요리이름,요리명,요리명,,,,,,,,,,,
달걀만두,요리이름,요리명,요리명,,,,,,,,,,,
단무지무침,요리이름,요리명,요리명,,,,,,,,,,,
다이어트김밥,요리이름,요리명,요리명,,,,,,,,,,,
능이버섯백숙,요리이름,요리명,요리명,,,,,,,,,,,
느타리버섯전,요리이름,요리명,요리명,,,,,,,,,,,
느타리버섯볶음,요리이름,요리명,요리명,,,,,,,,,,,
누룽지,요리이름,요리명,요리명,,,,,,,,,,,
뇨끼,요리이름,요리명,요리명,,,,,,,,,,,
녹두전,요리이름,요리명,요리명,,,,,,,,,,,
녹두빈대떡,요리이름,요리명,요리명,,,,,,,,,,,
노오븐케이크,요리이름,요리명,요리명,,,,,,,,,,,
노각무침,요리이름,요리명,요리명,,,,,,,,,,,
네모김밥,요리이름,요리명,요리명,,,,,,,,,,,
냉채,요리이름,요리명,요리명,,,,,,,,,,,
냉우동,요리이름,요리명,요리명,,,,,,,,,,,
냉모밀,요리이름,요리명,요리명,,,,,,,,,,,
냉라면,요리이름,요리명,요리명,,,,,,,,,,,
냉국수,요리이름,요리명,요리명,,,,,,,,,,,
냉국,요리이름,요리명,요리명,,,,,,,,,,,
납작만두,요리이름,요리명,요리명,,,,,,,,,,,
나폴리탄,요리이름,요리명,요리명,,,,,,,,,,,
나물비빔밥,요리이름,요리명,요리명,,,,,,,,,,,
나물반찬,요리이름,요리명,요리명,,,,,,,,,,,
나물무침,요리이름,요리명,요리명,,,,,,,,,,,
꽈배기,요리이름,요리명,요리명,,,,,,,,,,,
꽈리고추찜,요리이름,요리명,요리명,,,,,,,,,,,
꽃빵,요리이름,요리명,요리명,,,,,,,,,,,
꼬치어묵탕,요리이름,요리명,요리명,,,,,,,,,,,
꼬막무침,요리이름,요리명,요리명,,,,,,,,,,,
깻잎찜,요리이름,요리명,요리명,,,,,,,,,,,
깻잎전,요리이름,요리명,요리명,,,,,,,,,,,
깻잎장아찌,요리이름,요리명,요리명,,,,,,,,,,,
깜빠뉴,요리이름,요리명,요리명,,,,,,,,,,,
깍두기,요리이름,요리명,요리명,,,,,,,,,,,
김칫국,요리이름,요리명,요리명,,,,,,,,,,,
김치찜,요리이름,요리명,요리명,,,,,,,,,,,
김치우동,요리이름,요리명,요리명,,,,,,,,,,,
김치비빔국수,요리이름,요리명,요리명,,,,,,,,,,,
김치부침개,요리이름,요리명,요리명,,,,,,,,,,,
김치볶음밥김밥,요리이름,요리명,요리명,,,,,,,,,,,
김치볶음,요리이름,요리명,요리명,,,,,,,,,,,
김치밥,요리이름,요리명,요리명,,,,,,,,,,,
김치말이국수,요리이름,요리명,요리명,,,,,,,,,,,
김치만두,요리이름,요리명,요리명,,,,,,,,,,,
김치김밥,요리이름,요리명,요리명,,,,,,,,,,,
김치국,요리이름,요리명,요리명,,,,,,,,,,,
김무침,요리이름,요리명,요리명,,,,,,,,,,,
기절김밥,요리이름,요리명,요리명,,,,,,,,,,,
그릴드치즈토스트,요리이름,요리명,요리명,,,,,,,,,,,
그린스무디,요리이름,요리명,요리명,,,,,,,,,,,
그라탱,요리이름,요리명,요리명,,,,,,,,,,,
그라탕,요리이름,요리명,요리명,,,,,,,,,,,
궁중떡볶이,요리이름,요리명,요리명,,,,,,,,,,,
굴짬뽕,요리이름,요리명,요리명,,,,,,,,,,,
굴전,요리이름,요리명,요리명,,,,,,,,,,,
군고구마,요리이름,요리명,요리명,,,,,,,,,,,
국밥,요리이름,요리명,요리명,,,,,,,,,,,
국물떡볶이,요리이름,요리명,요리명,,,,,,,,,,,
구황작물빵,요리이름,요리명,요리명,,,,,,,,,,,
구운채소카레,요리이름,요리명,요리명,,,,,,,,,,,
과카몰리,요리이름,요리명,요리명,,,,,,,,,,,
공심채볶음,요리이름,요리명,요리명,,,,,,,,,,,
공갈빵,요리이름,요리명,요리명,,,,,,,,,,,
곱창전골,요리이름,요리명,요리명,,,,,,,,,,,
곰국,요리이름,요리명,요리명,,,,,,,,,,,
곤약밥,요리이름,요리명,요리명,,,,,,,,,,,
고추참치덮밥,요리이름,요리명,요리명,,,,,,,,,,,
고추찜,요리이름,요리명,요리명,,,,,,,,,,,
고추장무침,요리이름,요리명,요리명,,,,,,,,,,,
고추잡채,요리이름,요리명,요리명,,,,,,,,,,,
고사리나물,요리이름,요리명,요리명,,,,,,,,,,,
고등어무조림,요리이름,요리명,요리명,,,,,,,,,,,
고등어감자조림,요리이름,요리명,요리명,,,,,,,,,,,
고들빼기김치,요리이름,요리명,요리명,,,,,,,,,,,
고기반찬,요리이름,요리명,요리명,,,,,,,,,,,
고구마피자,요리이름,요리명,요리명,,,,,,,,,,,
고구마스틱,요리이름,요리명,요리명,,,,,,,,,,,
고구마빵,요리이름,요리명,요리명,,,,,,,,,,,
고구마무스,요리이름,요리명,요리명,,,,,,,,,,,
계란폭탄김밥,요리이름,요리명,요리명,,,,,,,,,,,
계란토스트,요리이름,요리명,요리명,,,,,,,,,,,
계란탕,요리이름,요리명,요리명,,,,,,,,,,,
계란카츠,요리이름,요리명,요리명,,,,,,,,,,,
계란초밥,요리이름,요리명,요리명,,,,,,,,,,,
계란찜전자레인지,요리이름,요리명,요리명,,,,,,,,,,,
계란전,요리이름,요리명,요리명,,,,,,,,,,,
계란장조림,요리이름,요리명,요리명,,,,,,,,,,,
계란장,요리이름,요리명,요리명,,,,,,,,,,,
계란샌드위치,요리이름,요리명,요리명,,,,,,,,,,,
계란빵,요리이름,요리명,요리명,,,,,,,,,,,
계란볶음밥,요리이름,요리명,요리명,,,,,,,,,,,
계란밥,요리이름,요리명,요리명,,,,,,,,,,,
계란몽둥이김밥,요리이름,요리명,요리명,,,,,,,,,,,
계란말이김밥,요리이름,요리명,요리명,,,,,,,,,,,
계란말이,요리이름,요리명,요리명,,,,,,,,,,,
계란만두,요리이름,요리명,요리명,,,,,,,,,,,
계란두부,요리이름,요리명,요리명,,,,,,,,,,,
계란김밥,요리이름,요리명,요리명,,,,,,,,,,,
계란국,요리이름,요리명,요리명,,,,,,,,,,,
견과류쿠키,요리이름,요리명,요리명,,,,,,,,,,,
건강주스,요리이름,요리명,요리명,,,,,,,,,,,
건강음식,요리이름,요리명,요리명,,,,,,,,,,,
개떡,요리이름,요리명,요리명,,,,,,,,,,,
강정,요리이름,요리명,요리명,,,,,,,,,,,
감자호떡,요리이름,요리명,요리명,,,,,,,,,,,
감자피자,요리이름,요리명,요리명,,,,,,,,,,,
감자털털이,요리이름,요리명,요리명,,,,,,,,,,,
감자찌개,요리이름,요리명,요리명,,,,,,,,,,,
감자조림레시피,요리이름,요리명,요리명,,,,,,,,,,,
감자전,요리이름,요리명,요리명,,,,,,,,,,,
감자스프,요리이름,요리명,요리명,,,,,,,,,,,
감자샐러드,요리이름,요리명,요리명,,,,,,,,,,,
감자빵,요리이름,요리명,요리명,,,,,,,,,,,
감자범벅,요리이름,요리명,요리명,,,,,,,,,,,
감자버터오븐구이,요리이름,요리명,요리명,,,,,,,,,,,
감자링,요리이름,요리명,요리명,,,,,,,,,,,
감자국,요리이름,요리명,요리명,,,,,,,,,,,
감자고로케,요리이름,요리명,요리명,,,,,,,,,,,
감자계란샐러드,요리이름,요리명,요리명,,,,,,,,,,,
감자계란샌드위치,요리이름,요리명,요리명,,,,,,,,,,,
감자 튀김,요리이름,요리명,요리명,,,,,,,,,,,
갈치조림,요리이름,요리명,요리명,,,,,,,,,,,
갈릭치즈토스트,요리이름,요리명,요리명,,,,,,,,,,,
갈릭치즈,요리이름,요리명,요리명,,,,,,,,,,,
간장조림,요리이름,요리명,요리명,,,,,,,,,,,
간장제육,요리이름,요리명,요리명,,,,,,,,,,,
간장비빔국수,요리이름,요리명,요리명,,,,,,,,,,,
간장마늘쫑장아찌,요리이름,요리명,요리명,,,,,,,,,,,
간장떡볶이,요리이름,요리명,요리명,,,,,,,,,,,
간장게장,요리이름,요리명,요리명,,,,,,,,,,,
간장감자조림,요리이름,요리명,요리명,,,,,,,,,,,
간식만들기,요리이름,요리명,요리명,,,,,,,,,,,
간단반찬,요리이름,요리명,요리명,,,,,,,,,,,
가지찜,요리이름,요리명,요리명,,,,,,,,,,,
가지조림,요리이름,요리명,요리명,,,,,,,,,,,
가지절임,요리이름,요리명,요리명,,,,,,,,,,,
가지볶음,요리이름,요리명,요리명,,,,,,,,,,,
가지밥,요리이름,요리명,요리명,,,,,,,,,,,
가지반찬,요리이름,요리명,요리명,,,,,,,,,,,
가지무침,요리이름,요리명,요리명,,,,,,,,,,,
가지덮밥,요리이름,요리명,요리명,,,,,,,,,,,
가지나물무침,요리이름,요리명,요리명,,,,,,,,,,,
가지나물,요리이름,요리명,요리명,,,,,,,,,,,
가지고추장구이,요리이름,요리명,요리명,,,,,,,,,,,
얼갈이김치,요리이름,요리명,요리명,,,,,,,,,,,
피클,요리이름,요리명,요리명,,,,,,,,,,,
절임무,요리이름,요리명,요리명,,,,,,,,,,,
마늘장아찌,요리이름,요리명,요리명,,,,,,,,,,,
미트소스 스파게티,요리이름,요리명,요리명,,,,,,,,,,,
포도푸딩,요리이름,요리명,요리명,,,,,,,,,,,
유부 초밥,요리이름,요리명,요리명,,,,,,,,,,,
총각 김치,요리이름,요리명,요리명,,,,,,,,,,,
치즈오믈렛,요리이름,요리명,요리명,,,,,,,,,,,
고등어구이,요리이름,요리명,요리명,,,,,,,,,,,
달걀말이,요리이름,요리명,요리명,,,,,,,,,,,
연근 조림,요리이름,요리명,요리명,,,,,,,,,,,
연잎밥,요리이름,요리명,요리명,,,,,,,,,,,
잔멸치볶음,요리이름,요리명,요리명,,,,,,,,,,,
과일잼설기,요리이름,요리명,요리명,,,,,,,,,,,
소고기동그랑땡,요리이름,요리명,요리명,,,,,,,,,,,
초코도넛,요리이름,요리명,요리명,,,,,,,,,,,
크림 크로켓,요리이름,요리명,요리명,,,,,,,,,,,
만주,요리이름,요리명,요리명,,,,,,,,,,,
갈비산적,요리이름,요리명,요리명,,,,,,,,,,,
소프트 아이스크림,요리이름,요리명,요리명,,,,,,,,,,,
두부동그랑땡,요리이름,요리명,요리명,,,,,,,,,,,
쑥바람떡,요리이름,요리명,요리명,,,,,,,,,,,
감자옹심이,요리이름,요리명,요리명,,,,,,,,,,,
생크림와플,요리이름,요리명,요리명,,,,,,,,,,,
감자 크로켓,요리이름,요리명,요리명,,,,,,,,,,,
갈비만두,요리이름,요리명,요리명,,,,,,,,,,,
김치 만두,요리이름,요리명,요리명,,,,,,,,,,,
무쌈,요리이름,요리명,요리명,,,,,,,,,,,
수수부꾸미,요리이름,요리명,요리명,,,,,,,,,,,
쌀엿강정,요리이름,요리명,요리명,,,,,,,,,,,
옥수수 스프,요리이름,요리명,요리명,,,,,,,,,,,
치즈버거,요리이름,요리명,요리명,,,,,,,,,,,
크림치즈프레즐,요리이름,요리명,요리명,,,,,,,,,,,
티라미수케이크,요리이름,요리명,요리명,,,,,,,,,,,
단팥빵,요리이름,요리명,요리명,,,,,,,,,,,
해물볶음밥,요리이름,요리명,요리명,,,,,,,,,,,
하이라이스,요리이름,요리명,요리명,,,,,,,,,,,
바비큐폭립,요리이름,요리명,요리명,,,,,,,,,,,
소고기 스프,요리이름,요리명,요리명,,,,,,,,,,,
크림 스프,요리이름,요리명,요리명,,,,,,,,,,,
스펀지 케이크,요리이름,요리명,요리명,,,,,,,,,,,
눈꽃치킨,요리이름,요리명,요리명,,,,,,,,,,,
두부가스,요리이름,요리명,요리명,,,,,,,,,,,
스크램블에그,요리이름,요리명,요리명,,,,,,,,,,,
고구마샐러드,요리이름,요리명,요리명,,,,,,,,,,,
닭다리튀김,요리이름,요리명,요리명,,,,,,,,,,,
녹두전/반죽,요리이름,요리명,요리명,,,,,,,,,,,
블루베리치즈케이크,요리이름,요리명,요리명,,,,,,,,,,,
오징어튀김,요리이름,요리명,요리명,,,,,,,,,,,
감자수프,요리이름,요리명,요리명,,,,,,,,,,,
고구마맛탕,요리이름,요리명,요리명,,,,,,,,,,,
옥수수 샐러드,요리이름,요리명,요리명,,,,,,,,,,,
단호박샐러드,요리이름,요리명,요리명,,,,,,,,,,,
새우 볶음밥,요리이름,요리명,요리명,,,,,,,,,,,
멸치 볶음,요리이름,요리명,요리명,,,,,,,,,,,
무말랭이 무침,요리이름,요리명,요리명,,,,,,,,,,,
코울슬로,요리이름,요리명,요리명,,,,,,,,,,,
고구마튀김,요리이름,요리명,요리명,,,,,,,,,,,
새우딤섬,요리이름,요리명,요리명,,,,,,,,,,,
쇠고기샌드위치,요리이름,요리명,요리명,,,,,,,,,,,
쇠고기장조림,요리이름,요리명,요리명,,,,,,,,,,,
수수떡,요리이름,요리명,요리명,,,,,,,,,,,
양파 장아찌,요리이름,요리명,요리명,,,,,,,,,,,
열무 물김치,요리이름,요리명,요리명,,,,,,,,,,,
포크커틀릿,요리이름,요리명,요리명,,,,,,,,,,,
프루트샐러드,요리이름,요리명,요리명,,,,,,,,,,,
약식,요리이름,요리명,요리명,,,,,,,,,,,
인절미,요리이름,요리명,요리명,,,,,,,,,,,
카스텔라경단,요리이름,요리명,요리명,,,,,,,,,,,
양송이 스프,요리이름,요리명,요리명,,,,,,,,,,,
스크램블드에그,요리이름,요리명,요리명,,,,,,,,,,,
초코타르트,요리이름,요리명,요리명,,,,,,,,,,,
핫도그빵,요리이름,요리명,요리명,,,,,,,,,,,
햄치즈샌드위치,요리이름,요리명,요리명,,,,,,,,,,,
감자뇨끼,요리이름,요리명,요리명,,,,,,,,,,,
쌀찐빵,요리이름,요리명,요리명,,,,,,,,,,,
피칸파이,요리이름,요리명,요리명,,,,,,,,,,,
커피마카롱,요리이름,요리명,요리명,,,,,,,,,,,
코울슬로우,요리이름,요리명,요리명,,,,,,,,,,,
과일케이크,요리이름,요리명,요리명,,,,,,,,,,,
바비큐치킨,요리이름,요리명,요리명,,,,,,,,,,,
베이컨감자피자,요리이름,요리명,요리명,,,,,,,,,,,
붕어빵,요리이름,요리명,요리명,,,,,,,,,,,
비빔라면,요리이름,요리명,요리명,,,,,,,,,,,
어두부전,요리이름,요리명,요리명,,,,,,,,,,,
찹쌀호떡,요리이름,요리명,요리명,,,,,,,,,,,
채소튀김,요리이름,요리명,요리명,,,,,,,,,,,
피자군만두,요리이름,요리명,요리명,,,,,,,,,,,
깨송편,요리이름,요리명,요리명,,,,,,,,,,,
감자말이새우튀김,요리이름,요리명,요리명,,,,,,,,,,,
콤비네이션피자,요리이름,요리명,요리명,,,,,,,,,,,
으깬감자,요리이름,요리명,요리명,,,,,,,,,,,
치즈피자,요리이름,요리명,요리명,,,,,,,,,,,
치킨가스,요리이름,요리명,요리명,,,,,,,,,,,
치킨피자,요리이름,요리명,요리명,,,,,,,,,,,
탕수육/칼슘강화,요리이름,요리명,요리명,,,,,,,,,,,
유채 물김치,요리이름,요리명,요리명,,,,,,,,,,,
녹두 빈대떡,요리이름,요리명,요리명,,,,,,,,,,,
오이소박이,요리이름,요리명,요리명,,,,,,,,,,,
돈저냐,요리이름,요리명,요리명,,,,,,,,,,,
새우가스,요리이름,요리명,요리명,,,,,,,,,,,
무말랭이무침,요리이름,요리명,요리명,,,,,,,,,,,
치즈핫도그,요리이름,요리명,요리명,,,,,,,,,,,
치킨텐더,요리이름,요리명,요리명,,,,,,,,,,,
돼지고기장조림,요리이름,요리명,요리명,,,,,,,,,,,
오리불고기,요리이름,요리명,요리명,,,,,,,,,,,
콤비네이션 피자,요리이름,요리명,요리명,,,,,,,,,,,
대구살튀김,요리이름,요리명,요리명,,,,,,,,,,,
돼지고기동그랑땡,요리이름,요리명,요리명,,,,,,,,,,,
두부스테이크,요리이름,요리명,요리명,,,,,,,,,,,
맛있게튀겨진유부초밥,요리이름,요리명,요리명,,,,,,,,,,,
연어스테이크,요리이름,요리명,요리명,,,,,,,,,,,
고기 만두,요리이름,요리명,요리명,,,,,,,,,,,
생선가스,요리이름,요리명,요리명,,,,,,,,,,,
오리스테이크,요리이름,요리명,요리명,,,,,,,,,,,
새우튀김,요리이름,요리명,요리명,,,,,,,,,,,
감자치즈크로켓,요리이름,요리명,요리명,,,,,,,,,,,
감자크로켓,요리이름,요리명,요리명,,,,,,,,,,,
해물전,요리이름,요리명,요리명,,,,,,,,,,,
대구 튀김,요리이름,요리명,요리명,,,,,,,,,,,
오징어채 볶음,요리이름,요리명,요리명,,,,,,,,,,,
새우만두,요리이름,요리명,요리명,,,,,,,,,,,
매쉬드포테이토,요리이름,요리명,요리명,,,,,,,,,,,
고추잡채김말이,요리이름,요리명,요리명,,,,,,,,,,,
페퍼로니피자,요리이름,요리명,요리명,,,,,,,,,,,
채소고기말이,요리이름,요리명,요리명,,,,,,,,,,,
햄버그스테이크,요리이름,요리명,요리명,,,,,,,,,,,
동그랑땡,요리이름,요리명,요리명,,,,,,,,,,,
불고기 피자,요리이름,요리명,요리명,,,,,,,,,,,
새우 볶음,요리이름,요리명,요리명,,,,,,,,,,,
피자오믈렛,요리이름,요리명,요리명,,,,,,,,,,,
멸치풋고추볶음,요리이름,요리명,요리명,,,,,,,,,,,
한우고기곰탕,요리이름,요리명,요리명,,,,,,,,,,,
김치메밀전병,요리이름,요리명,요리명,,,,,,,,,,,
참치김치삼각김밥,요리이름,요리명,요리명,,,,,,,,,,,
잡채만두,요리이름,요리명,요리명,,,,,,,,,,,
새우탕수육,요리이름,요리명,요리명,,,,,,,,,,,
오징어가스,요리이름,요리명,요리명,,,,,,,,,,,
치즈돈가스,요리이름,요리명,요리명,,,,,,,,,,,
고구마햄버그스테이크,요리이름,요리명,요리명,,,,,,,,,,,
치즈너겟,요리이름,요리명,요리명,,,,,,,,,,,
찹쌀수제비,요리이름,요리명,요리명,,,,,,,,,,,
닭고기완자,요리이름,요리명,요리명,,,,,,,,,,,
고기말이,요리이름,요리명,요리명,,,,,,,,,,,
고기만두,요리이름,요리명,요리명,,,,,,,,,,,
닭고기볶음밥,요리이름,요리명,요리명,,,,,,,,,,,
양배추 샐러드,요리이름,요리명,요리명,,,,,,,,,,,
꼬치고기,요리이름,요리명,요리명,,,,,,,,,,,
왕만두,요리이름,요리명,요리명,,,,,,,,,,,
새우완자,요리이름,요리명,요리명,,,,,,,,,,,
쌀수제비,요리이름,요리명,요리명,,,,,,,,,,,
잣죽,요리이름,요리명,요리명,,,,,,,,,,,
명이나물,요리이름,요리명,요리명,,,,,,,,,,,
미나리전,요리이름,요리명,요리명,,,,,,,,,,,
두릅전,요리이름,요리명,요리명,,,,,,,,,,,
명이나물장아찌,요리이름,요리명,요리명,,,,,,,,,,,
오이롤초밥,요리이름,요리명,요리명,,,,,,,,,,,
시금치무침,요리이름,요리명,요리명,,,,,,,,,,,
멸치국수,요리이름,요리명,요리명,,,,,,,,,,,
통오이소박이,요리이름,요리명,요리명,,,,,,,,,,,
수제딸기청,요리이름,요리명,요리명,,,,,,,,,,,
나시고랭,요리이름,요리명,요리명,,,,,,,,,,,
달래무침,요리이름,요리명,요리명,,,,,,,,,,,
몬테크리스토,요리이름,요리명,요리명,,,,,,,,,,,
꿔바로우,요리이름,요리명,요리명,,,,,,,,,,,
짜장밥,요리이름,요리명,요리명,,,,,,,,,,,
들깨무국,요리이름,요리명,요리명,,,,,,,,,,,
마리네이드,요리이름,요리명,요리명,,,,,,,,,,,
전복내장죽,요리이름,요리명,요리명,,,,,,,,,,,
신김치,요리이름,요리명,요리명,,,,,,,,,,,
오이김치,요리이름,요리명,요리명,,,,,,,,,,,
햇양파,요리이름,요리명,요리명,,,,,,,,,,,
키토김밥,요리이름,요리명,요리명,,,,,,,,,,,
김치양념,요리이름,요리명,요리명,,,,,,,,,,,
돼지갈비구이,요리이름,요리명,요리명,,,,,,,,,,,
당근김치,요리이름,요리명,요리명,,,,,,,,,,,
계란후라이,요리이름,요리명,요리명,,,,,,,,,,,
닭곰탕,요리이름,요리명,요리명,,,,,,,,,,,
두릅튀김,요리이름,요리명,요리명,,,,,,,,,,,
파김치양념,요리이름,요리명,요리명,,,,,,,,,,,
집된장,요리이름,요리명,요리명,,,,,,,,,,,
묵은지계란김밥,요리이름,요리명,요리명,,,,,,,,,,,
두부샐러드,요리이름,요리명,요리명,,,,,,,,,,,
감자채전,요리이름,요리명,요리명,,,,,,,,,,,
쑥된장국,요리이름,요리명,요리명,,,,,,,,,,,
소고기국거리,요리이름,요리명,요리명,,,,,,,,,,,
체다슬라이스치즈,요리이름,요리명,요리명,,,,,,,,,,,
슬라이스체다치즈,요리이름,요리명,요리명,,,,,,,,,,,
돼지껍질,요리이름,요리명,요리명,,,,,,,,,,,
다시마육수,요리이름,요리명,요리명,,,,,,,,,,,
연어필렛,요리이름,요리명,요리명,,,,,,,,,,,
장아찌간장,요리이름,요리명,요리명,,,,,,,,,,,
오징어볶음양념,요리이름,요리명,요리명,,,,,,,,,,,
감자채볶음,요리이름,요리명,요리명,,,,,,,,,,,
간장닭도리탕,요리이름,요리명,요리명,,,,,,,,,,,
칵테일새우,요리이름,요리명,요리명,,,,,,,,,,,
소고기불고기감,요리이름,요리명,요리명,,,,,,,,,,,
훈제오리찜,요리이름,요리명,요리명,,,,,,,,,,,
두부계란찜,요리이름,요리명,요리명,,,,,,,,,,,
가지튀김,요리이름,요리명,요리명,,,,,,,,,,,
돼지등갈비,요리이름,요리명,요리명,,,,,,,,,,,
계란덮밥,요리이름,요리명,요리명,,,,,,,,,,,
어묵오징어무침,요리이름,요리명,요리명,,,,,,,,,,,
홍게간장,요리이름,요리명,요리명,,,,,,,,,,,
강된장찌개,요리이름,요리명,요리명,,,,,,,,,,,
냉이된장찌개,요리이름,요리명,요리명,,,,,,,,,,,
낙지볶음,요리이름,요리명,요리명,,,,,,,,,,,
콩비지찌개,요리이름,요리명,요리명,,,,,,,,,,,
두부김치,요리이름,요리명,요리명,,,,,,,,,,,
충무김밥,요리이름,요리명,요리명,,,,,,,,,,,
장아찌,요리이름,요리명,요리명,,,,,,,,,,,
감자탕,요리이름,요리명,요리명,,,,,,,,,,,
겉절이,요리이름,요리명,요리명,,,,,,,,,,,
쑥국,요리이름,요리명,요리명,,,,,,,,,,,
꼬치구이,요리이름,요리명,요리명,,,,,,,,,,,
라볶이,요리이름,요리명,요리명,,,,,,,,,,,
카나페,요리이름,요리명,요리명,,,,,,,,,,,
오이 샌드위치,요리이름,요리명,요리명,,,,,,,,,,,
야키토리,요리이름,요리명,요리명,,,,,,,,,,,
홍어회,요리이름,요리명,요리명,,,,,,,,,,,
두릅나물,요리이름,요리명,요리명,,,,,,,,,,,
키토,효능/영양분/요리스타일,식문화/요리 스타일,건강 목적/대체 식단,,,,,,,,,,,
채식,효능/영양분/요리스타일,식문화/요리 스타일,건강 목적/대체 식단,,,,,,,,,,,
저속노화,효능/영양분/요리스타일,식문화/요리 스타일,건강 목적/대체 식단,,,,,,,,,,,
키토제닉,효능/영양분/요리스타일,식문화/요리 스타일,건강 목적/대체 식단,,,,,,,,,,,
영양식,효능/영양분/요리스타일,식문화/요리 스타일,건강 목적/대체 식단,,,,,,,,,,,
양배추다이어트,효능/영양분/요리스타일,식문화/요리 스타일,건강 목적/대체 식단,,,,,,,,,,,
식사대용,효능/영양분/요리스타일,식문화/요리 스타일,건강 목적/대체 식단,,,,,,,,,,,
비건,효능/영양분/요리스타일,식문화/요리 스타일,건강 목적/대체 식단,,,,,,,,,,,
다이어트음식,효능/영양분/요리스타일,식문화/요리 스타일,건강 목적/대체 식단,,,,,,,,,,,
다이어트식,효능/영양분/요리스타일,식문화/요리 스타일,건강 목적/대체 식단,,,,,,,,,,,
건강식단,효능/영양분/요리스타일,식문화/요리 스타일,건강 목적/대체 식단,,,,,,,,,,,
건강식,효능/영양분/요리스타일,식문화/요리 스타일,건강 목적/대체 식단,,,,,,,,,,,
간헐적단식,효능/영양분/요리스타일,식문화/요리 스타일,건강 목적/대체 식단,,,,,,,,,,,
간단브런치,효능/영양분/요리스타일,식문화/요리 스타일,건강 목적/대체 식단,,,,,,,,,,,
강원도,효능/영양분/요리스타일,식문화/요리 스타일,건강 목적/대체 식단,,,,,,,,,,,
경상도,효능/영양분/요리스타일,식문화/요리 스타일,건강 목적/대체 식단,,,,,,,,,,,
전라도,효능/영양분/요리스타일,식문화/요리 스타일,건강 목적/대체 식단,,,,,,,,,,,
황해도,효능/영양분/요리스타일,식문화/요리 스타일,건강 목적/대체 식단,,,,,,,,,,,
다이어터,효능/영양분/요리스타일,식문화/요리 스타일,레시피 태그형 키워드,,,,,,,,,,,
경양식,효능/영양분/요리스타일,식문화/요리 스타일,레시피 태그형 키워드,,,,,,,,,,,
퓨전,효능/영양분/요리스타일,식문화/요리 스타일,레시피 태그형 키워드,,,,,,,,,,,
오마카세,효능/영양분/요리스타일,식문화/요리 스타일,레시피 태그형 키워드,,,,,,,,,,,
식단,효능/영양분/요리스타일,식문화/요리 스타일,레시피 태그형 키워드,,,,,,,,,,,
고급,효능/영양분/요리스타일,식문화/요리 스타일,레시피 태그형 키워드,,,,,,,,,,,
본연,효능/영양분/요리스타일,식문화/요리 스타일,레시피 태그형 키워드,,,,,,,,,,,
전통,효능/영양분/요리스타일,식문화/요리 스타일,레시피 태그형 키워드,,,,,,,,,,,
궁중,효능/영양분/요리스타일,식문화/요리 스타일,레시피 태그형 키워드,,,,,,,,,,,
가니쉬,효능/영양분/요리스타일,식문화/요리 스타일,레시피 태그형 키워드,,,,,,,,,,,
이국,효능/영양분/요리스타일,식문화/요리 스타일,레시피 태그형 키워드,,,,,,,,,,,
경양식,효능/영양분/요리스타일,식문화/요리 스타일,문화권 기반 스타일,,,,,,,,,,,
지중해,효능/영양분/요리스타일,식문화/요리 스타일,문화권 기반 스타일,,,,,,,,,,,
일본식,효능/영양분/요리스타일,식문화/요리 스타일,문화권 기반 스타일,,,,,,,,,,,
동남아,효능/영양분/요리스타일,식문화/요리 스타일,문화권 기반 스타일,,,,,,,,,,,
한국식,효능/영양분/요리스타일,식문화/요리 스타일,문화권 기반 스타일,,,,,,,,,,,
중화풍,효능/영양분/요리스타일,식문화/요리 스타일,문화권 기반 스타일,,,,,,,,,,,
중국식,효능/영양분/요리스타일,식문화/요리 스타일,문화권 기반 스타일,,,,,,,,,,,
일식,효능/영양분/요리스타일,식문화/요리 스타일,문화권 기반 스타일,,,,,,,,,,,
오리엔탈,효능/영양분/요리스타일,식문화/요리 스타일,문화권 기반 스타일,,,,,,,,,,,
독일식,효능/영양분/요리스타일,식문화/요리 스타일,문화권 기반 스타일,,,,,,,,,,,
프렌치,효능/영양분/요리스타일,식문화/요리 스타일,문화권 기반 스타일,,,,,,,,,,,
이탈리안,효능/영양분/요리스타일,식문화/요리 스타일,문화권 기반 스타일,,,,,,,,,,,
프랑스,효능/영양분/요리스타일,식문화/요리 스타일,문화권 기반 스타일,,,,,,,,,,,
일본,효능/영양분/요리스타일,식문화/요리 스타일,문화권 기반 스타일,,,,,,,,,,,
스페인,효능/영양분/요리스타일,식문화/요리 스타일,문화권 기반 스타일,,,,,,,,,,,
중화,효능/영양분/요리스타일,식문화/요리 스타일,문화권 기반 스타일,,,,,,,,,,,
베트남,효능/영양분/요리스타일,식문화/요리 스타일,문화권 기반 스타일,,,,,,,,,,,
그리스,효능/영양분/요리스타일,식문화/요리 스타일,문화권 기반 스타일,,,,,,,,,,,
서양,효능/영양분/요리스타일,식문화/요리 스타일,문화권 기반 스타일,,,,,,,,,,,
태국,효능/영양분/요리스타일,식문화/요리 스타일,문화권 기반 스타일,,,,,,,,,,,
멕시코,효능/영양분/요리스타일,식문화/요리 스타일,문화권 기반 스타일,,,,,,,,,,,
남해,효능/영양분/요리스타일,식문화/요리 스타일,문화권 기반 스타일,,,,,,,,,,,
즉석,효능/영양분/요리스타일,식문화/요리 스타일,요리 방식/기술,,,,,,,,,,,
초간단,효능/영양분/요리스타일,식문화/요리 스타일,요리 방식/기술,,,,,,,,,,,
수비드,효능/영양분/요리스타일,식문화/요리 스타일,요리 방식/기술,,,,,,,,,,,
샐러드만들기,효능/영양분/요리스타일,식문화/요리 스타일,요리 방식/기술,,,,,,,,,,,
밀프랩,효능/영양분/요리스타일,식문화/요리 스타일,요리 방식/기술,,,,,,,,,,,
간편식,효능/영양분/요리스타일,식문화/요리 스타일,요리 방식/기술,,,,,,,,,,,
가정식,효능/영양분/요리스타일,식문화/요리 스타일,요리 방식/기술,,,,,,,,,,,
무설탕,효능/영양분/요리스타일,식문화/요리 스타일,제한 식단/프리,,,,,,,,,,,
무가당,효능/영양분/요리스타일,식문화/요리 스타일,제한 식단/프리,,,,,,,,,,,
키토,효능/영양분/요리스타일,식문화/요리 스타일,제한 식단/프리,,,,,,,,,,,
저탄수,효능/영양분/요리스타일,식문화/요리 스타일,제한 식단/프리,,,,,,,,,,,
저탄고지,효능/영양분/요리스타일,식문화/요리 스타일,제한 식단/프리,,,,,,,,,,,
무가염,효능/영양분/요리스타일,식문화/요리 스타일,제한 식단/프리,,,,,,,,,,,
글루텐프리,효능/영양분/요리스타일,식문화/요리 스타일,제한 식단/프리,,,,,,,,,,,
채식,효능/영양분/요리스타일,식문화/요리 스타일,조리 편의/대상 스타일,,,,,,,,,,,
핑거푸드,효능/영양분/요리스타일,식문화/요리 스타일,조리 편의/대상 스타일,,,,,,,,,,,
왕초보,효능/영양분/요리스타일,식문화/요리 스타일,조리 편의/대상 스타일,,,,,,,,,,,
식이섬유,효능/영양분/요리스타일,영양분,기능성 성분,,,,,,,,,,,
섬유질,효능/영양분/요리스타일,영양분,기능성 성분,,,,,,,,,,,
칼슘,효능/영양분/요리스타일,영양분,기능성 성분,,,,,,,,,,,
미네랄,효능/영양분/요리스타일,영양분,기능성 성분,,,,,,,,,,,
황화합물,효능/영양분/요리스타일,영양분,기능성 성분,,,,,,,,,,,
폴리페놀,효능/영양분/요리스타일,영양분,기능성 성분,,,,,,,,,,,
유산균,효능/영양분/요리스타일,영양분,기능성 성분,,,,,,,,,,,
알리신,효능/영양분/요리스타일,영양분,기능성 성분,,,,,,,,,,,
섬유소,효능/영양분/요리스타일,영양분,기능성 성분,,,,,,,,,,,
사포닌,효능/영양분/요리스타일,영양분,기능성 성분,,,,,,,,,,,
리코펜,효능/영양분/요리스타일,영양분,기능성 성분,,,,,,,,,,,
루테인,효능/영양분/요리스타일,영양분,기능성 성분,,,,,,,,,,,
라이코펜,효능/영양분/요리스타일,영양분,기능성 성분,,,,,,,,,,,
글루코시놀레이트,효능/영양분/요리스타일,영양분,기능성 성분,,,,,,,,,,,
단백질 보충제,효능/영양분/요리스타일,영양분,기능성 성분,,,,,,,,,,,
비타민C 함유,효능/영양분/요리스타일,영양분,기능성 성분,,,,,,,,,,,
비타민 함유,효능/영양분/요리스타일,영양분,기능성 성분,,,,,,,,,,,
칼륨,효능/영양분/요리스타일,영양분,기능성 성분,,,,,,,,,,,
아연,효능/영양분/요리스타일,영양분,기능성 성분,,,,,,,,,,,
오메가,효능/영양분/요리스타일,영양분,기능성 성분,,,,,,,,,,,
아미노산,효능/영양분/요리스타일,영양분,기능성 성분,,,,,,,,,,,
타우린 함유,효능/영양분/요리스타일,영양분,기능성 성분,,,,,,,,,,,
고단백,효능/영양분/요리스타일,영양분,기초영양소,,,,,,,,,,,
탄수화물,효능/영양분/요리스타일,영양분,기초영양소,,,,,,,,,,,
단백질,효능/영양분/요리스타일,영양분,기초영양소,,,,,,,,,,,
토코페롤,효능/영양분/요리스타일,영양분,기초영양소,,,,,,,,,,,
탄단지,효능/영양분/요리스타일,영양분,기초영양소,,,,,,,,,,,
오메가3,효능/영양분/요리스타일,영양분,기초영양소,,,,,,,,,,,
레시틴,효능/영양분/요리스타일,영양분,기초영양소,,,,,,,,,,,
고단백질,효능/영양분/요리스타일,영양분,기초영양소,,,,,,,,,,,
칼로리,효능/영양분/요리스타일,영양분,기초영양소,,,,,,,,,,,
근육,효능/영양분/요리스타일,영양분,기타 건강지표,,,,,,,,,,,
열량,효능/영양분/요리스타일,영양분,기타 건강지표,,,,,,,,,,,
혈압,효능/영양분/요리스타일,영양분,기타 건강지표,,,,,,,,,,,
혈당,효능/영양분/요리스타일,영양분,기타 건강지표,,,,,,,,,,,
인슐린,효능/영양분/요리스타일,영양분,기타 건강지표,,,,,,,,,,,
대장암,효능/영양분/요리스타일,영양분,기타 건강지표,,,,,,,,,,,
칼슘,효능/영양분/요리스타일,영양분,비타민/미네랄,,,,,,,,,,,
미네랄,효능/영양분/요리스타일,영양분,비타민/미네랄,,,,,,,,,,,
무기질,효능/영양분/요리스타일,영양분,비타민/미네랄,,,,,,,,,,,
칼슘이,효능/영양분/요리스타일,영양분,비타민/미네랄,,,,,,,,,,,
철분,효능/영양분/요리스타일,영양분,비타민/미네랄,,,,,,,,,,,
엽산,효능/영양분/요리스타일,영양분,비타민/미네랄,,,,,,,,,,,
비타민,효능/영양분/요리스타일,영양분,비타민/미네랄,,,,,,,,,,,
베타카로틴,효능/영양분/요리스타일,영양분,비타민/미네랄,,,,,,,,,,,
비타민 C,효능/영양분/요리스타일,영양분,비타민/미네랄,,,,,,,,,,,
비타민 K,효능/영양분/요리스타일,영양분,비타민/미네랄,,,,,,,,,,,
콜레스테롤,효능/영양분/요리스타일,영양분,섭취 주의 성분,,,,,,,,,,,
열량,효능/영양분/요리스타일,영양분,섭취 주의 성분,,,,,,,,,,,
무염,효능/영양분/요리스타일,영양분,섭취 주의 성분,,,,,,,,,,,
무가당,효능/영양분/요리스타일,영양분,섭취 주의 성분,,,,,,,,,,,
무설탕,효능/영양분/요리스타일,영양분,섭취 주의 성분,,,,,,,,,,,
저칼로리,효능/영양분/요리스타일,영양분,섭취 주의 성분,,,,,,,,,,,
저지방,효능/영양분/요리스타일,영양분,섭취 주의 성분,,,,,,,,,,,
저당,효능/영양분/요리스타일,영양분,섭취 주의 성분,,,,,,,,,,,
트랜스지방,효능/영양분/요리스타일,영양분,섭취 주의 성분,,,,,,,,,,,
유당,효능/영양분/요리스타일,영양분,섭취 주의 성분,,,,,,,,,,,
당분,효능/영양분/요리스타일,영양분,섭취 주의 성분,,,,,,,,,,,
나트륨,효능/영양분/요리스타일,영양분,섭취 주의 성분,,,,,,,,,,,
카페인 함유,효능/영양분/요리스타일,영양분,섭취 주의 성분,,,,,,,,,,,
글루텐,효능/영양분/요리스타일,영양분,섭취 주의 성분,,,,,,,,,,,
면역력,효능/영양분/요리스타일,효능,면역/항염/항암,,,,,,,,,,,
항염증,효능/영양분/요리스타일,효능,면역/항염/항암,,,,,,,,,,,
항염,효능/영양분/요리스타일,효능,면역/항염/항암,,,,,,,,,,,
항암토마토,효능/영양분/요리스타일,효능,면역/항염/항암,,,,,,,,,,,
항암성분,효능/영양분/요리스타일,효능,면역/항염/항암,,,,,,,,,,,
항암,효능/영양분/요리스타일,효능,면역/항염/항암,,,,,,,,,,,
커큐민,효능/영양분/요리스타일,효능,면역/항염/항암,,,,,,,,,,,
염증,효능/영양분/요리스타일,효능,면역/항염/항암,,,,,,,,,,,
암예방,효능/영양분/요리스타일,효능,면역/항염/항암,,,,,,,,,,,
면역력강화,효능/영양분/요리스타일,효능,면역/항염/항암,,,,,,,,,,,
면역,효능/영양분/요리스타일,효능,면역/항염/항암,,,,,,,,,,,
감기,효능/영양분/요리스타일,효능,면역/항염/항암,,,,,,,,,,,
염증 완화,효능/영양분/요리스타일,효능,면역/항염/항암,,,,,,,,,,,
세균,효능/영양분/요리스타일,효능,면역/항염/항암,,,,,,,,,,,
식이섬유,효능/영양분/요리스타일,효능,소화/배변/이뇨,,,,,,,,,,,
섬유질,효능/영양분/요리스타일,효능,소화/배변/이뇨,,,,,,,,,,,
소화,효능/영양분/요리스타일,효능,소화/배변/이뇨,,,,,,,,,,,
이뇨,효능/영양분/요리스타일,효능,소화/배변/이뇨,,,,,,,,,,,
위궤양,효능/영양분/요리스타일,효능,소화/배변/이뇨,,,,,,,,,,,
속편하고,효능/영양분/요리스타일,효능,소화/배변/이뇨,,,,,,,,,,,
소화불량,효능/영양분/요리스타일,효능,소화/배변/이뇨,,,,,,,,,,,
붓기,효능/영양분/요리스타일,효능,소화/배변/이뇨,,,,,,,,,,,
변비예방,효능/영양분/요리스타일,효능,소화/배변/이뇨,,,,,,,,,,,
변비,효능/영양분/요리스타일,효능,소화/배변/이뇨,,,,,,,,,,,
식이 섬유,효능/영양분/요리스타일,효능,소화/배변/이뇨,,,,,,,,,,,
수면,효능/영양분/요리스타일,효능,수면/스트레스,,,,,,,,,,,
불면증,효능/영양분/요리스타일,효능,수면/스트레스,,,,,,,,,,,
피로,효능/영양분/요리스타일,효능,수면/스트레스,,,,,,,,,,,
컨디션,효능/영양분/요리스타일,효능,수면/스트레스,,,,,,,,,,,
콜레스테롤,효능/영양분/요리스타일,효능,심혈관/혈압/혈당,,,,,,,,,,,
혈관,효능/영양분/요리스타일,효능,심혈관/혈압/혈당,,,,,,,,,,,
심혈관,효능/영양분/요리스타일,효능,심혈관/혈압/혈당,,,,,,,,,,,
빈혈,효능/영양분/요리스타일,효능,심혈관/혈압/혈당,,,,,,,,,,,
당뇨,효능/영양분/요리스타일,효능,심혈관/혈압/혈당,,,,,,,,,,,
고혈압,효능/영양분/요리스타일,효능,심혈관/혈압/혈당,,,,,,,,,,,
혈액순환,효능/영양분/요리스타일,효능,심혈관/혈압/혈당,,,,,,,,,,,
근육,효능/영양분/요리스타일,효능,종합/기능성 일반,,,,,,,,,,,
활력,효능/영양분/요리스타일,효능,종합/기능성 일반,,,,,,,,,,,
예방할,효능/영양분/요리스타일,효능,종합/기능성 일반,,,,,,,,,,,
예방,효능/영양분/요리스타일,효능,종합/기능성 일반,,,,,,,,,,,
슈퍼푸드,효능/영양분/요리스타일,효능,종합/기능성 일반,,,,,,,,,,,
성인병,효능/영양분/요리스타일,효능,종합/기능성 일반,,,,,,,,,,,
건강,효능/영양분/요리스타일,효능,종합/기능성 일반,,,,,,,,,,,
에너지,효능/영양분/요리스타일,효능,종합/기능성 일반,,,,,,,,,,,
보양,효능/영양분/요리스타일,효능,종합/기능성 일반,,,,,,,,,,,
기관지,효능/영양분/요리스타일,효능,종합/기능성 일반,,,,,,,,,,,
호흡기,효능/영양분/요리스타일,효능,종합/기능성 일반,,,,,,,,,,,
질환,효능/영양분/요리스타일,효능,종합/기능성 일반,,,,,,,,,,,
세포벽,효능/영양분/요리스타일,효능,종합/기능성 일반,,,,,,,,,,,
보양음식,효능/영양분/요리스타일,효능,종합/기능성 일반,,,,,,,,,,,
숙취해소,효능/영양분/요리스타일,효능,종합/기능성 일반,,,,,,,,,,,
고단백,효능/영양분/요리스타일,효능,체중/대사 조절,,,,,,,,,,,
포만감,효능/영양분/요리스타일,효능,체중/대사 조절,,,,,,,,,,,
키토산,효능/영양분/요리스타일,효능,체중/대사 조절,,,,,,,,,,,
체중,효능/영양분/요리스타일,효능,체중/대사 조절,,,,,,,,,,,
지방분해,효능/영양분/요리스타일,효능,체중/대사 조절,,,,,,,,,,,
신진대사,효능/영양분/요리스타일,효능,체중/대사 조절,,,,,,,,,,,
다이어트식단,효능/영양분/요리스타일,효능,체중/대사 조절,,,,,,,,,,,
다이어트,효능/영양분/요리스타일,효능,체중/대사 조절,,,,,,,,,,,
내장지방,효능/영양분/요리스타일,효능,체중/대사 조절,,,,,,,,,,,
감량,효능/영양분/요리스타일,효능,체중/대사 조절,,,,,,,,,,,
저속노화,효능/영양분/요리스타일,효능,피부/노화/항산화,,,,,,,,,,,
항산화,효능/영양분/요리스타일,효능,피부/노화/항산화,,,,,,,,,,,
피부미용,효능/영양분/요리스타일,효능,피부/노화/항산화,,,,,,,,,,,
탄력,효능/영양분/요리스타일,효능,피부/노화/항산화,,,,,,,,,,,
미용,효능/영양분/요리스타일,효능,피부/노화/항산화,,,,,,,,,,,
노화방지,효능/영양분/요리스타일,효능,피부/노화/항산화,,,,,,,,,,,
노안,효능/영양분/요리스타일,효능,피부/노화/항산화,,,,,,,,,,,
노화,효능/영양분/요리스타일,효능,피부/노화/항산화,,,,,,,,,,,
주름개선,효능/영양분/요리스타일,효능,피부/노화/항산화,,,,,,,,,,,
무염,효능/영양분/요리스타일,효능,해독/저염/간건강,,,,,,,,,,,
해독작용,효능/영양분/요리스타일,효능,해독/저염/간건강,,,,,,,,,,,
해독,효능/영양분/요리스타일,효능,해독/저염/간건강,,,,,,,,,,,
친환경,효능/영양분/요리스타일,효능,해독/저염/간건강,,,,,,,,,,,
지방간,효능/영양분/요리스타일,효능,해독/저염/간건강,,,,,,,,,,,
중독,효능/영양분/요리스타일,효능,해독/저염/간건강,,,,,,,,,,,
저염,효능/영양분/요리스타일,효능,해독/저염/간건강,,,,,,,,,,,
무농약,효능/영양분/요리스타일,효능,해독/저염/간건강,,,,,,,,,,,
디톡스,효능/영양분/요리스타일,효능,해독/저염/간건강,,,,,,,,,,,
독소배출,효능/영양분/요리스타일,효능,해독/저염/간건강,,,,,,,,,,,
독소,효능/영양분/요리스타일,효능,해독/저염/간건강,,,,,,,,,,,
노폐물,효능/영양분/요리스타일,효능,해독/저염/간건강,,,,,,,,,,,
성장기,효능/영양분/요리스타일,효능,호르몬/성장/뼈,,,,,,,,,,,
호르몬,효능/영양분/요리스타일,효능,호르몬/성장/뼈,,,,,,,,,,,
골다공증,효능/영양분/요리스타일,효능,호르몬/성장/뼈,,,,,,,,,,,
갱년기,효능/영양분/요리스타일,효능,호르몬/성장/뼈,,,,,,,,,,,
갑상선,효능/영양분/요리스타일,효능,호르몬/성장/뼈,,,,,,,,,,,
피타브레드,재료,베이킹·제면·디저트용,완제품/준완제품,빵류,범용빵,"담백함, 간편식, 폭신함, 속채움용, 샌드위치용, 식사빵",피타빵,,,,,30,5,2
페스츄리,재료,베이킹·제면·디저트용,완제품/준완제품,빵류,소형빵,"담백함, 버터풍미, 바삭함, 여러겹, 기름짐, 베이킹용, 고소함","패스츄리, 페이스트리",,,,,14,3,
크루아상,재료,베이킹·제면·디저트용,완제품/준완제품,빵류,소형빵,"담백함, 버터풍미, 바삭함, 여러겹, 폭신함, 베이킹용, 고소함",크로와상,,,,,14,3,
햄버거빵,재료,베이킹·제면·디저트용,완제품/준완제품,빵류,절단형빵,"부드러움, 단맛, 포만감, 폭신함, 속채움용, 샌드위치용",버거번,-,,,,30,5,2
바게트,재료,베이킹·제면·디저트용,완제품/준완제품,빵류,절단형빵,"담백함, 식감추가, 단단함, 겉바속촉, 슬라이스용, 샌드위치용",바게트빵,,,,,30,,2
가래떡,재료,베이킹·제면·디저트용 재료,조리완성형 재료,떡류,가공떡류,"쫀득, 치즈함유, 쫄깃함, 쌀베이스, 고체형, 구이용, 국물용",치즈가래떡,떡,,,,90,3,1
감자반죽,재료,베이킹·제면·디저트용 재료,조리완성형 재료,반죽류(베이스),감자베이스 반죽,"쫀득, 묵직, 전분질, 감자베이스, 촉촉함, 익혀먹는용",,,,,,30,2,
강력분,재료,베이킹·제면·디저트용 재료,조리보조 기능성 재료,제분가루,강력분,"쫄깃, 글루텐 풍부, 가루류, 끈기있음, 제빵용, 발효용, 담백함",강력밀가루,밀가루,,,,180,,180
머랭시트,재료,베이킹·제면·디저트용 재료,조리완성형 재료,반죽류(베이스),거품형 반죽,"가벼움, 공기포집, 달콤함, 바삭함, 거품형, 디저트용",,,,,,14,,2
머랭,재료,베이킹·제면·디저트용 재료,조리완성형 재료,반죽류(베이스),거품형 반죽,"공기포집, 가벼움, 달콤함, 부드러움, 거품형, 디저트용",,,,,,,1,
소면,재료,베이킹·제면·디저트용 재료,조리완성형 재료,면류,건면류,"기본국수, 가늘고 긴, 담백함, 매끄러움, 빠른조리, 국물용, 한식","국수면, 현미쌀소면, 현미소면",,,,2026-09-07,,,
중면,재료,베이킹·제면·디저트용 재료,조리완성형 재료,면류,건면류,"굵기 중간, 다용도, 담백함, 쫄깃함, 국물용, 비빔용, 한식",,,,,,,,
치자국수,재료,베이킹·제면·디저트용 재료,조리완성형 재료,면류,건면류,"치자색, 향긋, 담백함, 노란색, 매끄러움, 국물용, 한식",,,,,,,,
레이디핑거,재료,베이킹·제면·디저트용 재료,조리완성형 재료,반죽류(베이스),건조형 시트,"스펀지형, 단단, 달콤함, 바삭함, 흡수력좋음, 디저트용",,,,,,30,,
마카롱껍질,재료,베이킹·제면·디저트용 재료,조리완성형 재료,반죽류(베이스),건조형 시트,"단단, 바삭, 달콤함, 쫀득, 디저트용, 화려한색",,,,,,30,3,
다쿠아즈,재료,베이킹·제면·디저트용 재료,조리완성형 재료,시트류,견과 머랭형 시트,"부드럽고 고소, 달콤함, 폭신함, 견과류향, 디저트용",,,,,,30,5,
휘낭시에시트,재료,베이킹·제면·디저트용 재료,조리완성형 재료,시트류,견과 머랭형 시트,"고소, 촉촉, 버터풍미, 진한맛, 묵직함, 디저트용",,,,,,30,5,
땅콩시트,재료,베이킹·제면·디저트용 재료,조리완성형 재료,시트류,견과 머랭형 시트,"고소함, 견과류향, 묵직함, 단맛, 디저트용",,,,,,30,5,
땅콩가루,재료,베이킹·제면·디저트용 재료,조리보조 기능성 재료,가루류,견과가루,"고소함, 토핑용, 가루류, 견과류향, 입자감, 부재료",땅콩분태,,,,,90,30,30
코코넛가루,재료,베이킹·제면·디저트용 재료,조리보조 기능성 재료,가루류,견과가루,"달콤, 향미, 고소함, 코코넛향, 가루류, 베이킹용, 토핑용",코코넛파우더,,,,,90,60,60
아몬드가루,재료,베이킹·제면·디저트용 재료,조리보조 기능성 재료,가루류,견과가루,"부드럽고 고소, 가루류, 견과류향, 베이킹용, 저탄수","아몬드분말, 아몬드파우더",,,,2026-09-07,90,30,30
에그누들,재료,베이킹·제면·디저트용 재료,조리완성형 재료,면류,계란면,"노란색, 부드러움, 고소함, 계란함유, 동남아풍, 볶음용",계란면,,,,,,,180
에그롤시트,재료,베이킹·제면·디저트용 재료,조리완성형 재료,반죽류(피/피대체),계란피,"얇고 말기용, 계란함유, 고소함, 부드러움, 싸먹는용",,,,,,30,3,
보릿가루,재료,베이킹·제면·디저트용 재료,조리보조 기능성 재료,가루류,곡류가루,"담백, 고소, 가루류, 곡물향, 거친식감, 건강식",보리분말,,,,,180,,90
메밀가루,재료,베이킹·제면·디저트용 재료,조리보조 기능성 재료,가루류,곡류가루,"구수, 담백, 가루류, 곡물향, 회색, 건강식",메밀분말,,,,,180,,90
오트밀가루,재료,베이킹·제면·디저트용 재료,조리보조 기능성 재료,가루류,곡류가루,"섬유질, 담백, 가루류, 곡물향, 건강식, 다이어트",귀리가루,,,,,180,,90
찹쌀가루,재료,베이킹·제면·디저트용 재료,조리보조 기능성 재료,가루류,곡류가루,"찐득, 쫀득, 가루류, 점성강함, 떡용, 한식부재료","찹쌀분말, 건식 찹쌀가루, 습식 찹쌀가루, 마른 찹쌀가루, 습식찹쌀가루, 건식찹쌀가루",,,,2026-09-07,90,,30
쌀가루,재료,베이킹·제면·디저트용 재료,조리보조 기능성 재료,가루류,곡류가루,"담백, 글루텐프리, 가루류, 하얀색, 베이킹용, 떡용","맵쌀가루, 멥쌀가루, 습식 쌀가루, 홍국쌀가루",,,,2026-09-07,90,,30
밀전분,재료,베이킹·제면·디저트용 재료,조리보조 기능성 재료,전분류,곡물 전분,"묽음, 바인딩, 가루류, 투명화, 농도조절, 조리보조",밀녹말,전분가루,,,,365,,365
옥수수전분,재료,베이킹·제면·디저트용 재료,조리보조 기능성 재료,전분류,곡물 전분,"맑음, 응고, 가루류, 바삭함, 농도조절, 조리보조","콘스타치, 옥수수전분가루",전분가루,,,2026-09-07,365,,365
미숫가루,재료,베이킹·제면·디저트용 재료,조리보조 기능성 재료,가루류,곡물믹스가루,"고소함, 곡류베이스, 가루류, 진한맛, 음용가능, 한식",선식,,,,,180,60,60
옥수수수염가루,재료,베이킹·제면·디저트용 재료,조리보조 기능성 재료,가루류,기능성가루,"이뇨, 건강용, 가루류, 구수한향, 차용",옥수수수염,,,,2026-09-07,180,,180
아마씨가루,재료,베이킹·제면·디저트용 재료,조리보조 기능성 재료,가루류,기능성가루,"식이섬유, 고소, 가루류, 건강식, 견과류향",아마씨분말,아마씨,,,,90,30,30
녹두 국수,재료,베이킹·제면·디저트용 재료,조리완성형 재료,면류,기타면,"녹두베이스, 쫀득, 투명함, 담백함, 동남아풍, 샐러드용",녹두면,,,,,,,
영양쿠키믹스,재료,베이킹·제면·디저트용 재료,완제품/준완제품,빵류,기타빵,"고소, 옥수수향, 달콤함, 바삭함, 가루류, 간편조리",쿠키믹스,빵,,,,,,
옥수수빵,재료,베이킹·제면·디저트용 재료,완제품/준완제품,빵류,기타빵,"옥수수향, 고소함, 폭신함, 노란색, 구황작물, 식사빵",콘브레드,빵,,,,30,5,2
쌀빵,재료,베이킹·제면·디저트용 재료,완제품/준완제품,빵류,기타빵,"쌀베이스, 담백, 쫄깃함, 글루텐프리, 폭신함, 식사빵",,빵,,,,30,5,2
통밀빵,재료,베이킹·제면·디저트용 재료,완제품/준완제품,빵류,기타빵,"고소, 식이섬유, 거친식감, 짙은갈색, 건강식, 식사빵",,빵,,,,30,5,2
포카치아,재료,베이킹·제면·디저트용 재료,완제품/준완제품,빵류,기타빵,"허브향, 올리브오일, 폭신함, 쫄깃함, 이탈리아풍, 식사빵",,,,,,30,5,2
생지,재료,베이킹·제면·디저트용 재료,조리완성형 재료,반죽류(베이스),냉동 생지,"진한 풍미, 건강빵, 냉동보관, 조리필요, 기름짐, 베이킹용",,,,,,30,2,
메밀 냉면,재료,베이킹·제면·디저트용 재료,조리완성형 재료,면류,냉면류,"차가운 국물 최적, 담백함, 질긴식감, 구수함, 국물용, 한식",,냉면,,,,90,7,
밀면,재료,베이킹·제면·디저트용 재료,조리완성형 재료,면류,냉면류,"부드럽고 탄성, 쫄깃함, 매끄러움, 국물용, 한식",,냉면,,,,90,7,
쫄면,재료,베이킹·제면·디저트용 재료,조리완성형 재료,면류,냉면류,"탱탱하고 쫄깃, 노란색, 굵은면, 비빔용, 한식",쫄면사리,,,,,90,7,
납작당면,재료,베이킹·제면·디저트용 재료,조리완성형 재료,면류,당면,"넓고 투명, 쫄깃함, 전분질, 양념흡수, 찜용, 중식",중국당면,당면,,,,,,
당면,재료,베이킹·제면·디저트용 재료,조리완성형 재료,면류,당면,"고구마전분 기반, 쫄깃함, 투명함, 매끄러움, 잡채용, 한식","불린당면, 건당면, 마른 당면",,,,2026-09-07,,,
두부면,재료,베이킹·제면·디저트용 재료,조리완성형 재료,면류,대체면,"고단백, 저탄수, 담백함, 툭툭끊김, 다이어트, 건강식","두유면, 콩담백면",,,,2026-09-07,,7,
곤약면,재료,베이킹·제면·디저트용 재료,조리완성형 재료,면류,대체면,"저칼로리, 투명, 매끄러움, 수분많음, 탱글함, 다이어트",,,,,,,30,
애호박면,재료,베이킹·제면·디저트용 재료,조리완성형 재료,면류,대체면,"채소기반, 저탄수, 아삭함, 수분많음, 건강식, 볶음용",,,,,,,,
젤라틴,재료,베이킹·제면·디저트용 재료,조리보조 기능성 재료,응고제,동물성 응고제,"투명, 탄성, 응고제, 무향, 디저트용, 조리보조","판젤라틴, 가루젤라틴, 가루 젤라틴",,,,2026-09-07,,,365
만두피,재료,베이킹·제면·디저트용 재료,조리완성형 재료,반죽류(피/피대체),만두피,"얇고 쫄깃, 하얀색, 밀가루베이스, 속채움용, 조리필요",왕만두피,,,,2026-09-07,60,5,
메밀면,재료,베이킹·제면·디저트용 재료,조리완성형 재료,면류,메밀면,"담백, 글루텐프리, 구수함, 회색, 국물용, 비빔용","메밀국수, 메밀두유면",,,,2026-09-07,90,30,
묵가루,재료,베이킹·제면·디저트용 재료,조리보조 기능성 재료,응고제,묵베이스,"찰짐, 묵용, 가루류, 응고용, 전분질, 한식","묵분말, 도토리묵가루, 도토리가루",,,,2026-09-07,,,365
파운드케이크시트,재료,베이킹·제면·디저트용 재료,조리완성형 재료,시트류,묵직 단일 시트,"버터함유, 묵직, 단맛, 진한맛, 고소함, 디저트용",,,,,,30,,
춘권피,재료,베이킹·제면·디저트용 재료,조리완성형 재료,반죽류(피/피대체),밀피,"얇고 바삭, 밀가루베이스, 튀김용, 싸먹는용, 바삭함",,,,,,60,5,
비스킷시트,재료,베이킹·제면·디저트용 재료,조리완성형 재료,시트류,바삭형 시트,"단단, 바삭, 고소함, 달콤함, 묵직함, 디저트용",,,,,,30,7,
쿠키시트,재료,베이킹·제면·디저트용 재료,조리완성형 재료,시트류,바삭형 시트,"바삭, 토핑용, 달콤함, 고소함, 입자감, 디저트용",,,,,,30,7,
타르트시트,재료,베이킹·제면·디저트용 재료,조리완성형 재료,시트류,바삭형 시트,"바삭, 충전용, 고소함, 단단함, 담백함, 디저트용",,,,,,30,5,
파이지,재료,베이킹·제면·디저트용 재료,조리완성형 재료,시트류,바삭형 시트,"얇고 바삭, 여러겹, 버터풍미, 고소함, 베이킹용",,,,,,30,5,
박력분,재료,베이킹·제면·디저트용 재료,조리보조 기능성 재료,제분가루,박력분,"부드러움, 쿠키용, 가루류, 저글루텐, 제과용, 튀김옷용",박력밀가루,밀가루,,,,,,180
쌀떡,재료,베이킹·제면·디저트용 재료,조리완성형 재료,떡류,범용 떡류,"쫀득, 국/구이/조림용, 하얀색, 담백함, 점성있음, 한식",,떡,,,,90,5,
밀떡,재료,베이킹·제면·디저트용 재료,조리완성형 재료,떡류,범용 떡류,"글루텐, 단단함, 매끄러움, 하얀색, 떡볶이용, 한식",,떡,,,,90,5,
떡,재료,베이킹·제면·디저트용 재료,조리완성형 재료,떡류,범용 떡류,"쫀득, 다양용도, 쫄깃함, 쌀베이스, 고체형, 한식","떡사리, 찹쌀떡, 송편",,,,2026-09-07,90,5,
면,재료,베이킹·제면·디저트용 재료,조리완성형 재료,면류,범용면,"담백함, 매끄러움, 밀가루베이스, 조리필요, 주식","국수, 냉면",,,,2026-09-07,90,30,
호밀빵,재료,베이킹·제면·디저트용 재료,완제품/준완제품,빵류,범용빵,"기본빵, 포괄적, 고소함, 거친식감, 짙은색, 건강식, 식사빵",호밀식빵,,,,2026-09-07,30,,3
베이킹파우더,재료,베이킹·제면·디저트용 재료,조리보조 기능성 재료,팽창제,복합 팽창제,"산+염기 혼합, 팽창제, 가루류, 조리보조, 무취",,,,,,,,365
우리밀부침가루,재료,베이킹·제면·디저트용 재료,조리보조 기능성 재료,믹스가루,부침믹스,"국산밀, 바삭, 고소함, 짭짤함, 가루류, 전용믹스, 한식",국산부침가루,,,,,,,180
감자부침가루,재료,베이킹·제면·디저트용 재료,조리보조 기능성 재료,믹스가루,부침믹스,"감자베이스, 바삭, 쫄깃함, 고소함, 가루류, 전용믹스",,,,,,,,180
부침가루,재료,베이킹·제면·디저트용 재료,조리보조 기능성 재료,믹스가루,부침믹스,"밀베이스, 바삭, 짭짤함, 감칠맛, 가루류, 전용믹스, 한식","쌀부침가루, 메밀부침가루",,,,2026-09-07,,,180
빵가루,재료,베이킹·제면·디저트용 재료,조리보조 기능성 재료,토핑가루,빵가루,"바삭, 흡유성, 고소함, 입자감, 튀김옷용, 조리보조",,,,,,60,,30
칡전분,재료,베이킹·제면·디저트용 재료,조리보조 기능성 재료,전분류,뿌리 전분,"한방, 묵용, 가루류, 갈색, 점성있음, 건강식",칡녹말,전분가루,,,,,,365
칼국수면,재료,베이킹·제면·디저트용 재료,조리완성형 재료,면류,생면류,"넓고 부드러움, 쫄깃함, 가루묻음, 국물용, 한식",칼국수,,,,2026-09-05,90,5,
생면,재료,베이킹·제면·디저트용 재료,조리완성형 재료,면류,생면류,"즉석 조리용, 부드러움, 쫄깃함, 신선함, 다용도면",,,,,,90,,
우동면,재료,베이킹·제면·디저트용 재료,조리완성형 재료,면류,생면류,"두껍고 부드러움, 오동통함, 매끄러움, 국물용, 볶음용","우동사리, 우동, 사누끼우동면",,,,2026-09-07,90,7,
떡볶이떡,재료,베이킹·제면·디저트용 재료,조리완성형 재료,떡류,소형 떡류,"매운 양념 최적, 쫄깃함, 쫀득, 하얀색, 핑거푸드, 한식",조랭이떡,떡,,,2026-09-07,90,7,
옹심이,재료,베이킹·제면·디저트용 재료,조리완성형 재료,떡류,소형 떡류,"동그랗고 찰짐, 전분질, 쫀득, 국물용, 강원도풍","옹심이떡, 새알심",떡,,,,90,3,
빵,재료,베이킹·제면·디저트용 재료,완제품/준완제품,빵류,소형빵,"둥글고 부드러움, 폭신함, 담백함, 하얀색, 베이킹용","소금빵, 치아바타빵, 잡곡빵",빵,,,2026-09-07,30,,3
롤빵,재료,베이킹·제면·디저트용 재료,완제품/준완제품,빵류,소형빵,"달콤, 부드러움, 폭신함, 돌돌말린, 디저트용",,빵,,,,30,,3
우유빵,재료,베이킹·제면·디저트용 재료,완제품/준완제품,빵류,소형빵,"샌드형, 부드러움, 고소함, 우유향, 하얀색, 식사빵",,빵,,,,30,,3
모닝빵,재료,베이킹·제면·디저트용 재료,완제품/준완제품,빵류,소형빵,"속채움용, 부드러움, 담백함, 동그란형, 식사빵",모닝롤,빵,,,,30,,3
샐러드빵,재료,베이킹·제면·디저트용 재료,완제품/준완제품,빵류,소형빵,"버터향, 부드러움, 고소함, 촉촉함, 속채움용",사라다빵,빵,,,,,,
슈시트,재료,베이킹·제면·디저트용 재료,조리완성형 재료,시트류,속비움 충전용 시트,"속비움, 크림충전용, 가벼움, 바삭함, 부드러움, 디저트용",,,,,,30,,
제누아즈,재료,베이킹·제면·디저트용 재료,조리완성형 재료,시트류,스펀지형 시트,"폭신, 크림충전, 달콤함, 부드러움, 케이크용, 디저트용",,,,,,30,,
카스텔라시트,재료,베이킹·제면·디저트용 재료,조리완성형 재료,시트류,스펀지형 시트,"달콤, 폭신, 고소함, 촉촉함, 노란색, 디저트용",,,,,,30,,
스펀지케이크,재료,베이킹·제면·디저트용 재료,조리완성형 재료,시트류,스펀지형 시트,"가벼움, 층쌓기용, 달콤함, 폭신함, 케이크용, 디저트용",,,,,,30,,
핫케이크시트,재료,베이킹·제면·디저트용 재료,조리완성형 재료,시트류,스펀지형 시트,"폭신, 단일사용, 달콤함, 고소함, 브런치용, 노란색",,,,,,30,,
바닐라시트,재료,베이킹·제면·디저트용 재료,조리완성형 재료,시트류,스펀지형 시트,"기본향, 부드러움, 바닐라향, 달콤함, 케이크용, 디저트용",,,,,,30,,
버터롤,재료,베이킹·제면·디저트용 재료,완제품/준완제품,빵류,식빵류,"사각형, 얇음, 고소함, 버터풍미, 부드러움, 식사빵",버터롤빵,,,,,30,3,3
식빵,재료,베이킹·제면·디저트용 재료,완제품/준완제품,빵류,식빵류,"얇고 부드러움, 담백함, 하얀색, 슬라이스용, 샌드위치용","식빵시트, 샌드위치빵, 통밀식빵, 쌀식빵, 잡곡식빵, 통식빵",,,,2026-09-07,30,3,3
쌀국수면,재료,베이킹·제면·디저트용 재료,조리완성형 재료,면류,쌀면,"담백, 글루텐프리, 투명함, 매끄러움, 동남아풍, 국물용",쌀국수,,,,2026-09-07,,,180
찹쌀 국수,재료,베이킹·제면·디저트용 재료,조리완성형 재료,면류,쌀면,"쫀득, 국물용, 하얀색, 점성있음, 이색면, 한식",찹쌀면,,,,,,,180
멥쌀 국수,재료,베이킹·제면·디저트용 재료,조리완성형 재료,면류,쌀면,"부드럽고 담백, 하얀색, 매끄러움, 국물용, 한식",,,,,,,,180
라이스페이퍼,재료,베이킹·제면·디저트용 재료,조리완성형 재료,반죽류(피/피대체),쌀피,"투명하고 찰짐, 얇음, 싸먹는용, 동남아풍, 간편식",쌀종이,,,,2026-09-07,,,
롤케이크시트,재료,베이킹·제면·디저트용 재료,조리완성형 재료,시트류,얇은 겹침용 시트,"말기 용이, 부드러움, 유연함, 달콤함, 폭신함, 디저트용",,,,,,30,,
크레이프시트,재료,베이킹·제면·디저트용 재료,조리완성형 재료,시트류,얇은 겹침용 시트,"얇고 유연, 고소함, 여러겹, 부드러움, 디저트용",,,,,,30,,
떡국떡,재료,베이킹·제면·디저트용 재료,조리완성형 재료,떡류,얇은 떡류,"얇고 납작, 국물용, 하얀색, 쫄깃함, 쌀베이스, 한식",,떡,,,,90,7,
타피오카가루,재료,베이킹·제면·디저트용 재료,조리보조 기능성 재료,전분류,열대작물 전분,"쫀득, 투명, 가루류, 점성강함, 열대작물, 디저트부재료",타피오카전분,전분가루,,,,,,180
와플베이스,재료,베이킹·제면·디저트용 재료,조리완성형 재료,반죽류(베이스),와플반죽,"바삭, 틀사용, 달콤함, 고소함, 격자무늬, 디저트용",,,,,,30,3,
날콩가루,재료,베이킹·제면·디저트용 재료,조리보조 기능성 재료,가루류,원물가루,"콩향, 단단, 고소함, 가루류, 비린맛, 가열용, 한식부재료",생콩가루,,,,,90,30,30
표고버섯가루,재료,베이킹·제면·디저트용 재료,조리보조 기능성 재료,가루류,원물가루,"풍미가루, 감칠맛, 가루류, 버섯향, 진한맛, 조리보조, 천연조미료",표고분말,,,,,180,90,90
녹두가루,재료,베이킹·제면·디저트용 재료,조리보조 기능성 재료,가루류,원물가루,"고소, 담백, 가루류, 전분질, 녹두베이스, 부침용, 한식",녹두분말,,,,,,,180
전분,재료,베이킹·제면·디저트용 재료,조리보조 기능성 재료,전분류,일반 전분,"투명화, 농도조절, 가루류, 무향, 끈기있음, 조리보조, 점성강함","녹말, 전분가루, 전분물, 녹말가루, 변성전분",,,,2026-09-07,,,180
샤를로트케이크시트,재료,베이킹·제면·디저트용 재료,조리완성형 재료,시트류,장식용 시트,"장식용, 단단, 달콤함, 폭신함, 케이크용, 디저트용, 바삭함",,,,,,30,,
콜리플라워 도우,재료,베이킹·제면·디저트용 재료,조리완성형 재료,반죽류(베이스),저탄수 반죽,"채소베이스, 피자용, 담백함, 저탄수, 건강식, 다이어트, 구이용",,,,,,30,3,
프레첼,재료,베이킹·제면·디저트용 재료,완제품/준완제품,빵류,절단형빵,"길고 단단, 짭짤함, 고소함, 갈색, 식사빵, 간식용",프레즐,빵,,,,30,3,3
치아바타,재료,베이킹·제면·디저트용 재료,완제품/준완제품,빵류,절단형빵,"넓고 쫄깃, 담백함, 식사빵, 샌드위치용, 발효향, 하얀색",치아바타 빵,빵,,,2026-09-07,30,3,3
밀가루풀,재료,베이킹·제면·디저트용 재료,조리보조 기능성 재료,베이스류,접착베이스,"끈적, 농도조절, 액상, 점성강함, 접착용, 한식부재료, 무향",밀풀,,,,,,,
젤리시트,재료,베이킹·제면·디저트용 재료,조리완성형 재료,시트류,젤리/투명 시트,"투명, 쫀득, 응고제, 무향, 탱글함, 디저트용, 조리보조",,,,,,30,,
라면사리,재료,베이킹·제면·디저트용 재료,조리완성형 재료,면류,조리면류,"즉석조리, 튀김면, 쫄깃함, 짭짤함, 기름짐, 국물용, 간편식",,,,,,,,180
비빔면,재료,베이킹·제면·디저트용 재료,조리완성형 재료,면류,조리면류,"양념 비빔 최적, 쫄깃함, 매끄러움, 새콤달콤, 빠른조리, 간편식",,,,,,,,180
사리면,재료,베이킹·제면·디저트용 재료,조리완성형 재료,면류,조리면류,"곁들임용, 일반, 쫄깃함, 담백함, 빠른조리, 국물용, 간편식","사리, 면사리",,,,2026-09-07,,,180
중력분,재료,베이킹·제면·디저트용 재료,조리보조 기능성 재료,제분가루,중력분,"일반용, 다용도, 가루류, 밀가루베이스, 담백함, 조리보조, 하얀색",중력밀가루,밀가루,,,,,,180
밀가루,재료,베이킹·제면·디저트용 재료,조리보조 기능성 재료,제분가루,중력분,"표준용, 다용도, 가루류, 밀가루베이스, 담백함, 조리보조, 하얀색","소맥분, 밀, 찰밀가루",,,,2026-09-07,,,180
도삭면,재료,베이킹·제면·디저트용 재료,조리완성형 재료,면류,중식면,"두껍고 납작, 쫄깃함, 거친식감, 중식, 국물용, 볶음용",,,,,,30,,
중화면,재료,베이킹·제면·디저트용 재료,조리완성형 재료,면류,중식면,"기름 코팅, 쫄깃, 노란색, 매끄러움, 중식, 국물용, 볶음용",중식면,,,,,30,,
브라우니시트,재료,베이킹·제면·디저트용 재료,조리완성형 재료,시트류,진한맛 시트,"쫀득, 진한맛, 달콤함, 초콜릿향, 꾸덕함, 묵직함, 디저트용",,,,,,30,,
초코시트,재료,베이킹·제면·디저트용 재료,조리완성형 재료,시트류,진한맛 시트,"쌉쌀, 다용도, 달콤함, 초콜릿향, 폭신함, 케이크용, 디저트용",,,,,,30,,
찹쌀풀,재료,베이킹·제면·디저트용 재료,조리보조 기능성 재료,베이스류,찹쌀베이스,"접착, 찰짐, 액상, 점성강함, 한식부재료, 찹쌀베이스, 끈기있음",,,,,,,,
감자전분,재료,베이킹·제면·디저트용 재료,조리보조 기능성 재료,전분류,채소 전분,"부드러움, 응고, 가루류, 점성강함, 투명화, 농도조절, 조리보조","감자녹말, 감자전분가루",전분가루,,,2026-09-07,,,180
고구마전분,재료,베이킹·제면·디저트용 재료,조리보조 기능성 재료,전분류,채소 전분,"쫀득함, 묽음, 가루류, 점성강함, 투명화, 농도조절, 조리보조",고구마녹말,전분가루,,,,,,180
호밀사워종,재료,베이킹·제면·디저트용 재료,조리보조 기능성 재료,발효제,천연 발효종,"산미, 숙성, 발효향, 시큼함, 천연발효, 베이킹용, 액상",사워도우,,,,,30,,
발효종,재료,베이킹·제면·디저트용 재료,조리보조 기능성 재료,발효제,천연 발효종,"깊은 풍미, 발효향, 천연발효, 베이킹용, 효모, 액상","천연발효종, 르방",,,,2026-09-07,30,,
통밀가루,재료,베이킹·제면·디저트용 재료,조리보조 기능성 재료,제분가루,통밀분,"고소, 식이섬유, 가루류, 거친식감, 갈색, 건강식, 베이킹용",전립분,,,,,90,60,180
치킨튀김가루,재료,베이킹·제면·디저트용 재료,조리보조 기능성 재료,믹스가루,튀김믹스,"바삭, 고소, 가루류, 짭짤함, 감칠맛, 전용믹스, 튀김용",치킨파우더,,,,,90,90,180
튀김가루,재료,베이킹·제면·디저트용 재료,조리보조 기능성 재료,믹스가루,튀김믹스,"가벼움, 바삭, 가루류, 짭짤함, 감칠맛, 전용믹스, 튀김용",쌀 튀김가루,,,,2026-09-07,90,90,180
페투치네,재료,베이킹·제면·디저트용 재료,조리완성형 재료,면류,파스타면,"넓고 납작, 쫄깃함, 파스타면, 서양식, 크림소스최적, 조리필요",페투치니,,,,2026-09-07,,,
파스타면,재료,베이킹·제면·디저트용 재료,조리완성형 재료,면류,파스타면,"건조, 다양형태, 쫄깃함, 단단함, 서양식, 다용도면, 조리필요","스파게티면, 통밀스파게티, 백밀스파게티, 스파게티, 카펠리니, 링귀니면, 카펠리니면, 통밀파스타, 페투치네면",,,,2026-09-07,,,
마카로니,재료,베이킹·제면·디저트용 재료,조리완성형 재료,면류,파스타면,"짧고 튜브형, 쫄깃함, 파스타면, 서양식, 샐러드용, 그라탕용",,,,,,,,
라자냐 면,재료,베이킹·제면·디저트용 재료,조리완성형 재료,면류,파스타면,"판형, 층쌓기용, 쫄깃함, 파스타면, 서양식, 오븐요리용",,,,,,,,
팬케이크가루,재료,베이킹·제면·디저트용 재료,조리보조 기능성 재료,믹스가루,팬케이크믹스,"달콤, 부드러움, 가루류, 고소함, 전용믹스, 브런치용","팬케익믹스, 핫케이크가루",,,,,90,90,180
팬케이크베이스,재료,베이킹·제면·디저트용 재료,조리완성형 재료,반죽류(베이스),팬케이크반죽,"부드럽고 달콤, 액상, 고소함, 촉감부드러움, 브런치용",,,,,,30,2,
프렌치토스트베이스,재료,베이킹·제면·디저트용 재료,조리완성형 재료,반죽류(베이스),프렌치토스트용,"계란함유, 구이용, 액상, 고소함, 부드러움, 브런치용",,,,,,30,2,
도우,재료,베이킹·제면·디저트용 재료,조리완성형 재료,반죽류(베이스),피자용 반죽,"쫄깃, 발효향, 밀가루베이스, 피자용, 폭신함, 조리필요",피자도우,,,,,30,3,
누룩,재료,베이킹·제면·디저트용 재료,조리보조 기능성 재료,발효제,한식 발효제,"당화용, 전통, 발효된 맛, 한식부재료, 쿰쿰함, 발효향",,,,,,90,30,90
콩가루시트,재료,베이킹·제면·디저트용 재료,조리완성형 재료,시트류,향 특화 시트,"고소, 특유풍미, 견과류향, 단맛, 묵직함, 디저트용",,,,,,30,5,
콩시트,재료,베이킹·제면·디저트용 재료,조리완성형 재료,시트류,향 특화 시트,"고소, 단단, 견과류향, 단맛, 바삭함, 디저트용",,,,,,30,5,
코코아파우더,재료,베이킹·제면·디저트용 재료,조리보조 기능성 재료,가루류,향미가루,"초콜릿향, 쌉쌀, 가루류, 단맛, 짙은갈색, 베이킹용, 토핑용","코코아가루, 무가당 코코아파우더, 무가당 코코아 파우더",,,,2026-09-07,90,90,365
말차가루,재료,베이킹·제면·디저트용 재료,조리보조 기능성 재료,가루류,향미가루,"녹차향, 씁쓸, 가루류, 초록색, 떫은맛, 베이킹용, 토핑용","가루녹차, 말차파우더, 말차 파우더",,,,2026-09-07,90,30,180
캐롭가루,재료,베이킹·제면·디저트용 재료,조리보조 기능성 재료,가루류,향미가루,"초콜릿 대체, 가루류, 단맛, 고소함, 건강식, 베이킹용",,,,,,90,90,180
카카오가루,재료,베이킹·제면·디저트용 재료,조리보조 기능성 재료,가루류,향미가루,"쌉쌀, 진한향, 가루류, 초콜릿향, 짙은갈색, 베이킹용, 토핑용",카카오파우더,카카오,,,,90,90,365
베이킹소다,재료,베이킹·제면·디저트용 재료,조리보조 기능성 재료,팽창제,화학 팽창제,"산반응, 무취, 팽창제, 가루류, 조리보조, 하얀색",식소다,,,,,,,365
이스트,재료,베이킹·제면·디저트용 재료,조리보조 기능성 재료,발효제,효모,"팽창력, 특유향, 효모, 발효용, 베이킹용, 조리보조","효모, 인스턴트 드라이이스트, 드라이이스트, 드라이 이스트, 인스턴트드라이이스트",,,,2026-09-07,90,30,180
각얼음,재료,빙재료,조리용 얼음류,조리용 얼음류,,"냉각, 고체형, 차가움, 무향, 투명함, 음용전용",,얼음,,,,30,-,-
살얼음,재료,빙재료,조리용 얼음류,조리용 얼음류,,"냉각, 입자감, 차가움, 부드러움, 투명함, 국물용",,얼음,,,,10,-,-
얼음,재료,빙재료,조리용 얼음류,조리용 얼음류,,"냉각, 중립맛, 차가움, 투명함, 다용도",,,,,,30,-,-
건과일,재료,식재료 원물,과일류,과일,가공과일,"단맛, 과일향, 보존성, 쫄깃함, 말린것, 디저트용, 토핑용",드라이후르츠,,,,,90,60,180
건포도,재료,식재료 원물,과일류,과일,가공과일,"단맛, 식감추가, 쫄깃함, 말린것, 포도향, 베이킹용, 토핑용",,포도,,,,90,60,180
건크렌베리,재료,식재료 원물,과일류,과일,가공과일,"단맛, 신맛, 과일향, 쫄깃함, 빨간색, 말린것, 베이킹용",건크랜베리,,,,2026-09-07,90,60,180
배즙,재료,식재료 원물,과일류,과일,가공과일,"단맛, 신맛, 과일향, 액상, 맑음, 한식부재료, 연육작용",,,,,,90,14,
곶감,재료,식재료 원물,과일류,과일,가공과일,"단맛, 신맛, 과일향, 꾸덕함, 주황색, 쫄깃함, 한식디저트",,,,,,90,14,5
레몬제스트,재료,식재료 원물,과일류,과일,가공과일,"산미, 향긋함, 노란색, 시트러스향, 토핑용, 풍미보강",,레몬,,,,30,5,
라임즙,재료,식재료 원물,과일류,과일,가공과일,"산미, 향긋함, 액상, 시트러스향, 소스용, 잡내제거",,라임,,,,90,14,
피단,재료,식재료 원물,육류/수산/달걀,달걀/난류,가공란류,"감칠맛, 고단백, 가공란, 특수풍미, 저탄수, 탱글함, 중식",송화단,,,,,-,30,14
패티,재료,식재료 원물,육류/수산/달걀,가공육,가공육류,"감칠맛, 고기향, 다짐육, 고체형, 기름짐, 구이용, 서양식",고기패티,,,,,60,3,-
떡갈비,재료,식재료 원물,육류/수산/달걀,가공육,가공육류,"감칠맛, 달콤함, 고기향, 쫄깃함, 짭짤함, 구이용, 한식",,,,,,60,4,-
콩고기,재료,식재료 원물,육류/수산/달걀,가공육,가공육류,"고소함, 식감추가, 단백질, 식물성, 다이어트, 건강식, 볶음용","콩미트, 식물성고기",-,,,,60,5,-
비지,재료,식재료 원물,두류/콩류,가공콩류,가공콩류,"고소함, 부드러움, 식이섬유, 콩베이스, 거친식감, 국물용, 한식",콩비지,-,,,,30,2,
팥빙수용 단팥,재료,식재료 원물,두류/콩류,가공콩류,가공콩류,"단맛, 질감, 식감추가, 꾸덕함, 팥베이스, 디저트용, 토핑용",,팥,,,,90,10,
콩조림,재료,식재료 원물,두류/콩류,가공콩류,가공콩류,"단맛, 짠맛, 식감추가, 짭짤함, 콩베이스, 단단함, 밑반찬",콩자반,콩,,,2026-09-07,90,,
팥앙금,재료,식재료 원물,두류/콩류,두류,가공콩류,"단맛, 페이스트질감, 꾸덕함, 팥베이스, 부드러움, 디저트용",단팥,,,,,90,14,
베이크드빈,재료,식재료 원물,두류/콩류,두류,가공콩류,"단맛, 페이스트질감, 부드러움, 토마토소스, 콩베이스, 서양식","베이크드빈스, 베이크드 빈스, 베이크빈스",,,,2026-09-07,90,,365
콩고기너겟,재료,식재료 원물,두류/콩류,두류,가공콩류,"식물성단백, 고기향, 건강식, 바삭함, 튀김용, 다이어트",,-,,,,60,,
갈가자미,재료,식재료 원물,육류/수산/달걀,생선류,가자미류,"감칠맛, 담백함, 흰살생선, 부드러움, 생선류, 수산물, 가열용",,가자미살,,,,60,2,-
돌가자미,재료,식재료 원물,육류/수산/달걀,생선류,가자미류,"감칠맛, 담백함, 흰살생선, 부드러움, 생선류, 수산물, 가열용",,-,,,,60,2,-
범가자미,재료,식재료 원물,육류/수산/달걀,생선류,가자미류,"감칠맛, 담백함, 흰살생선, 부드러움, 생선류, 수산물, 가열용",,,,,,60,2,-
줄가자미,재료,식재료 원물,육류/수산/달걀,생선류,가자미류,"감칠맛, 담백함, 흰살생선, 부드러움, 생선류, 수산물, 가열용",,-,,,,60,2,-
가재,재료,식재료 원물,육류/수산/달걀,갑각류,가재류,"감칠맛, 식감추가, 단단함, 바다향, 갑각류, 수산물, 고급풍미",민물가재,-,,,,60,2,-
가지,재료,식재료 원물,채소류,열매채소류,가지류,"식감추가, 수분감, 부드러움, 보라색, 채소, 익혀먹는용, 나물용",건가지,,,,2026-09-07,,7,3
동갈치,재료,식재료 원물,육류/수산/달걀,생선류,갈치류,"감칠맛, 지방풍미, 부드러움, 생선류, 수산물, 기름짐, 가열용",,-,,,,60,2,-
알감자,재료,식재료 원물,채소류,뿌리채소류,감자류,"식감추가, 포만감, 담백함, 구황작물, 동그란형, 조림용, 한식",,감자,,,,,30,7
히카마,재료,식재료 원물,채소류,뿌리채소류,감자류,"식감추가, 수분감, 단맛, 아삭함, 채소, 뿌리채소, 생식용",얌빈,,,,,,20,7
돼지감자,재료,식재료 원물,채소류,뿌리채소류,감자류,"식감추가, 은은함, 담백함, 뿌리채소, 건강식, 아삭함",,,,,,,30,7
아피오스감자,재료,식재료 원물,채소류,뿌리채소류,감자류,"식감추가, 은은함, 밤맛, 고소함, 뿌리채소, 포실포실함",,,,,,,30,7
감자,재료,식재료 원물,채소류,뿌리채소류,감자류,"포만감, 담백함, 전분질, 묵직함, 구황작물, 채소, 익혀먹는용","알감자, 햇감자, 홍감자, 찐감자, 감자채, 수미감자, 통감자",감자,,,2026-09-07,,30,14
홍갓,재료,식재료 원물,채소류,잎채소류,갓류,"식감, 신선함, 향긋함, 알싸함, 빨간색, 잎채소, 김치용",,,,,,,5,1
돌산갓,재료,식재료 원물,채소류,잎채소류,갓류,"향긋함, 알싸함, 톡쏘는맛, 잎채소, 김치용, 쌉쌀함",,갓,,,,,5,1
갓,재료,식재료 원물,채소류,잎채소류,갓류,"향긋함, 은은함, 알싸함, 잎채소, 김치용, 한식","홍갓, 돌산갓, 청갓",,,,2026-09-07,,5,1
게장,재료,식재료 원물,육류/수산/달걀,가공육,게류,"짠맛, 감칠맛, 바다향, 짭짤함, 게베이스, 발효된 맛, 밑반찬","간장게장, 양념게장",,,,2026-09-07,60,7,-
새우패티,재료,식재료 원물,육류/수산/달걀,가공육,게류,"해산물향, 짠맛, 식감추가, 다짐육, 바삭함, 튀김용, 새우베이스",,-,,,,60,3,-
참게,재료,식재료 원물,육류/수산/달걀,갑각류,게류,"감칠맛, 바다향, 단단함, 갑각류, 수산물, 국물용, 한식",,-,,,,60,2,-
꽃게,재료,식재료 원물,육류/수산/달걀,갑각류,게류,"감칠맛, 바다향, 식감추가, 단단함, 갑각류, 수산물, 찜용","냉동 꽃게, 냉동꽃게",,,,2026-09-07,60,2,-
대게,재료,식재료 원물,육류/수산/달걀,갑각류,게류,"감칠맛, 바다향, 식감추가, 단단함, 갑각류, 수산물, 찜용",,,,,,60,2,-
홍게,재료,식재료 원물,육류/수산/달걀,갑각류,게류,"감칠맛, 바다향, 식감추가, 단단함, 갑각류, 수산물, 찜용",,,,,,60,2,-
방게,재료,식재료 원물,육류/수산/달걀,갑각류,게류,"감칠맛, 식감추가, 바삭함, 갑각류, 수산물, 조림용, 한식",,-,,,,60,2,-
호두유,재료,식재료 원물,견과/씨앗/고추류,견과류,견과가공류,"고소함, 풍미, 액상, 기름류, 견과류향, 고소함, 조리보조",,,,,,,180,180
브라질너트,재료,식재료 원물,견과/씨앗/고추류,견과류,견과류,"고소함, 건강지향, 견과류, 단단함, 묵직함, 생식용",,,,,,180,90,30
개암,재료,식재료 원물,견과/씨앗/고추류,견과류,견과류,"고소함, 식감추가, 견과류, 단단함, 디저트용, 토핑용",,,,,,180,90,30
도토리,재료,식재료 원물,견과/씨앗/고추류,견과류,견과류,"고소함, 식감추가, 떫은맛, 갈색, 묵용재료, 한식",,,,,,180,60,30
밤,재료,식재료 원물,견과/씨앗/고추류,견과류,견과류,"고소함, 식감추가, 단맛, 포실포실함, 구황작물, 견과류, 익혀먹는용","맛밤, 햇밤, 산밤, 깐밤",,,,2026-09-07,,30,7
연자육,재료,식재료 원물,견과/씨앗/고추류,견과류,견과류,"고소함, 식감추가, 담백함, 건강식, 약재향, 뿌리채소",,,,,,180,90,60
은행,재료,식재료 원물,견과/씨앗/고추류,견과류,견과류,"고소함, 식감추가, 쫀득, 쌉쌀함, 특유향, 가열용, 건강식",,,,,,180,60,14
잣,재료,식재료 원물,견과/씨앗/고추류,견과류,견과류,"고소함, 식감추가, 견과류향, 부드러움, 토핑용, 기름짐",,,,,,90,30,10
케쉬넛,재료,식재료 원물,견과/씨앗/고추류,견과류,견과류,"고소함, 식감추가, 견과류, 부드러움, 단맛, 기름짐",캐슈넛,,,,,180,90,30
너트,재료,식재료 원물,견과/씨앗/고추류,견과류,견과류,"고소함, 식감추가, 지방, 견과류, 단단함, 다용도","견과, 다진 견과류",,,,2026-09-07,180,90,30
헤이즐넛,재료,식재료 원물,견과/씨앗/고추류,견과류,견과류,"고소함, 식감추가, 지방, 견과류향, 향긋함, 디저트용",,,,,,180,90,30
피칸,재료,식재료 원물,견과/씨앗/고추류,견과류,견과류,"고소함, 식감추가, 지방, 견과류, 단맛, 떫은맛, 베이킹용",,,,,,180,90,30
피스타치오,재료,식재료 원물,견과/씨앗/고추류,견과류,견과류,"고소함, 식감추가, 지방, 초록색, 견과류, 독특한향",,,,,,180,90,30
땅콩,재료,식재료 원물,견과/씨앗/고추류,견과류,견과류,"고소함, 식감추가, 지방, 단백질, 견과류, 고소함, 볶음용",생땅콩,,,,2026-09-07,180,90,30
호두,재료,식재료 원물,견과/씨앗/고추류,견과류,견과류,"고소함, 식감추가, 지방, 식이섬유, 견과류, 쌉쌀함, 베이킹용",,,,,,180,90,30
아몬드,재료,식재료 원물,견과/씨앗/고추류,견과류,견과류,"고소함, 식감추가, 지방, 식이섬유, 견과류, 단단함, 다이어트","아몬드슬라이스, 통아몬드, 구운 아몬드",,,,2026-09-07,180,90,30
마카다미아,재료,식재료 원물,견과/씨앗/고추류,견과류,견과류,"고소함, 지방, 식감추가, 견과류, 부드러움, 진한맛, 기름짐",,,,,,180,90,30
난백,재료,식재료 원물,육류/수산/달걀,달걀/난류,계란류,"거품형성, 점도부여, 단백질, 저지방, 계란류, 하얀색, 무향, 조리보조","계란흰자, 흰자, 달걀 흰자",,,,2026-09-07,30,7,
달걀,재료,식재료 원물,육류/수산/달걀,달걀/난류,계란류,"담백함, 응고력, 풍미, 계란류, 단백질, 필수베이스, 고소함","계란, 노른자, 계란노른자, 달걀노른자, 반숙란, 달걀 노른자, 유정란, 왕란, 전란, 달걀물, 실온계란",,,,2026-09-07,-,30,7
호박고구마,재료,식재료 원물,채소류,뿌리채소류,고구마류,"달콤함, 포만감, 구황작물, 촉촉함, 노란색, 익혀먹는용, 전분질",,고구마,,,,30,30,14
벌꿀고구마,재료,식재료 원물,채소류,뿌리채소류,고구마류,"달콤함, 포만감, 구황작물, 진한맛, 끈적임, 익혀먹는용, 전분질",,고구마,,,,30,30,14
밤고구마,재료,식재료 원물,채소류,뿌리채소류,고구마류,"달콤함, 포만감, 구황작물, 포실포실함, 퍽퍽함, 익혀먹는용, 전분질",,고구마,,,,30,30,14
고구마,재료,식재료 원물,채소류,뿌리채소류,고구마류,"달콤함, 포만감, 구황작물, 전분질, 묵직함, 다용도, 익혀먹는용","호박고구마, 밤고구마, 찐고구마, 삶은 고구마, 찐 고구마",,,,2026-09-07,30,30,14
고구마줄기,재료,식재료 원물,채소류,뿌리채소류,고구마줄기,"식이섬유, 식감추가, 채소, 나물용, 아삭함, 쌉쌀함, 한식",고구마순,,,,,30,3,
자반고등어,재료,식재료 원물,육류/수산/달걀,생선류,고등어류,"감칠맛, 짠맛, 지방풍미, 생선류, 수산물, 기름짐, 가공육, 가열용",간고등어,순살고등어,,,,60,3,-
고추씨,재료,식재료 원물,견과/씨앗/고추류,고추류,고추류,"매운맛, 향긋함, 알싸함, 가루류, 씨앗, 풍미보강, 조리보조",,고추,,,,180,30,90
청양고추,재료,식재료 원물,견과/씨앗/고추류,고추류,고추류,"매운맛, 알싸함, 강한매운맛, 붉은색, 초록색, 필수베이스, 향신채","땡초, 홍청양고추, 다진 청양고추, 다진청양고추",고추,,,2026-09-07,60,10,
홍고추,재료,식재료 원물,견과/씨앗/고추류,고추류,고추류,"매운맛, 색감, 붉은색, 향신채, 아삭함, 토핑용, 고명용","빨간고추, 붉은고추, 청양홍고추, 건홍고추, 다진 홍고추",고추,,,2026-09-07,60,10,
베트남고추,재료,식재료 원물,견과/씨앗/고추류,고추류,고추류,"매운맛, 강한매운맛, 향신료, 건조형, 작은크기, 동남아풍","베트남 건고추, 베트남건고추, 프릭키누",고추,,,2026-09-07,180,90,
매운고추,재료,식재료 원물,견과/씨앗/고추류,고추류,고추류,"매운맛, 알싸함, 향신채, 자극적, 볶음용, 국물용",,고추,,,,60,10,
할라피뇨,재료,식재료 원물,견과/씨앗/고추류,고추류,고추류,"매운맛, 식감추가, 아삭함, 산미, 절임용, 서양식, 멕시코풍",할라페뇨,,,,,60,14,
풋고추,재료,식재료 원물,견과/씨앗/고추류,고추류,고추류,"매운맛, 식감추가, 아삭함, 청량감, 초록색, 생식용, 한식",,고추,,,,60,10,
고추,재료,식재료 원물,견과/씨앗/고추류,고추류,고추류,"매운맛, 색감, 알싸함, 향신채, 필수베이스, 다용도","청고추, 청홍고추, 삭힌고추, 삭힌 고추, 마른고추, 다진고추, 마른 고추, 매운 건고추, 다진 고추, 말린 고추",,,,2026-09-07,60,10,
오이고추,재료,식재료 원물,견과/씨앗/고추류,고추류,고추류,"식감추가, 아삭함, 수분감, 안매운맛, 초록색, 생식용, 채소","아삭이고추, 오이맛고추",고추,,,2026-09-07,60,10,
꽈리고추,재료,식재료 원물,견과/씨앗/고추류,고추류,고추류,"식감추가, 알싸함, 굴곡진형태, 볶음용, 조림용, 채소, 한식",,고추,,,,60,,
방울토마토,재료,식재료 원물,과일류,과일,과일,"감칠맛, 산미, 단맛, 수분감, 빨간색, 한입크기, 샐러드용",,토마토,,,,60,10,3
올리브,재료,식재료 원물,과일류,과일,과일,"감칠맛, 식감추가, 짠맛, 기름짐, 절임용, 서양식, 토핑용","블랙올리브, 그린올리브",,,,2026-09-07,,30,7
파인애플,재료,식재료 원물,과일류,과일,과일,"단맛, 산미, 과일향, 즙많음, 연육작용, 노란색, 열대과일",,,,,,60,5,2
체리,재료,식재료 원물,과일류,과일,과일,"단맛, 산미, 과일향, 빨간색, 작은크기, 디저트용, 토핑용",,,,,,30,5,1
수박,재료,식재료 원물,과일류,과일,과일,"단맛, 수분감, 청량감, 초록색, 빨간색, 과일, 생식용",,,,,,30,3,1
홍시,재료,식재료 원물,과일류,과일,과일,"단맛, 식감추가, 부드러움, 주황색, 걸쭉함, 디저트용, 가공과일",,,,,,30,7,2
참외,재료,식재료 원물,과일류,과일,과일,"단맛, 식감추가, 수분감, 아삭함, 노란색, 하얀색, 과일",,,,,,30,7,2
배,재료,식재료 원물,과일류,과일,과일,"단맛, 식감추가, 수분감, 아삭함, 하얀색, 연육작용, 한식부재료",갈배,,,,2026-09-07,60,21,5
바나나,재료,식재료 원물,과일류,과일,과일,"단맛, 식감추가, 부드러움, 포만감, 노란색, 열대과일, 든든함",,,,,,,,5
두리안,재료,식재료 원물,과일류,과일,과일,"단맛, 신맛, 과일향, 특유향, 묵직함, 열대과일, 고급풍미",,,,,,60,3,1
다래,재료,식재료 원물,과일류,과일,과일,"단맛, 신맛, 과일향, 작은크기, 초록색, 산딸기류, 상큼함",,,,,,30,5,2
대추야자,재료,식재료 원물,과일류,과일,과일,"단맛, 신맛, 과일향, 말린것, 꾸덕함, 끈적임, 건강식",,,,,,180,60,30
구아바,재료,식재료 원물,과일류,과일,과일,"단맛, 신맛, 과일향, 열대과일, 상큼함, 즙많음, 디저트용",,,,,,30,5,2
살구,재료,식재료 원물,과일류,과일,과일,"단맛, 신맛, 과일향, 주황색, 부드러움, 상큼함, 보들보들",,,,,,30,4,1
용과,재료,식재료 원물,과일류,과일,과일,"단맛, 신맛, 과일향, 열대과일, 수분감, 담백함, 화려한색",,,,,,30,5,2
샤인머스캣,재료,식재료 원물,과일류,과일,과일,"단맛, 신맛, 과일향, 포도향, 아삭함, 연두색, 고급풍미",,,,,,60,14,3
홍옥,재료,식재료 원물,과일류,과일,과일,"단맛, 신맛, 과일향, 사과향, 빨간색, 아삭함, 상큼함",,,,,,60,30,7
백도,재료,식재료 원물,과일류,과일,과일,"단맛, 신맛, 과일향, 복숭아향, 하얀색, 부드러움, 달콤함",,,,,,30,3,1
잭프루트,재료,식재료 원물,과일류,과일,과일,"단맛, 신맛, 과일향, 열대과일, 쫄깃함, 큰크기, 노란색",,,,,,60,5,2
부사,재료,식재료 원물,과일류,과일,과일,"단맛, 신맛, 과일향, 사과향, 아삭함, 빨간색, 식사대용",,,,,,60,30,7
백향과,재료,식재료 원물,과일류,과일,과일,"단맛, 신맛, 과일향, 패션후르츠, 산미, 씨앗식감, 열대과일",,,,,,60,14,5
머루,재료,식재료 원물,과일류,과일,과일,"단맛, 신맛, 과일향, 포도향, 작은크기, 짙은보라색, 야생과일",,,,,,30,4,1
파파야,재료,식재료 원물,과일류,과일,과일,"단맛, 신맛, 과일향, 열대과일, 부드러움, 주황색, 즙많음",,,,,,90,7,3
라즈베리,재료,식재료 원물,과일류,과일,과일,"단맛, 신맛, 과일향, 베리향, 빨간색, 상큼함, 디저트용",,,,,,30,3,
구즈베리,재료,식재료 원물,과일류,과일,과일,"단맛, 신맛, 과일향, 베리향, 산미, 작은크기, 상큼함",,,,,,30,5,2
리치,재료,식재료 원물,과일류,과일,과일,"단맛, 신맛, 과일향, 열대과일, 하얀색, 쫄깃함, 투명함",,,,,,60,5,2
복분자,재료,식재료 원물,과일류,과일,과일,"단맛, 신맛, 과일향, 베리향, 짙은보라색, 상큼함, 건강식",,,,,,60,3,
애플망고,재료,식재료 원물,과일류,과일,과일,"단맛, 신맛, 과일향, 망고향, 부드러움, 주황색, 고급풍미",,,,,,90,7,3
연시,재료,식재료 원물,과일류,과일,과일,"단맛, 신맛, 과일향, 감향, 부드러움, 주황색, 말랑함",,,,,,30,5,2
람부탄,재료,식재료 원물,과일류,과일,과일,"단맛, 신맛, 과일향, 열대과일, 하얀색, 쫄깃함, 화려한색",,,,,,60,5,2
귤,재료,식재료 원물,과일류,과일,과일,"단맛, 신맛, 과일향, 시트러스향, 주황색, 즙많음, 상큼함",,,,,,,14,7
설향,재료,식재료 원물,과일류,과일,과일,"단맛, 신맛, 과일향, 딸기향, 빨간색, 부드러움, 상큼함",,,,,,30,4,
멜론,재료,식재료 원물,과일류,과일,과일,"단맛, 신맛, 과일향, 수분감, 부드러움, 초록색, 고급풍미",메론,,,,,60,7,3
황도,재료,식재료 원물,과일류,과일,과일,"단맛, 신맛, 과일향, 복숭아향, 노란색, 부드러움, 달콤함",,,,,,60,5,2
으름,재료,식재료 원물,과일류,과일,과일,"단맛, 신맛, 과일향, 야생과일, 부드러움, 특이한형태, 달콤함",,,,,,30,4,2
대추,재료,식재료 원물,과일류,과일,과일,"단맛, 신맛, 과일향, 한식부재료, 갈색, 쫄깃함, 건강식",,,,,,365,180,180
오디,재료,식재료 원물,과일류,과일,과일,"단맛, 신맛, 과일향, 베리향, 짙은보라색, 수분감, 상큼함",,,,,,30,3,
비파,재료,식재료 원물,과일류,과일,과일,"단맛, 신맛, 과일향, 노란색, 부드러움, 상큼함, 희귀과일",,,,,,30,5,2
레드향,재료,식재료 원물,과일류,과일,과일,"단맛, 신맛, 과일향, 시트러스향, 주황색, 즙많음, 고급풍미",,,,,,,14,7
캠벨얼리,재료,식재료 원물,과일류,과일,과일,"단맛, 신맛, 과일향, 포도향, 짙은보라색, 즙많음, 달콤함",,,,,,90,7,3
무화과,재료,식재료 원물,과일류,과일,과일,"단맛, 신맛, 과일향, 부드러움, 씨앗식감, 짙은빨간색, 독특한향",,,,,,30,3,1
천도,재료,식재료 원물,과일류,과일,과일,"단맛, 신맛, 과일향, 복숭아향, 매끄러움, 상큼함, 단단함",,,,,,60,7,3
금귤,재료,식재료 원물,과일류,과일,과일,"단맛, 신맛, 과일향, 시트러스향, 작은크기, 껍질째먹는용",,,,,,,14,7
천중도,재료,식재료 원물,과일류,과일,과일,"단맛, 신맛, 과일향, 복숭아향, 분홍색, 아삭함, 달콤함",,,,,,60,7,3
자두,재료,식재료 원물,과일류,과일,과일,"단맛, 신맛, 과일향, 상큼함, 빨간색, 과즙많음, 여름과일",대석자두,,,,2026-09-07,60,7,3
버찌,재료,식재료 원물,과일류,과일,과일,"단맛, 신맛, 과일향, 작은크기, 짙은빨간색, 상큼함, 체리향",,,,,,30,3,
애플수박,재료,식재료 원물,과일류,과일,과일,"단맛, 신맛, 과일향, 수박향, 작은크기, 얇은껍질, 수분감",,,,,,60,7,3
돌배,재료,식재료 원물,과일류,과일,과일,"단맛, 신맛, 과일향, 단단함, 산미, 한식부재료, 건강식",,,,,,90,14,5
아오리,재료,식재료 원물,과일류,과일,과일,"단맛, 신맛, 과일향, 사과향, 초록색, 아삭함, 상큼함",,,,,,90,14,7
레드글로브,재료,식재료 원물,과일류,과일,과일,"단맛, 신맛, 과일향, 포도향, 빨간색, 아삭함, 씨앗있음",,,,,,90,7,3
감홍,재료,식재료 원물,과일류,과일,과일,"단맛, 신맛, 과일향, 사과향, 빨간색, 짙은단맛, 아삭함",,,,,,90,14,7
아떼모야,재료,식재료 원물,과일류,과일,과일,"단맛, 신맛, 과일향, 열대과일, 부드러움, 슈가애플, 달콤함",,,,,,60,7,3
플럼코트,재료,식재료 원물,과일류,과일,과일,"단맛, 신맛, 과일향, 자두향, 살구향, 하이브리드, 상큼함",,,,,,60,7,3
아세로라,재료,식재료 원물,과일류,과일,과일,"단맛, 신맛, 과일향, 비타민C, 빨간색, 상큼함, 건강식",,,,,,30,3,
거봉,재료,식재료 원물,과일류,과일,과일,"단맛, 신맛, 과일향, 포도향, 큰알, 짙은보라색, 달콤함",,,,,,90,7,3
홍아람,재료,식재료 원물,과일류,과일,과일,"단맛, 신맛, 과일향, 포도향, 붉은색, 아삭함, 상큼함",,,,,,90,14,7
모과,재료,식재료 원물,과일류,과일,과일,"단맛, 신맛, 과일향, 단단함, 특유향, 노란색, 청용, 차용",,,,,,,14,14
옥광,재료,식재료 원물,과일류,과일,과일,"단맛, 신맛, 과일향, 밤맛, 고소함, 단단함, 밤류",,,,,,90,14,5
앵두,재료,식재료 원물,과일류,과일,과일,"단맛, 신맛, 과일향, 작은크기, 빨간색, 상큼함, 과즙많음",,,,,,30,3,
감,재료,식재료 원물,과일류,과일,과일,"단맛, 신맛, 과일향, 주황색, 단단함, 떫은맛, 가을과일",,,,,,60,14,7
엘더베리,재료,식재료 원물,과일류,과일,과일,"단맛, 신맛, 과일향, 베리향, 짙은색, 건강식, 디저트용",,,,,,30,3,
블랙커런트,재료,식재료 원물,과일류,과일,과일,"단맛, 신맛, 과일향, 베리향, 산미, 보라색, 건강식",,,,,,30,3,
탱자,재료,식재료 원물,과일류,과일,과일,"단맛, 신맛, 과일향, 시트러스향, 노란색, 강한산미, 약재용",,,,,,90,14,5
대추토마토,재료,식재료 원물,과일류,과일,과일,"단맛, 신맛, 과일향, 아삭함, 대추형태, 빨간색, 노란색, 샐러드용","대추방울토마토, 방토",,,,2026-09-07,60,7,3
블랙베리,재료,식재료 원물,과일류,과일,과일,"단맛, 신맛, 과일향, 베리향, 짙은검은색, 상큼함, 디저트용",,,,,,30,3,1
단감,재료,식재료 원물,과일류,과일,과일,"단맛, 신맛, 과일향, 주황색, 아삭함, 달콤함, 가을과일",,,,,,60,14,5
복숭아,재료,식재료 원물,과일류,과일,과일,"단맛, 향긋함, 복숭아향, 부드러움, 분홍색, 여름과일, 과즙많음","황도, 백도, 천도, 신비복숭아, 천도복숭아",,,,2026-09-07,30,5,2
망고,재료,식재료 원물,과일류,과일,과일,"단맛, 향긋함, 망고향, 노란색, 부드러움, 열대과일, 짙은단맛",애플망고,,,,,60,7,3
딸기,재료,식재료 원물,과일류,과일,과일,"단맛, 향긋함, 딸기향, 빨간색, 부드러움, 상큼함, 디저트용","설향, 생딸기",딸기,,,2026-09-07,30,4,1
포도,재료,식재료 원물,과일류,과일,과일,"단맛, 향긋함, 포도향, 짙은보라색, 과즙많음, 달콤함, 다용도","거봉, 샤인머스캣, 캠벨얼리, 샤인머스켓, 포도즙",,,,2026-09-07,60,7,2
사과,재료,식재료 원물,과일류,과일,과일,"단맛, 향긋함, 사과향, 빨간색, 아삭함, 필수과일, 다용도","홍옥, 부사, 아오리, 사과즙",,,,2026-09-05,90,30,7
망고스틴,재료,식재료 원물,과일류,과일,과일,"단맛, 향긋함, 열대과일, 하얀색, 마늘형태, 새콤달콤, 고급풍미",,,,,,30,5,2
한라봉,재료,식재료 원물,과일류,과일,과일,"산미, 과일향, 즙많음, 시트러스향, 주황색, 울퉁불퉁, 상큼함",,,,,,60,14,7
아로니아,재료,식재료 원물,과일류,과일,과일,"산미, 떫은맛, 베리향, 짙은검은색, 단단함, 건강식, 가루용",,,,,,90,7,2
매실,재료,식재료 원물,과일류,과일,과일,"산미, 발효된 맛, 초록색, 상큼함, 한식부재료, 청용, 소화기능",청매실,,,,2026-09-07,90,14,3
키위,재료,식재료 원물,과일류,과일,과일,"산미, 향긋함, 초록색, 갈색털, 새콤달콤, 수분감, 연육작용","골드키위, 그린키위",,,,2026-09-07,60,14,5
크랜베리,재료,식재료 원물,과일류,과일,과일,"산미, 향긋함, 베리향, 빨간색, 단단함, 상큼함, 건조용",베리류,,,,2026-09-07,90,14,3
청귤,재료,식재료 원물,과일류,과일,과일,"산미, 향긋함, 시트러스향, 초록색, 상큼함, 청용, 차용",,,,,,60,14,5
자몽,재료,식재료 원물,과일류,과일,과일,"산미, 향긋함, 시트러스향, 붉은색, 쓴맛, 과즙많음, 다이어트",,,,,,60,20,7
유자,재료,식재료 원물,과일류,과일,과일,"산미, 향긋함, 시트러스향, 노란색, 강한향, 청용, 한식부재료",,,,,,60,14,5
오미자,재료,식재료 원물,과일류,과일,과일,"산미, 향긋함, 다섯가지맛, 빨간색, 작은크기, 청용, 차용",,,,,,90,7,2
오렌지,재료,식재료 원물,과일류,과일,과일,"산미, 향긋함, 시트러스향, 주황색, 과즙많음, 상큼함, 비타민",,,,,,60,20,7
석류,재료,식재료 원물,과일류,과일,과일,"산미, 향긋함, 빨간색, 알갱이식감, 새콤달콤, 건강식, 여성용",,,,,,60,20,7
산딸기,재료,식재료 원물,과일류,과일,과일,"산미, 향긋함, 베리향, 빨간색, 작은크기, 상큼함, 야생과일",,,,,,30,3,1
블루베리,재료,식재료 원물,과일류,과일,과일,"산미, 향긋함, 베리향, 짙은보라색, 작은크기, 건강식, 눈건강",냉동블루베리,,,,2026-09-07,90,7,2
레몬,재료,식재료 원물,과일류,과일,과일,"산미, 향긋함, 시트러스향, 노란색, 강한산미, 잡내제거, 소스용","레몬즙, 레몬주스",,,,2026-09-07,60,20,7
라임,재료,식재료 원물,과일류,과일,과일,"산미, 향긋함, 시트러스향, 초록색, 강한산미, 동남아풍, 소스용",,,,,,60,14,5
감귤,재료,식재료 원물,과일류,과일,과일,"산미, 향긋함, 시트러스향, 주황색, 과즙많음, 겨울과일, 상큼함",,,,,,60,14,5
완숙토마토,재료,식재료 원물,과일류,과일,과일,"산미, 식감추가, 수분감, 감칠맛, 빨간색, 요리용, 채소",,토마토,,,,60,7,3
아보카도,재료,식재료 원물,과일류,과일,과일,"식감추가, 은은함, 기름짐, 고소함, 초록색, 크리미함, 숲의버터",,,,,,30,7,3
코코넛,재료,식재료 원물,과일류,과일,과일,"식감추가, 향긋함, 코코넛향, 하얀색, 고소함, 열대작물, 즙많음",코코넛워터,,,,2026-09-07,90,14,7
박고지,재료,식재료 원물,과일류,과일,과일,"식감추가, 은은함, 채소, 말린것, 쫄깃함, 나물용, 한식",말린박,박,,,,180,30,
양고기,재료,식재료 원물,육류/수산/달걀,육류,기타 육류,"특이한 풍미, 거친 식감, 진한맛, 고기향, 기름짐, 구이용, 기타육류","머튼, 램",,,,,90,4,-
고래고기,재료,식재료 원물,육류/수산/달걀,육류,기타 육류,"특이한 풍미, 거친 식감, 수산물향, 기름짐, 붉은색, 기타육류, 특수부위",,,,,,60,2,-
토끼고기,재료,식재료 원물,육류/수산/달걀,육류,기타 육류,"특이한 풍미, 거친 식감, 담백함, 저지방, 질긴식감, 기타육류, 가열용",,,,,,90,4,-
꿩고기,재료,식재료 원물,육류/수산/달걀,육류,기타 육류,"특이한 풍미, 거친 식감, 담백함, 조류, 국물용, 한식, 건강식",,,,,,90,4,-
메추리고기,재료,식재료 원물,육류/수산/달걀,육류,기타 육류,"특이한 풍미, 거친 식감, 담백함, 조류, 작은크기, 구이용, 가열용",,,,,,90,4,-
거위고기,재료,식재료 원물,육류/수산/달걀,육류,기타 육류,"특이한 풍미, 거친 식감, 기름짐, 조류, 진한맛, 고기향, 가열용",,,,,,90,4,-
염소고기,재료,식재료 원물,육류/수산/달걀,육류,기타 육류,"특이한 풍미, 거친 식감, 진한맛, 특유향, 건강식, 국물용, 한식",흑염소,,,,,90,4,-
칠면조고기,재료,식재료 원물,육류/수산/달걀,육류,기타 육류,"특이한 풍미, 거친 식감, 담백함, 조류, 훈제용, 서양식, 대용량",터키,,,,,90,4,-
말고기,재료,식재료 원물,육류/수산/달걀,육류,기타 육류,"특이한 풍미, 거친 식감, 저지방, 담백함, 붉은색, 기타육류, 생식용",,,,,,90,4,-
유부,재료,식재료 원물,육류/수산/달걀,가공육,기타가공육,"고소함, 튀긴것, 콩베이스, 가공품, 기름짐, 쫄깃함, 속채움용",,,,,,,,
마늘버터칩,재료,식재료 원물,육류/수산/달걀,가공육,기타가공육,"고소함, 마늘향, 버터풍미, 바삭함, 달콤함, 토핑용, 과자류",마늘칩,,,,2026-09-07,60,14,-
곤약,재료,식재료 원물,기타 기능성 식재료,기타생식재료,기타생식재료,"식감추가, 탱글함, 무향, 저칼로리, 다이어트, 수분감, 한식부재료",,,,,,,30,
아주까리,재료,식재료 원물,기타 기능성 식재료,기타생식재료,기타생식재료,"식물성기름, 독성주의, 나물용, 고소함, 거친식감, 잎채소, 한식",피마자,,,,,60,5,
삼나무,재료,식재료 원물,기타 기능성 식재료,기타생식재료,기타생식재료,"은은함, 향취, 연기향, 훈연용, 나무향, 조리보조, 풍미보강",,,,,,,,
당귀,재료,식재료 원물,기타 기능성 식재료,기타생식재료,기타생식재료,"향긋함, 약초향, 쌉쌀함, 건강식, 한식부재료, 잎채소, 쌈채소",당귀잎,,,,2026-09-07,30,7,
알뿌리,재료,식재료 원물,채소류,뿌리채소류,기타알뿌리류,"향긋함, 약재성, 식감, 뿌리채소, 단단함, 흙내음, 가열용",,,,,,60,30,14
야콘,재료,식재료 원물,채소류,뿌리채소류,기타알뿌리류,"단맛, 식감추가, 수분감, 아삭함, 뿌리채소, 생식용, 건강식",,,,,,,30,10
노각지,재료,식재료 원물,채소류,잎채소류,기타잎채소,"식감, 신선함, 향긋함, 수분감, 아삭함, 채소, 절임용, 한식",,,,,,,,
쌈무,재료,식재료 원물,채소류,잎채소류,기타잎채소,"식감, 신선함, 향긋함, 산미, 아삭함, 단맛, 쌈채소, 하얀색",,,,,,,,
아티초크,재료,식재료 원물,채소류,잎채소류,기타잎채소,"식감추가, 은은함, 담백함, 서양식, 채소, 고급풍미, 통조림용",,,,,,30,7,2
순채,재료,식재료 원물,채소류,잎채소류,기타잎채소,"식감추가, 은은함, 매끄러움, 수분감, 채소, 국물용, 한식",,,,,,,3,
공심채,재료,식재료 원물,채소류,잎채소류,기타잎채소,"식감추가, 은은함, 아삭함, 볶음용, 동남아풍, 채소, 잎채소",모닝글로리,,,,,30,5,2
라디초,재료,식재료 원물,채소류,잎채소류,기타잎채소,"쓴맛, 식감추가, 아삭함, 보라색, 잎채소, 샐러드용, 서양식",,,,,,,7,3
치커리,재료,식재료 원물,채소류,잎채소류,기타잎채소,"쓴맛, 식감추가, 아삭함, 초록색, 잎채소, 샐러드용, 쌈채소","라디초, 레드치커리",,,,,30,5,2
치콘,재료,식재료 원물,채소류,잎채소류,기타잎채소,"쓴맛, 은은함, 아삭함, 하얀색, 잎채소, 샐러드용, 서양식",,,,,,,7,2
영아자,재료,식재료 원물,채소류,잎채소류,기타잎채소,"은은함, 식감추가, 나물용, 채소, 잎채소, 한식, 향긋함",,,,,,30,5,2
근대,재료,식재료 원물,채소류,잎채소류,기타잎채소,"은은함, 식감추가, 부드러움, 채소, 잎채소, 국물용, 한식",적근대,,,,2026-09-07,30,5,2
고춧잎,재료,식재료 원물,채소류,잎채소류,기타잎채소,"향긋함, 식감추가, 쌉쌀함, 나물용, 채소, 잎채소, 한식",고추잎,고추류,,,,30,5,2
파프리카,재료,식재료 원물,채소류,잎채소류,기타채소류,"단맛, 식감, 색감, 샐러드용, 아삭함, 수분감, 필수채소, 다용도","피망, 홍피망, 청피망, 미니파프리카, 빨간파프리카, 노란파프리카, 빨강파프리카, 홍파프리카, 노랑파프리카, 황색 파프리카, 미니 파프리카, 적파프리카, 홍 파프리카",,,,2026-09-07,60,10,3
토마토,재료,식재료 원물,채소류,잎채소류,기타채소류,"단맛, 식감, 색감, 샐러드용, 산미, 감칠맛, 수분감, 필수채소","완숙토마토, 방울토마토, 찰토마토, 대저토마토",,,,2026-09-07,60,7,3
수세미,재료,식재료 원물,채소류,잎채소류,기타채소류,"식감, 신선함, 향긋함, 채소, 즙용, 차용, 한식부재료",,,,,,,7,3
김밥김,재료,식재료 원물,육류/수산/달걀,해조류,김류,"감칠맛, 짠맛, 식감추가, 바다향, 김류, 해조류, 싸먹는용","김밥용김, 김밥용 구운김",김,,,2026-09-07,180,,90
김가루,재료,식재료 원물,육류/수산/달걀,해조류,김류,"감칠맛, 짠맛, 식감추가, 바다향, 김류, 토핑용, 고명용","조미김가루, 조미 김가루",김,,,2026-09-07,90,,30
초밥김,재료,식재료 원물,육류/수산/달걀,해조류,김류,"감칠맛, 식감추가, 은은함, 바다향, 김류, 해조류, 일식",,-,,,,180,,90
파래,재료,식재료 원물,육류/수산/달걀,해조류,김류,"감칠맛, 짠맛, 식감추가, 바다향, 해조류, 초록색, 무침용","물파래, 파래가루",,,,2026-09-07,30,2,
조미김,재료,식재료 원물,육류/수산/달걀,해조류,김류,"감칠맛, 짠맛, 식감추가, 바다향, 김류, 기름짐, 밑반찬",,김,,,,90,,30
돌자반,재료,식재료 원물,육류/수산/달걀,해조류,김류,"감칠맛, 짠맛, 식감추가, 바다향, 김류, 바삭함, 토핑용",,김,,,,90,,30
다시마,재료,식재료 원물,육류/수산/달걀,해조류,김류,"감칠맛, 짠맛, 식감추가, 바다향, 해조류, 육수용, 필수베이스","건다시마, 조각다시마, 조각 다시마, 염장다시마",,,,2026-09-07,180,,180
김자반,재료,식재료 원물,육류/수산/달걀,해조류,김류,"감칠맛, 짠맛, 식감추가, 바다향, 김류, 바삭함, 달콤함, 토핑용",,김,,,,90,,30
김,재료,식재료 원물,육류/수산/달걀,해조류,김류,"감칠맛, 짠맛, 식감추가, 바다향, 김류, 해조류, 다용도","참김, 곱창김, 도시락김, 재래김, 생김, 김채",,,,2026-09-07,180,,90
감태,재료,식재료 원물,육류/수산/달걀,해조류,김류,"감칠맛, 짠맛, 식감추가, 바다향, 해조류, 실크식감, 고급풍미",,,,,,60,3,
깻잎,재료,식재료 원물,채소류,잎채소류,깻잎류,"향긋함, 식감추가, 강한향, 잎채소, 쌈채소, 필수채소, 한식","깻잎나물, 생깻잎",,,,2026-09-07,30,7,2
깻잎순,재료,식재료 원물,채소류,잎채소류,깻잎류,"향긋함, 은은함, 부드러움, 나물용, 채소, 잎채소, 한식",깻순,깻잎,,,2026-09-07,30,5,2
들깻잎,재료,식재료 원물,채소류,잎채소류,깻잎류,"향긋함, 은은함, 강한향, 잎채소, 쌈채소, 채소, 한식",,깻잎,,,,30,7,2
콩잎,재료,식재료 원물,채소류,잎채소류,깻잎류,"향긋함, 은은함, 거친식감, 잎채소, 절임용, 한식, 장아찌용",,콩,,,,30,7,2
곰취,재료,식재료 원물,채소류,잎채소류,나물류,"향긋함, 은은함, 쌉쌀함, 나물용, 쌈채소, 산나물, 한식",,,,,,30,7,2
아욱,재료,식재료 원물,채소류,잎채소류,나물류,"구수함, 식감, 부드러움, 숙채용, 잎채소, 국물용, 한식",,,,,,30,3,1
뽕잎,재료,식재료 원물,채소류,잎채소류,나물류,"식감, 신선함, 향긋함, 나물용, 차용, 건강식, 한식",,,,,,30,5,2
염통,재료,식재료 원물,육류/수산/달걀,육류,내장류,"고기향, 쫄깃함, 이색부위, 내장류, 고소함, 구이용, 꼬치용","심장, 돼지심장",돼지고기,,,,60,3,-
내장,재료,식재료 원물,육류/수산/달걀,육류,내장류,"고소함, 풍미강화, 진한맛, 고기향, 쫄깃함, 내장류, 국물용",부산물,,,,2026-09-07,60,2,-
곱창,재료,식재료 원물,육류/수산/달걀,육류,내장류,"고소함, 풍미강화, 기름짐, 쫄깃함, 고기향, 내장류, 구이용","소곱창, 돼지곱창, 대창",내장,,,2026-09-07,90,2,-
소 부산물,재료,식재료 원물,육류/수산/달걀,육류,내장류,"쫄깃하고 특유 향, 고소함, 진한맛, 내장류, 소고기, 국물용",소내장,,,,,90,2,-
닭 부산물,재료,식재료 원물,육류/수산/달걀,육류,내장류,"쫄깃하고 특유 향, 조류, 닭고기, 내장류, 고소함, 볶음용",닭내장,,,,,90,2,-
거위 부산물,재료,식재료 원물,육류/수산/달걀,육류,내장류,"쫄깃하고 특유 향, 조류, 진한맛, 내장류, 기름짐, 가열용",,,,,,90,2,-
닭다리살,재료,식재료 원물,육류/수산/달걀,육류,닭고기류,"풍미, 튀김/찜용, 촉촉함, 기름짐, 쫄깃함, 조류, 닭고기","정육, 닭정육, 닭다리살정육, 닭장각",닭고기,,,2026-09-07,90,3,-
닭고기,재료,식재료 원물,육류/수산/달걀,육류,닭고기류,"다용도, 대중육, 담백함, 조류, 단백질, 필수베이스, 가열용","생닭, 닭, 토종닭, 볶음탕용 닭",,,,2026-09-07,90,3,-
오골계,재료,식재료 원물,육류/수산/달걀,육류,닭고기류,"담백하고 부드러움, 짙은색, 조류, 건강식, 한식, 보양식",,,,,,90,3,-
영계,재료,식재료 원물,육류/수산/달걀,육류,닭고기류,"담백함, 백숙용, 소형닭, 부드러움, 조류, 한식, 국물용","백숙용닭, 영계닭",닭고기,,,2026-09-07,90,3,-
닭가슴살,재료,식재료 원물,육류/수산/달걀,육류,닭고기류,"담백함, 샐러드/구이/볶음, 단백질, 수분적음, 다이어트, 조류","조미닭가슴살, 슬라이스 닭가슴살, 수비드 닭가슴살",닭고기,,,2026-09-07,90,3,-
닭안심살,재료,식재료 원물,육류/수산/달걀,육류,닭고기류,"부드러움, 찜/튀김용, 담백함, 단백질, 조류, 가열용",닭안심,닭고기,,,,90,3,-
닭봉,재료,식재료 원물,육류/수산/달걀,육류,닭고기류,"뼈 있음, 간장/양념찜, 쫄깃함, 조류, 닭고기, 구이용",,닭고기,,,,90,3,-
닭날개,재료,식재료 원물,육류/수산/달걀,육류,닭고기류,"뼈 있음, 튀김/양념용, 기름짐, 콜라겐, 조류, 닭고기","윙, 닭윙",닭고기,,,2026-09-07,90,3,-
닭똥집,재료,식재료 원물,육류/수산/달걀,육류,닭고기류,"쫄깃함, 볶음용, 단단함, 조류, 닭고기, 안주용","닭모래집, 닭근위",닭고기,,,2026-09-07,90,2,-
닭발,재료,식재료 원물,육류/수산/달걀,육류,닭고기류,"콜라겐, 매운찜용, 쫄깃함, 조류, 닭고기, 안주용, 뼈있음",무뼈닭발,닭고기,,,2026-09-07,90,2,-
닭껍질,재료,식재료 원물,육류/수산/달걀,육류,닭고기류,"튀김, 바삭한 식감, 기름짐, 고소함, 조류, 닭고기, 토핑용",,닭고기,,,,90,2,-
당근,재료,식재료 원물,채소류,뿌리채소류,당근류,"색감, 은은함, 아삭함, 주황색, 뿌리채소, 필수베이스, 단맛","당근채, 다진 당근, 다진당근",,,,2026-09-07,120,20,7
은대구,재료,식재료 원물,육류/수산/달걀,생선류,대구류,"감칠맛, 담백함, 지방풍미, 흰살생선, 부드러움, 수산물, 기름짐",,-,,,,90,2,-
도라지,재료,식재료 원물,채소류,뿌리채소류,더덕류,"식감추가, 향긋함, 담백함, 쌉쌀함, 뿌리채소, 나물용, 한식",깐도라지,,,,2026-09-07,90,7,3
삼채,재료,식재료 원물,채소류,뿌리채소류,더덕류,"알싸함, 향긋함, 단맛, 매운맛, 뿌리채소, 건강식, 한식",,,,,,90,7,3
더덕,재료,식재료 원물,채소류,뿌리채소류,더덕류,"향긋함, 식감추가, 쌉쌀함, 단단함, 뿌리채소, 구이용, 한식",깐더덕,,,,2026-09-07,90,14,5
호박잎,재료,식재료 원물,채소류,잎채소류,덩굴잎류,"식감, 신선함, 향긋함, 부드러움, 잎채소, 찜용, 쌈채소, 한식",,,,,,30,3,1
돌나물,재료,식재료 원물,채소류,잎채소류,돌나물류,"식감, 신선함, 향긋함, 수분감, 아삭함, 채소, 생식용, 한식",돈나물,,,,,,3,1
라드,재료,식재료 원물,육류/수산/달걀,가공육,동물지방,"고소함, 풍미, 기름류, 동물지방, 돼지고기, 액상, 조리보조","돼지기름, 라드유",,,,2026-09-07,180,30,-
흑돼지,재료,식재료 원물,육류/수산/달걀,육류,돼지고기류,"감칠맛, 풍미, 기름짐, 고기향, 쫄깃함, 돼지고기, 구이용",,돼지고기,,,,90,4,-
돼지목살,재료,식재료 원물,육류/수산/달걀,육류,돼지고기류,"결 있음, 구이/찜용, 적당한지방, 고소함, 돼지고기, 담백함",,돼지고기,,,,90,4,-
족발,재료,식재료 원물,육류/수산/달걀,육류,돼지고기류,"콜라겐, 쫄깃함, 삶음용, 진한맛, 고기향, 돼지고기, 한식",돼지족,돼지고기,,,,60,2,-
돼지 사태,재료,식재료 원물,육류/수산/달걀,육류,돼지고기류,"결 많음, 장조림/탕용, 담백함, 질긴식감, 단백질, 돼지고기",돼지사태살,돼지고기,,,,90,4,-
돼지고기앞다리살,재료,식재료 원물,육류/수산/달걀,육류,돼지고기류,"결 있음, 볶음/장조림, 적당한지방, 돼지고기, 가성비, 다용도","앞다리살, 전지, 돼지앞다리살, 목전지",돼지고기,,,2026-09-07,90,4,-
돼지고기뒷다리살,재료,식재료 원물,육류/수산/달걀,육류,돼지고기류,"결 있음, 찜/볶음용, 담백함, 저지방, 단백질, 돼지고기, 가성비","뒷다리살, 후지",돼지고기,,,,90,4,-
등뼈,재료,식재료 원물,육류/수산/달걀,육류,돼지고기류,"고기향, 농축육수, 장시간조리, 뼈있음, 구수함, 돼지고기, 한식","감자탕뼈, 돼지등뼈",돼지고기,,,2026-09-05,90,3,-
오겹살,재료,식재료 원물,육류/수산/달걀,육류,돼지고기류,"기름짐, 구이용, 대중육, 쫄깃함, 진한맛, 돼지고기, 육즙많음",껍데기삼겹살,돼지고기,,,,90,4,-
삼겹살,재료,식재료 원물,육류/수산/달걀,육류,돼지고기류,"기름짐, 구이용, 대중육, 고소함, 진한맛, 돼지고기, 육즙많음","통삼겹, 통삼겹살, 통 삼겹살, 냉동 삼겹살, 수육용 삼겹살, 냉동삼겹살",돼지고기,,,2026-09-07,90,4,-
돼지고기,재료,식재료 원물,육류/수산/달걀,육류,돼지고기류,"다용도, 대중육, 고기향, 단백질, 필수베이스, 가열용, 기름짐","돈육, 잡채용 돼지고기",,,,2026-09-07,90,4,-
멧돼지고기,재료,식재료 원물,육류/수산/달걀,육류,돼지고기류,"부드럽고 기름짐, 특이한 풍미, 거친 식감, 기타육류, 야생육",,,,,,90,4,-
등갈비,재료,식재료 원물,육류/수산/달걀,육류,돼지고기류,"뼈육, 구이/찜용, 쫄깃함, 고기향, 돼지고기, 뜯어먹는재미","폭립, 돼지등갈비, 쪽갈비, 돼지고기 등갈비",돼지고기,,,2026-09-07,90,3,-
돼지갈비,재료,식재료 원물,육류/수산/달걀,육류,돼지고기류,"뼈육, 양념구이/찜용, 고소함, 진한맛, 돼지고기, 한식",,돼지고기,,,,90,3,-
돼지고기다짐육,재료,식재료 원물,육류/수산/달걀,육류,돼지고기류,"식감추가, 단백질원, 부드러움, 돼지고기, 볶음용, 양념용","다진돼지고기, 돼지민찌, 돼지 다짐육",돼지고기,,,2026-09-07,60,2,-
대패삼겹,재료,식재료 원물,육류/수산/달걀,육류,돼지고기류,"얇게 썬 삼겹, 볶음/구이용, 기름짐, 빠른조리, 돼지고기, 고소함",대패삼겹살,돼지고기,,,,90,3,-
돼지비계,재료,식재료 원물,육류/수산/달걀,육류,돼지고기류,"지방, 튀김/기름용, 고소함, 기름짐, 돼지고기, 조리보조",,돼지고기,,,,90,3,-
항정살,재료,식재료 원물,육류/수산/달걀,육류,돼지고기류,"풍미, 기름짐, 쫄깃함, 아삭한식감, 돼지고기, 구이용, 고소함",천겹살,돼지고기,,,,90,4,-
참두릅,재료,식재료 원물,채소류,열매채소류,두릅류,"쓴맛, 향긋함, 산나물, 채소, 봄나물, 한식, 약초향",,두릅,,,,30,7,
논두렁콩두부,재료,식재료 원물,두류/콩류,두류,두부류,"고소함, 단백질, 식감추가, 콩베이스, 단단함, 두부류, 건강식",,두부,,,,30,,
잣두부,재료,식재료 원물,두류/콩류,두류,두부류,"고소함, 단백질, 향긋함, 잣향, 두부류, 고급풍미, 건강식",,두부,,,,30,,
검은깨두부,재료,식재료 원물,두류/콩류,두류,두부류,"고소함, 식감추가, 단백질, 검은색, 두부류, 고소함, 건강식",,두부,,,,30,,
동두부,재료,식재료 원물,두류/콩류,두류,두부류,"단백질, 부드러움, 고소함, 얼린두부, 구멍송송, 양념흡수, 쫄깃함",언두부,두부,,,,90,7,
전두부,재료,식재료 원물,두류/콩류,두류,두부류,"단백질, 식감추가, 고소함, 매끄러움, 두부류, 콩베이스",,두부,,,,30,5,
건두부,재료,식재료 원물,두류/콩류,두류,두부류,"단백질, 식감추가, 수분적음, 쫄깃함, 중식, 볶음용, 얇음",푸주,두부,,,2026-09-07,180,30,14
포두부,재료,식재료 원물,두류/콩류,두류,두부류,"담백함, 식감추가, 단단함, 얇음, 쫄깃함, 중식, 쌈용",두부피,두부,,,2026-09-07,30,7,
연두부,재료,식재료 원물,두류/콩류,두류,두부류,"부드러움, 담백함, 수분감, 푸딩식감, 하얀색, 생식용, 두부류",,두부,,,,,5,
두부,재료,식재료 원물,두류/콩류,두류,두부류,"부드러움, 담백함, 하얀색, 콩베이스, 필수베이스, 단백질, 한식","찌개용두부, 덕실두부, 찌개두부, 부침용두부, 부침두부, 손두부, 팩두부",,,,2026-09-07,30,5,
순두부,재료,식재료 원물,두류/콩류,두류,두부류,"부드러움, 담백함, 수분감, 푸딩식감, 하얀색, 국물용, 두부류","덕실순두부, 초당순두부",두부,,,2026-09-07,,4,
검은참깨두유,재료,식재료 원물,두류/콩류,두류,두유류,"고소함, 식감추가, 단백질, 향긋함, 검은색, 액상, 음용가능",,두유,,,,,,30
콩물,재료,식재료 원물,두류/콩류,두류,두유류,"고소함, 담백함, 유화력, 액상, 걸쭉함, 한식, 국수용",콩국물,,,,,30,2,
콩물두유,재료,식재료 원물,두류/콩류,두류,두유류,"고소함, 담백함, 유화력, 액상, 음용가능, 단백질, 식물성",,,,,,,,30
바닷가재,재료,식재료 원물,육류/수산/달걀,갑각류,랍스터류,"감칠맛, 고급풍미, 식감추가, 단단함, 바다향, 갑각류, 수산물",랍스터,-,,,,30,2,-
풋마늘,재료,식재료 원물,채소류,잎채소류,마늘파류,"향긋함, 알싸함, 아삭함, 초록색, 잎채소, 향신채, 한식",풋마늘대,마늘,,,,30,7,
마늘종,재료,식재료 원물,채소류,잎채소류,마늘파류,"알싸함, 식감추가, 단단함, 아삭함, 볶음용, 향신채, 한식",마늘쫑,,,,,30,14,
둥근마,재료,식재료 원물,채소류,뿌리채소류,마류,"식감추가, 은은함, 끈적임, 뿌리채소, 건강식, 담백함",,감자류,,,,,,15
머위,재료,식재료 원물,채소류,잎채소류,머위류,"쓴맛, 나물용, 무침용, 향긋함, 잎채소, 산나물, 한식","머위잎, 머위순, 머위대, 머위나물",,,,,30,5,
메추리알,재료,식재료 원물,육류/수산/달걀,달걀/난류,메추리알류,"담백함, 식감추가, 작은크기, 계란류, 조림용, 단백질","깐메추리알, 삶은 메추리알",,,,2026-09-07,-,30,
멸치다시마육수,재료,식재료 원물,육류/수산/달걀,건조해산물류,멸치류,"감칠맛, 육수용, 액상, 바다향, 필수베이스, 짭짤함",,멸치,,,,30,,
멸치,재료,식재료 원물,육류/수산/달걀,건조해산물류,멸치류,"감칠맛, 국물용, 바다향, 수산물, 건조형, 짭짤함, 필수베이스","국물용멸치, 다시멸치, 국멸치, 국물멸치, 국물 멸치, 육수용멸치, 마른멸치, 멸치진젓",,,,2026-09-07,90,30,30
디포리,재료,식재료 원물,육류/수산/달걀,건조해산물류,멸치류,"감칠맛, 대체육수, 바다향, 수산물, 건조형, 진한맛, 육수용",밴댕이,멸치,,,,90,30,30
중멸치,재료,식재료 원물,육류/수산/달걀,건조해산물류,멸치류,"감칠맛, 육수용, 바다향, 수산물, 건조형, 볶음용, 한식",,멸치,,,,90,30,30
지리멸치,재료,식재료 원물,육류/수산/달걀,건조해산물류,멸치류,"감칠맛, 짠맛, 육수용, 작은크기, 바다향, 볶음용, 밑반찬","잔멸치, 볶음용멸치",다시멸치,,,,90,30,30
보리멸치,재료,식재료 원물,육류/수산/달걀,건조해산물류,멸치류,"감칠맛, 짠맛, 육수용, 바다향, 수산물, 건조형, 한식",,멸치류,,,,90,30,30
대멸치,재료,식재료 원물,육류/수산/달걀,건조해산물류,멸치류,"감칠맛, 짠맛, 육수용, 큰크기, 바다향, 수산물, 건조형",,-,,,,90,30,30
멸치육수주머니,재료,식재료 원물,육류/수산/달걀,건조해산물류,멸치류,"육수전용, 혼합형, 감칠맛, 바다향, 간편식, 조리보조",다시팩,멸치,,,,90,30,30
명태,재료,식재료 원물,육류/수산/달걀,생선류,명태류,"감칠맛, 담백함, 흰살생선, 생선류, 수산물, 가열용, 국물용","동태, 생태, 동태전",동태살,,,2026-09-07,30,2,-
게맛살,재료,식재료 원물,육류/수산/달걀,가공육,모조해산육,"감칠맛, 가공육, 부드러움, 해산물향, 붉은색, 간편식, 샐러드용","맛살, 크래미, 크래미 맛살, 크래미맛살, 크레미, 크레미맛살, 꽃맛살",,,,2026-09-07,30,7,-
사탕무,재료,식재료 원물,채소류,뿌리채소류,무류,"단맛, 색감, 붉은색, 아삭함, 뿌리채소, 조리보조",,,,,,,30,
조선무,재료,식재료 원물,채소류,뿌리채소류,무류,"식감추가, 단단함, 수분감, 시원함, 뿌리채소, 국물용, 한식",,무우류,,,,,30,
콜라비,재료,식재료 원물,채소류,뿌리채소류,무류,"식감추가, 단맛, 아삭함, 보라색, 뿌리채소, 생식용",,,,,,,20,
적양무,재료,식재료 원물,채소류,뿌리채소류,무류,"식감추가, 색감, 붉은색, 아삭함, 뿌리채소, 샐러드용",,무우류,,,,,30,
래디쉬,재료,식재료 원물,채소류,뿌리채소류,무류,"식감추가, 색감, 작은크기, 빨간색, 아삭함, 샐러드용, 서양식",레디쉬,,,,,,10,
순무,재료,식재료 원물,채소류,뿌리채소류,무류,"식감추가, 은은함, 알싸함, 단단함, 뿌리채소, 김치용, 한식",,,,,,,20,
총각무,재료,식재료 원물,채소류,뿌리채소류,무류,"아삭함, 담백함, 수분감, 단단함, 뿌리채소, 김치용, 한식",알타리,무,,,,,14,
무,재료,식재료 원물,채소류,뿌리채소류,무류,"아삭함, 수분감, 시원함, 필수채소, 뿌리채소, 다용도, 한식","무우, 조선무, 무생채, 알타리무, 무채, 다발무, 수박무, 천수무, 동치미 무",무,,,2026-09-07,,30,
비트,재료,식재료 원물,채소류,뿌리채소류,무류,"색감, 은은함, 짙은빨간색, 단단함, 뿌리채소, 건강식, 샐러드용",,,,,,,30,
무말랭이,재료,식재료 원물,채소류,뿌리채소류,무말랭이,"식감추가, 은은함, 꼬들함, 말린것, 뿌리채소, 무침용, 한식",,무우류,,,,365,180,180
열무,재료,식재료 원물,채소류,잎채소류,무잎류,"구수함, 식감, 부드러움, 아삭함, 잎채소, 김치용, 여름채소",,,,,,90,5,2
자른미역,재료,식재료 원물,육류/수산/달걀,해조류,미역류,"감칠맛, 식감추가, 은은함, 바다향, 해조류, 편리함, 국물용",,-,,,,,,180
생미역,재료,식재료 원물,육류/수산/달걀,해조류,미역류,"감칠맛, 짠맛, 식감추가, 바다향, 해조류, 미끄러움, 무침용",,미역,,,,30,2,
미역줄기,재료,식재료 원물,육류/수산/달걀,해조류,미역류,"감칠맛, 짠맛, 식감추가, 꼬들함, 해조류, 볶음용, 한식","미역줄거리, 염장미역줄기",미역,,,2026-09-07,60,7,
미역,재료,식재료 원물,육류/수산/달걀,해조류,미역류,"감칠맛, 짠맛, 식감추가, 바다향, 해조류, 필수베이스, 국물용","자른미역, 마른미역, 물미역, 염장미역, 불린미역, 자른 건미역",,,,2026-09-07,365,180,180
갈파래,재료,식재료 원물,육류/수산/달걀,해조류,미역류,"감칠맛, 색감, 초록색, 바다향, 해조류, 부드러움, 무침용",,해조류,,,,30,2,
매생이,재료,식재료 원물,육류/수산/달걀,해조류,미역류,"감칠맛, 식감추가, 부드러움, 실크식감, 바다향, 해조류, 국물용",,,,,,60,3,
차요테,재료,식재료 원물,채소류,열매채소류,박과류,"식감추가, 단맛, 아삭함, 수분감, 채소, 박과류, 볶음용",,,,,,90,20,7
콩나물,재료,식재료 원물,두류/콩류,두류,발아채소류,"아삭함, 담백함, 국물흡수, 콩베이스, 수분감, 필수채소, 한식",,,,,,30,3,
숙주,재료,식재료 원물,두류/콩류,두류,발아채소류,"아삭함, 담백함, 국물흡수, 녹두베이스, 부드러움, 볶음용, 동남아풍",,,,,,30,3,
숙주나물,재료,식재료 원물,두류/콩류,두류,발아채소류,"아삭함, 담백함, 국물흡수, 무침용, 채소, 한식, 빠른조리",숙주,,,,,30,3,
청국장,재료,식재료 원물,두류/콩류,두류,발효콩류,"발효된 맛, 감칠맛, 짠맛, 꾸덕함, 쿰쿰함, 콩베이스, 한식",,,,,,90,,
템페,재료,식재료 원물,두류/콩류,두류,발효콩류,"고소함, 발효된 맛, 단단함, 콩베이스, 인도네시아풍, 단백질, 건강식",,,,,,60,,
메주콩,재료,식재료 원물,두류/콩류,두류,발효콩류,"발효된 맛, 고소함, 단백질, 단단함, 콩베이스, 조리필요, 한식",,-,,,,,,180
낫토,재료,식재료 원물,두류/콩류,두류,발효콩류,"발효된 맛, 단백질, 식감추가, 끈적임, 실처럼늘어남, 콩베이스, 일식","나또, 낫또",-,,,2026-09-07,30,,
메주,재료,식재료 원물,두류/콩류,두류,발효콩류,"발효된 맛, 감칠맛, 쿰쿰함, 단단함, 콩베이스, 필수베이스, 한식",메주가루,,,,2026-09-07,180,30,30
배추,재료,식재료 원물,채소류,잎채소류,배추류,"구수함, 식감, 부드러움, 수분감, 필수채소, 잎채소, 다용도","쌈배추, 얼갈이배추, 절임배추, 배춧잎, 배추잎, 단배추, 배추 우거지, 봄동 배추",,,,2026-09-07,90,14,3
시래기,재료,식재료 원물,채소류,잎채소류,배추류,"구수함, 식감, 부드러움, 질긴식감, 말린것, 잎채소, 국물용","무청, 무시래기, 무청시래기, 시래기나물",,,,2026-09-07,90,5,
알배추,재료,식재료 원물,채소류,잎채소류,배추류,"식감, 신선함, 향긋함, 아삭함, 단맛, 잎채소, 쌈채소","알배기, 알배기배추, 알배추잎",배추,,,2026-09-07,90,10,3
양배추,재료,식재료 원물,채소류,잎채소류,배추류,"식감, 신선함, 향긋함, 아삭함, 단맛, 필수채소, 잎채소, 샐러드용","적양배추, 붉은양배추, 양배추채",,,,2026-09-07,90,20,5
청경채,재료,식재료 원물,채소류,잎채소류,배추류,"식감, 신선함, 향긋함, 아삭함, 부드러움, 잎채소, 중식, 볶음용",,,,,,60,5,2
얼갈이,재료,식재료 원물,채소류,잎채소류,배추류,"식감추가, 은은함, 부드러움, 잎채소, 김치용, 국물용, 한식",우거지,배추,,,,90,5,2
경수채,재료,식재료 원물,채소류,잎채소류,배추류,"식감추가, 은은함, 아삭함, 잎채소, 샐러드용, 일식",,,,,,60,5,2
양송이버섯,재료,식재료 원물,버섯류,버섯류,버섯류,"식감추가, 고소함, 풍미, 부드러움, 버섯향, 다용도, 서양식","양송이, 갈색양송이, 포타벨라",버섯,,,,60,5,1
새송이버섯,재료,식재료 원물,버섯류,버섯류,버섯류,"식감추가, 담백함, 쫄깃함, 단단함, 버섯향, 다용도, 구이용","새송이, 큰느타리버섯, 미니새송이버섯, 미니 새송이버섯",버섯,,,2026-09-07,60,7,2
느타리버섯,재료,식재료 원물,버섯류,버섯류,버섯류,"식감추가, 담백함, 쫄깃함, 결대로찢어짐, 버섯향, 다용도","느타리, 애느타리버섯, 참타리버섯",버섯,,,,60,4,1
팽이버섯,재료,식재료 원물,버섯류,버섯류,버섯류,"식감추가, 담백함, 아삭함, 가는형태, 버섯향, 가성비, 다용도",,버섯,,,,60,7,2
목이버섯,재료,식재료 원물,버섯류,버섯류,버섯류,"식감추가, 담백함, 꼬들함, 검은색, 버섯향, 중식, 잡채용",,버섯,,,,60,5,
표고버섯,재료,식재료 원물,버섯류,버섯류,버섯류,"식감추가, 풍미, 감칠맛, 진한맛, 버섯향, 필수베이스, 한식","표고, 건표고, 생표고버섯, 말린 표고버섯, 생표고, 건 표고버섯",버섯,,,2026-09-07,90,7,2
참송이버섯,재료,식재료 원물,버섯류,버섯류,버섯류,"식감추가, 향긋함, 고소함, 쫄깃함, 버섯향, 고급풍미","참송이, 송고버섯",버섯,,,2026-09-07,90,7,2
송화버섯,재료,식재료 원물,버섯류,버섯류,버섯류,"식감추가, 향긋함, 고소함, 쫄깃함, 버섯향, 고급풍미",,버섯,,,,90,7,2
뽕나무버섯,재료,식재료 원물,버섯류,버섯류,버섯류,"향긋함, 감칠맛, 식감추가, 버섯향, 야생버섯, 한식",,,,,,60,4,1
석이버섯,재료,식재료 원물,버섯류,버섯류,버섯류,"향긋함, 감칠맛, 식감추가, 검은색, 거친식감, 버섯향, 고급풍미",,버섯,,,,90,10,
건목이버섯,재료,식재료 원물,버섯류,버섯류,버섯류,"향긋함, 감칠맛, 식감추가, 꼬들함, 말린것, 버섯향, 중식",,버섯,,,,365,180,365
아위버섯,재료,식재료 원물,버섯류,버섯류,버섯류,"향긋함, 감칠맛, 식감추가, 쫄깃함, 버섯향, 담백함",,,,,,90,7,2
나도팽나무버섯,재료,식재료 원물,버섯류,버섯류,버섯류,"향긋함, 감칠맛, 식감추가, 미끄러움, 버섯향, 국물용",,,,,,60,5,1
노랑느타리버섯,재료,식재료 원물,버섯류,버섯류,버섯류,"향긋함, 감칠맛, 식감추가, 노란색, 화려한색, 버섯향",,느타리버섯,,,,60,4,1
백만송이버섯,재료,식재료 원물,버섯류,버섯류,버섯류,"향긋함, 감칠맛, 식감추가, 작은크기, 버섯향, 다용도",만가닥버섯,만가닥버섯,,,,60,7,2
여름느타리버섯,재료,식재료 원물,버섯류,버섯류,버섯류,"향긋함, 감칠맛, 식감추가, 부드러움, 버섯향, 한식",,느타리버섯,,,,60,4,1
검은비늘버섯,재료,식재료 원물,버섯류,버섯류,버섯류,"향긋함, 감칠맛, 식감추가, 쫄깃함, 버섯향, 짙은색",,,,,,60,4,1
꽃송이버섯,재료,식재료 원물,버섯류,버섯류,버섯류,"향긋함, 감칠맛, 식감추가, 화려한형태, 하얀색, 버섯향, 건강식",,,,,,60,5,
버섯,재료,식재료 원물,버섯류,버섯류,버섯류,"향긋함, 감칠맛, 식감추가, 버섯향, 담백함, 다용도",,,,,,60,5,
갈색팽이,재료,식재료 원물,버섯류,버섯류,버섯류,"향긋함, 감칠맛, 식감추가, 아삭함, 갈색, 버섯향, 볶음용",,,,,,60,5,
표고가루,재료,식재료 원물,버섯류,버섯류,버섯류,"향긋함, 감칠맛, 식감추가, 가루류, 버섯향, 진한맛, 천연조미료",,표고버섯,,,,,,
밤버섯,재료,식재료 원물,버섯류,버섯류,버섯류,"향긋함, 감칠맛, 식감추가, 쫄깃함, 밤맛, 버섯향, 한식",,,,,,60,5,
능이버섯,재료,식재료 원물,버섯류,버섯류,버섯류,"향긋함, 감칠맛, 식감추가, 검은색, 강한향, 버섯향, 고급풍미, 보양식",,,,,,90,4,
잎새버섯,재료,식재료 원물,버섯류,버섯류,버섯류,"향긋함, 감칠맛, 식감추가, 부드러움, 버섯향, 건강식",,,,,,60,5,
싸리버섯,재료,식재료 원물,버섯류,버섯류,버섯류,"향긋함, 감칠맛, 식감추가, 독특한형태, 버섯향, 야생버섯",,,,,,60,4,
영지버섯,재료,식재료 원물,버섯류,버섯류,버섯류,"향긋함, 감칠맛, 식감추가, 쓴맛, 딱딱함, 버섯향, 건강식, 약재용",,,,,,,,
버들송이버섯,재료,식재료 원물,버섯류,버섯류,버섯류,"향긋함, 감칠맛, 식감추가, 쫄깃함, 갈색, 버섯향, 볶음용",,,,,,60,5,
송이버섯,재료,식재료 원물,버섯류,버섯류,버섯류,"향긋함, 감칠맛, 식감추가, 강한향, 소나무향, 버섯향, 고급풍미",,,,,,90,5,
맛타리버섯,재료,식재료 원물,버섯류,버섯류,버섯류,"향긋함, 감칠맛, 식감추가, 부드러움, 쫄깃함, 버섯향, 가성비",,,,,,60,5,
노루궁뎅이버섯,재료,식재료 원물,버섯류,버섯류,버섯류,"향긋함, 감칠맛, 식감추가, 폭신함, 하얀색, 버섯향, 건강식",,,,,,60,4,
풀버섯,재료,식재료 원물,버섯류,버섯류,버섯류,"향긋함, 감칠맛, 식감추가, 동글한형태, 버섯향, 중식",,,,,,60,4,
상황버섯,재료,식재료 원물,버섯류,버섯류,버섯류,"향긋함, 감칠맛, 식감추가, 딱딱함, 노란색, 버섯향, 건강식, 약재용",,,,,,,,
선지,재료,식재료 원물,육류/수산/달걀,육류,부위명칭-기타육류,"진한 맛, 잡내 있음, 철분풍미, 붉은색, 응고형, 내장류, 국물용",,,,,,30,2,-
머리고기,재료,식재료 원물,육류/수산/달걀,육류,부위명칭-기타육류,"진한 맛, 잡내 있음, 쫄깃함, 콜라겐, 기름짐, 고기향, 돼지고기, 한식",,,,,,60,3,-
잡뼈,재료,식재료 원물,육류/수산/달걀,육류,부위명칭-기타육류,"진한 맛, 잡내 있음, 고기향, 농축육수, 뼈있음, 육수용, 필수베이스",사골잡뼈,,,,,90,3,-
꼬리,재료,식재료 원물,육류/수산/달걀,육류,부위명칭-기타육류,"진한 맛, 잡내 있음, 쫄깃함, 기름짐, 뼈있음, 소고기, 보양식",소꼬리,,,,,90,3,-
췌장,재료,식재료 원물,육류/수산/달걀,육류,부위명칭-내장류,"쫄깃함, 고소함, 특유의 향, 내장류, 기름짐, 진한맛, 가열용",,,,,,30,2,-
허파,재료,식재료 원물,육류/수산/달걀,육류,부위명칭-내장류,"쫄깃함, 고소함, 특유의 향, 부드러움, 내장류, 고기향, 한식",,,,,,30,2,-
간,재료,식재료 원물,육류/수산/달걀,육류,부위명칭-내장류,"쫄깃함, 고소함, 특유의 향, 퍽퍽함, 짙은색, 내장류, 건강식",,,,,,30,2,-
천엽,재료,식재료 원물,육류/수산/달걀,육류,부위명칭-내장류,"쫄깃함, 고소함, 특유의 향, 오독한식감, 회색, 내장류, 생식용",,,,,,30,2,-
살코기,재료,식재료 원물,육류/수산/달걀,육류,부위명칭-일반,"균형잡힌 식감, 고기향, 단백질, 담백함, 필수베이스, 가열용",,,,,,90,4,-
절단육,재료,식재료 원물,육류/수산/달걀,육류,부위명칭-일반,"균형잡힌 식감, 고기향, 단백질, 기름짐, 편리함, 가열용",절단닭,,,,2026-09-07,90,3,-
정육,재료,식재료 원물,육류/수산/달걀,육류,부위명칭-일반,"균형잡힌 식감, 고기향, 단백질, 담백함, 다용도, 가열용",,,,,,90,4,-
다리,재료,식재료 원물,육류/수산/달걀,육류,부위명칭-일반,"균형잡힌 식감, 쫄깃함, 고기향, 뼈있음, 기름짐, 가열용",,,,,,90,4,-
부추,재료,식재료 원물,채소류,잎채소류,부추류,"알싸함, 은은함, 향긋함, 잎채소, 향신채, 한식, 다용도",영양부추,,,,2026-09-07,30,5,1
비름나물,재료,식재료 원물,채소류,잎채소류,비름류,"은은함, 식감추가, 부드러움, 잎채소, 나물용, 한식",열대비름,,,,,30,4,1
곤드레,재료,식재료 원물,채소류,잎채소류,산나물류,"식감추가, 은은함, 잎채소, 말린것, 나물용, 한식, 구수함",곤드레나물,,,,2026-09-07,60,5,1
고사리,재료,식재료 원물,채소류,잎채소류,산나물류,"식감추가, 은은함, 쫄깃함, 갈색, 말린것, 산나물, 나물용, 한식","삶은고사리, 건고사리, 데친 고사리",,,,2026-09-07,60,5,1
쇠귀나물,재료,식재료 원물,채소류,잎채소류,산나물류,"식감추가, 은은함, 아삭함, 잎채소, 산나물, 나물용, 한식",,,,,,30,5,1
동채,재료,식재료 원물,채소류,잎채소류,산나물류,"식감추가, 은은함, 부드러움, 잎채소, 산나물, 나물용, 한식",,,,,,30,5,1
세발나물,재료,식재료 원물,채소류,잎채소류,산나물류,"식감추가, 짠맛, 아삭함, 얇음, 바다향, 잎채소, 생식용, 한식",,,,,,30,4,1
갯나물,재료,식재료 원물,채소류,잎채소류,산나물류,"식감추가, 향긋함, 아삭함, 바다향, 잎채소, 산나물, 한식",,,,,,30,4,1
소리쟁이,재료,식재료 원물,채소류,잎채소류,산나물류,"신맛, 은은함, 산미, 부드러움, 잎채소, 산나물, 국물용",,,,,,30,5,1
대나물,재료,식재료 원물,채소류,잎채소류,산나물류,"쌉싸름함, 제철나물, 향긋함, 잎채소, 산나물, 나물용, 한식",,,,,,30,5,1
엄나무순,재료,식재료 원물,채소류,잎채소류,산나물류,"쌉싸름함, 향긋함, 개두릅, 봄나물, 산나물, 잎채소, 한식","개두릅, 엄나무",,,,2026-09-07,60,5,1
엉개나물,재료,식재료 원물,채소류,잎채소류,산나물류,"쓴맛, 향긋함, 쌉쌀함, 봄나물, 산나물, 잎채소, 나물용",,,,,,60,5,1
가죽나물,재료,식재료 원물,채소류,잎채소류,산나물류,"쓴맛, 향긋함, 봄나물, 강한향, 산나물, 잎채소, 한식",,,,,,60,5,1
민들레,재료,식재료 원물,채소류,잎채소류,산나물류,"쓴맛, 나물용, 무침용, 향긋함, 쌉쌀함, 잎채소, 생식용",,,,,,60,7,
두릅,재료,식재료 원물,채소류,잎채소류,산나물류,"쓴맛, 나물용, 무침용, 향긋함, 봄나물, 산나물, 아삭함, 한식","참두릅, 땅두릅",,,,,60,5,
씀바귀,재료,식재료 원물,채소류,잎채소류,산나물류,"쓴맛, 식감추가, 쌉쌀함, 뿌리채소, 봄나물, 무침용, 한식",,,,,,60,7,
고들빼기,재료,식재료 원물,채소류,잎채소류,산나물류,"쓴맛, 향긋함, 쌉쌀함, 뿌리채소, 김치용, 한식, 진한맛",,,,,,60,7,
비비추,재료,식재료 원물,채소류,잎채소류,산나물류,"은은함, 식감추가, 부드러움, 잎채소, 산나물, 나물용, 한식",,,,,,60,5,
부지갱이,재료,식재료 원물,채소류,잎채소류,산나물류,"은은함, 향긋함, 울릉도나물, 잎채소, 산나물, 나물용, 한식","쑥부쟁이, 부지깽이",,,,,60,5,
줄나물,재료,식재료 원물,채소류,잎채소류,산나물류,"은은함, 향긋함, 아삭함, 잎채소, 산나물, 나물용, 한식",,,,,,60,5,
개망초,재료,식재료 원물,채소류,잎채소류,산나물류,"향긋함, 들나물류, 부드러움, 잎채소, 산나물, 나물용, 한식",,,,,,60,5,
취나물,재료,식재료 원물,채소류,잎채소류,산나물류,"향긋함, 알싸함, 나물용, 강한향, 필수산나물, 잎채소, 한식","곤들레, 곰취, 미역취, 건취나물, 생취나물",,,,2026-09-07,60,5,
참나물,재료,식재료 원물,채소류,잎채소류,산나물류,"향긋함, 알싸함, 나물용, 상큼함, 부드러움, 잎채소, 생식용",,,,,,60,5,
냉이,재료,식재료 원물,채소류,잎채소류,산나물류,"향긋함, 알싸함, 나물용, 봄나물, 뿌리채소, 국물용, 한식",,,,,,60,5,
방풍나물,재료,식재료 원물,채소류,잎채소류,산나물류,"향긋함, 은은함, 쌉쌀함, 잎채소, 산나물, 나물용, 한식",,,,,,60,5,
개미취,재료,식재료 원물,채소류,잎채소류,산나물류,"향긋함, 은은함, 부드러움, 잎채소, 산나물, 나물용, 한식",,,,,,60,5,
눈개승마,재료,식재료 원물,채소류,잎채소류,산나물류,"향긋함, 은은함, 고기식감, 삼나물, 잎채소, 산나물, 한식",삼나물,,,,,60,5,
마타리,재료,식재료 원물,채소류,잎채소류,산나물류,"향긋함, 은은함, 잎채소, 산나물, 나물용, 한식, 야생채소",,,,,,60,5,
참죽나물,재료,식재료 원물,채소류,잎채소류,산나물류,"향긋함, 은은함, 강한향, 잎채소, 산나물, 가죽나무, 한식",,,,,,60,5,
곤달비,재료,식재료 원물,채소류,잎채소류,산나물류,"향긋함, 은은함, 곰취유사, 부드러움, 잎채소, 산나물, 한식",,,,,,60,5,
원추리,재료,식재료 원물,채소류,잎채소류,산나물류,"향긋함, 은은함, 부드러움, 단맛, 잎채소, 산나물, 한식",,,,,,60,5,
파드득나물,재료,식재료 원물,채소류,잎채소류,산나물류,"향긋함, 은은함, 참나물유사, 아삭함, 잎채소, 산나물, 한식",,,,,,60,5,
어수리,재료,식재료 원물,채소류,잎채소류,산나물류,"향긋함, 은은함, 임금님나물, 잎채소, 산나물, 나물용, 한식",,,,,,60,5,
삼치,재료,식재료 원물,육류/수산/달걀,생선류,삼치류,"감칠맛, 지방풍미, 부드러움, 생선류, 수산물, 고소함, 가열용",삼치살,삼치살,,,,,,
상추,재료,식재료 원물,채소류,잎채소류,상추류,"신선함, 식감, 수분감, 샐러드용, 쌈채소, 필수채소, 아삭함","양상추, 로메인, 청상추, 로메인상추, 꽃상추, 프릴아이스",배추,,,2026-09-07,,7,
쌈채소,재료,식재료 원물,채소류,잎채소류,상추류,"향긋함, 알싸함, 나물용, 신선함, 잎채소, 생식용, 다용도","잎채소, 샐러드채소, 쌈, 유러피안 채소, 샐러드용 채소, 쌈야채",배추,,,2026-09-07,,7,
알팔파,재료,식재료 원물,채소류,잎채소류,새싹류,"식감추가, 은은함, 새싹채소, 가늘음, 수분감, 샐러드용, 비빔용",,,,,,,5,
어린잎,재료,식재료 원물,채소류,잎채소류,새싹류,"신선함, 식감, 수분감, 샐러드용, 새싹채소, 부드러움, 토핑용","새싹, 새순, 어린잎채소, 베이비채소",,,,2026-09-07,,5,
무순,재료,식재료 원물,채소류,잎채소류,새싹류,"향긋함, 알싸함, 나물용, 새싹채소, 매운맛, 일식, 고명용",새싹채소,,,,2026-09-07,,5,
대하,재료,식재료 원물,육류/수산/달걀,갑각류,새우류,"감칠맛, 고단백, 큼직함, 쫄깃함, 바다향, 갑각류, 수산물, 구이용",왕새우,새우,,,,60,2,-
생새우,재료,식재료 원물,육류/수산/달걀,갑각류,새우류,"감칠맛, 살점, 탱글함, 신선함, 바다향, 갑각류, 수산물, 생식용",,새우,,,,60,2,-
새우,재료,식재료 원물,육류/수산/달걀,갑각류,새우류,"감칠맛, 살점, 탱글함, 필수베이스, 바다향, 갑각류, 수산물, 다용도","칵테일새우, 자숙새우, 노바시새우, 먹새우",,,,2026-09-07,60,2,-
새우살,재료,식재료 원물,육류/수산/달걀,갑각류,새우류,"감칠맛, 살점, 손질됨, 편리함, 바다향, 갑각류, 수산물, 요리용","깐새우, 게살",새우,,,2026-09-07,60,3,-
적새우살,재료,식재료 원물,육류/수산/달걀,갑각류,새우류,"감칠맛, 식감추가, 붉은색, 바다향, 갑각류, 수산물, 볶음용",,-,,,,60,3,-
닭새우,재료,식재료 원물,육류/수산/달걀,갑각류,새우류,"감칠맛, 식감추가, 고급풍미, 바다향, 갑각류, 수산물, 찜용",,-,,,,60,2,-
보리새우,재료,식재료 원물,육류/수산/달걀,갑각류,새우류,"감칠맛, 식감추가, 단맛, 바다향, 갑각류, 수산물, 회용",,-,,,,60,2,-
꽃새우,재료,식재료 원물,육류/수산/달걀,갑각류,새우류,"감칠맛, 식감추가, 화려한색, 바다향, 갑각류, 수산물, 회용",,,,,,60,2,-
흰다리새우,재료,식재료 원물,육류/수산/달걀,갑각류,새우류,"감칠맛, 식감추가, 탱글함, 대중적, 갑각류, 수산물, 다용도",,,,,,60,2,-
가시발새우,재료,식재료 원물,육류/수산/달걀,갑각류,새우류,"감칠맛, 식감추가, 딱새우, 단단함, 바다향, 갑각류, 수산물, 국물용",딱새우,,,,,60,2,-
볶은새우가루,재료,식재료 원물,육류/수산/달걀,건조해산물류,새우류,"감칠맛, 가루류, 바삭함, 고소함, 바다향, 천연조미료, 조리보조",새우가루,새우,,,,180,,90
건새우,재료,식재료 원물,육류/수산/달걀,건조해산물류,새우류,"감칠맛, 고명용, 건조형, 바삭함, 바다향, 육수용, 한식부재료","말린새우, 밥새우",새우,,,2026-09-07,180,,90
아귀,재료,식재료 원물,육류/수산/달걀,생선류,생선류,"감칠맛, 담백함, 쫄깃함, 부드러움, 생선류, 수산물, 찜용, 한식",아구,-,,,,60,2,-
물메기,재료,식재료 원물,육류/수산/달걀,생선류,생선류,"감칠맛, 담백함, 흐물거림, 부드러움, 생선류, 수산물, 국물용",곰치,-,,,,60,2,-
횟대,재료,식재료 원물,육류/수산/달걀,생선류,생선류,"감칠맛, 담백함, 흰살생선, 생선류, 수산물, 식해용, 한식",,-,,,,90,2,-
도치,재료,식재료 원물,육류/수산/달걀,생선류,생선류,"감칠맛, 담백함, 탱글함, 쫄깃함, 생선류, 수산물, 숙회용",,-,,,,90,2,-
복어,재료,식재료 원물,육류/수산/달걀,생선류,생선류,"감칠맛, 담백함, 쫄깃함, 독성주의, 고급풍미, 생선류, 수산물, 국물용",,-,,,,90,2,-
민어,재료,식재료 원물,육류/수산/달걀,생선류,생선류,"감칠맛, 담백함, 부드러움, 보양식, 생선류, 수산물, 가을생선",,-,,,,90,2,-
틸라피아,재료,식재료 원물,육류/수산/달걀,생선류,생선류,"감칠맛, 담백함, 흰살생선, 역돔, 생선류, 수산물, 가성비",,-,,,,90,2,-
도다리,재료,식재료 원물,육류/수산/달걀,생선류,생선류,"감칠맛, 담백함, 흰살생선, 봄생선, 생선류, 수산물, 가열용",,,,,,90,2,-
도루묵,재료,식재료 원물,육류/수산/달걀,생선류,생선류,"감칠맛, 담백함, 알식감, 생선류, 수산물, 조림용, 한식",,,,,,90,2,-
능성어,재료,식재료 원물,육류/수산/달걀,생선류,생선류,"감칠맛, 담백함, 흰살생선, 고급풍미, 생선류, 수산물, 회용",,,,,,90,2,-
문치가자미,재료,식재료 원물,육류/수산/달걀,생선류,생선류,"감칠맛, 담백함, 흰살생선, 도다리유사, 생선류, 수산물, 가열용",,,,,,90,2,-
술봉가자미,재료,식재료 원물,육류/수산/달걀,생선류,생선류,"감칠맛, 담백함, 흰살생선, 생선류, 수산물, 가열용",,,,,,90,2,-
매퉁이,재료,식재료 원물,육류/수산/달걀,생선류,생선류,"감칠맛, 담백함, 생선류, 수산물, 어묵재료, 가공용",,,,,,90,2,-
참조기,재료,식재료 원물,육류/수산/달걀,생선류,생선류,"감칠맛, 담백함, 흰살생선, 부드러움, 생선류, 수산물, 조기류, 한식",,,,,,90,2,-
개볼락,재료,식재료 원물,육류/수산/달걀,생선류,생선류,"감칠맛, 담백함, 쫄깃함, 생선류, 수산물, 매운탕용",,,,,,90,2,-
민태,재료,식재료 원물,육류/수산/달걀,생선류,생선류,"감칠맛, 담백함, 명태유사, 생선류, 수산물, 가공용",,,,,,90,2,-
참가자미,재료,식재료 원물,육류/수산/달걀,생선류,생선류,"감칠맛, 담백함, 흰살생선, 생선류, 수산물, 구이용, 조림용",,,,,,90,2,-
네동가리,재료,식재료 원물,육류/수산/달걀,생선류,생선류,"감칠맛, 담백함, 생선류, 수산물, 흰살생선, 가열용",,,,,,90,2,-
양태,재료,식재료 원물,육류/수산/달걀,생선류,생선류,"감칠맛, 담백함, 단단한살, 생선류, 수산물, 찜용, 국물용",,,,,,90,2,-
넙치,재료,식재료 원물,육류/수산/달걀,생선류,생선류,"감칠맛, 담백함, 광어, 흰살생선, 생선류, 수산물, 대중적",광어,,,,,90,2,-
무지개송어,재료,식재료 원물,육류/수산/달걀,생선류,생선류,"감칠맛, 담백함, 지방풍미, 붉은살, 민물생선, 생선류, 수산물",,,,,,90,2,-
성게,재료,식재료 원물,육류/수산/달걀,생선류,생선류,"감칠맛, 바다향, 녹진함, 노란색, 수산물, 고급풍미, 생식용","성게알, 우니",-,,,2026-09-07,60,1,-
밴댕이,재료,식재료 원물,육류/수산/달걀,생선류,생선류,"감칠맛, 바다향, 작은생선, 수산물, 젓갈용, 구이용",,-,,,,90,2,-
가오리,재료,식재료 원물,육류/수산/달걀,생선류,생선류,"감칠맛, 식감추가, 오독함, 연골, 생선류, 수산물, 찜용, 무침용",,-,,,,90,2,-
개불,재료,식재료 원물,육류/수산/달걀,생선류,생선류,"감칠맛, 식감추가, 쫄깃함, 단맛, 수산물, 생식용, 술안주",,-,,,,60,1,-
정어리,재료,식재료 원물,육류/수산/달걀,생선류,생선류,"감칠맛, 지방풍미, 등푸른생선, 작은생선, 생선류, 수산물, 통조림용",,-,,,,90,2,-
쥐치,재료,식재료 원물,육류/수산/달걀,생선류,생선류,"감칠맛, 지방풍미, 단단한살, 생선류, 수산물, 쥐포용, 회용",,-,,,,90,2,-
줄삼치,재료,식재료 원물,육류/수산/달걀,생선류,생선류,"감칠맛, 지방풍미, 삼치유사, 생선류, 수산물, 가열용",,-,,,,90,2,-
부시리,재료,식재료 원물,육류/수산/달걀,생선류,생선류,"감칠맛, 지방풍미, 방어유사, 대형어종, 생선류, 수산물, 회용",,-,,,,90,2,-
양미리,재료,식재료 원물,육류/수산/달걀,생선류,생선류,"감칠맛, 지방풍미, 건조형, 작은생선, 생선류, 수산물, 구이용",,-,,,,90,2,-
가다랑어,재료,식재료 원물,육류/수산/달걀,생선류,생선류,"감칠맛, 지방풍미, 훈제향, 육수용, 생선류, 수산물, 일식부재료",가다랭이,,,,,90,2,-
평삼치,재료,식재료 원물,육류/수산/달걀,생선류,생선류,"감칠맛, 지방풍미, 생선류, 수산물, 삼치류, 가열용",,,,,,90,2,-
다랑어,재료,식재료 원물,육류/수산/달걀,생선류,생선류,"감칠맛, 지방풍미, 참치, 붉은살, 대형어종, 생선류, 수산물",,,,,,90,2,-
전어,재료,식재료 원물,육류/수산/달걀,생선류,생선류,"감칠맛, 지방풍미, 고소함, 가을생선, 뼈째먹는, 생선류, 수산물",,,,,,90,2,-
청새치,재료,식재료 원물,육류/수산/달걀,생선류,생선류,"감칠맛, 지방풍미, 단단한살, 대형어종, 생선류, 수산물, 회용",,,,,,90,2,-
해삼,재료,식재료 원물,육류/수산/달걀,생선류,생선류,"감칠맛, 해산풍미, 오독함, 바다의인삼, 검은색, 수산물, 생식용",,,,,,60,1,-
훈제연어,재료,식재료 원물,육류/수산/달걀,생선류,생선류,"감칠맛, 훈제풍미, 지방풍미, 붉은살, 연어, 가공육, 서양식",,,,,,90,5,-
붕어,재료,식재료 원물,육류/수산/달걀,생선류,생선류,"감칠맛, 흙맛, 민물생선, 생선류, 수산물, 보양식, 한식",,-,,,,90,2,-
미꾸라지,재료,식재료 원물,육류/수산/달걀,생선류,생선류,"감칠맛, 흙맛, 지방풍미, 민물생선, 생선류, 수산물, 추어탕용",추어,-,,,,90,2,-
메기,재료,식재료 원물,육류/수산/달걀,생선류,생선류,"감칠맛, 흙맛, 지방풍미, 민물생선, 생선류, 수산물, 매운탕용",,-,,,,90,2,-
꽁치,재료,식재료 원물,육류/수산/달걀,생선류,생선류,"비린맛, 감칠맛, 단백함, 해산물향, 등푸른생선, 생선류, 수산물, 다용도",꽁치캔,,,,2026-09-07,90,2,-
가자미,재료,식재료 원물,육류/수산/달걀,생선류,생선류,"비린맛, 감칠맛, 단백함, 해산물향, 흰살생선, 생선류, 수산물, 다용도",,,,,,90,2,-
도미,재료,식재료 원물,육류/수산/달걀,생선류,생선류,"비린맛, 감칠맛, 단백함, 해산물향, 흰살생선, 고급풍미, 생선류, 수산물","참돔, 참도미",,,,,90,2,-
열기,재료,식재료 원물,육류/수산/달걀,생선류,생선류,"비린맛, 감칠맛, 단백함, 해산물향, 빨간생선, 생선류, 수산물, 가열용",볼락,,,,,90,2,-
조기,재료,식재료 원물,육류/수산/달걀,생선류,생선류,"비린맛, 감칠맛, 단백함, 해산물향, 흰살생선, 생선류, 수산물, 한식",,,,,,90,2,-
장어,재료,식재료 원물,육류/수산/달걀,생선류,생선류,"비린맛, 감칠맛, 단백함, 해산물향, 기름짐, 고소함, 보양식, 가열용",민물장어,,,,2026-09-07,90,2,-
임연수어,재료,식재료 원물,육류/수산/달걀,생선류,생선류,"비린맛, 감칠맛, 단백함, 해산물향, 부드러움, 생선류, 수산물, 구이용",임연수,,,,,90,2,-
우럭,재료,식재료 원물,육류/수산/달걀,생선류,생선류,"비린맛, 감칠맛, 단백함, 해산물향, 쫄깃함, 생선류, 수산물, 매운탕용",조피볼락,,,,,90,2,-
연어,재료,식재료 원물,육류/수산/달걀,생선류,생선류,"비린맛, 감칠맛, 단백함, 해산물향, 붉은살, 기름짐, 고소함, 다용도","생연어, 연어필렛",,,,2026-09-07,60,2,-
병어,재료,식재료 원물,육류/수산/달걀,생선류,생선류,"비린맛, 감칠맛, 단백함, 해산물향, 부드러움, 흰살생선, 생선류, 수산물",,,,,,90,2,-
등가시치,재료,식재료 원물,육류/수산/달걀,생선류,생선류,"비린맛, 감칠맛, 단백함, 해산물향, 생선류, 수산물, 가열용",,,,,,90,2,-
대구,재료,식재료 원물,육류/수산/달걀,생선류,생선류,"비린맛, 감칠맛, 단백함, 해산물향, 흰살생선, 시원함, 생선류, 수산물",,,,,,90,2,-
날치,재료,식재료 원물,육류/수산/달걀,생선류,생선류,"비린맛, 감칠맛, 단백함, 해산물향, 작은생선, 톡톡터지는알, 수산물",,,,,,90,2,-
까나리,재료,식재료 원물,육류/수산/달걀,생선류,생선류,"비린맛, 감칠맛, 단백함, 해산물향, 작은생선, 액젓용, 수산물",,,,,,90,2,-
고랑치,재료,식재료 원물,육류/수산/달걀,생선류,생선류,"비린맛, 감칠맛, 단백함, 해산물향, 흰살생선, 쫄깃함, 수산물",,,,,,90,2,-
고등어,재료,식재료 원물,육류/수산/달걀,생선류,생선류,"비린맛, 감칠맛, 단백함, 해산물향, 등푸른생선, 기름짐, 필수베이스",순살고등어,,,,2026-09-07,90,2,-
갈치,재료,식재료 원물,육류/수산/달걀,생선류,생선류,"비린맛, 감칠맛, 단백함, 해산물향, 부드러움, 흰살생선, 수산물",,,,,,90,2,-
노가리,재료,식재료 원물,육류/수산/달걀,생선류,생선류,"비린맛, 감칠맛, 단백함, 해산물향, 건조형, 쫄깃함, 안주용",,,,,,90,2,-
놀래미,재료,식재료 원물,육류/수산/달걀,생선류,생선류,"비린맛, 감칠맛, 단백함, 해산물향, 흰살생선, 쫄깃함, 수산물",노래미,,,,,90,2,-
농어,재료,식재료 원물,육류/수산/달걀,생선류,생선류,"비린맛, 감칠맛, 단백함, 해산물향, 흰살생선, 고급풍미, 여름생선",,,,,,90,2,-
다금바리,재료,식재료 원물,육류/수산/달걀,생선류,생선류,"비린맛, 감칠맛, 단백함, 해산물향, 흰살생선, 고급풍미, 쫄깃함",,,,,,90,2,-
박대,재료,식재료 원물,육류/수산/달걀,생선류,생선류,"비린맛, 감칠맛, 단백함, 해산물향, 납작한형태, 말린것, 구이용",,,,,,90,2,-
방어,재료,식재료 원물,육류/수산/달걀,생선류,생선류,"비린맛, 감칠맛, 단백함, 해산물향, 기름짐, 붉은살, 겨울생선",,,,,,90,2,-
빙어,재료,식재료 원물,육류/수산/달걀,생선류,생선류,"비린맛, 감칠맛, 단백함, 해산물향, 작은생선, 튀김용, 겨울생선",,,,,,90,2,-
삼치,재료,식재료 원물,육류/수산/달걀,생선류,생선류,"비린맛, 감칠맛, 단백함, 해산물향, 고소함, 담백함, 부드러움",,,,,,90,2,-
서대,재료,식재료 원물,육류/수산/달걀,생선류,생선류,"비린맛, 감칠맛, 단백함, 해산물향, 납작한형태, 흰살생선, 수산물",,,,,,90,2,-
송어,재료,식재료 원물,육류/수산/달걀,생선류,생선류,"비린맛, 감칠맛, 단백함, 해산물향, 민물생선, 붉은살, 고소함",,,,,,90,2,-
숭어,재료,식재료 원물,육류/수산/달걀,생선류,생선류,"비린맛, 감칠맛, 단백함, 해산물향, 붉은살, 쫄깃함, 수산물",,,,,,90,2,-
쏘가리,재료,식재료 원물,육류/수산/달걀,생선류,생선류,"비린맛, 감칠맛, 단백함, 해산물향, 민물생선, 고급풍미, 매운탕용",,,,,,90,2,-
연변어,재료,식재료 원물,육류/수산/달걀,생선류,생선류,"비린맛, 감칠맛, 단백함, 해산물향, 생선류, 수산물, 가열용",,,,,,90,2,-
전갱이,재료,식재료 원물,육류/수산/달걀,생선류,생선류,"비린맛, 감칠맛, 단백함, 해산물향, 등푸른생선, 고소함, 수산물",,,,,,90,2,-
줄전갱이,재료,식재료 원물,육류/수산/달걀,생선류,생선류,"비린맛, 감칠맛, 단백함, 해산물향, 등푸른생선, 고소함, 수산물",,전갱이,,,,90,2,-
청어,재료,식재료 원물,육류/수산/달걀,생선류,생선류,"비린맛, 감칠맛, 단백함, 해산물향, 등푸른생선, 기름짐, 가시많음",,,,,,90,2,-
홍어,재료,식재료 원물,육류/수산/달걀,생선류,생선류,"비린맛, 감칠맛, 단백함, 해산물향, 발효된 맛, 톡쏘는맛, 쫄깃함",,,,,,90,3,-
생선포,재료,식재료 원물,육류/수산/달걀,건조해산물류,생선포류,"감칠맛, 식감추가, 쫄깃함, 건조형, 짭짤함, 수산물, 가공육","동태포, 생선, 흰살생선",-,,,2026-09-07,180,30,
참서대,재료,식재료 원물,육류/수산/달걀,생선류,서대류,"감칠맛, 담백함, 흰살생선, 납작한형태, 수산물, 가열용",,-,,,,90,2,-
소고기다짐육,재료,식재료 원물,육류/수산/달걀,육류,소고기류,"다짐육, 볶음/찜용, 부드러움, 소고기, 단백질, 필수베이스, 양념용","다진소고기, 소고기민찌, 다진 고기, 소고기소보로",소고기,,,2026-09-07,60,2,-
토시살,재료,식재료 원물,육류/수산/달걀,육류,소고기류,"감칠맛, 부위육, 고급육, 소고기, 육향진함, 부드러움, 구이용",안거미살,소고기,,,,90,4,-
살치살,재료,식재료 원물,육류/수산/달걀,육류,소고기류,"감칠맛, 부위육, 구이용, 소고기, 마블링, 기름짐, 입에서녹는","치마살, 소고기 살치살",소고기,,,2026-09-07,90,4,-
소 사태,재료,식재료 원물,육류/수산/달걀,육류,소고기류,"결 많음, 장조림/탕용, 소고기, 질긴식감, 단백질, 장시간가열",아롱사태,소고기,,,,90,4,-
등심,재료,식재료 원물,육류/수산/달걀,육류,소고기류,"결 있음, 구이/스테이크용, 소고기, 적당한지방, 고소함, 대중육","윗등심살, 소고기등심",소고기,,,2026-09-07,90,4,-
부챗살,재료,식재료 원물,육류/수산/달걀,육류,소고기류,"결 있음, 구이용, 소고기, 단백질, 가운데힘줄, 스테이크용","부채살, 소고기 부채살",소고기,,,2026-09-07,90,4,-
소고기패티,재료,식재료 원물,육류/수산/달걀,육류,소고기류,"고기향, 단짠, 식감, 소고기, 가공육, 기름짐, 햄버거용",,소고기,,,,60,3,-
우삼겹,재료,식재료 원물,육류/수산/달걀,육류,소고기류,"기름짐, 얇게 썬 부위육, 소고기, 빠른조리, 고소함, 구이용",업진살,소고기,,,,60,3,-
차돌박이,재료,식재료 원물,육류/수산/달걀,육류,소고기류,"기름짐, 얇게 썬 육류, 구이용, 소고기, 꼬들함, 빠른조리, 고소함",차돌,소고기,,,,60,3,-
소고기,재료,식재료 원물,육류/수산/달걀,육류,소고기류,"다용도, 대중육, 고기향, 단백질, 필수베이스, 가열용, 진한맛","쇠고기, 육우, 송아지고기, 샤브샤브용 소고기, 샤브샤브용 고기, 소고기 아롱사태, 육전용 소고기",,,,2026-09-07,60,4,-
홍두깨살,재료,식재료 원물,육류/수산/달걀,육류,소고기류,"담백함, 결이 있음, 소고기, 저지방, 장조림용, 육전용",소고기 홍두깨살,소고기,,,2026-09-07,60,4,-
우둔살,재료,식재료 원물,육류/수산/달걀,육류,소고기류,"담백함, 장조림/육전용, 소고기, 저지방, 고체형, 단백질",소고기 우둔살,소고기,,,2026-09-07,60,4,-
설도,재료,식재료 원물,육류/수산/달걀,육류,소고기류,"담백함, 탕/장조림/국용, 소고기, 저지방, 거친식감, 가성비",설깃,소고기,,,2026-09-07,60,4,-
양지,재료,식재료 원물,육류/수산/달걀,육류,소고기류,"담백함, 탕용, 삶음용, 소고기, 결대로찢어짐, 국물용, 필수베이스","차돌양지, 국거리용소고기, 소고기양지, 양지머리, 양지고기",소고기,,,2026-09-07,60,4,-
안심,재료,식재료 원물,육류/수산/달걀,육류,소고기류,"부드러움, 구이/스테이크용, 소고기, 저지방, 고급부위, 연함","소안심, 소고기 안심, 소고기안심",소고기,,,2026-09-07,60,4,-
소갈비,재료,식재료 원물,육류/수산/달걀,육류,소고기류,"뼈육, 양념구이/찜용, 소고기, 고소함, 진한맛, 기름짐","LA갈비, 소갈비살, 갈비, 갈빗살, 꽃갈비살, 갈비살",소고기,,,2026-09-07,90,4,-
불고깃감,재료,식재료 원물,육류/수산/달걀,육류,소고기류,"얇은 육류, 양념용, 소고기, 부드러움, 빠른조리, 한식","불고기용소고기, 소고기 불고깃감, 불고기감",소고기,,,2026-09-07,60,3,-
와규,재료,식재료 원물,육류/수산/달걀,육류,소고기류,"풍미, 고급육, 기름짐, 소고기, 마블링, 진한맛, 스테이크용",,소고기,,,,60,4,-
채끝살,재료,식재료 원물,육류/수산/달걀,육류,소고기류,"풍미, 구이용, 고급육, 소고기, 부드러움, 적당한지방, 스테이크용","채끝, 채끝등심",소고기,,,,60,4,-
소시지,재료,식재료 원물,육류/수산/달걀,가공육,소시지류,"감칠맛, 짭짤함, 기름짐, 탱글함, 가공육, 간편식, 아이반찬","소세지, 비엔나소시지, 후랑크소세지, 후랑크 소시지, 프랑크소시지, 후랑크소시지, 닭가슴살 소시지, 프랑크 소시지, 프랑크소세지, 닭가슴살소세지, 후랑크 소세지",,,,2026-09-07,90,14,-
비엔나소세지,재료,식재료 원물,육류/수산/달걀,가공육,소시지류,"감칠맛, 작은크기, 탱글함, 가공육, 한입크기, 짭짤함, 반찬용","비엔나, 줄줄이소시지",소세지,,,,90,14,-
분홍소세지,재료,식재료 원물,육류/수산/달걀,가공육,소시지류,"감칠맛, 추억의맛, 부드러움, 전분함유, 가공육, 부침용, 한식","옛날소시지, 분홍소시지",소세지,,,2026-09-07,60,10,-
페퍼로니,재료,식재료 원물,육류/수산/달걀,가공육,소시지류,"감칠맛, 짠맛, 매운맛, 기름짐, 가공육, 얇음, 피자토핑용",페페로니,소세지,,,2026-09-07,90,30,-
킬바사,재료,식재료 원물,육류/수산/달걀,가공육,소시지류,"감칠맛, 짠맛, 육즙많음, 탱글함, 말발굽형태, 가공육, 안주용",,소세지,,,,90,14,-
순대,재료,식재료 원물,육류/수산/달걀,가공육,소시지류,"고기향, 쫄깃함, 당면함유, 가공육, 분식, 쪄먹는용, 한식",찰순대,,,,2026-09-07,60,3,-
치즈소시지,재료,식재료 원물,육류/수산/달걀,가공육,소시지류,"고기향, 고소함, 식감추가, 치즈함유, 가공육, 짭짤함, 아이반찬",,-,,,,60,7,-
볼로냐소시지,재료,식재료 원물,육류/수산/달걀,가공육,소시지류,"고기향, 식감, 단짠, 큼직함, 슬라이스용, 가공육, 샌드위치용",,-,,,,90,14,-
마늘소시지,재료,식재료 원물,육류/수산/달걀,가공육,소시지류,"고기향, 향신, 식감, 마늘향, 가공육, 짭짤함, 알싸함",,-,,,,90,10,-
이탈리안소시지,재료,식재료 원물,육류/수산/달걀,가공육,소시지류,"고기향, 향신, 식감추가, 허브향, 가공육, 서양식, 요리용",,-,,,,60,5,-
시금치,재료,식재료 원물,채소류,잎채소류,시금치류,"구수함, 식감, 부드러움, 숙채용, 잎채소, 나물용, 한식, 건강식","섬초, 시금치나물",,,,2026-09-07,30,7,3
연씨,재료,식재료 원물,견과/씨앗/고추류,씨앗류,씨앗류,"건강지향, 담백함, 고소함, 씨앗, 뿌리채소유래, 한식부재료",,,,,,180,90,60
치아씨,재료,식재료 원물,견과/씨앗/고추류,씨앗류,씨앗류,"건강지향, 식감추가, 작은알갱이, 수분흡수, 다이어트, 슈퍼푸드","치아씨드, 치아시드",,,,2026-09-07,180,180,180
목화씨,재료,식재료 원물,견과/씨앗/고추류,씨앗류,씨앗류,"고소함, 건강지향, 씨앗, 기름용, 조리보조",,,,,,180,90,60
수박씨,재료,식재료 원물,견과/씨앗/고추류,씨앗류,씨앗류,"고소함, 식감추가, 씨앗, 단단함, 볶음용, 건강식",,,,,,180,90,60
해바라기,재료,식재료 원물,견과/씨앗/고추류,씨앗류,씨앗류,"고소함, 식감추가, 씨앗, 견과류향, 기름짐, 다용도",,,,,,180,90,60
호박씨,재료,식재료 원물,견과/씨앗/고추류,씨앗류,씨앗류,"고소함, 식감추가, 식이섬유, 씨앗, 초록색, 견과류향, 토핑용",,,,,,180,90,60
해바라기씨,재료,식재료 원물,견과/씨앗/고추류,씨앗류,씨앗류,"고소함, 식감추가, 식이섬유, 씨앗, 고소함, 견과류향, 영양간식",,,,,,180,90,60
들깨,재료,식재료 원물,견과/씨앗/고추류,씨앗류,씨앗류,"고소함, 향긋함, 식이섬유, 오메가3, 씨앗, 필수베이스, 한식","통들깨, 통 들깨",,,,2026-09-07,90,60,30
삼씨,재료,식재료 원물,견과/씨앗/고추류,씨앗류,씨앗류,"식이섬유, 건강효능, 고소함, 씨앗, 슈퍼푸드, 대마씨",,,,,,180,90,60
아마씨,재료,식재료 원물,견과/씨앗/고추류,씨앗류,씨앗류,"식이섬유, 점성, 오메가3, 씨앗, 고소함, 다이어트, 톡톡터지는",,,,,,180,90,60
차전자피,재료,식재료 원물,견과/씨앗/고추류,씨앗류,씨앗류,"식이섬유, 점성, 포만감, 가루류, 다이어트, 수분흡수, 건강식",,,,,,180,180,180
아쿠아파바,재료,식재료 원물,기타 기능성 식재료,식물성 대체재,아쿠아파바,"점도부여, 거품형성, 비건, 식물성, 액상, 계란대체, 베이킹용",병아리콩물,,,,,30,,
콜리플라워,재료,식재료 원물,채소류,잎채소류,양배추류,"구수함, 식감, 부드러움, 숙채용, 하얀색, 저탄수, 서양식채소","꽃양배추, 콜리플라워 라이스",,,,,60,7,2
브로콜리,재료,식재료 원물,채소류,잎채소류,양배추류,"구수함, 식감, 부드러움, 숙채용, 초록색, 필수채소, 건강식",브로컬리,,,,2026-09-07,60,7,2
케일,재료,식재료 원물,채소류,잎채소류,양배추류,"구수함, 식감, 부드러움, 숙채용, 잎채소, 쓴맛, 주스용, 쌈채소",,,,,,30,7,3
양파,재료,식재료 원물,채소류,뿌리채소류,양파류,"향긋함, 단맛, 아삭함, 필수채소, 뿌리채소, 알싸함, 볶음용","샬롯, 적양파, 햇양파, 자색양파, 양파가루, 간양파, 양파즙, 양파채, 자색 양파, 통양파, 양파 후레이크, 간 양파",,,,2026-09-07,90,30,30
샬롯,재료,식재료 원물,채소류,뿌리채소류,양파류,"향긋함, 단맛, 작은양파, 서양식, 뿌리채소, 고급풍미, 알싸함",,양파,,,,90,30,14
염교,재료,식재료 원물,채소류,뿌리채소류,양파류,"식감추가, 알싸함, 락교, 아삭함, 뿌리채소, 절임용, 일식",락교,,,,,,60,
날치알,재료,식재료 원물,육류/수산/달걀,건조해산물류,어란류,"톡톡한 식감, 색감, 짭짤함, 주황색, 어란, 토핑용, 일식",,,,,,30,,
어묵,재료,식재료 원물,육류/수산/달걀,가공육,어묵류,"해산물향, 식감추가, 짠맛, 쫄깃함, 생선베이스, 간편식, 한식","오뎅, 찐어묵, 사각어묵, 꼬치어묵, 납작 어묵, 봉어묵, 네모어묵",-,,,2026-09-07,30,7,-
굴비,재료,식재료 원물,육류/수산/달걀,건조해산물류,어포류,"감칠맛, 짠맛, 말린것, 참조기, 고급생선, 한식, 밑반찬",조기말림,,,,,90,,
진미채,재료,식재료 원물,육류/수산/달걀,건조해산물류,어포류,"단짠맛, 반찬용, 오징어베이스, 쫄깃함, 건조형, 짭짤함, 한식","오징어채, 백진미채, 명엽채, 오징어진미채, 진미오징어채, 홍진미채",,,,2026-09-07,180,30,60
건꼴뚜기,재료,식재료 원물,육류/수산/달걀,건조해산물류,어포류,"쫄깃함, 국물가능, 작은크기, 건조형, 바다향, 조림용, 한식",말린꼴뚜기,,,,,180,30,60
가쓰오부시,재료,식재료 원물,육류/수산/달걀,건조해산물류,어포류,"훈제향, 감칠맛, 얇음, 생선베이스, 일식, 토핑용, 감칠맛","가다랑어포, 가쓰오브시",,,,2026-09-07,180,30,60
연근,재료,식재료 원물,채소류,뿌리채소류,연근류,"아삭함, 담백함, 구멍송송, 뿌리채소, 단단함, 조림용, 한식",,,,,,30,7,
연어살,재료,식재료 원물,육류/수산/달걀,생선류,연어류,"감칠맛, 지방풍미, 붉은살, 부드러움, 연어, 수산물, 고소함",,-,,,,30,2,-
은연어,재료,식재료 원물,육류/수산/달걀,생선류,연어류,"감칠맛, 지방풍미, 붉은살, 연어, 수산물, 고소함, 담백함",,연어살,,,,30,2,-
청둥오리,재료,식재료 원물,육류/수산/달걀,육류,오리고기류,"기름지며 진한 맛, 조류, 보양식, 가열용, 쫄깃함",,,,,,60,3,-
오리고기,재료,식재료 원물,육류/수산/달걀,육류,오리고기류,"다용도, 대중육, 기름짐, 고소함, 불포화지방, 조류, 가열용","오리, 생오리",,,,,60,3,-
오리목살,재료,식재료 원물,육류/수산/달걀,육류,오리고기류,"쫄깃함, 특수부위, 오리고기, 고소함, 조류, 볶음용",,오리고기,,,,60,3,-
청오이,재료,식재료 원물,채소류,열매채소류,오이류,"식감추가, 수분감, 아삭함, 청량감, 생식용, 초록색, 채소",,,,,,,10,3
늙은오이,재료,식재료 원물,채소류,열매채소류,오이류,"식감추가, 수분감, 노각, 아삭함, 무침용, 한식, 채소","노각, 노각오이, 오이노각",오이,,,2026-09-07,,20,7
취청,재료,식재료 원물,채소류,열매채소류,오이류,"식감추가, 수분감, 오이류, 아삭함, 생식용, 초록색, 채소",,오이,,,,,10,3
오이,재료,식재료 원물,채소류,열매채소류,오이류,"신선함, 식감, 수분감, 샐러드용, 아삭함, 필수채소, 청량감","청오이, 다다기오이, 백오이, 오이채, 가시오이, 취청오이, 백다다기오이, 미니오이",,,,2026-09-07,,10,3
오징어실채,재료,식재료 원물,육류/수산/달걀,건조해산물류,오징어채,"감칠맛, 식감추가, 얇음, 쫄깃함, 오징어베이스, 건조형, 밑반찬",천사채,건오징어,,,2026-09-07,180,30,60
오크라,재료,식재료 원물,채소류,열매채소류,오크라류,"식감추가, 점성, 끈적임, 초록색, 채소, 서양식, 단면별모양",,,,,,30,5,1
우엉채,재료,식재료 원물,채소류,뿌리채소류,우엉류,"식감추가, 은은함, 뿌리채소, 아삭함, 조림용, 한식, 김밥용",,우엉,,,,30,7,
우엉,재료,식재료 원물,채소류,뿌리채소류,우엉류,"식감추가, 향긋함, 뿌리채소, 단단함, 흙내음, 건강식, 한식",우엉채,,,,,30,20,7
검은콩,재료,식재료 원물,두류/콩류,두류,원물콩류,"고소함, 색감, 식감추가, 단백질, 검은색, 콩베이스, 건강식","서리태, 흑두, 서리태콩, 서리태 콩, 검정콩",,,,2026-09-07,365,365,
병아리콩,재료,식재료 원물,두류/콩류,두류,원물콩류,"고소함, 색감, 식감추가, 단백질, 노란색, 이집트콩, 다이어트","칙피, 루피니빈",,,,2026-09-07,365,365,
팥,재료,식재료 원물,두류/콩류,두류,원물콩류,"단맛, 질감, 고소함, 붉은색, 팥베이스, 앙금용, 한식디저트",적두,-,,,,365,365,
렌즈콩,재료,식재료 원물,두류/콩류,두류,원물콩류,"단백질, 고소함, 식감추가, 납작한모양, 건강식, 다이어트, 슈퍼푸드",렌틸콩,콩,,,,365,365,
울타리콩,재료,식재료 원물,두류/콩류,두류,원물콩류,"단백질, 고소함, 식감추가, 얼룩무늬, 콩베이스, 밥용, 한식",,콩,,,,180,,
동부콩,재료,식재료 원물,두류/콩류,두류,원물콩류,"단백질, 고소함, 식감추가, 하얀색, 콩베이스, 떡고물용, 한식",동부,동부,,,,365,365,
쥐눈이콩,재료,식재료 원물,두류/콩류,두류,원물콩류,"단백질, 고소함, 식감추가, 검은색, 작은크기, 약콩, 건강식",약콩,콩,,,,365,365,
리마콩,재료,식재료 원물,두류/콩류,두류,원물콩류,"단백질, 식감추가, 고소함, 큰크기, 부드러움, 버터콩, 서양식",,콩,,,,365,365,
백태,재료,식재료 원물,두류/콩류,두류,원물콩류,"단백질, 식감추가, 고소함, 노란색, 메주콩, 대두, 필수베이스","메주콩, 백태콩, 흰콩",콩,,,2026-09-07,365,365,
날개콩,재료,식재료 원물,두류/콩류,두류,원물콩류,"단백질, 식이섬유, 독특한모양, 채소형태, 아삭함, 열대작물",,,,,,180,,
밤콩,재료,식재료 원물,두류/콩류,두류,원물콩류,"단백질, 식이섬유, 고소함, 밤맛, 콩베이스, 밥용, 한식",,,,,,180,,
잠두,재료,식재료 원물,두류/콩류,두류,원물콩류,"단백질, 식이섬유, 큰크기, 콩베이스, 고소함, 서양식, 건강식",파바빈,,,,,180,,
녹두,재료,식재료 원물,두류/콩류,두류,원물콩류,"담백함, 색감, 식감추가, 초록색, 콩베이스, 단백질, 해독음식, 한식",깐녹두,,,,2026-09-07,365,365,
강낭콩,재료,식재료 원물,두류/콩류,두류,원물콩류,"담백함, 색감, 식감추가, 붉은색, 콩베이스, 단백질, 밥용, 포실포실함",,,,,,180,,
대두,재료,식재료 원물,두류/콩류,두류,원물콩류,"담백함, 식감추가, 노란색, 콩베이스, 단백질, 메주콩, 필수베이스",,,,,,365,365,
완두콩,재료,식재료 원물,두류/콩류,두류,원물콩류,"담백함, 식감추가, 색감, 초록색, 작은크기, 단맛, 콩베이스, 토핑용","완두, 줄기콩",,,,2026-09-07,90,,
유채,재료,식재료 원물,채소류,잎채소류,유채류,"은은함, 향긋함, 잎채소, 나물용, 봄나물, 비타민풍부, 한식",유채나물,,,,,30,5,1
홍삼,재료,식재료 원물,채소류,뿌리채소류,인삼류,"쓴맛, 약초향, 붉은색, 건강식, 약재용, 진한맛, 기력회복",,,,,,180,30,30
인삼,재료,식재료 원물,채소류,뿌리채소류,인삼류,"쓴맛, 향긋함, 기력회복, 뿌리채소, 약재용, 한식부재료, 건강식","홍삼, 수삼",,,,2026-09-07,90,14,3
젓갈,재료,식재료 원물,육류/수산/달걀,가공육,젓갈류,"감칠맛, 짠맛, 발효된 맛, 수산물베이스, 짭짤함, 필수베이스, 양념류","갈치속젓, 갈치젓, 멸치젓, 황석어젓",,,,2026-09-07,180,,-
명란젓,재료,식재료 원물,육류/수산/달걀,가공육,젓갈류,"짠맛, 매운맛, 감칠맛, 알식감, 분홍색, 수산물, 밥도둑",,,,,,90,7,-
죽순,재료,식재료 원물,채소류,뿌리채소류,죽순류,"아삭함, 담백함, 나무순, 채소, 식감추가, 중식, 한식","생죽순, 대나무순",,,,,60,5,
아스파라거스,재료,식재료 원물,채소류,잎채소류,줄기채소류,"식감, 신선함, 향긋함, 초록색, 서양식채소, 구이용, 스테이크곁들임",,,,,,30,5,1
대나무순,재료,식재료 원물,채소류,잎채소류,줄기채소류,"식감추가, 은은함, 아삭함, 죽순유사, 채소, 가열용, 한식",,,,,,60,5,1
셀러리,재료,식재료 원물,채소류,잎채소류,줄기채소류,"향긋함, 식감추가, 강한향, 아삭함, 수분감, 잎채소, 서양식, 다이어트",샐러리,,,,,30,7,2
말쥐치,재료,식재료 원물,육류/수산/달걀,생선류,쥐치류,"감칠맛, 담백함, 흰살생선, 수산물, 가공용, 쥐포용, 쫄깃함",쥐치,-,,,,60,2,-
검정깨,재료,식재료 원물,견과/씨앗/고추류,참깨류,참깨류,"고소함, 식감추가, 향긋함, 검은색, 씨앗, 토핑용, 한식부재료","검은깨, 흑임자",깨,,,,90,60,30
통깨,재료,식재료 원물,견과/씨앗/고추류,참깨류,참깨류,"고소함, 식감추가, 향긋함, 하얀색, 씨앗, 필수베이스, 토핑용",,깨,,,,90,60,30
황다랑어,재료,식재료 원물,육류/수산/달걀,생선류,참치류,"감칠맛, 지방풍미, 붉은살, 참치류, 수산물, 부드러움, 회용",,-,,,,30,2,-
황새치,재료,식재료 원물,육류/수산/달걀,생선류,참치류,"감칠맛, 지방풍미, 하얀살, 참치류, 수산물, 단단한살, 회용",,-,,,,30,2,-
참다랑어,재료,식재료 원물,육류/수산/달걀,생선류,참치류,"감칠맛, 지방풍미, 붉은살, 최고급참치, 수산물, 기름짐, 입에서녹는",혼마구로,-,,,,30,2,-
통조림햄,재료,식재료 원물,육류/수산/달걀,가공육,캔육류,"짠맛, 감칠맛, 가공육, 고기향, 기름짐, 간편식, 필수베이스",캔햄,소세지,,,,,,365
참치캔,재료,식재료 원물,육류/수산/달걀,가공육,캔해산물,"감칠맛, 짠맛, 가공육, 수산물, 기름참치, 간편식, 필수베이스",캔참치,,,,,,,365
생콩가루,재료,식재료 원물,두류/콩류,두류,콩가루류,"고소함, 건조성, 가루류, 콩향, 비린맛, 한식부재료, 조리보조",,,,,,90,30,
볶은콩가루,재료,식재료 원물,두류/콩류,두류,콩가루류,"고소함, 건조성, 구수함, 가루류, 진한맛, 인절미가루, 디저트용",,,,,,90,30,14
콩가루,재료,식재료 원물,두류/콩류,두류,콩가루류,"고소함, 색감, 건조성, 가루류, 콩베이스, 다용도, 조리보조",서리태 콩가루,,,,2026-09-07,90,30,14
청포묵가루,재료,식재료 원물,두류/콩류,두류,콩가루류,"식감추가, 묵형성, 가루류, 전분질, 하얀색, 응고용, 한식",,,,,,180,90,90
토란,재료,식재료 원물,채소류,뿌리채소류,토란류,"식감추가, 은은함, 뿌리채소, 미끄러움, 포실포실함, 가열용, 한식","알토란, 토란대",,,,,60,14,7
마카,재료,식재료 원물,채소류,뿌리채소류,특수뿌리류,"고소함, 기력회복, 뿌리채소, 가루류, 건강식, 슈퍼푸드",,,,,,90,30,14
칡,재료,식재료 원물,채소류,뿌리채소류,특수뿌리류,"식감추가, 향긋함, 쓴맛, 갈색, 뿌리채소, 건강식, 음용가능",칡뿌리,,,,,90,14,3
실파,재료,식재료 원물,채소류,잎채소류,파류,"향긋함, 얇은파, 향신채, 채소, 알싸함, 토핑용, 고명용",,파,,,,30,5,2
쪽파,재료,식재료 원물,채소류,잎채소류,파류,"향긋함, 알싸함, 향신채, 채소, 한식, 김치용, 양념장용","깐쪽파, 다진 쪽파, 다진쪽파",파,,,2026-09-07,30,5,2
달래,재료,식재료 원물,채소류,잎채소류,파류,"향긋함, 알싸함, 봄나물, 향신채, 채소, 뿌리채소유래, 한식",,,,,,30,3,1
파,재료,식재료 원물,채소류,잎채소류,파류,"향긋함, 알싸함, 필수베이스, 향신채, 채소, 다용도, 한식",,,,,,30,7,2
모자반,재료,식재료 원물,육류/수산/달걀,해조류,해조류,"감칠맛, 식감추가, 은은함, 해조류, 바다향, 오독함, 한식",,-,,,,30,3,
톳,재료,식재료 원물,육류/수산/달걀,해조류,해조류,"감칠맛, 식감추가, 은은함, 해조류, 바다향, 오독함, 톡톡터지는",,-,,,,30,3,
청각,재료,식재료 원물,육류/수산/달걀,해조류,해조류,"감칠맛, 식감추가, 은은함, 해조류, 바다향, 김치부재료, 시원함",,-,,,,30,3,
곰피,재료,식재료 원물,육류/수산/달걀,해조류,해조류,"감칠맛, 식감추가, 은은함, 해조류, 바다향, 구멍송송, 쫄깃함",,-,,,,30,3,
우뭇가사리,재료,식재료 원물,육류/수산/달걀,해조류,해조류,"식감추가, 투명함, 매끄러움, 해조류, 한천, 저칼로리, 다이어트",우무,,,,,,7,
불고기햄,재료,식재료 원물,육류/수산/달걀,가공육,햄류,"고기향, 단짠, 가공조미, 가공육, 짭짤함, 반찬용, 쫄깃함",,햄,,,,30,5,-
베이컨칩,재료,식재료 원물,육류/수산/달걀,가공육,햄류,"고기향, 바삭함, 토핑용, 가공육, 기름짐, 짭짤함, 서양식",,햄,,,,30,7,-
돼지고기햄,재료,식재료 원물,육류/수산/달걀,가공육,햄류,"고기향, 짠맛, 단단함, 가공육, 기름짐, 짭짤함, 다용도",,햄,,,,30,5,-
본레스햄,재료,식재료 원물,육류/수산/달걀,가공육,햄류,"고기향, 짠맛, 식감추가, 가공육, 덩어리형, 슬라이스용",,햄,,,,30,5,-
김밥햄,재료,식재료 원물,육류/수산/달걀,가공육,햄류,"고기향, 짠맛, 식감추가, 막대형태, 가공육, 짭짤함, 김밥용","김밥용 햄, 김밥용햄",햄,,,2026-09-07,30,5,-
런천미트,재료,식재료 원물,육류/수산/달걀,가공육,햄류,"고기향, 짠맛, 식감추가, 캔햄, 가공육, 기름짐, 가성비",,햄,,,,30,5,-
등심햄,재료,식재료 원물,육류/수산/달걀,가공육,햄류,"고기향, 짠맛, 식감추가, 담백함, 가공육, 저지방, 슬라이스용",,햄,,,,30,5,-
쵸핑햄,재료,식재료 원물,육류/수산/달걀,가공육,햄류,"고기향, 짠맛, 식감추가, 다짐육형태, 가공육, 볶음밥용",,햄,,,,30,5,-
햄,재료,식재료 원물,육류/수산/달걀,가공육,햄류,"고기향, 짠맛, 식감추가, 가공육, 필수베이스, 짭짤함, 다용도","샌드위치햄, 잠봉햄, 닭가슴살 햄, 사각햄",햄,,,2026-09-07,30,5,-
프레스햄,재료,식재료 원물,육류/수산/달걀,가공육,햄류,"고기향, 짠맛, 유화식감, 가공육, 매끄러움, 짭짤함, 다용도",,햄,,,,90,10,-
마늘햄,재료,식재료 원물,육류/수산/달걀,가공육,햄류,"고기향, 짠맛, 향신, 마늘향, 가공육, 알싸함, 고소함",,햄,,,,90,7,-
슬라이스햄,재료,식재료 원물,육류/수산/달걀,가공육,햄류,"짠맛, 얇음, 가공육, 부드러움, 샌드위치용, 조리간편","샌드위치용 햄, 잠봉 슬라이스",소세지,,,2026-09-07,60,5,-
빽햄,재료,식재료 원물,육류/수산/달걀,가공육,햄류,"짠맛, 가공육, 기름짐, 고기향, 캔햄, 간편식, 감칠맛",,소세지,,,,90,10,-
스팸,재료,식재료 원물,육류/수산/달걀,가공육,햄류,"짠맛, 감칠맛, 기름짐, 부드러움, 가공육, 캔햄, 밥도둑",리챔,소세지,,,,90,10,365
스모그햄,재료,식재료 원물,육류/수산/달걀,가공육,햄류,"훈연향, 고기향, 짠맛, 가공육, 진한맛, 향긋함, 쫄깃함",훈제햄,햄,,,,90,10,-
물냉이,재료,식재료 원물,채소류,잎채소류,향채소류,"은은함, 시원함, 향긋함, 잎채소, 샐러드용, 서양식, 크레송",크레송,,,,,30,5,
쑥갓,재료,식재료 원물,채소류,잎채소류,향채소류,"향긋함, 알싸함, 나물용, 향신채, 잎채소, 국물용, 고명용",,,,,,30,5,
미나리,재료,식재료 원물,채소류,잎채소류,향채소류,"향긋함, 알싸함, 나물용, 아삭함, 해독, 수분감, 잎채소, 한식","돌미나리, 물미나리, 청도미나리",,,,2026-09-07,30,7,
루꼴라,재료,식재료 원물,채소류,잎채소류,향채소류,"향긋함, 알싸함, 나물용, 쌉쌀함, 고소함, 잎채소, 피자토핑용","루콜라, 와일드루꼴라",,,,2026-09-07,30,4,
신선초,재료,식재료 원물,채소류,잎채소류,향채소류,"향긋함, 은은함, 건강식, 잎채소, 주스용, 쌉쌀함",,,,,,30,5,
쑥,재료,식재료 원물,채소류,잎채소류,향채소류,"향긋함, 은은함, 쌉쌀함, 봄나물, 잎채소, 떡용, 국물용, 한식",물쑥,-,,,,60,3,
국수호박,재료,식재료 원물,채소류,열매채소류,호박류,"식감추가, 색감, 면식감, 노란색, 호박류, 채소, 다이어트",,호박,,,,90,10,
돼지호박,재료,식재료 원물,채소류,열매채소류,호박류,"식감추가, 수분감, 쥬키니호박, 초록색, 채소, 가열용, 볶음용",,호박,,,,90,7,5
애호박,재료,식재료 원물,채소류,열매채소류,호박류,"식감, 신선함, 향긋함, 부드러움, 초록색, 채소, 필수베이스, 한식","쥬키니, 주키니",,,,,90,7,5
단호박,재료,식재료 원물,채소류,열매채소류,호박류,"식감, 신선함, 향긋함, 달콤함, 노란색, 포만감, 구황작물, 묵직함",,호박,,,,90,30,
늙은호박,재료,식재료 원물,채소류,열매채소류,호박류,"식감, 신선함, 향긋함, 단맛, 주황색, 수분감, 한식, 국물용",,호박,,,,90,,
호박,재료,식재료 원물,채소류,열매채소류,호박류,"식감, 신선함, 향긋함, 달콤함, 채소, 부드러움, 다용도","단호박, 늙은호박, 미니단호박, 둥근호박, 밤호박, 미니밤호박, 조선호박, 미니 밤호박, 쥬키니호박, 주키니호박",,,,2026-09-07,90,7,5
황태포,재료,식재료 원물,육류/수산/달걀,건조해산물류,황태류,"감칠맛, 국물용, 포형태, 건조형, 바다향, 수산물, 제사용, 한식",,황태,,,,180,,180
황태대가리,재료,식재료 원물,육류/수산/달걀,건조해산물류,황태류,"감칠맛, 국물전용, 육수용, 바다향, 수산물, 진한맛, 조리보조","북어머리, 황태머리",황태,,,2026-09-07,180,,180
코다리,재료,식재료 원물,육류/수산/달걀,건조해산물류,황태류,"감칠맛, 반건조, 조림용, 쫄깃함, 수산물, 명태유래, 한식",반건조명태,황태,,,,90,,
황태,재료,식재료 원물,육류/수산/달걀,건조해산물류,황태류,"감칠맛, 육수용, 건조형, 바다향, 단백질, 명태유래, 한식",,,,,,180,,180
북어,재료,식재료 원물,육류/수산/달걀,건조해산물류,황태류,"감칠맛, 육수용, 건조형, 바다향, 수산물, 해장용, 한식",,황태,,,,180,,180
먹태,재료,식재료 원물,육류/수산/달걀,건조해산물류,황태류,"감칠맛, 짠맛, 식감추가, 바삭함, 건조형, 안주용, 수산물",,-,,,,180,,180
황태채,재료,식재료 원물,육류/수산/달걀,건조해산물류,황태류,"감칠맛, 채형태, 국물용, 건조형, 단백질, 수산물, 조리간편",,황태,,,,180,,180
북어채,재료,식재료 원물,육류/수산/달걀,건조해산물류,황태류,"감칠맛, 채형태, 국물용, 건조형, 바다향, 수산물, 조리간편",,황태,,,,180,,180
훈제오리,재료,식재료 원물,육류/수산/달걀,가공육,훈제육류,"감칠맛, 짠맛, 훈연향, 오리고기, 기름짐, 고소함, 가공육","오리훈제, 슬라이스훈제오리, 훈제오리고기",,,,2026-09-07,90,5,-
베이컨,재료,식재료 원물,육류/수산/달걀,가공육,훈제육류,"짠맛, 고소함, 훈연향, 얇음, 기름짐, 가공육, 서양식",,소세지,,,,60,7,-
훈제닭고기,재료,식재료 원물,육류/수산/달걀,가공육,훈제육류,"훈연향, 짭짤함, 닭고기, 담백함, 단백질, 가공육, 조리간편",훈제닭가슴살,,,,,90,4,-
아마란스,재료,식재료 원물,곡류,곡류,,"고소함, 곡류, 작은입자, 슈퍼푸드, 단백질, 밥용",,,,,,180,,365
사탕수수,재료,식재료 원물,곡류,곡류,,"단맛, 원초적단맛, 단단함, 즙용, 음용가능",,설탕,,,,,,
통밀,재료,식재료 원물,곡류,곡류,,"건강지향, 담백함, 곡류, 식이섬유, 거친식감, 갈색, 베이킹용",,밀,,,,180,,365
겉보리,재료,식재료 원물,곡류,곡류,,"고소함, 건강지향, 보리류, 껍질있음, 차용, 조리보조",,보리,,,,180,,365
튀밥,재료,식재료 원물,곡류,곡류,,"고소함, 식감추가, 바삭함, 가벼움, 곡물스낵, 토핑용",,,,,,90,,30
현미,재료,식재료 원물,곡류,곡류,,"고소함, 꼬들함, 건강식, 주식용, 곡류, 식이섬유, 다이어트",오분도미,밥,,,2026-09-07,180,,180
메밀,재료,식재료 원물,곡류,곡류,,"구수함, 탄력, 면용, 건강식, 곡류, 회색, 찬성질",메밀차,,,,2026-09-07,180,,365
쌀알,재료,식재료 원물,곡류,곡류,,"기본곡물, 담백함, 쌀베이스, 주식용, 하얀색, 필수베이스",,쌀,,,,180,,365
차조,재료,식재료 원물,곡류,곡류,,"담백함, 건강지향, 잡곡류, 작은입자, 노란색, 밥용, 한식",,조,,,,180,,365
맵쌀,재료,식재료 원물,곡류,곡류,,"담백함, 고소함, 쌀베이스, 하얀색, 주식용, 필수베이스",멥쌀,쌀,,,,180,,365
흰쌀,재료,식재료 원물,곡류,곡류,,"담백함, 쫀득함, 쌀베이스, 하얀색, 주식용, 부드러움",,쌀,,,,180,,365
쌀,재료,식재료 원물,곡류,곡류,,"부드러움, 고소함, 주식용, 흡수력, 쌀베이스, 필수베이스","백미, 쌀밥, 홍국쌀, 불린 쌀, 불린쌀, 생쌀",밥,,,2026-09-07,180,90,30
오트밀,재료,식재료 원물,곡류,곡류,,"식이섬유, 고소함, 건강식, 다이어트, 귀리유래, 볶은것, 서양식",오트,귀리,,,2026-09-07,180,90,60
잡곡,재료,식재료 원물,곡류,곡류,,"식이섬유, 고소함, 건강식, 다이어트, 곡류, 혼합형, 밥용",,밥,,,,180,90,30
귀리,재료,식재료 원물,곡류,곡류,,"식이섬유, 고소함, 건강식, 다이어트, 단단함, 타임지선정, 곡류",,밥,,,,180,90,60
수수,재료,식재료 원물,곡류,곡류,,"잡곡, 담백함, 건강식, 주식보완, 붉은색, 찰기있음, 한식",,밥,,,,180,90,30
보리,재료,식재료 원물,곡류,곡류,,"잡곡, 담백함, 건강식, 주식보완, 꽁보리밥, 톡톡터지는, 식이섬유","보리쌀, 늘보리",밥,,,2026-09-07,180,90,30
기장,재료,식재료 원물,곡류,곡류,,"잡곡, 담백함, 건강식, 주식보완, 노란색, 작은입자, 밥용",,밥,,,,180,90,30
찰기장,재료,식재료 원물,곡류,곡류,,"쫀득함, 건강지향, 노란색, 찰기있음, 잡곡류, 밥용",,,,,,180,90,30
홍미,재료,식재료 원물,곡류,곡류,,"쫀득함, 건강지향, 붉은색, 색감, 쌀베이스, 식이섬유",,쌀,,,,180,90,30
찰보리,재료,식재료 원물,곡류,곡류,,"쫀득함, 고소함, 보리류, 부드러움, 찰기있음, 밥용",,보리,,,,180,90,30
찹쌀백미,재료,식재료 원물,곡류,곡류,,"쫀득함, 담백함, 찰기있음, 쌀베이스, 하얀색, 떡용, 소화잘되는",,쌀,,,,180,90,30
찹쌀,재료,식재료 원물,곡류,곡류,,"쫀득함, 끈기, 떡용, 구이보조, 찰기있음, 필수베이스, 한식",,밥,,,,180,90,30
겉귀리,재료,식재료 원물,곡류,귀리류,,"고소함, 식감추가, 귀리류, 껍질있음, 거친식감, 건강식",,,,,,180,90,60
쌀귀리,재료,식재료 원물,곡류,귀리류,,"고소함, 식감추가, 귀리류, 매끄러움, 밥용, 건강식",,,,,,180,90,60
기능성잡곡,재료,식재료 원물,곡류,기능성잡곡류,,"건강효능, 식이섬유, 곡류, 영양강화, 혼합형, 밥용",,,,,,180,90,30
퀴노아,재료,식재료 원물,곡류,기능성잡곡류,,"식이섬유, 건강효능, 작은입자, 고단백, 슈퍼푸드, 서양식",,,,,,180,90,90
곤약쌀,재료,식재료 원물,곡류,기능성잡곡류,,"저탄수, 식감유사, 다이어트, 하얀색, 수분감, 주식대체",,,,,,,30,15
조,재료,식재료 원물,곡류,기타잡곡류,,"고소함, 담백함, 작은입자, 노란색, 잡곡류, 밥용, 한식",,,,,,180,90,30
청차조,재료,식재료 원물,곡류,기타잡곡류,,"고소함, 색감, 푸른색, 작은입자, 잡곡류, 밥용",,,,,,180,90,30
율무,재료,식재료 원물,곡류,기타잡곡류,,"식이섬유, 고소함, 단단함, 하얀색, 건강식, 한식, 차용",,,,,,180,90,30
금강밀,재료,식재료 원물,곡류,밀류,,"고소함, 글루텐, 밀베이스, 국산밀, 가루용, 베이킹용",,,,,,180,90,60
우리밀,재료,식재료 원물,곡류,밀류,,"고소함, 글루텐, 밀베이스, 국산밀, 건강지향, 다용도",,,,,,180,90,60
흑밀,재료,식재료 원물,곡류,밀류,,"고소함, 색감, 검은색, 밀베이스, 식이섬유, 베이킹용",,,,,,180,90,60
통호밀,재료,식재료 원물,곡류,밀류,,"고소함, 식이섬유, 거친식감, 호밀베이스, 건강식, 베이킹용",,,,,,180,90,60
호밀,재료,식재료 원물,곡류,밀류,,"고소함, 쓴맛, 호밀베이스, 짙은색, 식사빵용, 베이킹용",,,,,,180,90,60
신미찰밀,재료,식재료 원물,곡류,밀류,,"쫄깃함, 글루텐, 밀베이스, 찰기있음, 가루용, 베이킹용",,,,,,180,90,60
큰알보리,재료,식재료 원물,곡류,보리류,,"고소함, 식감추가, 보리류, 큰입자, 꽁보리밥용, 한식",,,,,,180,90,30
쌀보리,재료,식재료 원물,곡류,보리류,,"고소함, 식이섬유, 보리류, 매끄러움, 부드러움, 밥용",,,,,,180,90,30
올보리,재료,식재료 원물,곡류,보리류,,"고소함, 식이섬유, 보리류, 껍질없음, 부드러움, 밥용",,,,,,180,90,30
찰보리쌀,재료,식재료 원물,곡류,보리류,,"쫄깃함, 식이섬유, 고소함, 보리류, 찰기있음, 잡곡류, 밥용, 건강식",,,,,,180,90,30
통수수,재료,식재료 원물,곡류,수수류,,"식감추가, 고소함, 담백함, 붉은색, 단단함, 수수류, 잡곡류, 한식",,,,,,180,90,30
차수수,재료,식재료 원물,곡류,수수류,,"식감추가, 고소함, 찰기있음, 붉은색, 수수류, 잡곡류, 밥용, 한식",,,,,,180,90,30
찰수수,재료,식재료 원물,곡류,수수류,,"쫄깃함, 고소함, 찰기있음, 붉은색, 수수류, 잡곡류, 떡용, 한식",,,,,,180,90,30
녹미,재료,식재료 원물,곡류,쌀류,,"건강효능, 색감, 초록색, 쌀베이스, 고소함, 쫄깃함, 기능성쌀, 밥용",,,,,,180,90,30
연황미,재료,식재료 원물,곡류,쌀류,,"건강효능, 색감, 노란색, 쌀베이스, 담백함, 기능성쌀, 밥용",,,,,,180,90,30
주황미,재료,식재료 원물,곡류,쌀류,,"건강효능, 색감, 주황색, 쌀베이스, 담백함, 기능성쌀, 밥용",,,,,,180,90,30
진홍미,재료,식재료 원물,곡류,쌀류,,"건강효능, 색감, 붉은색, 쌀베이스, 쫄깃함, 기능성쌀, 밥용",,,,,,180,90,30
흑미,재료,식재료 원물,곡류,쌀류,,"고소함, 색감, 검은색, 쌀베이스, 진한맛, 식이섬유, 필수잡곡, 밥용",,,,,,180,90,30
기능성쌀,재료,식재료 원물,곡류,쌀류,,"식이섬유, 건강효능, 쌀베이스, 다용도, 영양강화, 밥용",,,,,,180,90,30
스위트콘,재료,식재료 원물,곡류,옥수수류,,"달콤함, 식감추가, 아삭함, 옥수수향, 노란색, 톡톡터지는, 통조림용","옥수수캔, 캔옥수수, 옥수수알, 콘 옥수수, 옥수수 콘, 옥수수통조림, 콘, 통조림 옥수수, 옥수수 통조림",,,,2026-09-07,90,,
강냉이,재료,식재료 원물,곡류,옥수수류,,"고소함, 바삭함, 가벼움, 옥수수향, 곡물스낵, 간식용",,,,,,90,,
옥수수,재료,식재료 원물,곡류,옥수수류,,"단맛, 식감, 토핑용, 간식용, 구황작물, 포만감, 노란색, 익혀먹는용","초당옥수수, 찰옥수수, 단옥수수, 옥수수콘, 콘옥수수",,,,2026-09-04,90,,
말전복,재료,식재료 원물,육류/수산/달걀,조개류/연체류,,"감칠맛, 고급풍미, 식감추가, 단단함, 바다향, 조개류, 수산물, 보양식",,-,,,,180,,30
참굴,재료,식재료 원물,육류/수산/달걀,조개류/연체류,,"감칠맛, 바다향, 미끄러움, 신선함, 수산물, 굴향, 생식용",,-,,,,60,2,-
홍합살,재료,식재료 원물,육류/수산/달걀,조개류/연체류,,"감칠맛, 바다향, 주황색, 부드러움, 조개류, 수산물, 국물용",,-,,,,60,2,-
굴,재료,식재료 원물,육류/수산/달걀,조개류/연체류,,"감칠맛, 바다향, 즙많음, 필수베이스, 수산물, 우유빛, 다용도","참굴, 석화, 생굴, 봉지굴",,,,2026-09-07,60,2,-
새꼬막,재료,식재료 원물,육류/수산/달걀,조개류/연체류,,"감칠맛, 식감추가, 쫄깃함, 짭짤함, 조개류, 수산물, 무침용",,-,,,,60,2,-
참꼴뚜기,재료,식재료 원물,육류/수산/달걀,조개류/연체류,,"감칠맛, 식감추가, 쫄깃함, 작은크기, 연체류, 수산물, 조림용",,-,,,,60,2,-
세발낙지,재료,식재료 원물,육류/수산/달걀,조개류/연체류,,"감칠맛, 식감추가, 쫄깃함, 부드러움, 연체류, 수산물, 생식용, 한식",,-,,,,60,2,-
대문어,재료,식재료 원물,육류/수산/달걀,조개류/연체류,,"감칠맛, 식감추가, 쫄깃함, 큰크기, 단단함, 연체류, 수산물, 찜용",,-,,,,60,2,-
소라,재료,식재료 원물,육류/수산/달걀,조개류/연체류,,"감칠맛, 식감추가, 오독함, 단단함, 조개류, 수산물, 숙회용",,-,,,,60,2,-
살오징어,재료,식재료 원물,육류/수산/달걀,조개류/연체류,,"감칠맛, 식감추가, 쫄깃함, 대중적, 연체류, 수산물, 다용도",,-,,,,60,2,-
손질갑오징어,재료,식재료 원물,육류/수산/달걀,조개류/연체류,,"감칠맛, 식감추가, 도톰함, 단단함, 연체류, 수산물, 편리함",,-,,,,60,2,-
건오징어,재료,식재료 원물,육류/수산/달걀,조개류/연체류,,"감칠맛, 식감추가, 쫄깃함, 단단함, 건조형, 바다향, 안주용",,-,,,,180,,30
바지락살,재료,식재료 원물,육류/수산/달걀,조개류/연체류,,"감칠맛, 식감추가, 작은크기, 필수베이스, 조개류, 수산물, 조리간편",,-,,,,60,2,-
대합,재료,식재료 원물,육류/수산/달걀,조개류/연체류,,"감칠맛, 식감추가, 큰크기, 시원함, 조개류, 수산물, 국물용",,-,,,,60,2,-
백합,재료,식재료 원물,육류/수산/달걀,조개류/연체류,,"감칠맛, 식감추가, 시원함, 하얀색, 조개류, 수산물, 고급풍미",,-,,,,60,2,-
개조개,재료,식재료 원물,육류/수산/달걀,조개류/연체류,,"감칠맛, 식감추가, 큰크기, 쫄깃함, 조개류, 수산물, 구이용",,-,,,,60,2,-
맛조개,재료,식재료 원물,육류/수산/달걀,조개류/연체류,,"감칠맛, 식감추가, 부드러움, 길쭉한형태, 조개류, 수산물, 구이용",,-,,,,60,2,-
키조개,재료,식재료 원물,육류/수산/달걀,조개류/연체류,,"감칠맛, 식감추가, 관자, 큰크기, 조개류, 수산물, 구이용",,-,,,,60,2,-
담치,재료,식재료 원물,육류/수산/달걀,조개류/연체류,,"감칠맛, 식감추가, 홍합유사, 바다향, 조개류, 수산물, 국물용",,,,,,60,2,-
참갑오징어,재료,식재료 원물,육류/수산/달걀,조개류/연체류,,"감칠맛, 식감추가, 도톰함, 쫄깃함, 연체류, 수산물, 고급풍미",,,,,,60,2,-
큰가리비,재료,식재료 원물,육류/수산/달걀,조개류/연체류,,"감칠맛, 식감추가, 관자, 단맛, 조개류, 수산물, 구이용, 찜용",,,,,,60,2,-
미더덕,재료,식재료 원물,육류/수산/달걀,조개류/연체류,,"감칠맛, 식감추가, 오독함, 톡터지는, 바다향, 수산물, 국물용, 한식",,,,,,60,2,-
동죽,재료,식재료 원물,육류/수산/달걀,조개류/연체류,,"감칠맛, 식감추가, 시원함, 작은크기, 조개류, 수산물, 칼국수용",,,,,,60,2,-
재첩,재료,식재료 원물,육류/수산/달걀,조개류/연체류,,"감칠맛, 식감추가, 매우작은크기, 시원함, 조개류, 수산물, 국물용",,,,,,60,2,-
한치,재료,식재료 원물,육류/수산/달걀,조개류/연체류,,"감칠맛, 식감추가, 부드러움, 쫄깃함, 연체류, 수산물, 회용",,,,,,60,2,-
접시조개,재료,식재료 원물,육류/수산/달걀,조개류/연체류,,"감칠맛, 식감추가, 담백함, 조개류, 수산물, 가열용",,,,,,60,2,-
피조개,재료,식재료 원물,육류/수산/달걀,조개류/연체류,,"감칠맛, 철분풍미, 붉은색, 쫄깃함, 조개류, 수산물, 무침용",,-,,,,60,2,-
바지락,재료,식재료 원물,육류/수산/달걀,조개류/연체류,,"감칠맛, 조개향, 국물용, 찜용, 필수베이스, 시원함, 조개류, 수산물",바지락살,조개,,,,60,2,-
홍합,재료,식재료 원물,육류/수산/달걀,조개류/연체류,,"감칠맛, 조개향, 국물용, 찜용, 바다향, 주황색, 조개류, 수산물","홍합살, 담치",조개,,,,60,2,-
조개,재료,식재료 원물,육류/수산/달걀,조개류/연체류,,"감칠맛, 조개향, 국물용, 찜용, 시원함, 조개류, 수산물, 다용도","대합, 백합, 모시조개, 말백합, 조갯살, 백합조개, 동죽조개",,,,2026-09-07,60,2,-
전복,재료,식재료 원물,육류/수산/달걀,조개류/연체류,,"감칠맛, 조개향, 국물용, 찜용, 고급풍미, 쫄깃함, 조개류, 보양식","말전복, 전복 내장",조개,,,,60,3,-
우렁이살,재료,식재료 원물,육류/수산/달걀,조개류/연체류,,"감칠맛, 조개향, 국물용, 찜용, 오독함, 쫄깃함, 민물수산, 한식","우렁이, 우렁",조개,,,2026-09-07,60,3,-
모시조개,재료,식재료 원물,육류/수산/달걀,조개류/연체류,,"감칠맛, 조개향, 국물용, 찜용, 시원함, 하얀색, 조개류, 수산물",,조개,,,,60,2,-
꼬막,재료,식재료 원물,육류/수산/달걀,조개류/연체류,,"감칠맛, 조개향, 국물용, 찜용, 쫄깃함, 짭짤함, 조개류, 수산물",새꼬막,조개,,,,60,2,-
관자,재료,식재료 원물,육류/수산/달걀,조개류/연체류,,"감칠맛, 조개향, 국물용, 찜용, 부드러움, 담백함, 조개류유래",조개관자,조개,,,,60,2,-
골뱅이,재료,식재료 원물,육류/수산/달걀,조개류/연체류,,"감칠맛, 조개향, 국물용, 찜용, 쫄깃함, 통조림용, 안주용, 수산물","골뱅이 통조림, 골뱅이캔",조개,,,2026-09-07,60,3,-
가리비,재료,식재료 원물,육류/수산/달걀,조개류/연체류,,"감칠맛, 조개향, 국물용, 찜용, 단맛, 관자, 조개류, 수산물","큰가리비, 가리비살",조개,,,2026-09-07,60,2,-
먹물,재료,식재료 원물,육류/수산/달걀,조개류/연체류,,"색감, 해산물향, 소스용, 검은색, 액상, 감칠맛, 서양식",오징어먹물,,,,,30,1,-
해파리,재료,식재료 원물,육류/수산/달걀,조개류/연체류,,"식감, 짠맛, 무침용, 회무침용, 꼬들함, 투명함, 냉채용",,,,,,30,3,-
멍게,재료,식재료 원물,육류/수산/달걀,조개류/연체류,,"식감, 짠맛, 무침용, 회무침용, 특유향, 바다향, 주황색, 수산물",,,,,,30,2,-
명란,재료,식재료 원물,육류/수산/달걀,조개류/연체류,,"짠맛, 감칠맛, 비빔용, 토핑용, 알식감, 분홍색, 수산물","명란젓, 백명란, 저염 명란젓, 백명란젓, 명란젓갈",,,,2026-09-07,60,,-
주꾸미,재료,식재료 원물,육류/수산/달걀,조개류/연체류,,"쫄깃함, 감칠맛, 볶음용, 구이용, 작은문어, 제철음식, 수산물",쭈꾸미,오징어,,,,30,2,-
오징어,재료,식재료 원물,육류/수산/달걀,조개류/연체류,,"쫄깃함, 감칠맛, 볶음용, 구이용, 필수베이스, 연체류, 수산물","살오징어, 물오징어, 냉동오징어, 생물오징어, 손질 오징어",,,,2026-09-07,30,2,-
문어,재료,식재료 원물,육류/수산/달걀,조개류/연체류,,"쫄깃함, 감칠맛, 볶음용, 구이용, 큰크기, 고급풍미, 연체류, 수산물","자숙문어, 문어다리",,,,2026-09-07,30,3,-
낙지,재료,식재료 원물,육류/수산/달걀,조개류/연체류,,"쫄깃함, 감칠맛, 볶음용, 구이용, 부드러움, 연체류, 수산물, 한식",세발낙지,오징어,,,,30,2,-
꼴뚜기,재료,식재료 원물,육류/수산/달걀,조개류/연체류,,"쫄깃함, 감칠맛, 볶음용, 구이용, 매우작은오징어, 연체류, 수산물",참꼴뚜기,오징어,,,,30,2,-
갑오징어,재료,식재료 원물,육류/수산/달걀,조개류/연체류,,"쫄깃함, 감칠맛, 볶음용, 구이용, 도톰함, 단단함, 연체류, 수산물","참갑오징어, 손질갑오징어",오징어,,,,30,2,-
기능성찹쌀,재료,식재료 원물,곡류,찹쌀류,,"식이섬유, 건강효능, 찰기있음, 쫀득함, 쌀베이스, 기능성쌀",,,,,,,180,180
찹쌀현미,재료,식재료 원물,곡류,찹쌀류,,"식이섬유, 고소함, 꼬들함, 찰기있음, 쫀득함, 건강식, 밥용",현미찹쌀,,,,2026-09-07,,180,180
찰쌀,재료,식재료 원물,곡류,찹쌀류,,"쫄깃함, 고소함, 찰기있음, 쫀득함, 쌀베이스, 밥용",,,,,,,180,180
찰흑미,재료,식재료 원물,곡류,찹쌀류,,"쫄깃함, 색감, 검은색, 찰기있음, 고소함, 쌀베이스, 밥용",,,,,,,180,180
혼합곡,재료,식재료 원물,곡류,혼합곡류,,"다양성, 식이섬유, 건강식, 잡곡류, 여러곡물, 다이어트",,,,,,,180,180
맛술,재료,양념/조미료,감칠조미,MSG 조미,,"감칠맛, 단맛, 은은함, 잡내제거, 액상, 풍미보강, 조리보조","미림, 맛술미림, 미향",,,,2026-09-07,,180,365
미원,재료,양념/조미료,감칠조미,MSG 조미,,"감칠맛, 짠맛, 하얀색, 가루류, 필수조미료, 조리보조",MSG,,,,2026-09-07,,,365
간장,재료,양념/조미료,간장류,간장류,,"짠맛, 감칠맛, 검은색, 액상, 필수베이스, 발효된 맛, 양념류","진간장, 국간장, 양조간장, 조림간장, 저염간장, 맛간장, 어간장, 집간장, 조선간장, 종합간장, 홍게간장, 간장소스, 초간장, 양념간장, 재래간장, 해선간장, 양조진간장, 국시장국",,,,2026-09-07,,180,365
라면스프,재료,양념/조미료,감칠맛/육수,건조 육수베이스,,"감칠맛, 짠맛, 향신료, 매운맛, 가루류, 간편식, 자극적","라면수프, 라면 수프, 라면 분말스프, 라면 분말 스프, 라면 분말수프, 라면 분말 수프, 분말스프, 분말 스프, 분말수프, 분말 수프",,,,,,,180
건더기스프,재료,양념/조미료,감칠맛/육수,건조 육수베이스,,"감칠맛, 향신료, 텍스처, 말린채소, 건조형, 조리보조","건더기수프, 건더기 수프, 야채스프, 야채 스프, 야채수프, 야채 수프",,,,,,,180
홍게가루,재료,양념/조미료,건조시즈닝,건조 육수베이스,,"해산물향, 감칠맛, 색감, 붉은색, 가루류, 바다향, 천연조미료",,,,,,90,30,180
잣가루,재료,양념/조미료,건조시즈닝,고소한 분말조미,,"고소함, 견과향, 토핑용, 가루류, 입자감, 부재료, 한식",,,,,,60,,
들깨가루,재료,양념/조미료,건조시즈닝,고소한 분말조미,,"고소함, 텍스처, 진한맛, 가루류, 필수베이스, 한식, 걸쭉함","들깻가루, 거피 들깨가루, 거피들깨가루, 생들깨가루",,,,2026-09-07,60,30,
깻가루,재료,양념/조미료,건조시즈닝,고소한 분말조미,,"고소함, 텍스처, 들깨향, 가루류, 고소함, 한식, 토핑용","갈은깨, 참깨가루",,,,2026-09-07,60,30,
참깨,재료,양념/조미료,향신료/허브류,고소한 향신조미,,"고소함, 식감추가, 씨앗, 필수베이스, 토핑용, 하얀색","통깨, 깨, 볶은참깨, 볶음참깨, 간깨, 빻은깨, 흑임자가루, 볶은깨, 통참깨, 볶음깨, 볶은 깨, 통깨가루, 볶은 통깨, 흑임자 가루, 갈은통깨, 으깬깨",,,,2026-09-07,,90,180
깨소금,재료,양념/조미료,향신료/허브류,고소한 향신조미,,"고소함, 짠맛, 향긋함, 가루류, 고소함, 한식, 토핑용","깨가루, 간 깨소금",,,,2026-09-07,,60,90
고추장,재료,양념/조미료,장류(베이스),고추장,,"감칠맛, 짠맛, 매운맛, 발효된 맛, 빨간색, 꾸덕함, 필수베이스, 한식","저당 고추장, 생고추장, 저당고추장",,,,2026-09-07,,180,90
보리고추장,재료,양념/조미료,장류(베이스),고추장,,"단맛, 매운맛, 발효된 맛, 구수한맛, 꾸덕함, 붉은색, 한식",,고추장,,,,,180,90
쌀고추장,재료,양념/조미료,장류(베이스),고추장,,"단맛, 매운맛, 발효된 맛, 깔끔한맛, 꾸덕함, 붉은색, 한식",,고추장,,,,,180,90
치킨스톡,재료,양념/조미료,감칠맛/육수,고형 육수베이스,,"감칠맛, 고기향, 농축육수, 짠맛, 조류베이스, 서양식, 조리보조",액상 치킨스톡,,,,2026-09-07,,,180
코인육수,재료,양념/조미료,감칠맛/육수,고형 육수베이스,,"감칠맛, 진한맛, 짠맛, 고체형, 간편식, 조리보조, 필수베이스","멸치 코인육수, 한알육수, 육수한알, 사골코인육수, 고체육수, 사골 코인육수, 바지락 멸치 동전육수",육수,,,2026-09-07,,,365
김치국물,재료,양념/조미료,요리베이스/소스,국물소스,,"짠맛, 발효된 맛, 감칠맛, 산미, 매운맛, 액상, 한식부재료","김칫국물, 열무김치국물",,,,2026-09-07,30,7,
부대찌개양념장,재료,양념/조미료,요리베이스/소스,국물소스,,"감칠맛, 매운맛, 짠맛, 향신, 붉은색, 꾸덕함, 전용소스",,,,,,60,14,
국물양념,재료,양념/조미료,요리베이스/소스,국물소스,,"감칠맛, 짠맛, 향신, 다용도소스, 액상, 조리보조",,,,,,60,14,
글레이즈,재료,양념/조미료,시럽/청류,글레이즈,,"단맛, 색감, 코팅감, 꾸덕함, 시럽류, 디저트용, 서양식",,,,,2026-09-07,,90,180
고추기름,재료,양념/조미료,매운맛 조미,기름조미,,"매운맛, 향신, 풍미, 붉은색, 액상, 기름류, 중식",고춧기름,,,,2026-09-07,,180,180
감미료,재료,양념/조미료,단맛 조미,기타,,"단맛, 대체재, 무열량, 가루류, 액상, 조리보조","그린스위트, 대체당, 당원, 뉴수가",,,,2026-09-07,,,365
북어육수,재료,양념/조미료,감칠맛/육수,기타 육수보완재,,"감칠맛, 짠맛, 육수용, 시원함, 바다향, 액상, 한식",,-,,,,90,3,
육수,재료,양념/조미료,감칠맛/육수,기타 육수보완재,,"감칠맛, 짠맛, 향신, 국물용, 필수베이스, 액상, 다용도","사골육수, 다시마육수, 채수, 야채육수, 멸치육수, 동전육수, 멸치다시육수, 다시마물, 분말육수, 닭육수, 사골국물, 시판 사골육수, 소고기육수, 다시육수, 김장육수, 채소육수",,,,2026-09-07,30,3,
향신료,재료,양념/조미료,향신료/허브류,기타 향신료,,"향긋함, 매운맛, 자극적, 가루류, 풍미보강, 조리보조",향료,,,,2026-09-07,,,180
허브,재료,양념/조미료,향신료/허브류,기타 향신료,,"향긋함, 은은함, 초록색, 신선함, 서양식, 풍미보강",타임,,,,2026-09-05,30,,
데미글라스소스,재료,양념/조미료,요리베이스/소스,기타페이스트,,"고기향, 감칠맛, 진한맛, 브라운색, 꾸덕함, 스테이크소스, 서양식",,,,,,90,30,
돈가스소스,재료,양념/조미료,요리베이스/소스,기타페이스트,,"달콤함, 짭짤함, 새콤달콤, 브라운색, 꾸덕함, 튀김용소스",돈까스소스,,,,,90,90,
떡볶이소스,재료,양념/조미료,요리베이스/소스,기타페이스트,,"매운맛, 단맛, 감칠맛, 붉은색, 꾸덕함, 전용소스, 한식",,,,,,90,30,
비빔냉면장,재료,양념/조미료,요리베이스/소스,기타페이스트,,"매운맛, 새콤함, 단맛, 붉은색, 꾸덕함, 면요리용, 한식",,,,,,90,30,
고추마늘소스,재료,양념/조미료,요리베이스/소스,기타페이스트,,"매운맛, 알싸함, 감칠맛, 입자감, 붉은색, 양념류, 중식",,,,,,90,30,
절임소스,재료,양념/조미료,요리베이스/소스,기타페이스트,,"산미, 감칠맛, 짠맛, 단맛, 액상, 보존용, 다용도",,,,,,,90,
중화매실소스,재료,양념/조미료,요리베이스/소스,기타페이스트,,"새콤달콤, 과일향, 감칠맛, 액상, 중식, 탕수육소스",,,,,,90,90,
페이스트,재료,양념/조미료,요리베이스/소스,기타페이스트,,"짠맛, 향신, 농후함, 진한맛, 꾸덕함, 다용도베이스","바닐라빈페이스트, 피스타치오페이스트",,,,2026-09-07,90,30,
우스터 소스,재료,양념/조미료,요리베이스/소스,기타페이스트,,"짭짤함, 산미, 감칠맛, 검은색, 액상, 서양식, 다용도",,,,,,,180,
카레소스,재료,양념/조미료,요리베이스/소스,기타페이스트,,"향신, 감칠맛, 노란색, 진한맛, 강한향, 카레향, 다용도",,,,,,90,7,
바비큐 소스,재료,양념/조미료,요리베이스/소스,기타페이스트,,"훈연향, 달콤함, 고기향, 짭짤함, 꾸덕함, 구이용소스",바베큐소스,,,,,90,60,
오이소박이양념,재료,양념/조미료,요리베이스/소스,김치소스,,"짠맛, 매운맛, 발효된 맛, 향신, 붉은색, 김치용, 한식",,,,,,60,7,
노추,재료,양념/조미료,간장류,노추,,"짠맛, 색감, 감칠맛, 검은색, 액상, 중식, 노균장",노두유,간장,,,,,365,365
코코아가루,재료,양념/조미료,향신료/허브류,단맛/향조미,,"단맛, 색감, 초콜릿향, 짙은갈색, 가루류, 베이킹용, 디저트용",코코아분말,,,,2026-09-07,,180,180
시나몬,재료,양념/조미료,향신료/허브류,단맛/향조미,,"향긋함, 단맛, 따뜻한 느낌, 계피향, 가루류, 베이킹용, 향신료","계피, 시나몬가루, 계피가루, 시나몬파우더, 계핏가루, 시나몬스틱, 시나몬 스틱, 통계피",,,,2026-09-07,,365,365
바닐라익스트랙,재료,양념/조미료,향신료/허브류,단맛/향조미,,"향긋함, 풍미, 바닐라향, 액상, 베이킹용, 디저트용","바닐라빈, 바닐라에센스, 바닐라오일, 바닐라빈 페이스트, 바닐라익스트렉, 바닐라 익스트렉",,,,2026-09-07,,365,365
코코넛 슈가,재료,양념/조미료,단맛 조미,대체당,,"단맛, 은은함, 코코넛향, 갈색, 입자감, 대체당, 건강식",,,,,,,365,365
스테비아,재료,양념/조미료,단맛 조미,대체당,,"단맛, 은은함, 무열량, 대체당, 가루류, 건강식","스테비아나, 스테비아 설탕",,,,2026-09-07,,365,365
몽크프룻,재료,양념/조미료,단맛 조미,대체당,,"단맛, 저당, 대체당, 나한과, 가루류, 건강식",,,,,,,365,365
알룰로스,재료,양념/조미료,단맛 조미,대체당,,"단맛, 저당, 대체당, 액상, 무열량, 끈적임, 건강식, 조리보조","알룰루스, 알룰로스 설탕, 가루알룰로스, 알룰로스시럽, 알룰로스 시럽, 알룰로스 분말, 알룰로스 가루, 알루로스, 알룰로스가루, 알룰로스설탕",,,,2026-09-07,,365,365
에리스리톨,재료,양념/조미료,단맛 조미,대체당,,"단맛, 저당, 대체당, 가루류, 무열량, 시원한맛, 건강식, 조리보조",,,,,,,365,365
미소,재료,양념/조미료,장류(베이스),된장,,"감칠맛, 짠맛(약), 은은함, 발효된 맛, 일식, 된장류, 필수베이스, 부드러움","일본된장, 미소된장",,,,2026-09-07,180,60,
된장,재료,양념/조미료,장류(베이스),된장,,"감칠맛, 짠맛, 발효된 맛, 구수한맛, 꾸덕함, 필수베이스, 한식, 갈색","집된장, 시판된장, 토장, 재래식된장, 재래된장, 맛된장",,,,2026-09-07,180,90,
허니요거트드레싱,재료,양념/조미료,디핑/스프레드,드레싱,,"달콤함, 크리미함, 요거트향, 유제품향, 샐러드용, 흰색, 아이들간식",,,,,,,14,
발사믹드레싱,재료,양념/조미료,디핑/스프레드,드레싱,,"산미, 감칠맛, 포도향, 검은색, 액상, 샐러드용, 서양식, 깔끔함","화이트 발사믹, 화이트 발사믹 비니거",,,,2026-09-07,,60,
파인애플드레싱,재료,양념/조미료,디핑/스프레드,드레싱,,"산미, 과일향, 단맛, 노란색, 상큼함, 샐러드용, 과즙함유",,,,,,,14,
레몬드레싱,재료,양념/조미료,디핑/스프레드,드레싱,,"산미, 상큼함, 시트러스향, 노란색, 액상, 샐러드용, 잡내제거",,,,,,,14,
사우전드아일랜드,재료,양념/조미료,디핑/스프레드,드레싱,,"산미, 크리미함, 분홍색, 마요네즈베이스, 샐러드용, 대중적, 단맛",,,,,,,30,
이탈리안드레싱,재료,양념/조미료,디핑/스프레드,드레싱,,"산미, 향긋함, 허브향, 투명함, 액상, 샐러드용, 서양식",,,,,,,30,
머스터드드레싱,재료,양념/조미료,디핑/스프레드,드레싱,,"산미, 향긋함, 겨자향, 노란색, 톡쏘는맛, 샐러드용, 고기곁들임",,,,,,,60,
샐러드 드레싱,재료,양념/조미료,디핑/스프레드,드레싱,,"산미, 향긋함, 액상, 다용도소스, 야채곁들임, 상큼함",,,,,,,30,
콜슬로드레싱,재료,양념/조미료,디핑/스프레드,드레싱,,"새콤달콤, 크리미함, 마요네즈베이스, 흰색, 양배추용, 서양식",,,,,,,14,
시저드레싱,재료,양념/조미료,디핑/스프레드,드레싱,,"짭짤함, 치즈향, 크리미함, 흰색, 샐러드용, 진한맛, 서양식",,,,,,,14,
크림드레싱,재료,양념/조미료,디핑/스프레드,드레싱,,"크리미함, 식감추가, 부드러움, 유제품향, 흰색, 묵직함, 서양식",,,,,,,14,
양파드레싱,재료,양념/조미료,디핑/스프레드,드레싱,,"향긋함, 산미, 알싸함, 입자감, 샐러드용, 고기곁들임, 한식",,,,,,,14,
케이준드레싱,재료,양념/조미료,디핑/스프레드,드레싱,,"향신, 산미, 매운맛(약), 노란색, 치킨샐러드용, 서양식",,,,,,,14,
초코시럽,재료,양념/조미료,시럽/청류,디저트시럽,,"단맛, 초콜릿향, 짙은갈색, 액상, 끈적임, 디저트용, 토핑용",초코펜,,,,2026-09-07,,90,
카라멜시럽,재료,양념/조미료,시럽/청류,디저트시럽,,"단맛, 색감, 코팅감, 갈색, 액상, 달콤함, 디저트용, 커피용",,,,,,,90,
메이플시럽,재료,양념/조미료,시럽/청류,디저트시럽,,"단맛, 향긋함, 코팅감, 나무수액, 액상, 브런치용, 디저트용",,,,,,,90,
딸기시럽,재료,양념/조미료,시럽/청류,디저트시럽,,"단맛, 향긋함, 과일향, 붉은색, 액상, 딸기향, 디저트용",,,,,,,60,
땅콩소스,재료,양념/조미료,디핑/스프레드,디핑소스,,"짠맛, 감칠맛, 산미, 고소함, 꾸덕함, 견과류향, 샤브샤브용, 동남아풍",땅콩잼,,,,,90,60,
아이올리소스,재료,양념/조미료,디핑/스프레드,디핑소스,,"마늘향, 크리미함, 흰색, 마요네즈베이스, 알싸함, 서양식, 딥소스",,,,,,,14,
토마토 케첩,재료,양념/조미료,디핑/스프레드,디핑소스,,"산미, 단맛, 감칠맛, 붉은색, 꾸덕함, 필수베이스, 대중적",,,,,,,90,30
허니머스타드 소스,재료,양념/조미료,디핑/스프레드,디핑소스,,"산미, 달콤함, 노란색, 겨자향, 부드러움, 고기용소스, 딥소스",허니머스타드,,,,2026-09-05,,90,
머스터드,재료,양념/조미료,디핑/스프레드,디핑소스,,"산미, 매운맛, 노란색, 겨자향, 톡쏘는맛, 필수베이스, 서양식","머스타드, 홀그레인머스타드, 홀그레인머스터드, 머스터드소스, 씨겨자, 허니머스터드소스, 허니 머스터드소스, 디종 머스터드, 디종머스타드",,,,2026-09-07,,90,
머스타드 소스,재료,양념/조미료,디핑/스프레드,디핑소스,,"산미, 매운맛, 노란색, 겨자향, 톡쏘는맛, 조리보조, 서양식",,,,,,,90,
홀그레인머스터드소스,재료,양념/조미료,디핑/스프레드,디핑소스,,"알갱이식감, 산미, 겨자씨, 노란색, 스테이크용, 고급풍미, 서양식","홀그레인, 홀그레인머스타드소스, 홀그레인소스",,,,2026-09-07,,90,
타르타르소스,재료,양념/조미료,디핑/스프레드,디핑소스,,"짠맛, 감칠맛, 산미, 크리미함, 흰색, 생선요리용, 서양식",,,,,,,14,
치즈소스,재료,양념/조미료,디핑/스프레드,디핑소스,,"짠맛, 감칠맛, 산미, 치즈향, 노란색, 꾸덕함, 나초용, 딥소스",,,,,,,20,
랜치소스,재료,양념/조미료,디핑/스프레드,디핑소스,,"짠맛, 감칠맛, 산미, 크리미함, 마요네즈베이스, 허브향, 딥소스, 서양식",랜치,,,,2026-09-07,,14,
디핑소스,재료,양념/조미료,디핑/스프레드,디핑소스,,"짠맛, 감칠맛, 산미, 꾸덕함, 찍어먹는용, 다용도소스","스리라차마요소스, 피스타치오스프레드",,,,2026-09-07,,30,
유기농마요네즈,재료,양념/조미료,디핑/스프레드,디핑소스,,"크리미함, 풍미, 부드러움, 고소함, 기름짐, 흰색, 필수베이스",,,,,,,60,
딸기쨈,재료,양념/조미료,디핑/스프레드,디핑조미,,"단맛, 과일향, 토핑용, 붉은색, 끈적임, 덩어리감, 조식용","딸기잼, 사과잼, 복숭아잼, 라즈베리잼, 귤잼",,,,2026-09-07,,90,30
겨자 페이스트,재료,양념/조미료,디핑/스프레드,디핑조미,,"알싸함, 매운맛, 향신, 꾸덕함, 노란색, 톡쏘는맛, 한식부재료",,,,,,,60,
퓨레,재료,양념/조미료,디핑/스프레드,디핑조미,,"짠맛, 감칠맛, 식감추가, 걸쭉함, 원물함유, 조리보조, 다용도",,,,,,90,7,
다진마늘,재료,양념/조미료,향신다짐류,마늘류,,"매운맛, 향긋함, 알싸함, 필수베이스, 향신채, 입자감, 한식","간마늘, 마늘다짐",,,,2026-09-07,90,7,
산마늘,재료,양념/조미료,향신다짐류,마늘류,,"알싸함, 향긋함, 명이, 잎채소, 나물용, 절임용, 한식",명이나물,,,,,90,5,
마늘,재료,양념/조미료,향신다짐류,마늘류,,"매운맛, 향긋함, 필수베이스, 향신채, 뿌리채소, 알싸함, 다용도","깐마늘, 통마늘, 편마늘, 햇마늘, 알마늘, 갈릭",,,,2026-09-07,90,30,
후추,재료,양념/조미료,향신료/허브류,매운 향신료,,"매운맛, 향긋함, 자극적, 검은색, 가루류, 필수조미료, 잡내제거","흑후추, 통후추, 후춧가루, 후추가루, 순후추, 백후추, 통후추가루, 적후추, 후추분말",,,,2026-09-07,,,365
칠리,재료,양념/조미료,향신료/허브류,매운 향신료,,"매운맛, 향신, 붉은색, 자극적, 서양식, 매운향신료, 가루류",,-,,,,90,,30
페페론치노,재료,양념/조미료,향신료/허브류,매운 향신료,,"향긋함, 매운맛, 강한매운맛, 건조형, 붉은색, 서양식, 조리보조","페퍼론치노, 페페론치노홀, 페페로치노, 시치미",,,,2026-09-07,,,365
불닭소스,재료,양념/조미료,매운맛 조미  ,매운조미,,"강한매운맛, 자극적, 붉은색, 액상, 감칠맛, 단맛, 전용소스",,,,,,,90,30
고춧가루,재료,양념/조미료,매운맛 조미  ,매운조미     ,,"매운맛, 향신, 색감, 필수베이스, 빨간색, 가루류, 한식, 입자감","고추가루, 크러쉬드레드페퍼, 청양고춧가루, 청양 고춧가루, 일반 고춧가루, 청양고추가루, 고운 고추가루, 매운고춧가루, 일반고춧가루",,,,2026-09-07,180,90,30
레드페퍼,재료,양념/조미료,매운맛 조미  ,매운조미     ,,"매운맛, 향신, 색감, 빨간색, 가루류, 서양식, 피자토핑용","크러쉬드페퍼, 크러시드페퍼",,,,2026-09-07,,,365
페퍼,재료,양념/조미료,매운맛 조미  ,매운조미     ,,"매운맛, 향신, 알싸함, 자극적, 가루류, 향신료, 조리보조",,,,,,,,365
연두,재료,양념/조미료,복합조미,복합조미,,"감칠맛, 짠맛, 향긋함, 식물성, 액상, 필수조미료, 조리보조",연두소스,,,,2026-09-07,,90,180
코코넛 아미노,재료,양념/조미료,복합조미,복합조미,,"달콤함, 감칠맛, 액상, 간장대체, 건강식, 동남아풍",,,,,,,90,180
볶음양념,재료,양념/조미료,요리베이스/소스,볶음소스,,"짠맛, 감칠맛, 매운맛, 단맛, 꾸덕함, 볶음용, 다용도소스",,,,,,90,14,
볶음고추장,재료,양념/조미료,장류(혼합),볶음장,,"매운맛, 감칠맛, 짠맛, 단맛, 고추장베이스, 밥도둑, 밑반찬",소고기볶음고추장,,,,2026-09-07,,90,30
다시다,재료,양념/조미료,감칠맛/육수,분말 육수베이스,,"감칠맛, 고기향, 해산물향, 가루류, 필수조미료, 짭짤함, 조리보조","소고기다시다, 해물다시다",,,,,,,365
슈가파우더,재료,양념/조미료,단맛 조미,분말당,,"단맛, 텍스처, 하얀색, 고운가루, 디저트용, 토핑용, 베이킹용","슈거파우더, 분당",,,,2026-09-07,,,180
비빔장,재료,양념/조미료,장류(혼합),비빔소스,,"단맛, 매운맛, 감칠맛, 새콤달콤, 빨간색, 면요리용, 한식",비빔국수양념,,,,,90,30,
쫄면소스,재료,양념/조미료,장류(혼합),비빔소스,,"단맛, 매운맛, 감칠맛, 산미, 새콤달콤, 붉은색, 면요리용, 한식",,,,,,90,30,
초고추장,재료,양념/조미료,장류(혼합),비빔소스,,"단맛, 매운맛, 산미, 새콤달콤, 붉은색, 액상, 수산물소스, 한식",초장,,,,2026-09-04,,90,30
약고추장,재료,양념/조미료,장류(혼합),비빔소스,,"매운맛(약), 감칠맛, 단맛, 고기함유, 꾸덕함, 비빔용, 한식",,,,,,,30,
와인,재료,양념/조미료,산미 조미,산미 조미,,"산미, 향긋함, 알콜풍미, 액상, 포도향, 잡내제거, 서양식","레드와인, 화이트와인",,,,,,,
홍초,재료,양념/조미료,산미 조미,산미 조미,,"산미, 단맛, 상큼함, 과일향, 액상, 음용가능, 건강식",,,,,,,180,90
레몬청,재료,양념/조미료,산미 조미,산미 조미,,"산미, 단맛, 상큼함, 시트러스향, 노란색, 청용, 차용, 디저트용",레몬잼,,,,2026-09-07,,60,
단촛물,재료,양념/조미료,산미 조미,산미 조미,,"산미, 단맛, 짠맛, 투명함, 액상, 배합초, 일식, 조리보조","초밥 소스, 초대리",,,,2026-09-07,,90,30
식초,재료,양념/조미료,산미 조미,산미 조미,,"산미, 발효된 맛, 향긋함, 필수조미료, 액상, 잡내제거, 다용도","사과식초, 현미식초, 흑초, 양조식초, 2배식초, 애플사이다비니거, 3배식초, 애플 사이다 비니거, 일반식초, 발효식초",,,,2026-09-07,,,365
폰즈,재료,양념/조미료,산미 조미,산미 조미,,"산미, 짠맛, 감칠맛, 시트러스향, 액상, 일식, 딥소스",폰즈소스,,,,2026-09-07,,90,
청주,재료,양념/조미료,산미 조미,산미 조미,,"산미, 향긋함, 단맛, 맑음, 액상, 잡내제거, 한식부재료","요리술, 요리용청주, 소홍주, 럼주",,,,2026-09-07,,180,90
파프리카가루,재료,양념/조미료,향신료/허브류,색감 향신료,,"색감, 은은함, 붉은색, 가루류, 서양식, 맵지않음, 시즈닝","파프리카파우더, 훈제 파프리카 가루",,,,2026-09-07,,,180
치자,재료,양념/조미료,향신료/허브류,색감 향신료,,"색감, 은은함, 노란색, 천연염료, 한식부재료, 조리보조",,,,,,,,365
강황,재료,양념/조미료,향신료/허브류,색감 향신료,,"색감, 향긋함, 항염기능, 노란색, 가루류, 카레향, 건강식",강황가루,,,,,,,365
사우전드아일랜드드레싱,재료,양념/조미료,디핑/스프레드,샐러드드레싱,,"감칠맛, 산미, 향긋함, 크리미함, 분홍색, 대중적, 샐러드용",,,,,,,30,
힘로드시드레스,재료,양념/조미료,디핑/스프레드,샐러드드레싱,,"감칠맛, 향긋함, 산미, 액상, 드레싱류, 상큼함",,,,,,,30,
참깨흑임자드레싱,재료,양념/조미료,디핑/스프레드,샐러드드레싱,,"고소함, 향긋함, 회색, 검은깨향, 크리미함, 샐러드용, 한식",참깨드레싱,,,,2026-09-07,,30,
콘샐러드드레싱,재료,양념/조미료,디핑/스프레드,샐러드드레싱,,"단맛, 고소함, 노란색, 옥수수향, 크리미함, 서양식, 샐러드용",,,,,,,30,
망고드레싱,재료,양념/조미료,디핑/스프레드,샐러드드레싱,,"단맛, 산미, 향긋함, 노란색, 망고향, 샐러드용, 달콤함",,,,,,,20,
허니머스터드드레싱,재료,양념/조미료,디핑/스프레드,샐러드드레싱,,"단맛, 알싸함, 향긋함, 노란색, 겨자향, 고기용샐러드, 대중적",,,,,,,60,
스위트크림드레싱,재료,양념/조미료,디핑/스프레드,샐러드드레싱,,"단맛, 향긋함, 유제품향, 흰색, 부드러움, 디저트용, 드레싱",,,,,,,20,
요거트드레싱,재료,양념/조미료,디핑/스프레드,샐러드드레싱,,"산미, 유제품향, 향긋함, 흰색, 부드러움, 요거트맛, 상큼함",,,,,,,14,
오렌지샐러드드레싱,재료,양념/조미료,디핑/스프레드,샐러드드레싱,,"산미, 향긋함, 시트러스향, 주황색, 상큼함, 과일맛드레싱",,,,,,,20,
자몽드레싱,재료,양념/조미료,디핑/스프레드,샐러드드레싱,,"산미, 향긋함, 단맛, 쓴맛, 붉은색, 상큼함, 다이어트",,,,,,,20,
키위드레싱,재료,양념/조미료,디핑/스프레드,샐러드드레싱,,"산미, 향긋함, 단맛, 초록색, 상큼함, 씨앗입자, 샐러드용",,,,,,,20,
생강,재료,양념/조미료,향신다짐류,생강류,,"알싸함, 향긋함, 매운맛, 필수베이스, 뿌리채소, 잡내제거, 한식","생강즙, 생강가루, 깐생강, 생강편, 간생강, 편생강, 햇생강, 통생강, 생강채",,,,2026-09-07,90,14,
스파게티소스,재료,양념/조미료,요리베이스/소스,서양소스,,"감칠맛, 산미, 허브향, 토마토베이스, 붉은색, 양념류, 서양식","파스타소스, 토마토 파스타 소스",,,,2026-09-07,,7,
브라운소스,재료,양념/조미료,요리베이스/소스,서양소스,,"감칠맛, 짠맛, 향신, 갈색, 고기향, 꾸덕함, 서양식",,,,,,,7,
스테이크소스,재료,양념/조미료,요리베이스/소스,서양소스,,"감칠맛, 풍미, 진한맛, 산미, 갈색, 고기요리용, 서양식",,,,,,,60,
토마토소스,재료,양념/조미료,요리베이스/소스,서양소스,,"산미, 감칠맛, 색감, 붉은색, 토마토베이스, 필수베이스, 서양식","토마토파스타소스, 토마토 파스타소스, 라구소스",,,,2026-09-07,,7,
홀스래디쉬소스,재료,양념/조미료,요리베이스/소스,서양소스,,"알싸함, 향긋함, 흰색, 서양와사비, 생선요리용, 크리미함",,,,,,,30,
피자소스,재료,양념/조미료,요리베이스/소스,서양소스,,"짠맛, 감칠맛, 산미, 허브향, 붉은색, 토마토베이스, 전용소스",,,,,,,7,
크림스파게티소스,재료,양념/조미료,요리베이스/소스,서양소스,,"크리미함, 고소함, 흰색, 유제품향, 부드러움, 양념류, 서양식","크림소스, 크림스프",,,,2026-09-07,,5,
사워크림소스,재료,양념/조미료,요리베이스/소스,서양소스,,"크리미함, 산미, 흰색, 시큼한맛, 부드러움, 딥소스, 서양식",,,,,,,7,
로제스파게티소스,재료,양념/조미료,요리베이스/소스,서양소스,,"크리미함, 풍미, 주황색, 토마토크림혼합, 감칠맛, 서양식",로제소스,,,,,,5,
토마토퓨레,재료,양념/조미료,요리베이스/소스,서양소스베이스,,"산미, 감칠맛, 색감, 붉은색, 토마토원물, 조리보조, 서양식",토마토퓌레,,,,2026-09-07,,7,
설탕,재료,양념/조미료,단맛 조미,설탕류,,"단맛, 하얀색, 필수조미료, 가루류, 입자감, 조리보조","흑설탕, 각설탕, 유기농설탕, 갈색설탕, 황설탕, 백설탕, 뉴슈가, 흰설탕, 자일로스설탕, 신화당, 머스코바도, 하얀설탕",,,https://link.coupang.com/a/dHedi7,2026-09-07,,,365
원당,재료,양념/조미료,단맛 조미,설탕류,,"단맛, 원초적, 갈색, 입자감, 사탕수수, 건강지향",,,,,,,,365
빙설탕,재료,양념/조미료,단맛 조미,설탕류,,"단맛, 은은함, 식감추가, 큰결정, 투명함, 청용, 한식",,설탕,,,,,,365
비정제설탕,재료,양념/조미료,단맛 조미,설탕류,,"단맛, 캐러멜향, 갈색, 건강식, 입자감, 조리보조","마스코바도, 비정제 원당",설탕,,,2026-09-07,,,365
흑당,재료,양념/조미료,단맛 조미,설탕류,,"단맛, 캐러멜향, 진한맛, 검은색, 액상, 시럽류, 트렌디",,,,,,,,365
소금,재료,양념/조미료,소금류,소금류,,"짠맛, 하얀색, 필수조미료, 가루류, 입자감, 다용도","천일염, 꽃소금, 굵은소금, 죽염, 구운소금, 저염소금, 가공염, 정제염, 맛소금, 가는소금, 함초소금, 정제소금, 말돈소금, 토판염, 굵은 천일염, 핑크 소금, 핑크솔트, 절임소금, 핑크 솔트, 볶음소금",,,,2026-09-07,,,365
참치쌈장,재료,양념/조미료,장류(베이스),쌈장,,"감칠맛, 짠맛, 고소함, 참치함유, 꾸덕함, 쌈용, 한식",,,,,,,,
쌈장,재료,양념/조미료,장류(베이스),쌈장,,"감칠맛, 짠맛, 고소함, 된장고추장혼합, 필수베이스, 쌈용, 한식",,,,,,,60,
와사비,재료,양념/조미료,매운맛 조미,알싸한 조미,,"알싸함, 매운맛, 향긋함, 초록색, 톡쏘는맛, 일식, 필수조미료","고추냉이, 연겨자, 생와사비, 연와사비",,,,2026-09-07,,30,
겨자,재료,양념/조미료,향신료/허브류,알싸한 향신료,,"매운맛, 알싸함, 노란색, 톡쏘는맛, 한식부재료, 향신료",,,,,,,60,
제피잎,재료,양념/조미료,향신료/허브류,알싸한 향신료,,"알싸함, 매운맛, 향신조미, 초록색, 산초유사, 향긋함, 한식",,,,,,90,,
생강가루,재료,양념/조미료,향신료/허브류,알싸한 향신료,,"알싸함, 향긋함, 가루류, 생강향, 잡내제거, 조리보조",,,,,,,,180
산초,재료,양념/조미료,향신료/허브류,알싸한 향신료,,"알싸함, 향긋함, 추어탕용, 자극적, 향신료, 한식",,,,,,,,180
산초가루,재료,양념/조미료,향신료/허브류,알싸한 향신료,,"알싸함, 향신, 가루류, 자극적, 풍미보강, 조리보조",제피가루,,,,2026-09-07,180,90,30
마늘가루,재료,양념/조미료,향신료/허브류,알싸한 향신료,,"향긋함, 알싸함, 가루류, 마늘향, 조리보조, 서양식시즈닝","갈릭파우더, 갈릭 파우더",,,,2026-09-07,180,90,30
냉면육수,재료,양념/조미료,감칠맛/육수,액상 육수베이스,,"감칠맛, 산미, 시원함, 액상, 짭짤함, 면요리용, 간편식","동치미냉면육수, 시판 냉면육수, 동치미 육수, 동치미육수",,,,2026-09-07,90,7,
연두순,재료,양념/조미료,감칠맛/육수,액상 육수베이스,,"감칠맛, 식물성, 깔끔함, 액상, 필수조미료, 콩발효, 조리보조",,,,,,,,90
올리고당,재료,양념/조미료,단맛 조미,액상당,,"단맛, 끈적임, 액상당, 투명함, 윤기부여, 무향, 조리보조","요리당, 프락토올리고당, 프락토 올리고당",,,,2026-09-07,,365,365
당밀,재료,양념/조미료,단맛 조미,액상당,,"단맛, 색감, 점도, 짙은갈색, 액상당, 원초적단맛, 베이킹용",,당류,,,,,365,365
아가베시럽,재료,양념/조미료,단맛 조미,액상당,,"단맛, 은은함, 액상당, 낮은혈당지수, 건강식, 디저트용",,시럽/청류,,,,,365,365
과당,재료,양념/조미료,단맛 조미,액상당,,"단맛, 은은함, 액상당, 과일유래, 차가운음식용, 조리보조",,당류,,,,,365,365
꿀,재료,양념/조미료,단맛 조미,액상당,,"단맛, 은은함, 점도, 노란색, 액상당, 고유풍미, 건강식, 토핑용",,,,,,,,365
엿기름,재료,양념/조미료,단맛 조미,액상당,,"단맛, 점도, 발효된 맛, 가루류, 전통방식, 한식부재료, 식혜용",,엿,,,,,,
엿기름,재료,양념/조미료,단맛 조미,액상당,,"단맛, 점도, 은은함, 액상, 조청원료, 한식, 단맛조미",,,,,,180,90,30
조청,재료,양념/조미료,단맛 조미,액상당,,"단맛, 점도, 은은함, 끈적임, 갈색, 액상당, 전통방식, 한식","쌀조청, 조청쌀엿",조청,,,2026-09-07,,365,180
멸치액젓,재료,양념/조미료,액젓류,액젓류,,"짠맛, 감칠맛, 발효된 맛, 맑은액상, 수산물베이스, 김치용, 필수베이스",,,,,,,365,180
까나리액젓,재료,양념/조미료,액젓류,액젓류,,"짠맛, 감칠맛, 발효된 맛, 깔끔한맛, 액상, 김치용, 한식",,,,,,,365,180
피쉬소스,재료,양념/조미료,액젓류,액젓류,,"짠맛, 감칠맛, 발효된 맛, 액상, 동남아풍, 이국적, 필수베이스",피시소스,,,,2026-09-07,,180,90
액젓,재료,양념/조미료,액젓류,액젓류,,"짠맛, 감칠맛, 발효된 맛, 액상, 수산물베이스, 간맞추기용, 한식","까나리액젓, 멸치액젓, 참치액, 참치액젓, 꽃게액젓, 홍게액젓, 꽃게액, 멸치액, 홍게 액젓, 초피 액젓, 갈치 액젓",,,,2026-09-07,,365,180
불고기양념,재료,양념/조미료,장류(혼합),양념장,,"단짠, 감칠맛, 고기조미, 간장베이스, 꾸덕함, 전용소스, 한식","소불고기양념, 돼지불고기양념",,,,,60,,
다대기,재료,양념/조미료,장류(혼합),양념장,,"매운맛, 감칠맛, 짠맛, 고춧가루베이스, 입자감, 양념장, 한식",,,,,,60,,
참치소스,재료,양념/조미료,요리베이스/소스,육류조미소스,,"감칠맛, 짠맛, 해산풍미, 액상, 가다랑어향, 조리보조, 일식",참치한스푼,,,,2026-09-07,,90,30
수끼 소스,재료,양념/조미료,요리베이스/소스,육류조미소스,,"감칠맛, 짠맛, 새콤매콤, 동남아풍, 샤브샤브용, 찍어먹는용",,,,,,,90,30
양념닭 소스,재료,양념/조미료,요리베이스/소스,육류조미소스,,"감칠맛, 짭짤함, 단맛, 볶음용, 치킨양념, 꾸덕함, 한식",,,,,,60,30,
고기소스,재료,양념/조미료,요리베이스/소스,육류조미소스,,"감칠맛, 짭짤함, 간장베이스, 고기곁들임, 액상, 다용도소스",,,,,,60,30,
양념치킨소스,재료,양념/조미료,요리베이스/소스,육류조미소스,,"단맛, 매운맛, 감칠맛, 꾸덕함, 빨간색, 튀김용소스, 대중적",치킨양념소스,,,,,60,30,
불고기버거소스,재료,양념/조미료,요리베이스/소스,육류조미소스,,"단짠, 감칠맛, 혼합소스, 마요네즈간장혼합, 데리야끼풍, 서양식",,,,,,60,30,
소갈비양념,재료,양념/조미료,요리베이스/소스,육류조미소스,,"달콤함, 감칠맛, 간장베이스, 진한맛, 고기재움용, 전용소스, 한식",,,,,,60,10,
데리야끼,재료,양념/조미료,요리베이스/소스,일식소스,,"단맛, 짠맛, 감칠맛, 풍미, 일식, 갈색, 액상, 끈적임, 코팅감",데리야끼소스,,,,,,90,30
잠발라야소스,재료,양념/조미료,요리베이스/소스,일식소스,,"매운맛, 향신, 이국적, 서양식, 토마토베이스, 훈연향, 딥소스",,,,,,,90,30
오리엔탈드레싱,재료,양념/조미료,요리베이스/소스,일식소스,,"새콤달콤, 향신, 간장베이스, 액상, 샐러드용, 깔끔함, 대중적",오리엔탈소스,,,,,,30,
매실청,재료,양념/조미료,시럽/청류,전통청,,"단맛, 산미, 향긋함, 액상, 발효향, 소화보조, 한식부재료, 필수베이스","매실액, 매실액기스, 매실 진액, 매실진액",,,,2026-09-07,,365,365
피클링스파이스,재료,양념/조미료,향신료/허브류,절임용 향신료,,"산미, 향긋함, 입자감, 건조형, 서양식, 절임용, 향신료조합",,,,,,180,90,180
낙지젓,재료,양념/조미료,젓갈류,젓갈류,,"감칠맛, 짠맛, 발효된 맛, 매운맛, 쫄깃함, 수산물베이스, 밑반찬",낙지젓갈,-,,,2026-09-07,90,,
오징어젓,재료,양념/조미료,젓갈류,젓갈류,,"감칠맛, 짠맛, 발효된 맛, 매운맛, 쫄깃함, 수산물베이스, 밑반찬",오징어젓갈,-,,,2026-09-07,90,,
새우젓,재료,양념/조미료,젓갈류,젓갈류,,"짠맛, 감칠맛, 발효된 맛, 작은새우입자, 흰색, 소화보조, 한식부재료","새우젓갈, 새우젓국물, 새우젓 국물, 육젓, 홍새우젓, 붉새우젓, 새우액젓",,,,2026-09-07,90,30,
강된장,재료,양념/조미료,장류(혼합),조림장,,"짠맛, 감칠맛, 고소함, 진한맛, 된장베이스, 꾸덕함, 비빔용, 한식",,,,,,60,,
양파장,재료,양념/조미료,장류(혼합),조림장,,"감칠맛, 짠맛, 단맛, 장아찌용, 액상, 고기곁들임, 한식",,,,,,,30,
짜장가루,재료,양념/조미료,요리베이스/소스,중식소스,,"감칠맛, 짠맛, 단맛, 향신, 검은색, 가루류, 중식, 간편식","자장가루, 짜장 소스, 짜장스프",,,,2026-09-07,180,90,90
굴소스,재료,양념/조미료,요리베이스/소스,중식소스,,"감칠맛, 짠맛, 해산풍미, 굴농축액, 갈색, 꾸덕함, 필수베이스, 중식","저당 굴 소스, 저당 굴소스, 저당굴소스",,,,2026-09-07,,60,
마늘콩소스,재료,양념/조미료,요리베이스/소스,중식소스,,"감칠맛, 짠맛, 고소함, 입자감, 된장마늘혼합, 볶음용, 중식",,,,,,,60,
케찹탕수육소스,재료,양념/조미료,요리베이스/소스,중식소스,,"단맛, 산미, 감칠맛, 빨간색, 새콤달콤, 튀김용소스, 중식",,,,,,60,15,
팟타이 소스,재료,양념/조미료,요리베이스/소스,중식소스,,"달콤함, 감칠맛, 짠맛, 동남아풍, 볶음면용, 이국적",,,,,,60,30,
두반장,재료,양념/조미료,요리베이스/소스,중식소스,,"매운맛, 짠맛, 발효된 맛, 감칠맛, 붉은색, 콩베이스, 중식베이스",,,,,,90,90,30
깐풍기소스,재료,양념/조미료,요리베이스/소스,중식소스,,"매운맛, 감칠맛, 단맛, 산미, 볶음용, 튀김용소스, 중식",,,,,,30,7,
마파두부소스,재료,양념/조미료,요리베이스/소스,중식소스,,"매운맛, 감칠맛, 짠맛, 두반장베이스, 볶음용, 전용소스, 중식",,,,,,30,7,
탕수육 소스,재료,양념/조미료,요리베이스/소스,중식소스,,"새콤달콤, 농축풍미, 단맛, 산미, 걸쭉함, 튀김용소스, 중식",,,,,,30,7,
사천자장소스,재료,양념/조미료,요리베이스/소스,중식소스,,"중화풍, 감칠맛, 매운맛, 검은색, 볶음용, 전용소스, 중식",,,,,,30,7,
춘장,재료,양념/조미료,요리베이스/소스,중식소스,,"짠맛, 감칠맛, 발효된 맛, 단맛, 검은색, 꾸덕함, 중식베이스",짜장,,,,2026-09-07,90,180,30
쯔유,재료,양념/조미료,간장류,쯔유,,"짠맛, 감칠맛, 발효된 맛, 은은함, 가다랑어향, 액상, 일식베이스",혼쯔유,,,,2026-09-07,,60,
사워크림,재료,양념/조미료,디핑/스프레드,크림조미,,"짠맛, 은은함, 고소함, 산미, 흰색, 크리미함, 유제품향, 딥소스",,,,,,,7,
초콜릿잼,재료,양념/조미료,단맛 조미,토핑용 단맛조미,,"단맛, 초콜릿향, 텍스처, 짙은갈색, 꾸덕함, 디저트용, 토핑용",누텔라,,,,,,90,30
카라멜,재료,양념/조미료,단맛 조미,토핑용 단맛조미,,"단맛, 캐러멜향, 텍스처, 갈색, 꾸덕함, 달콤함, 디저트용",캐러멜,,,,,90,180,90
꿀타래,재료,양념/조미료,단맛 조미,토핑용 단맛조미,,"단맛, 텍스처, 실타래형, 하얀색, 고소함, 견과류함유, 전통디저트",,,,,,30,,
마시멜로,재료,양념/조미료,단맛 조미,토핑용 단맛조미,,"단맛, 텍스처, 쫀득함, 하얀색, 폭신함, 거품형, 디저트용","마시멜로우, 마쉬멜로우",,,,2026-09-07,90,,60
후리카케,재료,양념/조미료,건조시즈닝,토핑용 분말조미,,"감칠맛, 짠맛, 향신, 입자감, 가루류, 일식, 토핑용, 고명용",후리가케,,,,2026-09-05,90,60,30
치즈시즈닝,재료,양념/조미료,디핑/스프레드,토핑용 분말조미,,"짠맛, 감칠맛, 향긋함, 노란색, 가루류, 치즈향, 토핑용",,,,,,90,60,30
아몬드버터,재료,양념/조미료,디핑/스프레드,토핑조미,,"고소함, 단맛, 식감추가, 견과류향, 꾸덕함, 발라먹는용, 건강식",아몬드스프레드,,,,2026-09-07,90,60,30
허니버터,재료,양념/조미료,디핑/스프레드,토핑조미,,"단맛, 식감추가, 색감, 노란색, 버터풍미, 부드러움, 토핑용",,,,,,90,30,14
블루베리잼,재료,양념/조미료,디핑/스프레드,토핑조미,,"단맛, 식감추가, 색감, 보라색, 과일향, 꾸덕함, 조식용",,,,,,,60,
다시팩,재료,양념/조미료,감칠맛/육수,팩형 육수베이스,,"감칠맛, 건어물향, 해산물향, 주머니형, 건조형, 육수용, 필수베이스","멸치다시팩, 육수팩, 해물육수팩, 멸치육수팩",,,,2026-09-07,180,,30
양파시즈닝,재료,양념/조미료,건조시즈닝,풍미 특수조미,,"감칠맛, 향신, 고소함, 하얀색, 가루류, 양파향, 토핑용",,,,,,180,180,90
말차,재료,양념/조미료,건조시즈닝,풍미 특수조미,,"쓴맛, 녹차향, 초록색, 가루류, 떫은맛, 베이킹용, 음용가능",,,,,,180,90,30
코코아,재료,양념/조미료,건조시즈닝,풍미 특수조미,,"쓴맛, 초콜릿향, 짙은갈색, 가루류, 단맛, 디저트용, 음용가능",,,,,,365,365,180
허브솔트,재료,양념/조미료,건조시즈닝,풍미 특수조미,,"짠맛, 향긋함, 허브, 향신, 입자감, 소금베이스, 고기시즈닝","허브소금, 허브맛솔트",,,,2026-09-07,365,365,365
트러플,재료,양념/조미료,향신료/허브류,풍미 향신료,,"풍미, 향긋함, 강한향, 버섯향, 고급풍미, 조리보조, 서양식","트러플 오일, 트러플오일",,,,2026-09-07,30,,
육두구,재료,양념/조미료,향신료/허브류,풍미 향신료,,"향신, 은은함, 단맛, 가루류, 너트맥, 잡내제거, 베이킹용",넛맥,,,,,365,365,180
피넛오일,재료,양념/조미료,풍미오일,풍미오일,,"지방, 고소함, 풍미, 기름류, 액상, 견과류향, 볶음용",땅콩유,땅콩,,,,-,180,90
아보카도유,재료,양념/조미료,풍미오일,풍미오일,,"건강지향, 고소함, 기름류, 액상, 연두색, 생식가능, 높은발연점",,,,,,-,180,90
팜유,재료,양념/조미료,풍미오일,풍미오일,,"고소함, 기름류, 액상, 고체형, 가공식품용, 튀김용",,,,,,-,180,90
식용유,재료,양념/조미료,풍미오일,풍미오일,,"고소함, 기름류, 액상, 무향, 다용도오일, 필수베이스","콩기름, 카놀라유, 포도씨유, 오일, 기름, 식용오일, 식물성오일, 식용류, 튀김용 기름, 튀김기름, 식물성 기름",,,,2026-09-07,-,365,180
아몬드유,재료,양념/조미료,풍미오일,풍미오일,,"고소함, 건강지향, 액상, 식물성우유, 견과류향, 담백함, 음용가능",아몬드밀크,,,,2026-09-07,-,,
쌀겨기름,재료,양념/조미료,풍미오일,풍미오일,,"고소함, 건강지향, 미강유, 액상, 깔끔함, 튀김용",현미유,쌀기름,,,,-,180,90
땅콩기름,재료,양념/조미료,풍미오일,풍미오일,,"고소함, 고온조리용, 견과류향, 액상, 고소한향, 중식",,,,,,-,180,90
아마씨유,재료,양념/조미료,풍미오일,풍미오일,,"고소함, 식감추가, 오메가3, 액상, 특유향, 건강식, 생식용",,,,,,-,60,30
대두유,재료,양념/조미료,풍미오일,풍미오일,,"고소함, 식물성, 은은함, 콩기름, 액상, 대중적, 다용도",,,,,,-,365,180
올리브유,재료,양념/조미료,풍미오일,풍미오일,,"고소함, 은은함, 초록색, 액상, 서양식, 필수베이스, 생식가능","올리브오일, 올리브 오일, 엑스트라버진올리브오일",,,,2026-09-07,-,365,180
포도씨유,재료,양념/조미료,풍미오일,풍미오일,,"고소함, 은은함, 액상, 깔끔함, 높은발연점, 볶음용",,,,,,-,365,180
카놀라유,재료,양념/조미료,풍미오일,풍미오일,,"고소함, 은은함, 유채유유래, 액상, 무향, 다용도, 가성비",,,,,,-,365,180
아보카도오일,재료,양념/조미료,풍미오일,풍미오일,,"고소함, 은은함, 연두색, 액상, 건강식, 샐러드용, 생식용",,,,,,-,180,90
면실유,재료,양념/조미료,풍미오일,풍미오일,,"고소함, 풍미, 목화씨유래, 액상, 튀김용, 깔끔함",,,,,,-,365,180
옥수수기름,재료,양념/조미료,풍미오일,풍미오일,,"고소함, 풍미, 노란색, 액상, 옥수수향, 고온조리용",,,,,,-,365,180
유채씨기름,재료,양념/조미료,풍미오일,풍미오일,,"고소함, 풍미, 노란색, 액상, 카놀라유유래, 볶음용",,,,,,-,365,180
해바라기유,재료,양념/조미료,풍미오일,풍미오일,,"고소함, 풍미, 액상, 깔끔함, 베이킹용, 볶음용",해바라기씨유,,,,2026-09-07,-,,365
현미유,재료,양념/조미료,풍미오일,풍미오일,,"고소함, 풍미, 액상, 쌀눈유래, 건강식, 고온조리용",,,,,,-,,365
콩기름,재료,양념/조미료,풍미오일,풍미오일,,"고소함, 향, 조리용, 유분, 액상, 필수베이스, 대중적",,-,,,,-,,365
들기름,재료,양념/조미료,풍미오일,풍미오일,,"고소함, 향긋함, 강한향, 갈색, 액상, 한식부재료, 필수베이스",생들기름,,,,2026-09-07,-,60,30
갈릭버터,재료,양념/조미료,풍미오일,풍미오일,,"고소함, 향긋함, 마늘향, 버터풍미, 부드러움, 토핑용, 서양식",마늘버터,,,,,90,30,
코코넛오일,재료,양념/조미료,풍미오일,풍미오일,,"고소함, 향긋함, 코코넛향, 하얀색, 고체형, 동남아풍, 베이킹용",,,,,,-,,365
참기름,재료,양념/조미료,풍미오일,풍미오일,,"고소함, 향긋함, 강한향, 짙은갈색, 액상, 필수베이스, 한식",,,,,,-,,180
엑스트라버진,재료,양념/조미료,풍미오일,풍미오일,,"고소함, 향긋함, 식물성오일, 올리브유래, 고급풍미, 생식용",엑스트라 버진 올리브유,,,,2026-09-07,-,,365
고추씨유,재료,양념/조미료,풍미오일,풍미오일,,"매운맛, 향신, 풍미, 붉은색, 액상, 알싸함, 중식베이스",,,,,,-,,180
쇼트닝,재료,양념/조미료,풍미오일,풍미오일,,"식감추가, 고소함, 하얀색, 고체형, 바삭함부여, 베이킹용",,,,,,-,,365
코코넛유,재료,양념/조미료,풍미오일,풍미오일,,"은은함, 코코넛향, 고소함, 액상, 투명함, 열대작물풍미",,,,,,-,,365
복숭아씨기름,재료,양념/조미료,풍미오일,풍미오일,,"풍미, 은은함, 과일유래, 액상, 화장품겸용, 조리보조",,,,,,-,,180
화조유,재료,양념/조미료,풍미오일,풍미오일,,"향긋함, 은은함, 마라향, 얼얼함, 액상, 중식, 풍미보강",,,,,,-,,180
불고기소스,재료,양념/조미료,요리베이스/소스,한식소스,,"감칠맛, 단맛, 짠맛, 간장베이스, 액상, 고기요리용, 한식",,,,,,90,30,
돼지갈비소스,재료,양념/조미료,요리베이스/소스,한식소스,,"감칠맛, 달콤함, 짠맛, 간장베이스, 진한맛, 고기재움용, 한식",,,,,,90,30,
간장찜닭소스,재료,양념/조미료,요리베이스/소스,한식소스,,"감칠맛, 짠맛, 단맛, 간장베이스, 다용도조림장, 한식",,,,,,90,30,
매운돼지갈비소스,재료,양념/조미료,요리베이스/소스,한식소스,,"매운맛, 감칠맛, 짠맛, 단맛, 붉은색, 고기요리용, 자극적",,,,,,90,30,
제육볶음소스,재료,양념/조미료,요리베이스/소스,한식소스,,"매운맛, 감칠맛, 고추장베이스, 불맛, 볶음용, 한식",,,,,,90,30,
찜닭소스,재료,양념/조미료,요리베이스/소스,한식소스,,"짠맛, 단맛, 감칠맛, 향신, 간장베이스, 볶음탕용, 한식",간장찜닭소스,,,,,90,30,
해선장,재료,양념/조미료,장류(베이스),해선장,,"감칠맛, 단맛, 발효된 맛, 검은색, 꾸덕함, 쌀국수곁들임, 중식",호이신소스,,,,,90,90,
[제외: 바질] 바질가루,재료,양념/조미료,향신료/허브류,향긋한 향신료,,"향긋함, 허브향, 초록색, 가루류, 서양식, 필수허브",,바질,,,,180,,180
[제외: 큐민] 큐민가루,재료,양념/조미료,향신료/허브류,향긋한 향신료,,"향긋함, 알싸함, 이국적, 가루류, 양꼬치향, 인도풍, 중동풍",,,,,,180,,180
팔각,재료,양념/조미료,향신료/허브류,향긋한 향신료,,"향긋함, 알싸함, 별모양, 나무향, 중식부재료, 잡내제거",,,,,,180,,180
큐민,재료,양념/조미료,향신료/허브류,향긋한 향신료,,"향긋함, 알싸함, 씨앗형태, 쯔란, 이국적, 카레원료","큐민씨, 큐민파우더, 큐민가루",,,,2026-09-07,180,,180
레몬그라스,재료,양념/조미료,향신료/허브류,향긋한 허브,,"산미, 향긋함, 시트러스향, 동남아풍, 허브차용, 국물용",,,,,,30,,
파슬리가루,재료,양념/조미료,향신료/허브류,향긋한 허브,,"은은함, 향긋함, 초록색, 가루류, 장식용, 고명용, 서양식","허브가루, 건파슬리",,,,2026-09-07,180,,180
페퍼민트,재료,양념/조미료,향신료/허브류,향긋한 허브,,"청량감, 향긋함, 시원한맛, 허브, 차용, 디저트용",,,,,,30,,
민트,재료,양념/조미료,향신료/허브류,향긋한 허브,,"향긋함, 시원한맛, 초록색, 허브, 향신료, 디저트용","애플민트, 민트잎",,,,2026-09-07,30,,
파슬리,재료,양념/조미료,향신료/허브류,향긋한 허브,,"향긋함, 초록색, 잎채소, 허브, 장식용, 서양식","이탈리안 파슬리, 이탈리안파슬리, 생파슬리, 파슬리잎",,,,2026-09-07,30,,
바질,재료,양념/조미료,향신료/허브류,향긋한 허브,,"향긋함, 초록색, 잎채소, 허브, 필수베이스, 서양식, 신선함","바질가루, 바질잎, 생바질, 바질 잎, 생바질잎",,,,2026-09-07,30,,
고수,재료,양념/조미료,향신료/허브류,향긋한 허브,,"향긋함, 알싸함, 비누향, 상큼함, 호불호있음, 동남아풍, 필수채소",고수잎,,,,2026-09-07,30,,
월계수잎,재료,양념/조미료,향신료/허브류,향긋한 허브,,"향긋함, 은은함, 말린잎, 잡내제거, 국물용, 필수부재료",월계수,,,,,180,,180
오레가노,재료,양념/조미료,향신료/허브류,향긋한 허브,,"향긋함, 은은함, 허브향, 피자향, 서양식, 향신료",,,,,,180,,180
로즈마리,재료,양념/조미료,향신료/허브류,향긋한 허브,,"향긋함, 은은함, 강한향, 침엽수향, 고기구이용, 서양식",로즈메리,,,,2026-09-07,30,,
건바질,재료,양념/조미료,향신료/허브류,향긋한 허브,,"향긋함, 은은함, 말린허브, 가루류, 서양식, 보존성",,,,,,180,,180
타라곤,재료,양념/조미료,향신료/허브류,향긋한 허브,,"향긋함, 은은함, 허브향, 달콤한향, 서양식, 소스용",,,,,,30,,
카레,재료,양념/조미료,요리베이스/소스,향신소스,,"향신, 감칠맛, 매운맛, 풍미, 노란색, 필수베이스, 강한향","카레가루, 고형카레, 고체카레, 고형 카레, 분말카레, 카레분말",,,,2026-09-07,180,30,
레드커리,재료,양념/조미료,요리베이스/소스,향신소스,,"매운맛, 향신, 감칠맛, 코넛풍미, 붉은색, 동남아풍, 태국식",,,,,,90,30,
탄두리소스,재료,양념/조미료,요리베이스/소스,향신소스,,"향신, 매운맛, 향긋함, 붉은색, 요거트혼합, 인도풍, 구이용",,,,,,90,30,
마라,재료,양념/조미료,매운맛 조미,향신조미,,"매운맛, 향신, 얼얼함, 자극적, 붉은색, 화조유함유, 중식",마라소스,,,,,90,60,
고추청,재료,양념/조미료,시럽/청류,향신청,,"단맛, 매운맛, 향긋함, 알싸함, 액상, 청용, 한식부재료",,,,,,90,90,30
유자청,재료,양념/조미료,시럽/청류,향신청,,"단맛, 산미, 향긋함, 시트러스향, 노란색, 차용, 디저트용",청귤청,,,,2026-09-07,90,180,60
오미자청,재료,양념/조미료,시럽/청류,향신청,,"단맛, 산미, 향긋함, 붉은색, 다섯가지맛, 음용가능, 한식",,,,,,90,180,60
생강청,재료,양념/조미료,시럽/청류,향신청,,"단맛, 알싸함, 향긋함, 노란색, 약재향, 건강식, 차용",,,,,,90,90,30
귤청,재료,양념/조미료,시럽/청류,향신청,,"단맛, 향긋함, 산미, 주황색, 시트러스향, 차용, 상큼함",,,,,,90,90,30
시즈닝,재료,양념/조미료,향신료/허브류,혼합 향신시즈닝,,"감칠맛, 짠맛, 가루류, 풍미보강, 다용도, 조리보조",스테이크 시즈닝,,,,2026-09-07,365,,180
오향분,재료,양념/조미료,향신료/허브류,혼합 향신시즈닝,,"향긋함, 감칠맛, 다섯가지향, 중식, 가루류, 향신료, 이국적",,,,,,365,,180
올스파이스,재료,양념/조미료,향신료/허브류,혼합 향신시즈닝,,"향긋함, 향신, 알싸함, 복합향미, 가루류, 향신료, 서양식",,,,,,365,,180
마살라,재료,양념/조미료,향신료/허브류,혼합 향신시즈닝,,"향긋함, 향신조합, 커리향, 인도풍, 가루류, 자극적, 향신료",가람마살라,,,,,365,,180
타바스코,재료,양념/조미료,디핑/혼합 소스,혼합소스,,"감칠맛, 매운맛, 산미, 액상, 핫소스, 서양식, 톡쏘는맛",핫소스,,,,,,,180
토마토라구,재료,양념/조미료,디핑/혼합 소스,혼합소스,,"감칠맛, 산미, 토마토베이스, 고기함유, 꾸덕함, 파스타소스, 서양식",,,,,,60,,
바질페스토,재료,양념/조미료,디핑/혼합 소스,혼합소스,,"감칠맛, 짠맛, 향긋함, 바질향, 초록색, 오일베이스, 파스타소스, 서양식",페스토,,,,,30,7,
칠리소스,재료,양념/조미료,디핑/혼합 소스,혼합소스,,"단맛, 매운맛, 감칠맛, 새콤매콤, 액상, 찍어먹는용, 대중적","스위트칠리, 스위트칠리소스, 스윗칠리소스",,,,2026-09-07,,180,90
드레싱,재료,양념/조미료,디핑/혼합 소스,혼합소스,,"단맛, 산미, 향긋함, 액상, 샐러드용, 상큼함, 다용도소스",,,,,,,30,
처트니,재료,양념/조미료,디핑/혼합 소스,혼합소스,,"단맛, 산미, 향긋함, 과일유래, 꾸덕함, 인도풍, 고기곁들임",,,,,,90,30,
살사소스,재료,양념/조미료,디핑/혼합 소스,혼합소스,,"산미, 향긋함, 감칠맛, 입자감, 토마토베이스, 멕시코풍, 딥소스","살사, 토마토살사",,,,2026-09-07,,5,
차지키소스,재료,양념/조미료,디핑/혼합 소스,혼합소스,,"산미, 향긋함, 향신요거트소스, 흰색, 그리스풍, 크리미함, 샐러드용",,,,,,,,
우스터소스,재료,양념/조미료,디핑/혼합 소스,혼합소스,,"짠맛, 감칠맛, 산미, 액상, 검은색, 서양식베이스, 풍미보강",,,,,,,,180
마요네즈,재료,양념/조미료,디핑/혼합 소스,혼합소스,,"짠맛, 고소함, 은은함, 흰색, 크리미함, 필수베이스, 기름짐","하프마요네즈, 저당 마요네즈, 비건 마요네즈, 저당마요네즈, 저칼로리 마요네즈, 마요, 하프마요",,,,2026-09-07,,60,30
갈릭소스,재료,양념/조미료,디핑/혼합 소스,혼합소스,,"향긋함, 감칠맛, 짠맛, 마늘향, 흰색, 크리미함, 딥소스",,,,,,,14,
치폴레,재료,양념/조미료,매운맛 조미,훈연향신조미,,"매운맛, 향신, 훈연향, 단맛, 붉은색, 꾸덕함, 멕시코풍",치폴레소스,,,,2026-09-07,90,30,
훈제향소스,재료,양념/조미료,매운맛 조미,훈연향신조미,,"훈연향, 감칠맛, 액상, 불맛, 조리보조, 풍미보강",,,,,,,365,180
파마산치즈,재료,유제품,치즈(토핑용),경질토핑치즈,,"짠맛, 감칠맛, 고소함, 노란색, 가루류, 경질치즈, 토핑용","파마산치즈가루, 파마산치즈분말, 파르미지아노 레지아노, 파르메산 치즈, 파마산 치즈 가루, 파르메산치즈",치즈,,,2026-09-07,180,60,
페코리노,재료,유제품,치즈(토핑용),경질토핑치즈,,"짠맛, 고소함, 단단함, 양유치즈, 경질치즈, 진한맛, 서양식",,,,,,180,60,
코코넛밀크,재료,유제품,기타 유제품,기타 유제품,,"유제품 풍미, 유화작용, 코코넛향, 액상, 하얀색, 동남아풍, 부드러움",,,,,,30,3,
크라비아,재료,유제품,기타 유제품,기타 유제품,,"유제품 풍미, 유화작용, 게맛살류, 가공식품, 수산물향, 간편식",,,,,,30,5,
유청,재료,유제품,기타 유제품,기타 유제품,,"유제품 풍미, 유화작용, 액상, 투명함, 단백질, 요리부재료",,,,,,,3,
마스카포네,재료,유제품,치즈(디저트용),마스카포네,,"부드러움, 단맛, 유제품향, 꾸덕함, 흰색, 크림치즈류, 디저트용",마스카포네치즈,,,,2026-09-07,,5,
라꽁비에뜨,재료,유제품,치즈(디저트용),마스카포네,,"산미, 부드러움, 이국적, 버터류, 고급풍미, 고체형, 유제품풍미",,,,,,180,90,
무염버터,재료,유제품,버터류,버터류,,"유제품 풍미, 기름감, 고체형, 노란색, 베이킹용, 무염, 필수베이스",,,,,,180,60,
마가린,재료,유제품,버터류,버터류,,"고소함, 풍미, 대체지방, 식물성, 고체형, 가성비, 가열용",,,,,,180,90,
에쉬레,재료,유제품,버터류,버터류,,"유제품 풍미, 기름감, 고급버터, 고체형, 진한맛, 베이킹용",,,,,,180,90,
스틱버터,재료,유제품,버터류,버터류,,"유제품 풍미, 기름감, 소분형, 고체형, 노란색, 조리간편",,,,,,180,90,
버터랑,재료,유제품,버터류,버터류,,"유제품 풍미, 기름감, 가공버터, 고체형, 고소함, 가열용",,,,,,180,90,
버터,재료,유제품,버터류,버터류,,"유제품 풍미, 기름감, 필수베이스, 고체형, 노란색, 고소함, 가열용","무염버터, 가염버터, 기버터, 버터헤드, 녹인버터, 녹인무염버터, 실온무염버터",,,,2026-09-07,180,90,
가염버터,재료,유제품,버터류,버터류,,"유제품 풍미, 기름감, 짭짤함, 고체형, 식사빵곁들임, 가열용",,,,,,180,120,
보코치니,재료,유제품,치즈(샐러드용),보코치니,,"고소함, 쫄깃함, 유제품향, 흰색, 동그란형태, 치즈류, 샐러드용",보코치니치즈,,,,2026-09-07,,7,
부라타,재료,유제품,치즈(샐러드용),부라타,,"고소함, 부드러움, 유제품향, 흰색, 겉바속촉식감, 치즈류, 샐러드용","부라타치즈, 부라타 치즈",,,,2026-09-07,,3,
브리치즈,재료,유제품,치즈(샐러드용),브리치즈,,"고소함, 부드러움, 은은함, 흰곰팡이치즈, 고체형, 치즈류, 와인안주",,,,,,90,14,
브리,재료,유제품,치즈(샐러드용),브리치즈,,"은은함, 고소함, 부드러움, 치즈류, 고체형, 서양식, 풍미가득",,치즈,,,,90,14,
카망베르,재료,유제품,치즈(샐러드용),브리치즈,,"은은함, 고소함, 부드러움, 흰곰팡이치즈, 진한맛, 고체형, 와인안주",,브리,,,,60,7,
체다치즈,재료,유제품,치즈(슬라이스),슬라이스치즈,,"짠맛, 고소함, 유제품향, 주황색, 슬라이스형, 필수베이스, 대중적","체다, 체다 슬라이스치즈",,,,2026-09-07,90,30,
슬라이스치즈,재료,유제품,치즈(슬라이스),슬라이스치즈,,"짠맛, 고소함, 유제품향, 얇음, 간편식, 치즈류, 다용도",슬라이스 체다치즈,,,,2026-09-07,90,30,
콜비잭치즈,재료,유제품,치즈(슬라이스),슬라이스치즈,,"짠맛, 고소함, 유제품향, 알록달록색상, 고체형, 치즈류, 토핑용",,,,,,90,30,
요거트,재료,유제품,요거트/발효유,요거트/발효유,,"유제품 풍미, 산미, 액상, 상큼함, 흰색, 발효식품, 생식용","요구르트, 플레인요거트, 무가당 요거트, 무가당요거트, 무가당 플레인요거트",,,,2026-09-07,-,7,
요플레,재료,유제품,요거트/발효유,요거트/발효유,,"유제품 풍미, 산미, 과일함유, 떠먹는형태, 간식용, 달콤함",,,,,,-,7,
발효유,재료,유제품,요거트/발효유,요거트/발효유,,"유제품 풍미, 산미, 액상, 건강식, 장건강, 음용가능",,요거트,,,,-,7,
그릭요거트,재료,유제품,요거트/발효유,요거트/발효유,,"유제품 풍미, 산미, 꾸덕함, 흰색, 고단백, 다이어트, 식사대용",무가당그릭요거트,요거트,,,2026-09-07,-,7,
검은콩우유,재료,유제품,우유/분유,우유/분유,,"고소함, 식물성, 은은함, 회색, 액상, 검은콩향, 음용가능",,우유,,,,-,5,
귀리 우유,재료,유제품,우유/분유,우유/분유,,"고소함, 은은함, 식물성, 오트밀크, 액상, 다이어트, 건강음료",오트밀크,우유,,,,-,7,
산양유,재료,유제품,우유/분유,우유/분유,,"고소함, 진한맛, 단백질, 액상, 소화잘되는, 우유류",,우유,,,,-,3,
바나나두유,재료,유제품,우유/분유,우유/분유,,"단맛, 은은함, 식물성우유, 노란색, 바나나향, 콩베이스, 음용가능",,두유,,,,-,7,30
바나나우유,재료,유제품,우유/분유,우유/분유,,"단맛, 은은함, 향첨가우유, 노란색, 바나나향, 대중적, 음용가능",,우유,,,,-,3,
강화우유,재료,유제품,우유/분유,우유/분유,,"단백질, 비타민강화, 고소함, 액상, 건강기능, 우유류",,우유,,,,-,3,
저지방우유,재료,유제품,우유/분유,우유/분유,,"식감추가, 은은함, 저지방, 액상, 담백함, 다이어트, 우유류",,우유,,,,-,3,
탈지분유,재료,유제품,우유/분유,우유/분유,,"유제품 풍미, 농축, 가루류, 하얀색, 보존성, 베이킹용",,,,,,180,,90
분유,재료,유제품,우유/분유,우유/분유,,"유제품 풍미, 농축, 가루류, 하얀색, 고소함, 조리보조",전지분유,,,,2026-09-07,180,,30
연유,재료,유제품,우유/분유,우유/분유,,"유제품 풍미, 단맛, 걸쭉함, 액상당, 하얀색, 디저트용, 토핑용",,,,,,90,30,7
딸기우유,재료,유제품,우유/분유,우유/분유,,"유제품 풍미, 단맛, 분홍색, 딸기향, 음용가능, 간식용",,,,,,-,3,
우유,재료,유제품,우유/분유,우유/분유,,"유제품 풍미, 수분, 필수베이스, 액상, 하얀색, 단백질, 고소함",,,,,,-,10,
두유,재료,유제품,우유/분유,우유/분유,,"유제품 풍미, 식물성, 콩베이스, 액상, 고소함, 단백질, 음용가능",검은콩두유,,,,,-,7,30
아몬드 우유,재료,유제품,우유/분유,우유/분유,,"은은함, 고소함, 식물성우유, 액상, 견과류향, 다이어트, 건강음료",,우유,,,,-,7,30
치즈,재료,유제품,치즈,치즈,,"고소함, 유제품향, 단백질, 필수베이스, 고체형, 발효식품","체더치즈, 그라나파다노치즈, 슈레드치즈, 하바티치즈, 슈레드 치즈, 브라타치즈, 까망베르치즈, 그라나 파다노 치즈, 파르미지아노 치즈, 에멘탈치즈",,,,2026-09-07,90,14,
고다,재료,유제품,치즈,치즈,,"고소함, 풍미, 단백질, 노란색, 고체형, 네덜란드풍, 치즈류",고다치즈,치즈,,,2026-09-07,90,14,
카테지치즈,재료,유제품,치즈,치즈,,"단백질, 부드러움, 고소함, 몽글몽글식감, 흰색, 저지방, 샐러드용",,치즈,,,,60,3,
스트링치즈,재료,유제품,치즈,치즈,,"식감추가, 단백질, 고소함, 쫄깃함, 결대로찢어짐, 간편식, 치즈류",,,,,,90,14,
파마산,재료,유제품,치즈,치즈,,"짠맛, 고소함, 가루류, 감칠맛, 풍미보강, 토핑용",,,,,,90,30,
치즈가루,재료,유제품,치즈(분말),치즈가루,,"짠맛, 고소함, 유제품향, 노란색, 가루류, 조리보조, 토핑용",파마산가루,,,,2026-09-07,90,30,
치즈폼,재료,유제품,치즈(폼),치즈폼,,"부드러움, 유제품향, 포밍감, 거품형, 음료토핑용, 달콤짭짤",,,,,,,2,
필라델피아,재료,유제품,치즈(스프레드),크림치즈,,"부드러움, 유제품향, 고소함, 크림치즈, 꾸덕함, 발라먹는용",,,,,,60,7,
크림치즈,재료,유제품,치즈(스프레드),크림치즈,,"부드러움, 유제품향, 고소함, 흰색, 꾸덕함, 필수베이스, 베이킹용",,,,,,60,7,
리코타,재료,유제품,치즈(스프레드),크림치즈,,"부드러움, 유제품향, 고소함, 흰색, 입자감, 샐러드용, 치즈류","리코타치즈, 리코타 치즈",,,,2026-09-07,30,3,
페타치즈,재료,유제품,치즈(샐러드용),페타치즈,,"짠맛, 단단함, 유제품향, 흰색, 염장치즈, 샐러드용, 서양식",,,,,,60,7,
피자치즈,재료,유제품,치즈(피자용),피자치즈,,"쫄깃함, 고소함, 유제품향, 모짜렐라, 늘어나는식감, 가열용, 필수베이스","모짜렐라치즈, 모차렐라치즈, 멕시칸치즈, 모차렐라, 모짜렐라피자치즈",,,,2026-09-07,90,7,
우유크림,재료,유제품,크림류,휘핑크림,,"부드러움, 유화, 중성맛, 흰색, 액상, 유제품향, 디저트용",,휘핑크림,,,,,3,
생크림,재료,유제품,크림류,휘핑크림,,"부드러움, 유화, 중성맛, 필수베이스, 액상, 거품형성, 베이킹용","휘핑크림, 커스터드크림, 커스타드크림, 크림, 유크림, 가공유크림, 식물성크림, 헤비 크림",휘핑크림,,,2026-09-07,-,3,
코코넛크림,재료,유제품,크림류,휘핑크림,,"식감추가, 코코넛향, 고소함, 걸쭉함, 액상, 동남아풍, 디저트용",,,,,,60,5,
맥주,재료,음료/주류,주류,가열 조리용,,"알코올, 청량감, 탄산있음, 보리향, 시원한맛, 음용가능, 가열용",,,,,,-,,90
막걸리,재료,음료/주류,주류,가열 조리용,,"알코올, 곡물향, 발효향, 탁함, 하얀색, 전통주, 가열용",생막걸리,,,,2026-09-07,-,,
녹차,재료,음료/주류,차류,가열 조리용,,"쓴맛, 은은함, 초록색, 잎차, 상큼함, 건강식, 음용가능",녹차가루,,,,2026-09-07,180,,365
녹차라떼,재료,음료/주류,차류,가열 조리용,,"쓴맛, 은은함, 유제품향, 초록색, 달콤함, 음용가능, 부드러움",,,,,,-,,
원두,재료,음료/주류,커피류,가열 조리용,,"쓴맛, 향긋함, 검은색, 볶은것, 카페인, 커피원료, 조리보조","커피, 인스턴트 커피가루, 커피가루, 인스턴트커피가루",커피,,,2026-09-07,90,,30
탄산수,재료,음료/주류,탄산 음료,가열 조리용,,"청량감, 탄산있음, 무향, 투명함, 시원한맛, 조리보조, 음용가능",,,,,,-,,180
콜라,재료,음료/주류,탄산 음료,가열 조리용,,"단맛, 청량감, 탄산있음, 검은색, 시원한맛, 음용가능, 가열용",,탄산음료,,,,-,,180
사이다,재료,음료/주류,탄산 음료,가열 조리용,,"단맛, 청량감, 탄산있음, 투명함, 시원한맛, 음용가능, 가열용",제로 사이다,탄산음료,,,2026-09-07,-,,180
고량주,재료,음료/주류,주류,잡내 제거용,,"도수 높음, 향 강함, 발효주, 투명함, 중식, 잡내제거, 알코올",,,,,,-,,365
소주,재료,음료/주류,주류,잡내 제거용,,"알코올, 깔끔함, 투명함, 대중적, 잡내제거, 한식, 음용가능",,,,,,-,,365
와인,재료,음료/주류,주류,"잡내 제거용, 풍미 강화용",,"산미, 발효주, 풍미 보강, 포도향, 잡내제거, 서양식, 음용가능","레드와인, 화이트와인",,,,,-,,180
샴페인,재료,음료/주류,주류,"잡내 제거용, 풍미 강화용",,"탄산 있음, 알코올, 상큼함, 투명함, 축제용, 서양식, 음용가능",,,,,,-,,180
핫초코,재료,음료/주류,기타 음료,,,"단맛, 초콜릿향, 따뜻함, 갈색, 음용가능, 간식용, 유제품향",,,,,,-,,180
생과일주스,재료,음료/주류,비탄산 음료,,,"상큼함, 과일향, 음용가능, 비타민풍부, 신선함, 수분감",,,,,,-,,
식혜,재료,음료/주류,비탄산 음료,,,"단맛, 곡물향, 밥알식감, 전통음료, 한식, 소화보조",,,,,,30,,
히비스커스티,재료,음료/주류,차류,,,"산미, 향긋함, 붉은색, 허브차, 카페인없음, 다이어트",,,,,,-,,180
드립백,재료,음료/주류,커피류,,,"쓴맛, 카페인, 음용가능, 커피향, 간편식, 낱개포장",,,,,,90,,60
에스프레소,재료,음료/주류,커피류,,,"쓴맛, 카페인, 진한맛, 검은색, 고농축, 커피베이스",,,,,,30,,
블랙커피,재료,음료/주류,커피류,,,"쓴맛, 카페인, 고농축, 검은색, 깔끔함, 음용가능","아메리카노, 인스턴트커피, 분말커피",,,,2026-09-07,30,,
탄산음료,재료,음료/주류,탄산 음료,,,"단맛, 청량감, 탄산있음, 시원한맛, 음용가능, 다용도",,,,,,-,,180
닥터페퍼,재료,음료/주류,탄산 음료,,,"단맛, 청량감, 체리향, 독특한풍미, 탄산음료, 음용가능",,탄산음료,,,,-,,180
현미시리얼,재료,즉석식/간편식,디저트/간식류,즉석디저트/간식,곡물시리얼,"건강지향, 바삭함, 현미유래, 고소함, 곡물스낵, 조식용, 우유곁들임",,시리얼,,,,,,180
귀리시리얼,재료,즉석식/간편식,디저트/간식류,즉석디저트/간식,곡물시리얼,"바삭함, 건강지향, 오트밀유래, 식이섬유, 곡물스낵, 조식용",,시리얼,,,,,,180
옥수수시리얼,재료,즉석식/간편식,디저트/간식류,즉석디저트/간식,곡물시리얼,"바삭함, 단맛, 콘푸라이트, 노란색, 대중적, 조식용",,시리얼,,,,,,180
그래놀라,재료,즉석식/간편식,디저트/간식류,즉석디저트/간식,곡물시리얼,"고소함, 단맛, 견과류함유, 입자감, 건강식, 조식용, 토핑용",그레놀라,,,,2026-09-07,,,180
시리얼,재료,즉석식/간편식,디저트/간식류,즉석디저트/간식,곡물시리얼,"바삭함, 단맛, 곡류베이스, 간편식, 조식용, 우유곁들임","콘푸라이크, 후레이크, 콘푸로스트",,,,2026-09-07,,,180
카카오닙스,재료,즉석식/간편식,디저트/간식류,즉석디저트/간식,곡물시리얼,"쓴맛, 풍미, 식감추가, 검은색, 초콜릿원물, 슈퍼푸드, 토핑용",,,,,,,,180
통조림과일,재료,즉석식/간편식,통조림/보존식품,통조림/가공식재료,과일통조림,"단맛, 상큼함, 보존성, 과일유래, 액상함유, 디저트용, 간편식","과일통조림, 후르츠칵테일, 후르츠 칵테일",,,,2026-09-07,-,,365
토마토홀,재료,즉석식/간편식,통조림/보존식품,통조림/가공식재료,과일통조림,"산미, 감칠맛, 색감, 빨간색, 토마토원물, 서양식베이스, 통조림용","홀토마토, 홀 토마토, 토마토홀 통조림, 홀토마토 통조림",토마토,,,2026-09-07,-,,365
삼각김밥,재료,즉석식/간편식,완제품·조리불요,즉석밥/곡류,김밥형 밥,"짠맛, 담백함, 간편식, 밥류, 김함유, 휴대용, 즉석조리불요",,,,,,,1,
푸딩,재료,즉석식/간편식,디저트/간식류,즉석디저트/간식,디저트류,"단맛, 식감추가, 부드러움, 탱글함, 유제품향, 디저트용, 차가운음식",,,,,,-,3,
도넛,재료,즉석식/간편식,디저트/간식류,즉석디저트/간식,디저트류,"단맛, 식감추가, 빵류, 튀긴것, 폭신함, 기름짐, 디저트용",,,,,,30,3,
크레페,재료,즉석식/간편식,디저트/간식류,즉석디저트/간식,디저트류,"단맛, 식감추가, 얇음, 부드러움, 밀가루베이스, 디저트용, 서양식",,,,,,30,3,1
커스터드,재료,즉석식/간편식,디저트/간식류,즉석디저트/간식,디저트류,"단맛, 식감추가, 부드러움, 계란함유, 노란색, 크림류, 디저트용",,,,,,-,2,
마카롱,재료,즉석식/간편식,디저트/간식류,즉석디저트/간식,디저트류,"단맛, 식감추가, 쫀득, 바삭함, 화려한색, 견과류향, 디저트용",,,,,,30,5,
후무스,재료,즉석식/간편식,완제품·조리불요,즉석디저트/간식,디저트류,"고소함, 식물성단백, 이국적, 병아리콩베이스, 페이스트, 건강식, 중동풍",,,,,,,5,
멥쌀밥,재료,즉석식/간편식,완제품·조리불요,즉석밥/곡류,멥쌀밥,"쫀득함, 담백함, 하얀색, 주식용, 쌀베이스, 즉석밥, 간편식",,밥,,,,30,3,
무짠지,재료,즉석식/간편식,완제품·조리불요,즉석반찬/김치류,무김치,"짠맛, 발효된 맛, 시큼함, 아삭함, 뿌리채소, 절임용, 한식",,김치,,,,,30,
녹두묵,재료,즉석식/간편식,완제품·조리불요,즉석반찬/김치류,묵류,"탱글한 식감, 냉식, 곡물 유래, 녹두베이스, 하얀색, 담백함, 한식",,묵,,,,-,3,
도토리묵,재료,즉석식/간편식,완제품·조리불요,즉석반찬/김치류,묵류,"탱글한 식감, 냉식, 곡물 유래, 도토리베이스, 갈색, 쌉쌀함, 한식",청포묵,,,,,-,3,
우무묵,재료,즉석식/간편식,완제품·조리불요,즉석반찬/김치류,묵류,"탱글한 식감, 냉식, 곡물 유래, 해조류유래, 투명함, 저칼로리, 다이어트",,,,,,-,3,
메밀묵,재료,즉석식/간편식,완제품·조리불요,즉석반찬/김치류,묵류,"탱글한 식감, 냉식, 곡물 유래, 메밀베이스, 회색, 구수함, 한식",,,,,,-,3,
옥수수묵,재료,즉석식/간편식,완제품·조리불요,즉석반찬/김치류,묵류,"탱글한 식감, 냉식, 곡물 유래, 옥수수베이스, 노란색, 고소함, 한식",,,,,,-,3,
배추 김치,재료,즉석식/간편식,완제품·조리불요,즉석반찬/김치류,배추김치,"산미, 식감추가, 아삭함, 발효된 맛, 매운맛, 필수베이스, 한식",포기김치,배추,,,,180,90,3
묵은지,재료,즉석식/간편식,완제품·조리불요,즉석반찬/김치류,배추김치,"짠맛, 발효된 맛, 시큼함, 깊은맛, 배추유래, 김치요리용, 한식","묵은지 김치, 묵은김치",김치,,,2026-09-07,180,,
햇반,재료,즉석식/간편식,완제품·조리불요,즉석밥/곡류,백미밥,"담백함, 간편식, 하얀색, 즉석밥, 쌀베이스, 주식용, 빠른조리",즉석밥,,,,,-,,365
현미밥,재료,즉석식/간편식,완제품·조리불요,즉석밥/곡류,백미밥,"쫀득함, 건강지향, 꼬들함, 식이섬유, 잡곡밥, 즉석밥, 다이어트",흑미밥,밥,,,2026-09-07,,,
쌀밥,재료,즉석식/간편식,완제품·조리불요,즉석밥/곡류,백미밥,"쫀득함, 담백함, 하얀색, 필수베이스, 쌀베이스, 주식용, 즉석밥",흰쌀밥,밥,,,2026-09-07,,,
짜파게티,재료,즉석식/간편식,즉석조리 필요,즉석면류,봉지면,"짠맛, 간편식, 볶음, 검은색, 중화풍, 춘장향, 봉지면",,라면,,,,,,365
사리곰탕면,재료,즉석식/간편식,즉석조리 필요,즉석면류,봉지면,"짠맛, 간편식, 하얀국물, 고기향, 구수한맛, 담백함, 봉지면",,라면,,,,,,365
빽라면,재료,즉석식/간편식,즉석조리 필요,즉석면류,봉지면,"짠맛, 간편식, 매운맛, 감칠맛, 대중적, 빠른조리, 봉지면",,라면,,,,,,365
진라면,재료,즉석식/간편식,즉석조리 필요,즉석면류,봉지면,"짠맛, 매운맛, 간편식, 대중적, 감칠맛, 필수베이스, 봉지면",,라면,,,,,,365
신라면,재료,즉석식/간편식,즉석조리 필요,즉석면류,봉지면,"짠맛, 매운맛, 간편식, 자극적, 표고향, 얼큰함, 봉지면",,라면,,,,,,365
김치라면,재료,즉석식/간편식,즉석조리 필요,즉석면류,봉지면,"짠맛, 매운맛, 김치맛, 간편식, 산미, 시원함, 봉지면",,라면,,,,,,365
불닭볶음면,재료,즉석식/간편식,즉석조리 필요,즉석면류,봉지면,"짠맛, 매운맛, 볶음, 간편식, 강한매운맛, 자극적, 액상소스",,라면,,,,,,365
너구리,재료,즉석식/간편식,즉석조리 필요,즉석면류,봉지면,"짠맛, 해물맛, 간편식, 오동통함, 해조류향, 굵은면, 봉지면",,라면,,,,,,365
캔디,재료,즉석식/간편식,디저트/간식류,즉석디저트/간식,사탕류,"단맛, 딱딱함, 설탕베이스, 작은크기, 간식용, 오래먹는",사탕,,,,,,,
젤리,재료,즉석식/간편식,디저트/간식류,즉석디저트/간식,사탕류,"단맛, 식감추가, 쫀득, 말랑함, 과일향, 간식용, 투명함",,,,,,,,180
감자칩,재료,즉석식/간편식,디저트/간식류,즉석디저트/간식,스낵류,"짠맛, 식감추가, 바삭함, 감자베이스, 기름짐, 얇음, 스낵류",,과자,,,,,,180
죠리퐁,재료,즉석식/간편식,디저트/간식류,즉석디저트/간식,스낵류,"단맛, 바삭함, 곡물스낵, 고소함, 우유곁들임, 가벼움, 간식용",,,,,,,,180
과자,재료,즉석식/간편식,디저트/간식류,즉석디저트/간식,스낵류,"단맛, 식감추가, 짠맛, 바삭함, 간편식, 대중적, 스낵류","스낵, 계란과자",,,,2026-09-07,,,180
팝콘,재료,즉석식/간편식,디저트/간식류,즉석디저트/간식,스낵류,"식감추가, 짠맛, 바삭함, 가벼움, 옥수수유래, 영화간식, 스낵류",,과자,,,,,,180
알새우칩,재료,즉석식/간편식,디저트/간식류,즉석디저트/간식,스낵류,"식감추가, 해산물향, 바삭함, 짠맛, 새우유래, 가벼움, 스낵류",,과자,,,,,,180
새우칩,재료,즉석식/간편식,디저트/간식류,즉석디저트/간식,스낵류,"식감추가, 해산물향, 바삭함, 짠맛, 새우유래, 가벼움, 스낵류",,과자,,,,,,180
도리토스,재료,즉석식/간편식,디저트/간식류,즉석디저트/간식,스낵류,"짠맛, 식감추가, 바삭함, 시즈닝강함, 옥수수베이스, 나초풍, 스낵류",,과자,,,,,,180
캔참치,재료,즉석식/간편식,통조림/보존식품,통조림/가공식재료,어류통조림,"짠맛, 감칠맛, 보존성, 수산물가공, 기름짐, 필수베이스, 간편식","참치캔, 참치통조림, 참치 통조림, 야채참치",,,,2026-09-07,-,,365
컵라면,재료,즉석식/간편식,즉석조리 필요,즉석면류,용기면,"짠맛, 간편식, 즉석조리, 용기면, 빠른조리, 휴대용, 다용도",,라면,,,,,,365
라면,재료,즉석식/간편식,즉석조리 필요,즉석면류,일반,"짠맛, 간편식, 매운맛, 필수베이스, 면요리, 즉석조리, 대중적","짜장라면, 안성탕면, 멸치칼국수 라면",,,,2026-09-07,,,365
김치,재료,즉석식/간편식,완제품·조리불요,즉석반찬/김치류,일반,"짠맛, 발효된 맛, 매운맛, 산미, 아삭함, 필수베이스, 한식","파김치, 김장김치, 백김치, 볶음김치, 고들빼기김치, 익은 김치, 실비김치",,,,2026-09-07,180,90,3
단무지,재료,즉석식/간편식,완제품·조리불요,즉석반찬/김치류,일반,"단맛, 식감추가, 산미, 아삭함, 노란색, 무유래, 절임용, 일식","김밥 단무지, 김밥단무지, 치자단무지, 꼬들단무지",무우류,,,2026-09-07,,30,
열무 김치,재료,즉석식/간편식,완제품·조리불요,즉석반찬/김치류,일반,"산미, 식감추가, 아삭함, 시원함, 잎채소, 여름음식, 한식",,열무,,,,90,20,2
나박 김치,재료,즉석식/간편식,완제품·조리불요,즉석반찬/김치류,일반,"산미, 식감추가, 시원함, 국물용, 무배추혼합, 깔끔함, 한식",,김치,,,,,15,1
오이 피클,재료,즉석식/간편식,완제품·조리불요,즉석반찬/김치류,일반,"산미, 식감추가, 아삭함, 새콤달콤, 오이유래, 서양식, 절임용",피클,오이,,,2026-09-04,,60,
오이 소박이,재료,즉석식/간편식,완제품·조리불요,즉석반찬/김치류,일반,"산미, 식감추가, 매운맛, 아삭함, 오이유래, 속채움용, 한식",,오이,,,,,15,1
유채 김치,재료,즉석식/간편식,완제품·조리불요,즉석반찬/김치류,일반,"산미, 향긋함, 쌉쌀함, 잎채소, 발효된 맛, 별미김치, 한식",,유채,,,,90,30,2
갓김치,재료,즉석식/간편식,완제품·조리불요,즉석반찬/김치류,일반,"산미, 향긋함, 알싸함, 톡쏘는맛, 잎채소, 진한맛, 한식",,갓,,,,180,90,3
마늘 장아찌,재료,즉석식/간편식,완제품·조리불요,즉석반찬/김치류,일반,"산미, 향긋함, 짭짤함, 알싸함, 뿌리채소, 절임용, 한식",,마늘,,,,,180,
참나물가공품,재료,즉석식/간편식,완제품·조리불요,즉석반찬/김치류,일반,"향긋함, 은은함, 나물류, 간편식, 무침용, 부드러움, 한식",,참나물,,,,90,7,
잡곡밥,재료,즉석식/간편식,완제품·조리불요,즉석밥/곡류,잡곡밥,"쫀득함, 건강지향, 곡류혼합, 식이섬유, 즉석밥, 주식용, 든든함",카무트밥,,,,2026-09-07,,,
약과,재료,즉석식/간편식,디저트/간식류,즉석디저트/간식,전통과자류,"단맛, 식감추가, 꾸덕함, 기름짐, 전통방식, 밀가루베이스, 한식디저트",,,,,,,,60
쌀과자,재료,즉석식/간편식,디저트/간식류,즉석디저트/간식,전통과자류,"단맛, 식감추가, 바삭함, 고소함, 쌀베이스, 가벼움, 전통간식",,과자,,,,,,180
쑥버무리,재료,즉석식/간편식,디저트/간식류,즉석디저트/간식,전통과자류,"쌉쌀한향, 전통디저트, 떡류, 쑥향, 포실포실함, 한식, 별미",,,,,,30,,
유부,재료,즉석식/간편식,완제품·조리불요,가공식 부재료,조리부재료,"짠맛, 감칠맛, 튀긴것, 콩베이스, 쫄깃함, 조리부재료, 기름짐","롤유부, 유부피, 조미유부, 사각유부",,,,2026-09-07,60,7,
참깨죽,재료,즉석식/간편식,즉석조리 필요,즉석조리식,죽류,"고소함, 담백함, 부드러움, 걸쭉함, 유동식, 즉석조리식, 든든함",,,,,,90,3,
동결건조국,재료,즉석식/간편식,즉석조리 필요,즉석국/탕류,즉석국,"짠맛, 감칠맛, 간편식, 뜨거운물조리, 국물용, 휴대용, 조리보조",,즉석국,,,,,,
피자,재료,즉석식/간편식,즉석조리 필요,즉석조리식/밀키트,즉석조리식,"짠맛, 고소함, 포만감, 치즈함유, 오븐요리, 서양식, 밀키트",,,,,,60,2,
만두,재료,즉석식/간편식,즉석조리 필요,즉석조리식/밀키트,즉석조리식,"짠맛, 고소함, 포만감, 고기함유, 쫄깃함, 속채움용, 다용도","물만두, 고기만두, 왕만두, 고향만두",,,,2026-09-07,90,3,
캠핑밀키트,재료,즉석식/간편식,즉석조리 필요,즉석조리식/밀키트,즉석조리식,"복합, 고소함, 간편함, 야외용, 세트구성, 즉석조리, 다용도",,,,,,30,3,
참치마요,재료,즉석식/간편식,즉석조리 필요,즉석조리식/밀키트,즉석조리식,"짠맛, 고소함, 간편함, 참치함유, 마요네즈함유, 비빔용, 삼각김밥용",,,,,,,2,
초콜릿,재료,즉석식/간편식,디저트/간식류,즉석디저트/간식,초콜릿,"단맛, 짙은갈색, 부드러움, 녹는식감, 카카오함유, 간식용","초코칩, 초콜렛, 초콜릿칩",,,,2026-09-07,90,,180
화이트초콜릿,재료,즉석식/간편식,디저트/간식류,즉석디저트/간식,초콜릿,"단맛, 부드러움, 하얀색, 유제품향, 크리미함, 간식용","화이트커버춰 초콜릿, 화이트초코",초콜릿,,,2026-09-07,90,,180
다크초콜릿,재료,즉석식/간편식,디저트/간식류,즉석디저트/간식,초콜릿,"단맛, 쌉싸름함, 진한맛, 검은색, 고함량카카오, 건강지향","다크 커버춰 초콜릿, 다크 커버춰초콜릿",초콜릿,,,2026-09-07,90,,180
코팅초콜릿,재료,즉석식/간편식,디저트/간식류,즉석디저트/간식,초콜릿,"단맛, 토핑용, 식감추가, 매끄러움, 빨리굳는, 조리보조, 베이킹용",,초콜릿,,,,90,,180
밀크초콜릿,재료,즉석식/간편식,디저트/간식류,즉석디저트/간식,초콜릿,"단맛, 유제품향, 부드러움, 브라운색, 대중적, 간식용",,초콜릿,,,,90,,180
비스킷,재료,즉석식/간편식,디저트/간식류,즉석디저트/간식,쿠키류,"단맛, 식감추가, 바삭함, 담백함, 밀가루베이스, 구운것, 서양과자",,쿠키,,,,,,180
쿠키,재료,즉석식/간편식,디저트/간식류,즉석디저트/간식,쿠키류,"단맛, 식감추가, 바삭함, 부드러움, 베이킹용, 버터풍미, 간식용",,,,,,,,180
오레오,재료,즉석식/간편식,디저트/간식류,즉석디저트/간식,쿠키류,"단맛, 식감추가, 검은색, 하얀색, 샌드형, 바삭함, 우유곁들임",,쿠키,,,,,,180
다이제,재료,즉석식/간편식,디저트/간식류,즉석디저트/간식,쿠키류,"단맛, 식감추가, 통밀함유, 묵직함, 바삭함, 포만감, 간식용",,쿠키,,,,,,180
크래커,재료,즉석식/간편식,디저트/간식류,즉석디저트/간식,쿠키류,"단맛, 식감추가, 담백함, 얇음, 바삭함, 짠맛(약), 카나페용",참크래커,쿠키,,,2026-09-07,,,180
통밀쿠키,재료,즉석식/간편식,디저트/간식류,즉석디저트/간식,쿠키류,"단맛, 식감추가, 거친식감, 식이섬유, 건강지향, 고소함, 바삭함",,쿠키,,,,,,180
물엿,재료,양념/조미료,단맛 조미,액상당,,"단맛, 점성, 윤기내기, 액상, 한식","조청물엿, 쌀엿",,,,2026-09-07,,,365
케첩,재료,양념/조미료,디핑/혼합 소스,혼합소스,,"새콤함, 단맛, 토마토베이스, 액상, 서양식","케찹, 토마토케첩, 토마토케찹, 케챱, 하프 케첩, 저당 케찹, 하프케찹",,,,2026-09-07,,60,30
봄동,재료,식재료 원물,채소류,잎채소류,배추류,"아삭함, 쌉싸름, 봄제철, 생식가능, 한식",봄동배추,,,,,30,7,2
또띠아,재료,베이킹·제면·디저트용,완제품/준완제품,빵류,범용빵,"담백함, 얇음, 쫄깃함, 속채움용, 서양식","토르티야, 또르띠야, 뚜르띠아, 통밀또띠아, 밀또띠아",,,,2026-09-07,60,7,
목살,재료,식재료 원물,육류/수산/달걀,육류,돼지고기류,"고소함, 쫄깃함, 구이용, 단백질, 한식","돼지목살, 돼지고기목살, 목심, 대패목살",,,,2026-09-07,60,4,-
땅콩버터,재료,양념/조미료,디핑/스프레드,디핑소스,,"고소함, 단맛, 점성, 견과풍미, 스프레드","피넛버터, 무가당 땅콩버터, 무첨가 땅콩버터, 넛버터",,,,2026-09-07,,180,90
스리라차,재료,양념/조미료,디핑/혼합 소스,혼합소스,,"매콤함, 새콤함, 액상, 칠리베이스, 아시안","스리라차소스, 스리랏차, 스리랏차 소스, 스리랏차소스",,,,2026-09-07,,180,90
참치,재료,식재료 원물,육류/수산/달걀,생선류,,"감칠맛, 담백함, 단백질, 생선류, 간편식","다랑어, 황다랑어",,,,,30,2,-
대파,재료,식재료 원물,채소류,잎채소류,파류,"알싸함, 향신, 국물용, 필수베이스, 한식","깐대파, 파, 대파잎, 파뿌리, 대파흰부분, 대파 잎, 흰대파, 흰 대파, 대파 흰대, 대파흰대",,,,2026-09-07,30,7,2
밥,재료,식재료 원물,곡류,곡류,,"담백함, 포만감, 주식, 곡물베이스, 한식","찬밥, 누룽지, 흰밥, 공기밥, 백미밥, 공깃밥, 식은밥, 찰밥, 저당밥, 오분도 밥",,,,2026-09-07,30,,
오이지,재료,즉석식/간편식,완제품·조리불요,즉석반찬/김치류,일반,"짠맛, 아삭함, 절임, 새콤함, 밑반찬, 한식",,,,,,,30,
딜,재료,양념/조미료,향신료/허브류,향긋한 허브,,"향긋함, 상쾌함, 허브, 서양식, 생선요리용",딜허브,,,,,,,
환타,재료,음료/주류,탄산 음료,가열 조리용,,"단맛, 과일향, 탄산, 액상, 음용가능","환타오렌지, 환타포도",,,,,-,,180
가브리살,재료,식재료 원물,육류/수산/달걀,육류,돼지고기류,"고소함, 쫄깃함, 구이용, 단백질, 한식",돼지가브리살,,,,,60,4,-
야채,재료,식재료 원물,채소류,잎채소류,기타잎채소,"채소, 신선함, 아삭함, 다용도, 익혀먹는용",샐러드 야채,채소,,,2026-09-07,30,7,2
양복버섯,재료,식재료 원물,버섯류,버섯류,버섯류,"버섯향, 풍미, 식감, 구이용, 볶음용",,버섯류,,,2026-09-03,30,5,2
생강술,재료,음료/주류,주류,잡내 제거용,,"액상, 알코올, 잡내제거, 향신, 조리보조",생강 술,주류,,,2026-09-07,-,180,180
닭다리,재료,식재료 원물,육류/수산/달걀,육류,닭고기류,"고기향, 단백질, 지방풍미, 구이용, 찜용","통닭다리, 닭 다리",닭고기,,,2026-09-07,60,2,-
시오콘부,재료,양념/조미료,건조시즈닝,풍미 특수조미,,"짠맛, 감칠맛, 간편식, 토핑용, 절임용",,시즈닝,,,2026-09-04,,90,30
면수,재료,양념/조미료,감칠맛/육수,기타 육수보완재,,"액상, 국물용, 다용도, 면요리용",,육수,,,2026-09-04,,1,
쌀뜨물,재료,양념/조미료,감칠맛/육수,기타 육수보완재,,"액상, 국물용, 잡내제거, 한식, 필수베이스",쌀뜬물,육수,,,2026-09-07,,1,
황기,재료,식재료 원물,채소류,뿌리채소류,특수뿌리류,"약재용, 은은함, 건강식, 육수용",,약재,,,2026-09-05,90,30,30
적채,재료,식재료 원물,채소류,잎채소류,양배추류,"아삭함, 화려한색, 샐러드용, 생식용",,채소,,,2026-09-05,30,14,3
쪽파김치,재료,즉석식/간편식,완제품·조리불요,즉석반찬/김치류,,"발효된 맛, 매운맛, 김치용, 한식, 익혀먹는용",,,,,2026-09-06,-,30,-
진미채볶음,재료,즉석식/간편식,완제품·조리불요,즉석반찬/김치류,,"단맛, 짭짤함, 쫄깃함, 간편식, 반찬용",,,,,2026-09-06,-,14,-
장조림,재료,즉석식/간편식,완제품·조리불요,즉석반찬/김치류,,"짭짤함, 단맛, 고기향, 간편식, 밑반찬",,,,,2026-09-06,-,14,-
우엉조림,재료,즉석식/간편식,완제품·조리불요,즉석반찬/김치류,,"단맛, 간장베이스, 조림용, 밑반찬",,,,,2026-09-06,-,14,-
연근조림,재료,즉석식/간편식,완제품·조리불요,즉석반찬/김치류,,"아삭함, 단맛, 조림용, 밑반찬",,,,,2026-09-06,-,14,-
열무물김치,재료,즉석식/간편식,완제품·조리불요,즉석반찬/김치류,,"시원한맛, 매운맛, 발효된 맛, 국물용, 김치용",,,,,2026-09-06,-,30,-
양파장아찌,재료,즉석식/간편식,통조림/보존식품,통조림/가공식재료,,"새콤달콤, 아삭함, 절임용, 밑반찬, 간편식",,,,,2026-09-06,-,60,-
삶은계란,재료,식재료 원물,육류/수산/달걀,달걀/난류,,"부드러움, 단백질, 간편식, 토핑용, 포만감","구운 계란, 구운계란",,,,2026-09-07,-,3,-
부추김치,재료,즉석식/간편식,완제품·조리불요,즉석반찬/김치류,,"알싸함, 매운맛, 발효된 맛, 김치용, 한식",,,,,2026-09-06,-,30,-
볶음김치,재료,즉석식/간편식,완제품·조리불요,즉석반찬/김치류,,"신맛, 감칠맛, 기름짐, 볶음용, 김치용",,,,,2026-09-06,60,14,-
멸치볶음,재료,즉석식/간편식,완제품·조리불요,즉석반찬/김치류,,"고소함, 바삭함, 밑반찬, 볶음용",,,,,2026-09-06,-,20,-
동치미,재료,즉석식/간편식,완제품·조리불요,즉석반찬/김치류,,"시원한맛, 새콤함, 국물용, 발효된 맛, 김치용",,,,,2026-09-06,-,30,-
당근라페,재료,즉석식/간편식,완제품·조리불요,즉석반찬/김치류,,"상큼함, 아삭함, 샐러드용, 간편식, 서양식",,,,,2026-09-06,-,7,-
나박김치,재료,즉석식/간편식,완제품·조리불요,즉석반찬/김치류,,"시원한맛, 깔끔함, 국물용, 발효된 맛, 김치용",,,,,2026-09-06,-,30,-
깻잎김치,재료,즉석식/간편식,완제품·조리불요,즉석반찬/김치류,,"향긋함, 짭짤함, 발효된 맛, 김치용, 쌈채소",,,,,2026-09-06,-,30,-
군만두,재료,베이킹·제면·디저트용 재료,조리완성형 재료,반죽류(피/피대체),,"바삭함, 고기향, 구이용, 간편식",,,,,2026-09-06,90,3,-
감자만두,재료,베이킹·제면·디저트용 재료,조리완성형 재료,반죽류(피/피대체),,"쫄깃함, 담백함, 한식, 간편식",,,,,2026-09-06,90,3,-
감자 샐러드,재료,즉석식/간편식,완제품·조리불요,가공식 부재료,,"부드러움, 고소함, 샐러드용, 간편식, 대중적",,,,,2026-09-06,-,3,-
포테이토칩,재료,즉석식/간편식,디저트/간식류,즉석디저트/간식,,"바삭함, 짠맛, 스낵류, 간식용, 간편식",,,,,2026-09-06,-,-,90
펜네,재료,베이킹·제면·디저트용 재료,조리완성형 재료,면류,,"단단함, 담백함, 서양식, 식사빵",,,,,2026-09-06,-,-,365
파김치,재료,즉석식/간편식,완제품·조리불요,즉석반찬/김치류,,"매운맛, 발효된 맛, 밑반찬, 한식",쪽파김치,,,,2026-09-07,-,60,-
통마늘장아찌,재료,양념/조미료,젓갈류,젓갈류,,"알싸함, 새콤함, 절임용, 밑반찬, 한식",,,,,2026-09-06,-,180,-
치자단무지,재료,즉석식/간편식,완제품·조리불요,즉석반찬/김치류,,"노란색, 새콤함, 아삭함, 밑반찬",,,,,2026-09-06,-,30,-
총각김치,재료,즉석식/간편식,완제품·조리불요,즉석반찬/김치류,,"아삭함, 매운맛, 발효된 맛, 밑반찬, 한식",,,,,2026-09-06,-,60,-
채식만두,재료,베이킹·제면·디저트용 재료,조리완성형 재료,반죽류(피/피대체),,"담백함, 식감추가, 다이어트, 간편식",,,,,2026-09-06,90,3,-
찹쌀떡,재료,베이킹·제면·디저트용 재료,조리완성형 재료,떡류,,"쫀득함, 달콤함, 디저트용, 간식용",,,,,2026-09-06,60,2,-
찰떡,재료,베이킹·제면·디저트용 재료,조리완성형 재료,떡류,,"쫀득함, 담백함, 디저트용, 간식용",,,,,2026-09-06,90,3,-
찐빵,재료,베이킹·제면·디저트용,완제품/준완제품,빵류,,"폭신함, 단맛, 간식용, 디저트용",,,,,2026-09-06,90,3,-
짠지,재료,즉석식/간편식,완제품·조리불요,즉석반찬/김치류,,"짠맛, 아삭함, 절임용, 밑반찬, 한식",,,,,2026-09-06,-,60,-
지단,재료,식재료 원물,육류/수산/달걀,달걀/난류,,"계란함유, 부드러움, 노란색, 토핑용","계란지단, 달걀지단",,,,2026-09-07,-,3,-
저염김치,재료,즉석식/간편식,완제품·조리불요,즉석반찬/김치류,,"발효된 맛, 건강지향, 밑반찬, 한식",,,,,2026-09-06,-,30,-
자반,재료,식재료 원물,육류/수산/달걀,생선류,,"짠맛, 바다향, 밑반찬, 생선류, 수산물",,,,,2026-09-06,90,7,-
우유떡,재료,베이킹·제면·디저트용 재료,조리완성형 재료,떡류,,"부드러움, 달콤함, 유제품향, 디저트용",,,,,2026-09-06,60,3,-
우동,재료,베이킹·제면·디저트용 재료,조리완성형 재료,면류,,"탱글한 식감, 서양식, 간편식",,,,,2026-09-06,60,7,-
완자,재료,식재료 원물,육류/수산/달걀,가공육,,"고기향, 부드러움, 가공육, 반찬용, 조리필요",고기완자,,,,2026-09-07,90,3,-
오징어채볶음,재료,즉석식/간편식,완제품·조리불요,즉석반찬/김치류,,"쫄깃함, 달콤함, 밑반찬, 수산물, 볶음용",,,,,2026-09-06,-,30,-
오이절임,재료,즉석식/간편식,통조림/보존식품,통조림/가공식재료,,"아삭함, 새콤함, 절임용, 반찬용, 보존성",,,,,2026-09-06,-,14,-
열무김치,재료,즉석식/간편식,완제품·조리불요,즉석반찬/김치류,,"아삭함, 시원함, 발효된 맛, 밑반찬, 한식",,,,,2026-09-06,-,30,-
양배추물김치,재료,즉석식/간편식,완제품·조리불요,즉석반찬/김치류,,"시원함, 아삭함, 국물용, 발효된 맛, 한식",,,,,2026-09-06,-,30,-
양념게장,재료,양념/조미료,젓갈류,젓갈류,,"매운맛, 감칠맛, 갑각류, 해산물향, 밑반찬",,,,,2026-09-06,60,7,-
양갱,재료,즉석식/간편식,디저트/간식류,즉석디저트/간식,,"달콤함, 꾸덕함, 디저트용, 간식용, 달콤",,,,,2026-09-06,-,14,7
아이스크림,재료,즉석식/간편식,디저트/간식류,즉석디저트/간식,,"달콤함, 부드러움, 디저트용, 간식용, 유제품향","바닐라 아이스크림, 바닐라아이스크림",,,,2026-09-07,90,-,-
슈크림,재료,유제품,크림류,휘핑크림,,"달콤함, 부드러움, 디저트용, 유제품향, 케이크용",,,,,2026-09-06,30,3,-
순살게장,재료,양념/조미료,젓갈류,젓갈류,,"감칠맛, 짭짤함, 갑각류, 밑반찬, 한식",,,,,2026-09-06,90,7,-
수제비,재료,베이킹·제면·디저트용 재료,조리완성형 재료,반죽류(베이스),,"담백함, 쫄깃함, 면요리용, 한식, 밀가루베이스",,,,,2026-09-06,30,3,-
섞박지,재료,즉석식/간편식,완제품·조리불요,즉석반찬/김치류,,"시원함, 아삭함, 발효된 맛, 밑반찬, 한식",석박지,,,,2026-09-07,-,60,-
소고기장조림,재료,즉석식/간편식,완제품·조리불요,즉석반찬/김치류,,"감칠맛, 짭짤함, 소고기, 밑반찬, 한식",,,,,2026-09-06,60,14,-
새우볼,재료,식재료 원물,육류/수산/달걀,갑각류,,"고소함, 탱글함, 갑각류, 간식용, 튀긴것",,,,,2026-09-06,90,3,-
삶은달걀,재료,식재료 원물,육류/수산/달걀,달걀/난류,,"담백함, 부드러움, 단백질, 계란함유, 간식용",,,,,2026-09-06,-,3,-
사과조림,재료,양념/조미료,시럽/청류,글레이즈,,"달콤함, 과일유래, 디저트용, 토핑용, 베이킹용",,,,,2026-09-06,60,7,-
비건김치,재료,즉석식/간편식,완제품·조리불요,즉석반찬/김치류,,"매운맛, 아삭함, 발효된 맛, 식물성, 한식",,,,,2026-09-06,-,90,-
볶은김치,재료,즉석식/간편식,완제품·조리불요,즉석반찬/김치류,,"매운맛, 감칠맛, 볶음용, 밑반찬, 한식",,,,,2026-09-06,-,30,-
베이글,재료,즉석식/간편식,완제품·조리불요,즉석디저트/간식,,"담백함, 쫄깃함, 밀가루베이스, 브런치용, 간식용",,,,,2026-09-06,30,3,-
백설기,재료,베이킹·제면·디저트용 재료,조리완성형 재료,떡류,,"담백함, 폭신함, 쌀베이스, 디저트용, 간식용",,,,,2026-09-06,30,2,-
백김치,재료,즉석식/간편식,완제품·조리불요,즉석반찬/김치류,,"시원함, 아삭함, 깔끔함, 밑반찬, 한식",,,,,2026-09-06,-,60,-
배추만두,재료,즉석식/간편식,즉석조리 필요,즉석조리식,,"담백함, 속채움용, 한식, 조리필요",,,,,2026-09-06,90,3,-
배추김치,재료,즉석식/간편식,완제품·조리불요,즉석반찬/김치류,,"매운맛, 아삭함, 발효된 맛, 밑반찬, 한식",겉절이,,,,2026-09-07,-,90,-
바닐라 아이스크림,재료,즉석식/간편식,디저트/간식류,즉석디저트/간식,,"달콤함, 부드러움, 디저트용, 유제품향, 간식용",,,,,2026-09-06,90,-,-
물만두,재료,즉석식/간편식,통조림/보존식품,통조림/가공식재료,,"부드러움, 간편식, 속채움용, 조리필요",,,,,2026-09-06,90,3,-
물김치,재료,즉석식/간편식,완제품·조리불요,즉석반찬/김치류,,"시원함, 새콤함, 국물용, 밑반찬, 한식",,,,,2026-09-06,-,30,-
무절임,재료,즉석식/간편식,완제품·조리불요,즉석반찬/김치류,,"새콤함, 아삭함, 절임용, 싸먹는용, 한식",,,,,2026-09-06,-,14,-
무김치,재료,즉석식/간편식,완제품·조리불요,즉석반찬/김치류,,"시원함, 아삭함, 발효된 맛, 밑반찬, 한식",,,,,2026-09-06,-,30,-
멸치코인육수,재료,양념/조미료,감칠맛/육수,고형 육수베이스,,"감칠맛, 고체형, 육수용, 수산물베이스, 한식",멸치 동전육수,,,,2026-09-07,-,-,365
맛김치,재료,즉석식/간편식,완제품·조리불요,즉석반찬/김치류,,"매운맛, 아삭함, 발효된 맛, 밑반찬, 한식",,,,,2026-09-06,-,30,-
매실장아찌,재료,양념/조미료,젓갈류,젓갈류,,"새콤함, 달콤함, 절임용, 밑반찬, 한식",,,,,2026-09-06,-,90,-
마늘쫑장아찌,재료,양념/조미료,젓갈류,젓갈류,,"알싸함, 짭짤함, 절임용, 밑반찬, 한식",,,,,2026-09-06,-,90,-
누룽지,재료,즉석식/간편식,완제품·조리불요,즉석밥/곡류,,"고소함, 바삭함, 구수함, 간편식, 즉석밥",,,,,2026-09-06,-,-,180
뇨끼,재료,베이킹·제면·디저트용 재료,조리완성형 재료,반죽류(베이스),,"부드러움, 쫄깃함, 서양식, 밀가루베이스, 조리필요",,,,,2026-09-06,30,3,-
달고나,재료,즉석식/간편식,디저트/간식류,즉석디저트/간식,,"달콤함, 바삭함, 디저트용, 간식용",,,,,2026-09-06,-,30,7
납작만두,재료,베이킹·제면·디저트용 재료,조리완성형 재료,반죽류(피/피대체),,"고소함, 바삭함, 속채움용, 조리필요",,,,,2026-09-06,90,3,-
꽃빵,재료,베이킹·제면·디저트용 재료,조리완성형 재료,반죽류(베이스),,"부드러움, 폭신함, 중식, 밀가루베이스, 주식용",,,,,2026-09-06,90,3,-
깻잎장아찌,재료,즉석식/간편식,완제품·조리불요,즉석반찬/김치류,,"짭짤함, 향긋함, 잎채소, 절임용, 나물용",,,,,2026-09-06,-,60,-
깍두기,재료,즉석식/간편식,완제품·조리불요,즉석반찬/김치류,,"아삭함, 매운맛, 발효된 맛, 뿌리채소, 한식",,,,,2026-09-06,-,60,-
김치볶음,재료,즉석식/간편식,완제품·조리불요,즉석반찬/김치류,,"매운맛, 감칠맛, 볶음용, 한식, 대중적",,,,,2026-09-06,30,7,-
김치만두,재료,즉석식/간편식,즉석조리 필요,즉석조리식,,"매운맛, 감칠맛, 속채움용, 간편식, 즉석조리",,,,,2026-09-06,90,3,-
고들빼기김치,재료,즉석식/간편식,완제품·조리불요,즉석반찬/김치류,,"쌉쌀함, 매운맛, 발효된 맛, 뿌리채소, 한식",,,,,2026-09-06,-,60,-
고구마무스,재료,즉석식/간편식,완제품·조리불요,가공식 부재료,,"달콤함, 부드러움, 구황작물, 토핑용, 디저트용",,,,,2026-09-06,30,5,-
계란장조림,재료,즉석식/간편식,완제품·조리불요,즉석반찬/김치류,,"짭짤함, 단백질, 계란함유, 한식, 반찬용",,,,,2026-09-06,-,7,-
계란장,재료,즉석식/간편식,완제품·조리불요,즉석반찬/김치류,,"짭짤함, 부드러움, 계란함유, 액상, 한식",,,,,2026-09-06,-,5,-
개떡,재료,베이킹·제면·디저트용 재료,조리완성형 재료,떡류,,"쫀득함, 담백함, 한식, 간식용",,,,,2026-09-06,60,3,-
감자빵,재료,베이킹·제면·디저트용,완제품/준완제품,빵류,,"달콤함, 쫄깃함, 구황작물, 디저트용",,,,,2026-09-06,30,3,1
갈릭치즈,재료,유제품,치즈(스프레드),크림치즈,,"고소함, 치즈류, 유제품향, 서양식",,,,,2026-09-06,-,14,-
피클,재료,즉석식/간편식,완제품·조리불요,즉석반찬/김치류,,"산미, 아삭함, 절임용, 서양식, 토핑용",다진피클,,,,2026-09-07,-,30,-
절임무,재료,즉석식/간편식,완제품·조리불요,즉석반찬/김치류,,"산미, 아삭함, 절임용, 한식","냉면무, 무절임",,,,2026-09-07,-,30,-
얼갈이김치,재료,즉석식/간편식,완제품·조리불요,즉석반찬/김치류,,"시원함, 아삭함, 잎채소, 발효된 맛, 한식",,,,,2026-09-06,-,40,-
총각 김치,재료,즉석식/간편식,완제품·조리불요,즉석반찬/김치류,,"아삭함, 매운맛, 뿌리채소, 발효된 맛, 한식","총각김치, 알타리김치",,,,2026-09-07,-,40,-
연근 조림,재료,즉석식/간편식,완제품·조리불요,즉석반찬/김치류,,"달콤함, 단단함, 뿌리채소, 한식, 조림용",,,,,2026-09-06,-,14,-
잔멸치볶음,재료,즉석식/간편식,완제품·조리불요,즉석반찬/김치류,,"고소함, 짭짤함, 바삭함, 수산물, 볶음용",,,,,2026-09-06,-,20,-
달걀말이,재료,즉석식/간편식,완제품·조리불요,즉석반찬/김치류,,"부드러움, 담백함, 계란함유, 한식, 구이용",,,,,2026-09-06,-,3,-
소고기동그랑땡,재료,즉석식/간편식,완제품·조리불요,즉석반찬/김치류,,"고소함, 고기함유, 구이용, 한식, 반찬용",,,,,2026-09-06,30,3,-
갈비만두,재료,즉석식/간편식,완제품·조리불요,가공식 부재료,,"달콤함, 고기향, 속채움용, 간편식, 조리필요",,,,,2026-09-06,90,3,-
김치 만두,재료,즉석식/간편식,완제품·조리불요,가공식 부재료,,"매운맛, 고기함유, 속채움용, 한식, 간편식",,,,,2026-09-06,90,3,-
무쌈,재료,즉석식/간편식,완제품·조리불요,즉석반찬/김치류,,"상큼함, 아삭함, 싸먹는용, 절임용, 한식",,,,,2026-09-06,-,30,-
녹두전/반죽,재료,베이킹·제면·디저트용 재료,조리완성형 재료,반죽류(베이스),,"고소함, 녹두베이스, 한식, 간편식",,,,,2026-09-06,30,2,-
멸치 볶음,재료,즉석식/간편식,완제품·조리불요,즉석반찬/김치류,,"감칠맛, 바삭함, 볶음용, 한식, 간편식",,,,,2026-09-06,-,30,-
무말랭이 무침,재료,즉석식/간편식,완제품·조리불요,즉석반찬/김치류,,"매운맛, 절임용, 한식, 간편식",,,,,2026-09-06,-,30,-
코울슬로,재료,즉석식/간편식,완제품·조리불요,가공식 부재료,,"상큼함, 아삭함, 샐러드용, 서양식, 간편식",,,,,2026-09-06,-,5,-
새우딤섬,재료,즉석식/간편식,즉석조리 필요,즉석조리식,,"감칠맛, 탱글한 식감, 해산물향, 찜용, 간편식",,,,,2026-09-06,90,3,-
쇠고기장조림,재료,즉석식/간편식,완제품·조리불요,즉석반찬/김치류,,"짭짤함, 소고기, 조림용, 한식, 간편식",,,,,2026-09-06,-,30,-
수수떡,재료,베이킹·제면·디저트용 재료,조리완성형 재료,떡류,,"달콤함, 쫀득함, 디저트용, 한식, 간편식",,,,,2026-09-06,90,2,-
양파 장아찌,재료,즉석식/간편식,완제품·조리불요,즉석반찬/김치류,,"새콤달콤, 아삭함, 절임용, 한식, 간편식",,,,,2026-09-06,-,60,-
열무 물김치,재료,즉석식/간편식,완제품·조리불요,즉석반찬/김치류,,"시원함, 아삭함, 국물용, 한식, 간편식",열무물김치,,,,2026-09-07,-,30,-
인절미,재료,베이킹·제면·디저트용 재료,조리완성형 재료,떡류,,"고소함, 쫀득함, 디저트용, 한식, 간편식",,,,,2026-09-06,90,2,-
핫도그빵,재료,베이킹·제면·디저트용,완제품/준완제품,빵류,,"샌드위치용, 베이킹용, 서양식, 간편식",,,,,2026-09-06,30,-,3
유채 물김치,재료,즉석식/간편식,완제품·조리불요,즉석반찬/김치류,,"시원함, 아삭함, 국물용, 한식, 간편식",,,,,2026-09-06,-,30,-
오이소박이,재료,즉석식/간편식,완제품·조리불요,즉석반찬/김치류,,"아삭함, 매운맛, 절임용, 한식, 간편식",,,,,2026-09-06,-,20,-
무말랭이무침,재료,즉석식/간편식,완제품·조리불요,즉석반찬/김치류,,"매운맛, 절임용, 한식, 간편식",,,,,2026-09-06,-,30,-
돼지고기장조림,재료,즉석식/간편식,완제품·조리불요,즉석반찬/김치류,,"짭짤함, 돼지고기, 조림용, 한식, 간편식",,,,,2026-09-06,-,14,-
고기 만두,재료,즉석식/간편식,즉석조리 필요,즉석조리식,,"고소함, 고기함유, 속채움용, 한식, 간편식",,,,,2026-09-06,90,3,-
새우만두,재료,즉석식/간편식,즉석조리 필요,즉석조리식,,"감칠맛, 해산물향, 속채움용, 한식, 간편식",,,,,2026-09-06,90,3,-
잡채만두,재료,즉석식/간편식,즉석조리 필요,즉석조리식,,"바삭함, 속채움용, 한식, 간편식",,,,,2026-09-06,90,3,-
고기만두,재료,즉석식/간편식,즉석조리 필요,즉석조리식,,"고소함, 고기함유, 속채움용, 한식, 간편식",,,,,2026-09-06,90,3,-
왕만두,재료,즉석식/간편식,즉석조리 필요,즉석조리식,,"든든함, 고기함유, 속채움용, 한식, 간편식",,,,,2026-09-06,90,3,-
새우완자,재료,식재료 원물,육류/수산/달걀,가공육,,"감칠맛, 탱글한 식감, 해산물향, 국물용, 간편식",,,,,2026-09-06,60,3,-
닭고기완자,재료,식재료 원물,육류/수산/달걀,가공육,,"담백함, 닭고기, 구이용, 한식, 간편식",,,,,2026-09-06,60,3,-
쌀수제비,재료,베이킹·제면·디저트용 재료,조리완성형 재료,반죽류(베이스),,"쫄깃함, 쌀베이스, 국물용, 한식, 간편식",,,,,2026-09-06,30,5,-
명이나물장아찌,재료,즉석식/간편식,완제품·조리불요,즉석반찬/김치류,,"새콤달콤, 잎채소, 절임용, 한식, 간편식",,,,,2026-09-06,-,60,-
수제딸기청,재료,양념/조미료,시럽/청류,전통청,,"달콤함, 딸기향, 액상, 디저트용, 음용가능",딸기청,,,,2026-09-07,-,30,-
마리네이드,재료,양념/조미료,요리베이스/소스,향신소스,,"풍미, 액상, 양념류, 서양식, 다용도",,,,,2026-09-06,-,3,-
신김치,재료,즉석식/간편식,완제품·조리불요,즉석반찬/김치류,,"신맛, 발효된 맛, 아삭함, 김치용, 한식",익은김치,,,,2026-09-07,180,60,-
오이김치,재료,즉석식/간편식,완제품·조리불요,즉석반찬/김치류,,"아삭함, 시원함, 김치용, 한식, 채소",,,,,2026-09-06,-,7,-
햇양파,재료,식재료 원물,채소류,뿌리채소류,,"단맛, 알싸함, 뿌리채소, 채소, 생식용",,,,,2026-09-06,-,30,14
김치양념,재료,양념/조미료,요리베이스/소스,김치소스,,"매운맛, 감칠맛, 액상, 양념류, 김치용",만능김치양념,,,,2026-09-07,60,7,-
당근김치,재료,즉석식/간편식,완제품·조리불요,즉석반찬/김치류,,"아삭함, 단맛, 붉은색, 김치용, 채소",,,,,2026-09-06,-,14,-
파김치양념,재료,양념/조미료,요리베이스/소스,김치소스,,"매운맛, 알싸함, 액상, 양념류, 김치용",,,,,2026-09-06,60,7,-
집된장,재료,양념/조미료,장류(베이스),된장,,"구수한맛, 짭짤함, 발효된 맛, 한식, 양념류",,,,,2026-09-06,-,180,90
소고기국거리,재료,식재료 원물,육류/수산/달걀,육류,,"소고기, 단백질, 국물용, 고기요리용, 익혀먹는용",,,,,2026-09-06,90,3,-
체다슬라이스치즈,재료,유제품,치즈(슬라이스),슬라이스치즈,,"고소함, 꾸덕함, 노란색, 치즈류, 유제품향","슬라이스 체더치즈, 체다슬라이스 치즈",,,,2026-09-07,-,30,-
슬라이스체다치즈,재료,유제품,치즈(슬라이스),슬라이스치즈,,"고소함, 꾸덕함, 노란색, 치즈류, 유제품향",,,,,2026-09-06,-,30,-
돼지껍질,재료,식재료 원물,육류/수산/달걀,육류,,"쫄깃함, 지방풍미, 돼지고기, 콜라겐, 고기요리용",,,,,2026-09-06,90,2,-
다시마육수,재료,양념/조미료,감칠맛/육수,액상 육수베이스,,"감칠맛, 바다향, 액상, 육수용, 한식",,,,,2026-09-06,30,3,-
연어필렛,재료,식재료 원물,육류/수산/달걀,생선류,,"부드러움, 지방풍미, 생선류, 고기요리용, 구이용",,,,,2026-09-06,60,2,-
장아찌간장,재료,양념/조미료,요리베이스/소스,한식소스,,"짭짤함, 단맛, 액상, 절임용, 간장베이스",장아찌 간장,,,,2026-09-07,-,90,-
오징어볶음양념,재료,양념/조미료,요리베이스/소스,볶음소스,,"매운맛, 감칠맛, 액상, 볶음용, 양념류",,,,,2026-09-06,30,7,-
칵테일새우,재료,식재료 원물,육류/수산/달걀,조개류/연체류,,"탱글한 식감, 해산물향, 갑각류, 익혀먹는용, 간편식",,,,,2026-09-06,90,2,-
소고기불고기감,재료,식재료 원물,육류/수산/달걀,육류,,"부드러움, 소고기, 구이용, 고기요리용, 얇음","소불고기감, 소불고기용 고기, 소고기 불고기감, 불고기용 고기",,,,2026-09-07,90,3,-
홍게간장,재료,양념/조미료,간장류,간장류,,"감칠맛, 바다향, 액상, 한식","홍게맛간장, 홍게맛장, 홍게액",,,,2026-09-07,-,365,180
장아찌,재료,즉석식/간편식,완제품·조리불요,즉석반찬/김치류,,"새콤달콤, 아삭함, 절임용, 한식, 간편식","매실장아찌, 고추장아찌, 무장아찌, 마늘쫑장아찌, 오이장아찌",,,,2026-09-07,-,90,-
겉절이,재료,즉석식/간편식,완제품·조리불요,즉석반찬/김치류,,"신선함, 아삭함, 매운맛, 김치용, 한식",,,,,2026-09-06,-,7,-
쌀국수,재료,베이킹·제면·디저트용 재료,조리완성형 재료,면류,,"부드러움, 담백함, 면요리용, 쌀베이스, 주식용",,,,,2026-09-06,-,30,180
고기완자,재료,식재료 원물,육류/수산/달걀,가공육,,"고소함, 부드러움, 가공육, 구이용, 간편식",,,,,2026-09-06,60,3,-
콜드브루,재료,음료/주류,커피류,,,"카페인, 깔끔함, 음용가능, 대중적",,,,,2026-09-06,-,7,-
카스테라,재료,베이킹·제면·디저트용,완제품/준완제품,빵류,,"달콤함, 부드러움, 폭신함, 디저트용, 케이크용, 간식용",카스텔라,,,,2026-09-07,30,3,2
치즈볼,재료,즉석식/간편식,디저트/간식류,즉석디저트/간식,,"고소함, 바삭함, 간식용, 스낵류, 튀긴것",,,,,2026-09-06,60,2,-
오이물김치,재료,즉석식/간편식,완제품·조리불요,즉석반찬/김치류,,"시원함, 아삭함, 새콤함, 국물용, 김치용, 냉식",,,,,2026-09-06,-,30,-
열무얼갈이김치,재료,즉석식/간편식,완제품·조리불요,즉석반찬/김치류,,"매운맛, 아삭함, 시원함, 김치용, 한식",,,,,2026-09-06,-,30,-
연어장,재료,양념/조미료,젓갈류,젓갈류,,"감칠맛, 짭짤함, 부드러움, 밥용, 수산물, 생선류",,,,,2026-09-06,30,7,-
에그마요,재료,즉석식/간편식,완제품·조리불요,가공식 부재료,,"고소함, 부드러움, 속채움용, 샌드위치용, 계란함유",,,,,2026-09-06,-,3,-
양배추라페,재료,즉석식/간편식,완제품·조리불요,즉석반찬/김치류,,"산미, 아삭함, 상큼함, 샐러드용, 채소",,,,,2026-09-06,-,7,-
쑥개떡,재료,베이킹·제면·디저트용 재료,조리완성형 재료,떡류,,"향긋함, 쫀득함, 간식용, 한식",,,,,2026-09-06,90,3,-
술빵,재료,베이킹·제면·디저트용,완제품/준완제품,빵류,,"달콤함, 폭신함, 간식용, 발효된 맛",,,,,2026-09-06,30,3,1
스콘,재료,베이킹·제면·디저트용,완제품/준완제품,빵류,,"버터풍미, 거친식감, 디저트용, 식사빵, 베이킹용",,,,,2026-09-06,30,3,2
사과주스,재료,음료/주류,비탄산 음료,,,"단맛, 과일향, 상큼함, 음용가능",오렌지주스,,,,2026-09-07,-,7,-
부시맨브레드,재료,베이킹·제면·디저트용,완제품/준완제품,빵류,,"진한맛, 부드러움, 식사빵, 서양식",,,,,2026-09-06,30,3,-
버터 쿠키,재료,즉석식/간편식,디저트/간식류,즉석디저트/간식,,"버터풍미, 고소함, 바삭함, 디저트용, 스낵류",,,,,2026-09-06,-,-,30
땅콩조림,재료,식재료 원물,두류/콩류,가공콩류,,"고소함, 단맛, 단단함, 밑반찬, 한식, 콩베이스",,,,,2026-09-06,-,7,-
들기름김치찜,재료,즉석식/간편식,완제품·조리불요,즉석반찬/김치류,,"감칠맛, 고소함, 부드러움, 국물용, 김치용, 한식",,,,,2026-09-06,-,7,-
깜빠뉴,재료,베이킹·제면·디저트용,완제품/준완제품,빵류,,"고소함, 거친식감, 식사빵, 서양식, 발효된 맛",,,,,2026-09-06,30,-,3
꽈배기,재료,즉석식/간편식,디저트/간식류,즉석디저트/간식,,"달콤함, 고소함, 쫄깃함, 간식용, 스낵류, 튀긴것",,,,,2026-09-06,30,2,1
과카몰리,재료,즉석식/간편식,완제품·조리불요,가공식 부재료,,"고소함, 부드러움, 상큼함, 토핑용, 샐러드용, 서양식",,,,,2026-09-06,-,3,-
계란말이,재료,즉석식/간편식,완제품·조리불요,즉석반찬/김치류,,"고소함, 부드러움, 밑반찬, 한식, 계란함유",,,,,2026-09-06,-,3,-
감자샐러드,재료,즉석식/간편식,완제품·조리불요,즉석반찬/김치류,,"고소함, 부드러움, 포만감, 샐러드용, 구황작물",,,,,2026-09-06,-,3,-
간장마늘쫑장아찌,재료,즉석식/간편식,완제품·조리불요,즉석반찬/김치류,,"짭짤함, 알싸함, 아삭함, 절임용, 밑반찬, 한식",,,,,2026-09-06,-,30,-
마늘장아찌,재료,즉석식/간편식,완제품·조리불요,즉석반찬/김치류,,"알싸함, 새콤함, 아삭함, 절임용, 밑반찬, 한식",,,,,2026-09-06,-,30,-
명이나물,재료,즉석식/간편식,완제품·조리불요,즉석반찬/김치류,,"향긋함, 새콤함, 부드러움, 절임용, 싸먹는용, 한식",,,,,2026-09-06,-,30,-
샐러드 채소,재료,식재료 원물,채소류,잎채소류,기타채소류,"신선함, 아삭함, 샐러드용, 채소",,채소,,,2026-09-07,,,
시럽,재료,양념/조미료,시럽/청류,향신청,,"단맛, 액상, 다용도, 디저트용, 달콤함",,시럽,,,2026-09-07,,,
감초,재료,식재료 원물,채소류,뿌리채소류,특수뿌리류,"단맛, 한식, 은은함, 건강식, 뿌리채소",,한약재,,,2026-09-07,180,30,90
치킨너겟,재료,식재료 원물,육류/수산/달걀,가공육,가공육류,"고소함, 부드러움, 가공육, 간편식, 튀김용",,가공육,,,2026-09-07,90,3,-
케이퍼,재료,양념/조미료,향신료/허브류,절임용 향신료,,"산미, 상큼함, 서양식, 토핑용, 새콤함",,향신료,,,2026-09-07,-,90,-
혼다시,재료,양념/조미료,감칠맛/육수,분말 육수베이스,,"감칠맛, 짠맛, 해산물향, 국물용, 필수조미료, 가루류",,육수베이스,,,2026-09-07,-,-,365
실고추,재료,식재료 원물,견과/씨앗/고추류,고추류,고추류,"붉은색, 색감, 한식부재료, 장식용, 한식",,고추,,,2026-09-07,-,30,90
그린빈,재료,식재료 원물,두류/콩류,두류,원물콩류,"아삭함, 담백함, 채소, 익혀먹는용, 볶음용, 서양식",,콩,,,2026-09-07,90,7,-
파로,재료,식재료 원물,곡류,기타잡곡류,,"구수함, 거친식감, 곡류, 건강식, 슈퍼푸드, 주식보완",,곡물,,,2026-09-07,-,-,180
양파청,재료,양념/조미료,시럽/청류,전통청,,"단맛, 감칠맛, 액상, 발효된 맛, 한식, 다용도소스",,,,,2026-09-07,-,90,-
식용색소,재료,양념/조미료,산미 조미,산미 조미,,"색감, 조리보조, 다용도",,,,,2026-09-07,-,-,365
정향,재료,양념/조미료,향신료/허브류,알싸한 향신료,,"강한향, 알싸함, 향신료, 잡내제거, 이국적",,향신료,,,2026-09-07,-,-,365
해물믹스,재료,식재료 원물,육류/수산/달걀,가공육,기타가공육,"감칠맛, 바다향, 수산물, 해산물향, 간편식, 볶음용",,수산가공품,,,2026-09-07,90,-,-
햄프씨드,재료,식재료 원물,견과/씨앗/고추류,씨앗류,씨앗류,"고소함, 씨앗, 견과류, 슈퍼푸드, 오메가3, 토핑용",,씨앗,,,2026-09-07,-,30,180
꽁치통조림,재료,즉석식/간편식,통조림/보존식품,통조림/가공식재료,어류통조림,"감칠맛, 고소함, 생선류, 통조림용, 국물용, 조림용",,통조림,,,2026-09-07,-,3,365
하몽,재료,식재료 원물,육류/수산/달걀,가공육,훈제육류,"짠맛, 기름짐, 고기향, 가공육, 서양식, 고기곁들임",,가공육,,,2026-09-07,60,30,-
겨자소스,재료,양념/조미료,디핑/혼합 소스,혼합소스,,"알싸함, 매운맛, 겨자향, 찍어먹는용, 딥소스",,소스,,,2026-09-07,-,60,-
사골,재료,식재료 원물,육류/수산/달걀,육류,부위명칭-내장류,"진한맛, 고소함, 지방풍미, 국물용, 육수용, 보양식",,뼈,,,2026-09-07,90,3,-
무화과잼,재료,양념/조미료,디핑/스프레드,드레싱,,"단맛, 과일향, 꾸덕함, 디저트용",,잼,,,2026-09-07,-,90,180
크루통,재료,베이킹·제면·디저트용 재료,조리보조 기능성 재료,믹스가루,팬케이크믹스,"바삭함, 고소함, 토핑용, 샐러드용, 서양식",,빵류,,,2026-09-07,30,7,14
과메기,재료,식재료 원물,육류/수산/달걀,생선류,생선류,"고소함, 비린맛, 기름짐, 생선류, 구이용, 안주용",,수산물,,,2026-09-07,60,3,-
호밀가루,재료,베이킹·제면·디저트용 재료,조리보조 기능성 재료,제분가루,통밀분,"거친식감, 밀베이스, 베이킹용, 가루류, 건강식",,가루,,,2026-09-07,180,90,30
쑥가루,재료,베이킹·제면·디저트용 재료,조리보조 기능성 재료,가루류,원물가루,"향긋함, 초록색, 가루류, 베이킹용, 봄나물",,가루,,,2026-09-07,180,90,30
서리태가루,재료,베이킹·제면·디저트용 재료,조리보조 기능성 재료,가루류,곡류가루,"고소함, 콩베이스, 가루류, 음용가능, 건강식",,가루,,,2026-09-07,180,90,30
호박고지,재료,식재료 원물,채소류,열매채소류,호박류,"달콤함, 쫄깃함, 건조형, 나물용",,채소,,,2026-09-07,180,90,30
막장,재료,양념/조미료,장류(베이스),된장,,"구수함, 짠맛, 발효된 맛, 한식, 찍어먹는용",,장류,,,2026-09-07,-,90,30
오가피,재료,식재료 원물,채소류,잎채소류,산나물류,"쌉쌀함, 향긋함, 잎채소, 나물용, 건강식",,채소,,,2026-09-07,90,7,-
캐슈너트,재료,식재료 원물,견과/씨앗/고추류,견과류,견과류,"고소함, 부드러움, 견과류, 간식용, 토핑용",,견과류,,,2026-09-07,180,90,30
엔초비,재료,식재료 원물,육류/수산/달걀,생선류,생선류,"감칠맛, 짠맛, 비린맛, 생선류, 서양식",,수산물,,,2026-09-07,-,30,-
발사믹소스,재료,양념/조미료,요리베이스/소스,서양소스,,"산미, 달콤함, 서양식, 소스용, 액상",,,,,2026-09-07,-,180,-
쥐포,재료,식재료 원물,육류/수산/달걀,건조해산물류,어포류,"쫄깃함, 달콤함, 간식용, 구이용, 건조형",,,,,2026-09-07,180,30,-
닭가슴살햄,재료,식재료 원물,육류/수산/달걀,가공육,햄류,"담백함, 가공육, 단백질, 간편식, 다이어트",,,,,2026-09-07,30,10,-
핑크페퍼,재료,양념/조미료,향신료/허브류,풍미 향신료,,"향신료, 알싸함, 화려한색, 장식용, 서양식",,향신료,,,2026-09-07,-,-,365
치즈스틱,재료,즉석식/간편식,디저트/간식류,즉석디저트/간식,디저트류,"고소함, 바삭함, 치즈류, 간식용, 튀김용",,간식,,,2026-09-07,60,-,-
스지,재료,식재료 원물,육류/수산/달걀,육류,부위명칭-내장류,"쫄깃함, 고기요리용, 국물용, 찜용, 보양식",,소고기,,,2026-09-07,90,3,-
나초,재료,즉석식/간편식,디저트/간식류,즉석디저트/간식,스낵류,"바삭함, 고소함, 스낵류, 간식용, 서양식",,스낵,,,2026-09-07,-,-,90
멸치가루,재료,양념/조미료,감칠맛/육수,건조 육수베이스,,"감칠맛, 구수함, 가루류, 국물용, 육수용",,조미료,,,2026-09-07,180,-,180
한천가루,재료,베이킹·제면·디저트용 재료,조리보조 기능성 재료,응고제,동물성 응고제,"가루류, 조리보조, 투명, 식감추가, 디저트용",,응고제,,,2026-09-07,-,-,365
천혜향,재료,식재료 원물,과일류,과일,과일,"상큼함, 달콤함, 과일향",,과일,,,2026-09-07,-,14,7
김말이,재료,즉석식/간편식,디저트/간식류,즉석디저트/간식,디저트류,"바삭함, 고소함, 간식용, 튀김용",,가공식품,,,2026-09-07,30,3,-
현미귀리밥,재료,즉석식/간편식,완제품·조리불요,즉석밥/곡류,잡곡밥,"곡물향, 포만감, 주식용, 간편식, 건강지향",,밥,,,2026-09-07,30,3,-
치즈떡,재료,베이킹·제면·디저트용 재료,조리완성형 재료,떡류,범용 떡류,"쫄깃함, 고소함, 떡용, 간식용, 치즈류",,떡,,,2026-09-07,60,7,-
호랑이콩,재료,식재료 원물,두류/콩류,두류,원물콩류,"고소함, 단백질, 건강식",,콩,,,2026-09-07,180,7,30
참외장아찌,재료,즉석식/간편식,완제품·조리불요,즉석반찬/김치류,일반,"아삭함, 새콤달콤, 절임용, 간편식",,장아찌,,,2026-09-07,-,30,-
보리굴비,재료,식재료 원물,육류/수산/달걀,생선류,생선류,"고소함, 쫄깃함, 생선류, 구이용",,굴비,,,2026-09-07,90,5,-
오만둥이,재료,식재료 원물,육류/수산/달걀,조개류/연체류,,"시원함, 조개류, 국물용, 해산물향",,해산물,,,2026-09-07,30,2,-
하바티 치즈,재료,유제품,치즈,치즈,,"크리미함, 고소함, 치즈류, 유제품향, 서양식",,치즈,,,2026-09-07,-,30,-
구운 카다이프,재료,베이킹·제면·디저트용 재료,조리완성형 재료,시트류,바삭형 시트,"바삭함, 고소함, 베이킹용, 디저트용",,시트,,,2026-09-07,60,14,-
칼몬드,재료,식재료 원물,견과/씨앗/고추류,견과류,견과가공류,"고소함, 달콤함, 견과류, 간식용, 안주용",,견과류,,,2026-09-07,-,-,90
화이트와인식초,재료,양념/조미료,산미 조미,산미 조미,,"산미, 상큼함, 서양식, 액상, 소스용",,식초,,,2026-09-07,-,-,365
레몬식초,재료,양념/조미료,산미 조미,산미 조미,,"산미, 상큼함, 시트러스향, 액상",,식초,,,2026-09-07,-,-,365
고추씨가루,재료,양념/조미료,매운맛 조미,매운조미,,"매운맛, 붉은색, 국물용, 볶음용, 양념류",,조미료,,,2026-09-07,-,-,180
다슬기,재료,식재료 원물,육류/수산/달걀,조개류/연체류,,"감칠맛, 시원함, 쫄깃함, 수산물, 조개류",,수산물,,,2026-09-07,30,2,-
해물육수,재료,양념/조미료,감칠맛/육수,액상 육수베이스,,"감칠맛, 시원함, 액상, 육수용, 필수베이스",,육수,,,2026-09-07,-,30,-
바닐라페이스트,재료,양념/조미료,요리베이스/소스,기타페이스트,,"향긋함, 달콤함, 꾸덕함, 베이킹용, 디저트용",,향신료,,,2026-09-07,-,90,-
초생강,재료,즉석식/간편식,완제품·조리불요,즉석반찬/김치류,일반,"상큼함, 아삭함, 새콤함, 절임용, 일식",,절임반찬,,,2026-09-07,-,30,-
전란액,재료,식재료 원물,육류/수산/달걀,달걀/난류,계란류,"부드러움, 담백함, 계란함유, 다용도, 조류",,달걀,,,2026-09-07,-,7,-
초코파이,재료,즉석식/간편식,디저트/간식류,즉석디저트/간식,디저트류,"달콤함, 부드러움, 간식용, 간편식, 스낵류",,과자,,,2026-09-07,-,-,30
프로슈토,재료,식재료 원물,육류/수산/달걀,가공육,훈제육류,"고소함, 짠맛, 기름짐, 가공육, 서양식",,햄,,,2026-09-07,-,30,-
참깨소스,재료,양념/조미료,디핑/혼합 소스,혼합소스,,"고소함, 크리미함, 새콤달콤, 전용소스, 찍어먹는용",,소스,,,2026-09-07,-,30,-
김부각,재료,즉석식/간편식,디저트/간식류,즉석디저트/간식,전통과자류,"고소함, 바삭함, 간식용, 튀긴것, 스낵류",,간식,,,2026-09-07,-,-,60
쿠스쿠스,재료,식재료 원물,곡류,기타잡곡류,,"담백함, 작은입자, 곡류, 주식용, 이국적",,곡류,,,2026-09-07,-,-,365
현미곤약밥,재료,즉석식/간편식,완제품·조리불요,즉석밥/곡류,잡곡밥,"담백함, 다이어트, 저칼로리, 즉석밥, 주식용",,밥,,,2026-09-07,30,3,-
파로밥,재료,즉석식/간편식,완제품·조리불요,즉석밥/곡류,잡곡밥,"구수함, 슈퍼푸드, 건강지향, 즉석밥, 주식용",,밥,,,2026-09-07,30,3,-
감식초,재료,양념/조미료,산미 조미,산미 조미,,"산미, 상큼함, 새콤함, 발효된 맛, 양념류",,식초,,,2026-09-07,-,365,365
살라미,재료,식재료 원물,육류/수산/달걀,가공육,가공육류,"짠맛, 고기향, 단단함, 가공육, 서양식",,가공육,,,2026-09-07,60,14,-
토마토주스,재료,음료/주류,비탄산 음료,,,"상큼함, 단맛, 토마토베이스, 음용가능, 과일유래",,,,,2026-09-07,-,7,-
냉동야채,재료,식재료 원물,채소류,잎채소류,기타채소류,"신선함, 채소, 익혀먹는용, 간편식, 다용도",,,,,2026-09-07,180,-,-
마늘소금,재료,양념/조미료,소금류,소금류,,"짠맛, 마늘향, 필수조미료, 양념류, 다용도",,소금,,,2026-09-07,-,-,365
너비아니,재료,식재료 원물,육류/수산/달걀,가공육,가공육류,"달콤함, 고기요리용, 가공육, 간편식",,고기완자,,,2026-09-07,90,3,-
우거지,재료,식재료 원물,채소류,잎채소류,배추류,"부드러움, 국물용, 한식부재료, 익혀먹는용",배추우거지,배추,,,2026-09-07,30,3,-
메밀간장,재료,양념/조미료,간장류,간장류,,"감칠맛, 간장베이스, 면요리용, 찍어먹는용, 양념류",,간장,,,2026-09-07,-,180,365
한방티백,재료,음료/주류,차류,가열 조리용,,"향긋함, 건강효능, 차용, 음용가능",한방 티백,차,,,2026-09-07,-,-,180
고추장물,재료,즉석식/간편식,완제품·조리불요,즉석반찬/김치류,일반,"매운맛, 짭짤함, 밥용, 한식",,반찬,,,2026-09-07,30,7,-
동그랑땡 반죽,재료,즉석식/간편식,완제품·조리불요,즉석반찬/김치류,,"고기함유, 부드러움, 구이용, 간편식, 반찬용",,,,,2026-09-07,30,3,-
컬리플라워,재료,식재료 원물,채소류,뿌리채소류,기타알뿌리류,"담백함, 아삭함, 뿌리채소, 다이어트, 채소",,,,,2026-09-07,30,7,-
무즙,재료,식재료 원물,채소류,뿌리채소류,무류,"시원함, 알싸함, 수분감, 뿌리채소, 채소",,,,,2026-09-07,30,3,-
다래순,재료,식재료 원물,채소류,잎채소류,산나물류,"향긋함, 부드러움, 산나물, 봄나물, 나물용",,,,,2026-09-07,30,3,-
곤이,재료,식재료 원물,육류/수산/달걀,육류,내장류,"고소함, 부드러움, 수산물, 국물용, 익혀먹는용",,,,,2026-09-07,30,2,-
수제비 반죽,재료,베이킹·제면·디저트용 재료,조리완성형 재료,반죽류(베이스),감자베이스 반죽,"쫄깃함, 밀가루베이스, 익혀먹는용, 면요리용, 한식",,,,,2026-09-07,30,3,-
쌀면,재료,베이킹·제면·디저트용 재료,조리완성형 재료,면류,쌀면,"쌀베이스, 면요리용, 담백함, 한식, 빠른조리",쌀 소면,면,,,2026-09-07,30,7,180
얇은 겹침용 시트,재료,베이킹·제면·디저트용 재료,조리완성형 재료,시트류,얇은 겹침용 시트,"서양식, 베이킹용, 바삭함, 다용도",통밀 토르티야,시트,,,2026-09-07,30,7,-
건면류,재료,베이킹·제면·디저트용 재료,조리완성형 재료,면류,건면류,"말린것, 면요리용, 보존성, 한식, 간편식",파로면,면,,,2026-09-07,-,-,180
그린빈스,재료,식재료 원물,채소류,잎채소류,줄기채소류,"아삭함, 담백함, 채소, 볶음용, 익혀먹는용",,채소,,,2026-09-07,30,7,-
번데기,재료,식재료 원물,육류/수산/달걀,가공육,기타가공육,"고소함, 고기향, 단백질, 간식용, 가공육",,가공육,,,2026-09-07,90,3,-
달걀후라이,재료,즉석식/간편식,완제품·조리불요,가공식 부재료,조리부재료,"고소함, 부드러움, 구이용, 조식용, 계란함유",,달걀요리,,,2026-09-07,-,2,-
도라지나물,재료,즉석식/간편식,완제품·조리불요,즉석반찬/김치류,일반,"쌉쌀함, 아삭함, 나물용, 한식, 익혀먹는용",,나물반찬,,,2026-09-07,-,5,-
양갈비,재료,식재료 원물,육류/수산/달걀,육류,기타 육류,"고소함, 고기향, 지방풍미, 구이용, 고기곁들임",,육류,,,2026-09-07,90,3,-
아몬드 스프레드,재료,양념/조미료,디핑/스프레드,디핑조미,,"고소함, 달콤함, 견과류향, 꾸덕함, 디저트용",,스프레드,,,2026-09-07,-,90,60
통밀면,재료,베이킹·제면·디저트용 재료,조리완성형 재료,면류,건면류,"고소함, 담백함, 건강식, 면요리용, 곡물향",,면,,,2026-09-07,-,-,180
봄나물,재료,식재료 원물,채소류,잎채소류,나물류,"향긋함, 봄나물, 산나물, 채소, 나물용",,나물,,,2026-09-07,-,5,-
펙틴,재료,베이킹·제면·디저트용 재료,조리보조 기능성 재료,응고제,동물성 응고제,"조리보조, 농도조절, 베이킹용, 점성강함",,응고제,,,2026-09-07,-,-,365
라디치오,재료,식재료 원물,채소류,잎채소류,기타잎채소,"쓴맛, 아삭함, 색감, 샐러드용, 잎채소",,채소,,,2026-09-07,-,7,-
파프리카시즈닝,재료,양념/조미료,건조시즈닝,풍미 특수조미,,"풍미, 색감, 향신료, 이국적",,시즈닝,,,2026-09-07,-,-,365
애플사이다비네거,재료,양념/조미료,산미 조미,산미 조미,,"산미, 상큼함, 시트러스향, 액상, 조리보조",,식초,,,2026-09-07,-,-,365
모듬해물,재료,식재료 원물,육류/수산/달걀,생선류,,"감칠맛, 바다향, 해산물향, 수산물, 국물용",,해산물,,,2026-09-07,30,1,-
우유식빵,재료,유제품,우유/분유,우유/분유,,"달콤함, 부드러움, 폭신함, 우유류, 조식용",,식빵,,,2026-09-07,30,-,3
육수가루,재료,양념/조미료,감칠맛/육수,분말 육수베이스,,"감칠맛, 천연조미료, 육수용, 농축육수, 간편식",,육수베이스,,,2026-09-07,-,-,365
몰트,재료,베이킹·제면·디저트용 재료,조리보조 기능성 재료,발효제,효모,"발효향, 구수함, 곡물향, 조리보조, 발효된 맛",,맥아,,,2026-09-07,-,-,180
상황버섯쌀,재료,식재료 원물,버섯류,버섯류,버섯류,,,기능성쌀,,,2026-09-07,-,-,180
한우,재료,식재료 원물,육류/수산/달걀,육류,소고기류,"풍미, 고급육, 마블링, 소고기, 진한맛, 구이용, 선물용","한우 양지, 한우고기",소고기,,,2026-09-07,60,4,-
발사믹식초,재료,양념/조미료,산미 조미,산미 조미,,"산미, 단맛, 진한색, 서양식, 드레싱용, 액상, 고급풍미","발사믹, 발사믹 식초, 화이트발사믹식초, 화이트발사믹 식초",식초,,,2026-09-07,,,365
발사믹글레이즈,재료,양념/조미료,시럽/청류,글레이즈,,"단맛, 산미, 꾸덕함, 코팅감, 서양식, 디저트용, 고급풍미",발사믹 글레이즈,글레이즈,,,2026-09-07,,90,180
캐비어,재료,식재료 원물,육류/수산/달걀,생선류,,"짠맛, 감칠맛, 톡터짐, 바다향, 고급풍미, 수산물, 서양식","캐비아, 철갑상어알",,,,2026-09-07,30,7,-
푸아그라,재료,식재료 원물,육류/수산/달걀,육류,내장류,"고소함, 기름짐, 부드러움, 진한맛, 고급풍미, 내장류, 서양식","거위간, 오리간",,,,2026-09-07,90,3,-
킹크랩,재료,식재료 원물,육류/수산/달걀,갑각류,,"감칠맛, 담백함, 단맛, 바다향, 고급풍미, 갑각류, 수산물","킹크램, 왕게",게,,,2026-09-07,30,2,-
고르곤졸라,재료,유제품,치즈,치즈,,"짠맛, 강한향, 꾸덕함, 발효된 맛, 고급풍미, 치즈류, 서양식","고르곤졸라치즈, 블루치즈",치즈,,,2026-09-07,60,21,-
돼지안심,재료,식재료 원물,육류/수산/달걀,육류,돼지고기류,"부드러움, 저지방, 담백함, 돼지고기, 장조림용, 연함, 대중육","돼지고기 안심, 돼지 안심",돼지고기,,,2026-09-07,90,4,-
돼지등심,재료,식재료 원물,육류/수산/달걀,육류,돼지고기류,"담백함, 저지방, 튀김용, 돼지고기, 결 있음, 대중육, 가열용","돼지고기 등심, 돼지 등심",돼지고기,,,2026-09-07,90,4,-
