"대분류명","중분류명","소분류명","상위식재료코드","상위식재료명","설명"
"가공식품","농산물가공식품","가시오가피","1392298","가시오가피","가격은 1kg당이며, 발주는 0.1kg단위로 가능함 / 맛과 향이 좋음."
"가공식품","농산물가공식품","가지말랭이","1392299","가지말랭이","가격은 1kg당이며, 발주는 0.1kg단위로 가능함 / 국내산 가지를 절단하여 깨끗이 말린 제품"
"가공식품","농산물가공식품","가지말랭이","1392300","가지말랭이","가격은 1kg당이며, 발주는 0.1kg단위로 가능함 / 가지말랭이"
"가공식품","농산물가공식품","가지말랭이","1392301","가지말랭이","가격은 1kg당이며, 발주는 0.1kg단위로 가능함 / 가능"
"가공식품","농산물가공식품","감말랭이","1392302","감말랭이","가격은 1kg당이며, 발주는 0.1kg단위로 가능함 / 국내산 감을 피 제거후 절단하여 깨끝이 말린 제품"
"가공식품","농산물가공식품","감말랭이","1392303","감말랭이","가격은 1kg당이며, 발주는 0.1kg단위로 가능함 / 청도 감을 1/4로 나눠 반건조."
"가공식품","농산물가공식품","감말랭이","1392304","감말랭이","가격은 1kg당이며, 발주는 0.1kg단위로 가능함 / 감말랭이"
"가공식품","농산물가공식품","감자전분","1392305","감자전분","가격은 1kg당이며, 발주는 0.1kg단위로 가능함 / 국산감자 100%로 만든 감자전분이 99%인 제품입니다. 튀김에 바삭거리는 촉감이나 밀가루제품에 쫄깃한 맛을 부여하기 위하여 혼합사용하는 제품입니다"
"가공식품","농산물가공식품","감자전분","1392306","감자전분","가격은 1kg당이며, 발주는 0.1kg단위로 가능함 / 국산감자 100%로 만든 감자전분이 99%인 제품입니다. 튀김에 바삭거리는 촉감이나 밀가루제품에 쫄깃한 맛을 부여하기 위하여 혼합사용하는 제품입니다"
"가공식품","농산물가공식품","감초","1392307","감초","가격은 1kg당이며, 발주는 0.1kg단위로 가능함 / 형태가 잘 잡혀져있으며 향이 좋음. 슬라이스 됨."
"가공식품","농산물가공식품","감초","1392309","감초","가격은 1kg당이며, 발주는 0.1kg단위로 가능함 / 감초"
"가공식품","농산물가공식품","건목이버섯","1392310","건목이버섯","가격은 1kg당이며, 발주는 0.1kg단위로 가능함 / (건)흰목이버섯"
"가공식품","농산물가공식품","건목이버섯","1392311","건목이버섯","가격은 1kg당이며, 발주는 0.1kg단위로 가능함 / 국내산 생목이 깨끗이 말림 제픔"
"가공식품","농산물가공식품","건목이버섯","1392312","건목이버섯","가격은 1kg당이며, 발주는 0.1kg단위로 가능함 / 형태가 잘 잡혀져있으며 색이 좋고 잘 마름."
"가공식품","농산물가공식품","건목이버섯","1392315","건목이버섯","가격은 1kg당이며, 발주는 0.1kg단위로 가능함 / 건목이버섯"
"가공식품","농산물가공식품","건블루베리","1392316","건블루베리","가격은 1kg당이며, 발주는 0.1kg단위로 가능함 / 형태가 잘 잡혀져있으며 색이 좋음."
"가공식품","농산물가공식품","건크렌베리","1392317","건크렌베리","가격은 1kg당이며, 발주는 0.1kg단위로 가능함 / 형태가 잘 잡혀져있으며 색이 좋음."
"가공식품","농산물가공식품","건포도","1392318","건포도","가격은 1kg당이며, 발주는 0.1kg단위로 가능함 / 형태가 잘 잡혀져있으며 색이 좋음."
"가공식품","농산물가공식품","건표고가공품","1392321","건표고가공품","가격은 1kg당이며, 발주는 0.1kg단위로 가능함 / 형태가 잘 잡혀져있으며 깨끗하게 잘 건조됨."
"가공식품","농산물가공식품","건표고가공품","1392323","건표고가공품","가격은 1kg당이며, 발주는 0.1kg단위로 가능함 / 건표고 슬라이스"
"가공식품","농산물가공식품","건표고가공품","1392328","건표고가공품","가격은 1kg당이며, 발주는 0.1kg단위로 가능함 / 건표고버섯"
"가공식품","농산물가공식품","건표고가공품","1392330","건표고가공품","가격은 1kg당이며, 발주는 0.1kg단위로 가능함 / 건표고버섯을 통으로 건조함  향이 진함"
"가공식품","농산물가공식품","건표고가공품","1392340","건표고가공품","가격은 1kg당이며, 발주는 0.1kg단위로 가능함 / 표고기둥을 제거 슬라이스하여 건조"
"가공식품","농산물가공식품","건표고가공품","1392348","건표고가공품","가격은 1kg당이며, 발주는 0.1kg단위로 가능함 / 건표고슬라이스"
"가공식품","농산물가공식품","건표고가공품","1392349","건표고가공품","가격은 1kg당이며, 발주는 0.1kg단위로 가능함 / 건표고칩"
"가공식품","농산물가공식품","검정깨","1392350","검정깨","가격은 1kg당이며, 발주는 0.1kg단위로 가능함 / 중국산 볶음 검정깨로 양념용으로 사용"
"가공식품","농산물가공식품","검정깨","1392351","검정깨","가격은 1kg당이며, 발주는 0.1kg단위로 가능함 / 국내산 볶음 검정깨로 양념용으로 사용"
"가공식품","농산물가공식품","검정깨","1392352","검정깨","가격은 1kg당이며, 발주는 0.1kg단위로 가능함 / 국산검정깨100%"
"가공식품","농산물가공식품","견과류기타","1392353","견과류기타","가격은 1kg당이며, 발주는 0.1kg단위로 가능함 / 맛과 향이 좋음."
"가공식품","농산물가공식품","견과류믹스","1392354","견과류믹서","가격은 1kg당이며, 발주는 0.1kg단위로 가능함 / 땅콩, 호두, 아몬드, 해바라기씨, 호박씨로 구성됨."
"가공식품","농산물가공식품","견과류믹스","1392357","견과류믹서","가격은 1kg당이며, 발주는 0.1kg단위로 가능함 / 땅콩, 호두, 아몬드, 해바라기씨, 호박씨, 케슈넛으로 구성됨."
"가공식품","농산물가공식품","견과류믹스","1392358","견과류믹서","가격은 1kg당이며, 발주는 0.1kg단위로 가능함 / 땅콩, 호두, 아몬드, 해바라기씨, 호박씨, 케슈넛, 헤이즐넛으로 구성됨."
"가공식품","농산물가공식품","결명자","1392359","결명자","가격은 1kg당이며, 발주는 0.1kg단위로 가능함 / 국내산 결명자를 깨끗이 말린 제품"
"가공식품","농산물가공식품","계피","1392360","계피","가격은 1kg당이며, 발주는 0.1kg단위로 가능함 / 맛과 향이 좋음."
"가공식품","농산물가공식품","계피","1392361","계피","가격은 1kg당이며, 발주는 0.1kg단위로 가능함 / 형태가 잘 잡혀져있으며 향이 좋음."
"가공식품","농산물가공식품","계피","1392362","계피","가격은 1kg당이며, 발주는 0.1kg단위로 가능함 / 통계피"
"가공식품","농산물가공식품","계피","1392363","계피","가격은 1kg당이며, 발주는 0.1kg단위로 가능함 / 수입산 통계피"
"가공식품","농산물가공식품","고구마순","1392364","고구마순","가격은 1kg당이며, 발주는 0.1kg단위로 가능함 / 국내산 건고무마순을 세척, 불림, 데침, 선별 , 포장 공정을 거친 제품"
"가공식품","농산물가공식품","고구마순","1392365","고구마순","가격은 1kg당이며, 발주는 0.1kg단위로 가능함 / 고구마순(건데친)"
"가공식품","농산물가공식품","고구마순","1392367","고구마순","가격은 1kg당이며, 발주는 0.1kg단위로 가능함 / 건고구마순 데쳐서 위생 포장 함"
"가공식품","농산물가공식품","고구마순","1392368","고구마순","가격은 1kg당이며, 발주는 0.1kg단위로 가능함 / 가능"
"가공식품","농산물가공식품","고구마전분","1392369","고구마전분","가격은 1kg당이며, 발주는 0.1kg단위로 가능함 / 국산 고구마전분99%와 토종밀가루 1%를 원료로 엄선하여 만든 고구마전분맛은 만두, 국수, 부침, 탕수육, 튀김등 각종조리에 소량 사용하시면 맛과 영양이 풍부하고 좋습니다."
"가공식품","농산물가공식품","고비","1392370","고비","가격은 1kg당이며, 발주는 0.1kg단위로 가능함 / 고비(건데친)"
"가공식품","농산물가공식품","고사리가공품","1392371","고사리가공품","가격은 1kg당이며, 발주는 0.1kg단위로 가능함 / 가능"
"가공식품","농산물가공식품","고사리가공품","1392372","고사리가공품","가격은 1kg당이며, 발주는 0.1kg단위로 가능함 / 4월~월에 수확한 초벌고사리만 사용해 줄기가 연하고 식감이 쫄깃합"
"가공식품","농산물가공식품","고사리가공품","1392375","고사리가공품","가격은 1kg당이며, 발주는 0.1kg단위로 가능함 / 고사리(데친)"
"가공식품","농산물가공식품","고사리가공품","1392377","고사리가공품","가격은 1kg당이며, 발주는 0.1kg단위로 가능함 / 고사리(데친/haccp인증)"
"가공식품","농산물가공식품","고추가공품","1392378","고추가공품","가격은 1kg당이며, 발주는 0.1kg단위로 가능함 / 건고추잎"
"가공식품","농산물가공식품","고추가공품","1392379","고추가공품","가격은 1kg당이며, 발주는 0.1kg단위로 가능함 / 깨끗하게 잘 마르고 색이 진함."
"가공식품","농산물가공식품","고추가공품","1392381","고추가공품","가격은 1kg당이며, 발주는 0.1kg단위로 가능함 / 건홍고추"
"가공식품","농산물가공식품","고추가공품","1392383","고추가공품","가격은 1kg당이며, 발주는 0.1kg단위로 가능함 / 건홍고추(꼭지제거)"
"가공식품","농산물가공식품","고추가공품","1392384","고추가공품","가격은 1kg당이며, 발주는 0.1kg단위로 가능함 / 마른 고추"
"가공식품","농산물가공식품","고추가공품","1392385","고추가공품","가격은 1kg당이며, 발주는 0.1kg단위로 가능함 / 맛과 향이 좋음."
"가공식품","농산물가공식품","고추나물","1392387","고추나물","가격은 1kg당이며, 발주는 0.1kg단위로 가능함 / 무말랭이 무침할때 고명으로 사용"
"가공식품","농산물가공식품","고추나물","1392388","고추나물","가격은 1kg당이며, 발주는 0.1kg단위로 가능함 / 고추나물(데친)"
"가공식품","농산물가공식품","고춧가루","1392389","고춧가루","가격은 1kg당이며, 발주는 0.1kg단위로 가능함 / 국내산 고춧가루로 양념용으로 사용"
"가공식품","농산물가공식품","고춧가루","1392393","고춧가루","가격은 1kg당이며, 발주는 0.1kg단위로 가능함 / 국내산 고춧가루로 양념용으로 사용/태양초"
"가공식품","농산물가공식품","고춧가루","1392394","고춧가루","가격은 1kg당이며, 발주는 0.1kg단위로 가능함 / 국산고추100%. 세절고추 .Haccp인증. 저온건조. 수세척. 비타민C"
"가공식품","농산물가공식품","고춧가루","1392398","고춧가루","가격은 1kg당이며, 발주는 0.1kg단위로 가능함 / 국산고추100%. Haccp인증"
"가공식품","농산물가공식품","고춧가루","1392401","고춧가루","가격은 1kg당이며, 발주는 0.1kg단위로 가능함 / 국산 건고추 100%"
"가공식품","농산물가공식품","곤드레","1392405","곤드레","가격은 1kg당이며, 발주는 0.1kg단위로 가능함 / 건곤드레"
"가공식품","농산물가공식품","곤드레","1392407","곤드레","가격은 1kg당이며, 발주는 0.1kg단위로 가능함 / 가능"
"가공식품","농산물가공식품","곤드레","1392409","곤드레","가격은 1kg당이며, 발주는 0.1kg단위로 가능함 / 곤드레(건데친)"
"가공식품","농산물가공식품","곤드레","1392413","곤드레","가격은 1kg당이며, 발주는 0.1kg단위로 가능함 / 건곤드레를 데쳐 깊은 맛이 남"
"가공식품","농산물가공식품","곤드레","1392417","곤드레","가격은 1kg당이며, 발주는 0.1kg단위로 가능함 / 곤드레(데친)"
"가공식품","농산물가공식품","곤드레","1392423","곤드레","가격은 1kg당이며, 발주는 0.1kg단위로 가능함 / 향이 강하지 않고 조리법이 다양함"
"가공식품","농산물가공식품","구기자","1392427","구기자","가격은 1kg당이며, 발주는 0.1kg단위로 가능함 / 맛과 향이 좋음."
"가공식품","농산물가공식품","기타","1392429","기타","가격은 1kg당이며, 발주는 0.1kg단위로 가능함 / 가능"
"가공식품","농산물가공식품","기타","1392430","기타","가격은 1kg당이며, 발주는 0.1kg단위로 가능함 / 가능"
"가공식품","농산물가공식품","기타","1392431","기타","가격은 1kg당이며, 발주는 0.1kg단위로 가능함 / 가능"
"가공식품","농산물가공식품","기타","1392432","기타","가격은 1kg당이며, 발주는 0.1kg단위로 가능함 / 냉동완두콩"
"가공식품","농산물가공식품","기타","1392433","기타","가격은 1kg당이며, 발주는 0.1kg단위로 가능함 / 가능"
"가공식품","농산물가공식품","깻잎가공품","1392434","깻잎가공품","가격은 1kg당이며, 발주는 0.1kg단위로 가능함 / 깻잎순(데친)"
"가공식품","농산물가공식품","깻잎가공품","1392435","깻잎가공품","가격은 1kg당이며, 발주는 0.1kg단위로 가능함 / 순바라깻잎(데친)"
"가공식품","농산물가공식품","냉동옥수수알","1392436","냉동옥수수알","가격은 1kg당이며, 발주는 0.1kg단위로 가능함 / 냉동 옥수수알"
"가공식품","농산물가공식품","냉이가공품","1392437","냉이가공품","가격은 1kg당이며, 발주는 0.1kg단위로 가능함 / 세척 냉이"
"가공식품","농산물가공식품","냉이가공품","1392438","냉이가공품","가격은 1kg당이며, 발주는 0.1kg단위로 가능함 / 냉이(손질)"
"가공식품","농산물가공식품","냉이가공품","1392439","냉이가공품","가격은 1kg당이며, 발주는 0.1kg단위로 가능함 / 냉이(손질)"
"가공식품","농산물가공식품","녹두가루","1392440","녹두가루","가격은 1kg당이며, 발주는 0.1kg단위로 가능함 / 국산녹두 100% 순수 국산 녹두를 도정하고 분쇄하여 분말로 만든제품 눅두죽이나 빈대떡을 만드는데 바로 이용할 수 있는 제품입니다."
"가공식품","농산물가공식품","눈개승마","1392441","눈개승마","가격은 1kg당이며, 발주는 0.1kg단위로 가능함 / 가능"
"가공식품","농산물가공식품","늙은호박","1392442","늙은호박","가격은 1kg당이며, 발주는 0.1kg단위로 가능함 / 늙은호박(죽용)"
"가공식품","농산물가공식품","늙은호박","1392443","늙은호박","가격은 1kg당이며, 발주는 0.1kg단위로 가능함 / 가능"
"가공식품","농산물가공식품","늙은호박","1392444","늙은호박","가격은 1kg당이며, 발주는 0.1kg단위로 가능함 / 늙은호박(찜용)"
"가공식품","농산물가공식품","늙은호박","1392445","늙은호박","가격은 1kg당이며, 발주는 0.1kg단위로 가능함 / 가능"
"가공식품","농산물가공식품","늙은호박","1392446","늙은호박","가격은 1kg당이며, 발주는 0.1kg단위로 가능함 / 늙은호박(채)"
"가공식품","농산물가공식품","늙은호박","1392447","늙은호박","가격은 1kg당이며, 발주는 0.1kg단위로 가능함 / 가능"
"가공식품","농산물가공식품","단감가공품","1392448","단감가공품","가격은 1kg당이며, 발주는 0.1kg단위로 가능함 / 반달 조각낸 단감"
"가공식품","농산물가공식품","단감가공품","1392449","단감가공품","가격은 1kg당이며, 발주는 0.1kg단위로 가능함 / 반달 조각낸 단감"
"가공식품","농산물가공식품","단감가공품","1392450","단감가공품","가격은 1kg당이며, 발주는 0.1kg단위로 가능함 / 깍둑썰기 단감"
"가공식품","농산물가공식품","단감가공품","1392451","단감가공품","가격은 1kg당이며, 발주는 0.1kg단위로 가능함 / 신선편의식품"
"가공식품","농산물가공식품","단감가공품","1392452","단감가공품","가격은 1kg당이며, 발주는 0.1kg단위로 가능함 / 신선편의식품"
"가공식품","농산물가공식품","달걀","1392453","달걀","가격은 1kg당이며, 발주는 0.1kg단위로 가능함 / 1등급 식용란1"
"가공식품","농산물가공식품","달걀","1392454","달걀","가격은 1kg당이며, 발주는 0.1kg단위로 가능함 / 1등급 식용란2"
"가공식품","농산물가공식품","달걀","1392455","달걀","가격은 1kg당이며, 발주는 0.1kg단위로 가능함 / 1등급 식용란3"
"가공식품","농산물가공식품","달걀","1392456","달걀","가격은 1kg당이며, 발주는 0.1kg단위로 가능함 / 1등급 식용란"
"가공식품","농산물가공식품","달걀","1392457","달걀","가격은 1kg당이며, 발주는 0.1kg단위로 가능함 / 10개입(600g), 농협 ,HACCP, 무항생제, 1+등급"
"가공식품","농산물가공식품","달걀","1392458","달걀","가격은 1kg당이며, 발주는 0.1kg단위로 가능함 / 30개입(1800g), 농협, HACCP, 무항생제, 1+등급"
"가공식품","농산물가공식품","달걀","1392459","달걀","가격은 1kg당이며, 발주는 0.1kg단위로 가능함 / 1등급 식용란, 무항생제"
"가공식품","농산물가공식품","달걀","1392460","달걀","가격은 1kg당이며, 발주는 0.1kg단위로 가능함 / 1등급 식용란1"
"가공식품","농산물가공식품","달걀","1392461","달걀","가격은 1kg당이며, 발주는 0.1kg단위로 가능함 / 1등급 식용란2"
"가공식품","농산물가공식품","달걀","1392462","달걀","가격은 1kg당이며, 발주는 0.1kg단위로 가능함 / 1등급 식용란1"
"가공식품","농산물가공식품","달걀","1392463","달걀","가격은 1kg당이며, 발주는 0.1kg단위로 가능함 / 1등급 식용란2"
"가공식품","농산물가공식품","달걀","1392464","달걀","가격은 1kg당이며, 발주는 0.1kg단위로 가능함 / 1등급 식용란3"
"가공식품","농산물가공식품","달걀","1392465","달걀","가격은 1kg당이며, 발주는 0.1kg단위로 가능함 / 1등급 특란 30구"
"가공식품","농산물가공식품","당귀","1392466","당귀","가격은 1kg당이며, 발주는 0.1kg단위로 가능함 / 국내산 당귀을 깨끗하게 건조하여 선별한 제품"
"가공식품","농산물가공식품","당귀","1392467","당귀","가격은 1kg당이며, 발주는 0.1kg단위로 가능함 / 맛과 향이 좋음."
"가공식품","농산물가공식품","대추가공품","1392468","대추가공품","가격은 1kg당이며, 발주는 0.1kg단위로 가능함 / 깨끗하게 잘 마르고 색이 좋음."
"가공식품","농산물가공식품","대추가공품","1392469","대추가공품","가격은 1kg당이며, 발주는 0.1kg단위로 가능함 / 깨끗하게 잘 마르고 색이 좋음."
"가공식품","농산물가공식품","대추가공품","1392470","대추가공품","가격은 1kg당이며, 발주는 0.1kg단위로 가능함 / 깨끗하게 잘 마르고 색이 좋음."
"가공식품","농산물가공식품","대추가공품","1392471","대추가공품","가격은 1kg당이며, 발주는 0.1kg단위로 가능함 / 깨끗하게 잘 마르고 색이 좋음."
"가공식품","농산물가공식품","대추가공품","1392472","대추가공품","가격은 1kg당이며, 발주는 0.1kg단위로 가능함 / 깨끗하게 잘 마르고 색이 좋음."
"가공식품","농산물가공식품","대파가공품","1392473","대파가공품","가격은 1kg당이며, 발주는 0.1kg단위로 가능함 / 대파채"
"가공식품","농산물가공식품","대파가공품","1392474","대파가공품","가격은 1kg당이며, 발주는 0.1kg단위로 가능함 / 대파채"
"가공식품","농산물가공식품","대파가공품","1392475","대파가공품","가격은 1kg당이며, 발주는 0.1kg단위로 가능함 / 대파채"
"가공식품","농산물가공식품","대파가공품","1392476","대파가공품","가격은 1kg당이며, 발주는 0.1kg단위로 가능함 / 가능"
"가공식품","농산물가공식품","더덕","1392477","더덕","가격은 1kg당이며, 발주는 0.1kg단위로 가능함 / 깐더덕"
"가공식품","농산물가공식품","더덕","1392478","더덕","가격은 1kg당이며, 발주는 0.1kg단위로 가능함 / 가능"
"가공식품","농산물가공식품","더덕","1392479","더덕","가격은 1kg당이며, 발주는 0.1kg단위로 가능함 / 더덕(눌린것)"
"가공식품","농산물가공식품","더덕","1392480","더덕","가격은 1kg당이며, 발주는 0.1kg단위로 가능함 / 가능"
"가공식품","농산물가공식품","더덕","1392481","더덕","가격은 1kg당이며, 발주는 0.1kg단위로 가능함 / 더덕실채"
"가공식품","농산물가공식품","더덕","1392482","더덕","가격은 1kg당이며, 발주는 0.1kg단위로 가능함 / 가능"
"가공식품","농산물가공식품","더덕","1392483","더덕","가격은 1kg당이며, 발주는 0.1kg단위로 가능함 / 더덕채"
"가공식품","농산물가공식품","더덕","1392484","더덕","가격은 1kg당이며, 발주는 0.1kg단위로 가능함 / 가능"
"가공식품","농산물가공식품","더덕","1392485","더덕","가격은 1kg당이며, 발주는 0.1kg단위로 가능함 / 더덕을 깨끗하게 세척후 채썰음"
"농산물","과일과채류","방울토마토","1393052","방울토마토","가격은 1kg당이며, 발주는 0.1kg단위로 가능함/팩당750g"
"가공식품","농산물가공식품","도라지가공품","1392486","도라지가공품","가격은 1kg당이며, 발주는 0.1kg단위로 가능함 / 도톰한 부위를 2~3cm절단 (두꺼운것은 쪼갬)"
"가공식품","농산물가공식품","도라지가공품","1392487","도라지가공품","가격은 1kg당이며, 발주는 0.1kg단위로 가능함 / 통도라지를 눌림"
"가공식품","농산물가공식품","도라지가공품","1392488","도라지가공품","가격은 1kg당이며, 발주는 0.1kg단위로 가능함 / 도라지(강정용)"
"가공식품","농산물가공식품","도라지가공품","1392489","도라지가공품","가격은 1kg당이며, 발주는 0.1kg단위로 가능함 / 도라지(강정용)"
"가공식품","농산물가공식품","도라지가공품","1392490","도라지가공품","가격은 1kg당이며, 발주는 0.1kg단위로 가능함 / 가능"
"가공식품","농산물가공식품","도라지가공품","1392491","도라지가공품","가격은 1kg당이며, 발주는 0.1kg단위로 가능함 / 껍질제거하여 위생포장 합"
"가공식품","농산물가공식품","도라지가공품","1392492","도라지가공품","가격은 1kg당이며, 발주는 0.1kg단위로 가능함 / 도라지(눌린것)"
"가공식품","농산물가공식품","도라지가공품","1392493","도라지가공품","가격은 1kg당이며, 발주는 0.1kg단위로 가능함 / 도라지(눌린것)"
"가공식품","농산물가공식품","도라지가공품","1392494","도라지가공품","가격은 1kg당이며, 발주는 0.1kg단위로 가능함 / 가능"
"가공식품","농산물가공식품","도라지가공품","1392495","도라지가공품","가격은 1kg당이며, 발주는 0.1kg단위로 가능함 / 가능"
"가공식품","농산물가공식품","도라지가공품","1392496","도라지가공품","가격은 1kg당이며, 발주는 0.1kg단위로 가능함 / 가능"
"가공식품","농산물가공식품","도라지가공품","1392497","도라지가공품","가격은 1kg당이며, 발주는 0.1kg단위로 가능함 / 가능"
"가공식품","농산물가공식품","도라지가공품","1392498","도라지가공품","가격은 1kg당이며, 발주는 0.1kg단위로 가능함 / 실채도라지"
"가공식품","농산물가공식품","도라지가공품","1392499","도라지가공품","가격은 1kg당이며, 발주는 0.1kg단위로 가능함 / 실채도라지"
"가공식품","농산물가공식품","도라지가공품","1392500","도라지가공품","가격은 1kg당이며, 발주는 0.1kg단위로 가능함 / 실채도라지"
"가공식품","농산물가공식품","도라지가공품","1392501","도라지가공품","가격은 1kg당이며, 발주는 0.1kg단위로 가능함 / 가능"
"가공식품","농산물가공식품","도라지가공품","1392502","도라지가공품","가격은 1kg당이며, 발주는 0.1kg단위로 가능함 / 세척후 무채처럼 가늘게 채썰음"
"가공식품","농산물가공식품","도라지가공품","1392503","도라지가공품","가격은 1kg당이며, 발주는 0.1kg단위로 가능함 / 세척후 무채처럼 가늘게 채썰음"
"가공식품","농산물가공식품","도라지가공품","1392504","도라지가공품","가격은 1kg당이며, 발주는 0.1kg단위로 가능함 / 채도라지"
"가공식품","농산물가공식품","도라지가공품","1392505","도라지가공품","가격은 1kg당이며, 발주는 0.1kg단위로 가능함 / 채도라지"
"가공식품","농산물가공식품","도라지가공품","1392506","도라지가공품","가격은 1kg당이며, 발주는 0.1kg단위로 가능함 / 채도라지"
"가공식품","농산물가공식품","도라지가공품","1392507","도라지가공품","가격은 1kg당이며, 발주는 0.1kg단위로 가능함 / 가능"
"가공식품","농산물가공식품","도라지가공품","1392508","도라지가공품","가격은 1kg당이며, 발주는 0.1kg단위로 가능함 / 세척후 채썰음"
"가공식품","농산물가공식품","도라지가공품","1392509","도라지가공품","가격은 1kg당이며, 발주는 0.1kg단위로 가능함 / 세척후 채썰음"
"가공식품","농산물가공식품","도라지가공품","1392510","도라지가공품","가격은 1kg당이며, 발주는 0.1kg단위로 가능함 / 가능"
"가공식품","농산물가공식품","도라지가공품","1392511","도라지가공품","가격은 1kg당이며, 발주는 0.1kg단위로 가능함 / 가능"
"가공식품","농산물가공식품","도라지가공품","1392512","도라지가공품","가격은 1kg당이며, 발주는 0.1kg단위로 가능함 / 가능"
"가공식품","농산물가공식품","도라지가공품","1392513","도라지가공품","가격은 1kg당이며, 발주는 0.1kg단위로 가능함 / 가능"
"가공식품","농산물가공식품","도라지가공품","1392514","도라지가공품","가격은 1kg당이며, 발주는 0.1kg단위로 가능함 / 가능"
"가공식품","농산물가공식품","도라지가공품","1392515","도라지가공품","가격은 1kg당이며, 발주는 0.1kg단위로 가능함 / 가능"
"가공식품","농산물가공식품","도라지가공품","1392516","도라지가공품","가격은 1kg당이며, 발주는 0.1kg단위로 가능함 / 가능"
"가공식품","농산물가공식품","도라지가공품","1392517","도라지가공품","가격은 1kg당이며, 발주는 0.1kg단위로 가능함 / 가능"
"가공식품","농산물가공식품","도라지가공품","1392518","도라지가공품","가격은 1kg당이며, 발주는 0.1kg단위로 가능함 // 가능"
"가공식품","농산물가공식품","도라지가공품","1392519","도라지가공품","가격은 1kg당이며, 발주는 0.1kg단위로 가능함 / 가능"
"가공식품","농산물가공식품","도라지가공품","1392520","도라지가공품","가격은 1kg당이며, 발주는 0.1kg단위로 가능함 / 통도라지"
"가공식품","농산물가공식품","도라지가공품","1392521","도라지가공품","가격은 1kg당이며, 발주는 0.1kg단위로 가능함 / 통도라지"
"가공식품","농산물가공식품","도라지가공품","1392522","도라지가공품","가격은 1kg당이며, 발주는 0.1kg단위로 가능함 / 가능"
"가공식품","농산물가공식품","도라지가공품","1392523","도라지가공품","가격은 1kg당이며, 발주는 0.1kg단위로 가능함 / 껍질 제거하여 위생포장 함"
"가공식품","농산물가공식품","도라지가공품","1392524","도라지가공품","가격은 1kg당이며, 발주는 0.1kg단위로 가능함 / 떡국떡 모양으로 슬라이스"
"가공식품","농산물가공식품","들기름","1392541","들기름","가격은 1kg당이며, 발주는 0.1kg단위로 가능함 / 국내산 들깨를 착유한 것으로 조리용으로 사용"
"가공식품","농산물가공식품","들기름","1392542","들기름","가격은 1kg당이며, 발주는 0.1kg단위로 가능함 / 중국산 들깨를 착유한 것으로 조리용으로 사용"
"가공식품","농산물가공식품","들기름","1392543","들기름","가격은 1kg당이며, 발주는 0.1kg단위로 가능함 / 국산들깨100%"
"가공식품","농산물가공식품","들기름","1392544","들기름","가격은 1kg당이며, 발주는 0.1kg단위로 가능함 / 국산 들깨 100%"
"가공식품","농산물가공식품","들깨가루","1392545","들깨가루","가격은 1kg당이며, 발주는 0.1kg단위로 가능함 / 국내산 들깨의 껍질을 벗겨내어 곱게 한것으로 조리용으로 사용"
"가공식품","농산물가공식품","들깨가루","1392546","들깨가루","가격은 1kg당이며, 발주는 0.1kg단위로 가능함 / 국산 들깨 100% 선식이나 미숫가루에 적당량을 섞어 먹거나, 들깨차로 들깨가루(5) 설탕(1) 비율로 물이나 우유에 타 드시면 됩니다. 미역국, 토란국, 우거지국, 탕 나물무침에 적당량을 넣으면 좋습니다. "
"가공식품","농산물가공식품","들깨가루","1392547","들깨가루","가격은 1kg당이며, 발주는 0.1kg단위로 가능함 / 국산 들깨 100% 선식이나 미숫가루에 적당량을 섞어 먹거나, 들깨차로 들깨가루(5) 설탕(1) 비율로 물이나 우유에 타 드시면 됩니다. 미역국, 토란국, 우거지국, 탕 나물무침에 적당량을 넣으면 좋습니다. "
"가공식품","농산물가공식품","들깨가루","1392548","들깨가루","가격은 1kg당이며, 발주는 0.1kg단위로 가능함 / 국산 들깨 100% 선식이나 미숫가루에 적당량을 섞어 먹거나, 들깨차로 들깨가루(5) 설탕(1) 비율로 물이나 우유에 타 드시면 됩니다. 미역국, 토란국, 우거지국, 탕 나물무침에 적당량을 넣으면 좋습니다. "
"가공식품","농산물가공식품","들깨가루","1392549","들깨가루","가격은 1kg당이며, 발주는 0.1kg단위로 가능함 / 국산 들깨 100% 선식이나 미숫가루에 적당량을 섞어 먹거나, 들깨차로 들깨가루(5) 설탕(1) 비율로 물이나 우유에 타 드시면 됩니다. 미역국, 토란국, 우거지국, 탕 나물무침에 적당량을 넣으면 좋습니다. "
"가공식품","농산물가공식품","들깨가루","1392550","들깨가루","가격은 1kg당이며, 발주는 0.1kg단위로 가능함 / 국산 들깨 100% 선식이나 미숫가루에 적당량을 섞어 먹거나, 들깨차로 들깨가루(5) 설탕(1) 비율로 물이나 우유에 타 드시면 됩니다. 미역국, 토란국, 우거지국, 탕 나물무침에 적당량을 넣으면 좋습니다. "
"가공식품","농산물가공식품","들깨가루","1392551","들깨가루","가격은 1kg당이며, 발주는 0.1kg단위로 가능함 / 국산 들깨 100% 선식이나 미숫가루에 적당량을 섞어 먹거나, 들깨차로 들깨가루(5) 설탕(1) 비율로 물이나 우유에 타 드시면 됩니다. 미역국, 토란국, 우거지국, 탕 나물무침에 적당량을 넣으면 좋습니다. "
"가공식품","농산물가공식품","들깨가루","1392552","들깨가루","가격은 1kg당이며, 발주는 0.1kg단위로 가능함 / 국산들깨100%"
"가공식품","농산물가공식품","들깨가루","1392553","들깨가루","가격은 1kg당이며, 발주는 0.1kg단위로 가능함 / 국산들깨100%"
"가공식품","농산물가공식품","들깨가루","1392554","들깨가루","가격은 1kg당이며, 발주는 0.1kg단위로 가능함 / 국산들깨100%"
"가공식품","농산물가공식품","들깨가루","1392555","들깨가루","가격은 1kg당이며, 발주는 0.1kg단위로 가능함 / 들깨 국산 100%"
"가공식품","농산물가공식품","들깨가루","1392556","들깨가루","가격은 1kg당이며, 발주는 0.1kg단위로 가능함 / 들깨 국산 100%"
"가공식품","농산물가공식품","땅콩","1392557","땅콩","가격은 1kg당이며, 발주는 0.1kg단위로 가능함 / 국내산 볶은땅콩 속피를 탈거한 반알 제품"
"가공식품","농산물가공식품","땅콩","1392558","땅콩","가격은 1kg당이며, 발주는 0.1kg단위로 가능함 / 국내산 볶은땅콩 속피를 탈거한 후 분쇄한 제품"
"가공식품","농산물가공식품","땅콩","1392559","땅콩","가격은 1kg당이며, 발주는 0.1kg단위로 가능함 / 깨끗하게 잘 건조되어 고소함."
"가공식품","농산물가공식품","땅콩","1392560","땅콩","가격은 1kg당이며, 발주는 0.1kg단위로 가능함 / 볶음땅콩반태"
"가공식품","농산물가공식품","땅콩","1392561","땅콩","가격은 1kg당이며, 발주는 0.1kg단위로 가능함 / 깨끗하게 잘 건조되어 고소함."
"가공식품","농산물가공식품","땅콩","1392562","땅콩","가격은 1kg당이며, 발주는 0.1kg단위로 가능함 / 깨끗하게 잘 건조되어 고소함."
"가공식품","농산물가공식품","땅콩","1392563","땅콩","가격은 1kg당이며, 발주는 0.1kg단위로 가능함 / 볶음땅콩조각(분태)"
"가공식품","농산물가공식품","땅콩","1392564","땅콩","가격은 1kg당이며, 발주는 0.1kg단위로 가능함 / 깨끗하게 잘 건조되어 고소함."
"가공식품","농산물가공식품","땅콩","1392565","땅콩","가격은 1kg당이며, 발주는 0.1kg단위로 가능함 / 단단하고 고소함."
"가공식품","농산물가공식품","땅콩","1392566","땅콩","가격은 1kg당이며, 발주는 0.1kg단위로 가능함 / 국내산 생땅콩을 선별한 제품"
"가공식품","농산물가공식품","땅콩","1392567","땅콩","가격은 1kg당이며, 발주는 0.1kg단위로 가능함 / 알이 통통하고 신선함."
"가공식품","농산물가공식품","땅콩","1392568","땅콩","가격은 1kg당이며, 발주는 0.1kg단위로 가능함 / 생땅콩"
"가공식품","농산물가공식품","마늘쫑가공품","1392569","마늘쫑가공품","가격은 1kg당이며, 발주는 0.1kg단위로 가능함 / 마늘쫑"
"가공식품","농산물가공식품","마늘쫑가공품","1392570","마늘쫑가공품","가격은 1kg당이며, 발주는 0.1kg단위로 가능함 / 마늘쫑/5cm절단"
"가공식품","농산물가공식품","매실액","1392582","매실액","가격은 1kg당이며, 발주는 0.1kg단위로 가능함 / 국산매실 50% 황백당50% 싱싱하고 깨끗한 국산 청매실을 옛 옹기에 담아 숙성시킨 원액만을 사용하여 맛이 깊고 진합니다."
"가공식품","농산물가공식품","매실액","1392583","매실액","가격은 1kg당이며, 발주는 0.1kg단위로 가능함 / 국산매실 50% 황백당50% 싱싱하고 깨끗한 국산 청매실을 옛 옹기에 담아 숙성시킨 원액만을 사용하여 맛이 깊고 진합니다."
"가공식품","농산물가공식품","매실액","1392584","매실액","가격은 1kg당이며, 발주는 0.1kg단위로 가능함 / 국산매실 50% 황백당50% 싱싱하고 깨끗한 국산 청매실을 옛 옹기에 담아 숙성시킨 원액만을 사용하여 맛이 깊고 진합니다."
"가공식품","농산물가공식품","머위나물","1392585","머위나물","가격은 1kg당이며, 발주는 0.1kg단위로 가능함 / 가능"
"가공식품","농산물가공식품","메론가공품","1392586","메론가공품","가격은 1kg당이며, 발주는 0.1kg단위로 가능함 / 깍둑썰기 메론"
"가공식품","농산물가공식품","메론가공품","1392587","메론가공품","가격은 1kg당이며, 발주는 0.1kg단위로 가능함 / 반달 조각낸 세지메론"
"농산물","과일류","사과","1393118","사과","가격은 1kg당이며, 발주는 0.1kg단위로 가능함/270g내외"
"가공식품","농산물가공식품","메론가공품","1392588","메론가공품","가격은 1kg당이며, 발주는 0.1kg단위로 가능함 / 반달 조각낸 세지메론"
"가공식품","농산물가공식품","메론가공품","1392589","메론가공품","가격은 1kg당이며, 발주는 0.1kg단위로 가능함 / 반달 조각낸 세지메론"
"가공식품","농산물가공식품","메론가공품","1392590","메론가공품","가격은 1kg당이며, 발주는 0.1kg단위로 가능함 / 반달 조각낸 세지메론"
"가공식품","농산물가공식품","메론가공품","1392591","메론가공품","가격은 1kg당이며, 발주는 0.1kg단위로 가능함 / 깍둑썰기 세지메론"
"가공식품","농산물가공식품","메론가공품","1392592","메론가공품","가격은 1kg당이며, 발주는 0.1kg단위로 가능함 / 반달 조각낸 메론"
"가공식품","농산물가공식품","메론가공품","1392593","메론가공품","가격은 1kg당이며, 발주는 0.1kg단위로 가능함 / 반달 조각낸 메론"
"가공식품","농산물가공식품","메론가공품","1392594","메론가공품","가격은 1kg당이며, 발주는 0.1kg단위로 가능함 / 반달 조각낸 메론"
"가공식품","농산물가공식품","메론가공품","1392595","메론가공품","가격은 1kg당이며, 발주는 0.1kg단위로 가능함 / 반달 조각낸 메론"
"가공식품","농산물가공식품","메론가공품","1392596","메론가공품","가격은 1kg당이며, 발주는 0.1kg단위로 가능함 / 신선편의식품"
"가공식품","농산물가공식품","메론가공품","1392597","메론가공품","가격은 1kg당이며, 발주는 0.1kg단위로 가능함 / 신선편의식품"
"가공식품","농산물가공식품","메론가공품","1392598","메론가공품","가격은 1kg당이며, 발주는 0.1kg단위로 가능함 / 신선편의식품"
"가공식품","농산물가공식품","메론가공품","1392599","메론가공품","가격은 1kg당이며, 발주는 0.1kg단위로 가능함 / 신선편의식품"
"가공식품","농산물가공식품","메밀가루","1392600","메밀가루","가격은 1kg당이며, 발주는 0.1kg단위로 가능함 / 국산 메밀쌀 100% 메밀의 풍부한 영양을 함께 느낄 수 있는 제품. 부침은 물론 칼국수, 수제비, 등에 사용하시면 메밀 고유의 풍미를 느낄 수 있습니다. 부침요리를 할때는 반구한 뒤 2-3시간 정도 충분히 불린 후에 요리하면 좋습니다. "
"가공식품","농산물가공식품","모듬과일","1392601","모듬과일","가격은 1kg당이며, 발주는 0.1kg단위로 가능함 / 포도+방울+키위 구성으로 중량, 비율에 맞게 컵포장"
"가공식품","농산물가공식품","모듬과일","1392602","모듬과일","가격은 1kg당이며, 발주는 0.1kg단위로 가능함 / 포도+방울+키위 구성으로 중량, 비율에 맞게 컵포장"
"가공식품","농산물가공식품","모듬과일","1392603","모듬과일","가격은 1kg당이며, 발주는 0.1kg단위로 가능함 / 포도+방울+키위 구성으로 중량, 비율에 맞게 컵포장"
"가공식품","농산물가공식품","무말랭이가공품","1392604","무말랭이가공품","가격은 1kg당이며, 발주는 0.1kg단위로 가능함 / 건무말랭이"
"가공식품","농산물가공식품","무말랭이가공품","1392605","무말랭이가공품","가격은 1kg당이며, 발주는 0.1kg단위로 가능함 / 가능"
"가공식품","농산물가공식품","무말랭이가공품","1392606","무말랭이가공품","가격은 1kg당이며, 발주는 0.1kg단위로 가능함 / 가을무로 건조"
"가공식품","농산물가공식품","무말랭이가공품","1392607","무말랭이가공품","가격은 1kg당이며, 발주는 0.1kg단위로 가능함 / 무말랭이"
"가공식품","농산물가공식품","무시래기가공품","1392608","무시래기가공품","가격은 1kg당이며, 발주는 0.1kg단위로 가능함 / 건무시래기"
"가공식품","농산물가공식품","무시래기가공품","1392609","무시래기가공품","가격은 1kg당이며, 발주는 0.1kg단위로 가능함 / 가능"
"가공식품","농산물가공식품","무시래기가공품","1392610","무시래기가공품","가격은 1kg당이며, 발주는 0.1kg단위로 가능함 / 가능"
"가공식품","농산물가공식품","무시래기가공품","1392611","무시래기가공품","가격은 1kg당이며, 발주는 0.1kg단위로 가능함 / 가능"
"가공식품","농산물가공식품","무시래기가공품","1392612","무시래기가공품","가격은 1kg당이며, 발주는 0.1kg단위로 가능함 / 가능"
"가공식품","농산물가공식품","무시래기가공품","1392613","무시래기가공품","가격은 1kg당이며, 발주는 0.1kg단위로 가능함 / 무시래기(건데친)"
"가공식품","농산물가공식품","무시래기가공품","1392614","무시래기가공품","가격은 1kg당이며, 발주는 0.1kg단위로 가능함 / 가능"
"가공식품","농산물가공식품","무시래기가공품","1392615","무시래기가공품","가격은 1kg당이며, 발주는 0.1kg단위로 가능함 / 가능"
"가공식품","농산물가공식품","무시래기가공품","1392616","무시래기가공품","가격은 1kg당이며, 발주는 0.1kg단위로 가능함 / 가을 무청으로 말려서 구수한 맛이 남"
"가공식품","농산물가공식품","무시래기가공품","1392617","무시래기가공품","가격은 1kg당이며, 발주는 0.1kg단위로 가능함 / 가을 무청으로 말려서 구수한 맛이 남"
"가공식품","농산물가공식품","무시래기가공품","1392618","무시래기가공품","가격은 1kg당이며, 발주는 0.1kg단위로 가능함 / 무시래기(데친)"
"가공식품","농산물가공식품","무시래기가공품","1392619","무시래기가공품","가격은 1kg당이며, 발주는 0.1kg단위로 가능함 / 가능"
"가공식품","농산물가공식품","무시래기가공품","1392620","무시래기가공품","가격은 1kg당이며, 발주는 0.1kg단위로 가능함 / 가능"
"가공식품","농산물가공식품","무화과가공품","1392621","무화과","가격은 1kg당이며, 발주는 0.1kg단위로 가능함 / 맛과 향이 좋음."
"가공식품","농산물가공식품","묵가루","1392622","묵가루","가격은 1kg당이며, 발주는 0.1kg단위로 가능함 / 국산토토리100% 농협가공공장에서 전통의 방식대로 가공된 식품으로 100% 국산 도토리를 엄선하여 제조한 도토리전분입니다. "
"가공식품","농산물가공식품","미숫가루","1392623","미숫가루","가격은 1kg당이며, 발주는 0.1kg단위로 가능함 / 국산 잡곡(9곡) 100% 물이나 우유에 미숫가루 적당량을 혼합아여 드시거나 취향에 따라 감미료를 첨가하여 드시면 좋습니다. "
"가공식품","농산물가공식품","바나나가공품","1392624","바나나가공품","가격은 1kg당이며, 발주는 0.1kg단위로 가능함 / 잘 건조되어 고소함."
"가공식품","농산물가공식품","반건시","1392625","반건시","가격은 1kg당이며, 발주는 0.1kg단위로 가능함 / 청도 감을 건조해서 말랑말랑함."
"가공식품","농산물가공식품","밤가공품","1392626","밤가공품","가격은 1kg당이며, 발주는 0.1kg단위로 가능함 / 껍질제거"
"가공식품","농산물가공식품","밤가공품","1392627","밤가공품","가격은 1kg당이며, 발주는 0.1kg단위로 가능함 / 껍질제고 2등분"
"가공식품","농산물가공식품","밤가공품","1392628","밤가공품","가격은 1kg당이며, 발주는 0.1kg단위로 가능함 / 정안에서 생산된 제품으로 단단하고 신선함."
"가공식품","농산물가공식품","밤가공품","1392631","밤가공품","가격은 1kg당이며, 발주는 0.1kg단위로 가능함 / 생율"
"가공식품","농산물가공식품","밤가공품","1392635","밤가공품","가격은 1kg당이며, 발주는 0.1kg단위로 가능함 / 생율깍둑"
"가공식품","농산물가공식품","밤가공품","1392636","밤가공품","가격은 1kg당이며, 발주는 0.1kg단위로 가능함 / 친환경 생율"
"가공식품","농산물가공식품","밤가공품","1392637","밤가공품","가격은 1kg당이며, 발주는 0.1kg단위로 가능함 / 친환경 생율깍둑"
"가공식품","농산물가공식품","밤가공품","1392640","밤가공품","가격은 1kg당이며, 발주는 0.1kg단위로 가능함 / 피밤(찐밤용)30g내외"
"가공식품","농산물가공식품","밤가공품","1392641","밤가공품","가격은 1kg당이며, 발주는 0.1kg단위로 가능함 / 피밤(찐밤용, 25g)"
"가공식품","농산물가공식품","밤가공품","1392642","밤가공품","가격은 1kg당이며, 발주는 0.1kg단위로 가능함 / 피밤(칼집-군밤용)30g내외"
"가공식품","농산물가공식품","밤가공품","1392643","밤가공품","가격은 1kg당이며, 발주는 0.1kg단위로 가능함 / 피밤(칼집-군밤용, 25g)"
"가공식품","농산물가공식품","방울토마토가공품","1392650","방울토마토가공품","가격은 1kg당이며, 발주는 0.1kg단위로 가능함 / 방울토마토 벌크포장"
"가공식품","농산물가공식품","방울토마토가공품","1392651","방울토마토가공품","가격은 1kg당이며, 발주는 0.1kg단위로 가능함 / 신선편의식품"
"가공식품","농산물가공식품","방풍나물가공품","1392652","방풍나물가공품","가격은 1kg당이며, 발주는 0.1kg단위로 가능함 / 가능"
"가공식품","농산물가공식품","방풍나물가공품","1392653","방풍나물가공품","가격은 1kg당이며, 발주는 0.1kg단위로 가능함 / 마른 방풍나물 데침"
"가공식품","농산물가공식품","방풍나물가공품","1392654","방풍나물가공품","가격은 1kg당이며, 발주는 0.1kg단위로 가능함 / 방풍나물(데친)"
"가공식품","농산물가공식품","방풍나물가공품","1392655","방풍나물가공품","가격은 1kg당이며, 발주는 0.1kg단위로 가능함 / 가능"
"가공식품","농산물가공식품","배가공품","1392656","배가공품","가격은 1kg당이며, 발주는 0.1kg단위로 가능함 / 반달 조각낸 배"
"가공식품","농산물가공식품","배가공품","1392657","배가공품","가격은 1kg당이며, 발주는 0.1kg단위로 가능함 / 신선편의식품"
"가공식품","농산물가공식품","배가공품","1392658","배가공품","가격은 1kg당이며, 발주는 0.1kg단위로 가능함 / 반달 조각낸 배"
"가공식품","농산물가공식품","배가공품","1392659","배가공품","가격은 1kg당이며, 발주는 0.1kg단위로 가능함 / 신선편의식품"
"가공식품","농산물가공식품","배가공품","1392660","배가공품","가격은 1kg당이며, 발주는 0.1kg단위로 가능함 / 반달 조각낸 배"
"가공식품","농산물가공식품","배가공품","1392661","배가공품","가격은 1kg당이며, 발주는 0.1kg단위로 가능함 / 신선편의식품"
"가공식품","농산물가공식품","배가공품","1392662","배가공품","가격은 1kg당이며, 발주는 0.1kg단위로 가능함 / 반달 조각낸 배"
"가공식품","농산물가공식품","배가공품","1392663","배가공품","가격은 1kg당이며, 발주는 0.1kg단위로 가능함 / 신선편의식품"
"가공식품","농산물가공식품","배가공품","1392664","배가공품","가격은 1kg당이며, 발주는 0.1kg단위로 가능함 / 반달 조각낸 배"
"가공식품","농산물가공식품","배가공품","1392665","배가공품","가격은 1kg당이며, 발주는 0.1kg단위로 가능함 / 신선편의식품"
"가공식품","농산물가공식품","배가공품","1392666","배가공품","가격은 1kg당이며, 발주는 0.1kg단위로 가능함 / 깍둑썰기 배"
"가공식품","농산물가공식품","배가공품","1392667","배가공품","가격은 1kg당이며, 발주는 0.1kg단위로 가능함 / 신선편의식품"
"가공식품","농산물가공식품","부지갱이","1392668","부지갱이","가격은 1kg당이며, 발주는 0.1kg단위로 가능함 / 부지갱이(건데친)"
"가공식품","농산물가공식품","부지갱이","1392669","부지갱이","가격은 1kg당이며, 발주는 0.1kg단위로 가능함 / 가능"
"가공식품","농산물가공식품","사과가공품","1392670","사과가공품","가격은 1kg당이며, 발주는 0.1kg단위로 가능함 / 반달 조각낸 사과"
"가공식품","농산물가공식품","사과가공품","1392671","사과가공품","가격은 1kg당이며, 발주는 0.1kg단위로 가능함 / 신선편의식품"
"가공식품","농산물가공식품","사과가공품","1392672","사과가공품","가격은 1kg당이며, 발주는 0.1kg단위로 가능함 / 반달 조각낸 사과"
"가공식품","농산물가공식품","사과가공품","1392673","사과가공품","가격은 1kg당이며, 발주는 0.1kg단위로 가능함 / 신선편의식품"
"가공식품","농산물가공식품","사과가공품","1392674","사과가공품","가격은 1kg당이며, 발주는 0.1kg단위로 가능함 / 반달 조각낸 사과"
"가공식품","농산물가공식품","사과가공품","1392675","사과가공품","가격은 1kg당이며, 발주는 0.1kg단위로 가능함 / 신선편의식품"
"가공식품","농산물가공식품","사과가공품","1392676","사과가공품","가격은 1kg당이며, 발주는 0.1kg단위로 가능함 / 깍둑썰기 사과"
"가공식품","농산물가공식품","사과가공품","1392677","사과가공품","가격은 1kg당이며, 발주는 0.1kg단위로 가능함 / 신선편의식품"
"가공식품","농산물가공식품","산초","1392678","산초","가격은 1kg당이며, 발주는 0.1kg단위로 가능함 / 맛과 향이 좋음."
"가공식품","농산물가공식품","살구","1392679","살구가공품","가격은 1kg당이며, 발주는 0.1kg단위로 가능함 / 형태가 잘 잡혀져있으며 색이 좋음."
"가공식품","농산물가공식품","삼","1392680","삼","가격은 1kg당이며, 발주는 0.1kg단위로 가능함 / 금산에서 재배하여 단단하고 신선함."
"가공식품","농산물가공식품","삼","1392681","삼","가격은 1kg당이며, 발주는 0.1kg단위로 가능함 / 수삼(3년근)"
"가공식품","농산물가공식품","삼","1392682","삼","가격은 1kg당이며, 발주는 0.1kg단위로 가능함 / 3년근 수삼"
"가공식품","농산물가공식품","삼","1392683","삼","가격은 1kg당이며, 발주는 0.1kg단위로 가능함 / 금산에서 재배하여 단단하고 신선함."
"가공식품","농산물가공식품","삼","1392684","삼","가격은 1kg당이며, 발주는 0.1kg단위로 가능함 / 4년근 수삼"
"가공식품","농산물가공식품","삼","1392685","삼","가격은 1kg당이며, 발주는 0.1kg단위로 가능함 / 금산에서 재배하여 단단하고 신선함."
"가공식품","농산물가공식품","삼","1392686","삼","가격은 1kg당이며, 발주는 0.1kg단위로 가능함 / 5년근 수삼"
"가공식품","농산물가공식품","삼","1392687","삼","가격은 1kg당이며, 발주는 0.1kg단위로 가능함 / 금산에서 재배하여 단단하고 신선함."
"가공식품","농산물가공식품","삼","1392688","삼","가격은 1kg당이며, 발주는 0.1kg단위로 가능함 / 금산에서 재배하여 단단하고 신선함."
"가공식품","농산물가공식품","삼","1392689","삼","가격은 1kg당이며, 발주는 0.1kg단위로 가능함 / 세척한 3년근 수삼"
"가공식품","농산물가공식품","삼","1392690","삼","가격은 1kg당이며, 발주는 0.1kg단위로 가능함 / 금산에서 재배하여 단단하고 신선함."
"가공식품","농산물가공식품","삼","1392691","삼","가격은 1kg당이며, 발주는 0.1kg단위로 가능함 / 세척한 4년근 수삼"
"가공식품","농산물가공식품","삼","1392692","삼","가격은 1kg당이며, 발주는 0.1kg단위로 가능함 / 금산에서 재배하여 단단하고 신선함."
"가공식품","농산물가공식품","삼","1392693","삼","가격은 1kg당이며, 발주는 0.1kg단위로 가능함 / 세척한 5년근 수삼"
"가공식품","농산물가공식품","삼","1392694","삼","가격은 1kg당이며, 발주는 0.1kg단위로 가능함 / 금산에서 재배하여 단단하고 신선함."
"가공식품","농산물가공식품","삼잎국화","1392695","삼잎국화","가격은 1kg당이며, 발주는 0.1kg단위로 가능함 / 가능"
"가공식품","농산물가공식품","삼잎국화","1392696","삼잎국화","가격은 1kg당이며, 발주는 0.1kg단위로 가능함 / 가능"
"가공식품","농산물가공식품","생강가루","1392697","생강가루","가격은 1kg당이며, 발주는 0.1kg단위로 가능함 / 생강가루는 용도가 다양하여 우유나 두유, 요거트 등에 타드셔도 되고, 그밖에 각종 유류 요리에 활용이 가능합니다. 찌개나 국요리에도 사용이 가능하며 각종 레시피에도 활용이 가능한 식품입니다."
"가공식품","농산물가공식품","숙주가공품","1392698","숙주가공품","가격은 1kg당이며, 발주는 0.1kg단위로 가능함 / 무농약숙주나물,G마크숙주나물,만나"
"가공식품","농산물가공식품","숙주가공품","1392699","숙주가공품","가격은 1kg당이며, 발주는 0.1kg단위로 가능함 / 무농약숙주나물,G마크숙주나물,만나1"
"농산물","두채류","숙주","1392700","숙주나물","국내산 우량녹두를 사용하고 재배수 온도조절로 재배기간을 단축하여 부드럽고 아삭한 특성을 갖고 있습니다."
"가공식품","농산물가공식품","숙주가공품","1392701","숙주가공품","가격은 1kg당이며, 발주는 0.1kg단위로 가능함 / 국내산 우량녹두를 사용하고 재배수 온도조절로 재배기간을 단축하여 부드럽고 아삭한 특성을 갖고 있습니다."
"가공식품","농산물가공식품","숙주가공품","1392702","숙주가공품","가격은 1kg당이며, 발주는 0.1kg단위로 가능함 / 무농약재배, 국산원료"
"가공식품","농산물가공식품","숙주가공품","1392703","숙주가공품","가격은 1kg당이며, 발주는 0.1kg단위로 가능함 / 무농약재배, 국산원료"
"가공식품","농산물가공식품","순두부","1392704","순두부","가격은 1kg당이며, 발주는 0.1kg단위로 가능함 / 국산순두부 1kg"
"가공식품","농산물가공식품","순두부","1392705","순두부","가격은 1kg당이며, 발주는 0.1kg단위로 가능함 / 국산콩몽실순두부 2kg"
"가공식품","농산물가공식품","순두부","1392706","순두부","가격은 1kg당이며, 발주는 0.1kg단위로 가능함 / 무농약순두부 1kg"
"가공식품","농산물가공식품","순두부","1392707","순두부","가격은 1kg당이며, 발주는 0.1kg단위로 가능함 / 순두부(1kg)"
"가공식품","농산물가공식품","순두부","1392708","순두부","가격은 1kg당이며, 발주는 0.1kg단위로 가능함 / 순두부(전통순두부/2kg)"
"가공식품","농산물가공식품","쑥가공품","1392709","쑥가공품","가격은 1kg당이며, 발주는 0.1kg단위로 가능함 / 깨끗이 손질하여 포장"
"가공식품","농산물가공식품","쑥가공품","1392710","쑥가공품","가격은 1kg당이며, 발주는 0.1kg단위로 가능함 / 깨끗이 손질하여 포장"
"가공식품","농산물가공식품","쑥가공품","1392711","쑥가공품","가격은 1kg당이며, 발주는 0.1kg단위로 가능함 / 가능"
"가공식품","농산물가공식품","쑥가공품","1392712","쑥가공품","가격은 1kg당이며, 발주는 0.1kg단위로 가능함 / 가능"
"가공식품","농산물가공식품","애호박가공품","1392718","애호박가공품","가격은 1kg당이며, 발주는 0.1kg단위로 가능함 / 애호박말랭이"
"가공식품","농산물가공식품","애호박가공품","1392719","애호박가공품","가격은 1kg당이며, 발주는 0.1kg단위로 가능함 / 가능"
"가공식품","농산물가공식품","애호박가공품","1392720","애호박가공품","가격은 1kg당이며, 발주는 0.1kg단위로 가능함 / 어린것을 수확하연 건조"
"가공식품","농산물가공식품","얼갈이가공품","1392721","얼갈이가공품","가격은 1kg당이며, 발주는 0.1kg단위로 가능함 / 얼갈이(데친)"
"가공식품","농산물가공식품","얼갈이가공품","1392722","얼갈이가공품","가격은 1kg당이며, 발주는 0.1kg단위로 가능함 / 가능"
"가공식품","농산물가공식품","얼갈이가공품","1392723","얼갈이가공품","가격은 1kg당이며, 발주는 0.1kg단위로 가능함 / 깨끗이 손질하여 데침"
"가공식품","농산물가공식품","엄나무","1392724","엄나무","가격은 1kg당이며, 발주는 0.1kg단위로 가능함 / 맛과 향이 좋음."
"가공식품","농산물가공식품","연근가공품","1392725","연근가공품","가격은 1kg당이며, 발주는 0.1kg단위로 가능함 / 통연근을 갈음"
"가공식품","농산물가공식품","연근가공품","1392726","연근가공품","가격은 1kg당이며, 발주는 0.1kg단위로 가능함 / 통연근을 갈음"
"가공식품","농산물가공식품","연근가공품","1392727","연근가공품","가격은 1kg당이며, 발주는 0.1kg단위로 가능함 / 가능"
"가공식품","농산물가공식품","연근가공품","1392728","연근가공품","가격은 1kg당이며, 발주는 0.1kg단위로 가능함 / 가능"
"가공식품","농산물가공식품","연근가공품","1392729","연근가공품","가격은 1kg당이며, 발주는 0.1kg단위로 가능함 / 깐통연근"
"가공식품","농산물가공식품","연근가공품","1392730","연근가공품","가격은 1kg당이며, 발주는 0.1kg단위로 가능함 / 깐통연근"
"가공식품","농산물가공식품","연근가공품","1392731","연근가공품","가격은 1kg당이며, 발주는 0.1kg단위로 가능함 / 깐통연근"
"가공식품","농산물가공식품","연근가공품","1392732","연근가공품","가격은 1kg당이며, 발주는 0.1kg단위로 가능함 / 깐통연근"
"가공식품","농산물가공식품","연근가공품","1392733","연근가공품","가격은 1kg당이며, 발주는 0.1kg단위로 가능함 / 가능"
"가공식품","농산물가공식품","연근가공품","1392734","연근가공품","가격은 1kg당이며, 발주는 0.1kg단위로 가능함 / 가능"
"가공식품","농산물가공식품","연근가공품","1392735","연근가공품","가격은 1kg당이며, 발주는 0.1kg단위로 가능함 / 세척통연근"
"가공식품","농산물가공식품","연근가공품","1392736","연근가공품","가격은 1kg당이며, 발주는 0.1kg단위로 가능함 / 연근(0.2cm)"
"가공식품","농산물가공식품","연근가공품","1392737","연근가공품","가격은 1kg당이며, 발주는 0.1kg단위로 가능함 / 가능"
"가공식품","농산물가공식품","연근가공품","1392738","연근가공품","가격은 1kg당이며, 발주는 0.1kg단위로 가능함 / 0.5cm 깍둑 썰기"
"가공식품","농산물가공식품","연근가공품","1392739","연근가공품","가격은 1kg당이며, 발주는 0.1kg단위로 가능함 / 연근(밥용)1*1"
"가공식품","농산물가공식품","연근가공품","1392740","연근가공품","가격은 1kg당이며, 발주는 0.1kg단위로 가능함 / 연근(밥용/1*1)"
"가공식품","농산물가공식품","연근가공품","1392741","연근가공품","가격은 1kg당이며, 발주는 0.1kg단위로 가능함 / 가능"
"가공식품","농산물가공식품","연근가공품","1392742","연근가공품","가격은 1kg당이며, 발주는 0.1kg단위로 가능함 / 가능"
"가공식품","농산물가공식품","연근가공품","1392743","연근가공품","가격은 1kg당이며, 발주는 0.1kg단위로 가능함 / 0.8cm 두께로 슬라이스"
"가공식품","농산물가공식품","연근가공품","1392744","연근가공품","가격은 1kg당이며, 발주는 0.1kg단위로 가능함 / 0.8cm 두께로 슬라이스"
"가공식품","농산물가공식품","연근가공품","1392745","연근가공품","가격은 1kg당이며, 발주는 0.1kg단위로 가능함 / 연근(조림용)0.8cm"
"가공식품","농산물가공식품","연근가공품","1392746","연근가공품","가격은 1kg당이며, 발주는 0.1kg단위로 가능함 / 연근(조림용)0.8cm"
"가공식품","농산물가공식품","연근가공품","1392747","연근가공품","가격은 1kg당이며, 발주는 0.1kg단위로 가능함 / 가능"
"가공식품","농산물가공식품","연근가공품","1392748","연근가공품","가격은 1kg당이며, 발주는 0.1kg단위로 가능함 / 가능"
"가공식품","농산물가공식품","연근가공품","1392749","연근가공품","가격은 1kg당이며, 발주는 0.1kg단위로 가능함 / 연근(조림용8mm)"
"가공식품","농산물가공식품","연근가공품","1392750","연근가공품","가격은 1kg당이며, 발주는 0.1kg단위로 가능함 / 가능"
"가공식품","농산물가공식품","연근가공품","1392751","연근가공품","가격은 1kg당이며, 발주는 0.1kg단위로 가능함 / 가능"
"가공식품","농산물가공식품","연근가공품","1392752","연근가공품","가격은 1kg당이며, 발주는 0.1kg단위로 가능함 / 0.5cm 두께로 슬라이스"
"가공식품","농산물가공식품","연근가공품","1392753","연근가공품","가격은 1kg당이며, 발주는 0.1kg단위로 가능함 / 0.5cm 두께로 슬라이스"
"가공식품","농산물가공식품","연근가공품","1392754","연근가공품","가격은 1kg당이며, 발주는 0.1kg단위로 가능함 / 연근(튀김용)0.5cm"
"가공식품","농산물가공식품","연근가공품","1392755","연근가공품","가격은 1kg당이며, 발주는 0.1kg단위로 가능함 / 연근(튀김용)0.5cm"
"가공식품","농산물가공식품","연근가공품","1392756","연근가공품","가격은 1kg당이며, 발주는 0.1kg단위로 가능함 / 연근(튀김용5mm)"
"가공식품","농산물가공식품","연근가공품","1392757","연근가공품","가격은 1kg당이며, 발주는 0.1kg단위로 가능함 / 연근채(0.2cm)"
"가공식품","농산물가공식품","연근가공품","1392758","연근가공품","가격은 1kg당이며, 발주는 0.1kg단위로 가능함 / 가능"
"가공식품","농산물가공식품","연근가공품","1392759","연근가공품","가격은 1kg당이며, 발주는 0.1kg단위로 가능함 / 연근채(2mm)"
"가공식품","농산물가공식품","연근가공품","1392760","연근가공품","가격은 1kg당이며, 발주는 0.1kg단위로 가능함 / 흙통연근"
"가공식품","농산물가공식품","연근가공품","1392761","연근가공품","가격은 1kg당이며, 발주는 0.1kg단위로 가능함 / 가능"
"가공식품","농산물가공식품","연근가공품","1392762","연근가공품","가격은 1kg당이며, 발주는 0.1kg단위로 가능함 / 가능"
"가공식품","농산물가공식품","연근가공품","1392763","연근가공품","가격은 1kg당이며, 발주는 0.1kg단위로 가능함 / 껍질제거하지 않은 통연근"
"가공식품","농산물가공식품","연두부","1392764","연두부","가격은 1kg당이며, 발주는 0.1kg단위로 가능함 / 한둘 국산콩 연두부 125g"
"가공식품","농산물가공식품","연두부","1392765","연두부","가격은 1kg당이며, 발주는 0.1kg단위로 가능함 / 한둘 국산콩 판연두부"
"가공식품","농산물가공식품","연두부","1392766","연두부","가격은 1kg당이며, 발주는 0.1kg단위로 가능함 / 한둘 국산콩 연두부 80g"
"가공식품","농산물가공식품","연두부","1392767","연두부","가격은 1kg당이며, 발주는 0.1kg단위로 가능함 / 국산연두부 125g"
"가공식품","농산물가공식품","연두부","1392768","연두부","가격은 1kg당이며, 발주는 0.1kg단위로 가능함 / 국산연두부 1kg"
"가공식품","농산물가공식품","연두부","1392769","연두부","가격은 1kg당이며, 발주는 0.1kg단위로 가능함 / 국산연두부 2kg"
"가공식품","농산물가공식품","연두부","1392770","연두부","가격은 1kg당이며, 발주는 0.1kg단위로 가능함 / 국산연두부 80g"
"가공식품","농산물가공식품","연두부","1392771","연두부","가격은 1kg당이며, 발주는 0.1kg단위로 가능함 / 무농약연두부 1kg"
"가공식품","농산물가공식품","연두부","1392772","연두부","가격은 1kg당이며, 발주는 0.1kg단위로 가능함 / 연두부(1kg)"
"가공식품","농산물가공식품","연두부","1392773","연두부","가격은 1kg당이며, 발주는 0.1kg단위로 가능함 / 연두부(현미연두부,100g)"
"가공식품","농산물가공식품","연두부","1392774","연두부","가격은 1kg당이며, 발주는 0.1kg단위로 가능함 / 연두부(현미연두부,80g)"
"가공식품","농산물가공식품","열무가공품","1392775","열무가공품","가격은 1kg당이며, 발주는 0.1kg단위로 가능함 / 열무(데친)"
"가공식품","농산물가공식품","오렌지가공품","1392776","오렌지가공품","가격은 1kg당이며, 발주는 0.1kg단위로 가능함 / 반달 조각낸 오렌지"
"가공식품","농산물가공식품","오렌지가공품","1392777","오렌지가공품","가격은 1kg당이며, 발주는 0.1kg단위로 가능함 / 신선편의식품"
"가공식품","농산물가공식품","오렌지가공품","1392782","오렌지가공품","가격은 1kg당이며, 발주는 0.1kg단위로 가능함 / 오렌지에서 떼어낸 한 알갱이"
"가공식품","농산물가공식품","오미자","1392784","오미자","가격은 1kg당이며, 발주는 0.1kg단위로 가능함 / 맛과 향이 좋음."
"가공식품","농산물가공식품","오미자","1392785","오미자","가격은 1kg당이며, 발주는 0.1kg단위로 가능함 / 맛과 향이 좋음."
"가공식품","농산물가공식품","오미자","1392786","오미자","가격은 1kg당이며, 발주는 0.1kg단위로 가능함 / 오미자"
"가공식품","농산물가공식품","옥수수가공품","1392787","옥수수가공품","가격은 1kg당이며, 발주는 0.1kg단위로 가능함 / 옥수수(절단 50g 냉동)"
"가공식품","농산물가공식품","옥수수가공품","1392788","옥수수가공품","가격은 1kg당이며, 발주는 0.1kg단위로 가능함 / 흑찰옥수수(40g)"
"가공식품","농산물가공식품","옥수수가공품","1392789","옥수수가공품","가격은 1kg당이며, 발주는 0.1kg단위로 가능함 / 흑찰옥수수(60g)"
"가공식품","농산물가공식품","우거지","1392790","우거지","가격은 1kg당이며, 발주는 0.1kg단위로 가능함 / 가능"
"가공식품","농산물가공식품","우거지","1392791","우거지","가격은 1kg당이며, 발주는 0.1kg단위로 가능함 / 우거지(데친)"
"가공식품","농산물가공식품","우거지","1392792","우거지","가격은 1kg당이며, 발주는 0.1kg단위로 가능함 / 가능"
"가공식품","농산물가공식품","우엉가공품","1392793","우엉가공품","가격은 1kg당이며, 발주는 0.1kg단위로 가능함 / 깐통우엉"
"가공식품","농산물가공식품","우엉가공품","1392794","우엉가공품","가격은 1kg당이며, 발주는 0.1kg단위로 가능함 / 깐통우엉"
"가공식품","농산물가공식품","우엉가공품","1392795","우엉가공품","가격은 1kg당이며, 발주는 0.1kg단위로 가능함 / 가능"
"가공식품","농산물가공식품","우엉가공품","1392796","우엉가공품","가격은 1kg당이며, 발주는 0.1kg단위로 가능함 / 가능"
"가공식품","농산물가공식품","우엉가공품","1392797","우엉가공품","가격은 1kg당이며, 발주는 0.1kg단위로 가능함 / 세척통우엉"
"가공식품","농산물가공식품","우엉가공품","1392798","우엉가공품","가격은 1kg당이며, 발주는 0.1kg단위로 가능함 / 1cm 깍둑썰기"
"가공식품","농산물가공식품","우엉가공품","1392799","우엉가공품","가격은 1kg당이며, 발주는 0.1kg단위로 가능함 / 1cm 깍둑썰기"
"가공식품","농산물가공식품","우엉가공품","1392800","우엉가공품","가격은 1kg당이며, 발주는 0.1kg단위로 가능함 / 우엉(깍뚝썰기)1*1"
"가공식품","농산물가공식품","우엉가공품","1392801","우엉가공품","가격은 1kg당이며, 발주는 0.1kg단위로 가능함 / 우엉(깍뚝썰기)1*1"
"가공식품","농산물가공식품","우엉가공품","1392802","우엉가공품","가격은 1kg당이며, 발주는 0.1kg단위로 가능함 / 가능"
"가공식품","농산물가공식품","우엉가공품","1392803","우엉가공품","가격은 1kg당이며, 발주는 0.1kg단위로 가능함 / 가능"
"가공식품","농산물가공식품","우엉가공품","1392804","우엉가공품","가격은 1kg당이며, 발주는 0.1kg단위로 가능함 / 우엉(밥용)0.3*0.3cm"
"가공식품","농산물가공식품","우엉가공품","1392805","우엉가공품","가격은 1kg당이며, 발주는 0.1kg단위로 가능함 / 우엉(밥용)0.3*0.3cm"
"가공식품","농산물가공식품","우엉가공품","1392806","우엉가공품","가격은 1kg당이며, 발주는 0.1kg단위로 가능함 / 가능"
"가공식품","농산물가공식품","우엉가공품","1392807","우엉가공품","가격은 1kg당이며, 발주는 0.1kg단위로 가능함 / 가능"
"가공식품","농산물가공식품","우엉가공품","1392808","우엉가공품","가격은 1kg당이며, 발주는 0.1kg단위로 가능함 / 우엉(어슷썰기)"
"가공식품","농산물가공식품","우엉가공품","1392809","우엉가공품","가격은 1kg당이며, 발주는 0.1kg단위로 가능함 / 우엉(어슷썰기)"
"가공식품","농산물가공식품","우엉가공품","1392810","우엉가공품","가격은 1kg당이며, 발주는 0.1kg단위로 가능함 / 가능"
"가공식품","농산물가공식품","우엉가공품","1392811","우엉가공품","가격은 1kg당이며, 발주는 0.1kg단위로 가능함 / 가능"
"가공식품","농산물가공식품","우엉가공품","1392812","우엉가공품","가격은 1kg당이며, 발주는 0.1kg단위로 가능함 / 떡국떡 모양으로 슬라이스"
"가공식품","농산물가공식품","우엉가공품","1392813","우엉가공품","가격은 1kg당이며, 발주는 0.1kg단위로 가능함 / 떡국떡 모양으로 슬라이스"
"가공식품","농산물가공식품","우엉가공품","1392814","우엉가공품","가격은 1kg당이며, 발주는 0.1kg단위로 가능함 / 가능"
"가공식품","농산물가공식품","우엉가공품","1392815","우엉가공품","가격은 1kg당이며, 발주는 0.1kg단위로 가능함 / 가능"
"가공식품","농산물가공식품","우엉가공품","1392816","우엉가공품","가격은 1kg당이며, 발주는 0.1kg단위로 가능함 / 가능"
"가공식품","농산물가공식품","우엉가공품","1392817","우엉가공품","가격은 1kg당이며, 발주는 0.1kg단위로 가능함 / 가능"
"가공식품","농산물가공식품","우엉가공품","1392818","우엉가공품","가격은 1kg당이며, 발주는 0.1kg단위로 가능함 / 가능"
"가공식품","농산물가공식품","우엉가공품","1392819","우엉가공품","가격은 1kg당이며, 발주는 0.1kg단위로 가능함 / 가능"
"가공식품","농산물가공식품","우엉가공품","1392820","우엉가공품","가격은 1kg당이며, 발주는 0.1kg단위로 가능함 / 우엉실채"
"가공식품","농산물가공식품","우엉가공품","1392821","우엉가공품","가격은 1kg당이며, 발주는 0.1kg단위로 가능함 / 우엉실채"
"가공식품","농산물가공식품","우엉가공품","1392822","우엉가공품","가격은 1kg당이며, 발주는 0.1kg단위로 가능함 / 가능"
"가공식품","농산물가공식품","우엉가공품","1392823","우엉가공품","가격은 1kg당이며, 발주는 0.1kg단위로 가능함 / 가능"
"가공식품","농산물가공식품","우엉가공품","1392824","우엉가공품","가격은 1kg당이며, 발주는 0.1kg단위로 가능함 / 두께 0.2cm 길이4~5cm 채썰음"
"가공식품","농산물가공식품","우엉가공품","1392825","우엉가공품","가격은 1kg당이며, 발주는 0.1kg단위로 가능함 / 두께 0.2cm 길이4~5cm 채썰음"
"가공식품","농산물가공식품","우엉가공품","1392826","우엉가공품","가격은 1kg당이며, 발주는 0.1kg단위로 가능함 / 우엉채"
"가공식품","농산물가공식품","우엉가공품","1392827","우엉가공품","가격은 1kg당이며, 발주는 0.1kg단위로 가능함 / 우엉채"
"가공식품","농산물가공식품","우엉가공품","1392828","우엉가공품","가격은 1kg당이며, 발주는 0.1kg단위로 가능함 // 가능"
"가공식품","농산물가공식품","우엉가공품","1392829","우엉가공품","가격은 1kg당이며, 발주는 0.1kg단위로 가능함 // 가능"
"가공식품","농산물가공식품","우엉가공품","1392830","우엉가공품","가격은 1kg당이며, 발주는 0.1kg단위로 가능함 / 두께 0.5cm 길이4~5cm 채썰음"
"가공식품","농산물가공식품","우엉가공품","1392831","우엉가공품","가격은 1kg당이며, 발주는 0.1kg단위로 가능함 / 두께 0.5cm 길이4~5cm 채썰음"
"가공식품","농산물가공식품","우엉가공품","1392832","우엉가공품","가격은 1kg당이며, 발주는 0.1kg단위로 가능함 / 흙우엉"
"가공식품","농산물가공식품","우엉가공품","1392833","우엉가공품","가격은 1kg당이며, 발주는 0.1kg단위로 가능함 / 가능"
"가공식품","농산물가공식품","우엉가공품","1392834","우엉가공품","가격은 1kg당이며, 발주는 0.1kg단위로 가능함 / 가능"
"가공식품","농산물가공식품","월계수잎","1392835","월계수잎","가격은 1kg당이며, 발주는 0.1kg단위로 가능함 / 맛과 향이 좋음."
"가공식품","농산물가공식품","월계수잎","1392836","월계수잎","가격은 1kg당이며, 발주는 0.1kg단위로 가능함 / 잡내제거에 좋음"
"가공식품","농산물가공식품","유채나물","1392837","유채나물","가격은 1kg당이며, 발주는 0.1kg단위로 가능함 / 가능"
"가공식품","농산물가공식품","유채나물","1392838","유채나물","가격은 1kg당이며, 발주는 0.1kg단위로 가능함 / 가능"
"가공식품","농산물가공식품","유채나물","1392839","유채나물","가격은 1kg당이며, 발주는 0.1kg단위로 가능함 / 유채나물(다듬은것)"
"가공식품","농산물가공식품","유채나물","1392840","유채나물","가격은 1kg당이며, 발주는 0.1kg단위로 가능함 / 깨끗하게 손질"
"가공식품","농산물가공식품","유채나물","1392841","유채나물","가격은 1kg당이며, 발주는 0.1kg단위로 가능함 / 유채나물(데친)"
"가공식품","농산물가공식품","유채나물","1392842","유채나물","가격은 1kg당이며, 발주는 0.1kg단위로 가능함 / 가능"
"가공식품","농산물가공식품","유채나물","1392843","유채나물","가격은 1kg당이며, 발주는 0.1kg단위로 가능함 / 깨끗하게 손질한 유채나물 데침"
"가공식품","농산물가공식품","은행","1392844","은행","가격은 1kg당이며, 발주는 0.1kg단위로 가능함 / 국내산 피은행을 까서 깨끗하게 선별한 제품"
"가공식품","농산물가공식품","은행","1392845","은행","가격은 1kg당이며, 발주는 0.1kg단위로 가능함 / 깐은행(속껍질제거)"
"가공식품","농산물가공식품","은행","1392846","은행","가격은 1kg당이며, 발주는 0.1kg단위로 가능함 / 알이 통통하고 신선함."
"가공식품","농산물가공식품","정향","1392852","정향","가격은 1kg당이며, 발주는 0.1kg단위로 가능함 / 정향"
"가공식품","농산물가공식품","정향","1392853","정향","가격은 1kg당이며, 발주는 0.1kg단위로 가능함 / 맛과 향이 좋음."
"가공식품","농산물가공식품","정향","1392854","정향","가격은 1kg당이며, 발주는 0.1kg단위로 가능함 / 맛과 향이 좋음."
"가공식품","농산물가공식품","조각과일","1392855","조각과일","가격은 1kg당이며, 발주는 0.1kg단위로 가능함 / 신선편의식품"
"가공식품","농산물가공식품","조각과일","1392856","조각과일","가격은 1kg당이며, 발주는 0.1kg단위로 가능함 / 신선편의식품"
"가공식품","농산물가공식품","조각과일","1392857","조각과일","가격은 1kg당이며, 발주는 0.1kg단위로 가능함 / 신선편의식품"
"가공식품","농산물가공식품","조각과일","1392858","조각과일","가격은 1kg당이며, 발주는 0.1kg단위로 가능함 / 신선편의식품"
"가공식품","농산물가공식품","조각과일","1392859","조각과일","가격은 1kg당이며, 발주는 0.1kg단위로 가능함 / 신선편의식품"
"가공식품","농산물가공식품","조각과일","1392860","조각과일","가격은 1kg당이며, 발주는 0.1kg단위로 가능함 / 신선편의식품"
"가공식품","농산물가공식품","조각과일","1392861","조각과일","가격은 1kg당이며, 발주는 0.1kg단위로 가능함 / 신선편의식품"
"가공식품","농산물가공식품","조각과일","1392862","조각과일","가격은 1kg당이며, 발주는 0.1kg단위로 가능함 / 신선편의식품"
"가공식품","농산물가공식품","조각과일","1392863","조각과일","가격은 1kg당이며, 발주는 0.1kg단위로 가능함 / 신선편의식품"
"가공식품","농산물가공식품","조각과일","1392864","조각과일","가격은 1kg당이며, 발주는 0.1kg단위로 가능함 / 신선편의식품"
"가공식품","농산물가공식품","조각과일","1392865","조각과일","가격은 1kg당이며, 발주는 0.1kg단위로 가능함 / 신선편의식품"
"가공식품","농산물가공식품","조각과일","1392866","조각과일","가격은 1kg당이며, 발주는 0.1kg단위로 가능함 / 신선편의식품"
"가공식품","농산물가공식품","조각과일","1392867","조각과일","가격은 1kg당이며, 발주는 0.1kg단위로 가능함 / 신선편의식품"
"가공식품","농산물가공식품","조각과일","1392868","조각과일","가격은 1kg당이며, 발주는 0.1kg단위로 가능함 / 신선편의식품"
"가공식품","농산물가공식품","조각과일","1392869","조각과일","가격은 1kg당이며, 발주는 0.1kg단위로 가능함 / 신선편의식품"
"가공식품","농산물가공식품","조각과일","1392870","조각과일","가격은 1kg당이며, 발주는 0.1kg단위로 가능함 / 신선편의식품"
"가공식품","농산물가공식품","조각과일","1392871","조각과일","가격은 1kg당이며, 발주는 0.1kg단위로 가능함 / 신선편의식품"
"가공식품","농산물가공식품","조각과일","1392872","조각과일","가격은 1kg당이며, 발주는 0.1kg단위로 가능함 / 신선편의식품"
"가공식품","농산물가공식품","조각과일","1392873","조각과일","가격은 1kg당이며, 발주는 0.1kg단위로 가능함 / 신선편의식품"
"가공식품","농산물가공식품","조각과일","1392874","조각과일","가격은 1kg당이며, 발주는 0.1kg단위로 가능함 / 신선편의식품"
"가공식품","농산물가공식품","조각과일","1392875","조각과일","가격은 1kg당이며, 발주는 0.1kg단위로 가능함 / 신선편의식품"
"가공식품","농산물가공식품","조각과일","1392876","조각과일","가격은 1kg당이며, 발주는 0.1kg단위로 가능함 / 신선편의식품"
"가공식품","농산물가공식품","조각과일","1392877","조각과일","가격은 1kg당이며, 발주는 0.1kg단위로 가능함 / 신선편의식품"
"가공식품","농산물가공식품","조각과일","1392878","조각과일","가격은 1kg당이며, 발주는 0.1kg단위로 가능함 / 신선편의식품"
"가공식품","농산물가공식품","조각과일","1392879","조각과일","가격은 1kg당이며, 발주는 0.1kg단위로 가능함 / 신선편의식품"
"가공식품","농산물가공식품","조각과일","1392880","조각과일","가격은 1kg당이며, 발주는 0.1kg단위로 가능함 / 신선편의식품"
"가공식품","농산물가공식품","조각과일","1392881","조각과일","가격은 1kg당이며, 발주는 0.1kg단위로 가능함 / 신선편의식품"
"가공식품","농산물가공식품","조각과일","1392882","조각과일","가격은 1kg당이며, 발주는 0.1kg단위로 가능함 / 신선편의식품"
"가공식품","농산물가공식품","조각과일","1392883","조각과일","가격은 1kg당이며, 발주는 0.1kg단위로 가능함 / 신선편의식품"
"가공식품","농산물가공식품","조각과일","1392884","조각과일","가격은 1kg당이며, 발주는 0.1kg단위로 가능함 / 신선편의식품"
"가공식품","농산물가공식품","조각과일","1392885","조각과일","가격은 1kg당이며, 발주는 0.1kg단위로 가능함 / 신선편의식품"
"가공식품","농산물가공식품","조각과일","1392886","조각과일","가격은 1kg당이며, 발주는 0.1kg단위로 가능함 / 신선편의식품"
"가공식품","농산물가공식품","조각과일","1392887","조각과일","가격은 1kg당이며, 발주는 0.1kg단위로 가능함 / 신선편의식품"
"가공식품","농산물가공식품","조각과일","1392888","조각과일","가격은 1kg당이며, 발주는 0.1kg단위로 가능함 / 신선편의식품"
"가공식품","농산물가공식품","조각과일","1392889","조각과일","가격은 1kg당이며, 발주는 0.1kg단위로 가능함 / 신선편의식품"
"가공식품","농산물가공식품","조각과일","1392890","조각과일","가격은 1kg당이며, 발주는 0.1kg단위로 가능함 / 신선편의식품"
"가공식품","농산물가공식품","조각과일","1392891","조각과일","가격은 1kg당이며, 발주는 0.1kg단위로 가능함 / 신선편의식품"
"가공식품","농산물가공식품","조각과일","1392892","조각과일","가격은 1kg당이며, 발주는 0.1kg단위로 가능함 / 신선편의식품"
"가공식품","농산물가공식품","조각과일","1392893","조각과일","가격은 1kg당이며, 발주는 0.1kg단위로 가능함 / 신선편의식품"
"가공식품","농산물가공식품","조각과일","1392894","조각과일","가격은 1kg당이며, 발주는 0.1kg단위로 가능함 / 신선편의식품"
"가공식품","농산물가공식품","조각과일","1392895","조각과일","가격은 1kg당이며, 발주는 0.1kg단위로 가능함 / 신선편의식품"
"가공식품","농산물가공식품","조각과일","1392896","조각과일","가격은 1kg당이며, 발주는 0.1kg단위로 가능함 / 신선편의식품"
"가공식품","농산물가공식품","조각과일","1392897","조각과일","가격은 1kg당이며, 발주는 0.1kg단위로 가능함 / 신선편의식품"
"가공식품","농산물가공식품","조각과일","1392898","조각과일","가격은 1kg당이며, 발주는 0.1kg단위로 가능함 / 신선편의식품"
"가공식품","농산물가공식품","조각과일","1392899","조각과일","가격은 1kg당이며, 발주는 0.1kg단위로 가능함 / 신선편의식품"
"가공식품","농산물가공식품","조청","1392900","조청","가격은 1kg당이며, 발주는 0.1kg단위로 가능함 / 함양농협 쌀조청은 99% 국내산 쌀을 사용하여 전통방식으로 만들어 구수한 맛과 향이 일품입니다. 모든 요리에 조미용, 반창등 식용으로 일품인 쌀조청 국내산 원재로로 건강에도 좋고, 색소무첨가 , 방부제무첨가의 쌀로 만든 조헝은 꿀보다 달지 않으면서 달달한 맛이 질리지 않고 먹을수록 음식의 풍미를 더해 줍니다."
"가공식품","농산물가공식품","죽순","1392901","죽순","가격은 1kg당이며, 발주는 0.1kg단위로 가능함 / 가능"
"가공식품","농산물가공식품","죽순","1392902","죽순","가격은 1kg당이며, 발주는 0.1kg단위로 가능함 / 생죽순 데친후 채썰음"
"가공식품","농산물가공식품","질경이","1392903","질경이","가격은 1kg당이며, 발주는 0.1kg단위로 가능함 / 가능"
"가공식품","농산물가공식품","참나물가공품","1392916","참나물가공품","가격은 1kg당이며, 발주는 0.1kg단위로 가능함 / 참나물(데친)"
"가공식품","농산물가공식품","참나물가공품","1392917","참나물가공품","가격은 1kg당이며, 발주는 0.1kg단위로 가능함 / 가능"
"가공식품","농산물가공식품","찹쌀가루","1392918","찹쌀가루","가격은 1kg당이며, 발주는 0.1kg단위로 가능함 / 국산 찹쌀 100% 국산원료로 만들고 방부제나 첨가물을 사용하지 않았습니다. 떡이나 탕수육, 울면등의 중화요리, 도너츠 등의 튀김요리, 김치, 고추장 등의 각종 음식에 사용할수 있습니다."
"가공식품","농산물가공식품","찹쌀가루","1392919","찹쌀가루","가격은 1kg당이며, 발주는 0.1kg단위로 가능함 / 국산 찹쌀 100% 국산원료로 만들고 방부제나 첨가물을 사용하지 않았습니다. 떡이나 탕수육, 울면등의 중화요리, 도너츠 등의 튀김요리, 김치, 고추장 등의 각종 음식에 사용할수 있습니다."
"가공식품","농산물가공식품","취나물가공품","1392920","취나물가공품","가격은 1kg당이며, 발주는 0.1kg단위로 가능함 / 건취나물"
"가공식품","농산물가공식품","취나물가공품","1392921","취나물가공품","가격은 1kg당이며, 발주는 0.1kg단위로 가능함 / 가능"
"가공식품","농산물가공식품","취나물가공품","1392922","취나물가공품","가격은 1kg당이며, 발주는 0.1kg단위로 가능함 / 가능"
"가공식품","농산물가공식품","취나물가공품","1392923","취나물가공품","가격은 1kg당이며, 발주는 0.1kg단위로 가능함 / 생취나물 데침"
"가공식품","농산물가공식품","취나물가공품","1392924","취나물가공품","가격은 1kg당이며, 발주는 0.1kg단위로 가능함 / 취나물(건데친)"
"가공식품","농산물가공식품","취나물가공품","1392925","취나물가공품","가격은 1kg당이며, 발주는 0.1kg단위로 가능함 / 취나물(데친)"
"가공식품","농산물가공식품","케쉬넛","1392926","케쉬넛","가격은 1kg당이며, 발주는 0.1kg단위로 가능함 / 맛과 향이 좋음."
"가공식품","농산물가공식품","콜라비가공품","1392927","콜라비가공품","가격은 1kg당이며, 발주는 0.1kg단위로 가능함 / 가능"
"가공식품","농산물가공식품","콩가루","1392928","콩가루","가격은 1kg당이며, 발주는 0.1kg단위로 가능함 / 국산 백태 100% 떡고물, 미숫가루나 각종 밀가루 반죽요리에 첨가하여 사용하면 풍부한 영양과 고소한 맛을 즐길수 있는 제품. 된장국을 끊일때 콩가루를 한 숟가락 넣어 마무리하면 고소하고 진한 맛이 납니다."
"가공식품","농산물가공식품","콩가루","1392929","콩가루","가격은 1kg당이며, 발주는 0.1kg단위로 가능함 / 국산 백태 100% 떡고물, 미숫가루나 각종 밀가루 반죽요리에 첨가하여 사용하면 풍부한 영양과 고소한 맛을 즐길수 있는 제품. 된장국을 끊일때 콩가루를 한 숟가락 넣어 마무리하면 고소하고 진한 맛이 납니다."
"가공식품","농산물가공식품","콩가루","1392930","콩가루","가격은 1kg당이며, 발주는 0.1kg단위로 가능함 / 국산 대두100% 볶지 않은 생콩가루로 콩국수용 국물이나 순두부제조 또는 콩죽, 국수, 칼국수, 국, 전 등에 첨가하시면 좋습니다. "
"가공식품","농산물가공식품","콩가루","1392931","콩가루","가격은 1kg당이며, 발주는 0.1kg단위로 가능함 / 국산 대두100% 볶지 않은 생콩가루로 콩국수용 국물이나 순두부제조 또는 콩죽, 국수, 칼국수, 국, 전 등에 첨가하시면 좋습니다. "
"가공식품","농산물가공식품","콩나물가공품","1392932","콩나물가공품","가격은 1kg당이며, 발주는 1kg단위로 가능함 / 무농약두절콩나물,G마크두절콩나물,만나"
"가공식품","농산물가공식품","콩나물가공품","1392933","콩나물가공품","가격은 1kg당이며, 발주는 1kg단위로 가능함 / 무농약두절콩나물,G마크두절콩나물,만나1"
"농산물","두채류","콩나물","1392934","두절콩나물","머리 없는 콩나물로 찜 또는 무침용으로 사용됩니다."
"가공식품","농산물가공식품","콩나물가공품","1392935","콩나물가공품","가격은 1kg당이며, 발주는 0.1kg단위로 가능함 / 머리 없는 콩나물로 찜 또는 무침용으로 사용됩니다."
"가공식품","농산물가공식품","콩나물가공품","1392936","콩나물가공품","가격은 1kg당이며, 발주는 0.1kg단위로 가능함 / 무농약재배, 국산원료"
"가공식품","농산물가공식품","콩나물가공품","1392937","콩나물가공품","가격은 1kg당이며, 발주는 0.1kg단위로 가능함 / 무농약재배, 국산원료"
"가공식품","농산물가공식품","콩나물가공품","1392938","콩나물가공품","가격은 1kg당이며, 발주는 0.1kg단위로 가능함 / 친환경무농약새싹콩나물(어린),G마크새싹콩나물(어린),만나"
"가공식품","농산물가공식품","콩나물가공품","1392939","콩나물가공품","가격은 1kg당이며, 발주는 1kg단위로 가능함 / 무농약새싹콩나물(어린콩나물),G마크새싹콩나물(어린콩나물),만나"
"가공식품","농산물가공식품","콩나물가공품","1392940","콩나물가공품","가격은 1kg당이며, 발주는 0.1kg단위로 가능함 / 재배 4일차 생산으로 줄기가 짧아 부드러우며 어린이들이 섭취하기 좋습니다."
"가공식품","농산물가공식품","콩나물가공품","1392941","콩나물가공품","가격은 1kg당이며, 발주는 0.1kg단위로 가능함 / 콩나물의 칼슘함량이 일반콩나물에 비해 높아 영향이 풍부합니다."
"가공식품","농산물가공식품","콩나물가공품","1392942","콩나물가공품","가격은 1kg당이며, 발주는 1kg단위로 가능함 / 무농약콩나물,G마크콩나물,만나"
"농산물","두채류","콩나물","1392943","콩나물","지하수 150미터 암반수에서 끌어올린 음용수로 재배하여 고소함과 아삭함이 좋습니다."
"가공식품","농산물가공식품","콩나물가공품","1392944","콩나물가공품","가격은 1kg당이며, 발주는 1kg단위로 가능함 / 무농약콩나물,G마크콩나물,만나2"
"가공식품","농산물가공식품","콩나물가공품","1392945","콩나물가공품","가격은 1kg당이며, 발주는 0.1kg단위로 가능함 / 지하수 150미터 암반수에서 끌어올린 음용수로 재배하여 고소함과 아삭함이 좋습니다."
"가공식품","농산물가공식품","콩나물가공품","1392946","콩나물가공품","가격은 1kg당이며, 발주는 0.1kg단위로 가능함 / 무농약재배, 국산원료"
"가공식품","농산물가공식품","콩나물가공품","1392947","콩나물가공품","가격은 1kg당이며, 발주는 0.1kg단위로 가능함 / 무농약재배, 국산원료"
"농산물","두채류","콩나물","1392948","새싹콩나물","재배 4일차 생산으로 줄기가 짧아 부드러우며 어린이들이 섭취하기 좋습니다."
"가공식품","농산물가공식품","콩나물가공품","1392949","콩나물가공품","가격은 1kg당이며, 발주는 0.1kg단위로 가능함 / 무농약재배, 국산원료"
"가공식품","농산물가공식품","콩나물가공품","1392950","콩나물가공품","가격은 1kg당이며, 발주는 0.1kg단위로 가능함 / 무농약재배, 국산원료"
"가공식품","농산물가공식품","콩나물가공품","1392951","콩나물가공품","가격은 1kg당이며, 발주는 0.1kg단위로 가능함 / 무농약재배, 국산원료"
"가공식품","농산물가공식품","콩나물가공품","1392952","콩나물가공품","가격은 1kg당이며, 발주는 0.1kg단위로 가능함 / 무농약재배, 국산원료"
"가공식품","농산물가공식품","콩비지","1392953","콩비지","가격은 1kg당이며, 발주는 0.1kg단위로 가능함 / 한둘 국산 순콩비지"
"가공식품","농산물가공식품","콩비지","1392954","콩비지","가격은 1kg당이며, 발주는 0.1kg단위로 가능함 / 콩비지(2kg)"
"가공식품","농산물가공식품","키위가공품","1392955","키위가공품","가격은 1kg당이며, 발주는 0.1kg단위로 가능함 / 신선편의식품"
"가공식품","농산물가공식품","키위가공품","1392956","키위가공품","가격은 1kg당이며, 발주는 0.1kg단위로 가능함 / 신선편의식품"
"가공식품","농산물가공식품","키위가공품","1392957","키위가공품","가격은 1kg당이며, 발주는 0.1kg단위로 가능함 / 신선편의식품"
"가공식품","농산물가공식품","키위가공품","1392958","키위가공품","가격은 1kg당이며, 발주는 0.1kg단위로 가능함 / 신선편의식품"
"가공식품","농산물가공식품","키위가공품","1392959","키위가공품","가격은 1kg당이며, 발주는 0.1kg단위로 가능함 / 신선편의식품"
"가공식품","농산물가공식품","키위가공품","1392960","키위가공품","가격은 1kg당이며, 발주는 0.1kg단위로 가능함 / 세로 1/4 컷팅"
"가공식품","농산물가공식품","키위가공품","1392961","키위가공품","가격은 1kg당이며, 발주는 0.1kg단위로 가능함 / 세로 1/2 컷팅"
"가공식품","농산물가공식품","키위가공품","1392962","키위가공품","가격은 1kg당이며, 발주는 0.1kg단위로 가능함 / 세로 1/2 컷팅 후 컵포장"
"가공식품","농산물가공식품","키위가공품","1392963","키위가공품","가격은 1kg당이며, 발주는 0.1kg단위로 가능함 / 깍둑썰기 키위"
"가공식품","농산물가공식품","키위가공품","1392964","키위가공품","가격은 1kg당이며, 발주는 0.1kg단위로 가능함 / 세로 1/4 컷팅"
"가공식품","농산물가공식품","키위가공품","1392965","키위가공품","가격은 1kg당이며, 발주는 0.1kg단위로 가능함 / 세로 1/2 컷팅"
"가공식품","농산물가공식품","키위가공품","1392966","키위가공품","가격은 1kg당이며, 발주는 0.1kg단위로 가능함 / 깍둑썰기 키위"
"가공식품","농산물가공식품","토란","1392967","토란","가격은 1kg당이며, 발주는 0.1kg단위로 가능함 / 깐알토란"
"가공식품","농산물가공식품","토란대","1392968","토란대","가격은 1kg당이며, 발주는 0.1kg단위로 가능함 / 국내산 토란대를 세척, 불림, 데침, 선별 , 포장 공정을 거친 제품"
"가공식품","농산물가공식품","토란대","1392969","토란대","가격은 1kg당이며, 발주는 0.1kg단위로 가능함 / 토란대(건데친)"
"가공식품","농산물가공식품","토란대","1392970","토란대","가격은 1kg당이며, 발주는 0.1kg단위로 가능함 / 가능"
"가공식품","농산물가공식품","토란대","1392971","토란대","가격은 1kg당이며, 발주는 0.1kg단위로 가능함 / 껍질제거 아린맛 없음"
"가공식품","농산물가공식품","토란대","1392972","토란대","가격은 1kg당이며, 발주는 0.1kg단위로 가능함 / 가능"
"가공식품","농산물가공식품","파슬리가공품","1392973","파슬리가공품","가격은 1kg당이며, 발주는 0.1kg단위로 가능함 / 맛과 향이 좋음."
"가공식품","농산물가공식품","파인애플가공품","1392974","파인애플가공품","가격은 1kg당이며, 발주는 0.1kg단위로 가능함 / 조각과일류"
"가공식품","농산물가공식품","파인애플가공품","1392975","파인애플가공품","가격은 1kg당이며, 발주는 0.1kg단위로 가능함 / 조각과일류"
"가공식품","농산물가공식품","파인애플가공품","1392976","파인애플가공품","가격은 1kg당이며, 발주는 0.1kg단위로 가능함 / 조각과일류"
"가공식품","농산물가공식품","파인애플가공품","1392977","파인애플가공품","가격은 1kg당이며, 발주는 0.1kg단위로 가능함 / 조각과일류"
"가공식품","농산물가공식품","파인애플가공품","1392978","파인애플가공품","가격은 1kg당이며, 발주는 0.1kg단위로 가능함 / 조각과일류"
"가공식품","농산물가공식품","파인애플가공품","1392979","파인애플가공품","가격은 1kg당이며, 발주는 0.1kg단위로 가능함 / 조각과일류"
"가공식품","농산물가공식품","파인애플가공품","1392980","파인애플가공품","가격은 1kg당이며, 발주는 0.1kg단위로 가능함 / 조각과일류"
"가공식품","농산물가공식품","파인애플가공품","1392981","파인애플가공품","가격은 1kg당이며, 발주는 0.1kg단위로 가능함 / 조각과일류"
"가공식품","농산물가공식품","파인애플가공품","1392982","파인애플가공품","가격은 1kg당이며, 발주는 0.1kg단위로 가능함 / 조각과일류1"
"가공식품","농산물가공식품","파인애플가공품","1392983","파인애플가공품","가격은 1kg당이며, 발주는 0.1kg단위로 가능함 / 조각과일류1"
"가공식품","농산물가공식품","파인애플가공품","1392984","파인애플가공품","가격은 1kg당이며, 발주는 0.1kg단위로 가능함 / 조각과일류1"
"가공식품","농산물가공식품","파인애플가공품","1392985","파인애플가공품","가격은 1kg당이며, 발주는 0.1kg단위로 가능함 / 조각과일류1"
"가공식품","농산물가공식품","파인애플가공품","1392986","파인애플가공품","가격은 1kg당이며, 발주는 0.1kg단위로 가능함 / 조각과일류1"
"가공식품","농산물가공식품","파인애플가공품","1392987","파인애플가공품","가격은 1kg당이며, 발주는 0.1kg단위로 가능함 / 조각과일류1"
"가공식품","농산물가공식품","파인애플가공품","1392988","파인애플가공품","가격은 1kg당이며, 발주는 0.1kg단위로 가능함 / 조각과일류1"
"가공식품","농산물가공식품","파인애플가공품","1392989","파인애플가공품","가격은 1kg당이며, 발주는 0.1kg단위로 가능함 / 조각과일류1"
"가공식품","농산물가공식품","파인애플가공품","1392990","파인애플가공품","가격은 1kg당이며, 발주는 0.1kg단위로 가능함 / 신선편의식품"
"가공식품","농산물가공식품","파인애플가공품","1392991","파인애플가공품","가격은 1kg당이며, 발주는 0.1kg단위로 가능함 / 신선편의식품"
"가공식품","농산물가공식품","파인애플가공품","1392992","파인애플가공품","가격은 1kg당이며, 발주는 0.1kg단위로 가능함 / 신선편의식품"
"가공식품","농산물가공식품","파인애플가공품","1392993","파인애플가공품","가격은 1kg당이며, 발주는 0.1kg단위로 가능함 / 신선편의식품"
"가공식품","농산물가공식품","파인애플가공품","1392994","파인애플가공품","가격은 1kg당이며, 발주는 0.1kg단위로 가능함 / 신선편의식품"
"가공식품","농산물가공식품","파인애플가공품","1392995","파인애플가공품","가격은 1kg당이며, 발주는 0.1kg단위로 가능함 / 신선편의식품"
"가공식품","농산물가공식품","파인애플가공품","1392996","파인애플가공품","가격은 1kg당이며, 발주는 0.1kg단위로 가능함 / 신선편의식품"
"가공식품","농산물가공식품","파인애플가공품","1392997","파인애플가공품","가격은 1kg당이며, 발주는 0.1kg단위로 가능함 / 신선편의식품"
"가공식품","농산물가공식품","파인애플가공품","1392998","파인애플가공품","가격은 1kg당이며, 발주는 0.1kg단위로 가능함 / 신선편의식품"
"가공식품","농산물가공식품","파인애플가공품","1392999","파인애플가공품","가격은 1kg당이며, 발주는 0.1kg단위로 가능함 / 신선편의식품"
"가공식품","농산물가공식품","파인애플가공품","1393000","파인애플가공품","가격은 1kg당이며, 발주는 0.1kg단위로 가능함 / 신선편의식품"
"가공식품","농산물가공식품","파인애플가공품","1393001","파인애플가공품","가격은 1kg당이며, 발주는 0.1kg단위로 가능함 / 신선편의식품"
"가공식품","농산물가공식품","파인애플가공품","1393002","파인애플가공품","가격은 1kg당이며, 발주는 0.1kg단위로 가능함 / 신선편의식품"
"가공식품","농산물가공식품","파인애플가공품","1393003","파인애플가공품","가격은 1kg당이며, 발주는 0.1kg단위로 가능함 / 신선편의식품"
"가공식품","농산물가공식품","파인애플가공품","1393004","파인애플가공품","가격은 1kg당이며, 발주는 0.1kg단위로 가능함 / 신선편의식품"
"가공식품","농산물가공식품","파인애플가공품","1393005","파인애플가공품","가격은 1kg당이며, 발주는 0.1kg단위로 가능함 / 신선편의식품"
"가공식품","농산물가공식품","팔각","1393006","팔각","가격은 1kg당이며, 발주는 0.1kg단위로 가능함 / 팔각"
"가공식품","농산물가공식품","팔각","1393007","팔각","가격은 1kg당이며, 발주는 0.1kg단위로 가능함 / 맛과 향이 좋음."
"가공식품","농산물가공식품","포도가공품(국내산)","1393008","포도가공품(국내산)","가격은 1kg당이며, 발주는 0.1kg단위로 가능함 / 신선편의식품"
"가공식품","농산물가공식품","포도가공품(수입)","1393009","포도가공품(수입)","가격은 1kg당이며, 발주는 0.1kg단위로 가능함 / 포도알 벌크포장"
"가공식품","농산물가공식품","포도가공품(수입)","1393010","포도가공품(수입)","가격은 1kg당이며, 발주는 0.1kg단위로 가능함 / 신선편의식품"
"가공식품","농산물가공식품","포도가공품(수입)","1393011","포도가공품(수입)","가격은 1kg당이며, 발주는 0.1kg단위로 가능함 / 컵에 들어가는 포도알"
"가공식품","농산물가공식품","포도가공품(수입)","1393012","포도가공품(수입)","가격은 1kg당이며, 발주는 0.1kg단위로 가능함 / 컵에 들어가는 포도알"
"가공식품","농산물가공식품","표고가루","1393013","표고가루","가격은 1kg당이며, 발주는 0.1kg단위로 가능함 / 국산표고버섯가루100%. 각종요리에 표고버섯맛을 낼때사용, 영양식으로 드셔도 좋고, 정량에 관계없이 입맛에 맞게 사용. 정성된 원료만을 엄선하여 위생적인 시설에 의하여 제조되고있음."
"가공식품","농산물가공식품","피마자","1393014","피마자","가격은 1kg당이며, 발주는 0.1kg단위로 가능함 / 가능"
"가공식품","농산물가공식품","피칸","1393015","피칸","가격은 1kg당이며, 발주는 0.1kg단위로 가능함 / 맛과 향이 좋음."
"가공식품","농산물가공식품","해바라기씨","1393016","해바라기씨","가격은 1kg당이며, 발주는 0.1kg단위로 가능함 / 맛과 향이 좋음."
"가공식품","농산물가공식품","해바라기씨","1393017","해바라기씨","가격은 1kg당이며, 발주는 0.1kg단위로 가능함 / 맛과 향이 좋음."
"가공식품","농산물가공식품","호두","1393018","호두","가격은 1kg당이며, 발주는 0.1kg단위로 가능함 / 국내산 피호두을 까서 건조하여 깨끗하게 선별한 제품"
"가공식품","농산물가공식품","호두","1393019","호두","가격은 1kg당이며, 발주는 0.1kg단위로 가능함 / 미국 생산. 맛과 향이 좋음."
"가공식품","농산물가공식품","호두","1393020","호두","가격은 1kg당이며, 발주는 0.1kg단위로 가능함 / 맛과 향이 좋음."
"가공식품","농산물가공식품","호두","1393021","호두","가격은 1kg당이며, 발주는 0.1kg단위로 가능함 / 맛과 향이 좋음."
"가공식품","농산물가공식품","호두","1393022","호두","가격은 1kg당이며, 발주는 0.1kg단위로 가능함 / 미국 생산. 맛과 향이 좋음."
"가공식품","농산물가공식품","호두","1393023","호두","가격은 1kg당이며, 발주는 0.1kg단위로 가능함 / 미국 생산. 맛과 향이 좋음."
"가공식품","농산물가공식품","호두","1393024","호두","가격은 1kg당이며, 발주는 0.1kg단위로 가능함 / 미국 생산. 맛과 향이 좋음."
"가공식품","농산물가공식품","호두","1393025","호두","가격은 1kg당이며, 발주는 0.1kg단위로 가능함 / 맛과 향이 좋음."
"가공식품","농산물가공식품","호박씨","1393026","호박씨","가격은 1kg당이며, 발주는 0.1kg단위로 가능함 / 맛과 향이 좋음."
"가공식품","농산물가공식품","호박씨","1393027","호박씨","가격은 1kg당이며, 발주는 0.1kg단위로 가능함 / 맛과 향이 좋음."
"농산물","과일과채류","딸기","1393031","딸기","가격은 1kg당이며, 발주는 0.1kg단위로 가능함/개당20-21g내외"
"농산물","과일과채류","딸기","1393032","딸기","가격은 1kg당이며, 발주는 0.1kg단위로 가능함/딸기,3x4 (45개 내외/1kg)/국산"
"농산물","과일과채류","딸기","1393033","딸기","가격은 1kg당이며, 발주는 0.1kg단위로 가능함/개당16-17g내외"
"농산물","과일과채류","딸기","1393034","딸기","가격은 1kg당이며, 발주는 0.1kg단위로 가능함/딸기,3x5 (55개 내외/1kg)/국산"
"농산물","과일과채류","메론","1393037","메론","가격은 1kg당이며, 발주는 0.1kg단위로 가능함/메론/세지(3수/5kg)"
"농산물","과일과채류","메론","1393038","메론","가격은 1kg당이며, 발주는 0.1kg단위로 가능함/통당1.7K내외"
"농산물","과일과채류","메론","1393039","메론","가격은 1kg당이며, 발주는 0.1kg단위로 가능함/메론/세지(3수/5kg)/국산"
"농산물","과일과채류","방울토마토","1393040","방울토마토","가격은 1kg당이며, 발주는 0.1kg단위로 가능함/방울토마토(10g/개,샐러드용)"
"농산물","과일과채류","방울토마토","1393041","방울토마토","가격은 1kg당이며, 발주는 0.1kg단위로 가능함/개당10g내외"
"농산물","과일과채류","방울토마토","1393042","방울토마토","가격은 1kg당이며, 발주는 0.1kg단위로 가능함/방울토마토(10g/개,샐러드용)/국산"
"농산물","과일과채류","방울토마토","1393043","방울토마토","가격은 1kg당이며, 발주는 0.1kg단위로 가능함/방울토마토(15-20g/개)"
"농산물","과일과채류","방울토마토","1393044","방울토마토","가격은 1kg당이며, 발주는 0.1kg단위로 가능함/개당15-12g내외"
"농산물","과일과채류","방울토마토","1393045","방울토마토","가격은 1kg당이며, 발주는 0.1kg단위로 가능함/방울토마토(15-20g/개)/국산"
"농산물","과일과채류","방울토마토","1393046","방울토마토","가격은 1kg당이며, 발주는 0.1kg단위로 가능함/방울토마토(20-30g/개)"
"농산물","과일과채류","방울토마토","1393047","방울토마토","가격은 1kg당이며, 발주는 0.1kg단위로 가능함/개당20-30g내외"
"농산물","과일과채류","방울토마토","1393048","방울토마토","가격은 1kg당이며, 발주는 0.1kg단위로 가능함/방울토마토(20-30g/개)/국산"
"농산물","과일과채류","방울토마토","1393049","방울토마토","가격은 1kg당이며, 발주는 0.1kg단위로 가능함/방울토마토(대추)"
"농산물","과일과채류","방울토마토","1393050","방울토마토","가격은 1kg당이며, 발주는 0.1kg단위로 가능함/팩당750g"
"농산물","과일과채류","방울토마토","1393051","방울토마토","가격은 1kg당이며, 발주는 0.1kg단위로 가능함/방울토마토(대추)/국산"
"농산물","과일과채류","방울토마토","1393053","방울토마토","가격은 1kg당이며, 발주는 0.1kg단위로 가능함/주황(노랑)방울토마토(대추,샐러드용)"
"농산물","과일과채류","토마토","1393054","토마토","가격은 1kg당이며, 발주는 0.1kg단위로 가능함/150g내외"
"농산물","과일과채류","토마토","1393055","토마토","가격은 1kg당이며, 발주는 0.1kg단위로 가능함/완숙토마토(150g 내외)/국산"
"농산물","과일과채류","토마토","1393056","토마토","가격은 1kg당이며, 발주는 0.1kg단위로 가능함/150g내외"
"농산물","과일과채류","토마토","1393057","토마토","가격은 1kg당이며, 발주는 0.1kg단위로 가능함/완숙토마토(소스용, 샐러드용)/국산"
"농산물","과일과채류","토마토","1393058","토마토","가격은 1kg당이며, 발주는 0.1kg단위로 가능함/200g내외"
"농산물","과일과채류","토마토","1393059","토마토","가격은 1kg당이며, 발주는 0.1kg단위로 가능함/완숙토마토,200g/개/국산"
"농산물","과일과채류","토마토","1393060","토마토","가격은 1kg당이며, 발주는 0.1kg단위로 가능함/250g내외"
"농산물","과일과채류","토마토","1393061","토마토","가격은 1kg당이며, 발주는 0.1kg단위로 가능함/완숙토마토,250g/개/국산"
"농산물","과일류","감귤","1393064","감귤","가격은 1kg당이며, 발주는 0.1kg단위로 가능함/노지 감귤,2S(58g)"
"농산물","과일류","감귤","1393065","감귤","가격은 1kg당이며, 발주는 0.1kg단위로 가능함/노지 감귤,2S(60g)/국산"
"농산물","과일류","감귤","1393068","감귤","가격은 1kg당이며, 발주는 0.1kg단위로 가능함/노지 감귤,M(90g)"
"농산물","과일류","감귤","1393069","감귤","가격은 1kg당이며, 발주는 0.1kg단위로 가능함/노지 감귤,M(90g)/국산"
"농산물","과일류","감귤","1393070","감귤","가격은 1kg당이며, 발주는 0.1kg단위로 가능함/노지 감귤,S(70g)"
"농산물","과일류","감귤","1393071","감귤","가격은 1kg당이며, 발주는 0.1kg단위로 가능함/노지 감귤,S(70g)/국산"
"농산물","과일류","단감","1393084","단감","가격은 1kg당이며, 발주는 0.1kg단위로 가능함/단감(일반공급)40내(250g)/국산"
"농산물","과일류","단감","1393085","단감","가격은 1kg당이며, 발주는 0.1kg단위로 가능함/단감(일반공급)50내(200-220g)/국산"
"농산물","과일류","단감","1393086","단감","가격은 1kg당이며, 발주는 0.1kg단위로 가능함/단감(일반공급)60내(166-199g)/국산"
"농산물","과일류","대추","1393087","대추","가격은 1kg당이며, 발주는 0.1kg단위로 가능함/국내산 생대추 깨끗이 말림 제픔"
"농산물","과일류","대추","1393088","대추","가격은 1kg당이며, 발주는 0.1kg단위로 가능함/국내산 대추를 슬라이스 절단하여 건조한 제품"
"농산물","과일류","대추","1393089","대추","가격은 1kg당이며, 발주는 0.1kg단위로 가능함/국내산 대추를 슬라이스 절단한 제품"
"농산물","과일류","대추","1393090","대추","가격은 1kg당이며, 발주는 0.1kg단위로 가능함/국내산 대추씨를 제거한 제품"
"농산물","과일류","레몬","1393091","레몬","가격은 1kg당이며, 발주는 0.1kg단위로 가능함/불가능"
"농산물","과일류","레몬","1393092","레몬","가격은 1kg당이며, 발주는 0.1kg단위로 가능함/미국산,호주산,칠레산등등 그시기에 맞게 상품공급 "
"농산물","과일류","바나나","1393093","바나나","가격은 1kg당이며, 발주는 0.1kg단위로 가능함/불가능"
"농산물","과일류","바나나","1393094","바나나","가격은 1kg당이며, 발주는 0.1kg단위로 가능함/불가능"
"농산물","과일류","바나나","1393095","바나나","가격은 1kg당이며, 발주는 0.1kg단위로 가능함/표면에 스크래치가 있어도 필리핀산 공급예정(당도우선)"
"농산물","과일류","바나나","1393096","바나나","가격은 1kg당이며, 발주는 0.1kg단위로 가능함/불가능"
"농산물","과일류","배","1393097","배","가격은 1kg당이며, 발주는 0.1kg단위로 가능함/배(일반공급)/20내(750g,15-20개)"
"농산물","과일류","배","1393098","배","가격은 1kg당이며, 발주는 0.1kg단위로 가능함/배(일반공급)/20내(750g,15-20개)/국산"
"농산물","과일류","배","1393099","배","가격은 1kg당이며, 발주는 0.1kg단위로 가능함/750g내외"
"농산물","과일류","배","1393100","배","가격은 1kg당이며, 발주는 0.1kg단위로 가능함/배(일반공급)/25내(600g,21-25개)"
"농산물","과일류","배","1393101","배","가격은 1kg당이며, 발주는 0.1kg단위로 가능함/배(일반공급)/25내(600g,21-25개)/국산"
"농산물","과일류","배","1393102","배","가격은 1kg당이며, 발주는 0.1kg단위로 가능함/600g내외"
"농산물","과일류","배","1393103","배","가격은 1kg당이며, 발주는 0.1kg단위로 가능함/배(일반공급)/30내(26-30개)"
"농산물","과일류","배","1393104","배","가격은 1kg당이며, 발주는 0.1kg단위로 가능함/배(일반공급)/30내(26-30개)/국산"
"농산물","과일류","배","1393105","배","가격은 1kg당이며, 발주는 0.1kg단위로 가능함/500g내외"
"농산물","과일류","배","1393106","배","가격은 1kg당이며, 발주는 0.1kg단위로 가능함/배(일반공급)/40내(35-40개)"
"농산물","과일류","배","1393107","배","가격은 1kg당이며, 발주는 0.1kg단위로 가능함/배(일반공급)/40내(35-40개)/국산"
"농산물","과일류","배","1393108","배","가격은 1kg당이며, 발주는 0.1kg단위로 가능함/배(일반공급)소스용/30내"
"농산물","과일류","배","1393109","배","가격은 1kg당이며, 발주는 0.1kg단위로 가능함/500g내외"
"농산물","과일류","사과","1393110","사과","가격은 1kg당이며, 발주는 0.1kg단위로 가능함/사과(일반공급) 10Kg 27~30과"
"농산물","과일류","사과","1393111","사과","가격은 1kg당이며, 발주는 0.1kg단위로 가능함/사과(일반공급) 10Kg 27~30과(330g/개)/국산"
"농산물","과일류","사과","1393112","사과","가격은 1kg당이며, 발주는 0.1kg단위로 가능함/330g내외"
"농산물","과일류","사과","1393113","사과","가격은 1kg당이며, 발주는 0.1kg단위로 가능함/사과(일반공급) 10Kg 31~33과"
"농산물","과일류","사과","1393114","사과","가격은 1kg당이며, 발주는 0.1kg단위로 가능함/사과(일반공급) 10Kg 31~33과(300g/개)/국산"
"농산물","과일류","사과","1393115","사과","가격은 1kg당이며, 발주는 0.1kg단위로 가능함/300g내외"
"농산물","과일류","사과","1393116","사과","가격은 1kg당이며, 발주는 0.1kg단위로 가능함/사과(일반공급) 10Kg 34~36과"
"농산물","과일류","사과","1393117","사과","가격은 1kg당이며, 발주는 0.1kg단위로 가능함/사과(일반공급) 10Kg 34~36과(275g/개)/국산"
"농산물","과일류","사과","1393119","사과","가격은 1kg당이며, 발주는 0.1kg단위로 가능함/사과(일반공급) 10Kg 37~40과"
"농산물","과일류","사과","1393120","사과","가격은 1kg당이며, 발주는 0.1kg단위로 가능함/사과(일반공급) 10Kg 37~40과(250g/개)/국산"
"농산물","과일류","사과","1393121","사과","가격은 1kg당이며, 발주는 0.1kg단위로 가능함/250g내외"
"농산물","과일류","사과","1393122","사과","가격은 1kg당이며, 발주는 0.1kg단위로 가능함/사과(일반공급) 10Kg 41~45과"
"농산물","과일류","사과","1393123","사과","가격은 1kg당이며, 발주는 0.1kg단위로 가능함/사과(일반공급) 10Kg 41~45과(220g/개)/국산"
"농산물","과일류","사과","1393124","사과","가격은 1kg당이며, 발주는 0.1kg단위로 가능함/220g내외"
"농산물","과일류","사과","1393125","사과","가격은 1kg당이며, 발주는 0.1kg단위로 가능함/사과(일반공급) 10Kg 46~50과"
"농산물","과일류","사과","1393126","사과","가격은 1kg당이며, 발주는 0.1kg단위로 가능함/사과(일반공급) 10Kg 46~50과/국산"
"농산물","과일류","아보카도","1393127","아보카도","가격은 1kg당이며, 발주는 0.1kg단위로 가능함/불가능"
"농산물","과일류","아보카도","1393128","아보카도","가격은 1kg당이며, 발주는 0.1kg단위로 가능함/뉴질랜드,페루,멕시코산지등등 공급"
"농산물","과일류","오렌지","1393129","오렌지","가격은 1kg당이며, 발주는 0.1kg단위로 가능함/레드향(탄금향) 200g/개"
"농산물","과일류","오렌지","1393130","오렌지","가격은 1kg당이며, 발주는 0.1kg단위로 가능함/레드향(탄금향) 200g/개/국산"
"농산물","과일류","오렌지","1393131","오렌지","가격은 1kg당이며, 발주는 0.1kg단위로 가능함/레드향(탄금향) 250g/개"
"농산물","과일류","오렌지","1393132","오렌지","가격은 1kg당이며, 발주는 0.1kg단위로 가능함/레드향(탄금향) 250g/개/국산"
"농산물","과일류","오렌지","1393133","오렌지","가격은 1kg당이며, 발주는 0.1kg단위로 가능함/250g내외"
"농산물","과일류","오렌지","1393134","오렌지","가격은 1kg당이며, 발주는 0.1kg단위로 가능함/레드향(탄금향) 300g/개"
"농산물","과일류","오렌지","1393135","오렌지","가격은 1kg당이며, 발주는 0.1kg단위로 가능함/레드향(탄금향) 300g/개/국산"
"농산물","과일류","오렌지","1393136","오렌지","가격은 1kg당이며, 발주는 0.1kg단위로 가능함/300g내외"
"농산물","과일류","오렌지","1393137","오렌지","가격은 1kg당이며, 발주는 0.1kg단위로 가능함/레드향(탄금향) 350g/개"
"농산물","과일류","오렌지","1393138","오렌지","가격은 1kg당이며, 발주는 0.1kg단위로 가능함/레드향(탄금향) 350g/개/국산"
"농산물","과일류","오렌지","1393139","오렌지","가격은 1kg당이며, 발주는 0.1kg단위로 가능함/레드향(탄금향) 400g/개"
"농산물","과일류","오렌지","1393140","오렌지","가격은 1kg당이며, 발주는 0.1kg단위로 가능함/레드향(탄금향) 400g/개/국산"
"농산물","과일류","오렌지","1393141","오렌지","가격은 1kg당이며, 발주는 0.1kg단위로 가능함/400g내외"
"농산물","과일류","오렌지","1393145","오렌지","가격은 1kg당이며, 발주는 0.1kg단위로 가능함/천혜향,200g/개"
"농산물","과일류","오렌지","1393146","오렌지","가격은 1kg당이며, 발주는 0.1kg단위로 가능함/천혜향,220g/개"
"농산물","과일류","오렌지","1393147","오렌지","가격은 1kg당이며, 발주는 0.1kg단위로 가능함/천혜향,250g/개"
"농산물","과일류","오렌지","1393149","오렌지","가격은 1kg당이며, 발주는 0.1kg단위로 가능함/천혜향,300g/개"
"농산물","과일류","오렌지","1393153","오렌지","가격은 1kg당이며, 발주는 0.1kg단위로 가능함/200g내외"
"농산물","과일류","오렌지","1393157","오렌지","가격은 1kg당이며, 발주는 0.1kg단위로 가능함/한라봉,250g/개"
"농산물","과일류","오렌지","1393158","오렌지","가격은 1kg당이며, 발주는 0.1kg단위로 가능함/한라봉,250g/개/국산"
"농산물","과일류","오렌지","1393161","오렌지","가격은 1kg당이며, 발주는 0.1kg단위로 가능함/한라봉,300g/개"
"농산물","과일류","오렌지","1393162","오렌지","가격은 1kg당이며, 발주는 0.1kg단위로 가능함/한라봉,300g/개/국산"
"농산물","과일류","오렌지","1393164","오렌지","가격은 1kg당이며, 발주는 0.1kg단위로 가능함/황금향, 170-199g/개"
"농산물","과일류","오렌지","1393165","오렌지","가격은 1kg당이며, 발주는 0.1kg단위로 가능함/황금향, 200-250g/개"
"농산물","과일류","자두","1393166","자두","가격은 1kg당이며, 발주는 0.1kg단위로 가능함/자두, 115개 내외/10kg(80~90g/개)"
"농산물","과일류","자두","1393167","자두","가격은 1kg당이며, 발주는 0.1kg단위로 가능함/자두, 125개 내외/10kg(70~80g/개)"
"농산물","과일류","체리","1393168","체리","가격은 1kg당이며, 발주는 0.1kg단위로 가능함/미국산,호주산,칠레산등등 그시기에 맞게 상품공급 "
"농산물","과일류","체리","1393169","체리","가격은 1kg당이며, 발주는 0.1kg단위로 가능함/불가능"
"농산물","과일류","키위","1393170","키위","가격은 1kg당이며, 발주는 0.1kg단위로 가능함/불가능"
"농산물","과일류","키위","1393171","키위","가격은 1kg당이며, 발주는 0.1kg단위로 가능함/뉴질랜드,제주 공급예정"
"농산물","과일류","키위","1393174","키위","가격은 1kg당이며, 발주는 0.1kg단위로 가능함/국내산 공급예정(해남,제주등등)"
"농산물","과일류","파인애플","1393175","파인애플","가격은 1kg당이며, 발주는 0.1kg단위로 가능함/필리핀산 공급"
"농산물","과일류","파인애플","1393176","파인애플","가격은 1kg당이며, 발주는 0.1kg단위로 가능함/필리핀산 공급"
"농산물","과일류","파인애플","1393177","파인애플","가격은 1kg당이며, 발주는 0.1kg단위로 가능함/필리핀산 공급"
"농산물","과일류","포도(국내산)","1393178","포도(국내산)","가격은 1kg당이며, 발주는 0.1kg단위로 가능함/거봉"
"농산물","과일류","포도(국내산)","1393179","포도(국내산)","가격은 1kg당이며, 발주는 0.1kg단위로 가능함/머루포도"
"농산물","과일류","포도(국내산)","1393180","포도(국내산)","가격은 1kg당이며, 발주는 0.1kg단위로 가능함/켐벨포도"
"농산물","과일류","포도(수입산)","1393181","포도(수입)","가격은 1kg당이며, 발주는 0.1kg단위로 가능함/불가능"
"농산물","과일류","포도(수입산)","1393182","포도(수입)","가격은 1kg당이며, 발주는 0.1kg단위로 가능함/불가능"
"농산물","과일류","포도(수입산)","1393183","포도(수입)","가격은 1kg당이며, 발주는 0.1kg단위로 가능함/불가능"
"농산물","과일류","포도(수입산)","1393184","포도(수입)","가격은 1kg당이며, 발주는 0.1kg단위로 가능함/미국,칠레,페루산 그시기에 맞게 공급"
"농산물","과채류","가지","1393185","가지","가격은 1kg당이며, 발주는 0.1kg단위로 가능함/가지목 가지과 가지속에 속하는 한해살이풀 채소, 열매를 빼면 전체적으로 회색빛？성상모가 특징인 식물로, 식용으로 많이 사용한다. 원산지는？인도이며,？한반도에는？중국을 통해 들어와？신라？시대부터 재배되었다"
"농산물","과채류","단호박","1393186","단호박","가격은 1kg당이며, 발주는 0.1kg단위로 가능함/단호박(4등분)"
"농산물","과채류","단호박","1393187","단호박","가격은 1kg당이며, 발주는 0.1kg단위로 가능함/단호박(깍뚝썰기/밥용)"
"농산물","과채류","단호박","1393188","단호박","가격은 1kg당이며, 발주는 0.1kg단위로 가능함/단호박(깍뚝썰기/카레용)"
"농산물","과채류","단호박","1393189","단호박","가격은 1kg당이며, 발주는 0.1kg단위로 가능함/단호박(껍질없는 찜용)"
"농산물","과채류","단호박","1393190","단호박","가격은 1kg당이며, 발주는 0.1kg단위로 가능함/단호박(죽용)"
"농산물","과채류","단호박","1393191","단호박","가격은 1kg당이며, 발주는 0.1kg단위로 가능함/단호박(채)"
"농산물","과채류","단호박","1393192","단호박","가격은 1kg당이며, 발주는 0.1kg단위로 가능함/단호박(튀김용/절단)"
"농산물","과채류","단호박","1393193","단호박","가격은 1kg당이며, 발주는 0.1kg단위로 가능함/단호박(피)"
"농산물","과채류","돼지호박","1393194","돼지호박","가격은 1kg당이며, 발주는 0.1kg단위로 가능함/박과 호박속의 1년생 초본식물. 애호박보다 크고 통통한 열매 채소"
"농산물","과채류","애호박","1393195","애호박","가격은 1kg당이며, 발주는 0.1kg단위로 가능함/덜 자란 어린 호박"
"농산물","과채류","애호박","1393196","애호박","가격은 1kg당이며, 발주는 0.1kg단위로 가능함/덜 자란 어린 호박"
"농산물","과채류","애호박","1393197","애호박","가격은 1kg당이며, 발주는 0.1kg단위로 가능함/국내산 애호박을 슬라이스 절단하여 말린 제품"
"농산물","과채류","오이","1393198","오이","가격은 1kg당이며, 발주는 0.1kg단위로 가능함/4~5월에 주로 수확하여 생식용이나 절임으로 많이 먹는 반백계 오이"
"농산물","과채류","오이","1393199","오이","가격은 1kg당이며, 발주는 0.1kg단위로 가능함/우리나라 남부 지방에서 겨울철에 주로 재배되는 25?30cm？크기의 청록색 오이"
"농산물","과채류","오이","1393200","오이","가격은 1kg당이며, 발주는 0.1kg단위로 가능함/국내산/일반농산물/상품 이상"
"농산물","근채류","당근","1393201","당근","가격은 1kg당이며, 발주는 0.1kg단위로 가능함/깐당근"
"농산물","근채류","당근","1393202","당근","가격은 1kg당이며, 발주는 0.1kg단위로 가능함/깐당근(깍둑썰기)"
"농산물","근채류","당근","1393203","당근","가격은 1kg당이며, 발주는 0.1kg단위로 가능함/당근(흙)"
"농산물","근채류","당근","1393204","당근","가격은 1kg당이며, 발주는 0.1kg단위로 가능함/세척당근"
"농산물","근채류","무","1393205","무","가격은 1kg당이며, 발주는 0.1kg단위로 가능함/세척 후 손질 하여 보내드립니다. 속이 뽀얗고 수분함량이 풍부해서 맛이 좋습니다."
"농산물","근채류","무","1393206","무","가격은 1kg당이며, 발주는 0.1kg단위로 가능함/세척하지 않고 흙이 묻은 무로 보내드립니다. 속이 뽀얗고 수분함량이 풍부해서 맛이 좋습니다."
"농산물","근채류","무","1393207","무","가격은 1kg당이며, 발주는 0.1kg단위로 가능함/깔끔하게 세척 후 무청은 제거하여 무우만 보내드립니다. 속이 뽀얗고 수분함량도 풍부해서 맛이 좋습니다."
"농산물","기타채소","고사리","1393209","고사리","가격은 1kg당이며, 발주는 0.1kg단위로 가능함/국내산 생고사리를 데쳐서 깨끗이 말린 제품"
"농산물","기타채소","고사리","1393210","고사리","가격은 1kg당이며, 발주는 0.1kg단위로 가능함/국내산 건고무마순을 세척, 불림, 데침, 선별 , 포장 공정을 거친 제품"
"농산물","기타채소","도라지","1393211","도라지","가격은 1kg당이며, 발주는 0.1kg단위로 가능함/국내산 피도라지를 세척, 박피, 절단, 선별 포장 공정을 거친 제품"
"농산물","기타채소","두릅","1393212","두릅","가격은 1kg당이며, 발주는 0.1kg단위로 가능함/0.3k 이상 발주 가능"
"농산물","기타채소","무말랭이","1393213","무말랭이","가격은 1kg당이며, 발주는 0.1kg단위로 가능함/국내산 무우를 절단하여 깨끗이 말림 제픔"
"농산물","기타채소","무시래기","1393214","무시래기","가격은 1kg당이며, 발주는 0.1kg단위로 가능함/국내산 청정구역의 생시래기를 찬바람으로 깨끗이 말림 제픔"
"농산물","기타채소","무시래기","1393215","무시래기","가격은 1kg당이며, 발주는 0.1kg단위로 가능함/국내산 건무시래기를 세척, 불림, 데침, 선별, 포장 공정을 거친 제품"
"농산물","기타채소","유채","1393216","유채","가격은 1kg당이며, 발주는 0.1kg단위로 가능함/0.3k 이상 발주 가능, 비손질제품/반드시 당일사용권장"
"농산물","버섯류","건표고가공품","1393217","건표고","가격은 1kg당이며, 발주는 0.1kg단위로 가능함/국내산 생표고버섯을 슬라이스 절단하여 깨끗이 말린 제품"
"농산물","버섯류","건표고가공품","1393218","건표고","가격은 1kg당이며, 발주는 0.1kg단위로 가능함/국내산 생표고버섯을 깨끗이 말린 제품"
"농산물","버섯류","건표고가공품","1393219","건표고","가격은 1kg당이며, 발주는 0.1kg단위로 가능함/국내산 생표고버섯을 칩모양으로 절단하여 깨끗이 말린 제품"
"농산물","버섯류","느타리버섯","1393220","느타리버섯","가격은 1kg당이며, 발주는 0.1kg단위로 가능함/0.3k 이상 발주 가능"
"농산물","버섯류","만가닥버섯","1393221","만가닥버섯","가격은 1kg당이며, 발주는 0.1kg단위로 가능함/150G/1팩, 2팩이상 발주가능"
"농산물","버섯류","새송이버섯","1393222","새송이버섯","가격은 1kg당이며, 발주는 0.1kg단위로 가능함/0.3k 이상 발주 가능, 볶음용 애기새송이 크기는 계절에 따라 조금씩 달라짐"
"농산물","버섯류","새송이버섯","1393223","새송이버섯","가격은 1kg당이며, 발주는 0.1kg단위로 가능함/0.3k 이상 발주 가능"
"농산물","버섯류","애느타리버섯","1393224","애느타리버섯","가격은 1kg당이며, 발주는 0.1kg단위로 가능함/200G/1팩, 1팩이상 발주가능"
"농산물","버섯류","양송이버섯","1393225","양송이버섯","가격은 1kg당이며, 발주는 0.1kg단위로 가능함/0.3k 이상 발주 가능"
"농산물","버섯류","팽이버섯","1393226","팽이버섯","가격은 1kg당이며, 발주는 0.1kg단위로 가능함/150G/1봉, 최소발주 0.3K이상 발주가능"
"농산물","버섯류","표고버섯","1393227","표고버섯","가격은 1kg당이며, 발주는 0.1kg단위로 가능함/0.3k 이상 발주 가능"
"농산물","서류","감자","1393228","감자","가격은 1kg당이며, 발주는 0.1kg단위로 가능함/감자(깐것)"
"농산물","서류","감자","1393229","감자","가격은 1kg당이며, 발주는 0.1kg단위로 가능함/감자(깐것-깍둑썰기) "
"농산물","서류","감자","1393230","감자","가격은 1kg당이며, 발주는 0.1kg단위로 가능함/감자(피)"
"농산물","서류","고구마","1393231","고구마","가격은 1kg당이며, 발주는 0.1kg단위로 가능함/고구마(깐것)"
"농산물","서류","고구마","1393232","고구마","가격은 1kg당이며, 발주는 0.1kg단위로 가능함/고구마(깐것/가는채/스틱)"
"농산물","서류","고구마","1393233","고구마","가격은 1kg당이며, 발주는 0.1kg단위로 가능함/고구마(깐것/굵은채/스틱)"
"농산물","서류","고구마","1393234","고구마","가격은 1kg당이며, 발주는 0.1kg단위로 가능함/고구마(깐것/깍둑,어슷썰기,카레용)"
"농산물","서류","고구마","1393235","고구마","가격은 1kg당이며, 발주는 0.1kg단위로 가능함/고구마(깐것/맛탕용)"
"농산물","서류","고구마","1393236","고구마","가격은 1kg당이며, 발주는 0.1kg단위로 가능함/고구마(피세척)"
"농산물","서류","알감자","1393237","알감자","가격은 1kg당이며, 발주는 0.1kg단위로 가능함/50g내외/개"
"농산물","서류","알감자","1393238","알감자","가격은 1kg당이며, 발주는 0.1kg단위로 가능함/30g내외/개"
"농산물","서류","알감자","1393239","알감자","가격은 1kg당이며, 발주는 0.1kg단위로 가능함/30~40g/개"
"농산물","서류","웨지감자","1393240","웨지감자","가격은 1kg당이며, 발주는 0.1kg단위로 가능함/웨지감자(깐)"
"농산물","서류","웨지감자","1393241","웨지감자","가격은 1kg당이며, 발주는 0.1kg단위로 가능함/25~30g/개"
"농산물","서류","호박고구마","1393242","호박고구마","가격은 1kg당이며, 발주는 0.1kg단위로 가능함/호박고구마(세척/찜용),50-70g/개"
"농산물","서류","호박고구마","1393243","호박고구마","가격은 1kg당이며, 발주는 0.1kg단위로 가능함/호박고구마(세척/찜용),80-100g/개"
"농산물","양곡부류","강낭콩","1393244","강낭콩","가격은 1kg당이며, 발주는 1kg단위로 가능함 / 강낭콩(말린것)"
"농산물","양곡부류","강낭콩","1393246","강낭콩","가격은 1kg당이며, 발주는 1kg단위로 가능함 / 친환경 농산물"
"농산물","양곡부류","강낭콩","1393248","강낭콩","가격은 500g당이며, 발주는 500g단위로 가능함 / 강낭콩(말린것)"
"농산물","양곡부류","강낭콩","1393250","강낭콩","가격은 1kg당이며, 발주는 1kg단위로 가능함 / 조각강낭콩"
"농산물","양곡부류","강낭콩","1393251","강낭콩","가격은 500g당이며, 발주는 500g단위로 가능함 / 조각강낭콩"
"농산물","양곡부류","귀리","1393252","귀리","가격은 1kg당이며, 발주는 1kg단위로 가능함 / 귀리"
"농산물","양곡부류","귀리","1393254","귀리","가격은 500g당이며, 발주는 500g단위로 가능함 / 귀리"
"농산물","양곡부류","귀리","1393255","귀리","가격은 1kg당이며, 발주는 1kg단위로 가능함 / 귀리쌀"
"농산물","양곡부류","귀리","1393260","귀리","가격은 1kg당이며, 발주는 1kg단위로 가능함 / 친환경 농산물"
"농산물","양곡부류","귀리","1393261","귀리","가격은 500g당이며, 발주는 500g단위로 가능함 / 귀리쌀"
"농산물","양곡부류","기능성쌀","1393264","기능성쌀","가격은 1kg당이며, 발주는 1kg단위로 가능함 / 강황라이스(무농약원료)"
"농산물","양곡부류","기능성쌀","1393265","기능성쌀","가격은 1kg당이며, 발주는 1kg단위로 가능함 / 강황카레라이스"
"농산물","양곡부류","기능성쌀","1393267","기능성쌀","가격은 1kg당이며, 발주는 1kg단위로 가능함 / 고칼슘강화기장"
"농산물","양곡부류","기능성쌀","1393268","기능성쌀","가격은 500g당이며, 발주는 500g단위로 가능함 / 고칼슘강화기장"
"농산물","양곡부류","기능성쌀","1393269","기능성쌀","가격은 1kg당이며, 발주는 1kg단위로 가능함 / 고칼슘기장"
"농산물","양곡부류","기능성쌀","1393270","기능성쌀","가격은 1kg당이며, 발주는 1kg단위로 가능함 / 고칼슘기장(무농약원료) "
"농산물","양곡부류","기능성쌀","1393271","기능성쌀","가격은 500g당이며, 발주는 500g단위로 가능함 / 고칼슘기장(무농약원료) "
"농산물","양곡부류","기능성쌀","1393272","기능성쌀","가격은 1kg당이며, 발주는 1kg단위로 가능함 / 녹차라이스"
"농산물","양곡부류","기능성쌀","1393273","기능성쌀","가격은 1kg당이며, 발주는 1kg단위로 가능함 / 녹차라이스(무농약원료)"
"농산물","양곡부류","기능성쌀","1393274","기능성쌀","가격은 1kg당이며, 발주는 1kg단위로 가능함 / 녹차카테킨"
"농산물","양곡부류","기능성쌀","1393275","기능성쌀","가격은 1kg당이며, 발주는 1kg단위로 가능함 / 밸런스라이스(무농약원료)"
"농산물","양곡부류","기능성쌀","1393276","기능성쌀","가격은 1kg당이며, 발주는 1kg단위로 가능함 / 버섯카로틴라이스"
"농산물","양곡부류","기능성쌀","1393278","기능성쌀","가격은 1kg당이며, 발주는 1kg단위로 가능함 / 버섯카로틴라이스(무농약원료)"
"농산물","양곡부류","기능성쌀","1393279","기능성쌀","가격은 1kg당이며, 발주는 1kg단위로 가능함 / 칼슘찹쌀"
"농산물","양곡부류","기능성쌀","1393281","기능성쌀","가격은 1kg당이며, 발주는 1kg단위로 가능함 / 칼슘찹쌀(무농약 원료)"
"농산물","양곡부류","기능성쌀","1393282","기능성쌀","가격은 1kg당이며, 발주는 1kg단위로 가능함 / 칼슘찹쌀(무농약원료)"
"농산물","양곡부류","기능성쌀","1393283","기능성쌀","가격은 1kg당이며, 발주는 1kg단위로 가능함 / 클로렐라라이스"
"농산물","양곡부류","기능성쌀","1393285","기능성쌀","가격은 1kg당이며, 발주는 1kg단위로 가능함 / 클로렐라라이스(무농약원료)"
"농산물","양곡부류","기능성쌀","1393286","기능성쌀","가격은 1kg당이며, 발주는 1kg단위로 가능함 / 클로렐라찹쌀(무농약 원료)"
"농산물","양곡부류","기능성쌀","1393287","기능성쌀","가격은 1kg당이며, 발주는 1kg단위로 가능함 / 토마코펜라이스"
"농산물","양곡부류","기능성쌀","1393289","기능성쌀","가격은 1kg당이며, 발주는 1kg단위로 가능함 / 토마코펜라이스(무농약원료)"
"농산물","양곡부류","기능성쌀","1393290","기능성쌀","가격은 1kg당이며, 발주는 1kg단위로 가능함 / 홍국라이스"
"농산물","양곡부류","기능성쌀","1393292","기능성쌀","가격은 1kg당이며, 발주는 1kg단위로 가능함 / 홍국하이스(무농약원료)"
"농산물","양곡부류","기장","1393293","기장","가격은 1kg당이며, 발주는 1kg단위로 가능함 / 기장"
"농산물","양곡부류","기장","1393297","기장","가격은 1kg당이며, 발주는 1kg단위로 가능함 / 기장"
"농산물","양곡부류","기장","1393298","기장","가격은 1kg당이며, 발주는 1kg단위로 가능함 / 친환경 농산물"
"농산물","양곡부류","기장","1393299","기장","가격은 500g당이며, 발주는 500g단위로 가능함 / 기장"
"농산물","양곡부류","기장","1393300","기장","가격은 500g당이며, 발주는 500g단위로 가능함 / 기장"
"농산물","양곡부류","기장","1393301","기장","가격은 1kg당이며, 발주는 1kg단위로 가능함 / 친환경 농산물"
"농산물","양곡부류","녹두","1393302","녹두","가격은 1kg당이며, 발주는 1kg단위로 가능함 / 녹두(깐것)"
"농산물","양곡부류","녹두","1393303","녹두","가격은 1kg당이며, 발주는 1kg단위로 가능함 / 녹두(깐것)"
"농산물","양곡부류","녹두","1393304","녹두","가격은 1kg당이며, 발주는 1kg단위로 가능함 / 녹두(깐것)"
"농산물","양곡부류","녹두","1393305","녹두","가격은 1kg당이며, 발주는 1kg단위로 가능함 / 녹두(깐것)"
"농산물","양곡부류","녹두","1393306","녹두","가격은 1kg당이며, 발주는 1kg단위로 가능함 / 녹두(깐것)"
"농산물","양곡부류","녹두","1393307","녹두","가격은 1kg당이며, 발주는 1kg단위로 가능함 / 친환경 농산물"
"농산물","양곡부류","녹두","1393308","녹두","가격은 500g당이며, 발주는 500g단위로 가능함 / 녹두(깐것)"
"농산물","양곡부류","녹두","1393309","녹두","가격은 500g당이며, 발주는 500g단위로 가능함 / 녹두(깐것)"
"농산물","양곡부류","녹두","1393310","녹두","가격은 1kg당이며, 발주는 1kg단위로 가능함 / 친환경 농산물"
"농산물","양곡부류","녹미","1393311","녹미","가격은 1kg당이며, 발주는 1kg단위로 가능함 / 친환경 농산물"
"농산물","양곡부류","녹미","1393312","녹미","가격은 1kg당이며, 발주는 1kg단위로 가능함 / 친환경 농산물"
"농산물","양곡부류","백미","1393313","백미","가격은 1kg당이며, 발주는 1kg단위로 가능함 / 일반미(무농약)"
"농산물","양곡부류","백미","1393316","백미","가격은 1kg당이며, 발주는 1kg단위로 가능함 / 친환경 농산물"
"농산물","양곡부류","백미","1393318","백미","가격은 1kg당이며, 발주는 1kg단위로 가능함 / 쌀알이 굵고 씹는 맛이 좋은 품종으로 담백한 밥맛이 특징"
"농산물","양곡부류","백미","1393319","백미","가격은 1kg당이며, 발주는 1kg단위로 가능함 / 일반미(신동진)"
"농산물","양곡부류","백미","1393321","백미","가격은 1kg당이며, 발주는 1kg단위로 가능함 / 우렁이농법으로 잡초를 제거해 만든 친환경쌀로 찰진 밥맛이 특징"
"농산물","양곡부류","백미","1393322","백미","가격은 1kg당이며, 발주는 1kg단위로 가능함 / 생명의땅 전남해남군에서 생산되는 안전하고 건강한 쌀"
"농산물","양곡부류","백미","1393323","백미","가격은 1kg당이며, 발주는 1kg단위로 가능함 / 생명의땅 전남해남군에서 생산되는 안전하고 건강한 쌀"
"농산물","양곡부류","백미","1393324","백미","가격은 1kg당이며, 발주는 1kg단위로 가능함 / 생명의땅 전남해남군에서 생산되는 안전하고 건강한 쌀"
"농산물","양곡부류","백미","1393325","백미","가격은 1kg당이며, 발주는 1kg단위로 가능함 / 생명의땅 전남해남군에서 생산되는 안전하고 건강한 쌀"
"농산물","양곡부류","백미","1393326","백미","가격은 1kg당이며, 발주는 1kg단위로 가능함 / 생명의땅 전남해남군에서 생산되는 안전하고 건강한 쌀"
"농산물","양곡부류","백미","1393327","백미","가격은 1kg당이며, 발주는 1kg단위로 가능함 / 생명의땅 전남해남군에서 생산되는 안전하고 건강한 쌀"
"농산물","양곡부류","백미","1393328","백미","가격은 1kg당이며, 발주는 1kg단위로 가능함 / 생명의땅 전남해남군에서 생산되는 안전하고 건강한 쌀"
"농산물","양곡부류","백미","1393329","일반미(유기농)","[유기농고향천년숲쌀] 일반미(유기농)-1kg / 원산지:전남해남산 / 품종:신동진 / 쌀알이 굵고 맛있는쌀"
"농산물","양곡부류","백미","1393330","백미","가격은 1kg당이며, 발주는 1kg단위로 가능함 / 생명의땅 전남해남군에서 생산되는 안전하고 건강한 쌀"
"농산물","양곡부류","백미","1393331","백미","가격은 1kg당이며, 발주는 1kg단위로 가능함 / 생명의땅 전남해남군에서 생산되는 안전하고 건강한 쌀"
"농산물","양곡부류","백미","1393332","백미","가격은 1kg당이며, 발주는 1kg단위로 가능함 / 생명의땅 전남해남군에서 생산되는 안전하고 건강한 쌀"
"농산물","양곡부류","백미","1393333","백미","가격은 1kg당이며, 발주는 1kg단위로 가능함 / 생명의땅 전남해남군에서 생산되는 안전하고 건강한 쌀"
"농산물","양곡부류","백미","1393334","백미","가격은 1kg당이며, 발주는 1kg단위로 가능함 / 일반미(유기농)"
"농산물","양곡부류","백미","1393337","백미","가격은 1kg당이며, 발주는 1kg단위로 가능함 / 일반미(혼합)"
"농산물","양곡부류","백미","1393339","백미","가격은 1kg당이며, 발주는 1kg단위로 가능함 / 칠분도미(무농약)"
"농산물","양곡부류","백미","1393344","백미","가격은 1kg당이며, 발주는 1kg단위로 가능함 / 칠분도미(유기농)"
"농산물","양곡부류","백태","1393346","백태","가격은 1kg당이며, 발주는 1kg단위로 가능함 / 백태"
"농산물","양곡부류","백태","1393347","백태","가격은 1kg당이며, 발주는 1kg단위로 가능함 / 백태"
"농산물","양곡부류","백태","1393348","백태","가격은 1kg당이며, 발주는 1kg단위로 가능함 / 백태"
"농산물","양곡부류","백태","1393349","백태","가격은 1kg당이며, 발주는 1kg단위로 가능함 / 백태"
"농산물","양곡부류","백태","1393350","백태","가격은 1kg당이며, 발주는 1kg단위로 가능함 / 친환경 농산물"
"농산물","양곡부류","백태","1393351","백태","가격은 500g당이며, 발주는 500g단위로 가능함 / 백태"
"농산물","양곡부류","백태","1393352","백태","가격은 500g당이며, 발주는 500g단위로 가능함 / 백태"
"농산물","양곡부류","백태","1393353","백태","가격은 1kg당이며, 발주는 1kg단위로 가능함 / 친환경 농산물"
"농산물","양곡부류","보리","1393354","보리","가격은 1kg당이며, 발주는 1kg단위로 가능함 / 검정찰보리"
"농산물","양곡부류","보리","1393355","보리","가격은 500g당이며, 발주는 500g단위로 가능함 / 검정찰보리"
"농산물","양곡부류","보리","1393356","보리","가격은 1kg당이며, 발주는 1kg단위로 가능함 / 늘보리"
"농산물","양곡부류","보리","1393357","보리","가격은 500g당이며, 발주는 500g단위로 가능함 / 늘보리"
"농산물","양곡부류","보리","1393358","보리","가격은 1kg당이며, 발주는 1kg단위로 가능함 / 쌀보리"
"농산물","양곡부류","보리","1393359","보리","가격은 1kg당이며, 발주는 1kg단위로 가능함 / 쌀보리"
"농산물","양곡부류","보리","1393360","보리","가격은 1kg당이며, 발주는 1kg단위로 가능함 / 쌀보리"
"농산물","양곡부류","보리","1393361","보리","가격은 1kg당이며, 발주는 1kg단위로 가능함 / 친환경 농산물"
"농산물","양곡부류","보리","1393362","보리","가격은 500g당이며, 발주는 500g단위로 가능함 / 쌀보리"
"농산물","양곡부류","보리","1393363","보리","가격은 500g당이며, 발주는 500g단위로 가능함 / 쌀보리"
"농산물","양곡부류","보리","1393364","보리","가격은 1kg당이며, 발주는 1kg단위로 가능함 / 친환경 농산물"
"농산물","양곡부류","보리","1393365","보리","가격은 1kg당이며, 발주는 1kg단위로 가능함 / 압맥"
"농산물","양곡부류","보리","1393366","보리","가격은 1kg당이며, 발주는 1kg단위로 가능함 / 압맥"
"농산물","양곡부류","보리","1393367","보리","가격은 500g당이며, 발주는 500g단위로 가능함 / 압맥"
"농산물","양곡부류","보리","1393368","보리","가격은 1kg당이며, 발주는 1kg단위로 가능함 / 찰보리"
"농산물","양곡부류","보리","1393369","보리","가격은 1kg당이며, 발주는 1kg단위로 가능함 / 찰보리"
"농산물","양곡부류","보리","1393370","보리","가격은 1kg당이며, 발주는 1kg단위로 가능함 / 찰보리"
"농산물","양곡부류","보리","1393371","보리","가격은 1kg당이며, 발주는 1kg단위로 가능함 / 찰보리"
"농산물","양곡부류","보리","1393372","보리","가격은 1kg당이며, 발주는 1kg단위로 가능함 / 찰보리"
"농산물","양곡부류","보리","1393373","보리","가격은 1kg당이며, 발주는 1kg단위로 가능함 / 친환경 농산물"
"농산물","양곡부류","보리","1393374","보리","가격은 500g당이며, 발주는 500g단위로 가능함 / 찰보리"
"농산물","양곡부류","보리","1393375","보리","가격은 500g당이며, 발주는 500g단위로 가능함 / 찰보리"
"농산물","양곡부류","보리","1393376","보리","가격은 1kg당이며, 발주는 1kg단위로 가능함 / 친환경 농산물"
"농산물","양곡부류","보리","1393377","보리","가격은 1kg당이며, 발주는 1kg단위로 가능함 / 할맥"
"농산물","양곡부류","보리","1393378","보리","가격은 1kg당이며, 발주는 1kg단위로 가능함 / 할맥"
"농산물","양곡부류","보리","1393379","보리","가격은 500g당이며, 발주는 500g단위로 가능함 / 할맥"
"농산물","양곡부류","서리태","1393380","서리태","가격은 1kg당이며, 발주는 1kg단위로 가능함 / 서리태"
"농산물","양곡부류","서리태","1393381","서리태","가격은 1kg당이며, 발주는 1kg단위로 가능함 / 서리태"
"농산물","양곡부류","서리태","1393382","서리태","가격은 1kg당이며, 발주는 1kg단위로 가능함 / 서리태"
"농산물","양곡부류","서리태","1393383","서리태","가격은 1kg당이며, 발주는 1kg단위로 가능함 / 서리태"
"농산물","양곡부류","서리태","1393384","서리태","가격은 1kg당이며, 발주는 1kg단위로 가능함 / 서리태"
"농산물","양곡부류","서리태","1393385","서리태","가격은 1kg당이며, 발주는 1kg단위로 가능함 / 친환경 농산물"
"농산물","양곡부류","서리태","1393386","서리태","가격은 500g당이며, 발주는 500g단위로 가능함 / 서리태"
"농산물","양곡부류","서리태","1393387","서리태","가격은 500g당이며, 발주는 500g단위로 가능함 / 서리태"
"농산물","양곡부류","서리태","1393388","서리태","가격은 1kg당이며, 발주는 1kg단위로 가능함 / 친환경 농산물"
"농산물","양곡부류","서리태","1393389","서리태","가격은 1kg당이며, 발주는 1kg단위로 가능함 / 조각서리태"
"농산물","양곡부류","서리태","1393390","서리태","가격은 1kg당이며, 발주는 1kg단위로 가능함 / 조각서리태"
"농산물","양곡부류","서리태","1393391","서리태","가격은 1kg당이며, 발주는 1kg단위로 가능함 / 조각서리태"
"농산물","양곡부류","서리태","1393392","서리태","가격은 1kg당이며, 발주는 1kg단위로 가능함 / 조각서리태"
"농산물","양곡부류","서리태","1393393","서리태","가격은 500g당이며, 발주는 500g단위로 가능함 / 조각서리태"
"농산물","양곡부류","서리태","1393394","서리태","가격은 500g당이며, 발주는 500g단위로 가능함 / 조각서리태"
"농산물","양곡부류","쌀보리","1393395","쌀보리","가격은 1kg당이며, 발주는 1kg단위로 가능함 / 쌀보리"
"농산물","양곡부류","쌀보리","1393396","쌀보리","가격은 1kg당이며, 발주는 1kg단위로 가능함 / 쌀보리"
"농산물","양곡부류","옥수수알","1393397","옥수수알","가격은 1kg당이며, 발주는 1kg단위로 가능함 / 옥수수쌀(말린것 분쇄)"
"농산물","양곡부류","옥수수알","1393398","옥수수알","가격은 500g당이며, 발주는 500g단위로 가능함 / 옥수수쌀(말린것 분쇄)"
"농산물","양곡부류","옥수수알","1393399","옥수수알","가격은 1kg당이며, 발주는 1kg단위로 가능함 / 옥수수알 말린것"
"농산물","양곡부류","옥수수알","1393400","옥수수알","가격은 500g당이며, 발주는 500g단위로 가능함 / 옥수수알 말린것"
"농산물","양곡부류","울타리콩","1393401","울타리콩","가격은 1kg당이며, 발주는 1kg단위로 가능함 / 울타리콩"
"농산물","양곡부류","울타리콩","1393402","울타리콩","가격은 500g당이며, 발주는 500g단위로 가능함 / 울타리콩"
"농산물","양곡부류","율무쌀","1393403","율무쌀","가격은 1kg당이며, 발주는 1kg단위로 가능함 / 율무"
"농산물","양곡부류","율무쌀","1393404","율무쌀","가격은 1kg당이며, 발주는 1kg단위로 가능함 / 율무쌀"
"농산물","양곡부류","율무쌀","1393405","율무쌀","가격은 1kg당이며, 발주는 1kg단위로 가능함 / 율무쌀"
"농산물","양곡부류","율무쌀","1393406","율무쌀","가격은 1kg당이며, 발주는 1kg단위로 가능함 / 율무쌀"
"농산물","양곡부류","율무쌀","1393407","율무쌀","가격은 1kg당이며, 발주는 1kg단위로 가능함 / 친환경 농산물"
"농산물","양곡부류","율무쌀","1393408","율무쌀","가격은 500g당이며, 발주는 500g단위로 가능함 / 율무쌀"
"농산물","양곡부류","율무쌀","1393409","율무쌀","가격은 500g당이며, 발주는 500g단위로 가능함 / 율무쌀"
"농산물","양곡부류","율무쌀","1393410","율무쌀","가격은 1kg당이며, 발주는 1kg단위로 가능함 / 친환경 농산물"
"농산물","양곡부류","적두","1393411","적두","가격은 1kg당이며, 발주는 1kg단위로 가능함 / 적두"
"농산물","양곡부류","적두","1393412","적두","가격은 1kg당이며, 발주는 1kg단위로 가능함 / 적두"
"농산물","양곡부류","적두","1393413","적두","가격은 1kg당이며, 발주는 1kg단위로 가능함 / 적두"
"농산물","양곡부류","적두","1393414","적두","가격은 1kg당이며, 발주는 1kg단위로 가능함 / 적두"
"농산물","양곡부류","적두","1393415","적두","가격은 1kg당이며, 발주는 1kg단위로 가능함 / 친환경 농산물"
"농산물","양곡부류","적두","1393416","적두","가격은 500g당이며, 발주는 500g단위로 가능함 / 적두"
"농산물","양곡부류","적두","1393417","적두","가격은 500g당이며, 발주는 500g단위로 가능함 / 적두"
"농산물","양곡부류","적두","1393418","적두","가격은 1kg당이며, 발주는 1kg단위로 가능함 / 친환경 농산물"
"농산물","양곡부류","적두","1393419","적두","가격은 1kg당이며, 발주는 1kg단위로 가능함 / 조각적두"
"농산물","양곡부류","적두","1393420","적두","가격은 500g당이며, 발주는 500g단위로 가능함 / 조각적두"
"농산물","양곡부류","쥐눈이콩(검정약콩)","1393421","쥐눈이콩(검정약콩)","가격은 1kg당이며, 발주는 1kg단위로 가능함 / 쥐눈이콩(검정약콩)"
"농산물","양곡부류","쥐눈이콩(검정약콩)","1393422","쥐눈이콩(검정약콩)","가격은 1kg당이며, 발주는 1kg단위로 가능함 / 쥐눈이콩(검정약콩)"
"농산물","양곡부류","쥐눈이콩(검정약콩)","1393423","쥐눈이콩(검정약콩)","가격은 1kg당이며, 발주는 1kg단위로 가능함 / 쥐눈이콩(검정약콩)"
"농산물","양곡부류","쥐눈이콩(검정약콩)","1393424","쥐눈이콩(검정약콩)","가격은 1kg당이며, 발주는 1kg단위로 가능함 / 쥐눈이콩(검정약콩)"
"농산물","양곡부류","쥐눈이콩(검정약콩)","1393425","쥐눈이콩(검정약콩)","가격은 1kg당이며, 발주는 1kg단위로 가능함 / 친환경 농산물"
"농산물","양곡부류","쥐눈이콩(검정약콩)","1393426","쥐눈이콩(검정약콩)","가격은 500g당이며, 발주는 500g단위로 가능함 / 쥐눈이콩(검정약콩)"
"농산물","양곡부류","쥐눈이콩(검정약콩)","1393427","쥐눈이콩(검정약콩)","가격은 500g당이며, 발주는 500g단위로 가능함 / 쥐눈이콩(검정약콩)"
"농산물","양곡부류","쥐눈이콩(검정약콩)","1393428","쥐눈이콩(검정약콩)","가격은 1kg당이며, 발주는 1kg단위로 가능함 / 친환경 농산물"
"농산물","양곡부류","차수수","1393429","차수수","가격은 1kg당이며, 발주는 1kg단위로 가능함 / 차수수"
"농산물","양곡부류","차수수","1393430","차수수","가격은 1kg당이며, 발주는 1kg단위로 가능함 / 차수수"
"농산물","양곡부류","차수수","1393431","차수수","가격은 1kg당이며, 발주는 1kg단위로 가능함 / 차수수"
"농산물","양곡부류","차수수","1393432","차수수","가격은 1kg당이며, 발주는 1kg단위로 가능함 / 차수수"
"농산물","양곡부류","차수수","1393433","차수수","가격은 1kg당이며, 발주는 1kg단위로 가능함 / 차수수"
"농산물","양곡부류","차수수","1393434","차수수","가격은 1kg당이며, 발주는 1kg단위로 가능함 / 친환경 농산물"
"농산물","양곡부류","차수수","1393435","차수수","가격은 500g당이며, 발주는 500g단위로 가능함 / 차수수"
"농산물","양곡부류","차수수","1393436","차수수","가격은 500g당이며, 발주는 500g단위로 가능함 / 차수수"
"농산물","양곡부류","차수수","1393437","차수수","가격은 1kg당이며, 발주는 1kg단위로 가능함 / 친환경 농산물"
"농산물","양곡부류","차조","1393438","차조","가격은 1kg당이며, 발주는 1kg단위로 가능함 / 차조"
"농산물","양곡부류","차조","1393439","차조","가격은 1kg당이며, 발주는 1kg단위로 가능함 / 황차조"
"농산물","양곡부류","차조","1393440","차조","가격은 500g당이며, 발주는 500g단위로 가능함 / 황차조"
"농산물","양곡부류","찹쌀","1393441","찹쌀","가격은 1kg당이며, 발주는 1kg단위로 가능함 / 찹쌀"
"농산물","양곡부류","찹쌀","1393442","찹쌀","가격은 1kg당이며, 발주는 1kg단위로 가능함 / 찹쌀"
"농산물","양곡부류","찹쌀","1393443","찹쌀","가격은 1kg당이며, 발주는 1kg단위로 가능함 / 찹쌀"
"농산물","양곡부류","찹쌀","1393444","찹쌀","가격은 1kg당이며, 발주는 1kg단위로 가능함 / 친환경 농산물"
"농산물","양곡부류","찹쌀","1393445","찹쌀","가격은 1kg당이며, 발주는 1kg단위로 가능함 / 친환경 농산물"
"농산물","양곡부류","찹쌀","1393446","찹쌀","가격은 500g당이며, 발주는 500g단위로 가능함 / 찹쌀"
"농산물","양곡부류","찹쌀","1393447","찹쌀","가격은 1kg당이며, 발주는 1kg단위로 가능함 / 찹쌀(무농약)"
"농산물","양곡부류","찹쌀","1393448","찹쌀","가격은 1kg당이며, 발주는 1kg단위로 가능함 / 찹쌀(무농약)"
"농산물","양곡부류","찹쌀","1393449","찹쌀","가격은 500g당이며, 발주는 500g단위로 가능함 / 찹쌀(무농약)"
"농산물","양곡부류","찹쌀","1393450","찹쌀","가격은 1kg당이며, 발주는 1kg단위로 가능함 / 생명의땅 전남해남군에서 생산되는 안전하고 건강한 쌀"
"농산물","양곡부류","찹쌀","1393451","찹쌀","가격은 1kg당이며, 발주는 1kg단위로 가능함 / 생명의땅 전남해남군에서 생산되는 안전하고 건강한 쌀"
"농산물","양곡부류","찹쌀","1393452","찹쌀","가격은 1kg당이며, 발주는 1kg단위로 가능함 / 생명의땅 전남해남군에서 생산되는 안전하고 건강한 쌀"
"농산물","양곡부류","찹쌀","1393453","찹쌀","가격은 1kg당이며, 발주는 1kg단위로 가능함 / 생명의땅 전남해남군에서 생산되는 안전하고 건강한 쌀"
"농산물","양곡부류","찹쌀","1393454","찹쌀","가격은 1kg당이며, 발주는 1kg단위로 가능함 / 생명의땅 전남해남군에서 생산되는 안전하고 건강한 쌀"
"농산물","양곡부류","찹쌀","1393455","찹쌀","가격은 1kg당이며, 발주는 1kg단위로 가능함 / 생명의땅 전남해남군에서 생산되는 안전하고 건강한 쌀"
"농산물","양곡부류","찹쌀","1393456","찹쌀","가격은 1kg당이며, 발주는 1kg단위로 가능함 / 생명의땅 전남해남군에서 생산되는 안전하고 건강한 쌀"
"농산물","양곡부류","찹쌀","1393457","찹쌀","가격은 1kg당이며, 발주는 1kg단위로 가능함 / 생명의땅 전남해남군에서 생산되는 안전하고 건강한 쌀"
"농산물","양곡부류","찹쌀","1393458","찹쌀","가격은 1kg당이며, 발주는 1kg단위로 가능함 / 생명의땅 전남해남군에서 생산되는 안전하고 건강한 쌀"
"농산물","양곡부류","찹쌀","1393459","찹쌀","가격은 1kg당이며, 발주는 1kg단위로 가능함 / 찹쌀(유기농)"
"농산물","양곡부류","찹쌀","1393460","찹쌀","가격은 1kg당이며, 발주는 1kg단위로 가능함 / 찹쌀(유기농)"
"농산물","양곡부류","찹쌀","1393461","찹쌀","가격은 500g당이며, 발주는 500g단위로 가능함 / 찹쌀(유기농)"
"농산물","양곡부류","찹쌀현미","1393462","찹쌀현미","가격은 1kg당이며, 발주는 1kg단위로 가능함 / 찹쌀현미"
"농산물","양곡부류","찹쌀현미","1393463","찹쌀현미","가격은 1kg당이며, 발주는 1kg단위로 가능함 / 찹쌀현미"
"농산물","양곡부류","찹쌀현미","1393464","찹쌀현미","가격은 1kg당이며, 발주는 1kg단위로 가능함 / 친환경 농산물"
"농산물","양곡부류","찹쌀현미","1393465","찹쌀현미","가격은 1kg당이며, 발주는 1kg단위로 가능함 / 친환경 농산물"
"농산물","양곡부류","찹쌀현미","1393466","찹쌀현미","가격은 500g당이며, 발주는 500g단위로 가능함 / 찹쌀현미"
"농산물","양곡부류","찹쌀현미","1393467","찹쌀현미","가격은 1kg당이며, 발주는 1kg단위로 가능함 / 찹쌀현미(무농약)"
"농산물","양곡부류","찹쌀현미","1393468","찹쌀현미","가격은 1kg당이며, 발주는 1kg단위로 가능함 / 찹쌀현미(무농약)"
"농산물","양곡부류","찹쌀현미","1393469","찹쌀현미","가격은 500g당이며, 발주는 500g단위로 가능함 / 찹쌀현미(무농약)"
"농산물","양곡부류","찹쌀현미","1393470","찹쌀현미","가격은 1kg당이며, 발주는 1kg단위로 가능함 / 찹쌀현미(유기농)"
"농산물","양곡부류","찹쌀현미","1393471","찹쌀현미","가격은 1kg당이며, 발주는 1kg단위로 가능함 / 찹쌀현미(유기농)"
"농산물","양곡부류","찹쌀현미","1393472","찹쌀현미","가격은 500g당이며, 발주는 500g단위로 가능함 / 찹쌀현미(유기농)"
"농산물","양곡부류","청차조","1393473","청차조","가격은 1kg당이며, 발주는 1kg단위로 가능함 / 청차조"
"농산물","양곡부류","청차조","1393474","청차조","가격은 1kg당이며, 발주는 1kg단위로 가능함 / 청차조"
"농산물","양곡부류","청차조","1393475","청차조","가격은 1kg당이며, 발주는 1kg단위로 가능함 / 청차조"
"농산물","양곡부류","청차조","1393476","청차조","가격은 1kg당이며, 발주는 1kg단위로 가능함 / 친환경 농산물"
"농산물","양곡부류","청차조","1393477","청차조","가격은 500g당이며, 발주는 500g단위로 가능함 / 청차조"
"농산물","양곡부류","청차조","1393478","청차조","가격은 1kg당이며, 발주는 1kg단위로 가능함 / 친환경 농산물"
"농산물","양곡부류","청차조","1393479","청차조","가격은 1kg당이며, 발주는 1kg단위로 가능함 / 청차조(무농약)"
"농산물","양곡부류","청차조","1393480","청차조","가격은 500g당이며, 발주는 500g단위로 가능함 / 청차조(무농약)"
"농산물","양곡부류","통밀","1393481","통밀","가격은 1kg당이며, 발주는 1kg단위로 가능함 / 통밀"
"농산물","양곡부류","통밀","1393482","통밀","가격은 1kg당이며, 발주는 1kg단위로 가능함 / 통밀"
"농산물","양곡부류","통밀","1393483","통밀","가격은 1kg당이며, 발주는 1kg단위로 가능함 / 통밀"
"농산물","양곡부류","통밀","1393484","통밀","가격은 1kg당이며, 발주는 1kg단위로 가능함 / 통밀"
"농산물","양곡부류","통밀","1393485","통밀","가격은 1kg당이며, 발주는 1kg단위로 가능함 / 친환경 농산물"
"농산물","양곡부류","통밀","1393486","통밀","가격은 500g당이며, 발주는 500g단위로 가능함 / 통밀"
"농산물","양곡부류","통밀","1393487","통밀","가격은 500g당이며, 발주는 500g단위로 가능함 / 통밀"
"농산물","양곡부류","통밀","1393488","통밀","가격은 1kg당이며, 발주는 1kg단위로 가능함 / 친환경 농산물"
"농산물","양곡부류","현미","1393489","현미","가격은 1kg당이며, 발주는 1kg단위로 가능함 / 가바현미"
"농산물","양곡부류","현미","1393490","현미","가격은 500g당이며, 발주는 500g단위로 가능함 / 가바현미"
"농산물","양곡부류","현미","1393491","현미","가격은 1kg당이며, 발주는 1kg단위로 가능함 / 발아찰현미"
"농산물","양곡부류","현미","1393492","현미","가격은 1kg당이며, 발주는 1kg단위로 가능함 / 발아찰현미"
"농산물","양곡부류","현미","1393493","현미","가격은 1kg당이며, 발주는 1kg단위로 가능함 / 발아찰현미"
"농산물","양곡부류","현미","1393494","현미","가격은 1kg당이며, 발주는 1kg단위로 가능함 / 발아찰현미"
"농산물","양곡부류","현미","1393495","현미","가격은 500g당이며, 발주는 500g단위로 가능함 / 발아찰현미"
"농산물","양곡부류","현미","1393496","현미","가격은 500g당이며, 발주는 500g단위로 가능함 / 발아찰현미"
"농산물","양곡부류","현미","1393497","현미","가격은 1kg당이며, 발주는 1kg단위로 가능함 / 발아현미"
"농산물","양곡부류","현미","1393498","현미","가격은 1kg당이며, 발주는 1kg단위로 가능함 / 발아현미"
"농산물","양곡부류","현미","1393499","현미","가격은 1kg당이며, 발주는 1kg단위로 가능함 / 발아현미"
"농산물","양곡부류","현미","1393500","현미","가격은 1kg당이며, 발주는 1kg단위로 가능함 / 발아현미"
"농산물","양곡부류","현미","1393501","현미","가격은 1kg당이며, 발주는 1kg단위로 가능함 / 발아현미"
"농산물","양곡부류","현미","1393502","현미","가격은 1kg당이며, 발주는 1kg단위로 가능함 / 친환경 농산물"
"농산물","양곡부류","현미","1393503","현미","가격은 500g당이며, 발주는 500g단위로 가능함 / 발아현미"
"농산물","양곡부류","현미","1393504","현미","가격은 500g당이며, 발주는 500g단위로 가능함 / 발아현미"
"농산물","양곡부류","현미","1393505","현미","가격은 1kg당이며, 발주는 1kg단위로 가능함 / 친환경 농산물"
"농산물","양곡부류","현미","1393506","현미","가격은 1kg당이며, 발주는 1kg단위로 가능함 / 친환경 농산물"
"농산물","양곡부류","현미","1393507","현미","가격은 1kg당이며, 발주는 1kg단위로 가능함 / 친환경 농산물"
"농산물","양곡부류","현미","1393508","현미","가격은 1kg당이며, 발주는 1kg단위로 가능함 / 찰현미"
"농산물","양곡부류","현미","1393509","현미","가격은 1kg당이며, 발주는 1kg단위로 가능함 / 현미"
"농산물","양곡부류","현미","1393510","현미","가격은 1kg당이며, 발주는 1kg단위로 가능함 / 현미"
"농산물","양곡부류","현미","1393511","현미","가격은 500g당이며, 발주는 500g단위로 가능함 / 현미"
"농산물","양곡부류","현미","1393512","현미","가격은 1kg당이며, 발주는 1kg단위로 가능함 / 현미(무농약)"
"농산물","양곡부류","현미","1393513","현미","가격은 1kg당이며, 발주는 1kg단위로 가능함 / 현미(무농약)"
"농산물","양곡부류","현미","1393514","현미","가격은 500g당이며, 발주는 500g단위로 가능함 / 현미(무농약)"
"농산물","양곡부류","현미","1393515","현미","가격은 1kg당이며, 발주는 1kg단위로 가능함 / 우렁이농법으로 잡초를 제거해 만든 친환경쌀로 찰진 밥맛이 특징"
"농산물","양곡부류","현미","1393516","현미","가격은 1kg당이며, 발주는 1kg단위로 가능함 / 현미쌀"
"농산물","양곡부류","현미","1393517","현미","가격은 1kg당이며, 발주는 1kg단위로 가능함 / 친환경 농산물"
"농산물","양곡부류","현미","1393518","현미","가격은 1kg당이며, 발주는 1kg단위로 가능함 / 친환경 농산물"
"농산물","양곡부류","혼합곡","1393519","혼합곡","가격은 1kg당이며, 발주는 1kg단위로 가능함 / 친환경 농산물"
"농산물","양곡부류","혼합곡","1393520","혼합곡","가격은 1kg당이며, 발주는 1kg단위로 가능함 / 친환경 농산물"
"농산물","양곡부류","혼합곡","1393521","혼합곡","가격은 1kg당이며, 발주는 1kg단위로 가능함 / 혼합곡(15곡)"
"농산물","양곡부류","혼합곡","1393522","혼합곡","가격은 1kg당이며, 발주는 1kg단위로 가능함 / 혼합곡(15곡)"
"농산물","양곡부류","혼합곡","1393523","혼합곡","가격은 1kg당이며, 발주는 1kg단위로 가능함 / 혼합곡(15곡)"
"농산물","양곡부류","혼합곡","1393524","혼합곡","가격은 1kg당이며, 발주는 1kg단위로 가능함 / 혼합곡(15곡)"
"농산물","양곡부류","혼합곡","1393525","혼합곡","가격은 1kg당이며, 발주는 1kg단위로 가능함 / 혼합곡(15곡)"
"농산물","양곡부류","혼합곡","1393526","혼합곡","가격은 500g당이며, 발주는 500g단위로 가능함 / 혼합곡(15곡)"
"농산물","양곡부류","혼합곡","1393527","혼합곡","가격은 500g당이며, 발주는 500g단위로 가능함 / 혼합곡(15곡)"
"농산물","양곡부류","흑미","1393528","흑미","가격은 1kg당이며, 발주는 1kg단위로 가능함 / 발아찰흑미"
"농산물","양곡부류","흑미","1393529","흑미","가격은 1kg당이며, 발주는 1kg단위로 가능함 / 발아찰흑미"
"농산물","양곡부류","흑미","1393530","흑미","가격은 1kg당이며, 발주는 1kg단위로 가능함 / 발아찰흑미"
"농산물","양곡부류","흑미","1393531","흑미","가격은 1kg당이며, 발주는 1kg단위로 가능함 / 발아찰흑미"
"농산물","양곡부류","흑미","1393532","흑미","가격은 1kg당이며, 발주는 1kg단위로 가능함 / 친환경 농산물"
"농산물","양곡부류","흑미","1393533","흑미","가격은 500g당이며, 발주는 500g단위로 가능함 / 발아찰흑미"
"농산물","양곡부류","흑미","1393534","흑미","가격은 500g당이며, 발주는 500g단위로 가능함 / 발아찰흑미"
"농산물","양곡부류","흑미","1393535","흑미","가격은 1kg당이며, 발주는 1kg단위로 가능함 / 친환경 농산물"
"농산물","양곡부류","흑미","1393536","흑미","가격은 1kg당이며, 발주는 1kg단위로 가능함 / 찰흑미"
"농산물","양곡부류","흑미","1393537","흑미","가격은 1kg당이며, 발주는 1kg단위로 가능함 / 찰흑미"
"농산물","양곡부류","흑미","1393538","흑미","가격은 1kg당이며, 발주는 1kg단위로 가능함 / 찰흑미"
"농산물","양곡부류","흑미","1393539","흑미","가격은 1kg당이며, 발주는 1kg단위로 가능함 / 찰흑미"
"농산물","양곡부류","흑미","1393540","흑미","가격은 1kg당이며, 발주는 1kg단위로 가능함 / 찰흑미"
"농산물","양곡부류","흑미","1393541","흑미","가격은 1kg당이며, 발주는 1kg단위로 가능함 / 찰흑미"
"농산물","양곡부류","흑미","1393542","흑미","가격은 1kg당이며, 발주는 1kg단위로 가능함 / 친환경 농산물"
"농산물","양곡부류","흑미","1393543","흑미","가격은 500g당이며, 발주는 500g단위로 가능함 / 찰흑미"
"농산물","양곡부류","흑미","1393544","흑미","가격은 500g당이며, 발주는 500g단위로 가능함 / 찰흑미"
"농산물","양곡부류","흑미","1393545","흑미","가격은 500g당이며, 발주는 500g단위로 가능함 / 찰흑미"
"농산물","양곡부류","흑미","1393546","흑미","가격은 1kg당이며, 발주는 1kg단위로 가능함 / 친환경 농산물"
"농산물","양곡부류","흑미","1393548","흑미","가격은 1kg당이며, 발주는 1kg단위로 가능함 / 친환경 농산물"
"농산물","양곡부류","흑태","1393549","흑태","가격은 1kg당이며, 발주는 1kg단위로 가능함 / 흑태"
"농산물","양곡부류","흑태","1393551","흑태","가격은 500g당이며, 발주는 500g단위로 가능함 / 흑태"
"농산물","양채류","라디초","1393552","라디초","가격은 1kg당이며, 발주는 0.1kg단위로 가능함/330G/EA, 0.3K 이상 발주 가능"
"농산물","양채류","래디쉬","1393553","래디쉬","가격은 1kg당이며, 발주는 0.1kg단위로 가능함/0.3k 이상 발주 가능, 잎부분 붙어있음"
"농산물","양채류","로메인","1393554","로메인","가격은 1kg당이며, 발주는 0.1kg단위로 가능함/0.3k 이상 발주 가능"
"농산물","양채류","로메인","1393555","로메인","가격은 1kg당이며, 발주는 0.1kg단위로 가능함/200G/EA, 0.2K 이상 발주 가능"
"농산물","양채류","브로콜리","1393556","브로콜리","가격은 1kg당이며, 발주는 0.1kg단위로 가능함/0.3K 이상 발주 가능, 300g전후/1통, 계절에 따라 크기 변동 있음"
"농산물","양채류","샐러리","1393557","셀러리","가격은 1kg당이며, 발주는 0.1kg단위로 가능함/0.4k 이상 발주 가능, 긴줄기 최소 수량이며 중량에 맞추어 절단될수 있음"
"농산물","양채류","양상추","1393558","양상추","가격은 1kg당이며, 발주는 0.1kg단위로 가능함/300G전후/1통, 0.3K 이상 발주 가능"
"농산물","양채류","치커리","1393559","치커리","가격은 1kg당이며, 발주는 0.1kg단위로 가능함/0.2k 이상 발주 가능"
"농산물","양채류","치커리","1393560","치커리","가격은 1kg당이며, 발주는 0.1kg단위로 가능함/0.2k 이상 발주 가능"
"농산물","양채류","케일","1393561","케일","가격은 1kg당이며, 발주는 0.1kg단위로 가능함/0.2k 이상 발주 가능"
"농산물","양채류","콜라비","1393562","콜라비","가격은 1kg당이며, 발주는 0.1kg단위로 가능함/300~350G/EA, 0.3K 이상 발주 가능"
"농산물","양채류","콜리플라워","1393563","콜리플라워","가격은 1kg당이며, 발주는 0.1kg단위로 가능함/500G/EA, 0.5K 이상 발주 가능"
"농산물","양채류","파슬리","1393564","파슬리","가격은 1kg당이며, 발주는 0.1kg단위로 가능함/0.2k 이상 발주 가능"
"농산물","양채류","파프리카","1393565","파프리카","가격은 1kg당이며, 발주는 0.1kg단위로 가능함/피망과？혼동하기？쉬운？파프리카는？피망보다？단맛이？강하고？과육이？많게？개량한？채소다."
"농산물","양채류","파프리카","1393566","파프리카","가격은 1kg당이며, 발주는 0.1kg단위로 가능함/국내산/일반농산물/상품 이상"
"농산물","양채류","파프리카","1393567","파프리카","가격은 1kg당이며, 발주는 0.1kg단위로 가능함/피망과？혼동하기？쉬운？파프리카는？피망보다？단맛이？강하고？과육이？많게？개량한？채소다."
"농산물","양채류","파프리카","1393568","파프리카","가격은 1kg당이며, 발주는 0.1kg단위로 가능함/국내산/일반농산물/상품 이상"
"농산물","양채류","파프리카","1393569","파프리카","가격은 1kg당이며, 발주는 0.1kg단위로 가능함/피망과？혼동하기？쉬운？파프리카는？피망보다？단맛이？강하고？과육이？많게？개량한？채소다."
"농산물","양채류","파프리카","1393570","파프리카","가격은 1kg당이며, 발주는 0.1kg단위로 가능함/국내산/일반농산물/상품 이상"
"농산물","양채류","피망","1393571","피망","가격은 1kg당이며, 발주는 0.1kg단위로 가능함/비타민의？보고’라고？불릴？정도로？비타민？C의？함량이？높은？채소로？고추를？개량하여？매운맛을？줄이고？과육의？아삭한？식감은？살린？식재료"
"농산물","양채류","피망","1393572","피망","가격은 1kg당이며, 발주는 0.1kg단위로 가능함/국내산/일반농산물/상품 이상"
"농산물","엽경채류","근대","1393573","근대","가격은 1kg당이며, 발주는 0.1kg단위로 가능함/0.2k 이상 발주 가능"
"농산물","엽경채류","근대","1393574","근대","가격은 1kg당이며, 발주는 0.1kg단위로 가능함/0.3k 이상 발주 가능"
"농산물","엽경채류","깻잎","1393575","깻잎","가격은 1kg당이며, 발주는 0.1kg단위로 가능함/0.1k 이상 발주 가능"
"농산물","엽경채류","깻잎나물가공품","1393576","깻잎나물","가격은 1kg당이며, 발주는 0.1kg단위로 가능함/0.3k 이상 발주 가능"
"농산물","엽경채류","깻잎나물가공품","1393577","깻잎나물","가격은 1kg당이며, 발주는 0.1kg단위로 가능함/0.3k 이상 발주 가능"
"농산물","엽경채류","냉이","1393578","냉이","가격은 1kg당이며, 발주는 0.1kg단위로 가능함/0.3k 이상 발주 가능/ 비손질제품임"
"농산물","엽경채류","달래","1393579","달래","가격은 1kg당이며, 발주는 0.1kg단위로 가능함/0.1k 이상 발주 가능하나 1묶음 90g전후 되니 참고 요청"
"농산물","엽경채류","돌나물","1393580","돌나물","가격은 1kg당이며, 발주는 0.1kg단위로 가능함/0.2k 이상 발주 가능"
"농산물","엽경채류","미나리","1393581","미나리","가격은 1kg당이며, 발주는 0.1kg단위로 가능함/0.3k 이상 발주 가능"
"농산물","엽경채류","방풍나물","1393582","방풍나물","가격은 1kg당이며, 발주는 0.1kg단위로 가능함/국내산 생방풍을 해풍으로 깨끗이 말림 제픔"
"농산물","엽경채류","방풍나물","1393583","방풍나물","가격은 1kg당이며, 발주는 0.1kg단위로 가능함/0.3k 이상 발주 가능"
"농산물","엽경채류","방풍나물","1393584","방풍나물","가격은 1kg당이며, 발주는 0.1kg단위로 가능함/국내산 건방풍나물을 세척, 불림, 데침, 선별, 포장 공정을 거친 제품"
"농산물","엽경채류","배추","1393585","배추","가격은 1kg당이며, 발주는 0.1kg단위로 가능함/꼼꼼하게 선별 작업 후 보내드립니다. 아삭하고 식감이 좋습니다."
"농산물","엽경채류","배추","1393586","배추","가격은 1kg당이며, 발주는 0.1kg단위로 가능함/0.5k 이상 발주 가능"
"농산물","엽경채류","부추","1393587","부추","가격은 1kg당이며, 발주는 0.1kg단위로 가능함/0.2k 이상 발주 가능"
"농산물","엽경채류","부추","1393588","부추","가격은 1kg당이며, 발주는 0.1kg단위로 가능함/200G/1단, 0.2K 이상 발주 가능"
"농산물","엽경채류","붉은양배추","1393589","붉은양배추","가격은 1kg당이며, 발주는 0.1kg단위로 가능함/700G/반통, 최소발주 0.7K이상 발주가능"
"농산물","엽경채류","붉은양배추","1393590","붉은양배추","가격은 1kg당이며, 발주는 0.1kg단위로 가능함/겉 껍질 제거 후 선별하여 속이 단단하고 신선한 적채로 보내드립니다."
"농산물","엽경채류","상추","1393591","상추","가격은 1kg당이며, 발주는 0.1kg단위로 가능함/0.3k 이상 발주 가능"
"농산물","엽경채류","상추","1393592","상추","가격은 1kg당이며, 발주는 0.1kg단위로 가능함/0.3k 이상 발주 가능"
"농산물","엽경채류","새싹","1393593","새싹","가격은 1kg당이며, 발주는 0.1kg단위로 가능함/50G/250G/500G 팩 있음, 0.1K이상 발주가능"
"농산물","엽경채류","새싹","1393594","새싹","가격은 1kg당이며, 발주는 0.1kg단위로 가능함/0.2k 이상 발주 가능"
"농산물","엽경채류","생취나물","1393595","생취나물","가격은 1kg당이며, 발주는 0.1kg단위로 가능함/1k 이상 발주 가능,비손질만 가능하며 줄기제거시 가식부고려"
"농산물","엽경채류","섬초","1393596","섬초","가격은 1kg당이며, 발주는 0.1kg단위로 가능함/0.5k 이상 발주 가능"
"농산물","엽경채류","세발나물","1393597","세발나물","가격은 1kg당이며, 발주는 0.1kg단위로 가능함/0.3k 이상 발주 가능"
"농산물","엽경채류","시금치","1393598","시금치","가격은 1kg당이며, 발주는 0.1kg단위로 가능함/0.3k 이상 발주 가능"
"농산물","엽경채류","쌈배추","1393599","쌈배추","가격은 1kg당이며, 발주는 0.1kg단위로 가능함/800G/EA, 최소발주 0.8K이상 발주가능"
"농산물","엽경채류","쌈추","1393600","쌈추","가격은 1kg당이며, 발주는 0.1kg단위로 가능함/0.7k 이상 발주 가능, 출고량 많지 않은 품목"
"농산물","엽경채류","쑥갓","1393601","쑥갓","가격은 1kg당이며, 발주는 0.1kg단위로 가능함/0.3k 이상 발주 가능, 줄기제거시 가식부 고려하여 발주요청"
"농산물","엽경채류","아욱","1393602","아욱","가격은 1kg당이며, 발주는 0.1kg단위로 가능함/0.5k 이상 발주 가능, 줄기제거시 가식부 고려하여 발주요청"
"농산물","엽경채류","양배추","1393603","양배추","가격은 1kg당이며, 발주는 0.1kg단위로 가능함/겉 껍질을 제거 후 보내드립니다. 아삭하고 달달한 신선한 양배추 입니다."
"농산물","엽경채류","양배추","1393604","양배추","가격은 1kg당이며, 발주는 0.1kg단위로 가능함/껍질을 제거 하지 않고 보내드립니다. 아삭하고 달달한 신선한 양배추 입니다."
"농산물","엽경채류","얼갈이","1393605","얼갈이","가격은 1kg당이며, 발주는 0.1kg단위로 가능함/0.4k 이상 발주 가능"
"농산물","엽경채류","열무","1393606","열무","가격은 1kg당이며, 발주는 0.1kg단위로 가능함/0.4k 이상 발주 가능"
"농산물","엽경채류","참나물","1393607","참나물","가격은 1kg당이며, 발주는 0.1kg단위로 가능함/0.3k 이상 발주 가능"
"농산물","엽경채류","청경채","1393608","청경채","가격은 1kg당이며, 발주는 0.1kg단위로 가능함/0.3k 이상 발주 가능"
"농산물","엽경채류","취나물","1393609","취나물","가격은 1kg당이며, 발주는 0.1kg단위로 가능함/국내산 생취나물을 깨끗이 말림 제픔"
"농산물","엽경채류","취나물","1393610","취나물","가격은 1kg당이며, 발주는 0.1kg단위로 가능함/국내산 건취나물을 세척, 불림, 데침, 선별 , 포장 공정을 거친 제품"
"농산물","엽경채류","취나물(참취)","1393611","취나물(참취)","가격은 1kg당이며, 발주는 0.1kg단위로 가능함/0.3k 이상 발주 가능"
"농산물","엽경채류","포항초","1393612","포항초","가격은 1kg당이며, 발주는 0.1kg단위로 가능함/0.3k 이상 발주 가능, 250g전후/1단 참고후 발주요청"
"농산물","조미채소류","고추","1393613","고추","가격은 1kg당이며, 발주는 0.1kg단위로 가능함/일반？고추와는 달리 표면이 쭈글쭈글한？고추로, 풋고추의 상태로 조림이나 볶음 등의 요리에 이용된다"
"농산물","조미채소류","고추","1393614","고추","가격은 1kg당이며, 발주는 0.1kg단위로 가능함/국내산/일반농산물/상품 이상"
"농산물","조미채소류","고추","1393615","고추","가격은 1kg당이며, 발주는 0.1kg단위로 가능함/2005년 경남밀양에서 처음 재배된 품종으로, 한국의 재배종인 녹광고추와 피망의 교잡을 통해 만든 크고 맵지 않은？고추이다"
"농산물","조미채소류","고추","1393617","고추","가격은 1kg당이며, 발주는 0.1kg단위로 가능함/캅사이신의 다량 함유로 매운맛이 강한 만생종 고추"
"농산물","조미채소류","고추","1393619","고추","가격은 1kg당이며, 발주는 0.1kg단위로 가능함/빛이 푸르고 완전히 익지 않은 상태의 고추"
"농산물","조미채소류","고추","1393621","고추","가격은 1kg당이며, 발주는 0.1kg단위로 가능함/풋고추가 익어서 붉은색으로 변한 것"
"농산물","조미채소류","대파","1393623","대파","가격은 1kg당이며, 발주는 0.1kg단위로 가능함/0.4k 이상 발주 가능"
"농산물","조미채소류","대파","1393624","대파","가격은 1kg당이며, 발주는 0.1kg단위로 가능함/0.4k 이상 발주 가능"
"농산물","조미채소류","마늘","1393625","마늘","가격은 1kg당이며, 발주는 0.1kg단위로 가능함/다진마늘(간것)"
"농산물","조미채소류","마늘","1393626","마늘","가격은 1kg당이며, 발주는 0.1kg단위로 가능함/마늘(깐것)"
"농산물","조미채소류","마늘","1393627","마늘","가격은 1kg당이며, 발주는 0.1kg단위로 가능함/마늘(깐것/꼭지제거)"
"농산물","조미채소류","생강","1393628","생강","가격은 1kg당이며, 발주는 0.1kg단위로 가능함/생강(기계깐것)"
"농산물","조미채소류","생강","1393629","생강","가격은 1kg당이며, 발주는 0.1kg단위로 가능함/생강(손깐것)"
"농산물","조미채소류","실파","1393630","실파","가격은 1kg당이며, 발주는 0.1kg단위로 가능함/0.3k 이상 발주 가능"
"농산물","조미채소류","실파","1393631","실파","가격은 1kg당이며, 발주는 0.1kg단위로 가능함/0.3k 이상 발주 가능"
"농산물","조미채소류","양파","1393632","양파","가격은 1kg당이며, 발주는 0.1kg단위로 가능함/양파(깐것)"
"농산물","조미채소류","양파","1393633","양파","가격은 1kg당이며, 발주는 0.1kg단위로 가능함/양파(피)"
"농산물","조미채소류","양파","1393634","양파","가격은 1kg당이며, 발주는 0.1kg단위로 가능함/자색양파(깐것)"
"수산물","갑각류","게","1393635","게","가격은 1kg당이며, 발주는 0.1kg단위로 가능함 / 국산/일반/HACCP/다듬은것(손질)|토막낸것/숫게/냉동"
"수산물","갑각류","게","1393636","게","가격은 1kg당이며, 발주는 0.1kg단위로 가능함 /  제철시기 1년치 원물 확보 /  안전성 검사 완료"
"수산물","갑각류","게","1393637","게","가격은 1kg당이며, 발주는 0.1kg단위로 가능함 / 숫4단4절,집게발 있음"
"수산물","갑각류","게","1393638","게","가격은 1kg당이며, 발주는 0.1kg단위로 가능함 / 꽃게 냉동(손질) 4절단"
"수산물","갑각류","게","1393639","게","가격은 1kg당이며, 발주는 0.1kg단위로 가능함 / 선도좋은 제품을 급식 규격에 맞추어 절단 해드립니다"
"수산물","갑각류","게","1393641","게","가격은 1kg당이며, 발주는 0.1kg단위로 가능함 / 끝발제거"
"수산물","갑각류","게","1393643","게","가격은 1kg당이며, 발주는 0.1kg단위로 가능함 / 수입 1년이하 원료 사용 / 안전성 검사 완료"
"수산물","갑각류","게","1393645","게","가격은 1kg당이며, 발주는 0.1kg단위로 가능함 / 꽃게 냉동(손질) 4절단(중국 가공)"
"수산물","갑각류","게","1393648","게","가격은 1kg당이며, 발주는 0.1kg단위로 가능함 / 국산/일반/HACCP/다듬은것(손질)||토막낸것/암게/냉동"
"수산물","갑각류","게","1393650","게","가격은 1kg당이며, 발주는 0.1kg단위로 가능함 / 암4단4절,집게발 있음"
"수산물","갑각류","게","1393651","게","가격은 1kg당이며, 발주는 0.1kg단위로 가능함 / 꽃게 냉동(손질) 4절단, 암케"
"수산물","갑각류","새우","1393656","새우","가격은 1kg당이며, 발주는 0.1kg단위로 가능함 / 백새우살 (냉동)"
"수산물","갑각류","새우","1393657","새우","가격은 1kg당이며, 발주는 0.1kg단위로 가능함 / 백새우살 냉동"
"수산물","갑각류","새우","1393658","새우","가격은 1kg당이며, 발주는 0.1kg단위로 가능함 / 수입 1년이하 원료 사용 / 안전성 검사 완료"
"수산물","갑각류","새우","1393659","새우","가격은 1kg당이며, 발주는 0.1kg단위로 가능함 / 흰다리새우살,수입산"
"수산물","갑각류","새우","1393660","새우","가격은 1kg당이며, 발주는 0.1kg단위로 가능함 / 안전성 검사 완료제품"
"수산물","갑각류","새우","1393661","새우","가격은 1kg당이며, 발주는 0.1kg단위로 가능함 / 백새우살 냉동 71/90, 6~7g"
"수산물","갑각류","새우","1393662","새우","가격은 1kg당이며, 발주는 0.1kg단위로 가능함 / 백새우살 냉동 71/90, 6~7g"
"수산물","갑각류","새우","1393663","새우","가격은 1kg당이며, 발주는 0.1kg단위로 가능함 / 국산/일반/백새우살/해동"
"수산물","갑각류","새우","1393664","새우","가격은 1kg당이며, 발주는 0.1kg단위로 가능함 / 이물관리 /  안전성 검사 완료"
"수산물","갑각류","새우","1393665","새우","가격은 1kg당이며, 발주는 0.1kg단위로 가능함 / 수입 1년이하 원료 사용 / 안전성 검사 완료"
"수산물","갑각류","새우","1393666","새우","가격은 1kg당이며, 발주는 0.1kg단위로 가능함 / 냉동납품만가능 / 국내산"
"수산물","갑각류","새우","1393667","새우","가격은 1kg당이며, 발주는 0.1kg단위로 가능함 / 냉동납품만가능 / 중국산"
"수산물","갑각류","새우","1393668","칵테일새우 71/90","가격은 1kg당이며, 발주는 0.1kg단위로 가능함 / 백새우살(수입)"
"수산물","갑각류","새우","1393669","새우","가격은 1kg당이며, 발주는 0.1kg단위로 가능함 / 이물관리 /  안전성 검사 완료"
"수산물","갑각류","새우","1393670","새우","가격은 1kg당이며, 발주는 0.1kg단위로 가능함 / 냉동납품만가능"
"수산물","갑각류","새우","1393671","새우","가격은 1kg당이며, 발주는 0.1kg단위로 가능함 / 적새우살 냉동"
"수산물","갑각류","새우","1393672","새우","가격은 1kg당이며, 발주는 0.1kg단위로 가능함 / 냉동납품만가능"
"수산물","갑각류","새우","1393673","새우","가격은 1kg당이며, 발주는 0.1kg단위로 가능함 / 수입 1년이하 원료 사용 / 안전성 검사 완료"
"수산물","갑각류","새우","1393674","새우","가격은 1kg당이며, 발주는 0.1kg단위로 가능함 / 수입 1년이하 원료 사용 / 안전성 검사 완료 / 베트남산"
"수산물","갑각류","새우","1393675","새우","가격은 1kg당이며, 발주는 0.1kg단위로 가능함 / 수입 1년이하 원료 사용 / 안전성 검사 완료 / 중국산"
"수산물","갑각류","새우","1393676","새우","가격은 1kg당이며, 발주는 0.1kg단위로 가능함 / 꼬리있음"
"수산물","갑각류","새우","1393677","새우","가격은 1kg당이며, 발주는 0.1kg단위로 가능함 / 안전성 검사 완료제품"
"수산물","갑각류","새우","1393678","새우","가격은 1kg당이며, 발주는 0.1kg단위로 가능함 / 칵테일새우 자숙(탈각) 51/70, 8-12g"
"수산물","갑각류","새우","1393679","새우","가격은 1kg당이며, 발주는 0.1kg단위로 가능함 / 꼬리有"
"수산물","갑각류","새우","1393680","새우","가격은 1kg당이며, 발주는 0.1kg단위로 가능함 / 칵테일새우 자숙(탈각) 51/70, 8-12g"
"수산물","갑각류","새우","1393681","새우","가격은 1kg당이며, 발주는 0.1kg단위로 가능함 / 외국산/일반/칵테일새우(71-90)/베트남/냉동"
"수산물","갑각류","새우","1393682","새우","가격은 1kg당이며, 발주는 0.1kg단위로 가능함 / 꼬리있음 / 베트남산"
"수산물","갑각류","새우","1393683","새우","가격은 1kg당이며, 발주는 0.1kg단위로 가능함 / 꼬리있음 / 중국산"
"수산물","갑각류","새우","1393684","새우","가격은 1kg당이며, 발주는 0.1kg단위로 가능함 / 칵테일새우 자숙(탈각) 71/90, 6~7g"
"수산물","갑각류","새우","1393685","새우","가격은 1kg당이며, 발주는 0.1kg단위로 가능함 / 안전성 검사 완료제품 / 베트남산"
"수산물","갑각류","새우","1393686","새우","가격은 1kg당이며, 발주는 0.1kg단위로 가능함 / 안전성 검사 완료제품 / 중국산"
"수산물","갑각류","새우","1393687","새우","가격은 1kg당이며, 발주는 0.1kg단위로 가능함 / 칵테일새우 자숙(탈각) 71/90, 6~7g / 베트남산"
"수산물","갑각류","새우","1393688","새우","가격은 1kg당이며, 발주는 0.1kg단위로 가능함 / 칵테일새우 자숙(탈각) 71/90, 6~7g / 중국산"
"수산물","갑각류","새우","1393689","새우","가격은 1kg당이며, 발주는 0.1kg단위로 가능함 / 꼬리有 / 베트남산"
"수산물","갑각류","새우","1393690","새우","가격은 1kg당이며, 발주는 0.1kg단위로 가능함 / 꼬리有"
"수산물","갑각류","새우","1393691","새우","가격은 1kg당이며, 발주는 0.1kg단위로 가능함 / 칵테일새우 자숙(탈각) 71/90, 6~7g"
"수산물","갑각류","새우","1393692","새우","가격은 1kg당이며, 발주는 0.1kg단위로 가능함 / 국산/일반/20~30g(껍질새우)/냉동"
"수산물","갑각류","새우","1393693","새우","가격은 1kg당이며, 발주는 0.1kg단위로 가능함 / 이물관리 /  안전성 검사 완료"
"수산물","갑각류","새우","1393694","새우","가격은 1kg당이며, 발주는 0.1kg단위로 가능함 / 냉동납품만가능"
"수산물","갑각류","새우","1393695","새우","가격은 1kg당이며, 발주는 0.1kg단위로 가능함 / 500g-25미/외국산/일반/흰다리새우/냉동"
"수산물","갑각류","새우","1393696","새우","가격은 1kg당이며, 발주는 0.1kg단위로 가능함 / 수입 1년이하 원료 사용 / 안전성 검사 완료"
"수산물","갑각류","새우","1393697","새우","가격은 1kg당이며, 발주는 0.1kg단위로 가능함 / 흰다리새우 냉동 25미/500g,50미/1kg"
"수산물","갑각류","새우","1393698","새우","가격은 1kg당이며, 발주는 0.1kg단위로 가능함 / 원물"
"수산물","갑각류","새우","1393699","새우","가격은 1kg당이며, 발주는 0.1kg단위로 가능함 / 흰다리새우 냉동 25미/500g,50미/1kg"
"수산물","갑각류","새우","1393700","새우","가격은 1kg당이며, 발주는 0.1kg단위로 가능함 / 500g-30미/1kg/외국산/일반/흰다리새우/냉동"
"수산물","갑각류","새우","1393701","새우","가격은 1kg당이며, 발주는 0.1kg단위로 가능함 / 수입 1년이하 원료 사용 / 안전성 검사 완료"
"수산물","갑각류","새우","1393702","새우","가격은 1kg당이며, 발주는 0.1kg단위로 가능함 / 흰다리새우 냉동 30미/500g,60미/1kg"
"수산물","갑각류","새우","1393703","새우","가격은 1kg당이며, 발주는 0.1kg단위로 가능함 / 원물"
"수산물","갑각류","새우","1393704","새우","가격은 1kg당이며, 발주는 0.1kg단위로 가능함 / 흰다리새우 냉동 30미/500g,60미/1kg"
"수산물","갑각류","새우","1393705","새우","가격은 1kg당이며, 발주는 0.1kg단위로 가능함 / 500g-40미/외국산/일반/흰다리새우/냉동 / 태국산"
"수산물","갑각류","새우","1393706","새우","가격은 1kg당이며, 발주는 0.1kg단위로 가능함 / 500g-40미/외국산/일반/흰다리새우/냉동 / 베트남산"
"수산물","갑각류","새우","1393707","새우","가격은 1kg당이며, 발주는 0.1kg단위로 가능함 / 수입 1년이하 원료 사용 / 안전성 검사 완료 / 태국산"
"수산물","갑각류","새우","1393708","새우","가격은 1kg당이며, 발주는 0.1kg단위로 가능함 / 수입 1년이하 원료 사용 / 안전성 검사 완료 / 베트남산"
"수산물","갑각류","새우","1393709","새우","가격은 1kg당이며, 발주는 0.1kg단위로 가능함 / 안전성 검사 완료제품"
"수산물","갑각류","새우","1393710","새우","가격은 1kg당이며, 발주는 0.1kg단위로 가능함 / 흰다리새우 냉동 40미/500g,80미/1kg / 태국산"
"수산물","갑각류","새우","1393711","새우","가격은 1kg당이며, 발주는 0.1kg단위로 가능함 / 흰다리새우 냉동 40미/500g,80미/1kg / 베트남산"
"수산물","갑각류","새우","1393712","새우","가격은 1kg당이며, 발주는 0.1kg단위로 가능함 / 원물"
"수산물","갑각류","새우","1393713","새우","가격은 1kg당이며, 발주는 0.1kg단위로 가능함 / 원물 / 태국산"
"수산물","갑각류","새우","1393714","새우","가격은 1kg당이며, 발주는 0.1kg단위로 가능함 / 흰다리새우 냉동 40미/500g,80미/1kg / 태국산"
"수산물","갑각류","새우","1393715","새우","가격은 1kg당이며, 발주는 0.1kg단위로 가능함 / 흰다리새우 냉동 40미/500g,80미/1kg / 베트남산"
"수산물","갑각류","새우","1393716","새우","가격은 1kg당이며, 발주는 0.1kg단위로 가능함 / 500g-50미/외국산/일반/흰다리새우/냉동"
"수산물","갑각류","새우","1393717","새우","가격은 1kg당이며, 발주는 0.1kg단위로 가능함 / 수입 1년이하 원료 사용 / 안전성 검사 완료"
"수산물","갑각류","새우","1393718","새우","가격은 1kg당이며, 발주는 0.1kg단위로 가능함 / 안전성 검사 완료제품"
"수산물","갑각류","새우","1393719","새우","가격은 1kg당이며, 발주는 0.1kg단위로 가능함 / 흰다리새우 냉동 50미/500g, 100미/1kg"
"수산물","갑각류","새우","1393720","새우","가격은 1kg당이며, 발주는 0.1kg단위로 가능함 / 원물"
"수산물","갑각류","새우","1393721","새우","가격은 1kg당이며, 발주는 0.1kg단위로 가능함 / 500g-50미/외국산/일반/흰다리새우/냉동"
"수산물","갑각류","새우","1393722","새우","가격은 1kg당이며, 발주는 0.1kg단위로 가능함 / 수입 1년이하 원료 사용 / 안전성 검사 완료"
"수산물","갑각류","새우","1393723","새우","가격은 1kg당이며, 발주는 0.1kg단위로 가능함 / 흰다리새우 냉동 50미/500g,100미/1kg"
"수산물","갑각류","새우","1393724","새우","가격은 1kg당이며, 발주는 0.1kg단위로 가능함 / 원물"
"수산물","갑각류","새우","1393725","새우","가격은 1kg당이며, 발주는 0.1kg단위로 가능함 / 흰다리새우 냉동 50미/500g,100미/1kg"
"수산물","건어물","가다랭이","1393726","가다랭이","가격은 1kg당이며, 발주는 0.1kg단위로 가능함 / 500g/봉/외국산/육수용/일반/분말/혼다시/냉장"
"수산물","건어물","가다랭이","1393727","가다랭이","가격은 1kg당이며, 발주는 0.1kg단위로 가능함 / 수입 1년이하 원료 사용 / 안전성 검사 완료"
"수산물","건어물","가다랭이","1393728","가다랭이","가격은 1kg당이며, 발주는 0.1kg단위로 가능함 / 육수용,편썰기모양"
"수산물","건어물","가다랭이","1393729","가다랭이","가격은 1kg당이며, 발주는 0.1kg단위로 가능함 / 가다랭이포 반건품"
"수산물","건어물","가다랭이","1393730","가다랭이","가격은 1kg당이며, 발주는 0.1kg단위로 가능함 / 안전성 검사 완료제품"
"수산물","건어물","가다랭이","1393732","가다랭이","가격은 1kg당이며, 발주는 0.1kg단위로 가능함 / 국용,고명용"
"수산물","건어물","가다랭이","1393733","가다랭이","가격은 1kg당이며, 발주는 0.1kg단위로 가능함 / 가다랭이포 반건품(고명)"
"수산물","건어물","가다랭이","1393734","가다랭이","가격은 1kg당이며, 발주는 0.1kg단위로 가능함 / 가다랭이포 반건품(국물)"
"수산물","건어물","가다랭이","1393735","가다랭이","가격은 1kg당이며, 발주는 0.1kg단위로 가능함 / 500g/봉/외국산/고명용/일반/분말/냉장"
"수산물","건어물","가다랭이","1393736","가다랭이","가격은 1kg당이며, 발주는 0.1kg단위로 가능함 / 이물관리 /  수입 1년이하 원료 사용 / 안전성 검사 완료"
"수산물","건어물","가다랭이","1393737","가다랭이","가격은 1kg당이며, 발주는 0.1kg단위로 가능함 / 고명용,편썰기모양"
"수산물","건어물","가다랭이","1393738","가다랭이","가격은 1kg당이며, 발주는 0.1kg단위로 가능함 / 가다랭이포 반건품, 고명용"
"수산물","건어물","가다랭이","1393741","가다랭이","가격은 1kg당이며, 발주는 0.1kg단위로 가능함 / 발주별 소분포장"
"수산물","건어물","건다시마","1393742","건다시마","가격은 1kg당이며, 발주는 0.1kg단위로 가능함 / 국산/일반/말린것(건조)/기장다시마"
"수산물","건어물","건다시마","1393743","건다시마","가격은 1kg당이며, 발주는 0.1kg단위로 가능함 / 이물관리 / 안정성 검사 완료"
"수산물","건어물","건다시마","1393744","건다시마","가격은 1kg당이며, 발주는 0.1kg단위로 가능함 / 기장산,40~45cm내외"
"수산물","건어물","건다시마","1393745","건다시마","가격은 1kg당이며, 발주는 0.1kg단위로 가능함 / 건다시마 국용, 기장"
"수산물","건어물","건다시마","1393746","건다시마","가격은 1kg당이며, 발주는 0.1kg단위로 가능함 / 안전성 검사 완료제품"
"수산물","건어물","건다시마","1393748","건다시마","가격은 1kg당이며, 발주는 0.1kg단위로 가능함 / 발주별 소분포장"
"수산물","건어물","건다시마","1393750","건다시마","가격은 1kg당이며, 발주는 0.1kg단위로 가능함 / 이물관리 / 제철시기 1년치 원물 확보 /  안전성 검사 완료"
"수산물","건어물","건다시마","1393751","건다시마","가격은 1kg당이며, 발주는 0.1kg단위로 가능함 / 완도산,40~45cm내외"
"수산물","건어물","건다시마","1393752","건다시마","가격은 1kg당이며, 발주는 0.1kg단위로 가능함 / 건다시마 국용, 뿌리다시마 25% 이상"
"수산물","건어물","건다시마","1393756","건다시마","가격은 1kg당이며, 발주는 0.1kg단위로 가능함 / 국산/일반/말린것(건조)/절단 5*5"
"수산물","건어물","건다시마","1393758","건다시마","가격은 1kg당이며, 발주는 0.1kg단위로 가능함 / 완도산,3*4cm내외"
"수산물","건어물","건다시마","1393759","건다시마","가격은 1kg당이며, 발주는 0.1kg단위로 가능함 / 건다시마, 절단"
"수산물","건어물","건다시마","1393765","건다시마","가격은 1kg당이며, 발주는 0.1kg단위로 가능함 / 다시마 튀각 반제품"
"수산물","건어물","건다시마","1393768","건다시마","가격은 1kg당이며, 발주는 0.1kg단위로 가능함 / 국산/일반/염장다시마"
"수산물","건어물","건다시마","1393770","건다시마","가격은 1kg당이며, 발주는 0.1kg단위로 가능함 / 400g,팩포장"
"수산물","건어물","건다시마","1393771","건다시마","가격은 1kg당이며, 발주는 0.1kg단위로 가능함 / 염장다시마"
"수산물","건어물","건다시마","1393775","건다시마","가격은 1kg당이며, 발주는 0.1kg단위로 가능함 / 염장다시마 / 최소 500g단위씩 주문"
"수산물","건어물","건명태","1393782","건명태","가격은 1kg당이며, 발주는 0.1kg단위로 가능함 / 외국산/일반/러시아/명엽채/냉장"
"수산물","건어물","건명태","1393783","건명태","가격은 1kg당이며, 발주는 0.1kg단위로 가능함 / 이물관리 /  수입 1년이하 원료 사용 / 안전성 검사 완료"
"수산물","건어물","건명태","1393784","건명태","가격은 1kg당이며, 발주는 0.1kg단위로 가능함 / 명엽채(러시아,명태어육함량90%이상)"
"수산물","건어물","건명태","1393785","건명태","가격은 1kg당이며, 발주는 0.1kg단위로 가능함 / 명태 맛포 명엽채"
"수산물","건어물","건명태","1393788","건명태","가격은 1kg당이며, 발주는 0.1kg단위로 가능함 / 발주별 소분포장"
"수산물","건어물","건명태","1393790","건명태","가격은 1kg당이며, 발주는 0.1kg단위로 가능함 / 외국산/일반/북어채 중국가공"
"수산물","건어물","건명태","1393792","건명태","가격은 1kg당이며, 발주는 0.1kg단위로 가능함 / 북어채(러시아,중국가공)"
"수산물","건어물","건명태","1393793","건명태","가격은 1kg당이며, 발주는 0.1kg단위로 가능함 / 북어채 중국가공"
"수산물","건어물","건명태","1393797","건명태","가격은 1kg당이며, 발주는 0.1kg단위로 가능함 / 외국산/일반/황태채/국용/냉장	"
"수산물","건어물","건명태","1393799","건명태","가격은 1kg당이며, 발주는 0.1kg단위로 가능함 / 황태채(러시아,국내가공)"
"수산물","건어물","건명태","1393800","건명태","가격은 1kg당이며, 발주는 0.1kg단위로 가능함 / 북어채(황태채) 국내가공"
"수산물","건어물","건명태","1393805","건명태","가격은 1kg당이며, 발주는 0.1kg단위로 가능함 / 외국산/일반/북어포(무작업)"
"수산물","건어물","건명태","1393807","건명태","가격은 1kg당이며, 발주는 0.1kg단위로 가능함 / 북어포(편,머리포함),러시아"
"수산물","건어물","건명태","1393808","건명태","가격은 1kg당이며, 발주는 0.1kg단위로 가능함 / 북어포(무작업)"
"수산물","건어물","건명태","1393812","건명태","가격은 1kg당이며, 발주는 0.1kg단위로 가능함 / 외국산/일반/북어포절단"
"수산물","건어물","건명태","1393814","건명태","가격은 1kg당이며, 발주는 0.1kg단위로 가능함 / 북어포(절단,머리제외),러시아"
"수산물","건어물","건명태","1393815","건명태","가격은 1kg당이며, 발주는 0.1kg단위로 가능함 / 북어포절단"
"수산물","건어물","건명태","1393816","건명태","가격은 1kg당이며, 발주는 0.1kg단위로 가능함 / 안전성 검사 완료제품"
"수산물","건어물","건명태","1393818","건명태","가격은 1kg당이며, 발주는 0.1kg단위로 가능함 / 사양별절단"
"수산물","건어물","건명태","1393819","건명태","가격은 1kg당이며, 발주는 0.1kg단위로 가능함 / 외국산/일반/|절단된것/코다리토막/냉동/가시포함"
"수산물","건어물","건명태","1393820","건명태","가격은 1kg당이며, 발주는 0.1kg단위로 가능함 / 수입 1년이하 원료 사용 / 안전성 검사 완료"
"수산물","건어물","건명태","1393821","건명태","가격은 1kg당이며, 발주는 0.1kg단위로 가능함 / 뼈있음"
"수산물","건어물","건명태","1393822","건명태","가격은 1kg당이며, 발주는 0.1kg단위로 가능함 / 코다리 냉동(손질) 절단"
"수산물","건어물","건명태","1393823","건명태","가격은 1kg당이며, 발주는 0.1kg단위로 가능함 / 선도좋은 제품을 급식 규격에 맞추어 절단 해드립니다"
"수산물","건어물","건명태","1393825","건명태","가격은 1kg당이며, 발주는 0.1kg단위로 가능함 / 머리,꼬리.내장제거. 사양별 절단"
"수산물","건어물","건명태","1393828","건명태","가격은 1kg당이며, 발주는 0.1kg단위로 가능함 / 외국산/일반/강정용/튀김용/코다리살/냉동"
"수산물","건어물","건명태","1393830","건명태","가격은 1kg당이며, 발주는 0.1kg단위로 가능함 / 일반살,약간의 가시가 있음,직각으로 절단"
"수산물","건어물","건명태","1393831","건명태","가격은 1kg당이며, 발주는 0.1kg단위로 가능함 / 코다리 냉동(포) 절단/러시아"
"수산물","건어물","건명태","1393834","건명태","가격은 1kg당이며, 발주는 0.1kg단위로 가능함 / 머리,꼬리,내장.뼈제거. 사양별절단"
"수산물","건어물","건명태","1393836","건명태","가격은 1kg당이며, 발주는 0.1kg단위로 가능함 / 외국산/일반/코다리순살(99%가시제거)/냉동"
"수산물","건어물","건명태","1393837","건명태","가격은 1kg당이며, 발주는 0.1kg단위로 가능함 / 코다리순살(뼈제거 99%)"
"수산물","건어물","건명태","1393840","건명태","가격은 1kg당이며, 발주는 0.1kg단위로 가능함 / 순살/가시제거99%"
"수산물","건어물","건명태","1393841","건명태","가격은 1kg당이며, 발주는 0.1kg단위로 가능함 / 외국산/일반/통북어/냉장"
"수산물","건어물","건명태","1393843","건명태","가격은 1kg당이며, 발주는 0.1kg단위로 가능함 / 통북어, 30cm이상(머리포함)"
"수산물","건어물","건명태","1393848","건명태","가격은 1kg당이며, 발주는 0.1kg단위로 가능함 / 외국산/일반/황태포/냉장"
"수산물","건어물","건명태","1393850","건명태","가격은 1kg당이며, 발주는 0.1kg단위로 가능함 / 황태포(머리포함) 펼친것, 30cm이상 국내가공"
"수산물","건어물","건새우","1393855","건새우","가격은 1kg당이며, 발주는 0.1kg단위로 가능함 / 국산/일반/말린것(건조)/분홍건새우/냉장"
"수산물","건어물","건새우","1393856","건새우","가격은 1kg당이며, 발주는 0.1kg단위로 가능함 / 외국산/일반/건홍새우"
"수산물","건어물","건새우","1393857","건새우","가격은 1kg당이며, 발주는 0.1kg단위로 가능함 / 이물관리 / 제철시기 1년치 원물 확보 /  안전성 검사 완료"
"수산물","건어물","건새우","1393858","건새우","가격은 1kg당이며, 발주는 0.1kg단위로 가능함 / 이물관리 /  수입 1년이하 원료 사용 / 안전성 검사 완료"
"수산물","건어물","건새우","1393859","건새우","가격은 1kg당이며, 발주는 0.1kg단위로 가능함 / 수염적새우,머리있음,붉은빛 / 국내산"
"수산물","건어물","건새우","1393860","건새우","가격은 1kg당이며, 발주는 0.1kg단위로 가능함 / 수염적새우,머리있음,붉은빛 / 중국산"
"수산물","건어물","건새우","1393861","건새우","가격은 1kg당이며, 발주는 0.1kg단위로 가능함 / 건홍새우"
"수산물","건어물","건새우","1393862","건새우","가격은 1kg당이며, 발주는 0.1kg단위로 가능함 / 안전성 검사 완료제품 / 국내산"
"수산물","건어물","건새우","1393863","건새우","가격은 1kg당이며, 발주는 0.1kg단위로 가능함 / 안전성 검사 완료제품 / 중국산"
"수산물","건어물","건새우","1393864","건새우","가격은 1kg당이며, 발주는 0.1kg단위로 가능함 / 건홍새우 / 국내산"
"수산물","건어물","건새우","1393865","건새우","가격은 1kg당이며, 발주는 0.1kg단위로 가능함 / 건홍새우 / 중국산"
"수산물","건어물","건새우","1393866","건새우","가격은 1kg당이며, 발주는 0.1kg단위로 가능함 / 발주별 소분포장 / 국내산"
"수산물","건어물","건새우","1393867","건새우","가격은 1kg당이며, 발주는 0.1kg단위로 가능함 / 발주별 소분포장 / 중국산"
"수산물","건어물","건새우","1393872","건새우","가격은 1kg당이며, 발주는 0.1kg단위로 가능함 / 안전성 검사 완료제품"
"수산물","건어물","건새우","1393874","건새우","가격은 1kg당이며, 발주는 0.1kg단위로 가능함 / 볶음용.국용. 발주별 소분포장"
"수산물","건어물","건새우","1393876","건새우","가격은 1kg당이며, 발주는 0.1kg단위로 가능함 / 국산/일반/말린것(건조)/머리제거(두절)/두절건새우"
"수산물","건어물","건새우","1393878","건새우","가격은 1kg당이며, 발주는 0.1kg단위로 가능함 / 두절건새우"
"수산물","건어물","건새우","1393879","건새우","가격은 1kg당이며, 발주는 0.1kg단위로 가능함 / 꽃새우(독새우) 자건품 두절새우, 3cm내외"
"수산물","건어물","건새우","1393884","건새우","가격은 1kg당이며, 발주는 0.1kg단위로 가능함 /  안전성 검사 완료"
"수산물","건어물","건새우","1393885","건새우","가격은 1kg당이며, 발주는 0.1kg단위로 가능함 / 두절건새우,중국산"
"수산물","건어물","건새우","1393886","건새우","가격은 1kg당이며, 발주는 0.1kg단위로 가능함 / 꽃새우(독새우) 자건품 두절새우, 볶음용"
"수산물","건어물","건새우","1393891","건새우","가격은 1kg당이며, 발주는 0.1kg단위로 가능함 / 꽃새우(독새우) 자건품 두절새우, 볶음용(수입) / 중국산"
"수산물","건어물","건오징어","1393892","건오징어","가격은 1kg당이며, 발주는 0.1kg단위로 가능함 / 국산/일반/반건오징어채(몸통)"
"수산물","건어물","건오징어","1393893","건오징어","가격은 1kg당이며, 발주는 0.1kg단위로 가능함 / 이물관리 / 안정성 검사 완료"
"수산물","건어물","건오징어","1393894","건오징어","가격은 1kg당이며, 발주는 0.1kg단위로 가능함 / 반건오징어채(몸통)"
"수산물","건어물","건오징어","1393895","건오징어","가격은 1kg당이며, 발주는 0.1kg단위로 가능함 / 안전성 검사 완료제품"
"수산물","건어물","건오징어","1393897","건오징어","가격은 1kg당이며, 발주는 0.1kg단위로 가능함 / 무침용,국용"
"수산물","건어물","건오징어","1393899","건오징어","가격은 1kg당이며, 발주는 0.1kg단위로 가능함 / 국산/일반/반건오징어채(몸통, 다리 포함)"
"수산물","건어물","건오징어","1393901","건오징어","가격은 1kg당이며, 발주는 0.1kg단위로 가능함 / 반건오징어채(몸통, 다리 포함)"
"수산물","건어물","건오징어","1393904","건오징어","가격은 1kg당이며, 발주는 0.1kg단위로 가능함 / 반건조,미탈피.채"
"수산물","건어물","건오징어","1393905","건오징어","가격은 1kg당이며, 발주는 0.1kg단위로 가능함 / 국산/알빈/조미포 맛진미채"
"수산물","건어물","건오징어","1393906","건오징어","가격은 1kg당이며, 발주는 0.1kg단위로 가능함 / 외국산/일반/백진미채/냉장"
"수산물","건어물","건오징어","1393907","건오징어","가격은 1kg당이며, 발주는 0.1kg단위로 가능함 / 이물관리 / 제철시기 1년치 원물 확보 /  안전성 검사 완료"
"수산물","건어물","건오징어","1393908","건오징어","가격은 1kg당이며, 발주는 0.1kg단위로 가능함 / 이물관리 /  수입 1년이하 원료 사용 / 안전성 검사 완료"
"수산물","건어물","건오징어","1393909","건오징어","가격은 1kg당이며, 발주는 0.1kg단위로 가능함 / 흰색,오징어90%이상 함량,백진미보다 두꺼움"
"수산물","건어물","건오징어","1393910","건오징어","가격은 1kg당이며, 발주는 0.1kg단위로 가능함 / 조미포 맛진미채 / 국내산"
"수산물","건어물","건오징어","1393911","건오징어","가격은 1kg당이며, 발주는 0.1kg단위로 가능함 / 조미포 맛진미채 / 페루산"
"수산물","건어물","건오징어","1393915","건오징어","가격은 1kg당이며, 발주는 0.1kg단위로 가능함 / 발주별 소분포장 / 국내산"
"수산물","건어물","건오징어","1393916","건오징어","가격은 1kg당이며, 발주는 0.1kg단위로 가능함 / 발주별 소분포장 / 페루산"
"수산물","건어물","건오징어","1393917","건오징어","가격은 1kg당이며, 발주는 0.1kg단위로 가능함 / 조미포 맛진미채"
"수산물","건어물","건오징어","1393919","건오징어","가격은 1kg당이며, 발주는 0.1kg단위로 가능함 / 국산/일반/백진미채/냉장"
"수산물","건어물","건오징어","1393923","건오징어","가격은 1kg당이며, 발주는 0.1kg단위로 가능함 / 흰색,오징어90%이상 함량 / 국내산"
"수산물","건어물","건오징어","1393924","건오징어","가격은 1kg당이며, 발주는 0.1kg단위로 가능함 / 흰색,오징어90%이상 함량 / 페루산"
"수산물","건어물","건오징어","1393925","건오징어","가격은 1kg당이며, 발주는 0.1kg단위로 가능함 / 조미포 백진미채 / 국내산"
"수산물","건어물","건오징어","1393926","건오징어","가격은 1kg당이며, 발주는 0.1kg단위로 가능함 / 조미포 백진미채 / 페루산"
"수산물","건어물","건오징어","1393927","건오징어","가격은 1kg당이며, 발주는 0.1kg단위로 가능함 / 안전성 검사 완료제품 / 국내산"
"수산물","건어물","건오징어","1393928","건오징어","가격은 1kg당이며, 발주는 0.1kg단위로 가능함 / 안전성 검사 완료제품 / 페루산"
"수산물","건어물","건오징어","1393933","건오징어","가격은 1kg당이며, 발주는 0.1kg단위로 가능함 / 조미포 백진미채"
"수산물","건어물","건오징어","1393935","건오징어","가격은 1kg당이며, 발주는 0.1kg단위로 가능함 / 국산/일반/참진미채/냉장"
"수산물","건어물","건오징어","1393936","건오징어","가격은 1kg당이며, 발주는 0.1kg단위로 가능함 / 외국산/일반/참진미채/냉장"
"수산물","건어물","건오징어","1393939","건오징어","가격은 1kg당이며, 발주는 0.1kg단위로 가능함 / 선홍빛,오징어90%이상 함량 / 국내산"
"수산물","건어물","건오징어","1393940","건오징어","가격은 1kg당이며, 발주는 0.1kg단위로 가능함 / 선홍빛,오징어90%이상 함량 / 페루산"
"수산물","건어물","건오징어","1393941","건오징어","가격은 1kg당이며, 발주는 0.1kg단위로 가능함 / 조미포 참진미채 / 국내산"
"수산물","건어물","건오징어","1393942","건오징어","가격은 1kg당이며, 발주는 0.1kg단위로 가능함 / 조미포 참진미채 / 페루산"
"수산물","건어물","건오징어","1393949","건오징어","가격은 1kg당이며, 발주는 0.1kg단위로 가능함 / 조미포 참진미채"
"수산물","건어물","건파래","1393951","건파래","가격은 1kg당이며, 발주는 0.1kg단위로 가능함 / 국산/일반/파래/말린것(건조) 파쇄/냉장"
"수산물","건어물","건파래","1393952","건파래","가격은 1kg당이며, 발주는 0.1kg단위로 가능함 / 이물관리 / 제철시기 1년치 원물 확보 /  안전성 검사 완료"
"수산물","건어물","건파래","1393953","건파래","가격은 1kg당이며, 발주는 0.1kg단위로 가능함 / 건파래파쇄,국산"
"수산물","건어물","건파래","1393955","건파래","가격은 1kg당이며, 발주는 0.1kg단위로 가능함 / 안전성 검사 완료제품"
"수산물","건어물","건파래","1393957","건파래","가격은 1kg당이며, 발주는 0.1kg단위로 가능함 / 발주별 소분포장"
"수산물","건어물","건파래","1393958","건파래","가격은 1kg당이며, 발주는 0.1kg단위로 가능함 / 건파래(파쇄)"
"수산물","건어물","건홍합","1393959","건홍합","가격은 1kg당이며, 발주는 0.1kg단위로 가능함 / 국산/일반/말린것(건조)/건홍합살/냉장"
"수산물","건어물","건홍합","1393960","건홍합","가격은 1kg당이며, 발주는 0.1kg단위로 가능함 / 이물관리 / 안정성 검사 완료"
"수산물","건어물","건홍합","1393961","건홍합","가격은 1kg당이며, 발주는 0.1kg단위로 가능함 / 자건품,말린홍합살,국내산"
"수산물","건어물","건홍합","1393962","건홍합","가격은 1kg당이며, 발주는 0.1kg단위로 가능함 / 건홍합살 자건품"
"수산물","건어물","건홍합","1393963","건홍합","가격은 1kg당이며, 발주는 0.1kg단위로 가능함 / 안전성 검사 완료제품"
"수산물","건어물","건홍합","1393965","건홍합","가격은 1kg당이며, 발주는 0.1kg단위로 가능함 / 발주별 소분포장"
"수산물","건어물","꼴뚜기","1393967","꼴뚜기","가격은 1kg당이며, 발주는 0.1kg단위로 가능함 / 국산/일반/말린것(건조)/건꼴뚜기"
"수산물","건어물","꼴뚜기","1393968","꼴뚜기","가격은 1kg당이며, 발주는 0.1kg단위로 가능함 / 이물관리 / 안정성 검사 완료"
"수산물","건어물","꼴뚜기","1393969","꼴뚜기","가격은 1kg당이며, 발주는 0.1kg단위로 가능함 / 건꼴뚜기 자건품"
"수산물","건어물","꼴뚜기","1393970","꼴뚜기","가격은 1kg당이며, 발주는 0.1kg단위로 가능함 / 안전성 검사 완료제품"
"수산물","건어물","꼴뚜기","1393971","꼴뚜기","가격은 1kg당이며, 발주는 0.1kg단위로 가능함 / 건꼴뚜기 자건품"
"수산물","건어물","꼴뚜기","1393972","꼴뚜기","가격은 1kg당이며, 발주는 0.1kg단위로 가능함 / 발주별 소분포장"
"수산물","건어물","꼴뚜기","1393973","꼴뚜기","가격은 1kg당이며, 발주는 0.1kg단위로 가능함 / 건꼴뚜기 자건품"
"수산물","건어물","디포리","1393974","디포리","가격은 1kg당이며, 발주는 0.1kg단위로 가능함 / 국산/일반/상급품/디포리/냉장"
"수산물","건어물","디포리","1393975","디포리","가격은 1kg당이며, 발주는 0.1kg단위로 가능함 / 이물관리 / 제철시기 1년치 원물 확보 /  안전성 검사 완료"
"수산물","건어물","디포리","1393976","디포리","가격은 1kg당이며, 발주는 0.1kg단위로 가능함 / 밴댕이 말린 상품,육수용"
"수산물","건어물","디포리","1393977","디포리","가격은 1kg당이며, 발주는 0.1kg단위로 가능함 / 디포리"
"수산물","건어물","디포리","1393978","디포리","가격은 1kg당이며, 발주는 0.1kg단위로 가능함 / 안전성 검사 완료제품"
"수산물","건어물","디포리","1393979","디포리","가격은 1kg당이며, 발주는 0.1kg단위로 가능함 / 디포리"
"수산물","건어물","디포리","1393980","디포리","가격은 1kg당이며, 발주는 0.1kg단위로 가능함 / 발주별 소분포장"
"수산물","건어물","디포리","1393981","디포리","가격은 1kg당이며, 발주는 0.1kg단위로 가능함 / 디포리"
"수산물","건어물","멸치","1393982","미역","가격은 1kg당이며, 발주는 0.1kg단위로 가능함 / 건미역"
"수산물","건어물","멸치","1393983","멸치","가격은 1kg당이며, 발주는 0.1kg단위로 가능함 / 멸치 잔멸치(저염지리멸)"
"수산물","건어물","멸치","1393984","멸치","가격은 1kg당이며, 발주는 0.1kg단위로 가능함 / 국산/일반/상급품/지리가이리멸치"
"수산물","건어물","멸치","1393985","멸치","가격은 1kg당이며, 발주는 0.1kg단위로 가능함 / 이물관리 / 제철시기 1년치 원물 확보 /  안전성 검사 완료"
"수산물","건어물","멸치","1393986","멸치","가격은 1kg당이며, 발주는 0.1kg단위로 가능함 / 볶음,2~3cm내외"
"수산물","건어물","멸치","1393987","멸치","가격은 1kg당이며, 발주는 0.1kg단위로 가능함 / 멸치 잔멸치(지리 가이리)"
"수산물","건어물","멸치","1393988","멸치","가격은 1kg당이며, 발주는 0.1kg단위로 가능함 / 안전성 검사 완료제품"
"수산물","건어물","멸치","1393989","멸치","가격은 1kg당이며, 발주는 0.1kg단위로 가능함 / 멸치 잔멸치(지리 가이리)"
"수산물","건어물","멸치","1393990","멸치","가격은 1kg당이며, 발주는 0.1kg단위로 가능함 / 발주별 소분포장"
"수산물","건어물","멸치","1393992","멸치","가격은 1kg당이며, 발주는 0.1kg단위로 가능함 / 국산/일반/상급품/지리멸치"
"수산물","건어물","멸치","1393993","멸치","가격은 1kg당이며, 발주는 0.1kg단위로 가능함 / 이물관리 / 제철시기 1년치 원물 확보 /  안전성 검사 완료"
"수산물","건어물","멸치","1393994","멸치","가격은 1kg당이며, 발주는 0.1kg단위로 가능함 / 볶음,2cm내외"
"수산물","건어물","멸치","1393995","멸치","가격은 1kg당이며, 발주는 0.1kg단위로 가능함 / 멸치 잔멸치(지리멸)"
"수산물","건어물","멸치","1393996","멸치","가격은 1kg당이며, 발주는 0.1kg단위로 가능함 / 안전성 검사 완료제품"
"수산물","건어물","멸치","1393997","멸치","가격은 1kg당이며, 발주는 0.1kg단위로 가능함 / 멸치 잔멸치(지리멸)"
"수산물","건어물","멸치","1393998","멸치","가격은 1kg당이며, 발주는 0.1kg단위로 가능함 / 발주별 소분포장"
"수산물","건어물","멸치","1393999","멸치","가격은 1kg당이며, 발주는 0.1kg단위로 가능함 / 멸치 잔멸치(지리멸)"
"수산물","건어물","멸치","1394000","멸치","가격은 1kg당이며, 발주는 0.1kg단위로 가능함 / 국산/일반/상급품/가이리멸치"
"수산물","건어물","멸치","1394001","멸치","가격은 1kg당이며, 발주는 0.1kg단위로 가능함 / 이물관리 / 제철시기 1년치 원물 확보 /  안전성 검사 완료"
"수산물","건어물","멸치","1394002","멸치","가격은 1kg당이며, 발주는 0.1kg단위로 가능함 / 볶음,조림,3~4cm내외"
"수산물","건어물","멸치","1394003","멸치","가격은 1kg당이며, 발주는 0.1kg단위로 가능함 / 멸치 중멸치(가이리)"
"수산물","건어물","멸치","1394004","멸치","가격은 1kg당이며, 발주는 0.1kg단위로 가능함 / 안전성 검사 완료제품"
"수산물","건어물","멸치","1394005","멸치","가격은 1kg당이며, 발주는 0.1kg단위로 가능함 / 멸치 중멸치(가이리)"
"수산물","건어물","멸치","1394006","멸치","가격은 1kg당이며, 발주는 0.1kg단위로 가능함 / 발주별 소분포장"
"수산물","건어물","멸치","1394007","멸치","가격은 1kg당이며, 발주는 0.1kg단위로 가능함 / 멸치 중멸치(가이리)"
"수산물","건어물","멸치","1394008","멸치","가격은 1kg당이며, 발주는 0.1kg단위로 가능함 / 국산/일반/상급품/중멸치"
"수산물","건어물","멸치","1394009","멸치","가격은 1kg당이며, 발주는 0.1kg단위로 가능함 / 이물관리 / 제철시기 1년치 원물 확보 /  안전성 검사 완료"
"수산물","건어물","멸치","1394010","멸치","가격은 1kg당이며, 발주는 0.1kg단위로 가능함 / 멸치 중멸치(고바)"
"수산물","건어물","멸치","1394011","멸치","가격은 1kg당이며, 발주는 0.1kg단위로 가능함 / 안전성 검사 완료제품"
"수산물","건어물","멸치","1394012","멸치","가격은 1kg당이며, 발주는 0.1kg단위로 가능함 / 멸치 중멸치(고바)"
"수산물","건어물","멸치","1394013","멸치","가격은 1kg당이며, 발주는 0.1kg단위로 가능함 / 발주별 소분포장"
"수산물","건어물","멸치","1394014","멸치","가격은 1kg당이며, 발주는 0.1kg단위로 가능함 / 멸치 중멸치(고바)"
"수산물","건어물","멸치","1394015","멸치","가격은 1kg당이며, 발주는 0.1kg단위로 가능함 / 국산/일반/상급품/대멸"
"수산물","건어물","멸치","1394016","멸치","가격은 1kg당이며, 발주는 0.1kg단위로 가능함 / 이물관리 / 제철시기 1년치 원물 확보 /  안전성 검사 완료"
"수산물","건어물","멸치","1394017","멸치","가격은 1kg당이며, 발주는 0.1kg단위로 가능함 / 육수용,7~8cm내외"
"수산물","건어물","멸치","1394018","멸치","가격은 1kg당이며, 발주는 0.1kg단위로 가능함 / 멸치 큰멸치(국멸치 주바) 상품"
"수산물","건어물","멸치","1394019","멸치","가격은 1kg당이며, 발주는 0.1kg단위로 가능함 / 안전성 검사 완료제품"
"수산물","건어물","멸치","1394020","멸치","가격은 1kg당이며, 발주는 0.1kg단위로 가능함 / 멸치 큰멸치(국멸치 주바) 상품"
"수산물","건어물","멸치","1394021","멸치","가격은 1kg당이며, 발주는 0.1kg단위로 가능함 / 발주별 소분포장"
"수산물","건어물","멸치","1394022","멸치","가격은 1kg당이며, 발주는 0.1kg단위로 가능함 / 멸치 큰멸치(국멸치 주바) 상품"
"수산물","건어물","미역","1394023","미역","가격은 1kg당이며, 발주는 0.1kg단위로 가능함 / 국산/일반/말린것(건조)/건실미역/실온"
"수산물","건어물","미역","1394024","미역","가격은 1kg당이며, 발주는 0.1kg단위로 가능함 / 이물관리 / 제철시기 1년치 원물 확보 /  안전성 검사 완료"
"수산물","건어물","미역","1394025","미역","가격은 1kg당이며, 발주는 0.1kg단위로 가능함 / 실미역,80cm내외"
"수산물","건어물","미역","1394026","미역","가격은 1kg당이며, 발주는 0.1kg단위로 가능함 / 건미역"
"수산물","건어물","미역","1394027","미역","가격은 1kg당이며, 발주는 0.1kg단위로 가능함 / 안전성 검사 완료제품"
"수산물","건어물","미역","1394028","미역","가격은 1kg당이며, 발주는 0.1kg단위로 가능함 / 건미역"
"수산물","건어물","미역","1394029","미역","가격은 1kg당이며, 발주는 0.1kg단위로 가능함 / 발주별 소분포장"
"수산물","건어물","미역","1394030","미역","가격은 1kg당이며, 발주는 0.1kg단위로 가능함 / 국산/일반/말린것(건조)/자른미역/실온"
"수산물","건어물","미역","1394031","미역","가격은 1kg당이며, 발주는 0.1kg단위로 가능함 / 이물관리 / 제철시기 1년치 원물 확보 /  안전성 검사 완료"
"수산물","건어물","미역","1394032","미역","가격은 1kg당이며, 발주는 0.1kg단위로 가능함 / 커트미역,1~2cm내외"
"수산물","건어물","미역","1394033","미역","가격은 1kg당이며, 발주는 0.1kg단위로 가능함 / 건미역(절단)"
"수산물","건어물","미역","1394034","미역","가격은 1kg당이며, 발주는 0.1kg단위로 가능함 / 안전성 검사 완료제품"
"수산물","건어물","미역","1394035","미역","가격은 1kg당이며, 발주는 0.1kg단위로 가능함 / 건미역(절단)"
"수산물","건어물","미역","1394036","미역","가격은 1kg당이며, 발주는 0.1kg단위로 가능함 / 발주별 소분포장"
"수산물","건어물","미역","1394037","미역","가격은 1kg당이며, 발주는 0.1kg단위로 가능함 / 건미역(절단)"
"수산물","건어물","미역","1394038","미역","가격은 1kg당이며, 발주는 0.1kg단위로 가능함 / 국산/일반/말린것(건조)/기장미역/실온"
"수산물","건어물","미역","1394039","미역","가격은 1kg당이며, 발주는 0.1kg단위로 가능함 / 이물관리 / 안정성 검사 완료"
"수산물","건어물","미역","1394040","미역","가격은 1kg당이며, 발주는 0.1kg단위로 가능함 / 기장산,60~80cm내외"
"수산물","건어물","미역","1394041","미역","가격은 1kg당이며, 발주는 0.1kg단위로 가능함 / 기장미역"
"수산물","건어물","미역","1394042","미역","가격은 1kg당이며, 발주는 0.1kg단위로 가능함 / 안전성 검사 완료제품"
"수산물","건어물","미역","1394043","미역","가격은 1kg당이며, 발주는 0.1kg단위로 가능함 / 기장미역"
"수산물","건어물","미역","1394044","미역","가격은 1kg당이며, 발주는 0.1kg단위로 가능함 / 발주별 소분포장"
"수산물","건어물","미역","1394045","미역","가격은 1kg당이며, 발주는 0.1kg단위로 가능함 / 기장미역"
"수산물","건어물","미역","1394046","미역","가격은 1kg당이며, 발주는 0.1kg단위로 가능함 / 국산/일반/염장 미역(소금 30%이하)"
"수산물","건어물","미역","1394047","미역","가격은 1kg당이며, 발주는 0.1kg단위로 가능함 / 이물관리 / 안정성 검사 완료"
"수산물","건어물","미역","1394048","미역","가격은 1kg당이며, 발주는 0.1kg단위로 가능함 / 염장 미역(소금 30%이하)"
"수산물","건어물","미역","1394049","미역","가격은 1kg당이며, 발주는 0.1kg단위로 가능함 / 안전성 검사 완료제품"
"수산물","건어물","미역","1394050","미역","가격은 1kg당이며, 발주는 0.1kg단위로 가능함 / 염장 미역(소금 30%이하)"
"수산물","건어물","미역","1394051","미역","가격은 1kg당이며, 발주는 0.1kg단위로 가능함 / 발주별 소분포장"
"수산물","건어물","미역","1394052","미역","가격은 1kg당이며, 발주는 0.1kg단위로 가능함 / 국산/일반/염장 미역줄기(소금 30%이하)"
"수산물","건어물","미역","1394053","미역","가격은 1kg당이며, 발주는 0.1kg단위로 가능함 / 이물관리 / 안정성 검사 완료"
"수산물","건어물","미역","1394054","미역","가격은 1kg당이며, 발주는 0.1kg단위로 가능함 / 염장미역줄기(미역줄기:정제염_중국=7:3)"
"수산물","건어물","미역","1394055","미역","가격은 1kg당이며, 발주는 0.1kg단위로 가능함 / 염장 미역줄기(소금 30%이하)"
"수산물","건어물","미역","1394056","미역","가격은 1kg당이며, 발주는 0.1kg단위로 가능함 / 안전성 검사 완료제품"
"수산물","건어물","미역","1394057","미역","가격은 1kg당이며, 발주는 0.1kg단위로 가능함 / 염장 미역줄기(소금 30%이하)"
"수산물","건어물","미역","1394058","미역","가격은 1kg당이며, 발주는 0.1kg단위로 가능함 / 발주별 소분포장"
"수산물","건어물","쥐치","1394059","쥐치","가격은 1kg당이며, 발주는 0.1kg단위로 가능함 / 외국산/일반/네모(사각)모양/쥐포사각/냉장"
"수산물","건어물","쥐치","1394060","쥐치","가격은 1kg당이며, 발주는 0.1kg단위로 가능함 / 이물관리 /  수입 1년이하 원료 사용 / 안전성 검사 완료"
"수산물","건어물","쥐치","1394061","쥐치","가격은 1kg당이며, 발주는 0.1kg단위로 가능함 / 쥐치포(절단)"
"수산물","건어물","쥐치","1394062","쥐치","가격은 1kg당이며, 발주는 0.1kg단위로 가능함 / 안전성 검사 완료제품"
"수산물","건어물","쥐치","1394063","쥐치","가격은 1kg당이며, 발주는 0.1kg단위로 가능함 / 쥐치포(절단)"
"수산물","건어물","쥐치","1394064","쥐치","가격은 1kg당이며, 발주는 0.1kg단위로 가능함 / 발주별 소분포장"
"수산물","건어물","쥐치","1394065","쥐치","가격은 1kg당이며, 발주는 0.1kg단위로 가능함 / 쥐치포(절단)"
"수산물","건어물","톳","1394066","톳","가격은 1kg당이며, 발주는 0.1kg단위로 가능함 / 국산/일반/톳/말린것(건조) /냉장"
"수산물","건어물","톳","1394067","톳","가격은 1kg당이며, 발주는 0.1kg단위로 가능함 / 이물관리 / 안정성 검사 완료"
"수산물","건어물","톳","1394068","톳","가격은 1kg당이며, 발주는 0.1kg단위로 가능함 / 말린 쌀알톳,계란말이,톳밥 등"
"수산물","건어물","톳","1394069","톳","가격은 1kg당이며, 발주는 0.1kg단위로 가능함 / 안전성 검사 완료제품"
"수산물","건어물","톳","1394070","톳","가격은 1kg당이며, 발주는 0.1kg단위로 가능함 / 건톳"
"수산물","건어물","톳","1394071","톳","가격은 1kg당이며, 발주는 0.1kg단위로 가능함 / 발주별 소분포장"
"수산물","건어물","톳","1394072","톳","가격은 1kg당이며, 발주는 0.1kg단위로 가능함 / 건톳"
"수산물","어류","가자미","1394073","가자미","가격은 1kg당이며, 발주는 0.1kg단위로 가능함 / 외국산/일반/절단가자미/냉동/가시포함"
"수산물","어류","가자미","1394074","가자미","가격은 1kg당이며, 발주는 0.1kg단위로 가능함 / 외국산/일반/가자미 냉동(손질) 절단"
"수산물","어류","가자미","1394075","가자미","가격은 1kg당이며, 발주는 0.1kg단위로 가능함 / 수입 1년이하 원료 사용 / 안전성 검사 완료 / 미국산"
"수산물","어류","가자미","1394076","가자미","가격은 1kg당이며, 발주는 0.1kg단위로 가능함 / 수입 1년이하 원료 사용 / 안전성 검사 완료 / 러시아산"
"수산물","어류","가자미","1394077","가자미","가격은 1kg당이며, 발주는 0.1kg단위로 가능함 / 뼈있음 / 미국산"
"수산물","어류","가자미","1394078","가자미","가격은 1kg당이며, 발주는 0.1kg단위로 가능함 / 뼈있음 / 러시아산"
"수산물","어류","가자미","1394079","가자미","가격은 1kg당이며, 발주는 0.1kg단위로 가능함 / 가자미 냉동(손질) 절단 / 미국산"
"수산물","어류","가자미","1394080","가자미","가격은 1kg당이며, 발주는 0.1kg단위로 가능함 / 가자미 냉동(손질) 절단 / 러시아산"
"수산물","어류","가자미","1394081","가자미","가격은 1kg당이며, 발주는 0.1kg단위로 가능함 / 선도좋은 제품을 급식 규격에 맞추어 절단 해드립니다 / 미국산"
"수산물","어류","가자미","1394082","가자미","가격은 1kg당이며, 발주는 0.1kg단위로 가능함 / 선도좋은 제품을 급식 규격에 맞추어 절단 해드립니다 / 러시아산"
"수산물","어류","가자미","1394085","가자미","가격은 1kg당이며, 발주는 0.1kg단위로 가능함 / 머리,꼬리.내장제거. 사양별 절단 / 미국산"
"수산물","어류","가자미","1394086","가자미","가격은 1kg당이며, 발주는 0.1kg단위로 가능함 / 머리,꼬리.내장제거. 사양별 절단 / 러시아산"
"수산물","어류","가자미","1394087","가자미","가격은 1kg당이며, 발주는 0.1kg단위로 가능함 / 가자미 냉동(손질) 절단"
"수산물","어류","가자미","1394089","가자미","가격은 1kg당이며, 발주는 0.1kg단위로 가능함 / 외국산/일반//가자미포/냉동"
"수산물","어류","가자미","1394090","가자미","가격은 1kg당이며, 발주는 0.1kg단위로 가능함 / 수입 1년이하 원료 사용 / 안전성 검사 완료"
"수산물","어류","가자미","1394091","가자미","가격은 1kg당이며, 발주는 0.1kg단위로 가능함 / 일반살,약간의 가시가 있음,직각으로 절단"
"수산물","어류","고등어","1394170","고등어","가격은 1kg당이며, 발주는 0.1kg단위로 가능함 / 머리,꼬리,내장제거. 사양별절단"
"수산물","어류","가자미","1394092","가자미","가격은 1kg당이며, 발주는 0.1kg단위로 가능함 / 선도좋은 제품을 급식 규격에 맞추어 절단 해드립니다"
"수산물","어류","가자미","1394093","가자미","가격은 1kg당이며, 발주는 0.1kg단위로 가능함 / 가자미 냉동(포) 절단"
"수산물","어류","가자미","1394094","가자미","가격은 1kg당이며, 발주는 0.1kg단위로 가능함 / 머리,꼬리,내장.뼈제거. 사양별절단"
"수산물","어류","가자미","1394098","가자미","가격은 1kg당이며, 발주는 0.1kg단위로 가능함 / 일반살,약간의 가시가 있음,어슷으로 절단"
"수산물","어류","가자미","1394099","가자미","가격은 1kg당이며, 발주는 0.1kg단위로 가능함 / 가자미 냉동(포) 커틀릿용"
"수산물","어류","가자미","1394104","가자미","가격은 1kg당이며, 발주는 0.1kg단위로 가능함 / 외국산/일반/가자미순살(99%가시제거)/냉동"
"수산물","어류","가자미","1394106","가자미","가격은 1kg당이며, 발주는 0.1kg단위로 가능함 / 순살,가시제거"
"수산물","어류","가자미","1394107","가자미","가격은 1kg당이며, 발주는 0.1kg단위로 가능함 / 가자미순살(뼈제거 99%)"
"수산물","어류","가자미","1394110","가자미","가격은 1kg당이며, 발주는 0.1kg단위로 가능함 / 순살/가시제거99%"
"수산물","어류","갈치","1394111","갈치","가격은 1kg당이며, 발주는 0.1kg단위로 가능함 / 외국산/내장제거/생것/절단/냉동"
"수산물","어류","갈치","1394112","갈치","가격은 1kg당이며, 발주는 0.1kg단위로 가능함 / 외국산/일반/갈치 냉동(손질) 절단 / 베네주엘라산"
"수산물","어류","갈치","1394114","갈치","가격은 1kg당이며, 발주는 0.1kg단위로 가능함 / 수입 1년이하 원료 사용 / 안전성 검사 완료 / 세네갈산"
"수산물","어류","갈치","1394117","갈치","가격은 1kg당이며, 발주는 0.1kg단위로 가능함 / 뼈있음 / 세네갈산"
"수산물","어류","갈치","1394120","갈치","가격은 1kg당이며, 발주는 0.1kg단위로 가능함 / 갈치 냉동(손질) 절단"
"수산물","어류","갈치","1394121","갈치","가격은 1kg당이며, 발주는 0.1kg단위로 가능함 / 선도좋은 제품을 급식 규격에 맞추어 절단 해드립니다"
"수산물","어류","갈치","1394122","갈치","가격은 1kg당이며, 발주는 0.1kg단위로 가능함 / 갈치 냉동(손질) 절단 / 세네갈산"
"수산물","어류","갈치","1394123","갈치","가격은 1kg당이며, 발주는 0.1kg단위로 가능함 / 갈치 냉동(손질) 절단 / 베네주엘라산"
"수산물","어류","갈치","1394124","갈치","가격은 1kg당이며, 발주는 0.1kg단위로 가능함 / 갈치 냉동(손질) 절단 / 모로코산"
"수산물","어류","갈치","1394125","갈치","가격은 1kg당이며, 발주는 0.1kg단위로 가능함 / 머리,꼬리,내장제거. 사양별절단 / 세네갈산"
"수산물","어류","갈치","1394127","갈치","가격은 1kg당이며, 발주는 0.1kg단위로 가능함 / 머리,꼬리,내장제거. 사양별절단 / 모로코산"
"수산물","어류","갈치","1394128","갈치","가격은 1kg당이며, 발주는 0.1kg단위로 가능함 / 국산/일반/HACCP/수산물품질인증"
"수산물","어류","갈치","1394129","갈치","가격은 1kg당이며, 발주는 0.1kg단위로 가능함 /  제철시기 1년치 원물 확보 /  안전성 검사 완료"
"수산물","어류","갈치","1394130","갈치","가격은 1kg당이며, 발주는 0.1kg단위로 가능함 / 뼈있음"
"수산물","어류","갈치","1394131","갈치","가격은 1kg당이며, 발주는 0.1kg단위로 가능함 / 갈치 냉동(손질) 절단,300~400g(30~50g)"
"수산물","어류","갈치","1394134","갈치","가격은 1kg당이며, 발주는 0.1kg단위로 가능함 / 머리,꼬리,내장제거 사양별절단"
"수산물","어류","갈치","1394136","갈치","가격은 1kg당이며, 발주는 0.1kg단위로 가능함 / 외국산/내장제거/생것/갈치포/절단/냉동"
"수산물","어류","갈치","1394140","갈치","가격은 1kg당이며, 발주는 0.1kg단위로 가능함 / 일반살,약간의 가시가 있음,직각으로 절단 / 세네갈산"
"수산물","어류","갈치","1394142","갈치","가격은 1kg당이며, 발주는 0.1kg단위로 가능함 / 갈치 냉동(포) 절단"
"수산물","어류","갈치","1394144","갈치","가격은 1kg당이며, 발주는 0.1kg단위로 가능함 / 갈치 냉동(포) 절단 / 세네갈산"
"수산물","어류","갈치","1394145","갈치","가격은 1kg당이며, 발주는 0.1kg단위로 가능함 / 갈치 냉동(포) 절단 / 베네주엘라산"
"수산물","어류","갈치","1394146","갈치","가격은 1kg당이며, 발주는 0.1kg단위로 가능함 / 머리,꼬리,내장.뼈제거. 사양별절단 / 세네갈산"
"수산물","어류","갈치","1394151","갈치","가격은 1kg당이며, 발주는 0.1kg단위로 가능함 / 갈치 냉동(포) 절단/모로코"
"수산물","어류","갈치","1394152","갈치","가격은 1kg당이며, 발주는 0.1kg단위로 가능함 / 갈치 냉동(포) 절단/모로코"
"수산물","어류","고등어","1394158","고등어","가격은 1kg당이며, 발주는 0.1kg단위로 가능함 / 국산/일반/HACCP"
"수산물","어류","고등어","1394159","고등어","가격은 1kg당이며, 발주는 0.1kg단위로 가능함 / 노르웨이/일반/생것/절단"
"수산물","어류","고등어","1394160","고등어","가격은 1kg당이며, 발주는 0.1kg단위로 가능함 /  제철시기 1년치 원물 확보 /  안전성 검사 완료"
"수산물","어류","고등어","1394161","고등어","가격은 1kg당이며, 발주는 0.1kg단위로 가능함 / 수입 1년이하 원료 사용 / 안전성 검사 완료"
"수산물","어류","고등어","1394162","고등어","가격은 1kg당이며, 발주는 0.1kg단위로 가능함 / 뼈있음"
"수산물","어류","고등어","1394163","고등어","가격은 1kg당이며, 발주는 0.1kg단위로 가능함 / 뼈있음 / 노르웨이산"
"수산물","어류","고등어","1394164","고등어","가격은 1kg당이며, 발주는 0.1kg단위로 가능함 / 고등어 냉동(손질) 절단"
"수산물","어류","고등어","1394165","고등어","가격은 1kg당이며, 발주는 0.1kg단위로 가능함 / 선도좋은 제품을 급식 규격에 맞추어 절단 해드립니다 / 국내산"
"수산물","어류","고등어","1394166","고등어","가격은 1kg당이며, 발주는 0.1kg단위로 가능함 / 선도좋은 제품을 급식 규격에 맞추어 절단 해드립니다 / 노르웨이산"
"수산물","어류","고등어","1394167","고등어","가격은 1kg당이며, 발주는 0.1kg단위로 가능함 / 고등어 냉동(손질) 절단 / 국내산"
"수산물","어류","고등어","1394168","고등어","가격은 1kg당이며, 발주는 0.1kg단위로 가능함 / 고등어 냉동(손질) 절단 / 노르웨이산"
"수산물","어류","고등어","1394169","고등어","가격은 1kg당이며, 발주는 0.1kg단위로 가능함 / 조림용등 사양절단"
"수산물","어류","고등어","1394174","고등어","가격은 1kg당이며, 발주는 0.1kg단위로 가능함 / 노르웨이산/일반/HACCP"
"수산물","어류","고등어","1394177","고등어","가격은 1kg당이며, 발주는 0.1kg단위로 가능함 / 일반살,약간의 가시가 있음,직각으로 절단 / 국내산"
"수산물","어류","고등어","1394178","고등어","가격은 1kg당이며, 발주는 0.1kg단위로 가능함 / 일반살,약간의 가시가 있음,직각으로 절단 / 노르웨이산"
"수산물","어류","고등어","1394179","고등어","가격은 1kg당이며, 발주는 0.1kg단위로 가능함 / 고등어 냉동(포) 절단"
"수산물","어류","고등어","1394182","고등어","가격은 1kg당이며, 발주는 0.1kg단위로 가능함 / 고등어 냉동(포) 절단 / 국내산"
"수산물","어류","고등어","1394183","고등어","가격은 1kg당이며, 발주는 0.1kg단위로 가능함 / 고등어 냉동(포) 절단 / 노르웨이산"
"수산물","어류","고등어","1394184","고등어","가격은 1kg당이며, 발주는 0.1kg단위로 가능함 / 구이용.튀김용등 사양절단"
"수산물","어류","고등어","1394185","고등어","가격은 1kg당이며, 발주는 0.1kg단위로 가능함 / 머리,꼬리,내장.뼈제거. 사양별절단"
"수산물","어류","고등어","1394188","고등어","가격은 1kg당이며, 발주는 0.1kg단위로 가능함 / 국산/일반/염장/자반고등어절단/가시포함"
"수산물","어류","고등어","1394190","고등어","가격은 1kg당이며, 발주는 0.1kg단위로 가능함 / 선도좋은 제품을 급식 규격에 맞추어 절단 해드립니다"
"수산물","어류","고등어","1394191","고등어","가격은 1kg당이며, 발주는 0.1kg단위로 가능함 / 고등어 자반(손질) 냉동, 절단"
"수산물","어류","고등어","1394192","고등어","가격은 1kg당이며, 발주는 0.1kg단위로 가능함 / 사양별절단"
"수산물","어류","고등어","1394195","고등어","가격은 1kg당이며, 발주는 0.1kg단위로 가능함 / 국산/일반/고등어순살(99%가시제거)/냉동"
"수산물","어류","고등어","1394196","고등어","가격은 1kg당이며, 발주는 0.1kg단위로 가능함 / 노르웨이/일반/고등어순살(99%가시제거)/냉동"
"수산물","어류","고등어","1394199","고등어","가격은 1kg당이며, 발주는 0.1kg단위로 가능함 / 순살,가시제거 / 국내산"
"수산물","어류","고등어","1394200","고등어","가격은 1kg당이며, 발주는 0.1kg단위로 가능함 / 순살,가시제거 / 노르웨이산"
"수산물","어류","고등어","1394201","고등어","가격은 1kg당이며, 발주는 0.1kg단위로 가능함 / 고등어순살(뼈제거 99%)"
"수산물","어류","고등어","1394204","고등어","가격은 1kg당이며, 발주는 0.1kg단위로 가능함 / 고등어순살(뼈제거 99%) / 국내산"
"수산물","어류","고등어","1394205","고등어","가격은 1kg당이며, 발주는 0.1kg단위로 가능함 / 고등어순살(뼈제거 99%) / 노르웨이산"
"수산물","어류","고등어","1394206","고등어","가격은 1kg당이며, 발주는 0.1kg단위로 가능함 / 순살/가시제거99% / 국내산"
"수산물","어류","고등어","1394207","고등어","가격은 1kg당이며, 발주는 0.1kg단위로 가능함 / 순살/가시제거99% / 노르웨이산"
"수산물","어류","꽁치","1394208","꽁치","가격은 1kg당이며, 발주는 0.1kg단위로 가능함 / 외국산/일반/다듬은것/|절단꽁치/대만산/냉동"
"수산물","어류","꽁치","1394209","꽁치","가격은 1kg당이며, 발주는 0.1kg단위로 가능함 / 수입 1년이하 원료 사용 / 안전성 검사 완료"
"수산물","어류","꽁치","1394210","꽁치","가격은 1kg당이며, 발주는 0.1kg단위로 가능함 / 뼈있음"
"수산물","어류","꽁치","1394211","꽁치","가격은 1kg당이며, 발주는 0.1kg단위로 가능함 / 꽁치 냉동(손질) 절단"
"수산물","어류","꽁치","1394212","꽁치","가격은 1kg당이며, 발주는 0.1kg단위로 가능함 / 선도좋은 제품을 급식 규격에 맞추어 절단 해드립니다"
"수산물","어류","꽁치","1394213","꽁치","가격은 1kg당이며, 발주는 0.1kg단위로 가능함 / 꽁치 냉동(손질) 절단"
"수산물","어류","꽁치","1394214","꽁치","가격은 1kg당이며, 발주는 0.1kg단위로 가능함 / 머리,꼬리,내장제거, 사양별절단"
"수산물","어류","꽁치","1394215","꽁치","가격은 1kg당이며, 발주는 0.1kg단위로 가능함 / 꽁치 냉동(손질) 절단"
"수산물","어류","날치","1394216","날치","가격은 1kg당이며, 발주는 0.1kg단위로 가능함 / 날치 냉동(알), GOLD/800g-900g, 빙어알섞임 / 최소 800g, 900g 단위씩 주문"
"수산물","어류","날치","1394217","날치","가격은 1kg당이며, 발주는 0.1kg단위로 가능함 / 날치알/외국산/일반/냉동 / 최소 800g, 900g 단위씩 주문"
"수산물","어류","날치","1394218","날치","가격은 1kg당이며, 발주는 0.1kg단위로 가능함 / 수입 1년이하 원료 사용 / 안전성 검사 완료 / 최소 800g, 900g 단위씩 주문"
"수산물","어류","날치","1394219","날치","가격은 1kg당이며, 발주는 0.1kg단위로 가능함 / 날치 냉동(알), GOLD/800g-900g, 빙어알섞임 / 최소 800g, 900g 단위씩 주문"
"수산물","어류","날치","1394220","날치","가격은 1kg당이며, 발주는 0.1kg단위로 가능함 / 안전성 검사 완료제품 / 최소 900g단위씩 주문"
"수산물","어류","날치","1394221","날치","가격은 1kg당이며, 발주는 0.1kg단위로 가능함 / 날치 냉동(알), GOLD/800g-900g, 빙어알섞임 / 최소 800g, 900g 단위씩 주문"
"수산물","어류","날치","1394222","날치","가격은 1kg당이며, 발주는 0.1kg단위로 가능함 / 날치 냉동(알), GOLD/800g-900g, 빙어알섞임 / 최소 800g, 900g 단위씩 주문 / 수입산"
"수산물","어류","날치","1394223","날치","가격은 1kg당이며, 발주는 0.1kg단위로 가능함 / 최소 800g, 900g 단위씩 주문"
"수산물","어류","날치","1394224","날치","가격은 1kg당이며, 발주는 0.1kg단위로 가능함 / 최소 800g, 900g 단위씩 주문 / 수입산"
"수산물","어류","달고기","1394225","달고기","가격은 1kg당이며, 발주는 0.1kg단위로 가능함 / 국산/일반/달고기순살(99%가시제거)/냉동/무피"
"수산물","어류","달고기","1394226","달고기","가격은 1kg당이며, 발주는 0.1kg단위로 가능함 /  제철시기 1년치 원물 확보 /  안전성 검사 완료"
"수산물","어류","달고기","1394227","달고기","가격은 1kg당이며, 발주는 0.1kg단위로 가능함 / 순살,가시제거"
"수산물","어류","달고기","1394228","달고기","가격은 1kg당이며, 발주는 0.1kg단위로 가능함 / 달고기순살(무피)(뼈제거 99%)"
"수산물","어류","달고기","1394229","달고기","가격은 1kg당이며, 발주는 0.1kg단위로 가능함 / 선도좋은 제품을 급식 규격에 맞추어 절단 해드립니다"
"수산물","어류","달고기","1394230","달고기","가격은 1kg당이며, 발주는 0.1kg단위로 가능함 / 달고기순살(무피)(뼈제거 99%)"
"수산물","어류","달고기","1394231","달고기","가격은 1kg당이며, 발주는 0.1kg단위로 가능함 / 순살/가시제거99%"
"수산물","어류","달고기","1394232","달고기","가격은 1kg당이며, 발주는 0.1kg단위로 가능함 / 국산/일반/달고기순살(99%가시제거)/냉동/유피"
"수산물","어류","달고기","1394233","달고기","가격은 1kg당이며, 발주는 0.1kg단위로 가능함 /  제철시기 1년치 원물 확보 /  안전성 검사 완료"
"수산물","어류","달고기","1394234","달고기","가격은 1kg당이며, 발주는 0.1kg단위로 가능함 / 순살,가시제거"
"수산물","어류","달고기","1394235","달고기","가격은 1kg당이며, 발주는 0.1kg단위로 가능함 / 달고기순살(유피)(뼈제거 99%)"
"수산물","어류","달고기","1394236","달고기","가격은 1kg당이며, 발주는 0.1kg단위로 가능함 / 선도좋은 제품을 급식 규격에 맞추어 절단 해드립니다"
"수산물","어류","달고기","1394237","달고기","가격은 1kg당이며, 발주는 0.1kg단위로 가능함 / 달고기순살(유피)(뼈제거 99%)"
"수산물","어류","달고기","1394238","달고기","가격은 1kg당이며, 발주는 0.1kg단위로 가능함 / 순살/가시제거99%"
"수산물","어류","대구","1394239","대구","가격은 1kg당이며, 발주는 0.1kg단위로 가능함 / 외국산/일반//대구/절단/냉동/탕용"
"수산물","어류","대구","1394240","대구","가격은 1kg당이며, 발주는 0.1kg단위로 가능함 / 수입 1년이하 원료 사용 / 안전성 검사 완료"
"수산물","어류","대구","1394241","대구","가격은 1kg당이며, 발주는 0.1kg단위로 가능함 / 뼈있음"
"수산물","어류","대구","1394242","대구","가격은 1kg당이며, 발주는 0.1kg단위로 가능함 / 대구 냉동(손질) 절단"
"수산물","어류","대구","1394243","대구","가격은 1kg당이며, 발주는 0.1kg단위로 가능함 / 선도좋은 제품을 급식 규격에 맞추어 절단 해드립니다"
"수산물","어류","대구","1394244","대구","가격은 1kg당이며, 발주는 0.1kg단위로 가능함 / 대구 냉동(손질) 절단"
"수산물","어류","대구","1394245","대구","가격은 1kg당이며, 발주는 0.1kg단위로 가능함 / 머리,꼬리,내장제거. 사양별절단"
"수산물","어류","대구","1394246","대구","가격은 1kg당이며, 발주는 0.1kg단위로 가능함 / 대구 냉동(순살)99%가시제거"
"수산물","어류","대구","1394247","대구","가격은 1kg당이며, 발주는 0.1kg단위로 가능함 / 외국산/일반//대구포전용,커틀릿/냉동"
"수산물","어류","대구","1394248","대구","가격은 1kg당이며, 발주는 0.1kg단위로 가능함 / 수입 1년이하 원료 사용 / 안전성 검사 완료"
"수산물","어류","대구","1394249","대구","가격은 1kg당이며, 발주는 0.1kg단위로 가능함 / 일반살,약간의 가시가 있음,어슷으로 절단"
"수산물","어류","대구","1394250","대구","가격은 1kg당이며, 발주는 0.1kg단위로 가능함 / 대구 냉동(포) 전용, 커틀릿용"
"수산물","어류","대구","1394251","대구","가격은 1kg당이며, 발주는 0.1kg단위로 가능함 / 선도좋은 제품을 급식 규격에 맞추어 절단 해드립니다"
"수산물","어류","대구","1394252","대구","가격은 1kg당이며, 발주는 0.1kg단위로 가능함 / 대구 냉동(포) 전용, 커틀릿용"
"수산물","어류","대구","1394253","대구","가격은 1kg당이며, 발주는 0.1kg단위로 가능함 / 머리,꼬리,내장.뼈제거. 사양별절단"
"수산물","어류","대구","1394254","대구","가격은 1kg당이며, 발주는 0.1kg단위로 가능함 / 대구 냉동(포) 전용, 커틀릿용"
"수산물","어류","대구","1394255","대구","가격은 1kg당이며, 발주는 0.1kg단위로 가능함 / 외국산/일반/대구포/냉동"
"수산물","어류","대구","1394256","대구","가격은 1kg당이며, 발주는 0.1kg단위로 가능함 / 수입 1년이하 원료 사용 / 안전성 검사 완료"
"수산물","어류","대구","1394257","대구","가격은 1kg당이며, 발주는 0.1kg단위로 가능함 / 일반살,약간의 가시가 있음,직각으로 절단"
"수산물","어류","대구","1394258","대구","가격은 1kg당이며, 발주는 0.1kg단위로 가능함 / 대구 냉동(포) 절단"
"수산물","어류","대구","1394259","대구","가격은 1kg당이며, 발주는 0.1kg단위로 가능함 / 선도좋은 제품을 급식 규격에 맞추어 절단 해드립니다"
"수산물","어류","대구","1394260","대구","가격은 1kg당이며, 발주는 0.1kg단위로 가능함 / 대구 냉동(포) 절단"
"수산물","어류","대구","1394261","대구","가격은 1kg당이며, 발주는 0.1kg단위로 가능함 / 머리,꼬리,내장.뼈제거. 사양별절단"
"수산물","어류","대구","1394262","대구","가격은 1kg당이며, 발주는 0.1kg단위로 가능함 / 대구 냉동(포) 절단"
"수산물","어류","대구","1394263","대구","가격은 1kg당이며, 발주는 0.1kg단위로 가능함 / 대구 절단"
"수산물","어류","명란(알)","1394264","명란(알)","가격은 1kg당이며, 발주는 0.1kg단위로 가능함 / 외국산/일반/명란/러시아,미국산/냉동"
"수산물","어류","명란(알)","1394265","명란(알)","가격은 1kg당이며, 발주는 0.1kg단위로 가능함 / 수입 1년이하 원료 사용 / 안전성 검사 완료"
"수산물","어류","명란(알)","1394266","명란(알)","가격은 1kg당이며, 발주는 0.1kg단위로 가능함 / 명란(알) 냉동"
"수산물","어류","명란(알)","1394267","명란(알)","가격은 1kg당이며, 발주는 0.1kg단위로 가능함 / 안전성 검사 완료제품"
"수산물","어류","명란(알)","1394268","명란(알)","가격은 1kg당이며, 발주는 0.1kg단위로 가능함 / 명란(알) 냉동"
"수산물","어류","명란(알)","1394269","명란(알)","가격은 1kg당이며, 발주는 0.1kg단위로 가능함 / 탕용"
"수산물","어류","명란(알)","1394270","명란(알)","가격은 1kg당이며, 발주는 0.1kg단위로 가능함 / 명란(알) 냉동"
"수산물","어류","명란(알)","1394271","명란(알)","가격은 1kg당이며, 발주는 0.1kg단위로 가능함 / 외국산/일반/명란(알) 냉동 고니"
"수산물","어류","명란(알)","1394272","명란(알)","가격은 1kg당이며, 발주는 0.1kg단위로 가능함 / 수입 1년이하 원료 사용 / 안전성 검사 완료"
"수산물","어류","명란(알)","1394273","명란(알)","가격은 1kg당이며, 발주는 0.1kg단위로 가능함 / 명란(알) 냉동 고니"
"수산물","어류","명란(알)","1394274","명란(알)","가격은 1kg당이며, 발주는 0.1kg단위로 가능함 / 안전성 검사 완료제품"
"수산물","어류","명란(알)","1394275","명란(알)","가격은 1kg당이며, 발주는 0.1kg단위로 가능함 / 명란(알) 냉동 고니"
"수산물","어류","명란(알)","1394276","명란(알)","가격은 1kg당이며, 발주는 0.1kg단위로 가능함 / 탕용"
"수산물","어류","명란(알)","1394277","명란(알)","가격은 1kg당이며, 발주는 0.1kg단위로 가능함 / 명란(알) 냉동 고니"
"수산물","어류","명란(알)","1394278","명란(알)","가격은 1kg당이며, 발주는 0.1kg단위로 가능함 / 수입 1년이하 원료 사용 / 안전성 검사 완료"
"수산물","어류","명란(알)","1394279","명란(알)","가격은 1kg당이며, 발주는 0.1kg단위로 가능함 / 명란(알) 양념명란젓 小"
"수산물","어류","명란(알)","1394280","명란(알)","가격은 1kg당이며, 발주는 0.1kg단위로 가능함 / 안전성 검사 완료제품"
"수산물","어류","명란(알)","1394281","명란(알)","가격은 1kg당이며, 발주는 0.1kg단위로 가능함 / 명란(알) 양념명란젓 小"
"수산물","어류","명란(알)","1394282","명란(알)","가격은 1kg당이며, 발주는 0.1kg단위로 가능함 / 탕용"
"수산물","어류","명란(알)","1394283","명란(알)","가격은 1kg당이며, 발주는 0.1kg단위로 가능함 / 명란(알) 양념명란젓 小"
"수산물","어류","명란(알)","1394284","명란(알)","가격은 1kg당이며, 발주는 0.1kg단위로 가능함 / 외국산/일반//명란젓/러시아,미국산"
"수산물","어류","명란(알)","1394285","명란(알)","가격은 1kg당이며, 발주는 0.1kg단위로 가능함 / 수입 1년이하 원료 사용 / 안전성 검사 완료"
"수산물","어류","명란(알)","1394286","명란(알)","가격은 1kg당이며, 발주는 0.1kg단위로 가능함 / 명란(알) 양념명란젓 中"
"수산물","어류","명란(알)","1394287","명란(알)","가격은 1kg당이며, 발주는 0.1kg단위로 가능함 / 안전성 검사 완료제품"
"수산물","어류","명란(알)","1394288","명란(알)","가격은 1kg당이며, 발주는 0.1kg단위로 가능함 / 명란(알) 양념명란젓 中"
"수산물","어류","명란(알)","1394289","명란(알)","가격은 1kg당이며, 발주는 0.1kg단위로 가능함 / 탕용"
"수산물","어류","명란(알)","1394290","명란(알)","가격은 1kg당이며, 발주는 0.1kg단위로 가능함 / 명란(알) 양념명란젓 中"
"수산물","어류","명태","1394291","명태","가격은 1kg당이며, 발주는 0.1kg단위로 가능함 / 수입 1년이하 원료 사용 / 안전성 검사 완료"
"수산물","어류","명태","1394292","명태","가격은 1kg당이며, 발주는 0.1kg단위로 가능함 / 순살,가시제거"
"수산물","어류","명태","1394293","명태","가격은 1kg당이며, 발주는 0.1kg단위로 가능함 / 네모 동태살(뼈제거 99%)"
"수산물","어류","명태","1394294","명태","가격은 1kg당이며, 발주는 0.1kg단위로 가능함 / 선도좋은 제품을 급식 규격에 맞추어 절단 해드립니다"
"수산물","어류","명태","1394295","명태","가격은 1kg당이며, 발주는 0.1kg단위로 가능함 / 네모 동태살(뼈제거 99%)"
"수산물","어류","명태","1394296","명태","가격은 1kg당이며, 발주는 0.1kg단위로 가능함 / 순살/가시제거99%"
"수산물","어류","명태","1394297","명태","가격은 1kg당이며, 발주는 0.1kg단위로 가능함 / 명태 냉동(동태살) 순살99%가시제거"
"수산물","어류","명태","1394298","명태","가격은 1kg당이며, 발주는 0.1kg단위로 가능함 / 외국산/일반/전용/냉동"
"수산물","어류","명태","1394299","명태","가격은 1kg당이며, 발주는 0.1kg단위로 가능함 / 수입 1년이하 원료 사용 / 안전성 검사 완료"
"수산물","어류","명태","1394300","명태","가격은 1kg당이며, 발주는 0.1kg단위로 가능함 / 일반살,약간의 가시가 있음,어슷으로 절단"
"수산물","어류","명태","1394301","명태","가격은 1kg당이며, 발주는 0.1kg단위로 가능함 / 명태 냉동(동태포) 전용 "
"수산물","어류","명태","1394302","명태","가격은 1kg당이며, 발주는 0.1kg단위로 가능함 / 선도좋은 제품을 급식 규격에 맞추어 절단 해드립니다"
"수산물","어류","명태","1394303","명태","가격은 1kg당이며, 발주는 0.1kg단위로 가능함 / 명태 냉동(동태포) 전용 "
"수산물","어류","명태","1394304","명태","가격은 1kg당이며, 발주는 0.1kg단위로 가능함 / 머리,꼬리,내장.뼈제거. 사양별절단"
"수산물","어류","명태","1394305","명태","가격은 1kg당이며, 발주는 0.1kg단위로 가능함 / 외국산/일반/명태포/냉동"
"수산물","어류","명태","1394306","명태","가격은 1kg당이며, 발주는 0.1kg단위로 가능함 / 수입 1년이하 원료 사용 / 안전성 검사 완료"
"수산물","어류","명태","1394307","명태","가격은 1kg당이며, 발주는 0.1kg단위로 가능함 / 일반살,약간의 가시가 있음,직각으로 절단"
"수산물","어류","명태","1394308","명태","가격은 1kg당이며, 발주는 0.1kg단위로 가능함 / 명태 냉동(동태포) 절단"
"수산물","어류","명태","1394309","명태","가격은 1kg당이며, 발주는 0.1kg단위로 가능함 / 선도좋은 제품을 급식 규격에 맞추어 절단 해드립니다"
"수산물","어류","명태","1394310","명태","가격은 1kg당이며, 발주는 0.1kg단위로 가능함 / 명태 냉동(동태포) 절단"
"수산물","어류","명태","1394311","명태","가격은 1kg당이며, 발주는 0.1kg단위로 가능함 / 머리,꼬리,내장.뼈제거. 사양별절단"
"수산물","어류","명태","1394312","명태","가격은 1kg당이며, 발주는 0.1kg단위로 가능함 / 외국산/일반/커틀릿/냉동"
"수산물","어류","명태","1394313","명태","가격은 1kg당이며, 발주는 0.1kg단위로 가능함 / 수입 1년이하 원료 사용 / 안전성 검사 완료"
"수산물","어류","명태","1394314","명태","가격은 1kg당이며, 발주는 0.1kg단위로 가능함 / 일반살,약간의 가시가 있음,어슷으로 절단"
"수산물","어류","명태","1394315","명태","가격은 1kg당이며, 발주는 0.1kg단위로 가능함 / 명태 냉동(동태포) 커틀릿용 "
"수산물","어류","명태","1394316","명태","가격은 1kg당이며, 발주는 0.1kg단위로 가능함 / 선도좋은 제품을 급식 규격에 맞추어 절단 해드립니다"
"수산물","어류","명태","1394317","명태","가격은 1kg당이며, 발주는 0.1kg단위로 가능함 / 명태 냉동(동태포) 커틀릿용 "
"수산물","어류","명태","1394318","명태","가격은 1kg당이며, 발주는 0.1kg단위로 가능함 / 머리,꼬리,내장.뼈제거. 사양별절단"
"수산물","어류","명태","1394319","명태","가격은 1kg당이며, 발주는 0.1kg단위로 가능함 / 명태 냉동(동태포) 커틀릿용 "
"수산물","어류","명태","1394320","명태","가격은 1kg당이며, 발주는 0.1kg단위로 가능함 / 외국산/일반/HACCP/절단동태/냉동"
"수산물","어류","명태","1394321","명태","가격은 1kg당이며, 발주는 0.1kg단위로 가능함 / 수입 1년이하 원료 사용 / 안전성 검사 완료"
"수산물","어류","명태","1394322","명태","가격은 1kg당이며, 발주는 0.1kg단위로 가능함 / 뼈있음"
"수산물","어류","명태","1394323","명태","가격은 1kg당이며, 발주는 0.1kg단위로 가능함 / 명태 냉동(손질) 절단"
"수산물","어류","명태","1394324","명태","가격은 1kg당이며, 발주는 0.1kg단위로 가능함 / 선도좋은 제품을 급식 규격에 맞추어 절단 해드립니다"
"수산물","어류","명태","1394325","명태","가격은 1kg당이며, 발주는 0.1kg단위로 가능함 / 명태 냉동(손질) 절단"
"수산물","어류","명태","1394326","명태","가격은 1kg당이며, 발주는 0.1kg단위로 가능함 / 머리,꼬리.내장제거. 사양별 절단"
"수산물","어류","명태","1394327","명태","가격은 1kg당이며, 발주는 0.1kg단위로 가능함 / 명태 냉동(손질) 절단"
"수산물","어류","명태","1394328","명태","가격은 1kg당이며, 발주는 0.1kg단위로 가능함 / 외국산/일반/명태(동태)순살(99%가시제거)/냉동"
"수산물","어류","명태","1394329","명태","가격은 1kg당이며, 발주는 0.1kg단위로 가능함 / 수입 1년이하 원료 사용 / 안전성 검사 완료"
"수산물","어류","명태","1394330","명태","가격은 1kg당이며, 발주는 0.1kg단위로 가능함 / 순살,가시제거"
"수산물","어류","명태","1394331","명태","가격은 1kg당이며, 발주는 0.1kg단위로 가능함 / 명태(동태순살)(뼈제거 99%)"
"수산물","어류","명태","1394332","명태","가격은 1kg당이며, 발주는 0.1kg단위로 가능함 / 선도좋은 제품을 급식 규격에 맞추어 절단 해드립니다"
"수산물","어류","명태","1394333","명태","가격은 1kg당이며, 발주는 0.1kg단위로 가능함 / 명태(동태순살)(뼈제거 99%)"
"수산물","어류","명태","1394334","명태","가격은 1kg당이며, 발주는 0.1kg단위로 가능함 / 순살/가시제거99%"
"수산물","어류","미꾸라지","1394335","미꾸라지","가격은 1kg당이며, 발주는 0.1kg단위로 가능함 / 국내산/일반/미꾸라지(온마리,활어)/국내양식/냉장"
"수산물","어류","방어","1394336","방어","가격은 1kg당이며, 발주는 0.1kg단위로 가능함 / 국산/일반/방어순살(99%가시제거)/냉동"
"수산물","어류","방어","1394337","방어","가격은 1kg당이며, 발주는 0.1kg단위로 가능함 /  제철시기 1년치 원물 확보 /  안전성 검사 완료"
"수산물","어류","방어","1394338","방어","가격은 1kg당이며, 발주는 0.1kg단위로 가능함 / 순살,가시제거"
"수산물","어류","방어","1394339","방어","가격은 1kg당이며, 발주는 0.1kg단위로 가능함 / 선도좋은 제품을 급식 규격에 맞추어 절단 해드립니다"
"수산물","어류","방어","1394340","방어","가격은 1kg당이며, 발주는 0.1kg단위로 가능함 / 방어순살(뼈제거 99%)"
"수산물","어류","방어","1394341","방어","가격은 1kg당이며, 발주는 0.1kg단위로 가능함 / 순살/가시제거99%"
"수산물","어류","붉은메기","1394342","붉은메기","가격은 1kg당이며, 발주는 0.1kg단위로 가능함 / 외국산/일반/붉은메기살(킹구)/냉동"
"수산물","어류","붉은메기","1394343","붉은메기","가격은 1kg당이며, 발주는 0.1kg단위로 가능함 / 수입 1년이하 원료 사용 / 안전성 검사 완료"
"수산물","어류","붉은메기","1394344","붉은메기","가격은 1kg당이며, 발주는 0.1kg단위로 가능함 / 일반살,약간의 가시가 있음,직각으로 절단"
"수산물","어류","붉은메기","1394345","붉은메기","가격은 1kg당이며, 발주는 0.1kg단위로 가능함 / 붉은메기 냉동(킹구포) 절단"
"수산물","어류","붉은메기","1394346","붉은메기","가격은 1kg당이며, 발주는 0.1kg단위로 가능함 / 선도좋은 제품을 급식 규격에 맞추어 절단 해드립니다"
"수산물","어류","붉은메기","1394347","붉은메기","가격은 1kg당이며, 발주는 0.1kg단위로 가능함 / 붉은메기 냉동(킹구포) 절단"
"수산물","어류","붉은메기","1394348","붉은메기","가격은 1kg당이며, 발주는 0.1kg단위로 가능함 / 머리,꼬리,내장.뼈제거. 사양별절단"
"수산물","어류","붉은메기","1394349","붉은메기","가격은 1kg당이며, 발주는 0.1kg단위로 가능함 / 붉은메기 냉동(킹구포) 절단"
"수산물","어류","붕장어","1394350","붕장어","가격은 1kg당이며, 발주는 0.1kg단위로 가능함 / 국산/일반/붕장어살/냉동"
"수산물","어류","붕장어","1394351","붕장어","가격은 1kg당이며, 발주는 0.1kg단위로 가능함 /  제철시기 1년치 원물 확보 /  안전성 검사 완료"
"수산물","어류","붕장어","1394352","붕장어","가격은 1kg당이며, 발주는 0.1kg단위로 가능함 / 수입 1년이하 원료 사용 / 안전성 검사 완료"
"수산물","어류","붕장어","1394353","붕장어","가격은 1kg당이며, 발주는 0.1kg단위로 가능함 / 일반살,약간의 가시가 있음,직각으로 절단 / 국내산"
"수산물","어류","붕장어","1394354","붕장어","가격은 1kg당이며, 발주는 0.1kg단위로 가능함 / 일반살,약간의 가시가 있음,직각으로 절단 / 중국산"
"수산물","어류","붕장어","1394355","붕장어","가격은 1kg당이며, 발주는 0.1kg단위로 가능함 / 붕장어 냉동(살) 절단"
"수산물","어류","붕장어","1394356","붕장어","가격은 1kg당이며, 발주는 0.1kg단위로 가능함 / 선도좋은 제품을 급식 규격에 맞추어 절단 해드립니다"
"수산물","어류","붕장어","1394357","붕장어","가격은 1kg당이며, 발주는 0.1kg단위로 가능함 / 붕장어 냉동(살) 절단 / 국내산"
"수산물","어류","붕장어","1394358","붕장어","가격은 1kg당이며, 발주는 0.1kg단위로 가능함 / 붕장어 냉동(살) 절단 / 중국산"
"수산물","어류","붕장어","1394359","붕장어","가격은 1kg당이며, 발주는 0.1kg단위로 가능함 / 머리,꼬리,내장.가시제거. 사양별절단"
"수산물","어류","붕장어","1394360","붕장어","가격은 1kg당이며, 발주는 0.1kg단위로 가능함 / 머리.꼬리.내장제거, 사양별 절단"
"수산물","어류","붕장어","1394361","붕장어","가격은 1kg당이며, 발주는 0.1kg단위로 가능함 / 붕장어 냉동(살) 절단 / 국내산"
"수산물","어류","붕장어","1394362","붕장어","가격은 1kg당이며, 발주는 0.1kg단위로 가능함 / 붕장어 냉동(살) 절단"
"수산물","어류","삼치","1394363","삼치","가격은 1kg당이며, 발주는 0.1kg단위로 가능함 / 국산/일반/HACCP/구이용/삼치토막/냉동"
"수산물","어류","삼치","1394364","삼치","가격은 1kg당이며, 발주는 0.1kg단위로 가능함 /  제철시기 1년치 원물 확보 /  안전성 검사 완료"
"수산물","어류","삼치","1394365","삼치","가격은 1kg당이며, 발주는 0.1kg단위로 가능함 / 뼈있음"
"수산물","어류","삼치","1394366","삼치","가격은 1kg당이며, 발주는 0.1kg단위로 가능함 / 삼치 냉동(손질) 절단"
"수산물","연체류","미더덕","1394507","미더덕","가격은 1kg당이며, 발주는 0.1kg단위로 가능함 / 냉동납품만가능"
"수산물","어류","삼치","1394367","삼치","가격은 1kg당이며, 발주는 0.1kg단위로 가능함 / 선도좋은 제품을 급식 규격에 맞추어 절단 해드립니다"
"수산물","어류","삼치","1394368","삼치","가격은 1kg당이며, 발주는 0.1kg단위로 가능함 / 삼치 냉동(손질) 절단"
"수산물","어류","삼치","1394369","삼치","가격은 1kg당이며, 발주는 0.1kg단위로 가능함 / 머리,꼬리,내장.제거. 조림용등 사양별절단"
"수산물","어류","삼치","1394370","삼치","가격은 1kg당이며, 발주는 0.1kg단위로 가능함 / 삼치 냉동(손질) 절단"
"수산물","어류","삼치","1394371","삼치","가격은 1kg당이며, 발주는 0.1kg단위로 가능함 / 삼치 냉동(순살)99%뼈제거"
"수산물","어류","삼치","1394372","삼치","가격은 1kg당이며, 발주는 0.1kg단위로 가능함 / 국산/일반/HACCP/삼치포/냉동"
"수산물","어류","삼치","1394373","삼치","가격은 1kg당이며, 발주는 0.1kg단위로 가능함 /  제철시기 1년치 원물 확보 /  안전성 검사 완료"
"수산물","어류","삼치","1394374","삼치","가격은 1kg당이며, 발주는 0.1kg단위로 가능함 / 일반살,약간의 가시가 있음,직각으로 절단"
"수산물","어류","삼치","1394375","삼치","가격은 1kg당이며, 발주는 0.1kg단위로 가능함 / 삼치 냉동(포) 절단 500~700g"
"수산물","어류","삼치","1394376","삼치","가격은 1kg당이며, 발주는 0.1kg단위로 가능함 / 선도좋은 제품을 급식 규격에 맞추어 절단 해드립니다"
"수산물","어류","삼치","1394377","삼치","가격은 1kg당이며, 발주는 0.1kg단위로 가능함 / 삼치 냉동(포) 절단 500~700g"
"수산물","어류","삼치","1394378","삼치","가격은 1kg당이며, 발주는 0.1kg단위로 가능함 / 머리.꼬리.내장및 가시제거"
"수산물","어류","삼치","1394379","삼치","가격은 1kg당이며, 발주는 0.1kg단위로 가능함 / 삼치 냉동(포) 절단 500~700g"
"수산물","어류","삼치","1394380","삼치","가격은 1kg당이며, 발주는 0.1kg단위로 가능함 / 국산/일반/삼치순살(99%가시제거)/냉동"
"수산물","어류","삼치","1394381","삼치","가격은 1kg당이며, 발주는 0.1kg단위로 가능함 /  제철시기 1년치 원물 확보 /  안전성 검사 완료"
"수산물","어류","삼치","1394382","삼치","가격은 1kg당이며, 발주는 0.1kg단위로 가능함 / 순살,가시제거"
"수산물","어류","삼치","1394383","삼치","가격은 1kg당이며, 발주는 0.1kg단위로 가능함 / 삼치순살(뼈제거 99%)"
"수산물","어류","삼치","1394384","삼치","가격은 1kg당이며, 발주는 0.1kg단위로 가능함 / 선도좋은 제품을 급식 규격에 맞추어 절단 해드립니다"
"수산물","어류","삼치","1394385","삼치","가격은 1kg당이며, 발주는 0.1kg단위로 가능함 / 삼치순살(뼈제거 99%)"
"수산물","어류","삼치","1394386","삼치","가격은 1kg당이며, 발주는 0.1kg단위로 가능함 / 순살/가시제거99%"
"수산물","어류","아귀","1394387","아귀","가격은 1kg당이며, 발주는 0.1kg단위로 가능함 / 수입 1년이하 원료 사용 / 안전성 검사 완료"
"수산물","어류","아귀","1394388","아귀","가격은 1kg당이며, 발주는 0.1kg단위로 가능함 / 뼈있음"
"수산물","어류","아귀","1394389","아귀","가격은 1kg당이며, 발주는 0.1kg단위로 가능함 / 아귀 냉동, 절단"
"수산물","어류","아귀","1394390","아귀","가격은 1kg당이며, 발주는 0.1kg단위로 가능함 / 아귀 냉동, 절단"
"수산물","어류","아귀","1394391","아귀","가격은 1kg당이며, 발주는 0.1kg단위로 가능함 / 강정용,찜용등 사양별 절단"
"수산물","어류","아귀","1394392","아귀","가격은 1kg당이며, 발주는 0.1kg단위로 가능함 / 아귀 냉동, 절단(살)"
"수산물","어류","아귀","1394393","아귀","가격은 1kg당이며, 발주는 0.1kg단위로 가능함 / 국산/일반/아귀순살(99%가시제거)/냉동"
"수산물","어류","아귀","1394394","아귀","가격은 1kg당이며, 발주는 0.1kg단위로 가능함 /  제철시기 1년치 원물 확보 /  안전성 검사 완료"
"수산물","어류","아귀","1394395","아귀","가격은 1kg당이며, 발주는 0.1kg단위로 가능함 / 순살,가시제거"
"수산물","어류","아귀","1394396","아귀","가격은 1kg당이며, 발주는 0.1kg단위로 가능함 / 아귀순살(뼈제거 99%)"
"수산물","어류","아귀","1394397","아귀","가격은 1kg당이며, 발주는 0.1kg단위로 가능함 / 선도좋은 제품을 급식 규격에 맞추어 절단 해드립니다"
"수산물","어류","아귀","1394398","아귀","가격은 1kg당이며, 발주는 0.1kg단위로 가능함 / 아귀순살(뼈제거 99%)"
"수산물","어류","아귀","1394399","아귀","가격은 1kg당이며, 발주는 0.1kg단위로 가능함 / 순살/가시제거99%"
"수산물","어류","연어살","1394400","연어살","가격은 1kg당이며, 발주는 0.1kg단위로 가능함 / 외국산/일반/연어살 냉동(손질) 강정용, 커틀릿용"
"수산물","어류","연어살","1394401","연어살","가격은 1kg당이며, 발주는 0.1kg단위로 가능함 / 수입 1년이하 원료 사용 / 안전성 검사 완료"
"수산물","어류","연어살","1394402","연어살","가격은 1kg당이며, 발주는 0.1kg단위로 가능함 / 순살,가시제거"
"수산물","어류","연어살","1394403","연어살","가격은 1kg당이며, 발주는 0.1kg단위로 가능함 / 연어살 냉동(손질) 강정용, 커틀릿용"
"수산물","어류","연어살","1394404","연어살","가격은 1kg당이며, 발주는 0.1kg단위로 가능함 / 선도좋은 제품을 급식 규격에 맞추어 절단 해드립니다"
"수산물","어류","연어살","1394405","연어살","가격은 1kg당이며, 발주는 0.1kg단위로 가능함 / 연어살 냉동(손질) 강정용, 커틀릿용"
"수산물","어류","연어살","1394406","연어살","가격은 1kg당이며, 발주는 0.1kg단위로 가능함 / 사양별절단"
"수산물","어류","연어살","1394407","연어살","가격은 1kg당이며, 발주는 0.1kg단위로 가능함 / 연어살 냉동(손질) 강정용, 커틀릿용 / 칠레산"
"수산물","어류","연어살","1394408","연어살","가격은 1kg당이며, 발주는 0.1kg단위로 가능함 / 연어살 냉동(손질) 강정용, 커틀릿용 / 노르웨이산"
"수산물","어류","임연수어","1394409","임연수어","가격은 1kg당이며, 발주는 0.1kg단위로 가능함 / 외국산/일반/임연수어포/냉동"
"수산물","어류","임연수어","1394410","임연수어","가격은 1kg당이며, 발주는 0.1kg단위로 가능함 / 수입 1년이하 원료 사용 / 안전성 검사 완료"
"수산물","어류","임연수어","1394411","임연수어","가격은 1kg당이며, 발주는 0.1kg단위로 가능함 / 뼈있음"
"수산물","어류","임연수어","1394412","임연수어","가격은 1kg당이며, 발주는 0.1kg단위로 가능함 / 임연수어 냉동(손질) 절단"
"수산물","어류","임연수어","1394413","임연수어","가격은 1kg당이며, 발주는 0.1kg단위로 가능함 / 선도좋은 제품을 급식 규격에 맞추어 절단 해드립니다"
"수산물","어류","임연수어","1394414","임연수어","가격은 1kg당이며, 발주는 0.1kg단위로 가능함 / 임연수어 냉동(손질) 절단"
"수산물","어류","임연수어","1394415","임연수어","가격은 1kg당이며, 발주는 0.1kg단위로 가능함 / 머리,꼬리.내장제거. 사양별 절단"
"수산물","어류","임연수어","1394416","임연수어","가격은 1kg당이며, 발주는 0.1kg단위로 가능함 / 임연수어 냉동(손질) 절단"
"수산물","어류","임연수어","1394417","임연수어","가격은 1kg당이며, 발주는 0.1kg단위로 가능함 / 임연수어 냉동(순살) 99%가시제거"
"수산물","어류","임연수어","1394418","임연수어","가격은 1kg당이며, 발주는 0.1kg단위로 가능함 / 외국산/일반/구이용/칠레/냉동"
"수산물","어류","임연수어","1394419","임연수어","가격은 1kg당이며, 발주는 0.1kg단위로 가능함 / 수입 1년이하 원료 사용 / 안전성 검사 완료"
"수산물","어류","임연수어","1394420","임연수어","가격은 1kg당이며, 발주는 0.1kg단위로 가능함 / 일반살,약간의 가시가 있음,직각으로 절단"
"수산물","어류","임연수어","1394421","임연수어","가격은 1kg당이며, 발주는 0.1kg단위로 가능함 / 임연수어 냉동(포) 절단"
"수산물","어류","임연수어","1394422","임연수어","가격은 1kg당이며, 발주는 0.1kg단위로 가능함 / 선도좋은 제품을 급식 규격에 맞추어 절단 해드립니다"
"수산물","어류","임연수어","1394423","임연수어","가격은 1kg당이며, 발주는 0.1kg단위로 가능함 / 임연수어 냉동(포) 절단"
"수산물","어류","임연수어","1394424","임연수어","가격은 1kg당이며, 발주는 0.1kg단위로 가능함 / 머리,꼬리,내장.뼈제거. 사양별절단"
"수산물","어류","임연수어","1394425","임연수어","가격은 1kg당이며, 발주는 0.1kg단위로 가능함 / 임연수어 냉동(포) 절단"
"수산물","어류","임연수어","1394426","임연수어","가격은 1kg당이며, 발주는 0.1kg단위로 가능함 / 외국산/일반/임연수어순살(99%가시제거)/냉동"
"수산물","어류","임연수어","1394427","임연수어","가격은 1kg당이며, 발주는 0.1kg단위로 가능함 / 수입 1년이하 원료 사용 / 안전성 검사 완료"
"수산물","어류","임연수어","1394428","임연수어","가격은 1kg당이며, 발주는 0.1kg단위로 가능함 / 순살,가시제거"
"수산물","어류","임연수어","1394429","임연수어","가격은 1kg당이며, 발주는 0.1kg단위로 가능함 / 임연수어순살(뼈제거 99%)"
"수산물","어류","임연수어","1394430","임연수어","가격은 1kg당이며, 발주는 0.1kg단위로 가능함 / 선도좋은 제품을 급식 규격에 맞추어 절단 해드립니다"
"수산물","어류","임연수어","1394431","임연수어","가격은 1kg당이며, 발주는 0.1kg단위로 가능함 / 임연수어순살(뼈제거 99%)"
"수산물","어류","임연수어","1394432","임연수어","가격은 1kg당이며, 발주는 0.1kg단위로 가능함 / 순살/가시제거99%"
"수산물","어류","조기","1394433","조기","가격은 1kg당이며, 발주는 0.1kg단위로 가능함 / 조기 냉동(포) "
"수산물","어류","조기","1394434","조기","가격은 1kg당이며, 발주는 0.1kg단위로 가능함 / 국산/일반/백조기포/냉동	"
"수산물","어류","조기","1394435","조기","가격은 1kg당이며, 발주는 0.1kg단위로 가능함 /  제철시기 1년치 원물 확보 /  안전성 검사 완료"
"수산물","어류","조기","1394436","조기","가격은 1kg당이며, 발주는 0.1kg단위로 가능함 / 일반살,약간의 가시가 있음,직각으로 절단"
"수산물","어류","조기","1394437","조기","가격은 1kg당이며, 발주는 0.1kg단위로 가능함 / 조기 냉동(포) 30~35g"
"수산물","어류","조기","1394438","조기","가격은 1kg당이며, 발주는 0.1kg단위로 가능함 / 선도좋은 제품을 급식 규격에 맞추어 절단 해드립니다"
"수산물","어류","조기","1394439","조기","가격은 1kg당이며, 발주는 0.1kg단위로 가능함 / 조기 냉동(포) 30~35g"
"수산물","어류","조기","1394440","조기","가격은 1kg당이며, 발주는 0.1kg단위로 가능함 / 머리,꼬리,내장.뼈제거. 사양별절단"
"수산물","어류","조기","1394441","조기","가격은 1kg당이며, 발주는 0.1kg단위로 가능함 / 수입 1년이하 원료 사용 / 안전성 검사 완료"
"수산물","어류","조기","1394442","조기","가격은 1kg당이며, 발주는 0.1kg단위로 가능함 / 일반살,약간의 가시가 있음,직각으로 절단"
"수산물","어류","조기","1394443","조기","가격은 1kg당이며, 발주는 0.1kg단위로 가능함 / 조기 냉동(포) 30~40g, 중국가공"
"수산물","어류","조기","1394444","조기","가격은 1kg당이며, 발주는 0.1kg단위로 가능함 / 선도좋은 제품을 급식 규격에 맞추어 절단 해드립니다"
"수산물","어류","조기","1394445","조기","가격은 1kg당이며, 발주는 0.1kg단위로 가능함 / 조기 냉동(포) 30~40g, 중국가공"
"수산물","어류","조기","1394446","조기","가격은 1kg당이며, 발주는 0.1kg단위로 가능함 / 머리,꼬리,내장제거"
"수산물","어류","조기","1394447","조기","가격은 1kg당이며, 발주는 0.1kg단위로 가능함 / 조기 냉동(포) 30~40g, 중국가공"
"수산물","어류","참조기","1394448","참조기","가격은 1kg당이며, 발주는 0.1kg단위로 가능함 / 중국산/일반/다듬은것/|머리제거 두절참조기/냉동"
"수산물","어류","참조기","1394449","참조기","가격은 1kg당이며, 발주는 0.1kg단위로 가능함 / 수입 1년이하 원료 사용 / 안전성 검사 완료"
"수산물","어류","참조기","1394450","참조기","가격은 1kg당이며, 발주는 0.1kg단위로 가능함 / 뼈있음"
"수산물","어류","참조기","1394451","참조기","가격은 1kg당이며, 발주는 0.1kg단위로 가능함 / 참조기 냉동(두절0손질) 50~60g"
"수산물","어류","참조기","1394452","참조기","가격은 1kg당이며, 발주는 0.1kg단위로 가능함 / 머리,꼬리제거"
"수산물","어류","참조기","1394453","참조기","가격은 1kg당이며, 발주는 0.1kg단위로 가능함 / 중국산/일반/±50~70g/참조기온마리/냉동"
"수산물","어류","참조기","1394454","참조기","가격은 1kg당이며, 발주는 0.1kg단위로 가능함 / 수입 1년이하 원료 사용 / 안전성 검사 완료"
"수산물","어류","참조기","1394455","참조기","가격은 1kg당이며, 발주는 0.1kg단위로 가능함 / 뼈있음"
"수산물","어류","참조기","1394456","참조기","가격은 1kg당이며, 발주는 0.1kg단위로 가능함 / 참조기 냉동(두절x손질) 50~80g"
"수산물","어류","참조기","1394457","참조기","가격은 1kg당이며, 발주는 0.1kg단위로 가능함 / 꼬리제거"
"수산물","어류","참조기","1394458","참조기","가격은 1kg당이며, 발주는 0.1kg단위로 가능함 / 중국산/일반/±70~80g/참조기온마리/냉동"
"수산물","어류","참조기","1394459","참조기","가격은 1kg당이며, 발주는 0.1kg단위로 가능함 /  제철시기 1년치 원물 확보 /  안전성 검사 완료"
"수산물","어류","참조기","1394460","참조기","가격은 1kg당이며, 발주는 0.1kg단위로 가능함 / 수입 1년이하 원료 사용 / 안전성 검사 완료"
"수산물","어류","참조기","1394461","참조기","가격은 1kg당이며, 발주는 0.1kg단위로 가능함 / 뼈있음 / 국내산"
"수산물","어류","참조기","1394462","참조기","가격은 1kg당이며, 발주는 0.1kg단위로 가능함 / 뼈있음 / 중국산"
"수산물","어류","참조기","1394463","참조기","가격은 1kg당이며, 발주는 0.1kg단위로 가능함 / 참조기 냉동(두절x손질) 70~80g"
"수산물","어류","참조기","1394464","참조기","가격은 1kg당이며, 발주는 0.1kg단위로 가능함 / 참조기 냉동(두절x손질) 70~80g / 국내산"
"수산물","어류","참조기","1394465","참조기","가격은 1kg당이며, 발주는 0.1kg단위로 가능함 / 참조기 냉동(두절x손질) 70~80g / 중국산"
"수산물","어류","참조기","1394466","참조기","가격은 1kg당이며, 발주는 0.1kg단위로 가능함 / 꼬리제거 / 국내산"
"수산물","어류","참조기","1394467","참조기","가격은 1kg당이며, 발주는 0.1kg단위로 가능함 / 꼬리제거 / 중국산"
"수산물","어류","참치","1394468","참치","가격은 1kg당이며, 발주는 0.1kg단위로 가능함 / 수입 1년이하 원료 사용 / 안전성 검사 완료"
"수산물","어류","참치","1394469","참치","가격은 1kg당이며, 발주는 0.1kg단위로 가능함 / 참치(새치) 냉동(살) 절단"
"수산물","어류","참치","1394470","참치","가격은 1kg당이며, 발주는 0.1kg단위로 가능함 / 사양별절단"
"수산물","연체류","갑오징어","1394474","갑오징어","가격은 1kg당이며, 발주는 0.1kg단위로 가능함 / 국내산/일반/HACCP/채/갑오징어채"
"수산물","연체류","갑오징어","1394475","갑오징어","가격은 1kg당이며, 발주는 0.1kg단위로 가능함 /  제철시기 1년치 원물 확보 /  안전성 검사 완료"
"수산물","연체류","갑오징어","1394476","갑오징어","가격은 1kg당이며, 발주는 0.1kg단위로 가능함 / 미탈피/무칼집/몸+다리 채"
"수산물","연체류","갑오징어","1394477","갑오징어","가격은 1kg당이며, 발주는 0.1kg단위로 가능함 / 국내산/일반/HACCP/채/갑오징어몸채"
"수산물","연체류","갑오징어","1394479","갑오징어","가격은 1kg당이며, 발주는 0.1kg단위로 가능함 / 미탈피/칼집/몸+다리 채"
"수산물","연체류","낙지","1394480","낙지","가격은 1kg당이며, 발주는 0.1kg단위로 가능함 / 국산/생것/채썬것/냉동"
"수산물","연체류","낙지","1394481","낙지","가격은 1kg당이며, 발주는 0.1kg단위로 가능함 / 외국산/일반 채썬것/생것/냉동"
"수산물","연체류","낙지","1394482","낙지","가격은 1kg당이며, 발주는 0.1kg단위로 가능함 /  제철시기 1년치 원물 확보 /  안전성 검사 완료"
"수산물","연체류","낙지","1394483","낙지","가격은 1kg당이며, 발주는 0.1kg단위로 가능함 / 수입 1년이하 원료 사용 / 안전성 검사 완료"
"수산물","연체류","낙지","1394484","낙지","가격은 1kg당이며, 발주는 0.1kg단위로 가능함 / 채,머리다리포함 / 국내산"
"수산물","연체류","낙지","1394485","낙지","가격은 1kg당이며, 발주는 0.1kg단위로 가능함 / 채,머리다리포함 / 중국산"
"수산물","연체류","낙지","1394486","낙지","가격은 1kg당이며, 발주는 0.1kg단위로 가능함 / 낙지 냉동(손질) 기본채 / 국내산"
"수산물","연체류","낙지","1394487","낙지","가격은 1kg당이며, 발주는 0.1kg단위로 가능함 / 낙지 냉동(손질) 기본채 / 중국/베트남산"
"수산물","연체류","낙지","1394488","낙지","가격은 1kg당이며, 발주는 0.1kg단위로 가능함 / 선도좋은 제품을 급식 규격에 맞추어 절단 해드립니다 / 국내산"
"수산물","연체류","낙지","1394489","낙지","가격은 1kg당이며, 발주는 0.1kg단위로 가능함 / 선도좋은 제품을 급식 규격에 맞추어 절단 해드립니다 / 중국/베트남산"
"수산물","연체류","낙지","1394490","낙지","가격은 1kg당이며, 발주는 0.1kg단위로 가능함 / 낙지 냉동(손질) 기본채 / 국내산"
"수산물","연체류","낙지","1394491","낙지","가격은 1kg당이며, 발주는 0.1kg단위로 가능함 / 낙지 냉동(손질) 기본채 / 중국/베트남산"
"수산물","연체류","낙지","1394492","낙지","가격은 1kg당이며, 발주는 0.1kg단위로 가능함 / 낙지 냉동(손질) 기본채 / 국내산"
"수산물","연체류","낙지","1394493","낙지","가격은 1kg당이며, 발주는 0.1kg단위로 가능함 / 낙지 냉동(손질) 기본채 / 중국/베트남산"
"수산물","연체류","문어","1394494","문어","가격은 1kg당이며, 발주는 0.1kg단위로 가능함 / 국산/일반/생것"
"수산물","연체류","문어","1394495","문어","가격은 1kg당이며, 발주는 0.1kg단위로 가능함 / 눈.내장제거"
"수산물","연체류","문어","1394496","문어","가격은 1kg당이며, 발주는 0.1kg단위로 가능함 / 수입 1년이하 원료 사용 / 안전성 검사 완료"
"수산물","연체류","문어","1394497","문어","가격은 1kg당이며, 발주는 0.1kg단위로 가능함 / 돌문어 자숙 / 최소 1kg단위씩 주문"
"수산물","연체류","문어","1394498","문어","가격은 1kg당이며, 발주는 0.1kg단위로 가능함 / 안전성 검사 완료제품"
"수산물","연체류","문어","1394499","문어","가격은 1kg당이며, 발주는 0.1kg단위로 가능함 / 돌문어 자숙"
"수산물","연체류","문어","1394500","문어","가격은 1kg당이며, 발주는 0.1kg단위로 가능함 / 머리,내장제거"
"수산물","연체류","문어","1394501","문어","가격은 1kg당이며, 발주는 0.1kg단위로 가능함 / 돌문어 자숙 / 최소 1kg단위씩 주문"
"수산물","연체류","미더덕","1394502","미더덕","가격은 1kg당이며, 발주는 0.1kg단위로 가능함 / 국산/일반/생것/오만둥이/냉장"
"수산물","연체류","미더덕","1394503","미더덕","가격은 1kg당이며, 발주는 0.1kg단위로 가능함 /  제철시기 1년치 원물 확보 /  안전성 검사 완료"
"수산물","연체류","미더덕","1394504","미더덕","가격은 1kg당이며, 발주는 0.1kg단위로 가능함 / 냉동납품만가능"
"수산물","연체류","미더덕","1394505","미더덕","가격은 1kg당이며, 발주는 0.1kg단위로 가능함 / 국산/일반/생것/미더덕/냉장"
"수산물","연체류","미더덕","1394506","미더덕","가격은 1kg당이며, 발주는 0.1kg단위로 가능함 /  제철시기 1년치 원물 확보 /  안전성 검사 완료"
"수산물","연체류","오징어","1394508","오징어","가격은 1kg당이며, 발주는 0.1kg단위로 가능함 / 국산/일반/HACCP/채썬것(세절)/1*5/몸통탈피칼집몸채/냉동"
"수산물","연체류","오징어","1394509","오징어","가격은 1kg당이며, 발주는 0.1kg단위로 가능함 /  제철시기 1년치 원물 확보 /  안전성 검사 완료"
"수산물","연체류","오징어","1394510","오징어","가격은 1kg당이며, 발주는 0.1kg단위로 가능함 / 탈피칼집몸채,1*5cm내외"
"수산물","연체류","오징어","1394511","오징어","가격은 1kg당이며, 발주는 0.1kg단위로 가능함 / 오징어 선동 (껍질제거), 몸통칼집채"
"수산물","연체류","오징어","1394512","오징어","가격은 1kg당이며, 발주는 0.1kg단위로 가능함 / 선도좋은 제품을 급식 규격에 맞추어 절단 해드립니다"
"수산물","연체류","오징어","1394513","오징어","가격은 1kg당이며, 발주는 0.1kg단위로 가능함 / 오징어 선동 (껍질제거), 몸통칼집채"
"수산물","연체류","오징어","1394514","오징어","가격은 1kg당이며, 발주는 0.1kg단위로 가능함 / 탈피/몸통/칼집채"
"수산물","연체류","오징어","1394515","오징어","가격은 1kg당이며, 발주는 0.1kg단위로 가능함 / 오징어 선동 (껍질제거), 몸통칼집채"
"수산물","연체류","오징어","1394516","오징어","가격은 1kg당이며, 발주는 0.1kg단위로 가능함 / 국산/일반/HACCP/채썬것(세절)/1*5/유피채/냉동"
"수산물","연체류","오징어","1394517","오징어","가격은 1kg당이며, 발주는 0.1kg단위로 가능함 /  제철시기 1년치 원물 확보 /  안전성 검사 완료"
"수산물","연체류","오징어","1394518","오징어","가격은 1kg당이며, 발주는 0.1kg단위로 가능함 / 기본채,1*5cm내외"
"수산물","연체류","오징어","1394519","오징어","가격은 1kg당이며, 발주는 0.1kg단위로 가능함 / 오징어 선동(껍질유), 기본채, 다리.귀포함"
"수산물","연체류","오징어","1394520","오징어","가격은 1kg당이며, 발주는 0.1kg단위로 가능함 / 선도좋은 제품을 급식 규격에 맞추어 절단 해드립니다"
"수산물","연체류","오징어","1394521","오징어","가격은 1kg당이며, 발주는 0.1kg단위로 가능함 / 오징어 선동(껍질유), 기본채, 다리.귀포함"
"수산물","연체류","오징어","1394522","오징어","가격은 1kg당이며, 발주는 0.1kg단위로 가능함 / 미탈피/무칼집/몸+다리 채"
"수산물","연체류","오징어","1394523","오징어","가격은 1kg당이며, 발주는 0.1kg단위로 가능함 / 오징어 선동(껍질유), 기본채, 다리.귀포함"
"수산물","연체류","오징어","1394524","오징어","가격은 1kg당이며, 발주는 0.1kg단위로 가능함 / 국산/일반/HACCP/링모양/1.5cm/유피몸통링/냉동"
"수산물","연체류","오징어","1394525","오징어","가격은 1kg당이며, 발주는 0.1kg단위로 가능함 /  제철시기 1년치 원물 확보 /  안전성 검사 완료"
"수산물","연체류","오징어","1394526","오징어","가격은 1kg당이며, 발주는 0.1kg단위로 가능함 / 유피몸링,1cm"
"수산물","연체류","오징어","1394527","오징어","가격은 1kg당이며, 발주는 0.1kg단위로 가능함 / 오징어 선동(껍질유), 몸통링채"
"수산물","연체류","오징어","1394528","오징어","가격은 1kg당이며, 발주는 0.1kg단위로 가능함 / 선도좋은 제품을 급식 규격에 맞추어 절단 해드립니다"
"수산물","연체류","오징어","1394529","오징어","가격은 1kg당이며, 발주는 0.1kg단위로 가능함 / 오징어 선동(껍질유), 몸통링채"
"수산물","연체류","오징어","1394530","오징어","가격은 1kg당이며, 발주는 0.1kg단위로 가능함 / 미탈피/몸통/링"
"수산물","연체류","오징어","1394531","오징어","가격은 1kg당이며, 발주는 0.1kg단위로 가능함 / 오징어 선동(껍질유), 몸통링채"
"수산물","연체류","오징어","1394532","오징어","가격은 1kg당이며, 발주는 0.1kg단위로 가능함 / 국산/일반/HACCP/채썬것(세절)/1*5/몸통유피 몸통채/냉동"
"수산물","연체류","오징어","1394533","오징어","가격은 1kg당이며, 발주는 0.1kg단위로 가능함 /  제철시기 1년치 원물 확보 /  안전성 검사 완료"
"수산물","연체류","오징어","1394534","오징어","가격은 1kg당이며, 발주는 0.1kg단위로 가능함 / 몸채,1*5cm내외"
"수산물","연체류","오징어","1394535","오징어","가격은 1kg당이며, 발주는 0.1kg단위로 가능함 / 오징어 선동(껍질유), 몸통사각채"
"수산물","연체류","오징어","1394536","오징어","가격은 1kg당이며, 발주는 0.1kg단위로 가능함 / 선도좋은 제품을 급식 규격에 맞추어 절단 해드립니다"
"수산물","연체류","오징어","1394537","오징어","가격은 1kg당이며, 발주는 0.1kg단위로 가능함 / 오징어 선동(껍질유), 몸통사각채"
"수산물","연체류","오징어","1394538","오징어","가격은 1kg당이며, 발주는 0.1kg단위로 가능함 / 미탈피/몸통/사각채"
"수산물","연체류","오징어","1394539","오징어","가격은 1kg당이며, 발주는 0.1kg단위로 가능함 / 오징어 선동(껍질유), 몸통사각채"
"수산물","연체류","오징어","1394540","오징어","가격은 1kg당이며, 발주는 0.1kg단위로 가능함 / 국산/일반/HACCP/채썬것(세절)/1*5/몸통유피칼집몸채/냉동"
"수산물","연체류","오징어","1394541","오징어","가격은 1kg당이며, 발주는 0.1kg단위로 가능함 /  제철시기 1년치 원물 확보 /  안전성 검사 완료"
"수산물","연체류","오징어","1394542","오징어","가격은 1kg당이며, 발주는 0.1kg단위로 가능함 / 칼집몸채,1*5cm내외"
"수산물","연체류","오징어","1394543","오징어","가격은 1kg당이며, 발주는 0.1kg단위로 가능함 / 오징어 선동(껍질유), 몸통칼집채"
"수산물","연체류","오징어","1394544","오징어","가격은 1kg당이며, 발주는 0.1kg단위로 가능함 / 선도좋은 제품을 급식 규격에 맞추어 절단 해드립니다"
"수산물","연체류","오징어","1394545","오징어","가격은 1kg당이며, 발주는 0.1kg단위로 가능함 / 오징어 선동(껍질유), 몸통칼집채"
"수산물","연체류","오징어","1394546","오징어","가격은 1kg당이며, 발주는 0.1kg단위로 가능함 / 미탈피/몸통/칼집채"
"수산물","연체류","오징어","1394547","오징어","가격은 1kg당이며, 발주는 0.1kg단위로 가능함 / 오징어 선동(껍질유), 몸통칼집채"
"수산물","연체류","오징어","1394548","오징어","가격은 1kg당이며, 발주는 0.1kg단위로 가능함 / 국산/일반/HACCP/채썬것(세절)/1*5/몸통유피칼집채/냉동"
"수산물","연체류","오징어","1394549","오징어","가격은 1kg당이며, 발주는 0.1kg단위로 가능함 /  제철시기 1년치 원물 확보 /  안전성 검사 완료"
"수산물","연체류","오징어","1394550","오징어","가격은 1kg당이며, 발주는 0.1kg단위로 가능함 / 칼집채,1*5cm내외"
"수산물","연체류","오징어","1394551","오징어","가격은 1kg당이며, 발주는 0.1kg단위로 가능함 / 오징어 선동(껍질유), 칼집채, 다리.귀포함"
"수산물","연체류","오징어","1394552","오징어","가격은 1kg당이며, 발주는 0.1kg단위로 가능함 / 선도좋은 제품을 급식 규격에 맞추어 절단 해드립니다"
"수산물","연체류","오징어","1394553","오징어","가격은 1kg당이며, 발주는 0.1kg단위로 가능함 / 오징어 선동(껍질유), 칼집채, 다리.귀포함"
"수산물","연체류","오징어","1394554","오징어","가격은 1kg당이며, 발주는 0.1kg단위로 가능함 / 미탈피/몸+다리+귀/칼집채"
"수산물","연체류","오징어","1394555","오징어","가격은 1kg당이며, 발주는 0.1kg단위로 가능함 / 국산/일반/HACCP/할복/냉동"
"수산물","연체류","오징어","1394556","오징어","가격은 1kg당이며, 발주는 0.1kg단위로 가능함 /  제철시기 1년치 원물 확보 /  안전성 검사 완료"
"수산물","연체류","오징어","1394557","오징어","가격은 1kg당이며, 발주는 0.1kg단위로 가능함 / 할복,다리포함"
"수산물","연체류","오징어","1394558","오징어","가격은 1kg당이며, 발주는 0.1kg단위로 가능함 / 오징어 선동(껍질유), 할복"
"수산물","연체류","오징어","1394559","오징어","가격은 1kg당이며, 발주는 0.1kg단위로 가능함 / 선도좋은 제품을 급식 규격에 맞추어 절단 해드립니다"
"수산물","연체류","오징어","1394560","오징어","가격은 1kg당이며, 발주는 0.1kg단위로 가능함 / 오징어 선동(껍질유), 할복"
"수산물","연체류","오징어","1394561","오징어","가격은 1kg당이며, 발주는 0.1kg단위로 가능함 / 미탈피/몸+다리/할복"
"수산물","연체류","오징어","1394562","오징어","가격은 1kg당이며, 발주는 0.1kg단위로 가능함 / 오징어 선동(껍질유), 할복"
"수산물","연체류","오징어","1394563","오징어","가격은 1kg당이며, 발주는 0.1kg단위로 가능함 / 국산/일반/HACCP/채썬것(세절)/몸통탈피/다리포함/냉동"
"수산물","연체류","오징어","1394564","오징어","가격은 1kg당이며, 발주는 0.1kg단위로 가능함 /  제철시기 1년치 원물 확보 /  안전성 검사 완료"
"수산물","연체류","오징어","1394565","오징어","가격은 1kg당이며, 발주는 0.1kg단위로 가능함 / 탈피채,1*5cm내외"
"수산물","연체류","오징어","1394566","오징어","가격은 1kg당이며, 발주는 0.1kg단위로 가능함 / 오징어 선동(껍질제거), 기본채, 다리.귀포함"
"수산물","연체류","오징어","1394567","오징어","가격은 1kg당이며, 발주는 0.1kg단위로 가능함 / 선도좋은 제품을 급식 규격에 맞추어 절단 해드립니다"
"수산물","연체류","오징어","1394568","오징어","가격은 1kg당이며, 발주는 0.1kg단위로 가능함 / 오징어 선동(껍질제거), 기본채, 다리.귀포함"
"수산물","연체류","오징어","1394569","오징어","가격은 1kg당이며, 발주는 0.1kg단위로 가능함 / 탈피/몸+다리+귀/채"
"수산물","연체류","오징어","1394570","오징어","가격은 1kg당이며, 발주는 0.1kg단위로 가능함 / 오징어 선동(껍질제거), 기본채, 다리.귀포함"
"수산물","연체류","오징어","1394571","오징어","가격은 1kg당이며, 발주는 0.1kg단위로 가능함 / 국산/일반/HACCP/링모양/1.5cm/탈피몸통링/냉동"
"수산물","연체류","오징어","1394572","오징어","가격은 1kg당이며, 발주는 0.1kg단위로 가능함 /  제철시기 1년치 원물 확보 /  안전성 검사 완료"
"수산물","연체류","오징어","1394573","오징어","가격은 1kg당이며, 발주는 0.1kg단위로 가능함 / 탈피몸링,1cm"
"수산물","연체류","오징어","1394574","오징어","가격은 1kg당이며, 발주는 0.1kg단위로 가능함 / 오징어 선동(껍질제거), 몸통링채"
"수산물","연체류","오징어","1394575","오징어","가격은 1kg당이며, 발주는 0.1kg단위로 가능함 / 선도좋은 제품을 급식 규격에 맞추어 절단 해드립니다"
"수산물","연체류","오징어","1394576","오징어","가격은 1kg당이며, 발주는 0.1kg단위로 가능함 / 오징어 선동(껍질제거), 몸통링채"
"수산물","연체류","오징어","1394577","오징어","가격은 1kg당이며, 발주는 0.1kg단위로 가능함 / 탈피/몸통/링"
"수산물","연체류","오징어","1394578","오징어","가격은 1kg당이며, 발주는 0.1kg단위로 가능함 / 오징어 선동(껍질제거), 몸통링채"
"수산물","연체류","오징어","1394579","오징어","가격은 1kg당이며, 발주는 0.1kg단위로 가능함 / 국산/일반/HACCP/채썬것(세절)/1*5/몸통탈피칼집몸채/냉동"
"수산물","연체류","오징어","1394580","오징어","가격은 1kg당이며, 발주는 0.1kg단위로 가능함 /  제철시기 1년치 원물 확보 /  안전성 검사 완료"
"수산물","연체류","오징어","1394581","오징어","가격은 1kg당이며, 발주는 0.1kg단위로 가능함 / 탈피몸채,1*5cm내외"
"수산물","연체류","오징어","1394582","오징어","가격은 1kg당이며, 발주는 0.1kg단위로 가능함 / 오징어 선동(껍질제거), 몸통사각채"
"수산물","연체류","오징어","1394583","오징어","가격은 1kg당이며, 발주는 0.1kg단위로 가능함 / 선도좋은 제품을 급식 규격에 맞추어 절단 해드립니다"
"수산물","연체류","오징어","1394584","오징어","가격은 1kg당이며, 발주는 0.1kg단위로 가능함 / 오징어 선동(껍질제거), 몸통사각채"
"수산물","연체류","오징어","1394585","오징어","가격은 1kg당이며, 발주는 0.1kg단위로 가능함 / 탈피/몸통/사각채"
"수산물","연체류","오징어","1394586","오징어","가격은 1kg당이며, 발주는 0.1kg단위로 가능함 / 오징어 선동(껍질제거), 몸통사각채"
"수산물","연체류","오징어","1394587","오징어","가격은 1kg당이며, 발주는 0.1kg단위로 가능함 / 국산/일반/HACCP/채썬것(세절)/몸통탈피할복/냉동"
"수산물","연체류","오징어","1394588","오징어","가격은 1kg당이며, 발주는 0.1kg단위로 가능함 /  제철시기 1년치 원물 확보 /  안전성 검사 완료"
"수산물","연체류","오징어","1394589","오징어","가격은 1kg당이며, 발주는 0.1kg단위로 가능함 / 탈피할복,다리포함"
"수산물","연체류","오징어","1394590","오징어","가격은 1kg당이며, 발주는 0.1kg단위로 가능함 / 오징어 선동(껍질제거), 할복"
"수산물","연체류","오징어","1394591","오징어","가격은 1kg당이며, 발주는 0.1kg단위로 가능함 / 선도좋은 제품을 급식 규격에 맞추어 절단 해드립니다"
"수산물","연체류","오징어","1394592","오징어","가격은 1kg당이며, 발주는 0.1kg단위로 가능함 / 오징어 선동(껍질제거), 할복"
"수산물","연체류","오징어","1394593","오징어","가격은 1kg당이며, 발주는 0.1kg단위로 가능함 / 탈피/몸+다리/할복"
"수산물","연체류","오징어","1394594","오징어","가격은 1kg당이며, 발주는 0.1kg단위로 가능함 / 오징어 선동(껍질제거), 할복"
"수산물","연체류","오징어","1394595","오징어","가격은 1kg당이며, 발주는 0.1kg단위로 가능함 / 국산/일반/HACCP/채썬것(세절)/다리만/냉동"
"수산물","연체류","오징어","1394596","오징어","가격은 1kg당이며, 발주는 0.1kg단위로 가능함 /  제철시기 1년치 원물 확보 /  안전성 검사 완료"
"수산물","연체류","오징어","1394597","오징어","가격은 1kg당이며, 발주는 0.1kg단위로 가능함 / 다리채,1*5cm내외"
"수산물","연체류","오징어","1394598","오징어","가격은 1kg당이며, 발주는 0.1kg단위로 가능함 / 오징어 선동, 다리 기본채"
"수산물","연체류","오징어","1394599","오징어","가격은 1kg당이며, 발주는 0.1kg단위로 가능함 / 선도좋은 제품을 급식 규격에 맞추어 절단 해드립니다"
"수산물","연체류","오징어","1394600","오징어","가격은 1kg당이며, 발주는 0.1kg단위로 가능함 / 오징어 선동, 다리 기본채"
"수산물","연체류","오징어","1394601","오징어","가격은 1kg당이며, 발주는 0.1kg단위로 가능함 / 오징어 다리채"
"수산물","연체류","오징어","1394602","오징어","가격은 1kg당이며, 발주는 0.1kg단위로 가능함 / 국산/일반/HACCP/채썬것(세절)/다짐/다리포함"
"수산물","연체류","오징어","1394603","오징어","가격은 1kg당이며, 발주는 0.1kg단위로 가능함 /  제철시기 1년치 원물 확보 /  안전성 검사 완료"
"수산물","연체류","오징어","1394604","오징어","가격은 1kg당이며, 발주는 0.1kg단위로 가능함 / 쵸핑,0.5*0.5cm"
"수산물","연체류","오징어","1394605","오징어","가격은 1kg당이며, 발주는 0.1kg단위로 가능함 / 오징어 선동, 다짐, 다리.귀포함"
"수산물","연체류","오징어","1394606","오징어","가격은 1kg당이며, 발주는 0.1kg단위로 가능함 / 선도좋은 제품을 급식 규격에 맞추어 절단 해드립니다"
"수산물","연체류","오징어","1394607","오징어","가격은 1kg당이며, 발주는 0.1kg단위로 가능함 / 오징어 선동, 다짐, 다리.귀포함"
"수산물","연체류","오징어","1394608","오징어","가격은 1kg당이며, 발주는 0.1kg단위로 가능함 / 미탈피/몸+다리+귀/다침"
"수산물","연체류","오징어","1394609","오징어","가격은 1kg당이며, 발주는 0.1kg단위로 가능함 / 오징어 선동, 다짐, 다리.귀포함"
"수산물","연체류","오징어","1394610","오징어","가격은 1kg당이며, 발주는 0.1kg단위로 가능함 / 오징어몸(껍질무)"
"수산물","연체류","오징어","1394611","오징어","가격은 1kg당이며, 발주는 0.1kg단위로 가능함 / 오징어몸(껍질유)"
"수산물","연체류","오징어","1394612","오징어","가격은 1kg당이며, 발주는 0.1kg단위로 가능함 / 오징어쵸핑"
"수산물","연체류","쭈꾸미","1394613","주꾸미","가격은 1kg당이며, 발주는 0.1kg단위로 가능함 / 국산/생것/채썬것/냉동"
"수산물","연체류","쭈꾸미","1394614","주꾸미","가격은 1kg당이며, 발주는 0.1kg단위로 가능함 / 외국산/일반 채썬것/생것/냉동"
"수산물","연체류","쭈꾸미","1394615","주꾸미","가격은 1kg당이며, 발주는 0.1kg단위로 가능함 /  제철시기 1년치 원물 확보 /  안전성 검사 완료"
"수산물","연체류","쭈꾸미","1394616","주꾸미","가격은 1kg당이며, 발주는 0.1kg단위로 가능함 / 수입 1년이하 원료 사용 / 안전성 검사 완료"
"수산물","연체류","쭈꾸미","1394617","주꾸미","가격은 1kg당이며, 발주는 0.1kg단위로 가능함 / 채,머리다리포함 / 국내산"
"수산물","연체류","쭈꾸미","1394618","주꾸미","가격은 1kg당이며, 발주는 0.1kg단위로 가능함 / 채,머리다리포함 / 베트남산"
"수산물","연체류","쭈꾸미","1394619","주꾸미","가격은 1kg당이며, 발주는 0.1kg단위로 가능함 / 주꾸미 냉동(손질) 냉동, 기본채 / 국내산"
"수산물","연체류","쭈꾸미","1394620","주꾸미","가격은 1kg당이며, 발주는 0.1kg단위로 가능함 / 주꾸미 냉동(손질) 냉동, 기본채 / 베트남/태국산"
"수산물","연체류","쭈꾸미","1394621","주꾸미","가격은 1kg당이며, 발주는 0.1kg단위로 가능함 / 선도좋은 제품을 급식 규격에 맞추어 절단 해드립니다 / 국내산"
"수산물","연체류","쭈꾸미","1394622","주꾸미","가격은 1kg당이며, 발주는 0.1kg단위로 가능함 / 선도좋은 제품을 급식 규격에 맞추어 절단 해드립니다 / 베트남/태국산"
"수산물","연체류","쭈꾸미","1394623","주꾸미","가격은 1kg당이며, 발주는 0.1kg단위로 가능함 / 주꾸미 냉동(손질) 냉동, 기본채 / 국내산"
"수산물","연체류","쭈꾸미","1394624","주꾸미","가격은 1kg당이며, 발주는 0.1kg단위로 가능함 / 주꾸미 냉동(손질) 냉동, 기본채 / 베트남/태국산"
"수산물","연체류","쭈꾸미","1394625","주꾸미","가격은 1kg당이며, 발주는 0.1kg단위로 가능함 / 주꾸미 냉동(손질) 냉동, 기본채 / 국내산"
"수산물","연체류","쭈꾸미","1394626","주꾸미","가격은 1kg당이며, 발주는 0.1kg단위로 가능함 / 주꾸미 냉동(손질) 냉동, 기본채 / 베트남/태국산"
"수산물","연체류","해파리","1394627","해파리","가격은 1kg당이며, 발주는 0.1kg단위로 가능함 / 국내가공/일반/무염해파리/태국산/냉장"
"수산물","연체류","해파리","1394628","해파리","가격은 1kg당이며, 발주는 0.1kg단위로 가능함 / 수입 1년이하 원료 사용 / 안전성 검사 완료 / 태국산"
"수산물","연체류","해파리","1394629","해파리","가격은 1kg당이며, 발주는 0.1kg단위로 가능함 / 수입 1년이하 원료 사용 / 안전성 검사 완료 / 중국산"
"수산물","연체류","해파리","1394630","해파리","가격은 1kg당이며, 발주는 0.1kg단위로 가능함 / 해파리 해파리채"
"수산물","연체류","해파리","1394631","해파리","가격은 1kg당이며, 발주는 0.1kg단위로 가능함 / 안전성 검사 완료제품 / 최소 1kg단위씩 주문 / 태국산"
"수산물","연체류","해파리","1394632","해파리","가격은 1kg당이며, 발주는 0.1kg단위로 가능함 / 안전성 검사 완료제품 / 최소 1kg단위씩 주문 / 중국산"
"수산물","연체류","해파리","1394633","해파리","가격은 1kg당이며, 발주는 0.1kg단위로 가능함 / 해파리 해파리채"
"수산물","연체류","해파리","1394634","해파리","가격은 1kg당이며, 발주는 0.1kg단위로 가능함 / 해파리채 / 태국산"
"수산물","연체류","해파리","1394635","해파리","가격은 1kg당이며, 발주는 0.1kg단위로 가능함 / 해파리채 / 중국산"
"수산물","젓갈류","새우젓","1394636","새우젓","가격은 1kg당이며, 발주는 0.1kg단위로 가능함 / 최소 500g단위씩 주문"
"수산물","젓갈류","새우젓","1394637","새우젓","가격은 1kg당이며, 발주는 0.1kg단위로 가능함 / 1000g,500g/통/국산/일반/HACCP/ 신안새우육젓/냉장 / 최소 500g단위씩 주문"
"수산물","젓갈류","새우젓","1394638","새우젓","가격은 1kg당이며, 발주는 0.1kg단위로 가능함 / 안전성 검사 완료 / 최소 500g단위씩 주문"
"수산물","젓갈류","새우젓","1394639","새우젓","가격은 1kg당이며, 발주는 0.1kg단위로 가능함 / HACCP인증,500g단일상품 / 최소 500g단위씩 주문"
"수산물","젓갈류","새우젓","1394640","새우젓","가격은 1kg당이며, 발주는 0.1kg단위로 가능함 / 새우젓 육젓 / 최소 500g단위씩 주문"
"수산물","젓갈류","새우젓","1394641","새우젓","가격은 1kg당이며, 발주는 0.1kg단위로 가능함 / 안전성 검사 완료제품 / 최소 500g단위씩 주문"
"수산물","젓갈류","새우젓","1394642","새우젓","가격은 1kg당이며, 발주는 0.1kg단위로 가능함 / 새우젓 육젓 / 최소 500g단위씩 주문"
"수산물","젓갈류","새우젓","1394643","새우젓","가격은 1kg당이며, 발주는 0.1kg단위로 가능함 / 새우젓 육젓 / 최소 500g단위씩 주문"
"수산물","젓갈류","새우젓","1394644","새우젓","가격은 1kg당이며, 발주는 0.1kg단위로 가능함 / 최소 500g단위씩 주문"
"수산물","젓갈류","새우젓","1394645","새우젓","가격은 1kg당이며, 발주는 0.1kg단위로 가능함 / 1000g,500g/통/국산/일반/HACCP/ 신안새우추젓/냉장 / 최소 500g단위씩 주문"
"수산물","젓갈류","새우젓","1394646","새우젓","가격은 1kg당이며, 발주는 0.1kg단위로 가능함 / 안전성 검사 완료 / 최소 500g단위씩 주문"
"수산물","젓갈류","새우젓","1394647","새우젓","가격은 1kg당이며, 발주는 0.1kg단위로 가능함 / HACCP인증,500g단일상품 / 최소 500g단위씩 주문"
"수산물","젓갈류","새우젓","1394648","새우젓","가격은 1kg당이며, 발주는 0.1kg단위로 가능함 / 새우젓 추젓 / 최소 500g단위씩 주문"
"수산물","젓갈류","새우젓","1394649","새우젓","가격은 1kg당이며, 발주는 0.1kg단위로 가능함 / 안전성 검사 완료제품 / 최소 500g단위씩 주문"
"수산물","젓갈류","새우젓","1394650","새우젓","가격은 1kg당이며, 발주는 0.1kg단위로 가능함 / 새우젓 추젓 / 최소 500g단위씩 주문"
"수산물","젓갈류","새우젓","1394651","새우젓","가격은 1kg당이며, 발주는 0.1kg단위로 가능함 / 새우젓 추젓 / 최소 500g단위씩 주문"
"수산물","젓갈류","오징어젓","1394652","오징어젓","가격은 1kg당이며, 발주는 0.1kg단위로 가능함 / 국산/일반/(양념) 오징어젓"
"수산물","젓갈류","오징어젓","1394653","오징어젓","가격은 1kg당이며, 발주는 0.1kg단위로 가능함 / 안전성 검사 완료"
"수산물","젓갈류","오징어젓","1394654","오징어젓","가격은 1kg당이며, 발주는 0.1kg단위로 가능함 / 안전성 검사 완료제품"
"수산물","젓갈류","오징어젓","1394655","오징어젓","가격은 1kg당이며, 발주는 0.1kg단위로 가능함 / 오징어 젓(오징어젓,양념) 오징어젓"
"수산물","젓갈류","오징어젓","1394656","오징어젓","가격은 1kg당이며, 발주는 0.1kg단위로 가능함 / (양념) 오징어젓"
"수산물","젓갈류","오징어젓","1394657","오징어젓","가격은 1kg당이며, 발주는 0.1kg단위로 가능함 / 오징어 젓(오징어젓,양념) 오징어젓"
"수산물","패류","굴","1394658","굴","가격은 1kg당이며, 발주는 0.1kg단위로 가능함 / 국산/일반/깐굴/냉장"
"수산물","패류","굴","1394659","굴","가격은 1kg당이며, 발주는 0.1kg단위로 가능함 / 냉동납품만가능"
"수산물","패류","꼬막","1394660","꼬막","가격은 1kg당이며, 발주는 0.1kg단위로 가능함 / 국산/일반/생것/새꼬막/냉장"
"수산물","패류","꼬막","1394661","꼬막","가격은 1kg당이며, 발주는 0.1kg단위로 가능함 / 새꼬막(겉꼬막)"
"수산물","패류","논우렁이","1394662","논우렁이","가격은 1kg당이며, 발주는 0.1kg단위로 가능함 / 1000g,국산/일반/논우렁살/냉동 / 최소 1kg단위씩 주문"
"수산물","패류","논우렁이","1394663","논우렁이","가격은 1kg당이며, 발주는 0.1kg단위로 가능함 / 안전성 검사 완료 / 최소 700g단위씩 주문"
"수산물","패류","논우렁이","1394664","논우렁이","가격은 1kg당이며, 발주는 0.1kg단위로 가능함 / 냉동,우렁살,700g단일포장 / 최소 700g단위씩 주문"
"수산물","패류","논우렁이","1394665","논우렁이","가격은 1kg당이며, 발주는 0.1kg단위로 가능함 / 논우렁이 냉동(살)   / 최소 700g단위씩 주문"
"수산물","패류","논우렁이","1394666","논우렁이","가격은 1kg당이며, 발주는 0.1kg단위로 가능함 / 안전성 검사 완료제품 / 최소 1kg단위씩 주문"
"수산물","패류","논우렁이","1394667","논우렁이","가격은 1kg당이며, 발주는 0.1kg단위로 가능함 / 논우렁이 냉동(살)  / 최소 700g단위씩 주문"
"수산물","패류","논우렁이","1394668","논우렁이","가격은 1kg당이며, 발주는 0.1kg단위로 가능함 / 최소 700g 단위씩 주문"
"수산물","패류","논우렁이","1394669","논우렁이","가격은 1kg당이며, 발주는 0.1kg단위로 가능함 / 논우렁이 냉동(살)  / 최소 1kg단위씩 주문"
"수산물","패류","논우렁이","1394670","논우렁이","가격은 1kg당이며, 발주는 0.1kg단위로 가능함 / 1000g,국산/일반/논우렁살/냉동해동 / 최소 1kg단위씩 주문"
"수산물","패류","논우렁이","1394671","논우렁이","가격은 1kg당이며, 발주는 0.1kg단위로 가능함 / 안전성 검사 완료 / 최소 700g단위씩 주문"
"수산물","패류","논우렁이","1394672","논우렁이","가격은 1kg당이며, 발주는 0.1kg단위로 가능함 / 최소 700g 단위씩 주문"
"수산물","패류","대합","1394673","대합","가격은 1kg당이며, 발주는 0.1kg단위로 가능함 / 대합 냉동(살)"
"수산물","패류","대합","1394674","대합","가격은 1kg당이며, 발주는 0.1kg단위로 가능함 / 중국산/일반/생물/대합살/냉장"
"수산물","패류","대합","1394675","대합","가격은 1kg당이며, 발주는 0.1kg단위로 가능함 / 냉동납품만가능"
"수산물","패류","대합","1394676","대합","가격은 1kg당이며, 발주는 0.1kg단위로 가능함 / 국산/일반/생물/대합살/냉장"
"수산물","패류","모시조개","1394677","모시조개","가격은 1kg당이며, 발주는 0.1kg단위로 가능함 / 국산/일반/생것/흑모시조개"
"수산물","패류","바지락","1394678","바지락","가격은 1kg당이며, 발주는 0.1kg단위로 가능함 / 바지락 냉동(살) "
"수산물","패류","바지락","1394679","바지락","가격은 1kg당이며, 발주는 0.1kg단위로 가능함 / 국산/일반/바지락살/냉장"
"수산물","패류","바지락","1394680","바지락","가격은 1kg당이며, 발주는 0.1kg단위로 가능함 / 냉동납품만가능"
"수산물","패류","바지락","1394681","바지락","가격은 1kg당이며, 발주는 0.1kg단위로 가능함 / 국산/일반/생것/피바지락"
"수산물","패류","전복","1394682","전복","가격은 1kg당이며, 발주는 0.1kg단위로 가능함 / 외국산/일반/전복 냉동(살) 12미/650g"
"수산물","패류","전복","1394683","전복","가격은 1kg당이며, 발주는 0.1kg단위로 가능함 / 수입 1년이하 원료 사용 / 안전성 검사 완료"
"수산물","패류","전복","1394684","전복","가격은 1kg당이며, 발주는 0.1kg단위로 가능함 / 안전성 검사 완료제품 (해동 후 무게가 아닌 실중량 기준)"
"수산물","패류","전복","1394685","전복","가격은 1kg당이며, 발주는 0.1kg단위로 가능함 / 전복 냉동(살) 12미/650g"
"수산물","패류","전복","1394686","전복","가격은 1kg당이며, 발주는 0.1kg단위로 가능함 / 냉동납품"
"수산물","패류","전복","1394687","전복","가격은 1kg당이며, 발주는 0.1kg단위로 가능함 / 전복 냉동(살) 12미 / 최소 650g단위씩 주문"
"수산물","패류","전복","1394688","전복","가격은 1kg당이며, 발주는 0.1kg단위로 가능함 / 국산/일반/피전복(10-12미) "
"수산물","패류","전복","1394689","전복","가격은 1kg당이며, 발주는 0.1kg단위로 가능함 / 전복 생물(11~12미/001)"
"수산물","패류","전복","1394690","전복","가격은 1kg당이며, 발주는 0.1kg단위로 가능함 / 국산/일반/피전복(13-14미) (생물)/냉장"
"수산물","패류","전복","1394691","전복","가격은 1kg당이며, 발주는 0.1kg단위로 가능함 / 국산/일반/피전복(15-16미) (생물)/냉장"
"수산물","패류","전복","1394692","전복","가격은 1kg당이며, 발주는 0.1kg단위로 가능함 / 국산/일반/피전복(9-10미) (생물)/냉장"
"수산물","패류","전복","1394693","전복","가격은 1kg당이며, 발주는 0.1kg단위로 가능함 / 전복살(냉동)"
"수산물","패류","홍합","1394694","홍합","가격은 1kg당이며, 발주는 0.1kg단위로 가능함 / 국산/일반/생물/손질된것/피홍합"
"수산물","패류","홍합","1394696","홍합","가격은 1kg당이며, 발주는 0.1kg단위로 가능함 / 국산/일반/홍합살"
"수산물","패류","홍합","1394697","홍합","가격은 1kg당이며, 발주는 0.1kg단위로 가능함 / 냉동납품만가능"
"수산물","해조류","다시마","1394698","다시마","가격은 1kg당이며, 발주는 0.1kg단위로 가능함 / 국산/일반/쌈용/염장쌈다시마벌크"
"수산물","해조류","다시마","1394699","다시마","가격은 1kg당이며, 발주는 0.1kg단위로 가능함 / 안전성 검사 완료"
"수산물","해조류","다시마","1394700","다시마","가격은 1kg당이며, 발주는 0.1kg단위로 가능함 / 쌈다시마(벌크)"
"수산물","해조류","다시마","1394701","다시마","가격은 1kg당이며, 발주는 0.1kg단위로 가능함 / 안전성 검사 완료제품"
"수산물","해조류","다시마","1394702","다시마","가격은 1kg당이며, 발주는 0.1kg단위로 가능함 / 염장"
"수산물","해조류","다시마","1394703","다시마","가격은 1kg당이며, 발주는 0.1kg단위로 가능함 / 쌈다시마(벌크)  / 최소 1kg단위씩 주문"
"수산물","해조류","생미역","1394704","생미역","가격은 1kg당이며, 발주는 0.1kg단위로 가능함 / 국산/일반/생것/물미역"
"수산물","해조류","파래","1394705","파래","가격은 1kg당이며, 발주는 0.1kg단위로 가능함 / 국산/일반/물파래"
"수산물","해조류","파래","1394706","파래","가격은 1kg당이며, 발주는 0.1kg단위로 가능함 / 물파래"
"축산물","가금류","닭고기","1394717","닭고기","반각(500g*2쪽)(껍질無)"
"축산물","가금류","닭고기","1394718","닭고기","반각(500g*2쪽)(껍질有)"
"축산물","가금류","닭고기","1394719","닭고기","커틀렛(약45g)"
"축산물","가금류","닭고기","1394721","닭고기","가로 2~3cm / 세로 6~8cm / 두께 2~3mm"
"축산물","가금류","닭고기","1394724","닭고기","국내산/무항생제/1등급 이상/닭고기(가슴살)"
"축산물","가금류","닭고기","1394726","닭고기","지방이 가장 적은 부위로 담백하며 단백질이 풍부"
"축산물","가금류","닭고기","1394728","닭고기","닭터의자연은 서울대학교 연구진이 개발한 질병에 대한 향균력과 면역력을 증진시킨 특허출원된 유산균제로 정성껏 키운 100% 국내산 무항생제 닭고기입니다. (약 3cm깍둑)"
"축산물","가금류","닭고기","1394764","닭고기","탕수육용 1*1*6"
"축산물","가금류","닭고기","1394765","닭고기","볶음밥용,카레용(1x1cm)깍둑"
"축산물","가금류","닭고기","1394766","닭고기","약 30g/50g 절단"
"축산물","가금류","닭고기","1394771","닭고기","국내산/무항생제/1등급 이상/닭고기(안심)"
"축산물","가금류","닭고기","1394794","닭고기","스킨 붙은 상태의 닭가슴살.담백하며 단백질이 풍부"
"축산물","가금류","닭고기","1394799","닭고기","85g 내외 덩어리"
"축산물","가금류","닭고기","1394814","닭고기","95g 내외 덩어리"
"축산물","가금류","닭고기","1394817","닭고기","국내산/무항생제/1등급 이상/닭고기(다리살)/껍질제거"
"축산물","가금류","닭고기","1394859","닭고기","국내산/무항생제/1등급 이상/닭고기(다리살)"
"축산물","가금류","닭고기","1394873","닭고기","덩어리(130g~150g)/15g(약2cm깍둑)/30g(약4cm깍둑)/커틀렛(약45g)"
"축산물","가금류","닭고기","1394881","닭고기","콜라겐이 풍부하여 쫄깃한 식감의 제품"
"축산물","가금류","닭고기","1394882","닭고기","육수용"
"축산물","가금류","닭고기","1394883","닭고기","닭터의자연은 서울대학교 연구진이 개발한 질병에 대한 향균력과 면역력을 증진시킨 특허출원된 유산균제로 정성껏 키운 100% 국내산 무항생제 닭고기입니다.  (규격 : 1*1*5 내외, 핑거모양)"
"축산물","가금류","닭고기","1394895","닭고기","30g 내외 덩어리 / 가로절단(약 2*4cm)"
"축산물","가금류","닭고기","1394897","닭고기","95g 내외 덩어리/약2cm깍뚝(15g) / 약4cm깍뚝(30g)"
"축산물","가금류","닭고기","1394902","닭고기","국내산/무항생제/1등급 이상/닭고기(아랫날개)"
"축산물","가금류","닭고기","1394903","닭고기","날개 윗부분의 쫄깃한 부위로 맛과 영양이 듬뿍"
"축산물","가금류","닭고기","1394904","닭고기","맛있고 가장 인기있는 다리 부위로 먹기 좋게 엄선 가공하여 포장"
"축산물","한우","한우(등심)","1395963","한우(등심)","한우의 한 부위로서 용도 및 기호에 맞게 조리 또는 가공 후 식용"
"축산물","가금류","닭고기","1394905","닭고기","닭터의자연은 서울대학교 연구진이 개발한 질병에 대한 향균력과 면역력을 증진시킨 특허출원된 유산균제로 정성껏 키운 100% 국내산 무항생제 닭고기입니다.  (규격 : 1*1*5 내외, 핑거모양)"
"축산물","가금류","닭고기","1394925","닭고기","국내산/무항생제/1등급 이상/닭고기(윗날개)"
"축산물","가금류","닭고기","1394926","닭고기","국내산/무항생제/1등급 이상/닭고기(다리,북채)"
"축산물","가금류","닭고기","1394927","닭고기","최고급 육질로 지방이 적고 단백질이 풍부함"
"축산물","가금류","닭고기","1394944","닭고기","죽용,볶음밥용,카레용(1x1cm)깍둑"
"축산물","가금류","닭고기","1394950","닭고기","국내산/무항생제/1등급 이상/닭고기(다리,장각)"
"축산물","가금류","닭고기","1394951","닭고기","국내산/무항생제/1등급 이상/닭고기(절단육)/껍질제거"
"축산물","가금류","닭고기","1394956","닭고기","닭터의자연은 서울대학교 연구진이 개발한 질병에 대한 향균력과 면역력을 증진시킨 특허출원된 유산균제로 정성껏 키운 100% 국내산 무항생제 닭고기입니다. (120g 내외)"
"축산물","가금류","닭고기","1394970","닭고기","국내산/무항생제/1등급 이상/닭고기(절단육)"
"축산물","가금류","닭고기","1394972","닭고기","최상의 육질을 가진 영계(삼계)닭고기를 2등분한 후 포장"
"축산물","가금류","닭고기","1394973","닭고기","최상의 육질을 가진 영계(삼계)닭고기를 엄선하여 포장"
"축산물","가금류","닭고기","1394991","닭고기","국내산/무항생제/1등급 이상/닭고기(성계)"
"축산물","가금류","닭고기","1394992","닭고기","국내산/무항생제/1등급 이상/닭고기(성계)/2각/껍질제거"
"축산물","가금류","닭고기","1394993","닭고기","날개 아랫부분으로 콜라겐 성분이 많은 부위. 쫄깃한 맛을 지님"
"축산물","가금류","닭고기","1394994","닭고기","신선한 통닭의 껍질을 제거 후 먹기좋게 절단한 제품"
"축산물","가금류","닭고기","1395007","닭고기","EA(1kg)"
"축산물","가금류","닭고기","1395009","닭고기","가로절단(약 2*4cm)"
"축산물","가금류","닭고기","1395010","닭고기","30g 내외 덩어리"
"축산물","가금류","닭고기","1395011","닭고기","약40~43내외"
"축산물","가금류","닭고기","1395014","닭고기","국내산/무항생제/1등급 이상/닭고기(성계)/2각"
"축산물","가금류","닭고기","1395016","닭고기","신선한 통닭을 먹기좋게 절단하여 조리가 간편한 제품"
"축산물","가금류","닭고기","1395017","닭고기","넓적다리에서 뼈와 스킨을 제거하여 쫄깃하고 담백한 맛을 지님"
"축산물","가금류","닭고기","1395028","닭고기","약30~32내외"
"축산물","가금류","닭고기","1395029","닭고기","덩어리(130g~150g)"
"축산물","가금류","닭고기","1395030","닭고기","5g(약1cm깍둑)"
"축산물","가금류","닭고기","1395031","닭고기","15g(약2cm깍둑)"
"축산물","가금류","닭고기","1395032","닭고기","30g(약4cm깍둑)"
"축산물","가금류","닭고기","1395039","닭고기","닭터의자연은 서울대학교 연구진이 개발한 질병에 대한 향균력과 면역력을 증진시킨 특허출원된 유산균제로 정성껏 키운 100% 국내산 무항생제 닭고기입니다. (조각당 30g 내외)"
"축산물","가금류","닭고기","1395050","닭고기","국내산/무항생제/1등급 이상/닭고기(성계)/껍질제거"
"축산물","가금류","닭고기","1395065","닭고기","약100g내외"
"축산물","가금류","닭고기","1395076","닭고기","약 30g 절단"
"축산물","가금류","닭고기","1395077","닭고기","닭터의자연은 서울대학교 연구진이 개발한 질병에 대한 향균력과 면역력을 증진시킨 특허출원된 유산균제로 정성껏 키운 100% 국내산 무항생제 닭고기입니다. (조각당 40g 내외)"
"축산물","가금류","닭고기","1395079","닭고기","약2cm깍뚝(15g)"
"축산물","가금류","닭고기","1395080","닭고기","약4cm깍뚝(30g)"
"축산물","가금류","닭고기","1395082","닭고기","약 15g(1*5 채썰기)"
"축산물","가금류","닭고기","1395083","닭고기","약2cm깍뚝(15g) "
"축산물","가금류","닭고기","1395086","닭고기","EA 200g~220g 내외/껍질있음"
"축산물","가금류","닭고기","1395090","닭고기","95g 내외 덩어리,껍질있음"
"축산물","가금류","오렌지","1395113","오리","오리육 국내산 100%"
"축산물","가금류","오렌지","1395121","오리","와인 숙성으로 잡내 제거"
"축산물","가금류","오리(훈제)","1395246","오리(훈제)","오리육 국내산 100%"
"축산물","돈육","돈육(갈비)","1395269","돈육(갈비)","돈육의 한 부위로서 용도 및 기호에 맞게 조리 또는 가공 후 식용"
"축산물","돈육","돈육(등갈비)","1395275","돈육(등갈비)","돈육의 한 부위로서 용도 및 기호에 맞게 조리 또는 가공 후 식용"
"축산물","돈육","돈육(등갈비)","1395277","돈육(등갈비)","한우의 한 부위로서 용도 및 기호에 맞게 조리 또는 가공 후 식용"
"축산물","돈육","돈육(등심)","1395283","돈육(등심)","한우의 한 부위로서 용도 및 기호에 맞게 조리 또는 가공 후 식용"
"축산물","돈육","돈육(목심)","1395285","돈육(목심)","돈육(냉장) 목심"
"축산물","돈육","돈육(삼겹)","1395297","돈육(삽겹)","돈육(냉장) 삼겹"
"축산물","돈육","돈육(안심)","1395303","돈육(안심)","돈육(냉장) 안심"
"축산물","돈육","돈육(안심)","1395305","돈육(안심)","돈육의 한 부위로서 용도 및 기호에 맞게 조리 또는 가공 후 식용"
"축산물","돈육","돈육(잡뼈)","1395313","돈육(잡뼈)","한우의 한 부위로서 용도 및 기호에 맞게 조리 또는 가공 후 식용"
"축산물","돈육","돈육(잡뼈)","1395314","돈육(잡뼈)","돈육의 한 부위로서 용도 및 기호에 맞게 조리 또는 가공 후 식용"
"축산물","한우","한우(갈비)","1395384","한우(갈비)","한우(냉동) 갈비"
"축산물","한우","한우(갈비)","1395387","한우(갈비)","한우의 한 부위로서 용도 및 기호에 맞게 조리 또는 가공 후 식용"
"축산물","한우","한우(꼬리)","1395399","한우(꼬리)","한우의 한 부위로서 용도 및 기호에 맞게 조리 또는 가공 후 식용"
"축산물","한우","한우(사골)","1395432","한우(사골)","한우(냉동) 사골"
"축산물","한우","한우(잡뼈)","1395516","한우(잡뼈)","한우(냉동) 잡뼈"
"축산물","돈육","돈육(사태)","1396132","돈육(사태)","돈육(냉장) 사태(뒷다리)"
"축산물","가금류","닭고기","1395548","닭고기","닭터의자연은 서울대학교 연구진이 개발한 질병에 대한 향균력과 면역력을 증진시킨 특허출원된 유산균제로 정성껏 키운 100% 국내산 무항생제 닭고기입니다. (조각당 50g 내외)"
"축산물","가금류","닭고기","1395552","닭고기","닭터의자연은 서울대학교 연구진이 개발한 질병에 대한 향균력과 면역력을 증진시킨 특허출원된 유산균제로 정성껏 키운 100% 국내산 무항생제 닭고기입니다. (1EA당 90~95g 내외, 칼집 선택 가능)"
"축산물","가금류","닭고기","1395554","닭고기","닭터의자연은 서울대학교 연구진이 개발한 질병에 대한 향균력과 면역력을 증진시킨 특허출원된 유산균제로 정성껏 키운 100% 국내산 무항생제 닭고기입니다. (1cm 깍둑)"
"축산물","가금류","닭고기","1395556","닭고기","닭터의자연은 서울대학교 연구진이 개발한 질병에 대한 향균력과 면역력을 증진시킨 특허출원된 유산균제로 정성껏 키운 100% 국내산 무항생제 닭고기입니다. (약 15g 내외)"
"축산물","가금류","닭고기","1395558","닭고기","닭터의자연은 서울대학교 연구진이 개발한 질병에 대한 향균력과 면역력을 증진시킨 특허출원된 유산균제로 정성껏 키운 100% 국내산 무항생제 닭고기입니다. (약 30g 내외)"
"축산물","가금류","닭고기","1395560","닭고기","닭터의자연은 서울대학교 연구진이 개발한 질병에 대한 향균력과 면역력을 증진시킨 특허출원된 유산균제로 정성껏 키운 100% 국내산 무항생제 닭고기입니다. (약 3cm 깍둑)"
"축산물","가금류","닭고기","1395562","닭고기","닭터의자연은 서울대학교 연구진이 개발한 질병에 대한 향균력과 면역력을 증진시킨 특허출원된 유산균제로 정성껏 키운 100% 국내산 무항생제 닭고기입니다. (약 4cm 깍둑)"
"축산물","가금류","닭고기","1395564","닭고기","닭터의자연은 서울대학교 연구진이 개발한 질병에 대한 향균력과 면역력을 증진시킨 특허출원된 유산균제로 정성껏 키운 100% 국내산 무항생제 닭고기입니다. (약 1cm 깍둑)"
"축산물","가금류","닭고기","1395566","닭고기","닭터의자연은 서울대학교 연구진이 개발한 질병에 대한 향균력과 면역력을 증진시킨 특허출원된 유산균제로 정성껏 키운 100% 국내산 무항생제 닭고기입니다. (갈은 것)"
"축산물","가금류","닭고기","1395568","닭고기","닭터의자연은 서울대학교 연구진이 개발한 질병에 대한 향균력과 면역력을 증진시킨 특허출원된 유산균제로 정성껏 키운 100% 국내산 무항생제 닭고기입니다. (1*1*5) (규격 : 1*1*5 내외, 핑거모양)"
"축산물","가금류","닭고기","1395570","닭고기","닭터의자연은 서울대학교 연구진이 개발한 질병에 대한 향균력과 면역력을 증진시킨 특허출원된 유산균제로 정성껏 키운 100% 국내산 무항생제 닭고기입니다. (80g 130g 내외 선택가능)"
"축산물","가금류","닭고기","1395572","닭고기","닭터의자연은 서울대학교 연구진이 개발한 질병에 대한 향균력과 면역력을 증진시킨 특허출원된 유산균제로 정성껏 키운 100% 국내산 무항생제 닭고기입니다. (약 3cm 내외 깍둑)"
"축산물","가금류","닭고기","1395580","닭고기","닭터의자연은 서울대학교 연구진이 개발한 질병에 대한 향균력과 면역력을 증진시킨 특허출원된 유산균제로 정성껏 키운 100% 국내산 무항생제 닭고기입니다. (약 45g 내외)"
"축산물","가금류","닭고기","1395582","닭고기","닭터의자연은 서울대학교 연구진이 개발한 질병에 대한 향균력과 면역력을 증진시킨 특허출원된 유산균제로 정성껏 키운 100% 국내산 무항생제 닭고기입니다. (약 90g,140g(내외) 선택가능)"
"축산물","가금류","닭고기","1395583","닭고기","닭터의자연은 서울대학교 연구진이 개발한 질병에 대한 향균력과 면역력을 증진시킨 특허출원된 유산균제로 정성껏 키운 100% 국내산 무항생제 닭고기입니다. (90g, 140g(내외) 선택가능)"
"축산물","가금류","닭고기","1395584","닭고기","닭터의자연은 서울대학교 연구진이 개발한 질병에 대한 향균력과 면역력을 증진시킨 특허출원된 유산균제로 정성껏 키운 100% 국내산 무항생제 닭고기입니다."
"축산물","가금류","닭고기","1395586","닭고기","절단육(도리육), 껍질 제거, 조각당 30g "
"축산물","가금류","닭고기","1395587","닭고기","11호 통닭, 껍질 미제거, 정선 작업, 1마리씩 포장"
"축산물","가금류","닭고기","1395588","닭고기","11호 통닭, 껍질 미제거, 2각(반각) 작업, 1마리씩 포장"
"축산물","가금류","닭고기","1395589","닭고기","12호 통닭, 껍질 제거, 1마리씩 포장"
"축산물","가금류","닭고기","1395590","닭고기","12호 통닭, 껍질 제거, 2각(반각) 작업, 1마리씩 포장"
"축산물","가금류","닭고기","1395591","닭고기","닭가슴살(껍질제거), 2*2 규격 조각 제품, 조각당 10g 전후, 500g 포장"
"축산물","가금류","닭고기","1395592","닭고기","닭안심, 1*1 규격 조각 제품, 500g 포장"
"축산물","가금류","닭고기","1395593","닭고기","정육(다리살), 껍질 미제거, 2*2 조각 제품, 약 10g ± 3g, 500g 포장"
"축산물","가금류","닭고기","1395594","닭고기","정육(다리살), 껍질 제거, 2*2 조각 제품, 약 10g ± 3g, 500g 포장"
"축산물","가금류","닭고기","1395596","닭고기","지방과 단백질이 조화를 이루어 쫄깃한 맛"
"축산물","가금류","닭고기","1395604","닭고기","날개부위로 콜라겐 성분이 많아 쫄깃한 맛을 지님"
"축산물","가금류","닭고기","1395605","닭고기","선호하는 부위로 우량 닭다리만을 엄선하여 가공 포장"
"축산물","가금류","닭고기","1395606","닭고기","신선한 통닭의 껍질을 제거 후 2등분 절단하여 포장 "
"축산물","가금류","닭고기","1395607","닭고기","신선한 통닭을 엄선하여 2등분 절단한 후 포장"
"축산물","가금류","닭고기","1395608","닭고기","최상의 육질을 가진 신선한 통닭의 껍질을 제거한 후 포장"
"축산물","가금류","닭고기","1395609","닭고기","최상의 육질을 가진 신선한 통닭을 엄선하여 포장"
"축산물","돈육","돈육(등뼈)","1395754","돈육(등뼈)","돈육의 한 부위로서 용도 및 기호에 맞게 조리 또는 가공 후 식용"
"축산물","한우","한우(목심)","1395921","한우(목심)","한우의 한 부위로서 용도 및 기호에 맞게 조리 또는 가공 후 식용"
"축산물","한우","한우(사태)","1395929","한우(사태)","한우의 한 부위로서 용도 및 기호에 맞게 조리 또는 가공 후 식용"
"축산물","한우","한우(설도)","1395946","한우(설도)","한우의 한 부위로서 용도 및 기호에 맞게 조리 또는 가공 후 식용"
"농산물","엽경채류","달래","1396139","달래/손질","가격은1kg당 단위이며,발주는0.1kg 단위로 가능함/달래(손질)"
"농산물","과일류","포도(국내산)","1396176","샤인머스켓","가격은 1kg당이며, 발주는 0.68kg단위로 가능함"
"축산물","돈육","돈육(전지)","1396186","돈육(전지)","돈육(냉장) 전지(앞다리)"
"축산물","돈육","돈육(후지)","1396192","돈육(후지)","돈육(냉장) 후지(뒷다리)"
"축산물","돈육","돈육(등심)","1396220","돈육(등심)","돈육(냉장) 등심"
"축산물","돈육","돈육(등뼈)","1396230","돈육(등뼈)","돈육(냉동) 등뼈"
"축산물","돈육","돈육(등갈비)","1396232","돈육(등갈비)","돈육(냉장) 등갈비"
"축산물","돈육","돈육(갈비)","1396236","돈육(갈비)","돈육(냉동) 갈비"
"축산물","돈육","돈육(삼겹)","1396275","돈육(삽겹)","돈육의 한 부위로서 용도 및 기호에 맞게 조리 또는 가공 후 식용"
"축산물","돈육","돈육(삼겹)","1396276","돈육(삽겹)","돈육의 한 부위로서 용도 및 기호에 맞게 조리 또는 가공 후 식용"
"축산물","가금류","오리","1396277","오리","오리육 국내산 100%"
"축산물","가금류","오리","1396278","오리","오리육 국내산 100%"
"농산물","과일류","감귤","1396295","비가림감귤,53-62g/개(172내/10k)","비가림감귤,53-62g/개(172내/10k)"
"농산물","엽경채류","얼갈이","1396315","얼갈이(생것)","가격은 1kg당이며, 발주는 0.1kg단위로 가능함/부드럽고 아삭한 국, 무침용 잎 채소"
"가공식품","농산물가공식품","달래가공품","1396335","달래(손질)","가격은1kg당 단위이며,발주는0.1kg 단위로 가능함/달래(손질)"
"축산물","한우","한우(등심)","1396376","한우(등심)","한우(냉장) 등심"
"가공식품","농산물가공식품","두부","1396395","두부","두부(부침용, 350g)/모 단위로만 발주가능"
"가공식품","농산물가공식품","두부","1396396","두부","두부(찌개용, 350g)/모 단위로만 발주가능"
"축산물","한우","한우(목심)","1396400","한우(목심)","한우(냉장) 목심"
"축산물","한우","한우(사태)","1396414","한우(사태)","한우(냉장) 사태"
"축산물","한우","한우(설도)","1396415","한우/설도/불고기","한우/설도/불고기/국내산-전산오류대체사입"
"축산물","한우","한우(설도)","1396416","한우/설도/불고기","한우/설도/불고기/국내산-전산오류대체사입"
"수산물","갑각류","새우","1396417","새우살/냉동","새우살/냉동/국내산-전산오류대체사입"
"농산물","서류","감자","1396435","감자/일반","감자/일반/생것/국내산-시설긴급추가대체"
"수산물","갑각류","새우","1396436","새우살/냉동","새우살/냉동/국내산-전산오류대체사입"
"축산물","한우","한우(설도)","1396437","한우(설도)","한우(냉장) 설도"
"농산물","엽경채류","얼갈이","1396438","얼갈이/대체","얼갈이(생것)/일반/대체"
"축산물","한우","한우(안심)","1396451","한우(안심)","한우(냉장) 안심"
"축산물","돈육","돈육(등심)","1396455","돈육(등심)","돈육(냉장) 등심"
"농산물","양곡부류","백미","1396456","백미","백미/경기미/국내산-전산오류대체사입"
"농산물","양곡부류","혼합곡","1396457","혼합곡","혼합곡/전산오류대체사입"
"축산물","한우","한우(양지)","1396475","한우(양지)","한우(냉장) 양지"
"가공식품","농산물가공식품","연두부","1396476","연두부","1판당 가격 / 한둘 국산콩 판연두부"
"가공식품","농산물가공식품","두부","1396477","두부","1판당 가격 / 두부(찌개용 3kg)"
"가공식품","농산물가공식품","두부","1396478","두부","1판당 가격 / 두부(슬라이스부침,3kg)"
"가공식품","농산물가공식품","순두부","1396479","순두부","1개당 가격 / 순두부(1kg)"
"가공식품","농산물가공식품","연두부","1396480","연두부","1개당 가격 / 연두부(1kg)"
"가공식품","농산물가공식품","콩비지","1396481","콩비지","1개당 가격 / 콩비지(2kg)"
"축산물","한우","한우(우둔)","1396489","한우(우둔)","한우(냉장) 우둔"
"가공식품","농산물가공식품","연두부","1396495","연두부","1개당 가격 / 한둘 국산콩 연두부 125g"
"가공식품","농산물가공식품","연두부","1396496","연두부","1개당 가격 / 한둘 국산콩 연두부 80g"
"가공식품","농산물가공식품","콩비지","1396497","콩비지","1개당 가격 / 한둘 국산 순콩비지"
"가공식품","농산물가공식품","두부","1396498","두부","1판당 가격 / 두부(마파용 3kg)"
"가공식품","농산물가공식품","두부","1396499","두부","1판당 가격 / 두부(부침용 3kg)"
"가공식품","농산물가공식품","두부","1396500","두부","1판당 가격 / 두부(칼슘두부,3kg)"
"가공식품","농산물가공식품","순두부","1396501","순두부","1개당 가격 / 전통순두부(2kg)"
"가공식품","농산물가공식품","연두부","1396502","연두부","1개당 가격 / 연두부(현미연두부,100g)"
"가공식품","농산물가공식품","연두부","1396503","연두부","1개당 가격 / 연두부(현미연두부,80g)"
"가공식품","농산물가공식품","두부","1396504","두부","1판당 가격 / 국산부침두부 3kg"
"가공식품","농산물가공식품","두부","1396505","두부","1판당 가격 / 국산찌개두부 3kg"
"가공식품","농산물가공식품","두부","1396506","두부","1판당 가격 / 국산슬라이스두부(72조각 부침) 3kg"
"가공식품","농산물가공식품","두부","1396507","두부","1판당 가격 / 국산슬라이스두부(300조각 마파) 3kg"
"축산물","한우","한우(전각)","1396512","한우(전각)","한우(냉장) 앞다리"
"가공식품","농산물가공식품","두부","1396516","두부","1판당 가격 / 무농약부침두부 3kg"
"가공식품","농산물가공식품","두부","1396517","두부","1판당 가격 / 무농약슬라이스두부(300조각 마파) 3kg"
"가공식품","농산물가공식품","두부","1396518","두부","1판당 가격 / 무농약슬라이스두부(72조각 부침) 3kg"
"가공식품","농산물가공식품","순두부","1396519","순두부","1개당 가격 / 국산순두부 1kg"
"가공식품","농산물가공식품","순두부","1396520","순두부","1개당 가격 / 무농약순두부 1kg"
"가공식품","농산물가공식품","연두부","1396521","연두부","1개당 가격 / 국산연두부 1kg"
"가공식품","농산물가공식품","연두부","1396522","연두부","1개당 가격 / 국산연두부 80g"
"가공식품","농산물가공식품","연두부","1396523","연두부","1개당 가격 / 국산연두부 125g"
"가공식품","농산물가공식품","연두부","1396524","연두부","1개당 가격 / 국산연두부 2kg"
"가공식품","농산물가공식품","달걀","1396525","달걀","1개당 가격 / 10개입(600g), 농협 ,HACCP, 무항생제, 1+등급"
"축산물","한우","한우(채끝)","1396535","한우(채끝)","한우(냉장) 채끝"
"가공식품","농산물가공식품","두부","1396536","두부","1판당 가격 / 무농약찌개두부 3kg"
"가공식품","농산물가공식품","순두부","1396537","순두부","1개당 가격 / 국산콩몽실순두부 2kg"
"가공식품","농산물가공식품","연두부","1396538","연두부","1개당 가격 / 무농약연두부 1kg"
"가공식품","농산물가공식품","달걀","1396539","달걀","1판당 가격 / 1등급 특란 30구"
"가공식품","농산물가공식품","달걀","1396540","달걀","1판당 가격 / 1등급 식용란, 무항생제"
"가공식품","농산물가공식품","달걀","1396541","달걀","1판당 가격 / 30개입(1800g), 농협, HACCP, 무항생제, 1+등급"
"농산물","과채류","오이","1396575","청오이","가격은 1kg당이며, 발주는 0.1kg단위로 가능함/우리나라 남부 지방에서 겨울철에 주로 재배되는 25?30cm？크기의 청록색 오이"
"가공식품","농산물가공식품","두부","1396576","두부","2모 단위 판매/두부(부침용, 1모 350g)"
"가공식품","농산물가공식품","달래가공품","1396577","달래(손질) (무농약)","가격은1kg당 단위이며,발주는0.1kg 단위로 가능함/달래(손질)"
"가공식품","농산물가공식품","두부","1396595","두부","2모 단위 판매/두부(찌개용, 1모 350g)"
"수산물","갑각류","새우","1396615","새우","가격은 1kg당이며, 발주는 0.1kg단위로 가능함 / 백새우살(국산냉동), IQF(개체동결품),꼬리없음"
"수산물","건어물","건새우","1396616","건새우","꽃새우(독새우) 자건품 두절새우, 2cm내외"
"수산물","갑각류","새우","1396635","새우","가격은 1kg당이며, 발주는 0.1kg단위로 가능함 / 백새우살(국산), IQF"
"축산물","돈육","돈육(후지)","1396640","돈육(후지)","불가능"
"수산물","과일류","오리","1396655","(K)우리아이 자른 건다시마(수협,200g/봉,국내산)11","[수협,I]어가예찬 절단다시마_200g/봉_국산_실온11"
"수산물","과일류","오리","1396656","(K)주먹밥용 새우와멸치(우리아이,140g/봉,국내산)","[K]주먹밥용 새우와멸치_140g/봉_국산_냉장"
"축산물","과일류","오리","1396657","(무항생제) 비타민D 깐메추리알_1kg_약100개_바른선_국내산_냉장","(무항생제) 비타민D 깐메추리알_1kg_약100개_바른선_국내산_냉장"
"농산물","과일류","오리","1396669","[임시]참나물","[임시]참나물"
"농산물","과일류","오리","1396670","[임시]콩나물","[임시]콩나물"
"가공식품","과일류","오리","1396694","[특별]라면사리","[특별]라면사리"
"농산물","과일류","오리","1396695","[특별]백미(무농약)/10kg","백미(무농약)/무농약/생것/나주산/10kg/봉지"
"농산물","과일류","오리","1396696","[특별]백미(유기농)/10kg","백미(유기농)/유기농/생것/나주산/10kg/봉지"
"가공식품","과일류","오리","1396697","[특별]불닭볶음면","[특별]불닭볶음면"
"가공식품","과일류","오리","1396698","[특별]아비삭라이스칩","아비삭라이스칩/유기농쌀과자90/사과농축액4.5%/국내산"
"가공식품","과일류","오리","1396699","[특별]우리밀라면(매운맛)","우리밀라면(매운맛)/소맥분(국내산)"
"가공식품","과일류","오리","1396700","[특별]우리밀라면(순한맛)","우리밀라면(순한맛)/소맥분(국내산)"
"가공식품","과일류","오리","1396701","[특별]우리밀백밀국수","우리밀 백밀국수/우리밀가루97.3%/국내산"
"가공식품","과일류","오리","1396702","[특별]우리밀참깨꼬소봉","우리밀참깨꼬소봉/우리밀60.65%/국내산"
"가공식품","과일류","오리","1396703","[특별]웰빙현미쌀과자","웰빙현미쌀과자/현미100%/국내산"
"축산물","과일류","오리","1396704","[특별]한우앞다리/소고기/(불고기)500g","소앞다리(한우/불고기)/냉장/1등급/소고기/일반/500g"
"농산물","과일류","오리","1396705","[특산물]콩나물","[특산물]콩나물"
"가공식품","과일류","오리","1396706","가다랑어포(50g)","가다랑어포(50g)/수입산/상온"
"가공식품","과일류","오리","1396707","가다랑어포(50g)신규","가다랑어포(50g)/수입산/상온/신규"
"가공식품","과일류","오리","1396708","가시복분자즙(100ml*20봉)","가시복분자즙(100ml*20봉)"
"수산물","과일류","오리","1396709","가쓰오부시","가쓰오부시"
"수산물","과일류","오리","1396710","가자미 (절단/가시○/미국산)","가자미/절단/가시○/haccp/40g~80g/주문단위1kg//미국산"
"농산물","과일류","오리","1396711","가지/ 150g이상/ 1개/ 국내산/ 냉장","가지/ 150g이상/ 1개/ 국내산/ 냉장"
"농산물","과일류","오리","1396712","가지/ 1kg/ 6~7개/ 국내산/ 냉장","가지/ 1kg/ 6~7개/ 국내산/ 냉장"
"농산물","과일류","감자","1396714","감자_일반단가1125","감자/일반/생것/제주산"
"가공식품","과일류","감자","1396715","감자라면_일반단가1125","감자전분/감자분말/국산/매운맛쇠고기분말(한우)/㈜새롬식품/110g"
"수산물","과일류","감자","1396716","건홍합/150g","홍합(국내산, 양식) 100%"
"가공식품","과일류","감자","1396717","검정깨볶음_가격심의대상1125","검정깨100% (국내산) /두레원"
"수산물","과일류","감자","1396718","고등어 (구이용/가시○/국내산)","고등어/구이용/가시○/40g~70g/haccp/주문단위100g국내산"
"수산물","과일류","감자","1396719","고등어 (조림용/가시○/국내산)","고등어/조림용/가시○/40g~70g/haccp/주문단위100g/국내산"
"수산물","과일류","감자","1396720","곱게깎은가다랑어/40g","가다랑어(인도네시아산) 100%"
"농산물","과일류","감자","1396721","공심채(대경)/유기농/200g","유기농공심채(대경)/유기농(국내산)"
"가공식품","과일류","감자","1396722","교자만두","교자만두/우리밀37.3%/국내산"
"가공식품","과일류","감자","1396723","교자만두_가격심의대상1125","교자만두/우리밀37.3%/국내산"
"가공식품","과일류","감자","1396724","구운김밥김_가격심의대상1125","구운김밥김/김/국내산"
"가공식품","과일류","감자","1396725","구운나쵸칩_가격심의대상1125","과자/무농약 옥수수/국내산/해바라기유(수입산)/㈜해오름식품/40g"
"축산물","과일류","감자","1396726","구운유정란/10구(35g*10)","구운유정란/10구/무항생제 계란 100%/"
"수산물","과일류","감자","1396727","국물멸치/300g","국물멸치(멸치: 국산, 천일염: 국산) 100%"
"농산물","과일류","감자","1396728","귤대체","귤대체/1kg"
"축산물","한우","한우(우둔)","1396729","한우(우둔)","한우의 한 부위로서 용도 및 기호에 맞게 조리 또는 가공 후 식용"
"축산물","과일류","감자","1396729","깐메추리알/270g","메추리알 99.5%, 정제수, 정제소금, 발효식초"
"축산물","과일류","감자","1396730","깐메추리알/270g(대체0311)","깐메추리알/270g(대체0311),정제수,정제소금"
"축산물","과일류","감자","1396731","깐메추리알/450g","메추리알 99.5%, 정제수, 정제소금, 발효식초"
"농산물","과일류","감자","1396732","깐밤 500G/국산","깐밤500G/국산"
"가공식품","과일류","감자","1396733","껌","껌_"
"가공식품","과일류","감자","1396734","꼬마우산/280ml","포도,감귤-정제수,프락토올리고당10%,유기농설탕8%,포도농축액(포도:국산)4%,우유(국산)4% 등"
"가공식품","과일류","감자","1396735","꿀대추차(병),1kg,초록원","꿀대추차(병),초록원_1kg_실온"
"가공식품","과일류","감자","1396736","꿀유자차(병),1kg,상온,꽃샘","꿀유자차(병),꽃샘_1kg_상온"
"가공식품","과일류","감자","1396737","나주배한과","나주배한과/찹쌀85%/쌀10%/국내산"
"수산물","과일류","감자","1396738","남해안 실미역(우리아이,300g/봉,국내산,실온)","남해안 실미역(우리아이,300g/봉,국내산,실온)"
"가공식품","과일류","감자","1396739","눈꽃딸기샤베트/80ml*1개","정제수,딸기시럽[딸기(국산)70%,프락토올리고당,백설탕,옥수수전분(국산),아미드팩틴]18%, 유기농설탕7.3%,프락토올리고당,우유(국산)6.5% 등"
"수산물","과일류","감자","1396740","다시마(우리아이, 200g,","[K]절단다시마_4*4cm절단,200g/봉_국산_실온"
"축산물","한우","한우(전각)","1396740","한우(전각)","한우의 한 부위로서 용도 및 기호에 맞게 조리 또는 가공 후 식용"
"농산물","과일류","감자","1396741","단감/ 1.1kg(220g*5개)/ 국내산/ 자주인증/ 냉장","단감/ 1.1kg(220g*5개)/ 국내산/ 자주인증/ 냉장"
"농산물","과일류","감자","1396742","단감/ 1kg(200g*5개)/ 국내산/ 자주인증/ 냉장","단감/ 1kg(200g*5개)/ 국내산/ 자주인증/ 냉장"
"가공식품","과일류","감자","1396743","단팥가득바/70ml*10개","자연드림팥앙금 40%,우유(국산),프락토올리고당,유크림,유기농설탕,구아검,정제수"
"축산물","과일류","닭고기","1396744","닭다리(장각)/무항생제/1kg(200g내외)","닭다리(장각)칼집/무항생제/1kg(200g내외)/냉장/국내산/튀김,죽용"
"축산물","과일류","닭고기","1396745","닭다리살(북채,칼집)/무항생제/1kg","닭다리살(북채,칼집)/무항생제/1kg/냉장/국내산/튀김용,죽용"
"축산물","과일류","닭고기","1396746","닭봉/무항생제/1kg(40~45g내외)","닭봉/무항생제/1kg(40~45g내외)/냉장/국내산/튀김,조림용"
"축산물","과일류","닭고기","1396747","닭윙/무항생제/1kg(30~35g내외)","닭윙/무항생제/1kg(30~35g내외)/냉장/국내산/튀김,조림용"
"축산물","과일류","닭고기","1396748","닭정육1(껍질제거)/무항생제/1kg(15g절단)","닭정육1(껍질제거)/무항생제/1kg(15g절단)/냉장/국내산/볶음,튀김용"
"축산물","과일류","닭고기","1396749","닭정육1(껍질제거)/무항생제/1kg(30g절단)","닭정육1(껍질제거)/무항생제/1kg(30g절단)/냉장/국내산/볶음,튀김용"
"축산물","과일류","닭고기","1396750","닭정육1(껍질제거,뼈제거)/무항생제/1kg(15g절단)","닭정육1(껍질제거,뼈제거)/무항생제/1kg(15g절단)/냉장/국내산/볶음,튀김용"
"축산물","과일류","닭고기","1396751","닭정육1(껍질제거,뼈제거)/무항생제/1kg(30g절단)","닭정육1(껍질제거,뼈제거)/무항생제/1kg(30g절단)/냉장/국내산/볶음,튀김용"
"축산물","과일류","닭고기","1396752","닭정육2(껍질있음)/무항생제/1kg(15g절단)","닭정육2(껍질있음)/무항생제/1kg(15g절단)/냉장/국내산/볶음,조림용"
"축산물","과일류","닭고기","1396753","닭정육2(껍질있음)/무항생제/1kg(30g절단)","닭정육2(껍질있음)/무항생제/1kg(30g절단)/냉장/국내산/볶음,조림용"
"축산물","과일류","닭고기","1396754","닭정육2(껍질있음,뼈제거)/무항생제/1kg(15g절단)","닭정육2(껍질있음,뼈제거)/무항생제/1kg(15g절단)/냉장/국내산/볶음,조림용"
"축산물","과일류","닭고기","1396755","닭정육2(껍질있음,뼈제거)/무항생제/1kg(30g절단)","닭정육2(껍질있음,뼈제거)/무항생제/1kg(30g절단)/냉장/국내산/볶음,조림용"
"수산물","과일류","닭고기","1396756","대구살(커틀렛용/가시제거율99%/러시아산)","대구살절단/커틀렛용/가시ⅹ/조각당35g~45g/주문단위100g/러시아산/ KD10209"
"수산물","과일류","닭고기","1396757","대구살(커틀렛용/가시제거율99%/러시아산)","대구살절단/커틀렛용/가시ⅹ/조각당25g~30g/주문단위100g/러시아산/ KD10208"
"축산물","과일류","닭고기","1396758","대란/무항생제/1등급","대란/무항생제/1등급/HACCP"
"수산물","과일류","닭고기","1396759","대체 가자미","대체 가자미"
"가공식품","과일류","닭고기","1396761","대체가자미","대체가자미"
"농산물","과일류","닭고기","1396762","대체버섯1","대체버섯1"
"가공식품","과일류","감자","1396766","대추차(액상,500g,삼화한양)오뚜기ㅇ","대추차(액상,오뚜기_500g_삼화한양_상온"
"농산물","과일류","감자","1396767","대추토마토(김영선)/유기농/500g","대추토마토(국산/유기)"
"농산물","과일류","감자","1396768","대추토마토(성림)/유기농/2kg","대추토마토(국산/유기)"
"수산물","과일류","감자","1396769","동태 (절단/가시○/수입산)","동태/절단/가시○/30G~80G/주문단위1kg//수입산"
"수산물","과일류","감자","1396770","동태포/400g","동태(러시아산) 100%"
"수산물","과일류","감자","1396771","두툼한아귀포/50g","아귀(국산)87.28%,유기농설탕9.8%,건표고버섯(국산),건새우(국산),건다시마(국산),천일염(국산)"
"축산물","한우","한우(안심)","1396772","한우(안심)","한우의 한 부위로서 용도 및 기호에 맞게 조리 또는 가공 후 식용"
"가공식품","과일류","감자","1396772","둥굴레차,60g(1.2g*50ea),실온,동서","둥굴레차,동서_60g(1.2g*50ea)_실온"
"가공식품","과일류","감자","1396773","둥글레차/1.2g*100T","둥글레차/1.2g*100T/동서"
"가공식품","과일류","감자","1396774","딸기머거바/80ml*10개","딸기서럽[딸기:국산23.5%,프락토올리고당,백설탕,전분,팩틴,로커스트콩검],유크림(국산),우유(국산),유기농설탕 등"
"가공식품","과일류","감자","1396775","리얼밀크바/63ml*8개","우유(국산)30%,정제수,생크림(국산)15%,유기농설탕7%,탈지분유(우유:국산),가당연유(국산),우리밀100%올리고당,난황 등"
"축산물","한우","한우(양지)","1396775","한우(양지)","한우의 한 부위로서 용도 및 기호에 맞게 조리 또는 가공 후 식용"
"가공식품","과일류","감자","1396776","리얼밀크초콜릿바/63ml*8개","우유(국산)27.5%,정제수,생크림(국산)13.75%,유기농설탕6.42%,탈지분유(우유:국산),가당연유(국산),자연드림초콜릿 등"
"가공식품","과일류","감자","1396777","리얼밀크초콜릿바/대체","대체처리"
"가공식품","과일류","감자","1396778","맑은지리산수/500ml","지하암반수"
"수산물","과일류","감자","1396779","매운멸치다시팩/150g","멸치(멸치: 국산, 천일염: 국산) 62.5%, 다시마(국산) 25%, 청양고추(국산) 12.5%"
"가공식품","과일류","감자","1396781","모과차(액상,1kg,삼화한양)오뚜기","모과차(액상,오뚜기_1kg_삼화한양_상온"
"가공식품","과일류","감자","1396782","모과차/대체","대체처리"
"축산물","과일류","감자","1396783","목초란(특란)/10구","목초란(특란)/10구(60~68g)/1등급란/목초 및 엽산사료급이/국내산"
"농산물","과일류","감자","1396784","무농약채소샐러드(맑은샘)/150g","무농약채소샐러드(맑은샘)/150g"
"축산물","과일류","감자","1396785","무항생제 동물복지 유정란D/10구(판)","유정란D/10구(판)/무항생제/동물복지/국내산"
"축산물","과일류","감자","1396786","무항생제+Non-GMO콩으로키운 유정란/10구(52g*10)","무항생제+Non-GMO콩으로키운 유정란/10구/무항생제/국내산"
"농산물","과일류","감자","1396788","배추 3KG내외/국산","배추 3KG내외/국산"
"농산물","과일류","감자","1396789","배추/국산","배추/국산"
"농산물","과일류","감자","1396790","백미(무농약)/10kg","백미(무농약)/무농약/생것/나주산/10kg/봉지"
"농산물","과일류","감자","1396791","백미(무농약)/20kg","백미(무농약)/무농약/생것/나주산/20kg/봉지"
"농산물","과일류","감자","1396792","백미(유기농)/10kg","백미(유기농)/유기농/생것/나주산/10kg/봉지"
"농산물","과일류","감자","1396793","백미(유기농)/20kg","백미(유기농)/유기농/생것/나주산/20kg/봉지"
"농산물","과일류","감자","1396794","백미/유","백미/유/전남산/20kg"
"농산물","과일류","감자","1396795","백미/유","백미/유/전남산/10kg"
"가공식품","과일류","감자","1396796","버터쿠키(애덕의집)","버터쿠키 / 180g / 우리밀 / 상온"
"가공식품","과일류","감자","1396797","베이컨/ 150g/ 국내산원재료사용/ 냉동","베이컨/ 150g/ 국내산원재료사용/ 냉동"
"축산물","한우","한우(채끝)","1396798","한우(채끝)","한우의 한 부위로서 용도 및 기호에 맞게 조리 또는 가공 후 식용"
"가공식품","과일류","감자","1396798","보리국수(용기면)","보리국수(용기면)/92g/국내산/상온"
"가공식품","과일류","감자","1396799","복음자리 모과차,620g,상온","모과차,복음자리_620g_상온"
"가공식품","과일류","감자","1396800","복음자리 유자차,620g,상온","유자차,복음자리_620g_상온"
"수산물","과일류","감자","1396801","볶음멸치/150g","볶음멸치(멸치: 국내 남해산, 천일염: 국내산) 100%"
"가공식품","과일류","감자","1396802","봉밀유자차(병),다정_1kg","봉밀유자차(병),다정_1kg상온"
"가공식품","과일류","감자","1396803","봉밀유자차(병),다정_2kg","봉밀유자차(병),다정_2kg상온"
"농산물","과일류","감자","1396804","블루베리","블루베리"
"농산물","과일류","감자","1396805","사과/ 국내산/ 1kg/ 8개 전후/ 홍로 외 중생종","사과/ 국내산/ 1kg/ 8개 전후/ 홍로 외 중생종"
"수산물","과일류","감자","1396806","삼치살(가시ⅹ/가시제거율99%/국내산)","삼치살/절단/가시ⅹ/가시제거율99%/80g~90g/주문단위100g/국내산/ KD10074"
"수산물","과일류","감자","1396807","삼치살(가시ⅹ/가시제거율99%/국내산)","삼치살/절단/가시ⅹ/가시제거율99%/60g~70g/주문단위100g/국내산/ KD10073"
"수산물","과일류","감자","1396808","삼치살(가시ⅹ/가시제거율99%/국내산)","삼치살/절단/가시ⅹ/가시제거율99%/40g~50g/주문단위100g/국내산/ KD10072"
"농산물","과일류","감자","1396809","새로운거","새로운거"
"농산물","과일류","감자","1396810","세척통연근(태을)/400g","유기농/2019년산 통연근/국내산"
"가공식품","과일류","감자","1396811","스노우화이트/120ml*1개","정제수,유크림(국산)16.43%,우유(국산)10.1%,유기농설탕 9.54%,탈지분유(국산),난황,로스트콩검우유,계란 등"
"가공식품","과일류","감자","1396812","스파게티소스","스파게티소스*480g/국내산/상온"
"농산물","과일류","감자","1396814","시금치/지자체인증","시금치/지자체인증"
"가공식품","과일류","감자","1396817","식수용둥굴레차(4g*18입),동서","식수용둥굴레차,동서_4g*18입_상온"
"농산물","과일류","감자","1396818","신선초(자연애)/즙용/유기농/500g","신선초(국산/유기농)"
"수산물","과일류","감자","1396819","실속국물멸치/300g","국물멸치(멸치: 국산, 천일염: 국산) 100%"
"수산물","과일류","감자","1396820","실치포(뱅어포)/60g(5매)","실치포(국산) 100%"
"가공식품","과일류","감자","1396821","쌀강정","쌀강정/쌀92%/국내산"
"농산물","과일류","감자","1396822","쌀쌀한쌀","쌀쌀한쌀"
"농산물","과일류","감자","1396823","쌈모음(맑은샘)/유기농/200g","유기농쌈모음(맑은샘)/유기농(국내산)떡잎까지 진짜"
"농산물","과일류","감자","1396824","쌈모음(맑은샘)/유기농/200g/test","유기농쌈모음(맑은샘)/유기농(국내산)떡잎까지 진짜"
"농산물","과일류","감자","1396825","쌈케일(맑은샘)/유기농/150g","유기농쌈케일(맑은샘)/유기농(국내산)떡잎까지 진짜"
"가공식품","과일류","감자","1396826","아비삭라이스칩","아비삭라이스칩/유기농쌀과자90/사과농축액4.5%/국내산"
"농산물","과일류","감자","1396828","아사이베리/대체(임시)상품","아사이베리/대체(임시)상품-식품설명등록"
"농산물","과일류","감자","1396830","양파/유기농","양파/유기농/전남산/kg"
"농산물","과일류","감자","1396831","양파/유기농/대체","대체처리"
"농산물","과일류","감자","1396832","어린얼갈이(대경)/유기농/300g","유기농베이비얼갈이(대경친환경)/유기농(국내산)"
"가공식품","과일류","감자","1396833","얼음속세귤한쪽/130ml*10개","정제수,감귤즙[배합함량 감귤(국산) 100%]25%,프락토올리고당,유기농설탕9.5%,우유(국산)4%,비타민c,구아검,우유 등"
"축산물","과일류","닭고기","1396899","한우앞다리/소고기/(다짐)500g","소앞다리(한우/다짐)/냉장/1등급/소고기/일반/500g"
"가공식품","과일류","감자","1396834","얼음속에사과한쪽/130ml*10개","정제수,사과즙[배합함량 사과(국산)99%,비타민c]25%,프락토올리고당,유기농설탕8.5%,발효유(우유:국산)4% 등"
"축산물","과일류","오리","1396835","오리슬라이스/무항생제/주물럭,구이용/냉장","오리슬라이스/무항생제/냉장/국내산/주물럭,구이용"
"축산물","과일류","오리","1396836","오리절단(선별)/무항생제/탕,강정용/냉장","오리절단(선별)/무항생제/냉장/국내산/탕,강정용"
"축산물","과일류","오리","1396837","오리절단/무항생제/탕용/냉장","오리절단/무항생제/냉장/국내산/탕용"
"축산물","과일류","오리","1396838","오리훈제슬라이스(쵸핑)/무항생제/볶음밥용/냉장","오리훈제슬라이스(쵸핑)/무항생제/냉장/국내산/볶음밥용"
"축산물","과일류","오리","1396839","오리훈제슬라이스/무항생제/구이용/냉장","오리훈제슬라이스/무항생제/냉장/국내산/구이용"
"농산물","과일류","오리","1396840","오이","오이/오이"
"가공식품","과일류","오리","1396842","우리밀라면(매운맛)","우리밀라면(매운맛)/소맥분(국내산)"
"가공식품","과일류","오리","1396843","우리밀라면(순한맛)","우리밀라면(순한맛)/소맥분(국내산)"
"가공식품","과일류","오리","1396844","우리밀백밀국수","우리밀 백밀국수/우리밀가루97.3%/국내산"
"가공식품","과일류","오리","1396845","우리쌀냉식혜/100ml(컵)","우리쌀냉식혜/100ml(컵)/유기농설탕7.4%,무농약우리쌀(충북오창)2.5%,국내산엿기름,"
"가공식품","과일류","오리","1396846","우엉차(티백),18g(1.2g*15개입),상온,혜민","우엉차(티백),혜민_18g(1.2g*15개입)_상온"
"가공식품","과일류","오리","1396847","웰빙현미쌀과자","웰빙현미쌀과자/현미100%/국내산"
"농산물","과일류","오리","1396848","유기농가시오이(팔공)/2개","유기농/국내산"
"농산물","과일류","오리","1396849","유기농가시오이(팔공)/2개","유기농가시오이(팔공)/2개/국내산"
"농산물","과일류","오리","1396850","유기농건곤드레(아이쿱농산)/50g","2019년산 유기농 건곤드레나물/국내산"
"농산물","과일류","오리","1396851","유기농근대(대구)/150g","유기농근대(대구)/150g/국내산"
"농산물","과일류","오리","1396852","유기농단호박깍두기(천지)/300g","유기농단호박깍두기(천지)/300g/7월 수확하여 후숙한 블랙단호박/국내산"
"농산물","과일류","오리","1396853","유기농단호박슬라이스(천지)/죽용/300g","유기농단호박슬라이스(천지)/죽용/300g/11월에 수확하여 후숙한 단호박/국내산"
"농산물","과일류","오리","1396854","유기농딸기(논산)/500g","유기농딸기(논산)/500g/국내산"
"농산물","과일류","오리","1396855","유기농쌈모음(맑은샘)/200g","구성상품:상추,케？,치커리류,생채,로메인,비트,엔디브,프라스타,비타민,샐러리 등으로 구성되며 계절별 최소5종의 상품을 혼합하여 구성"
"농산물","과일류","오리","1396856","유기농아욱(대구)/150g","유기농아욱(대구)/150g/국내산"
"농산물","과일류","오리","1396857","유기농아이스블루베리(평택)/500g","2019년산 블루베리/국내산"
"농산물","과일류","오리","1396858","유기농연근채(태을)/300g","유기농연근채(태을)/300g/2019년 햇연근/국내산"
"농산물","과일류","오리","1396859","유기농오이(상주)/2개","유기농오이(상주)/2개/국내산"
"농산물","과일류","오리","1396860","유기농오이(상주)/2개","유기농/국내산"
"농산물","과일류","오리","1396861","유기농청상추(푸른이치)/150g","유기농청상추(푸른이치)/150g/국내산"
"농산물","과일류","오리","1396862","유기농청상추(푸른이치)/150g","유기농/국내산"
"농산물","과일류","오리","1396863","유기농키위(마산)/1kg","유기농키위(마산)/1kg/국내산"
"농산물","과일류","오리","1396864","유기농키위(마산)/3kg","유기농키위(마산)/3kg/국내산"
"가공식품","과일류","오리","1396865","유자차(분말,1kg,삼화한양)오뚜기","유자차(분말,오뚜기_1kg_삼화한양_상온"
"축산물","과일류","오리","1396866","유정란/친환경","유정란/친환경/전남산/10구*2"
"농산물","과일류","오리","1396867","유채(하루나)/ 1kg/ 국산","유채(하루나)/ 1kg/ 국산"
"축산물","과일류","오리","1396868","이슬청정란/무항생제","이슬청정란/무항생제/전남산/1.8kg(30구)"
"농산물","과일류","오리","1396869","인삼","인삼"
"농산물","과일류","오리","1396870","인삼","인삼"
"수산물","과일류","감자","1396875","잔멸치/150g","지리멸치(멸치: 국산, 천일염: 국산) 100%"
"가공식품","과일류","감자","1396878","쥬스- 감귤100ml","감귤주스_100ml_바른선_어린이기호인증_냉장"
"가공식품","과일류","감자","1396879","쥬스- 오미자에이드 100ml","오미자에이드_100ml_바른선_냉장"
"가공식품","과일류","감자","1396880","쥬스- 캐플 100ml","캐플주스_100ml_바른선_어린이기호인증_냉장"
"농산물","과일류","감자","1396881","찰흑미/무농약/500g.","찰흑미/무농약/500g/전북산"
"농산물","과일류","감자","1396882","청오이(오이)/친환경/주문단위 300g이상","오이/청오이/친환경/개당 140g내외/300이상주문가능/kg당 5~7개"
"가공식품","과일류","감자","1396883","초코아이콘아이스크림/160ml*6개","정제수,생크림(우유:국산)20.77%,자연드림콘과자(우리밀)63.83%,유기농설탕 31.91%,유기팜유(콜롬비아산)2.13% 등"
"가공식품","과일류","감자","1396884","쵸코가득바/70ml*10개","우유(국산)40%,유기농설탕14%,유크림(국산),코버투라다크초콜릿58%(콜롬비아산),카카오버터(콜롬비아산)15%,설탕,레시틴(대두) 등"
"축산물","과일류","닭고기","1396893","토종닭(백숙용/non)/1.2kg/마리","토종닭(백숙용/non)/1.2kg/무항생제축산물/non-GMO/국내산"
"축산물","과일류","닭고기","1396894","통닭/무항생제/껍질제거/포장중량1kg","통닭/무항생제/껍질제거/포장중량1kg/냉장/국내산"
"축산물","과일류","닭고기","1396895","통닭/무항생제/포장중량1kg","통닭/무항생제/중량1kg/냉장/국내산"
"가공식품","과일류","닭고기","1396896","파인애플청량바/65ml*10개","정제수,프락토올리고당10%,유기농설탕8.57%,파인애플농축액(파인애플:태국산)6.71%,[고형분함량 60%],우유(국산)92%,천연향료 등"
"축산물","과일류","닭고기","1396897","한우앞다리(국거리)500g","소앞다리(한우/국거리)/냉장/1등급/소고기/일반/500g"
"축산물","과일류","닭고기","1396898","한우앞다리/소고기/(국거리)500g","소앞다리(한우/국거리)/냉장/1등급/소고기/일반/500g"
"축산물","과일류","닭고기","1396900","한우앞다리/소고기/(덩어리)500g","소앞다리(한우/덩어리)/냉장/1등급/소고기/일반/500g"
"축산물","과일류","닭고기","1396901","한우앞다리/소고기/(불고기)500g","소앞다리(한우/불고기)/냉장/1등급/소고기/일반/500g"
"가공식품","과일류","닭고기","1396903","홍삼/지자체인증","홍삼/지자체인증"
"농산물","과일류","닭고기","1396904","흑미/1kg","흑미/무농약이상/국내산/1kg"
"축산물","돈육","돈육(사태)","1396915","돈육(사태)","돈육의 한 부위로서 용도 및 기호에 맞게 조리 또는 가공 후 식용"
"농산물","과일류","감귤","1396935","비가림감귤,83-106g/개(105내/10k)","가격은 1kg당이며, 발주는 0.1kg단위로 가능함/비가림감귤,63-82g/개(105내/10k)"
"가공식품","농산물가공식품","두부","1396955","두부","1모당 가격 / 국산모두부 300g"
"농산물","서류","호박고구마","1396976","고구마(50-70g)","가격은 1kg당이며, 발주는 0.1kg단위로 가능함/고구마(50~80g)"
"농산물","과일류","블루베리","1397015","블루베리","발주는 0.3kg단위로 가능함"
"농산물","견과류","밤","1397035","밤","발주는 0.3kg단위로 가능함"
"농산물","양곡부류","기능성찹쌀","1397055","클로렐라찹쌀","가격은 1kg당이며, 발주는 1kg단위로 가능함"
"축산물","돈육","돈육(등심)","1397058","돈육(등심)","돈육의 한 부위로서 용도 및 기호에 맞게 조리 또는 가공 후 식용"
"농산물","양곡부류","기능성잡곡","1397061","기장","가격은 1kg당이며, 발주는 1kg단위로 가능함 / 기장칼슘"
"농산물","양곡부류","기능성찹쌀","1397062","칼슘찹쌀","가격은 1kg당이며, 발주는 1kg단위로 가능함"
"농산물","양곡부류","귀리","1397064","귀리","가격은 1kg당이며, 발주는 1kg단위로 가능함"
"농산물","양곡부류","기능성쌀","1397066","기능성쌀","가격은 1kg당이며, 발주는 1kg단위로 가능함 / 블루베리라이스"
"축산물","돈육","돈육(목심)","1397067","돈육(목심)","돈육의 한 부위로서 용도 및 기호에 맞게 조리 또는 가공 후 식용"
"축산물","돈육","돈육(사태)","1397079","돈육(사태)","돈육의 한 부위로서 용도 및 기호에 맞게 조리 또는 가공 후 식용"
"축산물","돈육","돈육(삼겹)","1397085","돈육(삽겹)","돈육의 한 부위로서 용도 및 기호에 맞게 조리 또는 가공 후 식용"
"축산물","돈육","돈육(전지)","1397094","돈육(전지)","돈육의 한 부위로서 용도 및 기호에 맞게 조리 또는 가공 후 식용"
"농산물","양곡부류","백미","1397095","백미","발주는10kg단위로가능함/일반미(강대찬)/GAP인증(담양)"
"축산물","돈육","돈육(후지)","1397106","돈육(후지)","돈육의 한 부위로서 용도 및 기호에 맞게 조리 또는 가공 후 식용"
"농산물","양곡부류","흑미","1397118","흑미","가격은1kg당이며,발주는1kg단위로가능함/일반농산물"
"축산물","돈육","돈육(삼겹)","1397119","돈육(삼겹)","돈육(냉장) 삼겹"
"농산물","양곡부류","동부콩","1397135","동부콩","가격은1kg당이며,발주는1kg단위로가능함/동부콩"
"가공식품","농산물가공식품","참기름","1397136","참기름","참깨100%"
"가공식품","농산물가공식품","참깨","1397137","참깨","참깨100%"
"가공식품","농산물가공식품","도토리묵","1397138","도토리묵","도토리묵"
"가공식품","농산물가공식품","녹두묵","1397139","녹두묵","녹두묵"
"가공식품","농산물가공식품","잣","1397155","잣","국내산 피잣을 까서 건조하여 깨끗하게 선별한 제품"
"가공식품","농산물가공식품","고춧잎","1397156","고춧잎","고춧잎"
"축산물","한우","한우(양지)","1397160","한우(양지)","돈육의 한 부위로서 용도 및 기호에 맞게 조리 또는 가공 후 식용"
"축산물","한우","한우(우둔)","1397161","한우(우둔)","돈육의 한 부위로서 용도 및 기호에 맞게 조리 또는 가공 후 식용"
"축산물","돈육","돈육(등갈비)","1397185","돈육(등갈비)","육우의 한 부위로서 용도 및 기호에 맞게 조리 또는 가공 후 식용"
"농산물","과일류","오렌지(수입)","1397195","오렌지(수입)","오렌지(수입)"
"농산물","버섯류","느타리버섯","1397196","느타리버섯","가격은 1kg당이며, 발주는 0.1kg단위로 가능함/0.3k 이상 발주 가능"
"수산물","건어물","멸치","1397197","멸치","가격은 1kg당이며, 발주는 0.1kg단위로 가능함 / 멸치 잔멸치(짜지않은지리멸치)"
"가공식품","농산물가공식품","살구가공품","1397215","살구가공품","살구가공품"
"축산물","한우","한우(전각)","1397227","한우(전각)","돈육의 한 부위로서 용도 및 기호에 맞게 조리 또는 가공 후 식용"
"축산물","돈육","돈육(갈비)","1397235","돈육(갈비)","한우의 한 부위로서 용도 및 기호에 맞게 조리 또는 가공 후 식용"
"농산물","과일류","블루베리","1397236","블루베리","발주는 0.1kg단위로 가능함"
"농산물","과일류","블루베리","1397237","블루베리","발주는 1kg단위로 가능함"
"축산물","한우","한우(잡뼈)","1397238","한우(잡뼈)","한우의 한 부위로서 용도 및 기호에 맞게 조리 또는 가공 후 식용"
"축산물","한우","한우(사골)","1397240","한우(사골)","한우의 한 부위로서 용도 및 기호에 맞게 조리 또는 가공 후 식용"
"축산물","한우","한우(꼬리)","1397242","한우(꼬리)","돈육의 한 부위로서 용도 및 기호에 맞게 조리 또는 가공 후 식용"
"농산물","과일류","블루베리","1397255","블루베리","발주는 0.5kg단위로 가능함"
"축산물","가금류","닭고기","1397256","닭고기(훈제)","닭고기/다리살훈제슬라이스/하림/구이용/조각당 7mm/1kg"
"농산물","양곡부류","쌀보리","1397275","쌀보리","가격은 10kg당이며, 발주는 10kg단위로 가능함 / 쌀보리"
"농산물","과일과채류","딸기","1397290","딸기(16-25개/500g)","가격은 1kg당이며, 발주는 0.1kg단위로 가능함 / 500g 팩단위 공급, 최소발주 0.5kg(500g)"
"농산물","과일과채류","딸기","1397291","딸기(25-30개/500g) ","가격은 1kg당이며, 발주는 0.1kg단위로 가능함/500g 팩단위 공급, 최소발주 0.5kg(500g)"
"농산물","과일과채류","방울토마토","1397292","(대추)방울토마토(샐러드)","가격은 1kg당이며, 발주는 0.1kg단위로 가능함/신선한 샐러드에 사용할 수 있는 작은 방울토마토"
"농산물","과일과채류","방울토마토","1397294","대추방울토마토(10~20g)","가격은 1kg당이며, 발주는 0.1kg단위로 가능함/대추방울토마토(10~20g)"
"농산물","조미채소류","양파","1397477","양파(깐것)","가격은 1kg당이며, 발주는 0.1kg단위로 가능함/양파(깐것)"
"농산물","과일과채류","방울토마토","1397295","대추방울토마토(10~20g)","가격은 1kg당이며, 발주는 0.1kg단위로 가능함/당도가 좋은 대추방울토마토"
"농산물","과일과채류","방울토마토","1397296","대추방울토마토(20~30g)","가격은 1kg당이며, 발주는 0.1kg단위로 가능함/대추방울토마토(20~30g)"
"농산물","과일과채류","방울토마토","1397297","대추방울토마토(20~30g)","가격은 1kg당이며, 발주는 0.1kg단위로 가능함/당도가 좋은 대추방울토마토"
"농산물","과일과채류","방울토마토","1397298","방울토마토(배식용)","가격은 1kg당이며, 발주는 0.1kg단위로 가능함/원형방울토마토"
"농산물","과일과채류","방울토마토","1397299","방울토마토(배식용)","가격은 1kg당이며, 발주는 0.1kg단위로 가능함/원형방울토마토"
"농산물","과일과채류","수박","1397300","수박(5kg/개) ","가격은 1kg당이며, 발주는 0.1kg단위로 가능함/통 단위로 주문 가능"
"농산물","과일과채류","토마토","1397301","완숙토마토(100~150g)","가격은 1kg당이며, 발주는 0.1kg단위로 가능함/빨갛게 익은 신선하고 건강한 토마토"
"농산물","과일과채류","토마토","1397302","완숙토마토(100~150g)","가격은 1kg당이며, 발주는 0.1kg단위로 가능함/빨갛게 익은 신선하고 건강한 토마토"
"농산물","과일과채류","토마토","1397303","완숙토마토(소스용)","가격은 1kg당이며, 발주는 0.1kg단위로 가능함/규격기준 없이 공급하는 소스용 토마토"
"농산물","과일과채류","토마토","1397304","완숙토마토(소스용)","가격은 1kg당이며, 발주는 0.1kg단위로 가능함/규격기준 없이 공급하는 소스용 토마토"
"농산물","과일과채류","토마토","1397305","완숙토마토,200g/개","가격은 1kg당이며, 발주는 0.1kg단위로 가능함/빨갛게 익은 신선하고 건강한 토마토"
"농산물","과일과채류","토마토","1397306","완숙토마토,200g/개","가격은 1kg당이며, 발주는 0.1kg단위로 가능함/빨갛게 익은 신선하고 건강한 토마토"
"농산물","과일류","감귤","1397307","비가림감귤,107-123g/개(87내/10k)","가격은 1kg당이며, 발주는 0.1kg단위로 가능함/비가림감귤,107-123g/개(87내/10k)"
"농산물","과일류","감귤","1397308","비가림감귤,53-62g/개(172내/10k)","가격은 1kg당이며, 발주는 0.1kg단위로 가능함/비가림감귤,53-62g/개(172내/10k)"
"농산물","과일류","감귤","1397309","비가림감귤,63-82g/개(140내/10k)","가격은 1kg당이며, 발주는 0.1kg단위로 가능함/비가림감귤,63-82g/개(140내/10k)"
"농산물","과일류","레몬","1397310","레몬","가격은 1kg당이며, 발주는 0.1kg단위로 가능함/레몬"
"농산물","과일류","레몬","1397311","레몬","가격은 1kg당이며, 발주는 0.1kg단위로 가능함/레몬"
"농산물","과일류","배","1397312","배(18-23개)","가격은 1kg당이며, 발주는 0.1kg단위로 가능함/아삭아삭하고 달달한 청량감을 즐길 수 있습니다"
"농산물","과일류","배","1397313","배(18-23개)","가격은 1kg당이며, 발주는 0.1kg단위로 가능함/아삭아삭하고 달달한 청량감을 즐길 수 있습니다"
"농산물","과일류","배","1397314","배(18-23개)","가격은 1kg당이며, 발주는 0.1kg단위로 가능함/달콤하고 과즙이 풍부여 시원한 맛을 자랑하며 사각사각한 식감을 즐길 수 있습니다."
"농산물","과일류","배","1397315","배(18-23개)","가격은 1kg당이며, 발주는 0.1kg단위로 가능함/과즙이 풍부하고 달콤 시원한 유기농 배"
"농산물","과일류","배","1397316","배(24-28개)","가격은 1kg당이며, 발주는 0.1kg단위로 가능함/아삭아삭하고 달달한 청량감을 즐길 수 있습니다"
"농산물","과일류","배","1397317","배(24-28개)","가격은 1kg당이며, 발주는 0.1kg단위로 가능함/아삭아삭하고 달달한 청량감을 즐길 수 있습니다"
"농산물","과일류","배","1397318","배(24-28개)","가격은 1kg당이며, 발주는 0.1kg단위로 가능함/달콤하고 과즙이 풍부여 시원한 맛을 자랑하며 사각사각한 식감을 즐길 수 있습니다."
"농산물","과일류","배","1397319","배(24-28개)","가격은 1kg당이며, 발주는 0.1kg단위로 가능함/과즙이 풍부하고 달콤 시원한 유기농 배"
"농산물","과일류","배","1397320","배(29-34개)","가격은 1kg당이며, 발주는 0.1kg단위로 가능함/아삭아삭하고 달달한 청량감을 즐길 수 있습니다"
"농산물","과일류","배","1397321","배(29-34개)","가격은 1kg당이며, 발주는 0.1kg단위로 가능함/아삭아삭하고 달달한 청량감을 즐길 수 있습니다"
"농산물","과일류","배","1397322","배(29-34개)","가격은 1kg당이며, 발주는 0.1kg단위로 가능함/달콤하고 과즙이 풍부여 시원한 맛을 자랑하며 사각사각한 식감을 즐길 수 있습니다."
"농산물","과일류","배","1397323","배(29-34개)","가격은 1kg당이며, 발주는 0.1kg단위로 가능함/과즙이 풍부하고 달콤 시원한 유기농 배"
"농산물","과일류","배","1397324","배(35-40개)","가격은 1kg당이며, 발주는 0.1kg단위로 가능함/아삭아삭하고 달달한 청량감을 즐길 수 있습니다"
"농산물","과일류","배","1397325","배(35-40개)","가격은 1kg당이며, 발주는 0.1kg단위로 가능함/아삭아삭하고 달달한 청량감을 즐길 수 있습니다"
"농산물","과일류","배","1397326","배(35-40개)","가격은 1kg당이며, 발주는 0.1kg단위로 가능함/달콤하고 과즙이 풍부여 시원한 맛을 자랑하며 사각사각한 식감을 즐길 수 있습니다."
"농산물","과일류","배","1397327","배(35-40개)","가격은 1kg당이며, 발주는 0.1kg단위로 가능함/과즙이 풍부하고 달콧 시원한 유기농 배"
"농산물","과일류","배","1397328","배(소스용)","가격은 1kg당이며, 발주는 0.1kg단위로 가능함/아삭아삭하고 달달한 청량감을 즐길 수 있습니다"
"농산물","과일류","배","1397329","배(소스용)","가격은 1kg당이며, 발주는 0.1kg단위로 가능함/아삭아삭하고 달달한 청량감을 즐길 수 있습니다"
"농산물","과일류","배","1397330","배(소스용)","가격은 1kg당이며, 발주는 0.1kg단위로 가능함/달콤하고 과즙이 풍부여 시원한 맛을 자랑하며 사각사각한 식감을 즐길 수 있습니다."
"농산물","과일류","배","1397331","배(소스용)","가격은 1kg당이며, 발주는 0.1kg단위로 가능함/달콤한 맛이 필요한 요리에 갈아서 사용"
"농산물","과일류","오렌지","1397332","레드향(탄금향) 200g/개","가격은 1kg당이며, 발주는 0.1kg단위로 가능함/레드향(탄금향) 200g/개"
"농산물","과일류","오렌지","1397333","레드향(탄금향) 250g/개","가격은 1kg당이며, 발주는 0.1kg단위로 가능함/레드향(탄금향) 250g/개"
"농산물","과일류","오렌지","1397334","레드향(탄금향) 300g/개","가격은 1kg당이며, 발주는 0.1kg단위로 가능함/레드향(탄금향) 300g/개"
"농산물","과채류","가지","1397335","가지","가격은 1kg당이며, 발주는 0.1kg단위로 가능함/반채소가 가진 미네랄 영양소를 함유"
"농산물","과채류","애호박","1397337","애호박/(비닐제거)","가격은 1kg당이며, 발주는 0.1kg단위로 가능함/섬유소와 비타민,미네랄을 풍부하게 함유됨"
"농산물","과채류","애호박","1397338","애호박/인큐","가격은 1kg당이며, 발주는 0.1kg단위로 가능함/섬유소와 비타민,미네랄을 풍부하게 함유됨"
"농산물","과채류","오이","1397339","백오이","가격은 1kg당이며, 발주는 0.1kg단위로 가능함/백침(오이 표면 가시 색상)계열의 백오이 생산 공급"
"농산물","근채류","당근","1397340","깐당근","가격은 1kg당이며, 발주는 0.1kg단위로 가능함/깐당근"
"농산물","근채류","당근","1397341","깐당근","가격은 1kg당이며, 발주는 0.1kg단위로 가능함/베타카로틴？성분이？풍부해서？면역력을？높여줌"
"농산물","근채류","당근","1397342","당근(흙)","가격은 1kg당이며, 발주는 0.1kg단위로 가능함/베타카로틴？성분이？풍부해서？면역력을？높여줌"
"농산물","근채류","당근","1397343","당근(흙)","가격은 1kg당이며, 발주는 1kg단위로 가능함/깐당근"
"농산물","근채류","당근","1397344","세척당근","가격은 1kg당이며, 발주는 0.1kg단위로 가능함/베타카로틴？성분이？풍부해서？면역력을？높여줌"
"농산물","근채류","당근","1397345","세척당근","가격은 1kg당이며, 발주는 1kg단위로 가능함/깐당근"
"농산물","근채류","무","1397346","깐무","가격은 1kg당이며, 발주는 0.1kg단위로 가능함/깐무"
"농산물","근채류","무","1397347","깐무","가격은 1kg당이며, 발주는 0.1kg단위로 가능함/깐무"
"농산물","근채류","무","1397348","무(흙)","가격은 1kg당이며, 발주는 0.1kg단위로 가능함/무(흙)"
"농산물","근채류","무","1397349","무(흙)","가격은 1kg당이며, 발주는 0.1kg단위로 가능함/무(흙)"
"농산물","근채류","무","1397350","세척무","가격은 1kg당이며, 발주는 0.1kg단위로 가능함/세척무"
"농산물","근채류","무","1397351","세척무","가격은 1kg당이며, 발주는 0.1kg단위로 가능함/세척무"
"농산물","근채류","연근","1397352","깐통연근","가격은 1kg당이며, 발주는 0.1kg단위로 가능함/단위 절단 세척 후 탈피된 연근을 공급"
"농산물","근채류","연근","1397353","연근/슬라이스","가격은 1kg당이며, 발주는 0.1kg단위로 가능함/부각용 2mm, 튀김용 5mm, 조림용 8mm "
"농산물","근채류","연근","1397354","연근/채","가격은 1kg당이며, 발주는 0.1kg단위로 가능함/연근의 세척 탈피 후 채절단 하여 공급"
"농산물","근채류","연근","1397355","연근/튀김용","가격은 1kg당이며, 발주는 0.1kg단위로 가능함/부각용 2mm, 튀김용 5mm, 조림용 8mm "
"농산물","근채류","연근","1397356","피연근","가격은 1kg당이며, 발주는 0.1kg단위로 가능함/흙연근 혹은 품위확인을 위한 세척 후 연근이 공급될 수 있음"
"농산물","기타채소","고사리","1397357","고사리(건데친)","가격은 1kg당이며, 발주는 0.1kg단위로 가능함/고사리(건데친)"
"농산물","기타채소","무말랭이","1397358","무말랭이","가격은 1kg당이며, 발주는 0.1kg단위로 가능함/무 장아찌 및 만두소 등 다양한 재료로 활용됩니다."
"농산물","버섯류","건표고가공품","1397360","건표고 슬라이스","가격은 1kg당이며, 발주는 0.1kg단위로 가능함/생표고버섯보다 더 깊은 향과 맛"
"농산물","버섯류","건표고가공품","1397361","건표고(쵸핑)","가격은 1kg당이며, 발주는 0.1kg단위로 가능함/생표고버섯보다 더 깊은 향과 맛"
"농산물","버섯류","건표고가공품","1397362","건표고버섯","가격은 1kg당이며, 발주는 0.1kg단위로 가능함/생표고버섯보다 더 깊은 향과 맛"
"농산물","버섯류","느타리버섯","1397363","느타리버섯","가격은 1kg당이며, 발주는 0.1kg단위로 가능함/연약한 몸체로 갓의 깨짐이 있을 수 있음"
"농산물","버섯류","느타리버섯","1397364","느타리버섯","가격은 1kg당이며, 발주는 0.1kg단위로 가능함/연약한 몸체로 갓의 깨짐이 있을 수 있음"
"농산물","버섯류","만가닥버섯","1397365","만가닥버섯","가격은 1kg당이며, 발주는 0.1kg단위로 가능함/150g단위의 포장, 최소주문 0.15kg(150g)"
"농산물","버섯류","새송이버섯","1397366","볶음새송이","가격은 1kg당이며, 발주는 0.1kg단위로 가능함/쫄깃하고 탄력 있는 식감"
"농산물","버섯류","새송이버섯","1397367","볶음새송이","가격은 1kg당이며, 발주는 0.1kg단위로 가능함/소량발주의 경우 방담비닐(버섯 전용 비닐)에 포장 공급"
"농산물","버섯류","새송이버섯","1397368","새송이버섯","가격은 1kg당이며, 발주는 0.1kg단위로 가능함/쫄깃하고 탄력 있는 식감"
"농산물","버섯류","새송이버섯","1397369","새송이버섯","가격은 1kg당이며, 발주는 0.1kg단위로 가능함/쫄깃하고 탄력 있는 식감"
"농산물","버섯류","새송이버섯","1397370","새송이버섯","가격은 1kg당이며, 발주는 0.1kg단위로 가능함/소량발주의 경우 방담비닐(버섯 전용 비닐)에 포장 공급"
"농산물","버섯류","새송이버섯","1397371","새송이버섯","가격은 1kg당이며, 발주는 0.1kg단위로 가능함/육질이 단단하고 쫄깃한 식감으로 은은한 맛과 향을 느낄수 있음"
"농산물","버섯류","애느타리버섯","1397372","애느타리버섯","가격은 1kg당이며, 발주는 0.1kg단위로 가능함/버섯 특유의 향이 강함"
"농산물","버섯류","애느타리버섯","1397373","애느타리버섯","가격은 1kg당이며, 발주는 0.1kg단위로 가능함/쫄깃한 식감으로 은은한 맛과 향을 느낄 수 있음"
"농산물","버섯류","양송이버섯","1397374","양송이버섯","가격은 1kg당이며, 발주는 0.1kg단위로 가능함/미량의 수분으로 인한 표면 갈변이 다소 있을 수 있음"
"농산물","버섯류","팽이버섯","1397375","팽이버섯","가격은 1kg당이며, 발주는 0.1kg단위로 가능함/팽이버섯"
"농산물","버섯류","팽이버섯","1397376","팽이버섯","가격은 1kg당이며, 발주는 0.1kg단위로 가능함/팽이버섯"
"농산물","버섯류","표고버섯","1397377","표고버섯(배지)","가격은 1kg당이며, 발주는 0.1kg단위로 가능함/지방이 낮고 식이섬유소가 풍부"
"농산물","버섯류","표고버섯","1397378","표고버섯(배지)","가격은 1kg당이며, 발주는 0.1kg단위로 가능함/지방이 낮고 식이섬유소가 풍부"
"농산물","버섯류","표고버섯","1397379","표고버섯(배지)","가격은 1kg당이며, 발주는 0.1kg단위로 가능함/지방이 낮고 식이섬유소가 풍부"
"농산물","과일류","오렌지(수입)","3398036","생오렌지","오렌지/대/수입산/240722_대체사입"
"농산물","버섯류","표고버섯","1397380","표고버섯(배지)","가격은 1kg당이며, 발주는 0.1kg단위로 가능함/지방이 낮고 식이섬유소가 풍부"
"농산물","버섯류","표고버섯","1397381","표고버섯(배지)","가격은 1kg당이며, 발주는 0.1kg단위로 가능함/지방이 낮고 식이섬유소가 풍부"
"농산물","버섯류","표고버섯","1397382","표고버섯(배지)","가격은 1kg당이며, 발주는 0.1kg단위로 가능함/지방이 낮고 식이섬유소가 풍부"
"농산물","버섯류","표고버섯","1397383","표고버섯(슬라이스)","가격은 1kg당이며, 발주는 0.1kg단위로 가능함/배지 표고를 일정간격 슬라이스 하여 공급"
"농산물","버섯류","표고버섯","1397384","표고버섯(유기농)","가격은 1kg당이며, 발주는 0.1kg단위로 가능함/진한 향과 탱글탱글한 식감이 우수한 대표 유기농 버섯"
"농산물","서류","감자","1397385","감자(깐것) 130-250g","가격은 1kg당이며, 발주는 0.1kg단위로 가능함/감자의 탈피 세척 후 진공포장 공급"
"농산물","서류","감자","1397389","감자(피) 150-250g","가격은 1kg당이며, 발주는 0.1kg단위로 가능함/세척과정 없이 흙감자 그대로 공급"
"농산물","서류","고구마","1397394","고구마(50~80g)","가격은 1kg당이며, 발주는 0.1kg단위로 가능함/고구마(50~80g)"
"농산물","서류","고구마","1397395","고구마(깐것)","가격은 1kg당이며, 발주는 0.1kg단위로 가능함/고구마(깐것)"
"농산물","서류","고구마","1397396","고구마(깐것/가는채)","가격은 1kg당이며, 발주는 0.1kg단위로 가능함/고구마(깐것/가는채)"
"농산물","서류","고구마","1397397","고구마(깐것/굵은채/스틱)","가격은 1kg당이며, 발주는 0.1kg단위로 가능함/고구마(깐것/굵은채/스틱)"
"농산물","서류","고구마","1397398","고구마(깐것/맛탕용)","가격은 1kg당이며, 발주는 0.1kg단위로 가능함/고구마(깐것/맛탕용)"
"농산물","서류","고구마","1397399","고구마(깐것/어슷썰기)","가격은 1kg당이며, 발주는 0.1kg단위로 가능함/고구마(깐것/어슷썰기)"
"농산물","서류","고구마","1397400","고구마(피/세척)","가격은 1kg당이며, 발주는 0.1kg단위로 가능함/고구마(피/세척)"
"농산물","서류","알감자","1397401","알감자(깐것/조림)","가격은 1kg당이며, 발주는 0.1kg단위로 가능함/빛에 노출되면 녹변될 수 있으니 어두운곳에 보관하세요"
"농산물","서류","웨지감자","1397402","웨지감자(깐)","가격은 1kg당이며, 발주는 0.1kg단위로 가능함/빛에 노출되면 녹변될 수 있으니 어두운곳에 보관하세요"
"농산물","서류","웨지감자","1397403","웨지감자(세척)","가격은 1kg당이며, 발주는 0.1kg단위로 가능함/빛에 노출되면 녹변될 수 있으니 어두운곳에 보관하세요"
"농산물","양곡부류","백미","1397404","일반미(유기농)","가격은 1kg당이며, 발주는 0.1kg단위로 가능함/백미유기농천명10kg"
"농산물","양곡부류","백미","1397405","일반미(유기농)","가격은 1kg당이며, 발주는 0.1kg단위로 가능함/백미유기농천명20kg"
"농산물","양채류","브로콜리","1397406","브로콜리","가격은 1kg당이며, 발주는 0.1kg단위로 가능함/브로콜리"
"농산물","양채류","비트","1397407","비트(뿌리)","가격은 1kg당이며, 발주는 0.1kg단위로 가능함/비트(뿌리)"
"농산물","양채류","비트","1397408","비트(뿌리)","가격은 1kg당이며, 발주는 0.1kg단위로 가능함/비트(뿌리)"
"농산물","양채류","양상추","1397409","깐양상추","가격은 1kg당이며, 발주는 0.1kg단위로 가능함/양상추"
"농산물","양채류","치커리","1397410","치커리(적색)","가격은 1kg당이며, 발주는 0.1kg단위로 가능함/특유의 씁쓰름한 맛으로 입맛을 돋우는 채소로 사용"
"농산물","양채류","치커리","1397411","치커리(청색)","가격은 1kg당이며, 발주는 0.1kg단위로 가능함/특유의 씁쓰름한 맛으로 입맛을 돋우는 채소로 사용"
"농산물","양채류","파프리카","1397412","파프리카(노랑)","가격은 1kg당이며, 발주는 0.1kg단위로 가능함/비타민C가 다량 함유"
"농산물","양채류","파프리카","1397413","파프리카(노랑)","가격은 1kg당이며, 발주는 0.1kg단위로 가능함/비타민C가 다량 함유"
"농산물","양채류","파프리카","1397414","파프리카(녹색),착색양호한것","가격은 1kg당이며, 발주는 0.1kg단위로 가능함/비타민C가 다량 함유"
"농산물","양채류","파프리카","1397415","파프리카(녹색),착색양호한것","가격은 1kg당이며, 발주는 0.1kg단위로 가능함/비타민C가 다량 함유"
"농산물","양채류","파프리카","1397416","파프리카(적색)","가격은 1kg당이며, 발주는 0.1kg단위로 가능함/비타민C가 다량 함유"
"농산물","양채류","파프리카","1397417","파프리카(적색)","가격은 1kg당이며, 발주는 0.1kg단위로 가능함/비타민C가 다량 함유"
"농산물","양채류","파프리카","1397418","파프리카(주황)","가격은 1kg당이며, 발주는 0.1kg단위로 가능함/비타민C가 다량 함유"
"농산물","양채류","파프리카","1397419","파프리카(주황)","가격은 1kg당이며, 발주는 0.1kg단위로 가능함/비타민C가 다량 함유"
"농산물","양채류","피망","1397420","피망/청","가격은 1kg당이며, 발주는 0.1kg단위로 가능함/청피망"
"농산물","양채류","피망","1397421","피망/청","가격은 1kg당이며, 발주는 0.1kg단위로 가능함/과피의 두께가 얇아 샐러드로 즐기시기에 좋습니다."
"농산물","양채류","피망","1397422","피망/청","가격은 1kg당이며, 발주는 0.1kg단위로 가능함/과피의 두께가 얇아 샐러드로 즐기시기에 좋습니다."
"농산물","엽경채류","근대","1397423","근대(청)","가격은 1kg당이며, 발주는 0.1kg단위로 가능함/근대(청)"
"농산물","엽경채류","근대","1397426","근대(청)","가격은 1kg당이며, 발주는 0.1kg단위로 가능함/구수한 된장 국/무침과 잘 어울리는 건강 잎 채소"
"농산물","엽경채류","근대","1397427","근대(청)","가격은 1kg당이며, 발주는 0.1kg단위로 가능함/구수한 된장국/무침과 잘 어울리는 건강 잎 채소"
"농산물","엽경채류","깻잎","1397428","깻잎","가격은 1kg당이며, 발주는 0.1kg단위로 가능함/깻잎은 칼륨과 칼슘등의 무기질이 풍부"
"농산물","엽경채류","부추","1397429","부추","가격은 1kg당이며, 발주는 0.1kg단위로 가능함/부추"
"농산물","엽경채류","붉은양배추","1397430","붉은양배추","가격은 1kg당이며, 발주는 0.1kg단위로 가능함/붉은양배추"
"농산물","엽경채류","상추","1397431","적상추","가격은 1kg당이며, 발주는 0.1kg단위로 가능함/쌈채소로 빠질 수 없는 신선한 알칼리성 식품"
"농산물","과일류","오렌지(수입)","3398037","생오렌지","오렌지/대/수입산/240722_대체사입"
"농산물","엽경채류","상추","1397432","적상추","가격은 1kg당이며, 발주는 0.1kg단위로 가능함/쌈채소로 빠질 수 없는 신선한 알칼리성 유기농 채소"
"농산물","엽경채류","상추","1397433","청상추","가격은 1kg당이며, 발주는 0.1kg단위로 가능함/쌈채소로 빠질 수 없는 신선한 알칼리성 식품"
"농산물","엽경채류","상추","1397434","청상추","가격은 1kg당이며, 발주는 0.1kg단위로 가능함/쌈채소로 빠질 수 없는 신선한 알칼리성 유기농 채소"
"농산물","엽경채류","새싹","1397435","베이비채소","가격은 1kg당이며, 발주는 0.1kg단위로 가능함/씻으실 때 잎이 여리기 때문에 살살 흔들어서 씻어주세요"
"농산물","엽경채류","세발나물","1397436","세발나물","가격은 1kg당이며, 발주는 0.1kg단위로 가능함/세발나물"
"농산물","엽경채류","시금치","1397437","시금치","가격은 1kg당이며, 발주는 0.1kg단위로 가능함/시금치"
"농산물","엽경채류","쌈배추","1397438","쌈배추(알배기)","가격은 1kg당이며, 발주는 0.1kg단위로 가능함/친환경농산물,잎이 부드럽고 고소해 쌈으로 이용하시기에 좋습니다."
"농산물","엽경채류","쌈배추","1397439","쌈배추(알배기)","가격은 0.8kg당이며, 발주는 0.8kg단위로 가능함"
"농산물","엽경채류","쑥갓","1397440","쑥갓","가격은 1kg당이며, 발주는 0.1kg단위로 가능함/쑥갓"
"농산물","엽경채류","아욱","1397441","아욱(손질)","가격은 1kg당이며, 발주는 0.1kg단위로 가능함/식유섬유가 풍부하여 변비 해소에 효과적입니다."
"농산물","엽경채류","아욱","1397442","아욱(손질)","가격은 1kg당이며, 발주는 0.1kg단위로 가능함/식이섬유가 풍부한 건강 채소"
"농산물","엽경채류","아욱","1397443","아욱(손질)","가격은 1kg당이며, 발주는 0.1kg단위로 가능함/식이섬유가 풍부한 건강 채소"
"농산물","엽경채류","양배추","1397444","깐양배추","가격은 1kg당이며, 발주는 0.1kg단위로 가능함/양배추"
"농산물","엽경채류","양배추","1397445","깐양배추","가격은 1kg당이며, 발주는 0.1kg단위로 가능함/깐양배추"
"농산물","엽경채류","양배추","1397446","양배추(피)","가격은 1kg당이며, 발주는 0.1kg단위로 가능함/양배추(피)"
"농산물","엽경채류","얼갈이","1397447","얼갈이(생것)","가격은 1kg당이며, 발주는 0.1kg단위로 가능함/얼갈이"
"농산물","엽경채류","얼갈이","1397448","얼갈이(생것)","가격은 1kg당이며, 발주는 0.1kg단위로 가능함/부드럽고 아삭한 국, 무침용 잎 채소"
"농산물","엽경채류","청경채","1397449","청경채","가격은 1kg당이며, 발주는 0.1kg단위로 가능함/아삭하고 부드러운 식감의 식이섬유가 풍푸한 채소"
"농산물","엽경채류","청경채","1397450","청경채","가격은 1kg당이며, 발주는 0.1kg단위로 가능함/아삭하고 부드러운 식감의 식이섬유가 풍푸한 채소"
"농산물","음료류","사과즙(유기농)","1397451","유기농사과즙(100ml)","가격은 1kg당이며, 발주는 0.1kg단위로 가능함/생과 공급농가 중 유기농에 한하여 가공공급"
"농산물","조미채소류","건고추","1397452","건홍고추","가격은 1kg당이며, 발주는 0.1kg단위로 가능함/꼭지 미제거 건홍고추가 공급됨"
"농산물","조미채소류","건고추","1397453","건홍고추","가격은 1kg당이며, 발주는 0.1kg단위로 가능함/유기농 명인의 최고 품질 건홍고추"
"농산물","조미채소류","고추","1397455","꽈리고추","가격은 1kg당이며, 발주는 0.1kg단위로 가능함/열량이 낮고, 매운맛에는 캡사이신이 들어 있음"
"농산물","조미채소류","고추","1397456","꽈리고추","가격은 1kg당이며, 발주는 0.1kg단위로 가능함/열량이 낮고, 매운맛에는 캡사이신이 들어 있음"
"농산물","조미채소류","고추","1397457","오이고추","가격은 1kg당이며, 발주는 0.1kg단위로 가능함/크고 과피가 두꺼우며 껍질이 연함"
"농산물","조미채소류","고추","1397458","오이고추","가격은 1kg당이며, 발주는 0.1kg단위로 가능함/크고 과피가 두꺼우며 껍질이 연함"
"농산물","조미채소류","고추","1397459","풋고추","가격은 1kg당이며, 발주는 0.1kg단위로 가능함/베타카로니이 함유"
"농산물","조미채소류","고추","1397460","풋고추","가격은 1kg당이며, 발주는 0.1kg단위로 가능함/베타카로니이 함유"
"농산물","조미채소류","대파","1397461","간편대파(깐것)","가격은 1kg당이며, 발주는 0.1kg단위로 가능함/간편대파(깐것)"
"농산물","조미채소류","대파","1397462","대파(깐것)","가격은 1kg당이며, 발주는 0.1kg단위로 가능함/대파(깐것)"
"농산물","조미채소류","대파","1397463","대파(깐것)","가격은 1kg당이며, 발주는 0.1kg단위로 가능함/대파(깐것)"
"농산물","조미채소류","대파","1397464","대파(깐것)","가격은 1kg당이며, 발주는 0.1kg단위로 가능함/대파(깐것)"
"농산물","조미채소류","대파","1397465","대파(흙)","가격은 1kg당이며, 발주는 0.1kg단위로 가능함/대파(흙)"
"농산물","조미채소류","대파","1397466","대파(흙)","가격은 1kg당이며, 발주는 0.1kg단위로 가능함/대파(흙)"
"농산물","조미채소류","대파","1397467","대파(흙)","가격은 1kg당이며, 발주는 0.1kg단위로 가능함/대파(흙)"
"농산물","조미채소류","마늘","1397468","마늘(깐것)","가격은 1kg당이며, 발주는 0.1kg단위로 가능함/마늘(깐것)"
"농산물","조미채소류","마늘","1397469","마늘(깐것)","가격은 1kg당이며, 발주는 0.1kg단위로 가능함/꼭지제거되지 않은 탈피된 마늘의 공급"
"농산물","조미채소류","마늘","1397470","마늘(깐것/꼭지제거)","가격은 1kg당이며, 발주는 0.1kg단위로 가능함/탈피 및 꼭지제거된 마늘의 공급"
"농산물","조미채소류","마늘","1397471","마늘(깐것/꼭지제거)","가격은 1kg당이며, 발주는 0.1kg단위로 가능함/탈피 및 꼭지제거된 마늘의 공급"
"농산물","조미채소류","마늘","1397472","마늘(중, 17mm 이하(14mm이상), 꼭지미제거)","가격은 1kg당이며, 발주는 0.1kg단위로 가능함/꼭지 미제거로 공급됨"
"농산물","조미채소류","생강","1397473","생강(손깐것)","가격은 1kg당이며, 발주는 0.1kg단위로 가능함/향신료로 소화를 돕고, 생선과 같이 겯들여 먹으면 좋습니다."
"농산물","조미채소류","생강","1397474","생강(흙)","가격은 1kg당이며, 발주는 0.1kg단위로 가능함/향신료로 소화를 돕고, 생선과 같이 겯들여 먹으면 좋습니다."
"농산물","조미채소류","실파","1397475","쪽파(깐것)","가격은 1kg당이며, 발주는 0.1kg단위로 가능함/쪽파(깐것)"
"농산물","조미채소류","실파","1397476","쪽파(깐것)","가격은 1kg당이며, 발주는 0.1kg단위로 가능함/쪽파(깐것)"
"농산물","조미채소류","양파","1397480","양파(깐것)","가격은 1kg당이며, 발주는 0.1kg단위로 가능함/양파의 탈피 및 뿌리, 꼭지 양 끝단 제거 후 공급"
"농산물","조미채소류","양파","1397484","양파(깐것)100g이하","가격은 1kg당이며, 발주는 0.1kg단위로 가능함/70~100g사이의 깐양파 공급"
"농산물","조미채소류","양파","1397490","양파(피)","가격은 1kg당이며, 발주는 0.1kg단위로 가능함/피상태의 양파 그대로 공급"
"농산물","서류","고구마","3397435","고구마_대체_20240408","고구마_대체_20240408"
"농산물","과일과채류","방울토마토","3397495","방울토마토","가격은 1kg당이며, 발주는 0.75kg단위로 가능함/신선한 샐러드에 사용할 수 있는 작은 방울토마토"
"농산물","과일과채류","메론","3397496","메론","가격은 1kg당이며, 발주는 1.6kg단위로 가능함/메론/머스크 (4수/8kg)"
"농산물","과채류","오이","3397497","백오이","가격은 1kg당이며, 발주는 0.3kg단위로 가능함/백침(오이 표면 가시 색상)계열의 백오이 생산 공급"
"농산물","조미채소류","실파","3397515","실파","가격은 1kg당이며, 발주는 0.3kg단위로 가능함"
"농산물","양채류","양상추","3397516","깐양상추","깐양상추/0.3kg/"
"농산물","양채류","브로콜리","3397535","브로콜리","가격은 1kg당이며, 발주는 0.35kg단위로 가능함"
"농산물","과채류","애호박","3397595","자연애호박(벌크)","가격은 1kg당이며, 발주는 0.25kg단위로 가능함 / 가능"
"농산물","양곡부류","찹쌀","3397615","찹쌀","찹쌀/국내산/1kg-대체사입"
"농산물","서류","고구마","3397616","고구마/찜용","고구마/일반/국내산-품질저하대체"
"농산물","버섯류","표고버섯","3397655","표고버섯(유기농)","가격은 0.3kg당이며, 발주는 0.3kg단위로 가능함/진한 향과 탱글탱글한 식감이 우수한 대표 유기농 버섯"
"농산물","양채류","브로콜리","3397656","브로콜리","가격은 1kg당이며, 발주는 0.25kg단위로 가능함"
"농산물","조미채소류","고추","3397657","꽈리고추","가격은 1kg당이며, 발주는 0.15kg단위로 가능함/열량이 낮고, 매운맛에는 캡사이신이 들어 있음"
"농산물","조미채소류","대파","3397658","대파(깐것)","가격은 1kg당이며, 발주는 0.5kg단위로 가능함/대파(깐것)"
"농산물","조미채소류","대파","3397659","대파(흙)","가격은 1kg당이며, 발주는 0.5kg단위로 가능함/대파(흙)"
"농산물","과일과채류","메론","3397660","메론","가격은 1kg당이며, 발주는 2kg단위로 가능함/메론/머스크 (4수/8kg)"
"농산물","과일류","자두","3397661","자두","가격은 1kg당이며, 발주는 0.1kg단위로 가능함/1과당 60~70g"
"농산물","과일류","감귤","3397662","감귤","가격은 1kg당이며, 발주는 1kg단위로 가능함/하우스 감귤"
"가공식품","농산물가공식품","콩나물가공품","3397663","콩나물/무농약","콩나물/무농약/국산콩/0.5kg-240523대체사입"
"농산물","엽경채류","양배추","3397664","깐양배추","깐양배추/1kg-240523대체사입"
"가공식품","농산물가공식품","콩나물가공품","3397665","콩나물","콩나물/무농약/국산콩/0.5kg/240523_대체사입"
"농산물","버섯류","새송이버섯","3397675","볶음새송이","가격은 0.3kg당이며, 발주는 0.3kg단위로 가능함/소량발주의 경우 방담비닐(버섯 전용 비닐)에 포장 공급"
"농산물","기타채소","겨자","3397676","겨자","청겨자(잎)/0.3kg발주가능"
"농산물","기타채소","겨자","3397677","적겨자(잎)","적겨자(잎)/0.3kg발주가능"
"농산물","양채류","파프리카","3397695","파프리카(주황)","가격은 0.3kg당이며, 발주는 0.3kg단위로 가능함/비타민C가 다량 함유"
"농산물","양채류","파프리카","3397715","파프리카(노랑)","가격은 0.3kg당이며, 발주는 0.3kg단위로 가능함/비타민C가 다량 함유"
"농산물","근채류","무","3397735","깐무","가격은 1kg당이며, 발주는 1kg단위로 가능함/깐무"
"농산물","근채류","무","3397736","무(흙)","가격은 1.5kg당이며, 발주는 1.5kg단위로 가능함/깐무"
"농산물","근채류","무","3397737","세척무","가격은 1.5kg당이며, 발주는 1.5kg단위로 가능함/깐무"
"농산물","엽경채류","양배추","3397738","깐양배추","가격은 1kg당이며, 발주는 1kg단위로 가능함/양배추"
"농산물","엽경채류","양배추","3397739","깐양배추(1/2절단)","가격은 0.5kg당이며, 발주는 0.5kg단위로 가능함/양배추"
"농산물","엽경채류","양배추","3397740","양배추(피)","가격은 1kg당이며, 발주는 1kg단위로 가능함/양배추(피)"
"농산물","근채류","당근","3397741","당근(흙)","가격은 1kg당이며, 발주는 1kg단위로 가능함/당근(흙)"
"농산물","근채류","당근","3397755","깐당근","가격은 1kg당이며, 발주는 1kg단위로 가능함/깐당근"
"농산물","근채류","당근","3397756","세척당근","가격은 1kg당이며, 발주는 1kg단위로 가능함/세척당근"
"농산물","양채류","양상추","3397775","깐양상추","깐양상추/0.4kg/240605_대체사입"
"농산물","서류","감자","3397795","감자(깐것) 130-250g","가격은 1kg당이며, 발주는 0.1kg단위로 가능함/감자의 탈피 세척 후 진공포장 공급"
"농산물","서류","감자","3397796","감자(피) 150-250g","가격은 1kg당이며, 발주는 0.1kg단위로 가능함/세척과정 없이 흙감자 그대로 공급"
"농산물","엽경채류","부추","3397797","부추","부추/300g/친환경"
"농산물","조미채소류","고추","3397798","오이고추","가격은 1kg당이며, 발주는 0.2kg단위로 가능함/열량이 낮고, 매운맛에는 캡사이신이 들어 있음"
"농산물","근채류","무","3397799","무(깐것)","깐무/1kg"
"농산물","서류","알감자","3397800","알감자(깐것/조림)","가격은 1kg당이며, 발주는 0.1kg단위로 가능함/빛에 노출되면 녹변될 수 있으니 어두운곳에 보관하세요"
"농산물","엽경채류","깻잎","3397801","깻잎","가격은 0.1kg당이며, 발주는 0.1kg단위로 가능함/0.1k 이상 발주 가능"
"농산물","과일과채류","수박","3397802","수박(9kg/개)","가격은 1kg당이며, 발주는 0.1kg단위로 가능함/통 단위로 주문 가능"
"농산물","과일과채류","수박","3397803","수박(6kg/개)","가격은 1kg당이며, 발주는 0.1kg단위로 가능함/통 단위로 주문 가능"
"농산물","과일과채류","수박","3397804","수박(7kg/개)","가격은 1kg당이며, 발주는 0.1kg단위로 가능함/통 단위로 주문 가능"
"농산물","과일과채류","수박","3397805","수박(8kg/개)","가격은 1kg당이며, 발주는 0.1kg단위로 가능함/통 단위로 주문 가능"
"농산물","과일류","포도(샤인머스켓)","3398055","청포도(샤인머스켓)","가격은 1kg당이며, 발주는 1kg단위로 가능함"
"농산물","과일과채류","수박","3397806","수박(10kg/개)","가격은 1kg당이며, 발주는 0.1kg단위로 가능함/통 단위로 주문 가능"
"농산물","엽경채류","부추","3397807","부추","가격은 0.3kg당이며, 발주는 0.3kg단위로 가능함"
"농산물","근채류","비트(알)","3397809","비트(알)","가격은 0.4kg당이며, 발주는 0.4kg단위로 가능함/비트(뿌리)"
"농산물","조미채소류","양파","3397815","양파(피)","가격은 1kg당이며, 발주는 0.1kg단위로 가능함/피상태의 양파 그대로 공급"
"농산물","조미채소류","양파","3397816","양파(깐것)100g이하","가격은 1kg당이며, 발주는 0.1kg단위로 가능함/70~100g사이의 깐양파 공급"
"농산물","조미채소류","양파","3397817","양파(깐것)","가격은 1kg당이며, 발주는 0.1kg단위로 가능함/양파의 탈피 및 뿌리, 꼭지 양 끝단 제거 후 공급"
"농산물","엽경채류","붉은양배추","3397818","붉은양배추","가격은 1kg당이며, 발주는 0.1kg단위로 가능함/700G/반통, 최소발주 0.7K이상 발주가능"
"농산물","과일과채류","수박","3397819","수박/6kg(1개)","수박/6kg(1개)/국내산"
"농산물","과일과채류","수박","3397820","수박/7kg(1개)","수박/7kg(1개)/국내산"
"농산물","과일과채류","수박","3397821","수박/8kg(1개)","수박/8kg(1개)/국내산"
"농산물","과일과채류","수박","3397822","수박/9kg(1개)","수박/9kg(1개)/국내산"
"농산물","과일과채류","수박","3397823","수박/10kg(1개)","수박/10kg(1개)/국내산"
"농산물","과채류","가지","3397825","가지/2개입","가지/2개입/국내산"
"농산물","조미채소류","고추","3397826","꽈리고추(150g)","꽈리고추(150g)/국내산"
"농산물","조미채소류","고추","3397827","청양고추","가격은 1kg당이며, 발주는 0.15kg단위로 가능함/열량이 낮고, 매운맛에는 캡사이신이 들어 있음"
"농산물","조미채소류","고추","3397828","풋고추","가격은 1kg당이며, 발주는 0.15kg단위로 가능함/열량이 낮고, 매운맛에는 캡사이신이 들어 있음"
"농산물","양채류","비트(알)","3397829","비트(알)/0.4kg","비트(알)/1개(0.4kg)/국내산"
"농산물","서류","알감자","3397830","알감자","가격은 1kg당이며, 발주는 0.1kg단위로 가능함/빛에 노출되면 녹변될 수 있으니 어두운곳에 보관하세요"
"농산물","과채류","애호박","3397831","애호박(인큐)","가격은 0.25kg당이며, 발주는 0.25kg단위로 가능함 / 가능"
"농산물","과채류","애호박","3397832","애호박(비닐제거)","가격은 0.25kg당이며, 발주는 0.25kg단위로 가능함 / 가능"
"농산물","과채류","오이","3397833","청오이","가격은 0.5kg당이며, 발주는 0.5kg단위로 가능함/우리나라 남부 지방에서 겨울철에 주로 재배되는 25?30cm？크기의 청록색 오이"
"농산물","양채류","샐러리","3397834","셀러리","가격은 0.5kg당이며, 발주는 0.5kg단위로 가능함/0.4k 이상 발주 가능, 긴줄기 최소 수량이며 중량에 맞추어 절단될수 있음"
"농산물","과채류","가지","3397835","가지","가격은 0.3kg당이며, 발주는 0.3kg단위로 가능함"
"농산물","엽경채류","부추","3397836","부추","가격은 0.3kg당이며, 발주는 0.3kg단위로 가능함"
"축산물","가금류","닭고기","3397837","닭고기(영계)","영계(껍질유).삼계탕용"
"축산물","가금류","닭고기","3397838","닭고기(통닭)","통닭1/2각"
"수산물","어류","대구","3397855","대구","가격은 1kg당이며, 발주는 1kg단위로 가능함 / 대구 냉동(손질) 절단"
"수산물","어류","대구","3397856","대구","가격은 1kg당이며, 발주는 0.5kg단위로 가능함 / 대구 냉동(손질) 절단"
"농산물","근채류","무","3397875","무(흙)","가격은 1kg당이며, 발주는 1kg단위로 가능함/깐무"
"농산물","근채류","무","3397876","세척무","가격은 1kg당이며, 발주는 1kg단위로 가능함/깐무"
"농산물","엽경채류","청경채","3397877","청경채","가격은 1kg당이며, 발주는 0.1kg단위로 가능함/아삭하고 부드러운 식감의 식이섬유가 풍푸한 채소"
"농산물","조미채소류","마늘","3397895","마늘(깐것/꼭지제거)","가격은 0.3kg당이며, 발주는 0.3kg단위로 가능함/탈피 및 꼭지제거된 마늘의 공급"
"가공식품","농산물가공식품","두부","3397915","두부","모두부300g/찌개용/240704_대체사입"
"농산물","과일류","사과","3397935","사과","사과/240704_대체사입"
"농산물","과일류","파인애플","3397955","생파인애플","생파인애플/필리핀산/240717_대체사입"
"농산물","서류","고구마","3397956","고구마(깐것)","가격은 1kg당이며, 발주는 1kg단위로 가능함"
"농산물","서류","고구마","3397957","고구마(깐것/가는채)","가격은 1kg당이며, 발주는 1kg단위로 가능함"
"농산물","서류","고구마","3397958","고구마(50~80g)","가격은 1kg당이며, 발주는 1kg단위로 가능함/고구마(50~80g)"
"농산물","조미채소류","마늘","3397975","마늘(깐것)","가격은 0.3kg당이며, 발주는 0.3kg단위로 가능함/마늘(깐것)"
"농산물","버섯류","건표고가공품","3397995","건표고버섯","가격은 0.1kg당이며, 발주는 0.1kg단위로 가능함/생표고버섯보다 더 깊은 향과 맛"
"농산물","서류","고구마","3397996","고구마(깐것/굵은채/스틱)","가격은 1kg당이며, 발주는 1kg단위로 가능함"
"농산물","서류","고구마","3397997","고구마(깐것/어슷썰기)","가격은 1kg당이며, 발주는 1kg단위로 가능함"
"농산물","서류","고구마","3397998","고구마(깐것/맛탕용)","가격은 1kg당이며, 발주는 1kg단위로 가능함"
"농산물","서류","고구마","3397999","고구마(피/세척)","가격은 1kg당이며, 발주는 1kg단위로 가능함"
"농산물","과일류","포도(국내산)","3398000","샤인머스켓","가격은 1kg당이며, 발주는 1kg단위로 가능함"
"농산물","과일류","포도(국내산)","3398001","켐벨포도","가격은 1kg당이며, 발주는 1kg단위로 가능함"
"농산물","조미채소류","고추","3398002","홍고추","가격은 1kg당이며, 발주는 0.15kg단위로 가능함/열량이 낮고, 매운맛에는 캡사이신이 들어 있음"
"농산물","양채류","샐러리","3398003","셀러리(줄기)","가격은 0.5kg당이며, 발주는 0.5kg단위로 가능함"
"농산물","버섯류","건표고가공품","3398015","건표고 슬라이스","가격은 0.1kg당이며, 발주는 0.1kg단위로 가능함/생표고버섯보다 더 깊은 향과 맛"
"농산물","버섯류","건표고가공품","3398016","건표고(쵸핑)","가격은 0.1kg당이며, 발주는 0.1kg단위로 가능함/생표고버섯보다 더 깊은 향과 맛"
"농산물","조미채소류","마늘","3398035","마늘(중, 17mm 이하(14mm이상), 꼭지미제거)","가격은 0.3kg당이며, 발주는 0.3kg단위로 가능함/꼭지 미제거로 공급됨"
"농산물","과일류","포도(캠벨)","3398056","켐벨포도","가격은 1kg당이며, 발주는 1kg단위로 가능함"
"농산물","과일류","포도(씨드레스)","3398075","포도(씨드레스)_씨없는포도","가격은 1kg당이며, 발주는 1kg단위로 가능함"
"농산물","과일류","포도(거봉)","3398076","거봉","가격은 1kg당이며, 발주는 1kg단위로 가능함"
"농산물","과일류","사과","3398095","사과","가격은 1kg당이며, 발주는 1kg단위로 가능함"
"농산물","서류","감자","3398096","깐감자(깍둑썰기)","가격은 1kg당이며, 발주는 1kg단위로 가능함"
"농산물","근채류","무","3398097","깐무(나박썰기)","가격은 1kg당이며, 발주는 1kg단위로 가능함/깐무"
"농산물","근채류","무","3398098","깐무(깍둑썰기)","가격은 1kg당이며, 발주는 1kg단위로 가능함/깐무"
"농산물","양채류","피망","3398099","피망/청","가격은 0.3kg당이며, 발주는 0.3kg단위로 가능함/청피망"
"농산물","버섯류","건표고","3398100","건표고 슬라이스","가격은 0.1kg당이며, 발주는 0.1kg단위로 가능함"
"농산물","엽경채류","붉은양배추","3398101","붉은양배추","가격은 0.8kg당이며, 발주는 0.8kg단위로 가능함"
"농산물","조미채소류","양파","3398102","깐양파(깍둑썰기)","가격은 1kg당이며, 발주는 1kg단위로 가능함"
"농산물","양채류","파프리카","3398115","파프리카(녹색)","가격은 0.3kg당이며, 발주는 0.3kg단위로 가능함"
"농산물","조미채소류","생강","3398116","생강(손깐것)","가격은 0.3kg당이며, 발주는 0.3kg단위로 가능함"
"농산물","과일류","포도(거봉)","3398117","거봉","가격은 2kg당이며, 발주는 2kg단위로 가능함"
"농산물","양곡부류","흑태","3398135","흑태/옥과","흑태/1kg/일반"
"가공식품","농산물가공식품","두부","3398155","두부","두부(부침용, 500g)/모 단위로만 발주가능"
"농산물","과일류","사과","3398195","사과","사과/240913_시설급추가"
"농산물","엽경채류","얼갈이","3398215","얼갈이(생것)","가격은 0.3kg당이며, 발주는 0.3kg단위로 가능함"
"농산물","엽경채류","쑥갓","3398216","쑥갓","가격은 0.3kg당이며, 발주는 0.3kg단위로 가능함/쑥갓"
"농산물","엽경채류","근대","3398217","근대(청)","가격은 0.3kg당이며, 발주는 0.3kg단위로 가능함"
"농산물","엽경채류","아욱","3398218","아욱(손질)","가격은 0.3kg당이며, 발주는 0.3kg단위로 가능함/식이섬유가 풍부한 건강 채소"
"농산물","엽경채류","청경채","3398219","청경채","가격은 0.3kg당이며, 발주는 0.3kg단위로 가능함"
"농산물","과일류","배","3398220","배(18-23개)","가격은 1.5kg당이며, 발주는 1.5kg단위로 가능함"
"농산물","과일류","배","3398221","배(24-28개)","가격은 1.5kg당이며, 발주는 1.5kg단위로 가능함"
"농산물","과일류","배","3398222","배(29-34개)","가격은 1.5kg당이며, 발주는 1.5kg단위로 가능함"
"농산물","과일류","배","3398223","배(35-40개)","가격은 1.5kg당이며, 발주는 1.5kg단위로 가능함/과즙이 풍부하고 달콧 시원한 유기농 배"
"농산물","과일류","배","3398224","배(소스용)","가격은 1.5kg당이며, 발주는 1.5kg단위로 가능함/달콤하고 과즙이 풍부여 시원한 맛을 자랑하며 사각사각한 식감을 즐길 수 있습니다."
"농산물","엽경채류","시금치","3398235","시금치","가격은 0.3kg당이며, 발주는 0.3kg단위로 가능함/시금치"
"농산물","과일류","대추","3398236","생대추","가격은 0.2kg당이며, 발주는 0.2kg단위로 가능함/국내산 생대추 깨끗이 말림 제픔"
"농산물","엽경채류","쌈배추","3398237","쌈배추(알배기)","가격은 0.4kg당이며, 발주는 0.4kg단위로 가능함"
"농산물","서류","감자(전처리)","3398295","깐감자(전처리)","가격은 1kg당이며, 발주는 1kg단위로 가능함"
"농산물","근채류","무(전처리)","3398296","깐무(전처리)","가격은 1kg당이며, 발주는 1kg단위로 가능함"
"농산물","근채류","당근(전처리)","3398297","깐당근(전처리)","가격은 1kg당이며, 발주는 1kg단위로 가능함"
"농산물","엽경채류","양배추(전처리)","3398298","깐양배추(전처리)","가격은 1kg당이며, 발주는 1kg단위로 가능함"
"농산물","조미채소류","양파(전처리)","3398299","깐양파(전처리)","가격은 1kg당이며, 발주는 1kg단위로 가능함"
"가공식품","농산물가공식품","감가공품","3398335","감가공품","곶감류"
"가공식품","농산물가공식품","대추가공품","3398336","건대추","건대추(특초)/1kg"
"가공식품","농산물가공식품","감가공품","3398337","아이스홍시","벌크 아이스홍시/1kg"
"가공식품","농산물가공식품","블루베리가공품","3398338","냉동블루베리","냉동블루베리"
"가공식품","농산물가공식품","고구마가공품","3398339","고구마말랭이","고구마말랭이/1kg"
"가공식품","농산물가공식품","피클","3398340","갓피클","갓피클/1kg"
"가공식품","농산물가공식품","봄동가공품","3398355","봄동가공품","봄동(손질/데친)"
"농산물","엽경채류","청경채","3398375","청경채","청경채/0.3kg_/241111_시설급추가"
"가공식품","농산물가공식품","두부","3398395","두부","두부 1kg"
"가공식품","농산물가공식품","밤가공품","3398396","밤가공품","약단밤(칼집)"
"농산물","엽경채류","양배추","3398397","깐양배추","깐양배추/2kg/241121_시설급추가"
"수산물","연체류","전복","3398415","전복","전복(연체류)"
"농산물","과일류","단감","3398435","단감","단감/50내/241202_시설급추가"
"농산물","과일류","단감","3398436","단감","단감/50내(200-220g)/1kg/241202_시설급추가"
"농산물","조미채소류","마늘","3398437","마늘(깐것)","마늘(깐것)/0.2kg/241202_시설급추가"
"농산물","양곡부류","백미","3398438","백미","일반미/경기미/10kg/일반/241202_시설급추가"
"농산물","과채류","애호박","3398455","애호박","애호박/인큐/0.3kg/241202_시설급추가"
"축산물","가금류","닭고기","3398456","닭고기/가슴살(껍질무)/하림","닭고기/무항생제/가슴살(껍질무)/뼈없음/241202_시설급추가"
"농산물","조미채소류","양파","3398457","양파(피)","양파(피)/1kg/241202_시설급추가"
"농산물","서류","고구마","3398458","고구마(피세척)","고구마(피세척)/1kg/241202_시설급추가"
"농산물","과일류","배","3398475","배(24-28)","배(24-28)/1.5kg/241213_품질저하대체사입"
"농산물","과일류","오렌지","3398495","오렌지","오렌지/생것/수입산/250114_대체사입"
"농산물","과일류","오렌지(수입)","3398496","오렌지","오렌지/생/수입산/250114_산지결품대체사입"
"농산물","과일류","오렌지(수입)","3398497","오렌지","오렌지/생것/수입산/250114_산지결품대체사입"
"농산물","과일류","오렌지(수입)","3398498","오렌지","오렌지/생/수입산/250114_산지결품대체사입"
"농산물","서류","감자","3398515","감자(피)/일반","감자(피)/일반/1kg/250120_품질저하대체사입"
"축산물","돈육","돈육(전지)","3398535","돈육(전지)","돈육/냉장/전지/수육용/250123_시설급추가"
"가공식품","농산물가공식품","달걀","3398555","달걀","계란(특란,30구)/무항생제/250218_시설급추가"
"농산물","조미채소류","풋마늘","3398577","풋마늘","풋마늘"
"농산물","과일류","키위","3398578","골드키위","골드키위/1kg/250221_산지결품대체"