"대분류명","중분류명","소분류명","식재료코드","식재료명","브랜드명","생산연도","규격"
"가공식품","농산물가공식품","가시오가피","1118269","가시오가피/율성맑은아침","","2023년","가시오가피/0.1kg"
"가공식품","농산물가공식품","가지말랭이","1118270","가지말랭이/산림조합","","2024년","가지말랭이/1kg"
"가공식품","농산물가공식품","가지말랭이","1118271","가지말랭이/청채마루","","2024년","가지말랭이/0.3kg"
"농산물","버섯류","새송이버섯","1118272","새송이버섯","","2024","새송이버섯/0.3kg"
"가공식품","농산물가공식품","감말랭이","1118273","감말랭이/산림조합","","2024년","감말랭이/1kg"
"가공식품","농산물가공식품","감말랭이","1118274","감말랭이/율성맑은아침","","2023년","감말랭이/0.1kg"
"가공식품","농산물가공식품","감말랭이","1118275","감말랭이/푸르원","농업회사법인㈜푸르원","2023년","감말랭이/1kg"
"가공식품","농산물가공식품","감자전분","1118276","감자전분/함양농협","","2023년","감자전분(1kg)"
"가공식품","농산물가공식품","감자전분","1118277","감자전분(500g)","","2023년","감자전분(500g)"
"가공식품","농산물가공식품","감초","1118278","감초/율성맑은아침","","2023년","감초/0.1kg"
"가공식품","농산물가공식품","감초","1118279","감초/율성맑은아침","","2023년","감초/수입산/0.1kg"
"가공식품","농산물가공식품","감초","1118280","감초/푸르원","농업회사법인㈜푸르원","2023년","감초/수입산/0.1kg"
"가공식품","농산물가공식품","건목이버섯","1118281","건목이버섯/푸르원","농업회사법인㈜푸르원","2024년","(건)흰목이버섯/무농약/0.1kg"
"가공식품","농산물가공식품","건목이버섯","1118282","건목이버섯/산림조합","","2024년","건목이버섯/0.1kg"
"가공식품","농산물가공식품","건목이버섯","1118283","건목이버섯/율성맑은아침","","2023년","건목이버섯/수입산/0.1kg"
"가공식품","농산물가공식품","건목이버섯","1118284","건목이버섯/율성맑은아침","","2023년","건목이버섯/무농약/0.1kg"
"가공식품","농산물가공식품","건목이버섯","1118285","건목이버섯","","2023년","건목이버섯(유기농)"
"가공식품","농산물가공식품","건목이버섯","1118286","건목이버섯/푸르원","농업회사법인㈜푸르원","2024년","건목이버섯/무농약/0.1kg"
"가공식품","농산물가공식품","건블루베리","1118287","건블루베리/율성맑은아침","","2023년","건블루베리/수입산/0.1kg"
"가공식품","농산물가공식품","건크렌베리","1118288","건크렌베리/율성맑은아침","","2023년","건크렌베리/수입산/0.1kg"
"가공식품","농산물가공식품","건포도","1118289","건포도/율성맑은아침","","2023년","건포도/수입산/0.1kg"
"가공식품","농산물가공식품","건표고가공품","1118290","건표고/율성맑은아침","","2023년","건표고 슬라이스/0.1kg"
"가공식품","농산물가공식품","건표고가공품","1118291","건표고/율성맑은아침","","2023년","건표고 슬라이스/수입산/0.1kg"
"가공식품","농산물가공식품","건표고가공품","1118292","건표고/율성맑은아침","","2023년","건표고 슬라이스/무농약/0.1kg"
"가공식품","농산물가공식품","건표고가공품","1118293","건표고가공품","","2022년","건표고 슬라이스(유기농)"
"가공식품","농산물가공식품","건표고가공품","1118294","건표고/푸르원","농업회사법인㈜푸르원","2024년","건표고 슬라이스/0.1kg"
"가공식품","농산물가공식품","건표고가공품","1118296","건표고/율성맑은아침","","2023년","건표고버섯/수입산/0.1kg"
"가공식품","농산물가공식품","건표고가공품","1118297","건표고/율성맑은아침","","2023년","건표고버섯/무농약/0.1kg"
"가공식품","농산물가공식품","건표고가공품","1118298","건표고가공품","","2022년","건표고버섯(유기농)"
"가공식품","농산물가공식품","건표고가공품","1118299","건표고/푸르원","농업회사법인㈜푸르원","2024년","건표고버섯/0.1kg"
"가공식품","농산물가공식품","건표고가공품","1118300","건표고/푸르원","농업회사법인㈜푸르원","2024년","건표고버섯/친환경/0.1kg"
"가공식품","농산물가공식품","건표고가공품","1118301","건표고/하늘촌","","2024년","건표고버섯/무농약/1kg"
"가공식품","농산물가공식품","건표고가공품","1118302","건표고/율성맑은아침","","2023년","건표고버섯(깍둑썰기)/0.1kg"
"가공식품","농산물가공식품","건표고가공품","1118303","건표고/율성맑은아침","","2023년","건표고버섯(깍둑썰기)/수입산/0.1kg"
"가공식품","농산물가공식품","건표고가공품","1118304","건표고/율성맑은아침","","2023년","건표고버섯(깍둑썰기)/무농약/0.1kg"
"가공식품","농산물가공식품","건표고가공품","1118305","건표고가공품","","2022년","건표고버섯(깍둑썰기)(유기농)"
"가공식품","농산물가공식품","건표고가공품","1118306","건표고/율성맑은아침","","2023년","건표고버섯(동고)/0.1kg"
"가공식품","농산물가공식품","건표고가공품","1118307","건표고/율성맑은아침","","2023년","건표고버섯(밥용)/0.1kg"
"가공식품","농산물가공식품","건표고가공품","1118308","건표고/율성맑은아침","","2023년","건표고버섯(밥용)/무농약/0.1kg"
"가공식품","농산물가공식품","건표고가공품","1118309","건표고가공품","","2022년","건표고버섯(밥용)(유기농)"
"농산물","버섯류","애느타리버섯","1118310","애느타리버섯","","2024","애느타리버섯/0.3kg"
"가공식품","농산물가공식품","건표고가공품","1118311","건표고/하늘촌","","2024년","건표고버섯(슬라이스)/무농약/1kg"
"가공식품","농산물가공식품","건표고가공품","1118312","건표고/하늘촌","","2024년","건표고버섯(슬라이스)/1kg"
"가공식품","농산물가공식품","건표고가공품","1118313","건표고/율성맑은아침","","2023년","건표고버섯(탕수육용)/무농약/0.1kg"
"가공식품","농산물가공식품","건표고가공품","1118314","건표고가공품","","2022년","건표고버섯(탕수육용)(유기농)"
"농산물","서류","감자","1118315","감자(피)","","2024","감자(피) 150-250g/1kg/유기농_삭제"
"가공식품","농산물가공식품","건표고가공품","1118316","건표고가공품","","2022년","건표고버섯(향고)"
"가공식품","농산물가공식품","건표고가공품","1118317","건표고/율성맑은아침","","2023년","건표고버섯(향신)/0.1kg"
"가공식품","농산물가공식품","건표고가공품","1118318","건표고/율성맑은아침","","2023년","건표고버섯분말/0.1kg"
"가공식품","농산물가공식품","건표고가공품","1118319","건표고/푸르원","농업회사법인㈜푸르원","2024년","건표고슬라이스/무농약/0.1kg"
"가공식품","농산물가공식품","건표고가공품","1118320","건표고/푸르원","농업회사법인㈜푸르원","2024년","건표고칩/0.1kg"
"가공식품","농산물가공식품","삼","1118657","삼/하늘촌","","2024년","수삼(5년근)/1kg"
"가공식품","농산물가공식품","검정깨","1118321","검정깨/금호식품","햇살비","2023년","볶음검은깨(햇살비, pet/1kg)/수입산"
"가공식품","농산물가공식품","검정깨","1118322","검정깨/금호식품","햇살비","2023년","볶음검정깨(pet/1kg)"
"가공식품","농산물가공식품","검정깨","1118323","검정깨/옥천식품","전가고집","2023년","전가고집 검정볶음깨(500g)"
"가공식품","농산물가공식품","견과류기타","1118324","견과류기타/율성맑은아침","","2023년","마카다미아/수입산/0.1kg"
"가공식품","농산물가공식품","견과류믹서","1118325","견과류믹서/율성맑은아침","","2023년","견과류믹서(5종/샐러드용)/수입산/0.1kg"
"가공식품","농산물가공식품","견과류믹서","1118326","견과류믹서/율성맑은아침","","2023년","견과류믹서(5종/조림용)/수입산/0.1kg"
"가공식품","농산물가공식품","견과류믹서","1118327","견과류믹서/율성맑은아침","","2023년","견과류믹서(6종/샐러드용)/수입산/0.1kg"
"가공식품","농산물가공식품","견과류믹서","1118328","견과류믹서/율성맑은아침","","2023년","견과류믹서(6종/조림용)/수입산/0.1kg"
"가공식품","농산물가공식품","견과류믹서","1118329","견과류믹서/율성맑은아침","","2023년","견과류믹서(7종/조림용)/수입산/0.1kg"
"가공식품","농산물가공식품","결명자","1118330","결명자/산림조합","","2024년","결명자/1kg"
"가공식품","농산물가공식품","계피","1118331","계피/율성맑은아침","","2023년","계피가루/수입산/0.1kg"
"가공식품","농산물가공식품","계피","1118332","계피/율성맑은아침","","2023년","통계피/수입산/0.1kg"
"가공식품","농산물가공식품","계피","1118333","계피/푸르원","농업회사법인㈜푸르원","2023년","통계피/수입산/0.1kg"
"가공식품","농산물가공식품","계피","1118334","계피/하늘촌","","2024년","통계피/수입산/1kg"
"가공식품","농산물가공식품","고구마순","1118335","고구마순/산림조합","","2024년","고구마순(건데친)/0.3kg"
"가공식품","농산물가공식품","고구마순","1118336","고구마순/청채마루","","2024년","고구마순(건데친)/0.3kg"
"농산물","조미채소류","건고추","1118337","건고추","","2023","건홍고추/0.1kg/"
"가공식품","농산물가공식품","고구마순","1118338","고구마순/하늘촌","","2024년","고구마순(건데친)/1kg"
"농산물","조미채소류","마늘","1118339","마늘(꼭지제거)","","2024","마늘(깐것/꼭지제거)/0.3kg"
"가공식품","농산물가공식품","고구마전분","1118340","고구마전분/함양농협","","2023년","고구마전분(500g)"
"가공식품","농산물가공식품","고비","1118341","고비/청채마루","","2024","고비(건데친)/0.3kg"
"농산물","조미채소류","양파","1118342","양파(피)","","2024","양파(피)/1kg"
"가공식품","농산물가공식품","고사리가공품","1118343","고사리/하늘촌","","2024년","고사리/1kg"
"농산물","과일과채류","딸기","1118344","딸기","","2024","딸기(25-30개/500g)/무농약_삭제"
"농산물","과채류","오이","1118345","백오이","","2024","백오이/2개들입"
"가공식품","농산물가공식품","고사리가공품","1118346","고사리/청채마루","","2024년","고사리(데친)/수입산/0.3kg"
"농산물","근채류","연근","1118347","연근(튀김용)","","2024","연근/튀김용/0.3kg/"
"가공식품","농산물가공식품","고사리가공품","1118348","고사리/청채마루","","2024년","고사리(데친/haccp인증)/0.3kg"
"가공식품","농산물가공식품","고추가공품","1118349","고추/청채마루","","2023년","건고추잎/0.3kg/"
"가공식품","농산물가공식품","고추가공품","1118350","고추/율성맑은아침","","2023년","건청양고추/0.1kg"
"가공식품","농산물가공식품","고추가공품","1118351","고추/율성맑은아침","","2023년","건홍고추/0.1kg"
"가공식품","농산물가공식품","고추가공품","1118352","고추/푸르원","농업회사법인㈜푸르원","2023년","건홍고추/0.1kg"
"가공식품","농산물가공식품","고추가공품","1118353","고추/율성맑은아침","","2023년","건홍고추(꼭지제거)/0.1kg"
"가공식품","농산물가공식품","고추가공품","1118354","고추/푸르원","농업회사법인㈜푸르원","2023년","건홍고추(꼭지제거)/0.1kg"
"가공식품","농산물가공식품","고추가공품","1118355","고추/하늘촌","","2024년","건홍고추(통)/1kg"
"가공식품","농산물가공식품","고추가공품","1118356","고추/율성맑은아침","","2023년","베트남고추/수입산/0.1kg"
"가공식품","농산물가공식품","고추가공품","1118357","고추/율성맑은아침","","2023년","실고추/0.1kg"
"가공식품","농산물가공식품","고추나물","1118358","고추/하늘촌","","2024년","건고추잎/1kg/"
"가공식품","농산물가공식품","고추나물","1118359","고추나물/청채마루","","2025","고추나물(데친)/0.3kg"
"가공식품","농산물가공식품","고춧가루","1118360","고춧가루/금호식품","햇살비","2023년","고춧가루(고운것/골드)/1kg"
"가공식품","농산물가공식품","고춧가루","1118361","고춧가루/금호식품","햇살비","2023년","고춧가루(고운것/그린)/1kg"
"가공식품","농산물가공식품","고춧가루","1118362","고춧가루/금호식품","햇살비","2023년","고춧가루(조미용/골드)/1kg"
"가공식품","농산물가공식품","고춧가루","1118363","고춧가루/금호식품","햇살비","2023년","고춧가루(조미용/그린)/1kg"
"가공식품","농산물가공식품","고춧가루","1118364","고춧가루/금호식품","햇살비","2023년","고춧가루(조미용/프리미엄)/1kg"
"가공식품","농산물가공식품","고춧가루","1118365","고춧가루/남안동농협","","2023년","수고춧가루(1kg) 순한맛"
"가공식품","농산물가공식품","고춧가루","1118366","고춧가루/남안동농협","","2023년","수고춧가루(1kg) 약간매운맛"
"가공식품","농산물가공식품","고춧가루","1118367","고춧가루/남안동농협","","2023년","수고춧가루(1kg)장용"
"가공식품","농산물가공식품","고춧가루","1118368","고춧가루/남안동농협","","2023년","수고춧가루(500g) 순한맛"
"가공식품","농산물가공식품","고춧가루","1118369","고춧가루/남안동농협","","2023년","천년빛깔고춧가루(1kg) 순한맛"
"가공식품","농산물가공식품","고춧가루","1118370","고춧가루/남안동농협","","2023년","천년빛깔고춧가루(1kg) 약간매운맛"
"가공식품","농산물가공식품","고춧가루","1118371","고춧가루/남안동농협","","2023년","천년빛깔고춧가루(장용)/1kg"
"가공식품","농산물가공식품","고춧가루","1118372","고춧가루","","2023년","햇님마을 고춧가루(보통맛)_1kg"
"가공식품","농산물가공식품","고춧가루","1118373","고춧가루","","2023년","햇님마을 고춧가루(보통맛)_500g"
"가공식품","농산물가공식품","고춧가루","1118374","고춧가루","","2023년","햇님마을 고춧가루(순한맛)_1kg"
"가공식품","농산물가공식품","고춧가루","1118375","고춧가루","","2023년","햇님마을 고춧가루(순한맛)_500g"
"가공식품","농산물가공식품","곤드레","1118376","곤드레/청채마루","","2024년","건곤드레/0.3kg"
"가공식품","농산물가공식품","곤드레","1118377","곤드레/푸르원","농업회사법인㈜푸르원","2023년","건곤드레/무농약/0.1kg"
"농산물","버섯류","만가닥버섯","1118378","만가닥버섯","","2024","만가닥버섯/0.3kg_"
"농산물","버섯류","양송이버섯","1118379","양송이버섯","","2024","양송이버섯(화이트)/0.3kg"
"가공식품","농산물가공식품","곤드레","1118380","곤드레/청채마루","","2024년","곤드레(건데친)/0.3kg"
"가공식품","농산물가공식품","곤드레","1118381","곤드레/청채마루","","2024년","곤드레(건데친)/무농약/0.3kg"
"농산물","서류","감자","1118382","감자(깐것)","","2024","감자(깐것) 130-250g/1kg/유기농_삭제"
"농산물","조미채소류","마늘","1118383","마늘(깐것)","","2024","마늘(깐것)/0.3kg"
"가공식품","농산물가공식품","곤드레","1118384","곤드레/하늘촌","","2024년","곤드레(건데친)/무농약/1kg"
"가공식품","농산물가공식품","곤드레","1118385","곤드레/하늘촌","","2024년","곤드레(건데친)/1kg"
"농산물","근채류","연근","1118386","연근(깐통)","","2024","깐통연근/0.4kg"
"농산물","근채류","연근","1118387","연근(채)","","2024","연근/채/0.3kg_삭제"
"가공식품","농산물가공식품","곤드레","1118388","곤드레/청채마루","","2024년","곤드레(데친)/0.3kg"
"가공식품","농산물가공식품","곤드레","1118389","곤드레/청채마루","","2024년","곤드레(데친)/무농약/0.3kg"
"가공식품","농산물가공식품","곤드레","1118390","곤드레/푸르원","농업회사법인㈜푸르원","2023년","곤드레(데친)/무농약/0.5kg"
"가공식품","농산물가공식품","곤드레","1118391","곤드레/푸르원","농업회사법인㈜푸르원","2023년","곤드레(데친)/0.5kg"
"농산물","버섯류","표고버섯","1118392","표고버섯(슬라이스)","","2024","표고버섯(슬라이스)/0.3kg"
"농산물","조미채소류","마늘","1118393","마늘","","2024","마늘(중, 17mm 이하(14mm이상), 꼭지미제거)/0.3kg/유기농_삭제"
"가공식품","농산물가공식품","곤드레","1118394","곤드레/하늘촌","","2024년","곤드레(데친)/1kg"
"가공식품","농산물가공식품","곤드레","1118395","곤드레/하늘촌","","2024년","곤드레(데친)/무농약/1kg"
"농산물","근채류","연근","1118396","연근(피)","","2024","피연근/0.4kg"
"농산물","음료류","사과즙(유기농)","1118397","사과즙(유기농)","","2024","유기농사과즙(100ml)_삭제"
"가공식품","농산물가공식품","구기자","1118398","구기자/율성맑은아침","","2023년","구기자/0.1kg"
"가공식품","농산물가공식품","구기자","1118399","구기자/율성맑은아침","","2023년","구기자/수입산/0.1kg"
"농산물","조미채소류","양파","1118400","양파(깐것)","","2024","양파(깐것)/1kg"
"농산물","조미채소류","양파","1118401","양파(깐것)","","2024","양파(깐것)100g이하/1kg"
"농산물","버섯류","느타리버섯","1118402","느타리버섯","","2024","느타리버섯/0.3kg/"
"가공식품","농산물가공식품","기타","1118403","완두콩/푸르원","농업회사법인㈜푸르원","2023년","냉동완두콩/1kg"
"농산물","버섯류","표고버섯","1118404","표고버섯(배지)","","2024","표고버섯(배지)/0.3kg"
"가공식품","농산물가공식품","깻잎가공품","1118405","깻잎/청채마루","","2025","깻잎순(데친)/0.3kg"
"가공식품","농산물가공식품","깻잎가공품","1118406","깻잎/청채마루","","2025","순바라깻잎(데친)/0.3kg"
"가공식품","농산물가공식품","냉동옥수수알","1118407","냉동옥수수알/푸르원","농업회사법인㈜푸르원","2023년","냉동 옥수수알/1kg"
"가공식품","농산물가공식품","냉이가공품","1118408","냉이/하늘촌","","2024년","냉이/1kg"
"가공식품","농산물가공식품","냉이가공품","1118409","냉이/청채마루","","2025","냉이(손질)/0.3kg"
"가공식품","농산물가공식품","냉이가공품","1118410","냉이/청채마루","","2024년","냉이(손질)/무농약/0.3kg/"
"가공식품","농산물가공식품","녹두가루","1118411","녹두가루/함양농협","","2023년","녹두가루(1kg)"
"가공식품","농산물가공식품","들깨가루","1118412","들깨가루((1kg,거피)","","2023년","들깨가루((1kg, 거피)"
"가공식품","농산물가공식품","늙은호박","1118413","늙은호박/청채마루","","2024년","늙은호박(죽용)/0.3kg"
"가공식품","농산물가공식품","들깨가루","1118414","들깨가루(500g,거피)","","2023년","들깨가루(500g, 거피)"
"가공식품","농산물가공식품","늙은호박","1118415","늙은호박/청채마루","","2024년","늙은호박(찜용)/0.3kg"
"가공식품","농산물가공식품","매실액","1118416","청매실(엑기스,500ml)","","2023년","청매실(엑기스, 500ml)"
"가공식품","농산물가공식품","늙은호박","1118417","늙은호박/청채마루","","2024년","늙은호박(채)/0.3kg"
"가공식품","농산물가공식품","메밀가루","1118418","메밀가루(500g)","","2023년","메밀가루(500g)"
"가공식품","농산물가공식품","단감가공품","1118419","조각단감/프레시아트","","2023년","단감(30g)/1kg"
"가공식품","농산물가공식품","단감가공품","1118420","조각단감/프레시아트","","2023년","단감(40g)/1kg"
"가공식품","농산물가공식품","단감가공품","1118421","조각단감/프레시아트","","2023년","단감(샐러드용)/1kg"
"가공식품","농산물가공식품","단감가공품","1118422","조각단감/아나나스푸드","","2023년","단감-조각(40g)/1kg"
"가공식품","농산물가공식품","단감가공품","1118423","조각단감/아나나스푸드","","2023년","단감-조각(50g)/1kg"
"가공식품","농산물가공식품","달걀","1118424","달걀","","2024년","계란(1등급 특란)/"
"가공식품","농산물가공식품","달걀","1118425","달걀","","2024년","계란(1등급 특란)//"
"가공식품","농산물가공식품","달걀","1118426","달걀/안일농장","안일농장","2024년","계란(1등급 특란,10구)/무항생제/0.6kg"
"가공식품","농산물가공식품","달걀","1118427","달걀","","2024년","계란(1+등급 특란)"
"가공식품","농산물가공식품","달걀","1118428","달걀(1+등급/특란/10구)","","당해년도","계란(1+등급 특란,10개입(0.6kg단위로발주가능)"
"가공식품","농산물가공식품","달걀","1118429","달걀(1+등급/특란/30구)","","당해년도","계란(1+등급 특란,30개입(1.8kg단위로 발주가능)"
"가공식품","농산물가공식품","달걀","1118430","달걀","안일농장","2024년","계란(1등급 특란)////"
"가공식품","농산물가공식품","달걀","1118431","달걀","","2024년","계란(1등급 특란)///"
"가공식품","농산물가공식품","달걀","1118432","달걀","","2024년","계란(1등급 특란)/////"
"가공식품","농산물가공식품","달걀","1118433","달걀","","2024년","계란(가농금계란/ 1등급 특란,30구)&&"
"가공식품","농산물가공식품","달걀","1118434","달걀","","2024년","계란(가농금계란/ 1등급 특란,30구)&&&"
"가공식품","농산물가공식품","달걀","1118435","달걀","","2024년","계란(가농금계란/ 1등급 특란,30구)&"
"가공식품","농산물가공식품","달걀","1118436","달걀(1등급/특란/30구)","","별도표기","계란(가농금계란/1등급/특란,30구)1.8kg단위로발주가능"
"가공식품","농산물가공식품","당귀","1118437","당귀/산림조합","","2024년","당귀/0.1kg"
"가공식품","농산물가공식품","당귀","1118438","당귀/율성맑은아침","","2023년","당귀/0.1kg"
"가공식품","농산물가공식품","대추가공품","1118439","대추/율성맑은아침","","2023년","건대추(별초)/0.1kg"
"가공식품","농산물가공식품","대추가공품","1118440","대추/율성맑은아침","","2023년","건대추(상초)/0.1kg"
"가공식품","농산물가공식품","대추가공품","1118441","대추/율성맑은아침","","2023년","건대추(특초)/0.1kg"
"가공식품","농산물가공식품","대추가공품","1118442","대추/율성맑은아침","","2023년","대추채/0.1kg"
"가공식품","농산물가공식품","대추가공품","1118443","대추/율성맑은아침","","2023년","씨제거대추/0.1kg"
"가공식품","농산물가공식품","대파가공품","1118444","대파/청채마루","","2025","대파채/0.3kg"
"가공식품","농산물가공식품","대파가공품","1118445","대파/푸르원","농업회사법인㈜푸르원","2023년","대파채/무농약/0.5kg"
"가공식품","농산물가공식품","대파가공품","1118446","대파/푸르원","농업회사법인㈜푸르원","2023년","대파채/0.5kg"
"가공식품","농산물가공식품","콩가루","1118447","콩가루(생콩가루,500g)","","2023년","콩가루(생콩가루, 500g)"
"가공식품","농산물가공식품","더덕","1118448","더덕/청채마루","","2025","깐더덕/0.3kg"
"농산물","과일과채류","방울토마토","1118449","대추방울토마토(10-20g)","","2024년","대추방울토마토(10~20g)/0.5kg"
"가공식품","농산물가공식품","더덕","1118450","더덕/청채마루","","2025","더덕(눌린것)/0.3kg"
"농산물","과일류","감귤","1118451","감귤(87내/10k)","","2024","비가림감귤,107-123g/개(87내/10k)/1kg"
"가공식품","농산물가공식품","더덕","1118452","더덕/청채마루","","2025","더덕실채/0.3kg"
"농산물","과일류","감귤","1118453","감귤(140내/10k)","","2024","비가림감귤,63-82g/개(140내/10k)/1kg"
"가공식품","농산물가공식품","더덕","1118454","더덕/청채마루","","2025","더덕채/0.3kg"
"농산물","과일류","오렌지","1118455","레드향(탄금향)(200g)","","2024","레드향(탄금향) (200g/개), 1kg/무농약_삭제"
"가공식품","농산물가공식품","더덕","1118456","더덕/하늘촌","","2024년","더덕채/1kg"
"가공식품","농산물가공식품","도라지가공품","1118457","도라지/하늘촌","","2024년","도라지/강정용&정과용/무농약/1kg"
"가공식품","농산물가공식품","도라지가공품","1118458","도라지/하늘촌","","2024년","눌린통도라지/무농약/1kg"
"가공식품","농산물가공식품","도라지가공품","1118459","도라지/청채마루","","2025","도라지(강정용)/0.3kg"
"가공식품","농산물가공식품","도라지가공품","1118460","도라지/청채마루","","2025","도라지(강정용)/무농약/0.3kg"
"농산물","기타채소","고사리","1118461","고사리","","2023년","고사리(건데친)/0.5kg/"
"가공식품","농산물가공식품","도라지가공품","1118462","도라지/하늘촌","","2024년","도라지(깐통)/1kg"
"가공식품","농산물가공식품","도라지가공품","1118463","도라지/청채마루","","2025","도라지(눌린것)/0.3kg"
"가공식품","농산물가공식품","도라지가공품","1118464","도라지/청채마루","","2025","도라지(눌린것)/무농약/0.3kg"
"농산물","버섯류","표고버섯","1118465","표고버섯(배지)","","2024년","표고버섯(배지)/0.3kg"
"농산물","서류","고구마","1118466","고구마(50~80g)","","2024년","고구마(50~80g)/1kg/"
"농산물","서류","고구마","1118467","고구마(깐것)","","2023년","고구마(깐것)/1kg/"
"농산물","서류","고구마","1118468","고구마(채)","","2023년","고구마(깐것/가는채)/1kg/"
"가공식품","농산물가공식품","도라지가공품","1118469","도라지/청채마루","","2025","실채도라지/0.3kg"
"가공식품","농산물가공식품","도라지가공품","1118470","도라지/청채마루","","2025","실채도라지/무농약/0.3kg"
"가공식품","농산물가공식품","도라지가공품","1118471","도라지/푸르원","농업회사법인㈜푸르원","2024년","실채도라지/무농약/0.5kg"
"농산물","서류","고구마","1118472","고구마(피)","","2024년","고구마(피/세척)/1kg/"
"가공식품","농산물가공식품","도라지가공품","1118473","도라지/하늘촌","","2024년","실채도라지/1kg"
"가공식품","농산물가공식품","도라지가공품","1118474","도라지/하늘촌","","2024년","실채도라지/무농약/1kg"
"가공식품","농산물가공식품","도라지가공품","1118475","도라지/청채마루","","2025","채도라지/0.3kg"
"가공식품","농산물가공식품","도라지가공품","1118476","도라지/청채마루","","2025","채도라지/무농약/0.3kg"
"가공식품","농산물가공식품","도라지가공품","1118477","도라지/푸르원","농업회사법인㈜푸르원","2024년","채도라지/무농약/0.5kg"
"농산물","엽경채류","근대","1118478","근대","","2024","근대(청)/0.3kg/유기농_삭제"
"가공식품","농산물가공식품","도라지가공품","1118479","도라지/하늘촌","","2024년","채도라지/1kg"
"가공식품","농산물가공식품","도라지가공품","1118480","도라지/하늘촌","","2024년","채도라지/무농약/1kg"
"농산물","엽경채류","시금치","1118481","시금치","","2024년","시금치/0.3kg/일반_삭제"
"농산물","엽경채류","쑥갓","1118482","쑥갓","","2024년","쑥갓/0.3kg/"
"농산물","엽경채류","양배추","1118483","양배추(깐것)","","2024년","깐양배추/통"
"농산물","엽경채류","얼갈이","1118484","얼갈이","","2024년","얼갈이(생것)/0.3kg"
"농산물","음료류","사과즙(유기농)","1118485","사과즙","","2024","유기농사과즙(100ml)_삭제"
"농산물","조미채소류","대파","1118486","대파(간편대파)","","2024년","간편대파(깐것)/0.5kg"
"농산물","조미채소류","대파","1118487","대파(깐것)","","2024년","대파(깐것)/0.5kg"
"농산물","조미채소류","대파","1118488","대파(흙)","","2024년","대파(흙)/0.5kg/"
"농산물","조미채소류","마늘","1118489","마늘(깐것)","","2023년","마늘(깐것)/0.3kg"
"농산물","조미채소류","마늘","1118490","마늘(꼭지제거)","","2023년","마늘(깐것/꼭지제거)/0.3kg"
"가공식품","농산물가공식품","도라지가공품","1118491","도라지/청채마루","","2025","통도라지/무농약/0.3kg"
"가공식품","농산물가공식품","도라지가공품","1118492","도라지/푸르원","농업회사법인㈜푸르원","2024년","통도라지/무농약/0.5kg"
"농산물","조미채소류","양파","1118493","양파(깐것)","","2024년","양파(깐것)100g이하/1kg/"
"가공식품","농산물가공식품","도라지가공품","1118494","도라지/하늘촌","","2024년","통도라지/무농약/1kg"
"가공식품","농산물가공식품","도라지가공품","1118495","도라지/하늘촌","","2024년","통도라지 어슷썰기/무농약/1kg"
"가공식품","농산물가공식품","두부","1118496","국산부침두부3kg(일반)","","2022년","국산부침두부/3kg/일반/3kg단위로만발주가능"
"가공식품","농산물가공식품","두부","1118497","국산슬라이스두부(300조각마파)3kg(일반)","","2022년","국산슬라이스두부(300조각 마파) 3kg(일반)"
"가공식품","농산물가공식품","두부","1118498","국산슬라이스두부(72조각부침)3kg(일반)","","2022년","국산슬라이스두부(72조각 부침) 3kg(일반)"
"가공식품","농산물가공식품","두부","1118499","국산찌개두부3kg(일반)","","2022년","국산찌개두부 3kg(일반)"
"가공식품","농산물가공식품","두부","1118500","두부(마파용3kg)","","2023년","두부(마파용 3kg)"
"가공식품","농산물가공식품","두부","1118501","두부(부침용350g)","","2023년","두부(부침용 350g)/0.35kg 단위로만 발주가능"
"가공식품","농산물가공식품","두부","1118502","두부(부침용3kg)(일반)","","2023년","두부(부침용 3kg)(일반)"
"가공식품","농산물가공식품","두부","1118503","두부(부침용3kg)(무농약)","","2023년","두부(부침용 3kg)(무농약)"
"가공식품","농산물가공식품","두부","1118504","두부(슬라이스부침3kg)","","2023년","두부(슬라이스부침,3kg)"
"가공식품","농산물가공식품","두부","1118505","두부(찌개용350g)","","2023년","두부(찌개용 350g)/0.35kg 단위로만 발주가능"
"가공식품","농산물가공식품","두부","1118506","두부(찌개용3kg)","","2023년","두부(찌개용 3kg)"
"가공식품","농산물가공식품","두부","1118507","두부(칼슘두부3kg)","","2023년","두부(칼슘두부,3kg)"
"가공식품","농산물가공식품","두부","1118508","무농약부침두부3kg(무농약)","","2022년","무농약부침두부 3kg(무농약)"
"가공식품","농산물가공식품","두부","1118509","무농약슬라이스두부(300조각마파)3kg(무농약)","","2022년","무농약슬라이스두부(300조각 마파) 3kg(무농약)"
"가공식품","농산물가공식품","두부","1118510","무농약슬라이스두부(72조각부침)3kg(무농약)","","2022년","무농약슬라이스두부(72조각 부침) 3kg(무농약)"
"가공식품","농산물가공식품","두부","1118511","무농약찌개두부3kg(무농약)","","2022년","무농약찌개두부 3kg(무농약)"
"가공식품","농산물가공식품","들기름","1118512","들기름/금호식품","햇살비","2023년","들기름(1L)"
"가공식품","농산물가공식품","들기름","1118513","들기름/금호식품","햇살비","2023년","들기름(햇살비, 1L)/수입산"
"가공식품","농산물가공식품","들기름","1118514","들기름/옥천식품","전가고집","2023년","전가고집 들기름(500ml)"
"가공식품","농산물가공식품","들기름","1118515","들기름","","2023년","햇님마을 들기름_ 500ml"
"가공식품","농산물가공식품","들깨가루","1118516","들깨가루/금호식품","햇살비","2023년","거피들깨가루/1kg"
"가공식품","농산물가공식품","들깨가루","1118517","들깨가루/함양농협","","2023년","거피들깨가루(1kg)"
"가공식품","농산물가공식품","들깨가루","1118518","들깨가루/함양농협","","2023년","거피들깨가루(250g)/2개 단위 판매/0.5kg"
"가공식품","농산물가공식품","들깨가루","1118519","들깨가루/함양농협","","2023년","거피들깨가루(500g)"
"가공식품","농산물가공식품","들깨가루","1118520","들깨가루/함양농협","","2023년","들깨가루((1kg, 거피)"
"가공식품","농산물가공식품","들깨가루","1118521","들깨가루/함양농협","","2023년","들깨가루(250g, 거피)/2개 단위 판매/0.5kg"
"가공식품","농산물가공식품","들깨가루","1118522","들깨가루/함양농협","","2023년","들깨가루(500g, 거피)"
"가공식품","농산물가공식품","들깨가루","1118523","들깨가루/옥천식품","전가고집","2023년","전가고집 들깨가루(거피/1kg)"
"가공식품","농산물가공식품","들깨가루","1118524","들깨가루/옥천식품","전가고집","2023년","전가고집 들깨가루(거피/500g)"
"가공식품","농산물가공식품","들깨가루","1118525","들깨가루/옥천식품","착한국산 통들깨가루","2023년","착한 국산통들깨가루(무거피,500g)"
"가공식품","농산물가공식품","들깨가루","1118526","들깨가루","","2023년","햇님마을 껍질벗긴 들깨가루_1kg"
"가공식품","농산물가공식품","들깨가루","1118527","들깨가루","","2023년","햇님마을 들깨가루_1kg"
"가공식품","농산물가공식품","땅콩","1118528","땅콩/산림조합","","2024년","볶은깐땅콩(반알)/0.2kg"
"가공식품","농산물가공식품","땅콩","1118529","땅콩/산림조합","","2024년","볶은깐땅콩(분쇄)/0.2kg"
"가공식품","농산물가공식품","땅콩","1118530","땅콩/율성맑은아침","","2023년","볶음땅콩반태/0.1kg"
"가공식품","농산물가공식품","땅콩","1118531","땅콩/푸르원","농업회사법인㈜푸르원","2024년","볶음땅콩반태/0.5kg"
"가공식품","농산물가공식품","땅콩","1118532","땅콩/율성맑은아침","","2023년","볶음땅콩분태(수입)/0.1kg"
"가공식품","농산물가공식품","땅콩","1118533","땅콩/율성맑은아침","","2023년","볶음땅콩조각(분태)/0.1kg"
"가공식품","농산물가공식품","땅콩","1118534","땅콩/푸르원","농업회사법인㈜푸르원","2024년","볶음땅콩조각(분태)/0.5kg"
"가공식품","농산물가공식품","땅콩","1118535","땅콩/율성맑은아침","","2023년","볶음반태땅콩(수입)/0.1kg"
"가공식품","농산물가공식품","땅콩","1118536","땅콩/율성맑은아침","","2023년","부럼땅콩(2g)/0.1kg"
"가공식품","농산물가공식품","땅콩","1118537","땅콩/산림조합","","2024년","생땅콩/0.2kg"
"가공식품","농산물가공식품","땅콩","1118538","땅콩/율성맑은아침","","2023년","생땅콩/0.1kg"
"가공식품","농산물가공식품","땅콩","1118539","땅콩/푸르원","농업회사법인㈜푸르원","2024년","생땅콩/0.5kg"
"가공식품","농산물가공식품","마늘쫑가공품","1118540","마늘쫑/청채마루","","2024년","마늘쫑/수입산/0.3kg"
"가공식품","농산물가공식품","마늘쫑가공품","1118541","마늘쫑/청채마루","","2024년","마늘쫑/5cm절단/수입산/0.3kg"
"가공식품","농산물가공식품","망고","1118542","망고/율성맑은아침","","2023년","건망고(슬라이스)/수입산/0.1kg"
"가공식품","농산물가공식품","망고","1118543","조각망고/골든골드","㈜골든골드","2024년","생망고(25g, 조각과일)/수입산/2kg"
"가공식품","농산물가공식품","망고","1118544","조각망고/골든골드","㈜골든골드","2024년","생망고(30g, 조각과일)/수입산/2kg"
"가공식품","농산물가공식품","망고","1118545","조각망고/골든골드","㈜골든골드","2024년","생망고(40g, 조각과일)/수입산/2kg"
"가공식품","농산물가공식품","망고","1118546","조각망고/골든골드","㈜골든골드","2024년","생망고(샐러드용)/수입산/2kg"
"가공식품","농산물가공식품","망고","1118551","조각망고/아나나스푸드","","2023년","후레쉬써니망고-조각 (30g)/수입산/1kg"
"가공식품","농산물가공식품","망고","1118552","조각망고/아나나스푸드","","2023년","후레쉬써니망고-조각 (40g)/수입산/1kg"
"가공식품","농산물가공식품","매실액","1118553","매실액/함양농협","","2023년","청매실(엑기스, 1리터)"
"가공식품","농산물가공식품","매실액","1118554","매실액(500ml)","","2023년","청매실(엑기스, 500ml)"
"가공식품","농산물가공식품","매실액","1118555","매실액/함양농협","","2023년","청매실(엑기스, 700ml)"
"농산물","엽경채류","근대","1118556","근대","","2024","근대(청)/0.3kg/무농약_삭제"
"가공식품","농산물가공식품","메론가공품","1118557","조각메론/프레시아트","","2023년","메론(샐러드용)/1kg"
"가공식품","농산물가공식품","메론가공품","1118558","조각메론/프레시아트","","2023년","메론(세지, 30g)/1kg"
"가공식품","농산물가공식품","메론가공품","1118559","조각메론/프레시아트","","2023년","메론(세지, 40g)/1kg"
"가공식품","농산물가공식품","메론가공품","1118560","조각메론/프레시아트","","2023년","메론(세지, 50g)/1kg"
"가공식품","농산물가공식품","메론가공품","1118561","조각메론/프레시아트","","2023년","메론(세지, 60g)/1kg"
"가공식품","농산물가공식품","메론가공품","1118562","조각메론/프레시아트","","2023년","메론(세지, 샐러드용)/1kg"
"가공식품","농산물가공식품","메론가공품","1118563","조각메론/프레시아트","","2023년","메론(조각, 30g)/1kg"
"가공식품","농산물가공식품","메론가공품","1118564","조각메론/프레시아트","","2023년","메론(조각, 40g)/1kg"
"가공식품","농산물가공식품","메론가공품","1118565","조각메론/프레시아트","","2023년","메론(조각, 50g)/1kg"
"가공식품","농산물가공식품","메론가공품","1118566","조각메론/프레시아트","","2023년","메론(조각, 60g)/1kg"
"가공식품","농산물가공식품","메론가공품","1118567","조각메론/아나나스푸드","","2023년","메론-샐러드 (1kg)/1kg"
"가공식품","농산물가공식품","메론가공품","1118568","조각메론/아나나스푸드","","2023년","메론-조각 (30g)/1kg"
"가공식품","농산물가공식품","메론가공품","1118569","조각메론/아나나스푸드","","2023년","메론-조각 (35g)/1kg"
"가공식품","농산물가공식품","메론가공품","1118570","조각메론/아나나스푸드","","2023년","메론-조각 (40g)/1kg"
"가공식품","농산물가공식품","메밀가루","1118571","메밀가루/함양농협","","2023년","메밀가루(500g)"
"가공식품","농산물가공식품","모듬과일","1118572","모듬과일/프레시아트","","2023년","모듬과일(6번, 40g)/수입산/1kg"
"가공식품","농산물가공식품","모듬과일","1118573","모듬과일/프레시아트","","2023년","모듬과일(6번, 60g)/수입산/1kg"
"가공식품","농산물가공식품","모듬과일","1118574","모듬과일/프레시아트","","2023년","모듬과일(6번, 80g)/수입산/1kg"
"가공식품","농산물가공식품","무말랭이가공품","1118575","무말랭이/청채마루","","2024년","건무말랭이/0.3kg"
"농산물","과일과채류","방울토마토","1118576","방울토마토(배식용)","","2024","방울토마토(배식용)/0.5kg/유기농_삭제"
"가공식품","농산물가공식품","무말랭이가공품","1118577","무말랭이/하늘촌","","2024년","건무말랭이/1kg"
"가공식품","농산물가공식품","무말랭이가공품","1118578","무말랭이/푸르원","농업회사법인㈜푸르원","2024년","무말랭이/0.1kg"
"가공식품","농산물가공식품","무시래기가공품","1118579","무시래기/청채마루","","2024","건무시래기/0.3kg"
"농산물","과일과채류","토마토","1118580","완숙토마토(소스용)","","2024","완숙토마토(소스용)/1kg/유기농_삭제"
"농산물","과일과채류","토마토","1118581","완숙토마토(200g)","","2024","완숙토마토,200g/개, 1kg/유기농_삭제"
"농산물","과일류","배","1118582","배(29-34)","","2023","배(29-34개/15kg 상자 기준)/1.5kg/"
"농산물","과일류","배","1118583","배(35-40)","","2023","배(35-40개/15kg 상자 기준)/1.5kg/"
"가공식품","농산물가공식품","무시래기가공품","1118584","무시래기/청채마루","","2024","무시래기(건데친)/0.3kg"
"농산물","버섯류","새송이버섯","1118585","새송이버섯","","2024","새송이버섯/0.3kg"
"농산물","버섯류","애느타리버섯","1118586","애느타리버섯","","2024","애느타리버섯/0.3kg"
"가공식품","농산물가공식품","무시래기가공품","1118587","무시래기/하늘촌","","2024년","무시래기(건데친)/1kg"
"가공식품","농산물가공식품","무시래기가공품","1118588","무시래기/하늘촌","","2024년","무시래기(건데친)/무농약/1kg"
"가공식품","농산물가공식품","무시래기가공품","1118589","무시래기/청채마루","","2025","무시래기(데친)/0.3kg"
"농산물","엽경채류","근대","1118590","근대","","2024","근대(청)/0.3kg/유기농_삭제"
"농산물","엽경채류","상추","1118591","청상추","","2024","청상추/0.3kg/무농약_삭제"
"가공식품","농산물가공식품","무화과가공품","1118592","무화과/율성맑은아침","","2023년","건무화과/수입산/0.1kg"
"가공식품","농산물가공식품","묵가루","1118593","도토리묵가루(500g)","","2023년","도토리묵가루(500g)"
"가공식품","농산물가공식품","미숫가루","1118594","미숫가루/함양농협","","2023년","미숫가루(500g, 9곡)"
"가공식품","농산물가공식품","바나나가공품","1118595","바나나/율성맑은아침","","2023년","건바나나칩/수입산/0.1kg"
"가공식품","농산물가공식품","반건시","1118596","반건시/율성맑은아침","","2023년","반건시(50g내외)/0.1kg"
"가공식품","농산물가공식품","밤가공품","1118597","밤/하늘촌","","2024년","깐밤/무농약/1kg"
"가공식품","농산물가공식품","밤가공품","1118598","밤/하늘촌","","2024년","깐밤깍둑/무농약/1kg"
"가공식품","농산물가공식품","밤가공품","1118599","밤/율성맑은아침","","2023년","생율/0.1kg"
"가공식품","농산물가공식품","밤가공품","1118600","밤가공품","","2023년","생율(무농약)"
"가공식품","농산물가공식품","밤가공품","1118601","밤/율성맑은아침","","2023년","생율/무농약/0.1kg"
"가공식품","농산물가공식품","밤가공품","1118602","밤/푸르원","농업회사법인㈜푸르원","2024년","생율/0.5kg"
"가공식품","농산물가공식품","밤가공품","1118603","밤/율성맑은아침","","2023년","생율깍둑/0.1kg"
"가공식품","농산물가공식품","밤가공품","1118604","밤가공품","","2023년","생율깍둑(무농약)"
"가공식품","농산물가공식품","밤가공품","1118605","밤/율성맑은아침","","2023년","생율깍둑/무농약/0.1kg"
"가공식품","농산물가공식품","밤가공품","1118606","밤/푸르원","농업회사법인㈜푸르원","2024년","생율깍둑/0.5kg"
"가공식품","농산물가공식품","밤가공품","1118607","밤/푸르원","농업회사법인㈜푸르원","2023년","친환경 생율/유기농/0.5kg"
"가공식품","농산물가공식품","밤가공품","1118608","밤/푸르원","농업회사법인㈜푸르원","2023년","친환경 생율깍둑/유기농/0.5kg"
"가공식품","농산물가공식품","밤가공품","1118609","밤가공품","","2023년","피밤(군밤용/대/칼집낸거(25g기준))(무농약)"
"가공식품","농산물가공식품","밤가공품","1118610","피밤(군밤용/대/칼집낸거(25g기준))(유기농)","","2023년","피밤(군밤용/대/칼집낸거(25g기준))(유기농)"
"가공식품","농산물가공식품","밤가공품","1118611","밤/푸르원","농업회사법인㈜푸르원","2024년","피밤(찐밤용)30g내외/무농약/0.5kg"
"가공식품","농산물가공식품","밤가공품","1118612","밤/푸르원","농업회사법인㈜푸르원","2024년","피밤(찐밤용, 20g)/무농약/0.5kg"
"가공식품","농산물가공식품","밤가공품","1118613","밤/푸르원","농업회사법인㈜푸르원","2024년","피밤(칼집-군밤용)30g내외/무농약/0.5kg"
"가공식품","농산물가공식품","밤가공품","1118614","밤/푸르원","농업회사법인㈜푸르원","2024년","피밤(칼집-군밤용, 20g)/무농약/0.5kg"
"가공식품","농산물가공식품","밤가공품","1118615","피밤/대/찜용(20g기준)(일반)","","2023년","피밤/대/찜용(20g기준)(일반)"
"가공식품","농산물가공식품","밤가공품","1118616","밤가공품","","2023년","피밤/대/찜용(20g기준)(무농약)"
"가공식품","농산물가공식품","밤가공품","1118617","피밤/대/찜용(20g기준)(유기농)","","2023년","피밤/대/찜용(20g기준)(유기농)"
"가공식품","농산물가공식품","밤가공품","1118618","피밤/특/찜용(30g기준)(일반)","","2023년","피밤/특/찜용(30g기준)(일반)"
"가공식품","농산물가공식품","밤가공품","1118619","밤가공품","","2023년","피밤/특/찜용(30g기준)(무농약)"
"가공식품","농산물가공식품","밤가공품","1118620","피밤/특/찜용(30g기준)(유기농)","","2023년","피밤/특/찜용(30g기준)(유기농)"
"가공식품","농산물가공식품","방울토마토가공품","1118621","방울토마토/프레시아트","","2023년","방울토마토(kg)/1kg"
"가공식품","농산물가공식품","방울토마토가공품","1118622","방울토마토/아나나스푸드","","2023년","스테비아 방울토마토 (1kg)"
"농산물","양채류","치커리","1118623","치커리(청색)","","2024년","치커리(청색)/0.3kg/"
"가공식품","농산물가공식품","방풍나물가공품","1118624","방풍나물/하늘촌","","2024년","방풍나물(건데친)/1kg"
"가공식품","농산물가공식품","방풍나물가공품","1118625","방풍나물/청채마루","","2025","방풍나물(데친)/0.3kg"
"농산물","조미채소류","생강","1118626","생강(흙)","","2023년","생강(흙)/0.3kg"
"가공식품","농산물가공식품","배가공품","1118627","조각배/프레시아트","","2023년","배(20g)/1kg/"
"가공식품","농산물가공식품","배가공품","1118628","배/아나나스푸드","","2023년","배(20g) (20g)/1kg"
"가공식품","농산물가공식품","배가공품","1118629","배/프레시아트","","2023년","배(25g)/1kg/"
"가공식품","농산물가공식품","배가공품","1118630","배/아나나스푸드","","2023년","배(25g) (25g)/1kg"
"가공식품","농산물가공식품","배가공품","1118631","배/프레시아트","","2023년","배(30g)/1kg/"
"가공식품","농산물가공식품","배가공품","1118632","배/아나나스푸드","","2023년","배(30g) (30g)/1kg"
"가공식품","농산물가공식품","배가공품","1118633","조각배/프레시아트","","2023년","배(40g)/1kg"
"가공식품","농산물가공식품","배가공품","1118634","배/아나나스푸드","","2023년","배(40g) (40g)/1kg"
"가공식품","농산물가공식품","배가공품","1118635","조각배/프레시아트","","2023년","배(50g)/1kg"
"가공식품","농산물가공식품","배가공품","1118636","배/아나나스푸드","","2023년","배(50g) (50g)/1kg"
"가공식품","농산물가공식품","배가공품","1118637","조각배/프레시아트","","2023년","배(샐러드용)/1kg"
"가공식품","농산물가공식품","배가공품","1118638","배/아나나스푸드","","2023년","배(샐러드용) (1kg)/1kg"
"가공식품","농산물가공식품","부지갱이","1118639","부지갱이/청채마루","","2024년","부지갱이(건데친)/0.3kg"
"수산물","어류","갈치","1118640","갈치절단","","2023/2024","갈치 냉동(손질) 절단모로코산,20g"
"가공식품","농산물가공식품","사과가공품","1118641","사과/프레시아트","","2023년","사과(30g)/1kg"
"가공식품","농산물가공식품","사과가공품","1118642","사과/아나나스푸드","","2023년","사과(30g) (30g)/1kg"
"가공식품","농산물가공식품","사과가공품","1118643","사과/프레시아트","","2023년","사과(40g)/1kg"
"가공식품","농산물가공식품","사과가공품","1118644","사과/아나나스푸드","","2023년","사과(40g) (40g)/1kg"
"가공식품","농산물가공식품","사과가공품","1118645","사과/프레시아트","","2023년","사과(50g)/1kg"
"가공식품","농산물가공식품","사과가공품","1118646","사과/아나나스푸드","","2023년","사과(50g) (50g)/1kg"
"가공식품","농산물가공식품","사과가공품","1118647","사과/프레시아트","","2023년","사과(샐러드용)/1kg"
"가공식품","농산물가공식품","사과가공품","1118648","사과/아나나스푸드","","2023년","사과(샐러드용) (1kg)/1kg"
"가공식품","농산물가공식품","산초","1118649","산초/율성맑은아침","","2023년","산초가루/0.1kg"
"가공식품","농산물가공식품","살구","1118650","살구/율성맑은아침","","2023년","건살구/수입산/0.1kg//"
"가공식품","농산물가공식품","삼","1118651","삼/율성맑은아침","","2023년","수삼(3년근)/0.1kg"
"가공식품","농산물가공식품","삼","1118652","수삼/푸르원","농업회사법인㈜푸르원","2023년","수삼(3년근)/0.5kg"
"가공식품","농산물가공식품","삼","1118653","삼/하늘촌","","2024년","수삼(3년근)/1kg"
"가공식품","농산물가공식품","삼","1118654","삼/율성맑은아침","","2023년","수삼(4년근)/0.1kg"
"가공식품","농산물가공식품","삼","1118655","삼/하늘촌","","2024년","수삼(4년근)/1kg"
"가공식품","농산물가공식품","삼","1118656","삼/율성맑은아침","","2023년","수삼(5년근)/0.1kg"
"축산물","한우","한우(도가니)","1121371","한우(도가니)","","0","0"
"가공식품","농산물가공식품","삼","1118658","삼/율성맑은아침","","2023년","수삼(미삼)/0.1kg"
"가공식품","농산물가공식품","삼","1118659","삼/율성맑은아침","","2023년","수삼(세척, 3년근)/0.1kg"
"가공식품","농산물가공식품","삼","1118660","삼/하늘촌","","2024년","수삼(세척, 3년근)/1kg"
"가공식품","농산물가공식품","삼","1118661","삼/율성맑은아침","","2023년","수삼(세척, 4년근)/0.1kg"
"가공식품","농산물가공식품","삼","1118662","삼/하늘촌","","2024년","수삼(세척, 4년근)/1kg"
"가공식품","농산물가공식품","삼","1118663","삼/율성맑은아침","","2023년","수삼(세척, 5년근)/0.1kg"
"가공식품","농산물가공식품","삼","1118664","삼/하늘촌","","2024년","수삼(세척, 5년근)/1kg"
"가공식품","농산물가공식품","삼","1118665","삼/율성맑은아침","","2023년","수삼채(탕용)/0.1kg"
"가공식품","농산물가공식품","생강가루","1118668","생강가루/함양농협","","2023년","생강가루(60g)/5개 단위 판매/0.3kg"
"가공식품","농산물가공식품","숙주가공품","1118669","숙주/만나","","2025년","숙주나물/무농약/1kg"
"가공식품","농산물가공식품","숙주가공품","1118670","숙주가공품","","2024년","숙주나물"
"농산물","두채류","숙주","1118671","숙주나물","","2024년","무농약숙주나물"
"가공식품","농산물가공식품","숙주가공품","1118672","숙주/엄마야누나야","","2023년","숙주나물(손질)/무농약/1kg"
"가공식품","농산물가공식품","숙주가공품","1118673","숙주/풀목산","풀목산숙주나물","2024년","숙주나물/무농약/1kg"
"가공식품","농산물가공식품","숙주가공품","1118674","숙주가공품","풀목산숙주나물","2024년","숙주나물(유기농)"
"가공식품","농산물가공식품","순두부","1118675","국산순두부1kg(일반)","","2022년","국산순두부 1kg(일반)"
"가공식품","농산물가공식품","순두부","1118676","국산콩몽실순두부2kg(일반)","","2022년","국산콩몽실순두부 2kg(일반)"
"가공식품","농산물가공식품","순두부","1118677","무농약순두부1kg(무농약)","","2022년","무농약순두부 1kg(무농약)"
"가공식품","농산물가공식품","순두부","1118678","순두부(1kg)","","2023년","순두부(1kg)"
"가공식품","농산물가공식품","순두부","1118679","순두부(전통순두부2kg)","","2023년","순두부(전통순두부/2kg)"
"가공식품","농산물가공식품","쑥가공품","1118680","쑥/하늘촌","","2024년","쑥(다듬은것)/1kg"
"가공식품","농산물가공식품","쑥가공품","1118681","쑥/하늘촌","","2024년","쑥(다듬은것)/무농약/1kg"
"가공식품","농산물가공식품","아몬드","1118684","아몬드/율성맑은아침","","2023년","가염아몬드(조미)/수입산/0.1kg"
"가공식품","농산물가공식품","아몬드","1118685","아몬드/율성맑은아침","","2023년","볶음아몬드/수입산/0.1kg"
"가공식품","농산물가공식품","아몬드","1118686","아몬드/율성맑은아침","","2023년","생아몬드(수입)/0.1kg"
"가공식품","농산물가공식품","아몬드","1118687","아몬드/율성맑은아침","","2023년","아몬드분말/수입산/0.1kg"
"가공식품","농산물가공식품","아몬드","1118688","아몬드/율성맑은아침","","2023년","아몬드슬라이스/수입산/0.1kg"
"가공식품","농산물가공식품","애호박가공품","1118689","애호박/청채마루","","2024","애호박말랭이/0.3kg"
"가공식품","농산물가공식품","애호박가공품","1118691","애호박/하늘촌","","2024년","애호박말랭이/1kg"
"가공식품","농산물가공식품","얼갈이가공품","1118692","얼갈이/청채마루","","2025","얼갈이(데친)/0.3kg"
"가공식품","농산물가공식품","얼갈이가공품","1118694","얼갈이/하늘촌","","2024년","얼갈이(데친)/1kg"
"가공식품","농산물가공식품","엄나무","1118695","엄나무/율성맑은아침","","2023년","엄나무/0.1kg"
"가공식품","농산물가공식품","연근가공품","1118696","연근/하늘촌","","2023년","간연근/1kg"
"가공식품","농산물가공식품","연근가공품","1118697","연근/하늘촌","","2023년","간연근/무농약/1kg"
"가공식품","농산물가공식품","연근가공품","1118700","연근/청채마루","","2025","깐통연근/0.3kg"
"가공식품","농산물가공식품","연근가공품","1118701","연근/청채마루","","2025","깐통연근/무농약/0.3kg"
"가공식품","농산물가공식품","연근가공품","1118702","연근/푸르원","농업회사법인㈜푸르원","2023년","깐통연근/무농약/0.5kg"
"가공식품","농산물가공식품","연근가공품","1118703","연근/푸르원","농업회사법인㈜푸르원","2023년","깐통연근/0.5kg"
"가공식품","농산물가공식품","연근가공품","1118706","연근/청채마루","","2025","세척통연근/0.3kg"
"가공식품","농산물가공식품","연근가공품","1118707","연근/청채마루","","2025","연근(0.2cm)/무농약/0.3kg"
"가공식품","농산물가공식품","연근가공품","1118709","연근/하늘촌","","2023년","연근(밥용)/무농약/1kg"
"가공식품","농산물가공식품","연근가공품","1118710","연근/청채마루","","2025","연근(밥용/1*1)/0.3kg"
"가공식품","농산물가공식품","연근가공품","1118711","연근/청채마루","","2025","연근(밥용/1*1)/무농약/0.3kg"
"가공식품","농산물가공식품","연근가공품","1118714","연근/하늘촌","","2023년","연근(조림용)/1kg"
"가공식품","농산물가공식품","연근가공품","1118715","연근/하늘촌","","2023년","연근(조림용)/무농약/1kg"
"가공식품","농산물가공식품","연근가공품","1118716","연근/청채마루","","2025","연근(조림용)0.8cm/0.3kg"
"가공식품","농산물가공식품","연근가공품","1118717","연근/청채마루","","2025","연근(조림용)0.8cm/무농약/0.3kg"
"가공식품","농산물가공식품","연근가공품","1118720","연근/푸르원","농업회사법인㈜푸르원","2023년","연근(조림용)/0.5kg"
"가공식품","농산물가공식품","연근가공품","1118723","연근/하늘촌","","2023년","연근(튀김용)/1kg"
"가공식품","농산물가공식품","연근가공품","1118724","연근/하늘촌","","2023년","연근(튀김용)/무농약/1kg"
"가공식품","농산물가공식품","연근가공품","1118725","연근/청채마루","","2025","연근(튀김용)0.5cm/0.3kg"
"가공식품","농산물가공식품","연근가공품","1118726","연근/청채마루","","2025","연근(튀김용)0.5cm/무농약/0.3kg"
"가공식품","농산물가공식품","연근가공품","1118727","연근/푸르원","농업회사법인㈜푸르원","2023년","연근(튀김용)/0.5kg"
"가공식품","농산물가공식품","연근가공품","1118728","연근/청채마루","","2025","연근채(0.2cm)/0.3kg"
"가공식품","농산물가공식품","연근가공품","1118730","연근/푸르원","농업회사법인㈜푸르원","2023년","연근채(2mm)/무농약/0.5kg"
"가공식품","농산물가공식품","연근가공품","1118731","연근/청채마루","","2025","흙통연근/무농약/0.3kg"
"가공식품","농산물가공식품","연근가공품","1118734","연근/하늘촌","","2023년","흙통연근/무농약/1kg"
"가공식품","농산물가공식품","연두부","1118735","연두부","","2024년","한둘 국산콩 연두부 125g"
"가공식품","농산물가공식품","연두부","1118736","연두부","","2023년","한둘 국산콩 판연두부"
"가공식품","농산물가공식품","연두부","1118737","연두부","","2023년","한둘 국산콩 연두부 80g"
"가공식품","농산물가공식품","연두부","1118738","국산연두부125g(일반)","","2022년","국산연두부 125g(일반)"
"가공식품","농산물가공식품","연두부","1118739","국산연두부1kg(일반)","","2022년","국산연두부 1kg(일반)"
"가공식품","농산물가공식품","연두부","1118740","국산연두부2kg(일반)","","2022년","국산연두부 2kg(일반)"
"가공식품","농산물가공식품","연두부","1118741","국산연두부80g(일반)","","2022년","국산연두부 80g(일반)"
"가공식품","농산물가공식품","연두부","1118742","무농약연두부1kg(무농약)","","2022년","무농약연두부 1kg(무농약)"
"가공식품","농산물가공식품","연두부","1118743","연두부(1kg)","","2023년","연두부(1kg)"
"가공식품","농산물가공식품","연두부","1118744","연두부(현미연두부100g)","","2023년","연두부(현미연두부,100g)"
"가공식품","농산물가공식품","연두부","1118745","연두부(현미연두부80g)","","2023년","연두부(현미연두부,80g)"
"가공식품","농산물가공식품","열무가공품","1118746","열무/청채마루","","2025","열무(데친)/0.3kg"
"가공식품","농산물가공식품","오렌지가공품","1118747","오렌지/프레시아트","","2023년","오렌지(30g)/수입산/1kg"
"가공식품","농산물가공식품","오렌지가공품","1118748","오렌지/아나나스푸드","","2023년","오렌지(30g) (30g)/수입산/1kg"
"가공식품","농산물가공식품","오렌지가공품","1118749","오렌지/프레시아트","","2023년","오렌지(40g)/수입산/1kg"
"가공식품","농산물가공식품","오렌지가공품","1118750","오렌지/아나나스푸드","","2023년","오렌지(40g) (40g)/수입산/1kg"
"가공식품","농산물가공식품","오렌지가공품","1118751","오렌지/프레시아트","","2023년","오렌지(50g)/수입산/1kg"
"가공식품","농산물가공식품","오렌지가공품","1118752","오렌지/아나나스푸드","","2023년","오렌지(50g) (50g)/수입산/1kg"
"가공식품","농산물가공식품","오렌지가공품","1118753","오렌지/프레시아트","","2023년","오렌지(낱알)/수입산/1kg"
"가공식품","농산물가공식품","오렌지가공품","1118754","오렌지/아나나스푸드","","2023년","오렌지(낱알) (1kg)/수입산/1kg"
"가공식품","농산물가공식품","오미자","1118755","오미자/율성맑은아침","","2023년","오미자/0.1kg"
"가공식품","농산물가공식품","오미자","1118756","오미자/율성맑은아침","","2023년","오미자/수입산/0.1kg"
"가공식품","농산물가공식품","오미자","1118757","오미자/푸르원","농업회사법인㈜푸르원","2023년","오미자/0.1kg"
"가공식품","농산물가공식품","옥수수가공품","1118758","옥수수/푸르원","농업회사법인㈜푸르원","2023년","옥수수(절단 50g 냉동)/1kg"
"가공식품","농산물가공식품","옥수수가공품","1118759","옥수수/푸르원","농업회사법인㈜푸르원","2023년","흑찰옥수수(40g)/무농약/1kg//"
"가공식품","농산물가공식품","옥수수가공품","1118760","옥수수/푸르원","농업회사법인㈜푸르원","2023년","흑찰옥수수(60g)/무농약/1kg//"
"가공식품","농산물가공식품","우거지","1118762","우거지/청채마루","","2025","우거지(데친)/0.3kg"
"가공식품","농산물가공식품","우엉가공품","1118764","우엉/청채마루","","2024년","깐통우엉/0.3kg"
"가공식품","농산물가공식품","우엉가공품","1118765","우엉/청채마루","","2024년","깐통우엉/무농약/0.3kg"
"가공식품","농산물가공식품","우엉가공품","1118768","우엉가공품","","2023년","세척통우엉(무농약)"
"가공식품","농산물가공식품","우엉가공품","1118769","우엉/하늘촌","","2023년","우엉(깍뚝썰기)/1kg"
"가공식품","농산물가공식품","우엉가공품","1118770","우엉/하늘촌","","2023년","우엉(깍뚝썰기)/무농약/1kg"
"가공식품","농산물가공식품","우엉가공품","1118771","우엉/청채마루","","2024년","우엉(깍뚝썰기)1*1/0.3kg"
"가공식품","농산물가공식품","우엉가공품","1118772","우엉/청채마루","","2024년","우엉(깍뚝썰기)1*1/무농약/0.3kg"
"가공식품","농산물가공식품","우엉가공품","1118775","우엉/청채마루","","2024년","우엉(밥용)0.3*0.3cm/0.3kg"
"가공식품","농산물가공식품","우엉가공품","1118776","우엉/청채마루","","2024년","우엉(밥용)0.3*0.3cm/무농약/0.3kg"
"가공식품","농산물가공식품","우엉가공품","1118779","우엉/청채마루","","2024년","우엉(어슷썰기)/0.3kg"
"가공식품","농산물가공식품","우엉가공품","1118780","우엉/청채마루","","2024년","우엉(어슷썰기)/무농약/0.3kg"
"가공식품","농산물가공식품","우엉가공품","1118783","우엉/하늘촌","","2023년","우엉(어슷썰기)/1kg"
"가공식품","농산물가공식품","우엉가공품","1118784","우엉/하늘촌","","2023년","우엉(어슷썰기)/무농약/1kg"
"가공식품","농산물가공식품","우엉가공품","1118791","우엉/청채마루","","2024년","우엉실채/0.3kg"
"가공식품","농산물가공식품","우엉가공품","1118792","우엉/청채마루","","2024년","우엉실채/무농약/0.3kg"
"가공식품","농산물가공식품","우엉가공품","1118795","우엉/하늘촌","","2023년","우엉실채/1kg"
"가공식품","농산물가공식품","우엉가공품","1118796","우엉/하늘촌","","2023년","우엉실채/무농약/1kg"
"가공식품","농산물가공식품","우엉가공품","1118797","우엉/청채마루","","2024년","우엉채/0.3kg"
"가공식품","농산물가공식품","우엉가공품","1118798","우엉/청채마루","","2024년","우엉채/무농약/0.3kg"
"가공식품","농산물가공식품","우엉가공품","1118801","우엉/하늘촌","","2023년","우엉채/1kg"
"가공식품","농산물가공식품","우엉가공품","1118802","우엉/하늘촌","","2023년","우엉채/무농약/1kg"
"가공식품","농산물가공식품","우엉가공품","1118803","우엉/청채마루","","2024년","흙우엉/0.3kg"
"가공식품","농산물가공식품","월계수잎","1118806","월계수잎/율성맑은아침","","2023년","월계수잎/수입산/0.1kg"
"가공식품","농산물가공식품","월계수잎","1118807","월계수잎/하늘촌","","2023년","월계수잎/수입산/1kg"
"가공식품","농산물가공식품","유채나물","1118810","유채나물/청채마루","","2025","유채나물(다듬은것)/0.3kg"
"가공식품","농산물가공식품","유채나물","1118811","유채나물/하늘촌","","2023년","유채나물(다듬은것)/1kg"
"가공식품","농산물가공식품","콩비지","1118924","콩비지","","2023년","한둘 국산 순콩비지"
"가공식품","농산물가공식품","유채나물","1118812","유채나물/청채마루","","2025","유채나물(데친)/0.3kg"
"가공식품","농산물가공식품","유채나물","1118814","유채나물/하늘촌","","2024년","유채나물(데친)/1kg"
"가공식품","농산물가공식품","은행","1118815","은행/산림조합","","2024년","깐은행/0.1kg"
"가공식품","농산물가공식품","은행","1118816","은행/푸르원","농업회사법인㈜푸르원","2023년","깐은행(속껍질제거)/0.5kg"
"가공식품","농산물가공식품","은행","1118817","은행/율성맑은아침","","2023년","은행(속피제거)대/0.1kg"
"가공식품","농산물가공식품","잣","1118818","잣/산림조합","","2024년","깐잣/0.1kg"
"가공식품","농산물가공식품","잣","1118819","잣/율성맑은아침","","2023년","잣/0.1kg"
"가공식품","농산물가공식품","잣","1118820","잣","","2022년","잣(무농약)"
"가공식품","농산물가공식품","잣","1118821","잣/율성맑은아침","","2023년","잣/유기농/0.1kg"
"가공식품","농산물가공식품","잣","1118822","잣/율성맑은아침","","2023년","잣가루/0.1kg"
"가공식품","농산물가공식품","정향","1118823","정향/푸르원","농업회사법인㈜푸르원","2023년","정향/수입산/0.1kg"
"가공식품","농산물가공식품","정향","1118824","정향/율성맑은아침","","2023년","정향(말린 것)/수입산/0.1kg"
"가공식품","농산물가공식품","정향","1118825","정향/율성맑은아침","","2023년","정향가루/수입산/0.1kg"
"가공식품","농산물가공식품","조각과일","1118826","조각과일/아나나스푸드","","2023년","2종컵과일1-배,방울 (100g)/1kg"
"가공식품","농산물가공식품","조각과일","1118827","조각과일/아나나스푸드","","2023년","2종컵과일1-배,방울 (40g)/1kg"
"가공식품","농산물가공식품","조각과일","1118828","조각과일/아나나스푸드","","2023년","2종컵과일1-배,방울 (60g)/1kg"
"가공식품","농산물가공식품","조각과일","1118829","조각과일/아나나스푸드","","2023년","2종컵과일1-배,방울 (80g)/1kg"
"가공식품","농산물가공식품","조각과일","1118830","조각과일/아나나스푸드","","2023년","2종컵과일1-사과,방울 (100g)/1kg"
"가공식품","농산물가공식품","조각과일","1118831","조각과일/아나나스푸드","","2023년","2종컵과일1-사과,방울 (40g)/1kg"
"가공식품","농산물가공식품","조각과일","1118832","조각과일/아나나스푸드","","2023년","2종컵과일1-사과,방울 (60g)/1kg"
"가공식품","농산물가공식품","조각과일","1118833","조각과일/아나나스푸드","","2023년","2종컵과일1-사과,방울 (80g)/1kg"
"가공식품","농산물가공식품","조각과일","1118834","조각과일/아나나스푸드","","2023년","멜론컵 (100g)/1kg"
"가공식품","농산물가공식품","조각과일","1118835","조각과일/아나나스푸드","","2023년","멜론컵 (40g)/1kg"
"가공식품","농산물가공식품","조각과일","1118836","조각과일/아나나스푸드","","2023년","멜론컵 (60g)/1kg"
"가공식품","농산물가공식품","조각과일","1118837","조각과일/아나나스푸드","","2023년","멜론컵 (80g)/1kg"
"가공식품","농산물가공식품","조각과일","1118838","조각과일/아나나스푸드","","2024년","모듬과일1컵-파인,키위,방울 (40g)/수입산/1kg"
"가공식품","농산물가공식품","조각과일","1118839","조각과일/아나나스푸드","","2024년","모듬과일1컵-파인,키위,방울 (60g)/수입산/1kg"
"가공식품","농산물가공식품","조각과일","1118840","조각과일/아나나스푸드","","2024년","모듬과일1컵-파인,키위,방울 (80g)/수입산/1kg"
"가공식품","농산물가공식품","조각과일","1118841","조각과일/아나나스푸드","","2023년","모듬과일2컵-파인,포도,방울 (40g)/수입산/1kg"
"가공식품","농산물가공식품","조각과일","1118842","조각과일/아나나스푸드","","2023년","모듬과일2컵-파인,포도,방울 (60g)/수입산/1kg"
"가공식품","농산물가공식품","조각과일","1118843","조각과일/아나나스푸드","","2023년","모듬과일2컵-파인,포도,방울 (80g)/수입산/1kg"
"가공식품","농산물가공식품","조각과일","1118844","조각과일/아나나스푸드","","2024년","모듬과일3컵-파인,포도,키위 (40g)/수입산/1kg"
"가공식품","농산물가공식품","조각과일","1118845","조각과일/아나나스푸드","","2024년","모듬과일3컵-파인,포도,키위 (60g)/수입산/1kg"
"가공식품","농산물가공식품","조각과일","1118846","조각과일/아나나스푸드","","2024년","모듬과일3컵-파인,포도,키위 (80g)/수입산/1kg"
"가공식품","농산물가공식품","조각과일","1118847","조각과일/아나나스푸드","","2023년","방울토마토컵 (100g)/1kg"
"가공식품","농산물가공식품","조각과일","1118848","조각과일/아나나스푸드","","2023년","방울토마토컵 (40g)/1kg"
"가공식품","농산물가공식품","조각과일","1118849","조각과일/아나나스푸드","","2023년","방울토마토컵 (60g)/1kg"
"가공식품","농산물가공식품","조각과일","1118850","조각과일/아나나스푸드","","2023년","방울토마토컵 (80g)/1kg"
"가공식품","농산물가공식품","조각과일","1118851","조각과일/아나나스푸드","","2023년","배컵 (100g)/1kg"
"가공식품","농산물가공식품","조각과일","1118852","조각과일/아나나스푸드","","2023년","배컵 (40g)/1kg"
"가공식품","농산물가공식품","조각과일","1118853","조각과일/아나나스푸드","","2023년","배컵 (60g)/1kg"
"가공식품","농산물가공식품","조각과일","1118854","조각과일/아나나스푸드","","2023년","배컵 (80g)/1kg"
"가공식품","농산물가공식품","조각과일","1118855","조각과일/아나나스푸드","","2023년","사과컵 (100g)/1kg"
"가공식품","농산물가공식품","조각과일","1118856","조각과일/아나나스푸드","","2023년","사과컵 (40g)/1kg"
"가공식품","농산물가공식품","조각과일","1118857","조각과일/아나나스푸드","","2023년","사과컵 (60g)/1kg"
"가공식품","농산물가공식품","조각과일","1118858","조각과일/아나나스푸드","","2023년","사과컵 (80g)/1kg"
"가공식품","농산물가공식품","조각과일","1118859","조각과일/아나나스푸드","","2023년","오렌지컵 (100g)/수입산/1kg"
"가공식품","농산물가공식품","조각과일","1118860","조각과일/아나나스푸드","","2023년","오렌지컵 (40g)/수입산/1kg"
"가공식품","농산물가공식품","조각과일","1118861","조각과일/아나나스푸드","","2023년","오렌지컵 (60g)/수입산/1kg"
"가공식품","농산물가공식품","조각과일","1118862","조각과일/아나나스푸드","","2023년","오렌지컵 (80g)/수입산/1kg"
"가공식품","농산물가공식품","조각과일","1118863","조각과일/아나나스푸드","","2023년","파인애플컵 (100g)/수입산/1kg"
"가공식품","농산물가공식품","조각과일","1118864","조각과일/아나나스푸드","","2023년","파인애플컵 (40g)/수입산/1kg"
"가공식품","농산물가공식품","조각과일","1118865","조각과일/아나나스푸드","","2023년","파인애플컵 (60g)/수입산/1kg"
"가공식품","농산물가공식품","조각과일","1118866","조각과일/아나나스푸드","","2023년","파인애플컵 (80g)/수입산/1kg"
"가공식품","농산물가공식품","조각과일","1118867","조각과일/아나나스푸드","","2023년","포도컵 (100g)/수입산/1kg"
"가공식품","농산물가공식품","조각과일","1118868","조각과일/아나나스푸드","","2023년","포도컵 (40g)/수입산/1kg"
"가공식품","농산물가공식품","조각과일","1118869","조각과일/아나나스푸드","","2023년","포도컵 (60g)/수입산/1kg"
"가공식품","농산물가공식품","조각과일","1118870","조각과일/아나나스푸드","","2023년","포도컵 (80g)/수입산/1kg"
"가공식품","농산물가공식품","조청","1118871","조청/함양농협","","2023년","쌀조청(1.2kg)"
"가공식품","농산물가공식품","죽순","1118873","죽순/하늘촌","","2023년","죽순(채)/1kg"
"가공식품","농산물가공식품","참기름","1118875","참기름/옥천식품","전가고집","2023년","전가고집 참기름(500ml)"
"가공식품","농산물가공식품","참기름","1118876","참기름/금호식품","햇살비","2023년","참기름(1L)"
"가공식품","농산물가공식품","참기름","1118877","참기름/금호식품","햇살비","2023년","참기름(햇살비, 1L)/수입산"
"가공식품","농산물가공식품","참기름","1118878","참기름","","2023년","햇님마을 참기름_ 500ml"
"가공식품","농산물가공식품","참깨","1118879","참깨/금호식품","햇살비","2023년","거피깨(pet/1kg)"
"가공식품","농산물가공식품","참깨","1118880","참깨/금호식품","햇살비","2023년","거피참깨(햇살비, pet/1kg)/수입산"
"가공식품","농산물가공식품","참깨","1118881","참깨/금호식품","햇살비","2023년","볶음깨(pet/1kg)"
"가공식품","농산물가공식품","참깨","1118882","참깨/금호식품","햇살비","2023년","볶음참깨(햇살비, pet/1kg)/수입산"
"가공식품","농산물가공식품","참깨","1118883","참깨/옥천식품","전가고집","2023년","전가고집 거피참깨(500g)"
"가공식품","농산물가공식품","참깨","1118884","참깨/옥천식품","전가고집","2023년","전가고집 볶음깨(500g)"
"가공식품","농산물가공식품","참깨","1118885","참깨","","2023년","햇님마을 껍질벗긴 참깨_500g"
"가공식품","농산물가공식품","참깨","1118886","참깨","","2023년","햇님마을 볶음참깨_500g"
"가공식품","농산물가공식품","참나물가공품","1118887","참나물/청채마루","","2025","참나물(데친)/0.3kg"
"가공식품","농산물가공식품","찹쌀가루","1118889","찹쌀가루/함양농협","","2023년","찹쌀가루(1kg)"
"가공식품","농산물가공식품","찹쌀가루","1118890","찹쌀가루/함양농협","","2023년","찹쌀가루(500g)"
"가공식품","농산물가공식품","취나물가공품","1118891","취나물/청채마루","","2024년","건취나물/0.3kg"
"가공식품","농산물가공식품","취나물가공품","1118894","취나물/하늘촌","","2024년","취나물 (데친)/1kg"
"가공식품","농산물가공식품","취나물가공품","1118895","취나물/청채마루","","2024년","취나물(건데친)/0.3kg"
"가공식품","농산물가공식품","취나물가공품","1118896","취나물/청채마루","","2025","취나물(데친)/0.3kg"
"가공식품","농산물가공식품","케쉬넛","1118897","케쉬넛/율성맑은아침","","2023년","케슈넛(볶음)/수입산/0.1kg"
"가공식품","농산물가공식품","콩가루","1118899","콩가루/함양농협","","2023년","콩가루(볶음콩가루, 1kg)"
"가공식품","농산물가공식품","콩가루","1118900","콩가루/함양농협","","2023년","콩가루(볶음콩가루, 500g)"
"가공식품","농산물가공식품","콩가루","1118901","콩가루/함양농협","","2023년","콩가루(생콩가루, 1kg)"
"가공식품","농산물가공식품","콩가루","1118902","콩가루/함양농협","","2023년","콩가루(생콩가루, 500g)"
"가공식품","농산물가공식품","콩나물가공품","1118903","콩나물가공품","","2024년","무농약두절콩나물"
"가공식품","농산물가공식품","콩나물가공품","1118904","콩나물가공품","","2024년","두절콩나물"
"가공식품","농산물가공식품","콩나물가공품","1118905","콩나물/만나","","2025년","두절콩나물/무농약/1kg"
"가공식품","농산물가공식품","콩나물가공품","1118906","콩나물/엄마야누나야","","2023년","두절콩나물/무농약/1kg"
"가공식품","농산물가공식품","콩나물가공품","1118907","콩나물/풀목산","풀목산 두절콩나물","2024년","두절콩나물/무농약/1kg"
"가공식품","농산물가공식품","콩나물가공품","1118908","콩나물가공품","풀목산숙주나물","2024년","두절콩나물(유기농)"
"가공식품","농산물가공식품","콩나물가공품","1118909","콩나물/만나","","2025년","새싹콩나물(어린)/무농약/1kg"
"가공식품","농산물가공식품","콩나물가공품","1118910","새싹콩나물","","2024년","무농약새싹콩나물(어린콩나물)"
"가공식품","농산물가공식품","콩나물가공품","1118911","콩나물/엄마야누나야","","2023년","새싹콩나물(어린콩나물)/무농약/1kg"
"가공식품","농산물가공식품","콩나물가공품","1118912","콩나물/엄마야누나야","","2023년","콩나물(칼슘콩나물)/무농약/1kg"
"가공식품","농산물가공식품","콩나물가공품","1118913","콩나물/만나","","2025년","콩나물/무농약/1kg"
"농산물","두채류","콩나물","1118914","콩나물","","2024년","무농약콩나물"
"가공식품","농산물가공식품","콩나물가공품","1118915","콩나물가공품","","2024년","무농약콩나물"
"가공식품","농산물가공식품","콩나물가공품","1118916","콩나물/엄마야누나야","","2023년","콩나물(손질)/무농약/1kg"
"가공식품","농산물가공식품","콩나물가공품","1118917","콩나물/풀목산","풀목산 콩나물","2024년","콩나물/무농약/1kg"
"가공식품","농산물가공식품","콩나물가공품","1118918","콩나물가공품","풀목산숙주나물","2024년","콩나물(유기농)"
"농산물","두채류","콩나물","1118919","새싹콩나물(어린이콩나물)","","2024년","새싹콩나물(어린콩나물)"
"가공식품","농산물가공식품","콩나물가공품","1118920","콩나물/풀목산","풀목산 어린콩나물","2024년","콩나물(어린콩나물)/무농약/1kg"
"가공식품","농산물가공식품","콩나물가공품","1118921","콩나물가공품","풀목산숙주나물","2024년","콩나물(어린콩나물)(유기농)"
"가공식품","농산물가공식품","콩나물가공품","1118922","콩나물/풀목산","풀목산 칼슘콩나물","2024년","콩나물(칼슘콩나물)/무농약/1kg"
"가공식품","농산물가공식품","콩나물가공품","1118923","콩나물가공품","풀목산숙주나물","2024년","콩나물(칼슘콩나물)(유기농)"
"축산물","한우","한우(도가니)","1121372","한우(도가니)","","0","0"
"가공식품","농산물가공식품","콩비지","1118925","콩비지(2kg)","","2023년","콩비지(2kg)"
"가공식품","농산물가공식품","키위가공품","1118926","조각키위/아나나스푸드","","2023년","골드키위-조각 (30g)/1kg"
"가공식품","농산물가공식품","키위가공품","1118927","조각키위/아나나스푸드","","2023년","골드키위-조각 (40g)/1kg"
"가공식품","농산물가공식품","키위가공품","1118928","조각키위/아나나스푸드","","2023년","그린키위-샐러드 (1kg)/1kg"
"가공식품","농산물가공식품","키위가공품","1118929","조각키위/아나나스푸드","","2023년","그린키위-조각 (30g)/1kg"
"가공식품","농산물가공식품","키위가공품","1118930","조각키위/아나나스푸드","","2023년","그린키위-조각 (40g)/1kg"
"가공식품","농산물가공식품","키위가공품","1118931","조각키위/프레시아트","","2023년","조각키위(골드, 20g)/수입산/1kg"
"가공식품","농산물가공식품","키위가공품","1118932","조각키위/프레시아트","","2023년","조각키위(골드, 40g)/수입산/1kg"
"가공식품","농산물가공식품","키위가공품","1118933","키위가공품","","2023년","조각키위(골드, 40g)(개별)"
"가공식품","농산물가공식품","키위가공품","1118934","조각키위/프레시아트","","2023년","조각키위(골드, 샐러드용)/수입산/1kg"
"가공식품","농산물가공식품","키위가공품","1118935","조각키위/프레시아트","","2023년","조각키위(그린, 20g)/수입산/1kg"
"가공식품","농산물가공식품","키위가공품","1118936","조각키위/프레시아트","","2023년","조각키위(그린, 40g)/수입산/1kg"
"가공식품","농산물가공식품","키위가공품","1118937","조각키위/프레시아트","","2023년","조각키위(그린, 샐러드용)/수입산/1kg"
"가공식품","농산물가공식품","토란","1118938","토란/청채마루","","2025","깐알토란/0.3kg"
"가공식품","농산물가공식품","토란대","1118939","토란대/산림조합","","2024년","토란대(건데친)/0.3kg"
"가공식품","농산물가공식품","토란대","1118940","토란대/청채마루","","2024년","토란대(건데친)/0.3kg"
"가공식품","농산물가공식품","토란대","1118942","토란대/하늘촌","","2023년","토란대(건데친)/1kg"
"가공식품","농산물가공식품","파슬리가공품","1118944","파슬리/율성맑은아침","","2023년","파슬리후레이크/수입산/0.1kg"
"가공식품","농산물가공식품","파인애플가공품","1118945","파인애플/골든골드","㈜골든골드","2024년","파인애플(20g, 조각과일)/수입산/2kg"
"가공식품","농산물가공식품","파인애플가공품","1118946","파인애플/골든골드","㈜골든골드","2024년","파인애플(30g, 스틱)/수입산/2kg"
"가공식품","농산물가공식품","파인애플가공품","1118947","파인애플/골든골드","㈜골든골드","2024년","파인애플(40g, 스틱)/수입산/2kg"
"가공식품","농산물가공식품","파인애플가공품","1118948","파인애플가공품","㈜골든골드","2024년","파인애플(45g, 스틱)"
"가공식품","농산물가공식품","파인애플가공품","1118949","파인애플가공품0","㈜골든골드","2024년","파인애플(50g, 링)"
"가공식품","농산물가공식품","파인애플가공품","1118950","파인애플가공품0","㈜골든골드","2024년","파인애플(50g, 스틱)"
"가공식품","농산물가공식품","파인애플가공품","1118951","파인애플가공품","㈜골든골드","2024년","파인애플(580g, 원통)"
"가공식품","농산물가공식품","파인애플가공품","1118952","파인애플가공품0","㈜골든골드","2024년","파인애플(스틱, 35g)"
"가공식품","농산물가공식품","파인애플가공품","1118953","파인애플가공품0","㈜골든골드","2024년","파인애플(20g, 조각과일)"
"가공식품","농산물가공식품","파인애플가공품","1118954","파인애플가공품0","㈜골든골드","2024년","파인애플(30g, 스틱)"
"가공식품","농산물가공식품","파인애플가공품","1118955","파인애플가공품0","㈜골든골드","2024년","파인애플(40g, 스틱)"
"가공식품","농산물가공식품","파인애플가공품","1118956","파인애플/골든골드","㈜골든골드","2024년","파인애플(45g, 스틱)/수입산/2kg"
"가공식품","농산물가공식품","파인애플가공품","1118957","파인애플/골든골드","㈜골든골드","2024년","파인애플(50g, 링)/수입산/2kg"
"가공식품","농산물가공식품","파인애플가공품","1118958","파인애플/골든골드","㈜골든골드","2024년","파인애플(50g, 스틱)/수입산/2kg"
"가공식품","농산물가공식품","파인애플가공품","1118959","파인애플/골든골드","㈜골든골드","2024년","파인애플(580g, 원통)/수입산/2kg/"
"가공식품","농산물가공식품","파인애플가공품","1118960","파인애플/골든골드","㈜골든골드","2024년","파인애플(스틱, 35g)/수입산/2kg"
"가공식품","농산물가공식품","파인애플가공품","1118961","파인애플/아나나스푸드","","2023년","파인애플-꼬치 (40g)/수입산/1kg"
"가공식품","농산물가공식품","파인애플가공품","1118962","파인애플/아나나스푸드","","2023년","파인애플-꼬치 (50g)/수입산/1kg"
"가공식품","농산물가공식품","파인애플가공품","1118963","파인애플/아나나스푸드","","2023년","파인애플-꼬치 (60g)/수입산/1kg"
"가공식품","농산물가공식품","파인애플가공품","1118964","파인애플/아나나스푸드","","2023년","파인애플-링 (50g)/수입산/1kg"
"가공식품","농산물가공식품","파인애플가공품","1118965","파인애플/아나나스푸드","","2023년","파인애플-링 (60g)/수입산/1kg"
"가공식품","농산물가공식품","파인애플가공품","1118966","파인애플/아나나스푸드","","2023년","파인애플-반달 (40g)/수입산/1kg"
"가공식품","농산물가공식품","파인애플가공품","1118967","파인애플/아나나스푸드","","2023년","파인애플-반달 (50g)/수입산/1kg"
"가공식품","농산물가공식품","파인애플가공품","1118968","파인애플/아나나스푸드","","2023년","파인애플-반달 (60g)/수입산/1kg"
"가공식품","농산물가공식품","파인애플가공품","1118969","파인애플/아나나스푸드","","2023년","파인애플-샐러드 (1kg)/수입산/1kg"
"가공식품","농산물가공식품","파인애플가공품","1118970","파인애플/아나나스푸드","","2023년","파인애플-스틱 (20g)/수입산/1kg"
"가공식품","농산물가공식품","파인애플가공품","1118971","파인애플/아나나스푸드","","2023년","파인애플-스틱 (30g)/수입산/1kg"
"가공식품","농산물가공식품","파인애플가공품","1118972","파인애플/아나나스푸드","","2023년","파인애플-스틱 (35g)/수입산/1kg"
"가공식품","농산물가공식품","파인애플가공품","1118973","파인애플/아나나스푸드","","2023년","파인애플-스틱 (40g)/수입산/1kg"
"가공식품","농산물가공식품","파인애플가공품","1118974","파인애플/아나나스푸드","","2023년","파인애플-스틱 (50g)/수입산/1kg"
"축산물","한우","한우(도가니)","1121373","한우(도가니)","","0","0"
"가공식품","농산물가공식품","파인애플가공품","1118975","파인애플/아나나스푸드","","2023년","파인애플-스틱 (60g)/수입산/1kg"
"가공식품","농산물가공식품","파인애플가공품","1118976","파인애플/아나나스푸드","","2023년","파인애플-원통 (1kg)/수입산/1kg"
"가공식품","농산물가공식품","팔각","1118977","팔각/푸르원","농업회사법인㈜푸르원","2023년","팔각/수입산/0.1kg"
"가공식품","농산물가공식품","팔각","1118978","팔각/율성맑은아침","","2023년","팔각향/수입산/0.1kg"
"가공식품","농산물가공식품","포도가공품(국내산)","1118979","포도(국내산)/아나나스푸드","","2023년","샤인머스켓알(1kg)"
"가공식품","농산물가공식품","포도가공품(수입)","1118980","포도(수입)/프레시아트","","2023년","포도알/수입산/1kg"
"가공식품","농산물가공식품","포도가공품(수입)","1118981","포도(수입)/아나나스푸드","","2023년","포도알(1kg)/수입산/1kg"
"가공식품","농산물가공식품","포도가공품(수입)","1118982","포도(수입)/프레시아트","","2023년","포도알(40g)/수입산/1kg"
"가공식품","농산물가공식품","포도가공품(수입)","1118983","포도(수입)/프레시아트","","2023년","포도알(60g)/수입산/1kg"
"가공식품","농산물가공식품","표고가루","1118984","표고가루/함양농협","","2023년","표고가루(100g)"
"가공식품","농산물가공식품","피칸","1118986","피칸/율성맑은아침","","2023년","피칸/수입산/0.1kg"
"가공식품","농산물가공식품","해바라기씨","1118987","해바라기씨/율성맑은아침","","2023년","해바라기씨/수입산/0.1kg"
"가공식품","농산물가공식품","해바라기씨","1118988","해바라기씨/율성맑은아침","","2023년","해바라기씨(볶음)/수입산/0.1kg"
"가공식품","농산물가공식품","호두","1118989","호두/산림조합","","2024년","깐조각호두(국산)/0.1kg"
"가공식품","농산물가공식품","호두","1118990","호두/율성맑은아침","","2023년","볶음호두살(1/4) 미국/켈리포니아/0.1kg"
"가공식품","농산물가공식품","호두","1118991","호두/율성맑은아침","","2023년","호두1/2조각(반태)/0.1kg"
"가공식품","농산물가공식품","호두","1118992","호두/율성맑은아침","","2023년","호두1/4~1/16조각/0.1kg"
"가공식품","농산물가공식품","호두","1118993","호두/율성맑은아침","","2023년","호두살(1/16,수입)/수입산/0.1kg"
"가공식품","농산물가공식품","호두","1118994","호두/율성맑은아침","","2023년","호두살(1/2,수입)/수입산/0.1kg"
"가공식품","농산물가공식품","호두","1118995","호두/율성맑은아침","","2023년","호두살(1/4,수입)/수입산/0.1kg"
"가공식품","농산물가공식품","호두","1118996","호두/율성맑은아침","","2023년","호두살(원형)/0.1kg"
"가공식품","농산물가공식품","호박씨","1118997","호박씨/율성맑은아침","","2023년","호박씨/수입산/0.1kg"
"가공식품","농산물가공식품","호박씨","1118998","호박씨/율성맑은아침","","2023년","호박씨(볶음)/수입산/0.1kg"
"가공식품","농산물가공식품","황기","1118999","황기/산림조합","","2024년","황기/0.1kg"
"가공식품","농산물가공식품","황기","1119000","황기/율성맑은아침","","2023년","황기/0.1kg"
"가공식품","농산물가공식품","황기","1119001","황기/푸르원","농업회사법인㈜푸르원","2023년","황기/0.1kg"
"농산물","과일과채류","딸기","1119002","딸기","","당해년도","딸기,3x4 (45과 내외/1kg)/0.5kg"
"농산물","과일과채류","딸기","1119003","딸기","","당해년도","딸기,3x4 (45과 내외/1kg)/0.5kg"
"농산물","과일과채류","딸기","1119004","딸기","","당해년도","딸기,3x5 (55과 내외/1kg)/0.5kg"
"농산물","과일과채류","딸기","1119005","딸기","","당해년도","딸기,3x5 (55과 내외/1kg)/0.5kg"
"농산물","과일과채류","메론","1119006","메론","","당해년도","메론/머스크 (4수/8kg)/2kg"
"농산물","과일과채류","메론","1119007","메론","","당해년도","메론/머스크 (5수/8kg)/1.6kg"
"농산물","과일과채류","메론","1119008","메론","","당해년도","메론/세지(3수/5kg)/1.6kg"
"농산물","과일과채류","메론","1119009","메론","","당해년도","메론/세지(3수/5kg)/1.6kg"
"농산물","과일과채류","메론","1119010","메론","","당해년도","메론/세지(3수/5kg)/1.6kg"
"농산물","과일과채류","방울토마토","1119011","방울토마토","","2024년","방울토마토(10g/과,샐러드용)/0.5kg"
"농산물","과일과채류","방울토마토","1119012","방울토마토","","당해년도","방울토마토(10g/과,샐러드용)/0.5kg"
"농산물","과일과채류","방울토마토","1119013","방울토마토","","당해년도","방울토마토(10g/과,샐러드용)/0.5kg"
"농산물","과일과채류","방울토마토","1119014","방울토마토","","당해년도","방울토마토(15-20g/과)/0.5kg"
"농산물","과일과채류","방울토마토","1119015","방울토마토","","당해년도","방울토마토(15-20g/과)/0.5kg"
"농산물","과일과채류","방울토마토","1119016","방울토마토","","당해년도","방울토마토(15-20g/과)/0.5kg"
"농산물","과일과채류","방울토마토","1119017","방울토마토","","당해년도","방울토마토(20-30g/과)/0.5kg"
"농산물","과일과채류","방울토마토","1119018","방울토마토","","당해년도","방울토마토(20-30g/과)/0.5kg"
"농산물","과일과채류","방울토마토","1119019","방울토마토","","당해년도","방울토마토(20-30g/과)/0.5kg"
"농산물","과일과채류","방울토마토","1119020","방울토마토(대추)","","2024년","방울토마토(대추)/한팩 750g-"
"농산물","과일과채류","방울토마토","1119021","방울토마토","","당해년도","방울토마토(대추)/0.5kg"
"농산물","과일과채류","방울토마토","1119022","방울토마토","","당해년도","방울토마토(대추)/0.5kg"
"농산물","과일과채류","방울토마토","1119023","방울토마토","","2023년","방울토마토(대추)-삭제"
"농산물","과일과채류","방울토마토","1119024","주황(노랑)방울토마토(대추,샐러드용)","","당해년도","주황(노랑)방울토마토(대추,샐러드용)/0.5kg"
"농산물","과일과채류","토마토","1119025","토마토","","당해년도","완숙토마토(150g 내외)/1kg"
"농산물","과일과채류","토마토","1119026","토마토","","당해년도","완숙토마토(150g 내외)/1kg"
"농산물","과일과채류","토마토","1119027","토마토","","당해년도","완숙토마토(소스용, 샐러드용)/1kg"
"농산물","과일과채류","토마토","1119028","토마토","","당해년도","완숙토마토(소스용, 샐러드용)/1kg"
"농산물","과일과채류","토마토","1119029","토마토","","당해년도","완숙토마토,200g/과/1kg"
"농산물","과일과채류","토마토","1119030","토마토","","당해년도","완숙토마토,200g/과/1kg"
"농산물","과일과채류","토마토","1119031","토마토","","당해년도","완숙토마토,250g/과/1kg"
"농산물","과일과채류","토마토","1119032","토마토","","당해년도","완숙토마토,250g/과/1kg"
"농산물","과일류","감귤","1119033","감귤","","당해년도","노지 감귤,124-135g/과/1kg"
"농산물","과일류","감귤","1119034","감귤","","","노지 감귤,124-135g/과/1kg"
"농산물","과일류","감귤","1119035","감귤","","당해년도","노지 감귤,2S(58g)/1kg"
"농산물","과일류","감귤","1119036","감귤","","당해년도","노지 감귤,2S(58g)/1kg"
"농산물","과일류","감귤","1119037","감귤","","당해년도","노지 감귤,L(115g)/1kg"
"농산물","과일류","감귤","1119038","감귤","","당해년도","노지 감귤,L(115g)/1kg"
"농산물","과일류","감귤","1119039","감귤","","당해년도","노지 감귤,M(90g)/1kg"
"농산물","과일류","감귤","1119040","감귤","","당해년도","노지 감귤,M(90g)/1kg"
"농산물","과일류","감귤","1119041","감귤","","당해년도","노지 감귤,S(70g)/1kg"
"농산물","과일류","감귤","1119042","감귤","","당해년도","노지 감귤,S(70g)/1kg"
"농산물","과일류","감귤","1119043","감귤","","당해년도","비가림 감귤,107-123g/과(87과내외/10kg)/1kg"
"농산물","과일류","감귤","1119044","감귤","","당해년도","비가림 감귤,53~62g/과/1kg"
"농산물","과일류","감귤","1119045","감귤","","당해년도","비가림 감귤,53~62g/과/1kg"
"농산물","과일류","감귤","1119046","감귤","","당해년도","비가림 감귤,63-82g/과/1kg"
"농산물","과일류","감귤","1119047","감귤","","당해년도","비가림 감귤,83-106g/과/1kg"
"농산물","과일류","감귤","1119048","감귤","","당해년도","비가림 감귤,83-106g/과/1kg"
"농산물","과일류","감귤","1119049","감귤","","당해년도","비가림 감귤,63-82g/과/1kg"
"농산물","과일류","감귤","1119050","감귤","","당해년도","하우스감귤(100g,30내/3kg)/1kg"
"농산물","과일류","감귤","1119051","감귤","","당해년도","하우스감귤(60g,50내/3kg)/1kg"
"농산물","과일류","감귤","1119052","감귤","","당해년도","하우스감귤(70g,43내/3kg)/1kg"
"농산물","과일류","감귤","1119053","감귤","","당해년도","하우스감귤(80g,37내/3kg)/1kg"
"농산물","과일류","감귤","1119054","감귤","","당해년도","하우스감귤(90g,33내/3kg)/1kg"
"농산물","과일류","단감","1119055","단감","","당해년도","단감/40내(250g)/1kg"
"농산물","과일류","단감","1119056","단감","","당해년도","단감/50내(200-220g)/1kg"
"농산물","과일류","단감","1119057","단감","","당해년도","단감/60내(166-199g)/1kg"
"가공식품","농산물가공식품","대추가공품","1119058","대추/산림조합","","2024년","건대추(특초)/0.1kg"
"가공식품","농산물가공식품","대추가공품","1119059","대추/산림조합","","2024년","대추채(바삭)/0.1kg"
"가공식품","농산물가공식품","대추가공품","1119060","대추/산림조합","","2024년","대추채(촉촉)/0.1kg"
"가공식품","농산물가공식품","대추가공품","1119061","대추/산림조합","","2024년","씨제거대추/0.1kg"
"농산물","과일류","레몬","1119062","레몬","","당해년도","레몬/수입산/0.3kg"
"농산물","과일류","레몬","1119063","레몬","","당해년도","레몬/수입산/0.3kg"
"농산물","과일류","바나나","1119064","바나나/6발","델몬트","당해년도","바나나/6발/1과 150g/수입산/1kg"
"농산물","과일류","바나나","1119065","바나나/8발","","당해년도","바나나/8발/1과 120g/수입산/1kg"
"농산물","과일류","바나나","1119066","바나나/8발","","당해년도","바나나/8발/1과 120g/수입산/1kg"
"농산물","과일류","바나나","1119067","바나나/9발","","당해년도","바나나/9발/1과 110g/수입산/1kg"
"농산물","과일류","배","1119068","배","","2023년","배/20내(750g,15-20개)/1kg"
"농산물","과일류","배","1119069","배","","당해년도","배/20내(750g,15-20과)/1.5kg"
"농산물","과일류","배","1119070","배","","2023년","배/20내(750g,15-20과)/1.5kg"
"농산물","과일류","배","1119071","배","","2023년","배/25내(600g,21-25개)/1kg"
"농산물","과일류","배","1119072","배","","당해년도","배/25내(600g,21-25과)/1.5kg"
"농산물","과일류","배","1119073","배","","2023년","배/25내(600g,21-25과)/1.5kg"
"농산물","과일류","배","1119074","배","","2023년","배/30내(26-30개)/1kg"
"농산물","과일류","배","1119075","배","","당해년도","배/30내(26-30과)/1.5kg"
"농산물","과일류","배","1119076","배","","2023년","배/30내(26-30과)/1.5kg"
"농산물","과일류","배","1119077","배","","2023년","배/40내(35-40개)/1kg"
"농산물","과일류","배","1119078","배","","당해년도","배/40내(35-40과)/1.5kg"
"농산물","과일류","배","1119079","배","","2023년","배/소스용/30내/1kg"
"농산물","과일류","배","1119080","배","","2023년","배/소스용/30내/1kg"
"농산물","과일류","사과","1119081","사과","","2023년","사과/10Kg 27~30과/1kg"
"농산물","과일류","사과","1119082","사과","","당해년도","사과/10Kg 27~30과/1kg"
"농산물","과일류","사과","1119083","사과","","2024","사과/10Kg 27~30과/1kg"
"농산물","과일류","사과","1119084","사과","","2023년","사과/10Kg 31~33과/1kg"
"농산물","과일류","사과","1119085","사과","","당해년도","사과/10Kg 31~33과/1kg"
"농산물","과일류","사과","1119086","사과","","2024","사과/10Kg 31~33과/1kg"
"농산물","과일류","사과","1119087","사과","","2023년","사과/10Kg 34~36과/1kg"
"농산물","과일류","사과","1119088","사과","","당해년도","사과/10Kg 34~36과/1kg"
"농산물","과일류","사과","1119089","사과","","2024","사과/10Kg 34~36과/1kg"
"농산물","과일류","사과","1119090","사과","","2023년","사과/10Kg 37~40과/1kg"
"농산물","과일류","사과","1119091","사과","","당해년도","사과/10Kg 37~40과/1kg"
"농산물","과일류","사과","1119092","사과","","2024","사과/10Kg 37~40과/1kg"
"농산물","과일류","사과","1119093","사과","","2023년","사과/10Kg 41~45과/1kg"
"농산물","과일류","사과","1119094","사과","","당해년도","사과/10Kg 41~45과/1kg"
"농산물","과일류","사과","1119095","사과","","2024","사과/10Kg 41~45과/1kg"
"농산물","과일류","사과","1119096","사과","","2023년","사과/10Kg 46~50과/1kg"
"농산물","과일류","사과","1119097","사과","","당해년도","사과/10Kg 46~50과/1kg"
"농산물","과일류","아보카도","1119098","아보카도","","당해년도","아보카도/수입산/1kg"
"농산물","과일류","아보카도","1119099","아보카도","","당해년도","아보카도/수입산/1kg"
"농산물","과일류","오렌지","1119100","레드향(탄금향)","","2024년","레드향(탄금향) 200g/과/1kg"
"농산물","과일류","오렌지","1119101","레드향(탄금향)","","당해년도","레드향(탄금향) 200g/과/1kg"
"농산물","과일류","오렌지","1119102","레드향(탄금향)","","2024년","레드향(탄금향) 250g/과/1kg"
"농산물","과일류","오렌지","1119103","레드향(탄금향)","","당해년도","레드향(탄금향) 250g/과/1kg"
"농산물","과일류","오렌지","1119104","레드향(탄금향)","","당해년도","레드향(탄금향) 250g/과/1kg"
"농산물","과일류","오렌지","1119105","레드향(탄금향)","","2024년","레드향(탄금향) 300g/과/1kg"
"농산물","과일류","오렌지","1119106","레드향(탄금향)","","당해년도","레드향(탄금향) 300g/과/1kg"
"농산물","과일류","오렌지","1119107","레드향(탄금향)","","당해년도","레드향(탄금향) 300g/과/1kg"
"농산물","과일류","오렌지","1119108","레드향(탄금향)","","2024년","레드향(탄금향) 350g/과/1kg"
"농산물","과일류","오렌지","1119109","레드향(탄금향)","","당해년도","레드향(탄금향) 350g/과/1kg"
"농산물","과일류","오렌지","1119110","레드향(탄금향)","","2024년","레드향(탄금향) 400g/과/1kg"
"농산물","과일류","오렌지","1119111","레드향(탄금향)","","당해년도","레드향(탄금향) 400g/과/1kg"
"농산물","과일류","오렌지","1119112","레드향(탄금향)","","당해년도","레드향(탄금향) 400g/과/1kg"
"농산물","과일류","오렌지","1119113","오렌지","","당해년도","오렌지/수입산/1과 250g/1kg/"
"농산물","과일류","오렌지","1119114","오렌지","","당해년도","오렌지/수입산/1과 200g/1kg/"
"농산물","과일류","오렌지","1119115","천혜향","","당해년도","천혜향,180g/과/1kg"
"농산물","과일류","오렌지","1119116","천혜향","","2023년","천혜향,200g/과/1kg_사용안함"
"농산물","과일류","오렌지","1119117","천혜향","","2023년","천혜향,220g/과/1kg_사용안함"
"농산물","과일류","오렌지","1119118","천혜향","","2023년","천혜향,250g/과/1kg_사용안함"
"농산물","과일류","오렌지","1119119","천혜향","","당해년도","천혜향,250g/과/1kg"
"농산물","과일류","오렌지","1119120","천혜향","","2023년","천혜향,300g/과/1kg_사용안함"
"농산물","과일류","오렌지","1119121","천혜향","","당해년도","천혜향,300g/과/1kg"
"농산물","과일류","오렌지","1119122","천혜향","","당해년도","천혜향,300g/과/1kg"
"농산물","과일류","오렌지","1119123","천혜향","","당해년도","천혜향,250g/과/1kg"
"농산물","과일류","오렌지","1119124","천혜향","","당해년도","천혜향,200g/과/1kg"
"농산물","과일류","오렌지","1119125","한라봉","","당해년도","한라봉,250g/과/1kg"
"농산물","과일류","오렌지","1119126","한라봉","","당해년도","한라봉,200g/과/1kg"
"농산물","과일류","오렌지","1119127","한라봉","","당해년도","한라봉,200g/과/1kg"
"농산물","과일류","오렌지","1119128","한라봉","","당해년도","한라봉,250g/과/1kg"
"농산물","과일류","오렌지","1119129","한라봉","","당해년도","한라봉,250g/과/1kg"
"농산물","과일류","오렌지","1119130","한라봉","","당해년도","한라봉,270g/과/1kg"
"농산물","과일류","오렌지","1119131","한라봉","","당해년도","한라봉,270g/과/1kg"
"농산물","과일류","오렌지","1119132","한라봉","","당해년도","한라봉,300g/과/1kg"
"농산물","과일류","오렌지","1119133","한라봉","","당해년도","한라봉,300g/과/1kg"
"농산물","과일류","오렌지","1119134","한라봉","","당해년도","한라봉,300g/과/1kg"
"농산물","과일류","오렌지","1119135","황금향","","2024년","황금향, 170-199g/과/1kg"
"농산물","과일류","오렌지","1119136","황금향","","2024년","황금향, 200-250g/과/1kg"
"농산물","과일류","자두","1119137","자두","","당해년도","자두/115개 내외,10kg/80~90g,과/1kg"
"농산물","과일류","자두","1119138","자두","","당해년도","자두/125개 내외,10kg/70~80g,과/1kg"
"농산물","과일류","체리","1119139","체리,11~13g","","당해년도","체리,11~13g/수입산/1kg"
"농산물","과일류","체리","1119140","체리,8~10g","","당해년도","체리,8~10g/수입산/1kg"
"농산물","과일류","키위","1119143","키위(제스프리)","","당해년도","키위/제스프리/1과100g/수입산/1kg"
"농산물","과일류","파인애플","1119146","파인애플(골드/5수)","","당해년도","파인애플(골드/5수)/수입산/2.4kg"
"농산물","과일류","파인애플","1119147","파인애플(골드/6수)","","당해년도","파인애플(골드/6수)/수입산/2kg"
"농산물","과일류","파인애플","1119148","파인애플(꼭지제거)","","당해년도","파인애플(꼭지제거)/수입산/1.5kg"
"농산물","과일류","포도(국내산)","1119149","포도(거봉)","","2024년","거봉/2kg"
"농산물","과일류","포도(국내산)","1119150","포도(머루포도)","","2023년","머루포도/3kg"
"농산물","과일류","포도(국내산)","1119151","포도(켐벨포도)","","당해년도","켐벨포도/3kg"
"농산물","과일류","포도(수입산)","1119152","적포도(크림슨)","","당해년도","적포도(크림슨)/수입산/1kg"
"농산물","과일류","포도(수입산)","1119153","청포도(톰슨)","","당해년도","청포도(톰슨)/수입산/1kg"
"농산물","과일류","포도(수입산)","1119154","포도(레드글로버)","","당해년도","포도(레드글로버)/수입산/1kg"
"농산물","과일류","포도(수입산)","1119155","포도(레드글로버)","","당해년도","적포도(레드글로버)/수입산/1kg"
"농산물","과채류","가지","1119156","가지","","당해년도","가지/생것/2개입/0.3kg"
"농산물","과채류","단호박","1119157","단호박(4등분)","","당해년도","단호박(4등분)/1kg"
"농산물","과채류","단호박","1119158","단호박(깍뚝썰기/밥용)","","당해년도","단호박(깍뚝썰기/밥용)/1kg"
"농산물","과채류","단호박","1119159","단호박(깍뚝썰기/카레용)","","당해년도","단호박(깍뚝썰기/카레용)/1kg"
"농산물","과채류","단호박","1119160","단호박(껍질없는찜용)","","당해년도","단호박(껍질없는 찜용)/1kg"
"농산물","과채류","단호박","1119161","단호박(죽용)","","당해년도","단호박(죽용)/1kg"
"농산물","과채류","단호박","1119162","단호박(채)","","당해년도","단호박(채)/1kg"
"농산물","과채류","단호박","1119163","단호박(튀김용/절단)","","당해년도","단호박(튀김용/절단)/1kg"
"농산물","과채류","단호박","1119164","단호박(피)","","당해년도","단호박(피)/1kg"
"농산물","과채류","돼지호박","1119165","돼지호박(쥬키니)","","당해년도","돼지호박(쥬키니)/0.4kg"
"농산물","과채류","애호박","1119166","애호박/인큐","","당해년도","애호박/인큐/0.3kg"
"농산물","과채류","애호박","1119167","애호박/인큐(비닐제거)","","당해년도","애호박/인큐(비닐제거)/0.3kg"
"가공식품","농산물가공식품","애호박가공품","1119168","애호박/산림조합","","2024년","애호박말랭이/0.1kg"
"농산물","과채류","오이","1119169","백오이","","당해년도","백오이/2들입/0.3kg"
"농산물","과채류","오이","1119170","청오이","","당해년도","청오이/국내산"
"농산물","과채류","오이","1119171","백오이","","당해년도","상자, 봉"
"농산물","근채류","당근","1119172","깐당근","","2024년","깐당근/1kg"
"농산물","근채류","당근","1119173","깐당근(깍둑썰기)","","2024년","깐당근(깍둑썰기)/1kg"
"농산물","근채류","당근","1119174","당근(흙)","","2024년","당근(흙)/1kg"
"농산물","근채류","당근","1119175","세척당근","","2024년","세척당근/1kg"
"농산물","근채류","무","1119176","깐무","","당해년도","깐무/1.5kg/"
"농산물","근채류","무","1119177","무(흙)","","당해년도","무(흙)/2kg/"
"농산물","근채류","무","1119178","세척무","","당해년도","세척무/2kg/"
"농산물","근채류","비트(알)","1119179","비트(알)","","2024년","비트(알)/0.4kg"
"가공식품","농산물가공식품","고사리가공품","1119180","고사리/산림조합","","2024년","건고사리/0.1kg"
"가공식품","농산물가공식품","고사리가공품","1119181","고사리/산림조합","","2024년","고사리(데친)/0.3kg"
"농산물","기타채소","도라지","1119182","채도라지","","2023년","채도라지"
"농산물","기타채소","두릅","1119183","두릅","","2024년","두릅/0.3kg"
"가공식품","농산물가공식품","무말랭이가공품","1119184","무말랭이/산림조합","","2024년","건무말랭이/0.1kg"
"가공식품","농산물가공식품","무시래기가공품","1119185","무시래기/산림조합","","2024년","건무시래기/0.1kg"
"가공식품","농산물가공식품","무시래기가공품","1119186","무시래기/산림조합","","2024년","무시래기(건데친)/0.3kg"
"농산물","기타채소","유채","1119187","유채(생것)","","2024년","유채(생것)/0.5kg"
"가공식품","농산물가공식품","건표고가공품","1119188","건표고/산림조합","","2024년","건표고 슬라이스/0.1kg"
"가공식품","농산물가공식품","건표고가공품","1119189","건표고/산림조합","","2024년","건표고버섯(향고)/0.1kg"
"가공식품","농산물가공식품","건표고가공품","1119190","건표고/산림조합","","2024년","건표고칩/0.1kg"
"농산물","버섯류","느타리버섯","1119191","느타리버섯","","2024년","느타리버섯/1kg"
"농산물","버섯류","만가닥버섯","1119192","만가닥버섯","","2024년","만가닥버섯/0.3kg"
"농산물","버섯류","새송이버섯","1119193","볶음새송이","","2024년","볶음새송이/1kg"
"농산물","버섯류","새송이버섯","1119194","새송이버섯","","2024년","새송이버섯/1kg"
"농산물","버섯류","애느타리버섯","1119195","애느타리버섯","","2024년","애느타리버섯/0.3kg"
"농산물","버섯류","양송이버섯","1119196","양송이버섯","","2024년","양송이버섯/0.3kg"
"농산물","버섯류","팽이버섯","1119197","팽이버섯","","2024년","팽이버섯/0.3kg"
"농산물","버섯류","표고버섯","1119198","표고버섯(생)","","2024년","표고버섯(생)/0.3kg"
"농산물","서류","감자","1119199","감자(깐것)/일반","","2024년","감자(깐것)/일반/1kg"
"농산물","서류","감자","1119200","감자(깐것)/일반/깍둑썰기","","2024년","감자(깐것)/일반/깍둑썰기/1.5x1.5cm/1kg"
"농산물","서류","감자","1119201","감자(피)/일반","","2024년","감자(피)/150~250g/약4~6개/1kg"
"농산물","서류","고구마","1119202","고구마(깐것)","","2024년","고구마(깐것)/1kg"
"농산물","서류","고구마","1119203","고구마(깐것/가는채/스틱)","","2024년","고구마(깐것/가는채/스틱)/1kg"
"농산물","서류","고구마","1119204","고구마(깐것/굵은채/스틱)","","2024년","고구마(깐것/굵은채/스틱)/1kg"
"농산물","서류","고구마","1119205","고구마(깐것/깍둑,어슷썰기,카레용)","","2024년","고구마(깐것/깍둑,어슷썰기,카레용)/1kg"
"농산물","서류","고구마","1119206","고구마(깐것/맛탕용)","","2024년","고구마(깐것/맛탕용)/1kg"
"농산물","서류","고구마","1119207","고구마(피세척)","","2024년","고구마(피세척)/1kg"
"농산물","서류","알감자","1119208","알감자(깐것/버터구이)","","2024년","알감자(깐것/버터구이)30g내외/1kg"
"농산물","서류","알감자","1119209","알감자(깐것/조림)30g내외","","2024년","알감자(깐것/조림)30g내외/1kg"
"농산물","서류","알감자","1119210","피알감자(조림/세척)","","2024년","피알감자(조림/세척)/1kg"
"농산물","서류","웨지감자","1119211","웨지감자(깐)","","2024년","웨지감자(깐)30g내외/1kg"
"농산물","서류","웨지감자","1119212","웨지감자(세척)","","2024년","웨지감자(세척)30g내외/1kg"
"농산물","서류","호박고구마","1119213","호박고구마(세척/찜용),50-70g/개","","2024년","호박고구마(세척/찜용),50-70g/1kg"
"농산물","서류","호박고구마","1119214","호박고구마(세척/찜용),80-100g/개","","2024년","호박고구마(세척/찜용),80-100g/1kg"
"농산물","양곡부류","강낭콩","1119215","강낭콩/한결","","2023년","강낭콩(말린것)/1kg/무농약"
"농산물","양곡부류","강낭콩","1119216","강낭콩/한결","","2023년","강낭콩(말린것)/1kg/일반"
"농산물","양곡부류","강낭콩","1119217","강낭콩/고산","","2023년","강낭콩(말린것)/1kg/무농약"
"농산물","양곡부류","강낭콩","1119218","강낭콩/고산","","2023년","강낭콩(말린것)/1kg/유기농"
"농산물","양곡부류","강낭콩","1119219","강낭콩/한결","","2023년","강낭콩(말린것)/0.5kg/무농약_사용안함"
"농산물","양곡부류","강낭콩","1119220","강낭콩/한결","","2023년","강낭콩(말린것)/0.5kg/일반_사용안함"
"농산물","양곡부류","강낭콩","1119221","강낭콩/한결","","2023년","조각강낭콩/1kg/일반"
"농산물","양곡부류","강낭콩","1119222","강낭콩/한결","","2023년","조각강낭콩/0.5kg/일반_사용안함"
"농산물","양곡부류","귀리","1119223","귀리/한결","","2023년","귀리/1kg/일반"
"농산물","양곡부류","귀리","1119224","귀리/옥과","","별도표기","귀리/1kg/일반"
"농산물","양곡부류","귀리","1119225","귀리/한결","","2023년","귀리/0.5kg/일반_사용안함"
"농산물","양곡부류","귀리","1119226","귀리/한결","","2023년","귀리쌀/1kg/무농약"
"농산물","양곡부류","귀리","1119227","귀리/한결","","2023년","귀리쌀/1kg/유기농"
"농산물","양곡부류","귀리","1119228","귀리/삼기","","2023년","귀리쌀/1kg/무농약"
"농산물","양곡부류","귀리","1119229","귀리/삼기","","2023년","귀리쌀/1kg/일반"
"농산물","양곡부류","귀리","1119230","귀리/옥과","","별도표기","귀리쌀/1kg/무농약"
"농산물","양곡부류","귀리","1119231","귀리/고산","","2023년","귀리쌀/1kg/무농약"
"농산물","양곡부류","귀리","1119232","귀리/한결","","2023년","귀리쌀/0.5kg/무농약_사용안함/"
"농산물","양곡부류","귀리","1119233","귀리/한결","","2023년","귀리쌀/0.5kg/무농약_사용안함"
"농산물","양곡부류","귀리","1119234","귀리/고산","","2023년","귀리쌀/1kg/유기농"
"농산물","양곡부류","기능성쌀","1119235","쌀(기능성쌀)/한결","","2023년","강황라이스(무농약원료)/1kg/일반"
"농산물","양곡부류","기능성쌀","1119236","쌀(기능성쌀)/한결","","2023년","강황카레라이스/1kg/일반"
"농산물","양곡부류","기능성쌀","1119237","쌀(기능성쌀)/삼기","","2023년","강황카레라이스/1kg/일반"
"농산물","양곡부류","기능성쌀","1119238","쌀(기능성쌀)/한결","","2023년","고칼슘강화기장/1kg/일반"
"농산물","양곡부류","기능성쌀","1119239","기능성쌀/한결","","2023년","고칼슘강화기장/0.5kg/일반_사용안함"
"농산물","양곡부류","기능성쌀","1119240","쌀(기능성쌀)/삼기","","2023년","고칼슘기장/1kg/일반"
"농산물","양곡부류","기능성쌀","1119241","쌀(기능성쌀)/한결","","2023년","고칼슘기장(무농약원료)/1kg/일반"
"농산물","양곡부류","기능성쌀","1119242","기능성쌀/한결","","2023년","고칼슘기장(무농약원료)/0.5kg/일반_사용안함"
"농산물","양곡부류","기능성쌀","1119243","쌀(기능성쌀)/삼기","","2023년","녹차라이스/1kg/일반"
"농산물","양곡부류","기능성쌀","1119244","쌀(기능성쌀)/한결","","2023년","녹차라이스(무농약원료)/1kg/일반"
"농산물","양곡부류","기능성쌀","1119245","쌀(기능성쌀)/한결","","2023년","녹차카테킨/1kg/일반"
"농산물","양곡부류","기능성쌀","1119246","쌀(기능성쌀)/한결","","2023년","밸런스라이스(무농약원료)/1kg/일반"
"농산물","양곡부류","기능성쌀","1119247","쌀(기능성쌀)/한결","","2023년","버섯카로틴라이스/1kg/일반"
"농산물","양곡부류","기능성쌀","1119248","쌀(기능성쌀)/삼기","","2023년","버섯카로틴라이스/1kg/일반"
"농산물","양곡부류","기능성쌀","1119249","쌀(기능성쌀)/한결","","2023년","버섯카로틴라이스(무농약원료)/1kg/일반"
"농산물","양곡부류","기능성쌀","1119250","쌀(기능성쌀)/한결","","2023년","칼슘찹쌀/1kg/일반"
"농산물","양곡부류","기능성쌀","1119251","쌀(기능성쌀)/삼기","","2023년","칼슘찹쌀/1kg/일반"
"농산물","양곡부류","기능성쌀","1119252","쌀(기능성쌀)/한결","","2023년","칼슘찹쌀(무농약 원료)/1kg/일반"
"농산물","양곡부류","기능성쌀","1119253","쌀(기능성쌀)/삼기","","2023년","칼슘찹쌀(무농약원료)/1kg/일반"
"농산물","양곡부류","기능성쌀","1119254","쌀(기능성쌀)/한결","","2023년","클로렐라라이스/1kg/일반"
"농산물","양곡부류","기능성쌀","1119255","쌀(기능성쌀)/삼기","","2023년","클로렐라라이스/1kg/일반"
"농산물","양곡부류","기능성쌀","1119256","쌀(기능성쌀)/한결","","2023년","클로렐라라이스(무농약원료)/1kg/일반"
"농산물","양곡부류","기능성쌀","1119257","쌀(기능성쌀)/한결","","2023년","클로렐라찹쌀(무농약 원료)/1kg/일반"
"농산물","양곡부류","기능성쌀","1119258","쌀(기능성쌀)/한결","","2023년","토마코펜라이스/1kg/일반"
"농산물","양곡부류","기능성쌀","1119259","쌀(기능성쌀)/삼기","","2023년","토마코펜라이스/1kg/일반"
"농산물","양곡부류","기능성쌀","1119260","쌀(기능성쌀)/한결","","2023년","토마코펜라이스(무농약원료)/1kg/일반"
"농산물","양곡부류","기능성쌀","1119261","쌀(기능성쌀)/한결","","2023년","홍국라이스/1kg/일반"
"농산물","양곡부류","기능성쌀","1119262","쌀(기능성쌀)/삼기","","2023년","홍국라이스/1kg/일반"
"농산물","양곡부류","기능성쌀","1119263","쌀(기능성쌀)/한결","","2023년","홍국하이스(무농약원료)/1kg/일반"
"농산물","양곡부류","기장","1119264","기장/한결","","2023년","기장/1kg/무농약"
"농산물","양곡부류","기장","1119265","기장/한결","","2023년","기장/1kg/일반"
"농산물","양곡부류","기장","1119266","기장/삼기","","2023년","기장/1kg/무농약"
"농산물","양곡부류","기장","1119267","기장/옥과","","별도표기","기장/1kg/일반"
"농산물","양곡부류","기장","1119268","기장/옥과","","별도표기","기장/1kg/무농약"
"농산물","양곡부류","기장","1119269","기장/고산","","2023년","기장/1kg/무농약"
"농산물","양곡부류","기장","1119270","기장/한결","","2023년","기장/0.5kg/무농약_사용안함"
"농산물","양곡부류","기장","1119271","기장/한결","","2023년","기장/0.5kg/일반_사용안함"
"농산물","양곡부류","기장","1119272","기장/고산","","2023년","기장/1kg/유기농"
"농산물","양곡부류","녹두","1119273","녹두/한결","","2023년","녹두(깐것)/1kg/무농약"
"농산물","양곡부류","녹두","1119274","녹두/한결","","2023년","녹두(깐것)/1kg/일반"
"농산물","양곡부류","녹두","1119275","녹두/삼기","","2023년","깐녹두/1kg/무농약"
"농산물","양곡부류","녹두","1119276","녹두/옥과","","별도표기","녹두(깐것)/1kg/일반"
"농산물","양곡부류","녹두","1119277","녹두/옥과","","별도표기","녹두(깐것)/1kg/무농약"
"농산물","양곡부류","녹두","1119278","녹두/고산","","2023년","녹두(깐것)/1kg/무농약"
"농산물","양곡부류","녹두","1119279","녹두/한결","","2023년","녹두(깐것)/0.5kg/무농약_사용안함"
"농산물","양곡부류","녹두","1119280","녹두/한결","","2023년","녹두(깐것)/0.5kg/일반_사용안함"
"농산물","양곡부류","녹두","1119281","녹두/고산","","2023년","녹두(깐것)/1kg/유기농"
"농산물","양곡부류","녹미","1119282","녹미/고산","","2023년","녹미/1kg/무농약"
"농산물","양곡부류","녹미","1119283","녹미/고산","","2023년","녹미/1kg/유기농"
"농산물","양곡부류","백미","1119284","백미/한결","","2023년","일반미(무농약)/10kg"
"농산물","양곡부류","백미","1119285","백미/삼기","","2023년","일반미(무농약)/10kg/"
"농산물","양곡부류","백미","1119286","백미/옥과","","별도표기","일반미(무농약)/10kg/"
"농산물","양곡부류","백미","1119287","백미/고산","","2023년","일반미(유기농)/10kg/유기농"
"농산물","양곡부류","백미","1119288","백미/고산","","2023년","일반미(무농약)/10kg/무농약/"
"농산물","양곡부류","백미","1119289","백미/영광","","2023년","일반미(신동진)/10kg/일반/"
"농산물","양곡부류","백미","1119290","백미/한결","","2023년","일반미(신동진)/10kg/일반"
"농산물","양곡부류","백미","1119291","백미/옥과","","별도표기","일반미(강대찬)/10kg/일반"
"농산물","양곡부류","백미","1119292","백미/영광","","2023년","일반미/10kg/유기농/"
"농산물","양곡부류","백미","1119293","백미/인수","인수영농조합법인","2023년산","일반미(유기농)/10kg/"
"농산물","양곡부류","백미","1119294","칠분도미/인수","인수영농조합법인","2024년산","칠분도미(유기농)/10kg"
"농산물","양곡부류","서리태","1119359","서리태/고산","","2023년","서리태/1kg/유기농"
"농산물","양곡부류","백미","1119295","백미/인수","인수영농조합법인","당해년도","일반미(유기농)/10kg_삭제4"
"농산물","양곡부류","백미","1119296","백미/인수","인수영농조합법인","당해년도","일반미(유기농)/10kg_삭제5"
"농산물","양곡부류","백미","1119297","백미/인수","인수영농조합법인","당해년도","일반미(유기농)/10kg_삭제6"
"농산물","양곡부류","백미","1119298","백미/인수","인수영농조합법인","당해년도","일반미(유기농)/10kg_삭제7"
"농산물","양곡부류","백미","1119299","백미/인수","인수영농조합법인","당해년도","일반미(유기농)/10kg_삭제8"
"농산물","양곡부류","백미","1119300","백미/인수","인수영농조합법인","당해년도","일반미(유기농)/10kg_삭제9"
"농산물","양곡부류","백미","1119301","백미/인수","인수영농조합법인","당해년도","일반미(새청무)/10kg/일반"
"농산물","양곡부류","백미","1119302","백미/인수","인수영농조합법인","당해년도","일반미(유기농)/10kg_삭제10"
"농산물","양곡부류","백미","1119303","백미/인수","인수영농조합법인","당해년도","일반미(유기농)/10kg_삭제2"
"농산물","양곡부류","백미","1119304","백미/인수","인수영농조합법인","당해년도","일반미(유기농)/10kg_삭제3"
"농산물","양곡부류","백미","1119305","백미/한결","","2023년","일반미(유기농)/10kg"
"농산물","양곡부류","백미","1119306","백미/삼기","","2023년","일반미(유기농)/10kg"
"농산물","양곡부류","백미","1119307","백미/옥과","","별도표기","일반미(유기농)/10kg"
"농산물","양곡부류","백미","1119308","백미/한결","","2023년","일반미(혼합)/10kg/일반"
"농산물","양곡부류","백미","1119309","백미/옥과","","별도표기","일반미(혼합)/10kg/일반"
"농산물","양곡부류","백미","1119310","칠분도미/한결","","2023년","칠분도미(무농약)/10kg"
"농산물","양곡부류","백미","1119311","칠분도미/옥과","","별도표기","칠분도미/10kg/무농약"
"농산물","양곡부류","백미","1119312","백미/고산","","2023년","칠분도미(무농약)/10kg/"
"농산물","양곡부류","백미","1119313","칠분도미/고산","","2023년","칠분도미(무농약)/10kg/무농약"
"농산물","양곡부류","백미","1119314","백미/영광","","2023년","칠분도미/10kg/유기농/"
"농산물","양곡부류","백미","1119315","백미/한결","","2023년","칠분도미(유기농)/10kg/"
"농산물","양곡부류","백미","1119316","칠분도미/옥과","","별도표기","칠분도미(유기농)/10kg"
"농산물","양곡부류","백태","1119317","백태/한결","","2023년","백태/1kg/무농약"
"농산물","양곡부류","백태","1119318","백태/한결","","2023년","백태/1kg/일반"
"농산물","양곡부류","백태","1119319","백태/옥과","","별도표기","백태/1kg/일반"
"농산물","양곡부류","백태","1119320","백태/옥과","","별도표기","백태/1kg/무농약"
"농산물","양곡부류","백태","1119321","백태/고산","","2023년","백태/1kg/무농약"
"농산물","양곡부류","백태","1119322","백태/한결","","2023년","백태/0.5kg/무농약_사용안함"
"농산물","양곡부류","백태","1119323","백태/한결","","2023년","백태/0.5kg/일반_사용안함"
"농산물","양곡부류","백태","1119324","백태/고산","","2023년","백태/1kg/유기농"
"농산물","양곡부류","보리","1119325","보리/한결","","2023년","검정찰보리/1kg/일반"
"농산물","양곡부류","보리","1119326","보리/한결","","2023년","검정찰보리/0.5kg/일반_사용안함"
"농산물","양곡부류","보리","1119327","보리/한결","","2023년","늘보리/1kg/일반"
"농산물","양곡부류","보리","1119328","보리/한결","","2023년","늘보리/0.5kg/일반_사용안함"
"농산물","양곡부류","보리","1119329","쌀보리/한결","","2023년","쌀보리/1kg/무농약/"
"농산물","양곡부류","보리","1119330","쌀보리/한결","","2023년","쌀보리/1kg/일반/"
"농산물","양곡부류","보리","1119331","쌀보리/삼기","","2023년","쌀보리/1kg/무농약/"
"농산물","양곡부류","보리","1119332","쌀보리/고산","고산농협","2023년","쌀보리/1kg/무농약/"
"농산물","양곡부류","보리","1119333","보리/한결","","2023년","쌀보리/0.5kg/무농약_사용안함"
"농산물","양곡부류","보리","1119334","쌀보리/한결","","2023년","쌀보리/0.5kg/일반_사용안함"
"농산물","양곡부류","보리","1119335","쌀보리/고산","","2023년","쌀보리/1kg/유기농"
"농산물","양곡부류","보리","1119336","보리/한결","","2023년","압맥/1kg/일반"
"농산물","양곡부류","보리","1119337","보리/옥과","","별도표기","압맥/1kg/일반"
"농산물","양곡부류","보리","1119338","보리/한결","","2023년","압맥/0.5kg/일반_사용안함"
"농산물","양곡부류","보리","1119339","보리/한결","","2023년","찰보리/1kg/무농약"
"농산물","양곡부류","보리","1119340","보리/한결","","2023년","찰보리/1kg/일반"
"농산물","양곡부류","보리","1119341","보리/삼기","","2023년","찰보리/1kg/무농약"
"농산물","양곡부류","보리","1119342","보리/옥과","","별도표기","찰보리/1kg/일반"
"농산물","양곡부류","보리","1119343","보리/옥과","","별도표기","찰보리/1kg/무농약"
"농산물","양곡부류","보리","1119344","보리/고산","","2023년","찰보리/1kg/무농약"
"농산물","양곡부류","보리","1119345","보리/한결","","2023년","찰보리/0.5kg/무농약_사용안함"
"농산물","양곡부류","보리","1119346","보리/한결","","2023년","찰보리/0.5kg/일반_사용안함"
"농산물","양곡부류","보리","1119347","보리/고산","","2023년","찰보리/1kg/유기농"
"농산물","양곡부류","보리","1119348","보리/한결","","2023년","할맥/1kg/일반"
"농산물","양곡부류","보리","1119349","보리/옥과","","별도표기","할맥/1kg/일반"
"농산물","양곡부류","보리","1119350","보리/한결","","2023년","할맥/0.5kg/일반_사용안함"
"농산물","양곡부류","서리태","1119351","서리태/한결","","2023년","서리태/1kg/무농약"
"농산물","양곡부류","서리태","1119352","서리태/한결","","2023년","서리태/1kg/일반"
"농산물","양곡부류","서리태","1119353","서리태/삼기","","2023년","서리태/1kg/무농약"
"농산물","양곡부류","서리태","1119354","서리태/옥과","","별도표기","서리태/1kg/일반"
"농산물","양곡부류","서리태","1119355","서리태/옥과","","별도표기","서리태/1kg/무농약"
"농산물","양곡부류","서리태","1119356","서리태/고산","","2023년","서리태/1kg/무농약"
"농산물","양곡부류","서리태","1119357","서리태/한결","","2023년","서리태/0.5kg/무농약_사용안함"
"농산물","양곡부류","서리태","1119358","서리태/한결","","2023년","서리태/0.5kg/일반_사용안함"
"축산물","한우","한우(도가니)","1121374","한우(도가니)","","0","0"
"농산물","양곡부류","서리태","1119360","서리태/한결","","2023년","조각서리태/1kg/무농약"
"농산물","양곡부류","서리태","1119361","서리태/한결","","2023년","조각서리태/1kg/일반"
"농산물","양곡부류","서리태","1119362","서리태/옥과","","별도표기","조각서리태/1kg/일반"
"농산물","양곡부류","서리태","1119363","서리태/옥과","","별도표기","조각서리태/1kg/무농약"
"농산물","양곡부류","서리태","1119364","서리태/한결","","2023년","조각서리태/0.5kg/무농약_사용안함"
"농산물","양곡부류","서리태","1119365","서리태/한결","","2023년","조각서리태/0.5kg/일반_사용안함"
"농산물","양곡부류","쌀보리","1119366","쌀보리/옥과","","별도표기","쌀보리/1kg/일반"
"농산물","양곡부류","쌀보리","1119367","쌀보리/옥과","","별도표기","쌀보리/1kg/무농약"
"농산물","양곡부류","옥수수알","1119368","옥수수알/한결","","2023년","옥수수쌀(말린것 분쇄)/1kg/일반"
"농산물","양곡부류","옥수수알","1119369","옥수수알/한결","","2023년","옥수수쌀(말린것 분쇄)/0.5kg/일반_사용안함"
"농산물","양곡부류","옥수수알","1119370","옥수수알/한결","","2023년","옥수수알 말린것/1kg/일반"
"농산물","양곡부류","옥수수알","1119371","옥수수알/한결","","2023년","옥수수알 말린것/0.5kg/일반_사용안함"
"농산물","양곡부류","울타리콩","1119372","울타리콩/한결","","2023년","울타리콩/1kg/일반"
"농산물","양곡부류","울타리콩","1119373","울타리콩/한결","","2023년","울타리콩/0.5kg/일반_사용안함"
"농산물","양곡부류","율무쌀","1119374","율무쌀/옥과","","별도표기","율무/1kg/일반"
"농산물","양곡부류","율무쌀","1119375","율무쌀/한결","","2023년","율무쌀/1kg/무농약"
"농산물","양곡부류","율무쌀","1119376","율무쌀/한결","","2023년","율무쌀/1kg/일반"
"농산물","양곡부류","율무쌀","1119377","율무쌀/옥과","","별도표기","율무쌀/1kg/무농약"
"농산물","양곡부류","율무쌀","1119378","율무쌀/고산","","2023년","율무쌀/1kg/무농약"
"농산물","양곡부류","율무쌀","1119379","율무쌀/한결","","2023년","율무쌀/0.5kg/무농약_사용안함"
"농산물","양곡부류","율무쌀","1119380","율무쌀/한결","","2023년","율무쌀/0.5kg/일반_사용안함"
"농산물","양곡부류","율무쌀","1119381","율무쌀/고산","","2023년","율무쌀/1kg/유기농"
"농산물","양곡부류","적두","1119382","적두/한결","","2023년","적두/1kg/무농약"
"농산물","양곡부류","적두","1119383","적두/한결","","2023년","적두/1kg/일반"
"농산물","양곡부류","적두","1119384","적두/옥과","","별도표기","적두/1kg/일반"
"농산물","양곡부류","적두","1119385","적두/옥과","","별도표기","적두/1kg/무농약"
"농산물","양곡부류","적두","1119386","적두/고산","","2023년","적두/1kg/무농약"
"농산물","양곡부류","적두","1119387","적두/한결","","2023년","적두/0.5kg/일반_사용안함"
"농산물","양곡부류","적두","1119388","적두/한결","","2023년","적두/0.5kg/일반_사용안함/"
"농산물","양곡부류","적두","1119389","적두/고산","","2023년","적두/1kg/유기농"
"농산물","양곡부류","적두","1119390","적두/한결","","2023년","조각적두/1kg/일반"
"농산물","양곡부류","적두","1119391","적두/한결","","2023년","조각적두/0.5kg/일반_사용안함"
"농산물","양곡부류","쥐눈이콩(검정약콩)","1119392","쥐눈이콩(검정약콩)/한결","","2023년","쥐눈이콩(검정약콩)/1kg/무농약"
"농산물","양곡부류","쥐눈이콩(검정약콩)","1119393","쥐눈이콩(검정약콩)/한결","","2023년","쥐눈이콩(검정약콩)/1kg/일반"
"농산물","양곡부류","쥐눈이콩(검정약콩)","1119394","쥐눈이콩(검정약콩)/옥과","","별도표기","쥐눈이콩(검정약콩)/1kg/일반"
"농산물","양곡부류","쥐눈이콩(검정약콩)","1119395","쥐눈이콩(검정약콩)/옥과","","별도표기","쥐눈이콩(검정약콩)/1kg/무농약"
"농산물","양곡부류","쥐눈이콩(검정약콩)","1119396","쥐눈이콩(검정약콩)/고산","","2023년","쥐눈이콩(검정약콩)/1kg/무농약"
"농산물","양곡부류","쥐눈이콩(검정약콩)","1119397","쥐눈이콩(검정약콩)/한결","","2023년","쥐눈이콩(검정약콩)/0.5kg/무농약_사용안함"
"농산물","양곡부류","쥐눈이콩(검정약콩)","1119398","쥐눈이콩(검정약콩)/한결","","2023년","쥐눈이콩(검정약콩)/0.5kg/일반_사용안함"
"농산물","양곡부류","쥐눈이콩(검정약콩)","1119399","쥐눈이콩(검정약콩)/고산","","2023년","쥐눈이콩(검정약콩)/1kg/유기농"
"농산물","양곡부류","차수수","1119400","차수수/한결","","2023년","차수수/1kg/무농약"
"농산물","양곡부류","차수수","1119401","차수수/한결","","2023년","차수수/1kg/일반"
"농산물","양곡부류","차수수","1119402","차수수/삼기","","2023년","차수수/1kg/무농약"
"농산물","양곡부류","차수수","1119403","차수수/옥과","","별도표기","차수수/1kg/일반"
"농산물","양곡부류","차수수","1119404","차수수/옥과","","별도표기","차수수/1kg/무농약"
"농산물","양곡부류","차수수","1119405","차수수/고산","","2023년","차수수/1kg/무농약"
"농산물","양곡부류","차수수","1119406","차수수/한결","","2023년","차수수/0.5kg/무농약_사용안함"
"농산물","양곡부류","차수수","1119407","차수수/한결","","2023년","차수수/0.5kg/일반_사용안함"
"농산물","양곡부류","차수수","1119408","차수수/고산","","2023년","차수수/1kg/유기농"
"농산물","양곡부류","차조","1119409","차조/삼기","","2023년","차조/1kg/무농약"
"농산물","양곡부류","차조","1119410","차조/한결","","2023년","황차조/1kg/일반"
"농산물","양곡부류","차조","1119411","차조/한결","","2023년","황차조/0.5kg/일반_사용안함"
"농산물","양곡부류","찹쌀","1119412","찹쌀/한결","","2023년","찹쌀/1kg/일반"
"농산물","양곡부류","찹쌀","1119413","찹쌀/옥과","","별도표기","찹쌀/1kg/일반"
"농산물","양곡부류","찹쌀","1119414","찹쌀/옥과","","별도표기","찹쌀/1kg/무농약"
"농산물","양곡부류","찹쌀","1119415","찹쌀/고산","","2023년","찹쌀/1kg/유기농"
"농산물","양곡부류","찹쌀","1119416","찹쌀/고산","","2023년","찹쌀/1kg/무농약/"
"농산물","양곡부류","찹쌀","1119417","찹쌀/한결","","2023년","찹쌀/0.5kg/일반_사용안함"
"농산물","양곡부류","찹쌀","1119418","찹쌀/한결","","2023년","찹쌀(무농약)/1kg"
"농산물","양곡부류","찹쌀","1119419","찹쌀/삼기","","2023년","찹쌀(무농약)/1kg"
"농산물","양곡부류","찹쌀","1119420","찹쌀/한결","","2023년","찹쌀/0.5kg/무농약_사용안함"
"농산물","양곡부류","찹쌀","1119421","찹쌀/인수","인수영농조합법인","당해년도","찹쌀(유기농)/1kg/"
"농산물","양곡부류","찹쌀","1119422","찹쌀/인수","인수영농조합법인","당해년도","찹쌀/1kg/유기농_삭제1"
"농산물","양곡부류","찹쌀","1119423","찹쌀/인수","인수영농조합법인","당해년도","찹쌀/1kg/유기농_삭제2"
"농산물","양곡부류","찹쌀","1119424","찹쌀/인수","인수영농조합법인","당해년도","찹쌀/1kg/유기농_삭제3"
"농산물","양곡부류","찹쌀","1119425","찹쌀/인수","인수영농조합법인","당해년도","찹쌀/1kg/유기농_삭제4"
"농산물","양곡부류","찹쌀","1119426","찹쌀/인수","인수영농조합법인","당해년도","찹쌀/1kg/유기농_삭제5"
"농산물","양곡부류","찹쌀","1119427","찹쌀/인수","인수영농조합법인","당해년도","찹쌀/1kg/유기농_삭제6"
"농산물","양곡부류","찹쌀","1119428","찹쌀/인수","인수영농조합법인","당해년도","찹쌀/1kg/유기농_삭제7"
"농산물","양곡부류","찹쌀","1119429","찹쌀/인수","인수영농조합법인","당해년도","찹쌀/1kg/유기농_삭제8"
"농산물","양곡부류","찹쌀","1119430","찹쌀/한결","","2023년","찹쌀(유기농)/1kg_사용안함"
"농산물","양곡부류","찹쌀","1119431","찹쌀/삼기","","2023년","찹쌀(유기농)/1kg"
"농산물","양곡부류","찹쌀","1119432","찹쌀/한결","","2023년","찹쌀(유기농)/0.5kg_사용안함"
"농산물","양곡부류","찹쌀현미","1119433","찹쌀현미/한결","","2023년","찹쌀현미/1kg/일반"
"농산물","양곡부류","찹쌀현미","1119434","찹쌀현미/옥과","","별도표기","찹쌀현미/1kg/무농약"
"농산물","양곡부류","찹쌀현미","1119435","찹쌀현미/고산","","2023년","찹쌀현미/1kg/유기농"
"농산물","양곡부류","찹쌀현미","1119436","찹쌀현미/고산","","2023년","찹쌀현미/1kg/무농약/"
"농산물","양곡부류","찹쌀현미","1119437","찹쌀현미/한결","","2023년","찹쌀현미/0.5kg/일반_사용안함"
"농산물","양곡부류","찹쌀현미","1119438","찹쌀현미/한결","","2023년","찹쌀현미(무농약)/1kg"
"농산물","양곡부류","찹쌀현미","1119439","찹쌀현미/삼기","","2023년","찹쌀현미(무농약)/1kg"
"농산물","양곡부류","찹쌀현미","1119440","찹쌀현미/한결","","2023년","찹쌀현미(무농약)/0.5kg_사용안함"
"농산물","양곡부류","찹쌀현미","1119441","찹쌀현미/한결","","2023년","찹쌀현미(유기농)/1kg_사용안함"
"농산물","양곡부류","찹쌀현미","1119442","찹쌀현미/삼기","","2023년","찹쌀현미(유기농)/1kg"
"농산물","양곡부류","찹쌀현미","1119443","찹쌀현미/한결","","2023년","찹쌀현미(유기농)/0.5kg_사용안함"
"농산물","양곡부류","청차조","1119444","청차조/한결","","2023년","청차조/1kg/일반"
"농산물","양곡부류","청차조","1119445","청차조/옥과","","별도표기","청차조/1kg/일반"
"농산물","양곡부류","청차조","1119446","청차조/옥과","","별도표기","청차조/1kg/무농약"
"농산물","양곡부류","청차조","1119447","청차조/고산","","2023년","청차조/1kg/무농약"
"농산물","양곡부류","청차조","1119448","청차조/한결","","2023년","청차조/0.5kg/일반_사용안함"
"농산물","양곡부류","청차조","1119449","청차조/고산","","2023년","청차조/1kg/유기농"
"농산물","양곡부류","청차조","1119450","청차조/한결","","2023년","청차조(무농약)/1kg"
"농산물","양곡부류","청차조","1119451","청차조/한결","","2023년","청차조(무농약)/0.5kg_사용안함"
"농산물","양곡부류","통밀","1119452","통밀/한결","","2023년","통밀/1kg/무농약"
"농산물","양곡부류","통밀","1119453","통밀/한결","","2023년","통밀/1kg/일반"
"농산물","양곡부류","통밀","1119454","통밀/옥과","","별도표기","통밀/1kg/일반"
"농산물","양곡부류","통밀","1119455","통밀/옥과","","별도표기","통밀/1kg/무농약"
"농산물","양곡부류","통밀","1119456","통밀/고산","","2023년","통밀/1kg/무농약"
"농산물","양곡부류","통밀","1119457","통밀/한결","","2023년","통밀/0.5kg/무농약_사용안함"
"농산물","양곡부류","통밀","1119458","통밀/한결","","2023년","통밀/0.5kg/일반_사용안함"
"농산물","양곡부류","통밀","1119459","통밀/고산","","2023년","통밀/1kg/유기농"
"농산물","양곡부류","현미","1119460","현미/한결","","2023년","가바현미/1kg/일반"
"농산물","양곡부류","현미","1119461","현미/한결","","2023년","가바현미/0.5kg/일반_사용안함"
"농산물","양곡부류","현미","1119462","현미/한결","","2023년","발아찰현미/1kg/무농약"
"농산물","양곡부류","현미","1119463","현미/한결","","2023년","발아찰현미/1kg/일반"
"농산물","양곡부류","현미","1119464","현미/옥과","","별도표기","발아찰현미/1kg/일반"
"농산물","양곡부류","현미","1119465","현미/옥과","","별도표기","발아찰현미/1kg/무농약"
"농산물","양곡부류","현미","1119466","현미/한결","","2023년","발아찰현미/0.5kg/무농약_사용안함"
"농산물","양곡부류","현미","1119467","현미/한결","","2023년","발아찰현미/0.5kg/일반_사용안함"
"농산물","양곡부류","현미","1119468","현미/한결","","2023년","발아현미/1kg/무농약"
"농산물","양곡부류","현미","1119469","현미/한결","","2023년","발아현미/1kg/일반"
"농산물","양곡부류","현미","1119470","현미/삼기","","2023년","발아현미/1kg/무농약"
"농산물","양곡부류","현미","1119471","현미/옥과","","별도표기","발아현미/1kg/일반"
"농산물","양곡부류","현미","1119472","현미/옥과","","별도표기","발아현미/1kg/무농약"
"농산물","양곡부류","현미","1119473","현미/고산","","2023년","발아현미/1kg/무농약"
"농산물","양곡부류","현미","1119474","현미/한결","","2023년","발아현미/0.5kg/무농약_사용안함"
"농산물","양곡부류","현미","1119475","현미/한결","","2023년","발아현미/0.5kg/일반_사용안함"
"농산물","양곡부류","찹쌀현미","1119477","현미/고산","","2023년","찰발아현미/1kg/무농약/"
"농산물","양곡부류","현미","1119479","현미/옥과","","별도표기","찰현미/1kg/일반"
"농산물","양곡부류","현미","1119480","현미/한결","","2023년","현미/1kg/일반"
"농산물","양곡부류","현미","1119481","현미/옥과","","별도표기","현미/1kg/일반"
"농산물","양곡부류","현미","1119482","현미/한결","","2023년","현미/0.5kg/일반_사용안함"
"농산물","양곡부류","현미","1119483","현미/한결","","2023년","현미(무농약)/1kg"
"농산물","양곡부류","현미","1119484","현미/삼기","","2023년","현미(무농약)/1kg"
"농산물","양곡부류","현미","1119485","현미/한결","","2023년","현미/0.5kg/무농약_사용안함"
"농산물","양곡부류","현미","1119486","현미/영광","","2023년","현미쌀/1kg/유기농/"
"농산물","양곡부류","현미","1119487","현미/옥과","","별도표기","현미쌀/1kg/무농약"
"농산물","양곡부류","현미","1119489","현미/고산","","2023년","현미쌀/1kg/무농약/"
"농산물","양곡부류","혼합곡","1119490","혼합곡/고산","","2023년","혼합곡(14곡)/1kg/무농약/"
"농산물","양곡부류","혼합곡","1119491","혼합곡/고산","","2023년","혼합곡(14곡)/1kg/유기농"
"농산물","양곡부류","혼합곡","1119492","혼합곡/한결","","2023년","혼합곡(15곡)/1kg/무농약"
"농산물","양곡부류","혼합곡","1119493","혼합곡/한결","","2023년","혼합곡(15곡)/1kg/일반"
"농산물","양곡부류","혼합곡","1119494","혼합곡/삼기","","2023년","혼합15곡/1kg/무농약"
"농산물","양곡부류","혼합곡","1119495","혼합곡/옥과","","별도표기","혼합곡(15곡)/1kg/일반"
"농산물","양곡부류","혼합곡","1119496","혼합곡/옥과","","별도표기","혼합곡(15곡)/1kg/무농약"
"농산물","양곡부류","혼합곡","1119497","혼합곡/한결","","2023년","혼합곡(15곡)/0.5kg/무농약_사용안한"
"농산물","양곡부류","혼합곡","1119498","혼합곡/한결","","2023년","혼합곡(15곡)/0.5kg/일반_사용안함"
"농산물","양곡부류","흑미","1119499","흑미/한결","","2023년","발아찰흑미/1kg/무농약"
"농산물","양곡부류","흑미","1119500","흑미/한결","","2023년","발아찰흑미/1kg/일반"
"농산물","양곡부류","흑미","1119501","흑미/옥과","","별도표기","발아찰흑미/1kg/일반"
"농산물","양곡부류","흑미","1119502","흑미/옥과","","별도표기","발아찰흑미/1kg/무농약"
"농산물","양곡부류","흑미","1119503","흑미/고산","","2023년","발아찰흑미/1kg/무농약"
"농산물","양곡부류","흑미","1119504","흑미/한결","","2023년","발아찰흑미/0.5kg/무농약_사용안함"
"농산물","양곡부류","흑미","1119505","흑미/한결","","2023년","발아찰흑미/0.5kg/일반_사용안함"
"농산물","양곡부류","흑미","1119506","흑미/고산","","2023년","발아찰흑미/1kg/일반"
"농산물","양곡부류","흑미","1119507","흑미/한결","","2023년","찰흑미/1kg/무농약"
"농산물","양곡부류","흑미","1119508","흑미/한결","","2023년","찰흑미/1kg/일반_사용안함"
"농산물","양곡부류","흑미","1119509","흑미/한결","","2023년","찰흑미/1kg/일반"
"농산물","양곡부류","흑미","1119510","흑미/삼기","","2023년","찰흑미/1kg/무농약"
"농산물","양곡부류","흑미","1119511","흑미/옥과","","별도표기","찰흑미/1kg/일반"
"농산물","양곡부류","흑미","1119512","흑미/옥과","","별도표기","찰흑미/1kg/무농약"
"농산물","양곡부류","흑미","1119513","흑미/고산","","2023년","찰흑미/1kg/무농약"
"농산물","양곡부류","흑미","1119514","흑미/한결","","2023년","찰흑미/0.5kg/무농약_사용안함"
"농산물","양곡부류","흑미","1119515","흑미/한결","","2023년","찰흑미/0.5kg/일반_사용안함"
"농산물","양곡부류","흑미","1119516","흑미/한결","","2023년","찰흑미/0.5kg/일반_사용안함/"
"농산물","양곡부류","흑미","1119517","흑미/고산","","2023년","찰흑미/1kg/유기농"
"농산물","양곡부류","흑미","1119518","흑미/고산","","2023년","흑미/1kg/무농약"
"농산물","양곡부류","흑미","1119519","흑미/고산","","2023년","흑미/1kg/유기농"
"농산물","양곡부류","흑태","1119520","흑태/한결","","2023년","흑태/1kg/일반"
"농산물","양곡부류","흑태","1119521","흑태/옥과","","별도표기","흑태/1kg/일반"
"농산물","양곡부류","흑태","1119522","흑태/한결","","2023년","흑태/0.5kg/일반_사용안함"
"농산물","양채류","라디초","1119523","라디초","","2024년","라디초/1kg"
"농산물","양채류","래디쉬","1119524","래디쉬","","2024년","래디쉬/0.3kg"
"농산물","양채류","로메인","1119525","로메인","","2024년","로메인/0.3kg"
"농산물","양채류","로메인","1119526","포기로메인","","2024년","포기로메인/0.3kg"
"농산물","양채류","브로콜리","1119527","브로콜리","","2024년","브로콜리/0.35kg"
"농산물","양채류","샐러리","1119528","샐러리","","2024년","샐러리/0.5kg"
"농산물","양채류","양상추","1119529","깐양상추","","2024년","깐양상추/0.4kg"
"농산물","양채류","치커리","1119530","치커리(적색)","","2024년","치커리(적색)/0.3kg"
"농산물","양채류","치커리","1119531","치커리(청색)","","2024년","치커리(청색)/0.3kg"
"농산물","양채류","케일","1119532","케일","","2024년","케일/0.3kg"
"농산물","양채류","콜라비","1119533","콜라비","","2024년","콜라비/0.5kg"
"농산물","양채류","콜리플라워","1119534","콜리플라워","","2024년","콜리플라워/0.5kg"
"농산물","양채류","파슬리","1119535","파슬리","","2024년","파슬리/0.3kg"
"농산물","양채류","파프리카","1119536","파프리카(노랑),착색양호한것","","당해년도","파프리카(노랑),착색양호한것/2들입/0.3kg"
"농산물","양채류","파프리카","1119537","파프리카(노랑),착색양호한것","","당해년도","파프리카(노랑),착색양호한것/2들입/0.3kg"
"농산물","양채류","파프리카","1119538","파프리카(적색),착색양호한것","","당해년도","파프리카(적색),착색양호한것/2들입/0.3kg"
"농산물","양채류","파프리카","1119539","파프리카(적색),착색양호한것","","당해년도","파프리카(적색),착색양호한것/2들입/0.3kg"
"농산물","양채류","파프리카","1119540","파프리카(주황),착색양호한것","","당해년도","파프리카(주황),착색양호한것/2들입/0.3kg"
"농산물","양채류","파프리카","1119541","파프리카(주황),착색양호한것","","당해년도","파프리카(주황),착색양호한것/2들입/0.3kg"
"농산물","양채류","피망","1119542","피망/청","","당해년도","청피망/2들입/0.3kg"
"농산물","양채류","피망","1119543","피망/청","","당해년도","청피망/2들입/0.3kg"
"농산물","엽경채류","근대","1119544","근대(적)","","2024년","근대(적)/0.3kg"
"농산물","엽경채류","근대","1119545","근대(청)","","2023년","근대(청)/1kg"
"농산물","엽경채류","깻잎","1119546","깻잎","","2024년","깻잎/0.1kg"
"농산물","엽경채류","깻잎나물","1119547","깻잎나물(순)","","2024년","깻잎나물(순)/0.5kg"
"농산물","엽경채류","깻잎나물","1119548","깻잎나물(잎)","","2024년","깻잎나물(잎)/0.5kg"
"농산물","엽경채류","냉이","1119549","냉이(생것)","","2024년","냉이(생것)/0.3kg"
"농산물","엽경채류","달래","1119550","달래","","2024년","달래/0.3kg"
"농산물","엽경채류","돌나물","1119551","돌나물","","당해년도","돌나물/0.3kg"
"농산물","엽경채류","미나리","1119552","돌미나리","","2024년","돌미나리/0.3kg"
"가공식품","농산물가공식품","방풍나물가공품","1119553","방풍나물/산림조합","","2024년","건방풍나물/0.1kg"
"농산물","엽경채류","방풍나물","1119554","방풍나물","","2024년","방풍나물/0.3kg"
"가공식품","농산물가공식품","방풍나물가공품","1119555","방풍나물/산림조합","","2024년","방풍나물(건데친)/0.3kg"
"농산물","엽경채류","배추","1119556","배추","","당해년도","배추/2.5kg"
"농산물","엽경채류","배추","1119557","봄동","","2023년","배추/1kg"
"농산물","엽경채류","부추","1119558","부추","","2024년","부추/0.3kg"
"농산물","엽경채류","부추","1119559","영양부추","","2024년","영양부추/0.3kg"
"농산물","엽경채류","붉은양배추","1119560","붉은양배추","","2024년","붉은양배추/1.5kg"
"농산물","엽경채류","붉은양배추","1119561","붉은양배추","","당해년도","붉은양배추(적채)/1.5kg/"
"농산물","엽경채류","상추","1119562","적상추","","2024년","적상추/0.3kg"
"농산물","엽경채류","상추","1119563","청상추","","2024년","청상추/0.3kg"
"농산물","엽경채류","새싹","1119564","모듬베이비순","","2024년","모듬베이비순/0.2kg"
"농산물","엽경채류","새싹","1119565","비타민","","2024년","비타민/0.3kg"
"농산물","엽경채류","생취나물","1119566","취나물(생것)","","2024년","취나물(생것)/0.3kg"
"농산물","엽경채류","섬초","1119567","섬초","","2024년","섬초/1kg"
"농산물","엽경채류","세발나물","1119568","세발나물","","2024년","세발나물/0.3kg"
"농산물","엽경채류","시금치","1119569","시금치","","2024년","시금치/0.3kg"
"농산물","엽경채류","쌈배추","1119570","쌈배추(알배기)","","2024년","쌈배추(알배기)/0.8kg"
"농산물","엽경채류","쌈추","1119571","쌈추","","2024년","쌈추/0.3kg"
"농산물","엽경채류","쑥갓","1119572","쑥갓","","2024년","쑥갓/0.3kg"
"농산물","엽경채류","아욱","1119573","아욱","","2024년","아욱/0.3kg"
"농산물","엽경채류","양배추","1119574","깐양배추","","당해년도","깐양배추/2kg/"
"농산물","엽경채류","양배추","1119575","양배추(피)","","당해년도","양배추(피)/2.5kg/"
"농산물","엽경채류","얼갈이","1119576","얼갈이(생것)","","2024년","얼갈이(생것)/0.3kg"
"농산물","엽경채류","열무","1119577","열무(생것)","","2024년","열무(생것)/0.3kg"
"농산물","엽경채류","참나물","1119578","참나물(생것)","","2024년","참나물(생것)/0.3kg"
"농산물","엽경채류","청경채","1119579","청경채","","2024년","청경채/0.3kg"
"가공식품","농산물가공식품","취나물가공품","1119580","취나물/산림조합","","2024년","건취나물/0.1kg"
"가공식품","농산물가공식품","취나물가공품","1119581","취나물/산림조합","","2024년","취나물(건데친)/0.3kg"
"농산물","엽경채류","취나물(참취)","1119582","취나물(참취)","","2024년","취나물(참취)/0.3kg"
"농산물","엽경채류","포항초","1119583","포항초","","2024년","포항초/0.5kg"
"농산물","조미채소류","고추","1119584","꽈리고추","","당해년도","꽈리고추/0.15kg"
"농산물","조미채소류","고추","1119585","꽈리고추","","당해년도","꽈리고추/0.15kg"
"농산물","조미채소류","고추","1119586","오이고추","","당해년도","오이고추/0.2kg"
"농산물","조미채소류","고추","1119587","오이고추","","당해년도","오이고추/0.2kg"
"농산물","조미채소류","고추","1119588","청양고추","","당해년도","청양고추/0.15kg"
"농산물","조미채소류","고추","1119589","청양고추","","당해년도","청양고추/0.15kg"
"농산물","조미채소류","고추","1119590","풋고추","","당해년도","풋고추/0.15kg"
"농산물","조미채소류","고추","1119591","풋고추","","당해년도","풋고추/0.15kg"
"농산물","조미채소류","고추","1119592","홍고추","","당해년도","홍고추/0.1kg"
"농산물","조미채소류","고추","1119593","홍고추","","당해년도","홍고추/0.1kg"
"농산물","조미채소류","대파","1119594","대파(깐것)","","2024년","대파(깐것)/0.5kg"
"농산물","조미채소류","대파","1119595","대파(흙)","","2024년","대파(흙)/0.5kg"
"농산물","조미채소류","마늘","1119596","다진마늘(간것)","","2023년","다진마늘(간것)/1kg/"
"농산물","조미채소류","마늘","1119597","마늘(깐것)","","2023년","마늘(깐것)/0.3kg/"
"농산물","조미채소류","마늘","1119598","마늘(깐것/꼭지제거)","","2023년","마늘(깐것/꼭지제거)/0.3kg/"
"농산물","조미채소류","생강","1119599","생강(기계깐것)","","2024년","생강(기계깐것)/0.1kg"
"농산물","조미채소류","생강","1119600","생강(손깐것)","","2024년","생강(손깐것)/0.1kg"
"농산물","조미채소류","실파","1119601","쪽파(깐것)","","2024년","실파/쪽파(깐것)/0.2kg"
"농산물","조미채소류","실파","1119602","쪽파(흙)","","2024년","실파/쪽파(흙)/0.2kg"
"농산물","조미채소류","양파","1119603","양파(깐것)","","2024년","양파(깐것)/1kg"
"농산물","조미채소류","양파","1119604","양파(피)","","2024년","양파(피)/1kg"
"농산물","조미채소류","양파","1119605","자색양파(깐것)","","2024년","자색양파(깐것)/1kg"
"수산물","갑각류","게","1119606","꽃게(숫게)","","별도표기","꽃게 냉동(손질) 4절단/1kg"
"수산물","갑각류","게","1119607","꽃게(숫게)","","2023년","꽃게 냉동(손질) 4절단/1kg"
"수산물","갑각류","게","1119608","꽃게(숫게)","","2023년","꽃게 냉동(손질) 4절단/1kg"
"수산물","갑각류","게","1119609","게","","별도표기","꽃게 냉동(손질) 4절단"
"수산물","갑각류","게","1119610","꽃게(숫게)","","2023년","꽃게 냉동(손질) 4절단/1kg"
"수산물","갑각류","게","1119611","꽃게(숫게)","","2024","꽃게 냉동(손질) 4절단/1kg"
"수산물","갑각류","게","1119612","꽃게(숫게)","","2023년","꽃게 냉동(손질) 4절단/1kg"
"수산물","갑각류","게","1119613","꽃게(숫게)","","2023년","꽃게 냉동(손질) 4절단/1kg"
"수산물","갑각류","게","1119614","게","","2023년","꽃게 중국산 중국가공 (손질) 4절단"
"수산물","갑각류","게","1119615","게","","2023년","꽃게 냉동(손질) 4절단(중국 가공)"
"수산물","갑각류","게","1119616","꽃게절단","","2023/2024","꽃게 냉동(손질) 4절단(중국 가공)"
"수산물","갑각류","게","1119617","게(꽃게냉동(손질)4절단/중국산)","","2023년","꽃게 냉동(손질) 4절단(중국 가공)"
"수산물","갑각류","게","1119618","게[수입4절단]","","2023년","꽃게 냉동(손질) 4절단(중국 가공)"
"수산물","갑각류","게","1119619","꽃게(암게)","","별도표기","꽃게 냉동(손질) 4절단, 암게/1kg"
"수산물","갑각류","게","1119620","꽃게(암게)","","2023년","꽃게 냉동(손질) 4절단, 암게/1kg"
"수산물","갑각류","게","1119621","꽃게(암게)","","2023년","꽃게 냉동(손질) 4절단, 암게/1kg"
"수산물","갑각류","게","1119622","게","","별도표기","꽃게 냉동(손질) 4절단, 암케"
"수산물","갑각류","게","1119623","꽃게(암게)","","2023년","꽃게 냉동(손질) 4절단, 암게/1kg"
"수산물","갑각류","게","1119624","꽃게(암게)","","2024","꽃게 냉동(손질) 4절단, 암게/1kg"
"수산물","갑각류","게","1119625","꽃게(암게)","","2023년","꽃게 냉동(손질) 4절단, 암게/1kg"
"수산물","갑각류","게","1119626","꽃게(암게)","","2023년","꽃게 냉동(손질) 4절단, 암게/1kg"
"수산물","갑각류","새우","1119627","백새우살(국내냉동)","","2023년","백새우살 (냉동)"
"수산물","갑각류","새우","1119628","백새우살(수입냉동)","","2023년","백새우살 냉동"
"수산물","갑각류","새우","1119629","새우","","2023년","백새우살(껍질제거) 베트남산 71/90"
"수산물","갑각류","새우","1119630","백새우살(베트남)","","2023년","백새우살 냉동 71/90, 6~7g"
"수산물","갑각류","새우","1119631","새우","","2023년","백새우살 냉동 71/90, 6~7g"
"수산물","갑각류","새우","1119632","흰다리새우살,냉동","","2023/2024","백새우살 냉동 71/90, 6~7g/베트남산"
"수산물","갑각류","새우","1119633","새우(백새우살/베트남/냉동)","","2023년","백새우살 냉동 71/90, 6~7g"
"수산물","갑각류","새우","1119634","새우","","2024년","백새우살 해동"
"수산물","갑각류","새우","1119635","백새우살","","2023년","백새우살 , 냉동/1kg"
"수산물","갑각류","새우","1119636","새우","","2023년","백새우살 해동중국산"
"수산물","갑각류","새우","1119637","백새우살","","2023년","백새우살 , 냉동/1kg"
"수산물","갑각류","새우","1119638","새우","","2023년","백새우살 해동중국산"
"수산물","갑각류","새우","1119639","백새우살","","2024년","백새우살 , 냉동/1kg"
"수산물","갑각류","새우","1119640","새우","","2023년","민물새우 국내산"
"수산물","갑각류","새우","1119641","새우","","2023년","보리새우 냉동(해동) 민물새우"
"수산물","갑각류","새우","1119642","적새우살(냉동)","","2023년","적새우살 냉동"
"수산물","갑각류","새우","1119643","새우(적새우살/중국산/냉동)","","2023년","적새우살 냉동 중국산"
"수산물","갑각류","새우","1119644","새우","","2023년","칵테일새우(꼬리유)(자숙) 베트남산 51/70"
"수산물","갑각류","새우","1119645","칵테일새우살,71-90","","2023년","칵테일새우 자숙(탈각) 71/90, 6~7g/수입산/1kg"
"수산물","갑각류","새우","1119646","새우","","2023년","대체품목발주-칵테일새우(꼬리유)(자숙) 베트남산 71/90"
"수산물","갑각류","새우","1119647","칵테일새우(베트남)","","2023년","칵테일새우 자숙(탈각) 51/70, 8-12g"
"수산물","갑각류","새우","1119648","새우","","2023년","칵테일새우 자숙(탈각) 51/70, 8-12g"
"수산물","갑각류","새우","1119649","자숙칵테일새우살,냉동/51-70","","2023/2024","칵테일새우 자숙(탈각) 51/70, 8-12g"
"수산물","갑각류","새우","1119650","새우(칵테일새우(자숙)51/70,8~12g/베트남)","","2023년","칵테일새우 자숙(탈각) 51/70, 8-12g"
"수산물","갑각류","새우","1119651","칵테일새우[5170]","","2023년","칵테일새우 자숙(탈각) 51/70, 8-12g"
"수산물","갑각류","새우","1119652","칵테일새우살,71-90","","별도표기","칵테일새우 자숙(탈각) 71/90, 6~7g/수입산/1kg"
"수산물","갑각류","새우","1119653","칵테일새우살,71-90","","2023년","칵테일새우 자숙(탈각) 71/90, 6~7g/수입산/1kg"
"수산물","갑각류","새우","1119654","칵테일새우","","2023년","칵테일새우 자숙(탈각) 71/90, 6~7g중국산"
"수산물","갑각류","새우","1119655","칵테일새우","","별도표기","칵테일새우/자숙(탈각71/90)/꼬리있음/6~7g"
"수산물","갑각류","새우","1119656","새우","","2023년","칵테일새우 자숙(탈각) 71/90, 6~7g베트남산"
"수산물","갑각류","새우","1119657","새우","","2023년","칵테일새우 자숙(탈각) 71/90, 6~7g중국산"
"수산물","갑각류","새우","1119658","칵테일새우살,71-90","","2023/2024","칵테일새우 자숙(탈각) 71/90, 6~7g/수입산/1kg/"
"수산물","갑각류","새우","1119659","자숙칵테일새우살,냉동/71-90","","2023/2024","칵테일새우 자숙(탈각) 71/90, 6~7g"
"수산물","갑각류","새우","1119660","칵테일새우살,71-90","","2023년","칵테일새우 자숙(탈각) 71/90, 6~7g/수입산/1kg"
"수산물","갑각류","새우","1119661","새우","","2023년","칵테일새우 자숙(탈각) 71/90, 6~7g"
"수산물","갑각류","새우","1119662","칵테일새우살,71-90","","2024년","칵테일새우 자숙(탈각) 71/90, 6~7g/수입산/1kg"
"수산물","갑각류","새우","1119663","새우","","2024년","흰다리 새우 해동"
"수산물","갑각류","새우","1119664","새우","","2023년","흰다리 새우 해동"
"수산물","갑각류","새우","1119665","새우","","2023년","흰다리 새우 해동"
"수산물","갑각류","새우","1119666","새우(500/25)","","2024년","흰다리새우 냉동 25미/500g,50미/1kg"
"수산물","갑각류","새우","1119667","새우","","2023년","흰다리새우(머리,껍질,꼬리유) 태국산 50미/1kg"
"수산물","갑각류","새우","1119668","흰다리새우,25미/500G,냉동","","2023/2024","흰다리새우 냉동 25미/500g,50미/1kg수입산"
"수산물","갑각류","새우","1119669","새우","","2023년","흰다리새우 냉동 25미/500g,50미/1kg"
"수산물","갑각류","새우","1119670","50미새우[50미/1kg]","","2023년","흰다리새우 냉동 25미/500g,50미/1kg"
"수산물","갑각류","새우","1119671","새우(500/30)","","2024년","흰다리새우 냉동 30미/500g,60미/1kg"
"수산물","갑각류","새우","1119672","새우","","2023년","흰다리새우(머리,껍질,꼬리유) 태국산 60미/1kg "
"수산물","갑각류","새우","1119673","새우(30미/500g/pac)","","2024/2025","흰다리새우 냉동 30미/500g/수입산/500g"
"수산물","갑각류","새우","1119674","새우(30미/500g/pac)","","2023년","흰다리새우 냉동 30미/500g/수입산/500g"
"수산물","갑각류","새우","1119675","새우(30미/500g/pac)","","2024년","흰다리새우 냉동 30미/500g/수입산/500g"
"수산물","갑각류","새우","1119676","새우(500/40)","","2024년","흰다리새우 냉동 40미/500g,80미/1kg태국산"
"수산물","갑각류","새우","1119677","새우(500/40)","","2024년","흰다리새우 냉동 40미/500g,80미/1kg베트남산"
"수산물","갑각류","새우","1119678","새우/말레이시아","","2023년","흰다리새우(머리,껍질,꼬리유) 태국산 80미/1kg"
"수산물","갑각류","새우","1119679","새우","","2023년","흰다리새우(머리,껍질,꼬리유) 베트남산 80미/1kg"
"수산물","갑각류","새우","1119680","새우(40미/500g/pac)","","2023년","흰다리새우 냉동 40미/500g/수입산/500g"
"수산물","갑각류","새우","1119681","흰다리새우,40미/500G,냉동","","2023/2024","흰다리새우 냉동 40미/500g,80미/1kg태국산"
"수산물","갑각류","새우","1119682","새우(40미/500g/pac)","","2024/2025","흰다리새우 냉동 40미/500g/수입산/500g"
"수산물","갑각류","새우","1119683","새우(40미/500g/pac)","","2023년","흰다리새우 냉동 40미/500g/수입산/500g"
"수산물","갑각류","새우","1119684","새우","","2023년","흰다리새우 냉동 40미/500g,80미/1kg 태국"
"수산물","갑각류","새우","1119685","80미새우[80미/1kg]","","2023년","흰다리새우 냉동 40미/500g,80미/1kg태국산"
"수산물","갑각류","새우","1119686","새우(40미/500g/pac)","","2024년","흰다리새우 냉동 40미/500g/수입산/500g"
"수산물","갑각류","새우","1119687","새우(500/50)","","2024년","흰다리새우 냉동 50미/500g,100미/1kg.베트남산"
"수산물","갑각류","새우","1119688","새우","","2023년","흰다리새우(머리,껍질,꼬리유) 베트남산 100미/1kg"
"수산물","갑각류","새우","1119689","새우","","2023년","흰다리새우 냉동 50미/500g, 100미/1kg"
"수산물","갑각류","새우","1119690","흰다리새우,50미/500G,냉동","","2023/2024","흰다리새우 냉동 50미/500g,100미/1kg/"
"수산물","갑각류","새우","1119691","새우","","2023년","흰다리새우 냉동 50미/500g,100미/1kg"
"수산물","갑각류","새우","1119692","새우(500/50)","","2024년","흰다리새우 냉동 50미/500g,100미/1kg"
"수산물","갑각류","새우","1119693","새우/말레이시아","","2023년","흰다리새우 냉동 50미/500g,100미/1kg"
"수산물","갑각류","새우","1119694","흰다리새우,50미/500G,냉동","","2023/2024","흰다리새우 냉동 50미/500g,100미/1kg수입산"
"수산물","갑각류","새우","1119695","새우","","2023년","흰다리새우 냉동 50미/500g,100미/1kg/태국"
"수산물","갑각류","새우","1119696","100미새우[100미/1kg]","","2023년","흰다리새우 냉동 50미/500g,100미/1kg"
"수산물","건어물","가다랭이","1119697","가다랭이포/국물용","","별도표기","가다랭이포 반건품, 국물용/수입산/300g"
"수산물","건어물","가다랭이","1119698","가다랭이포/국물용","","2023년","가다랭이포 반건품, 국물용/수입산/300g"
"수산물","건어물","가다랭이","1119699","가다랭이포/국물용","","2023년","가다랭이포 반건품, 국물용/수입산/300g"
"수산물","건어물","가다랭이","1119700","가다랭이포/국물용","","별도표기","가다랭이포 반건품, 국물용/수입산/300g"
"수산물","건어물","가다랭이","1119701","가다랭이포/국물용","","2023년","가다랭이포 반건품, 국물용/수입산/300g"
"수산물","건어물","가다랭이","1119702","가다랭이포/국물용","","2024/2025","가다랭이포 반건품, 국물용/수입산/500g"
"수산물","건어물","가다랭이","1119703","가다랭이포/국물용","","2023년","가다랭이포 반건품, 국물용/수입산/300g"
"수산물","건어물","가다랭이","1119704","가다랭이포/고명용","","2024년","가다랭이포 반건품, 고명용/수입산/300g"
"수산물","건어물","가다랭이","1119705","가다랭이포/국물용","","2024년","가다랭이포 반건품, 국물용/수입산/300g"
"수산물","건어물","가다랭이","1119706","가다랭이포/고명용","","별도표기","가다랭이포 반건품, 고명용/수입산/300g"
"수산물","건어물","가다랭이","1119707","가다랭이포/고명용","","2023년","가다랭이포 반건품, 고명용/수입산/300g"
"수산물","건어물","가다랭이","1119708","가다랭이포/고명용","","2023년","가다랭이포 반건품, 고명용/수입산/300g"
"수산물","건어물","가다랭이","1119709","가다랭이포/고명용","","별도표기","가다랭이포 반건품, 고명용/수입산/500g"
"수산물","건어물","가다랭이","1119710","가다랭이포/고명용","","2023년","가다랭이포 반건품, 고명용/수입산/300g"
"수산물","건어물","가다랭이","1119711","가다랭이포/고명용","","2024/2025","가다랭이포 반건품, 고명용/수입산/500g"
"수산물","건어물","가다랭이","1119712","가다랭이포/고명용","","2023년","가다랭이포 반건품, 고명용/수입산/300g"
"수산물","건어물","건다시마","1119713","건다시마(기장)","","2024년","건다시마 국물용, 기장"
"수산물","건어물","건다시마","1119714","건다시마(기장)","","2023년","건다시마 국물용, 기장/300g"
"수산물","건어물","건다시마","1119715","건다시마(기장)","","2023년","건다시마 국물용, 기장/300g"
"수산물","건어물","건다시마","1119716","건다시마","","별도표기","건다시마 국용, 기장"
"수산물","건어물","건다시마","1119717","건다시마(기장)","","2023년","건다시마 국물용, 기장/300g"
"수산물","건어물","건다시마","1119718","건다시마(기장)","","2024","건다시마 국물용, 기장/300g"
"수산물","건어물","건다시마","1119719","건다시마(기장)","","2023년","건다시마 국물용, 기장/300g"
"수산물","건어물","건다시마","1119720","건다시마(기장)","","2024년","건다시마 국물용, 기장/300g"
"수산물","건어물","건다시마","1119721","건다시마","","2023년","건다시마, 국물용/300g"
"수산물","건어물","건다시마","1119722","건다시마","","2023년","건다시마, 국물용/300g"
"수산물","건어물","건다시마","1119723","건다시마","","별도표기","건다시마, 국물용/300g"
"수산물","건어물","건다시마","1119724","건다시마","","2023/2024","건다시마, 국물용/300g/"
"수산물","건어물","건다시마","1119725","건다시마","","2023년","건다시마, 국물용/300g"
"수산물","건어물","건다시마","1119726","건다시마","","2024년","건다시마, 국물용/300g"
"수산물","건어물","건다시마","1119727","건다시마(다시마절단)","","별도표기","건다시마, 절단/300g"
"수산물","건어물","건다시마","1119728","건다시마(다시마절단)","","2023년","건다시마, 절단/300g"
"수산물","건어물","건다시마","1119729","건다시마(다시마절단)","","2023년","건다시마, 절단/300g"
"수산물","건어물","건다시마","1119730","건다시마","","별도표기","건다시마, 절단"
"수산물","건어물","건다시마","1119731","건다시마(다시마절단)","","2023년","건다시마, 절단/300g/"
"수산물","건어물","건다시마","1119732","건다시마(다시마절단)","","2023/2024","건다시마, 절단/300g/"
"수산물","건어물","건다시마","1119733","건다시마(다시마절단)","","2023년","건다시마, 절단/300g"
"수산물","건어물","건다시마","1119734","건다시마(다시마절단)","","2024년","건다시마, 절단/300g"
"수산물","건어물","건다시마","1119735","건다시마","","2023년","다시마(튀각) 반제품 국내산"
"수산물","건어물","건다시마","1119736","다시마튀각","","2023/2024","다시마 튀각 반제품"
"수산물","건어물","건다시마","1119737","건다시마(튀각용반제품)","","2023년","다시마 튀각 반제품"
"수산물","건어물","건다시마","1119738","다시마튀각반제품","","2023년","다시마 튀각 반제품"
"수산물","건어물","건다시마","1119739","건다시마(염장다시마)","","2024년","염장다시마"
"수산물","건어물","건다시마","1119740","건다시마","","2023년","다시마(염장) 국내산"
"수산물","건어물","건다시마","1119741","쌈다시마","","2023년","염장다시마"
"수산물","건어물","건다시마","1119742","건다시마","","별도표기","염장다시마"
"수산물","건어물","건다시마","1119743","건다시마","","2023년","염장다시마"
"수산물","건어물","건다시마","1119744","염장다시마","","2023/2024","염장다시마"
"수산물","건어물","건다시마","1119745","다시마(염장)","","2023년","염장다시마"
"수산물","건어물","건다시마","1119746","염장다시마","","2023년","염장다시마"
"수산물","건어물","건다시마","1119747","건다시마(염장다시마)","","2024년","염장다시마(소금제거)"
"수산물","건어물","건다시마","1119748","건다시마","","2023년","염장다시마(소금제거)"
"수산물","건어물","건다시마","1119749","건다시마","","별도표기","염장다시마(소금제거)"
"수산물","건어물","건다시마","1119750","건다시마","","2023년","염장다시마(소금제거)"
"수산물","건어물","건다시마","1119751","염장다시마/소금제거","","2023/2024","염장다시마(소금제거)"
"수산물","건어물","건다시마","1119752","다시마(염장,소금제거)","","2023년","염장다시마(소금제거)"
"수산물","건어물","건명태","1119753","명엽채","","별도표기","명태 맛포 명엽채/수입산/300g"
"수산물","건어물","건명태","1119754","명엽채","","2023년","명태 맛포 명엽채/수입산/300g"
"수산물","건어물","건명태","1119755","명엽채","신진식품","2023년","명태 맛포 명엽채/수입산/300g"
"수산물","건어물","건명태","1119756","명엽채","","별도표기","명태 맛포 명엽채/수입산/300g"
"수산물","건어물","건명태","1119757","명엽채","","2023년","명태 맛포 명엽채/수입산/300g"
"수산물","건어물","건명태","1119758","명엽채","","2024","명태 맛포 명엽채/수입산/300g"
"수산물","건어물","건명태","1119759","명엽채","","2023년","명태 맛포 명엽채/수입산/300g"
"수산물","건어물","건명태","1119760","명엽채","","2023년","명태 맛포 명엽채/수입산/300g"
"수산물","건어물","건명태","1119761","북어채/중국가공","","별도표기","북어채 중국가공/수입산/300g"
"수산물","건어물","건명태","1119762","북어채/중국가공","","2023년","북어채 중국가공/수입산/300g"
"수산물","건어물","건명태","1119763","북어채/중국가공","","2023년","북어채 중국가공/수입산/300g"
"수산물","건어물","건명태","1119764","북어채/중국가공","","별도표기","북어채 중국가공/수입산/300g"
"수산물","건어물","건명태","1119765","북어채/중국가공","","2023년","북어채 중국가공/수입산/300g"
"수산물","건어물","건명태","1119766","북어채/중국가공","","2023/2024","북어채 중국가공"
"수산물","건어물","건명태","1119767","건명태(북어채/중국가공)","","2023년","북어채 중국가공"
"수산물","건어물","건명태","1119768","북어채/국내가공","","2024년","북어채(황태채) 국내가공/수입산/300g/"
"수산물","건어물","건명태","1119769","건명태","","2023년","황태채 러시아 국내가공"
"수산물","건어물","건명태","1119770","북어채/국내가공","","2023년","북어채(황태채) 국내가공/수입산/300g"
"수산물","건어물","건명태","1119771","북어채/국내가공","","별도표기","북어채(황태채) 국내가공/수입산/300g/"
"수산물","건어물","건명태","1119772","북어채/국내가공","","2023년","북어채(황태채) 국내가공/수입산/300g"
"수산물","건어물","건명태","1119773","북어채/국내가공","","2023/2024","북어채(황태채) 국내가공/수입산/300g/"
"수산물","건어물","건명태","1119774","북어채/국내가공","","2023년","북어채(황태채) 국내가공/수입산/300g"
"수산물","건어물","건명태","1119775","북어채/국내가공","","2023년","북어채(황태채) 국내가공/수입산/300g"
"수산물","건어물","건명태","1119776","건명태","","2024년","북어포(무작업)"
"수산물","건어물","건명태","1119777","건명태","","2023년","북어포(무작업) 러시아산"
"수산물","건어물","건명태","1119778","북어포(무작업)(러시아)","","2023년","북어포(무작업)"
"수산물","건어물","건명태","1119779","건명태","","별도표기","북어포(무작업)"
"수산물","건어물","건명태","1119780","건명태","","2023년","북어포(무작업)"
"수산물","건어물","건명태","1119781","북어포","","2023/2024","북어포(무작업)"
"수산물","건어물","건명태","1119782","건명태(북어포/무작업)","","2023년","북어포(무작업)"
"수산물","건어물","건명태","1119783","건명태","","2024년","북어포절단"
"수산물","건어물","건명태","1119784","건명태","","2023년","북어포(절단) 러시아산 "
"수산물","건어물","건명태","1119785","북어포절단(러시아)","","2023년","북어포절단"
"수산물","건어물","건명태","1119786","건명태","","별도표기","북어포절단"
"수산물","건어물","건명태","1119787","건명태","","2023년","북어포절단"
"수산물","건어물","건명태","1119788","북어포절단","","2023/2024","북어포절단"
"수산물","건어물","건명태","1119789","건명태(북어포/절단)","","2023년","북어포절단"
"수산물","건어물","건명태","1119790","건명태","","2024년","코다리 냉동(손질) 절단"
"수산물","건어물","건명태","1119791","건명태","","2023년","코다리(손질)(뼈포함) 러시아산  절단 40g"
"수산물","건어물","건명태","1119792","코다리절단(러시아)(뼈있음)","","2023년","코다리 냉동(손질) 절단"
"수산물","건어물","건명태","1119793","건명태","","별도표기","코다리 냉동(손질) 절단/뼈있음"
"수산물","건어물","건명태","1119794","건명태","","2023년","코다리 냉동(손질) 절단"
"수산물","건어물","건명태","1119795","코다리절단","","2023/2024","코다리 냉동(손질) 절단"
"수산물","건어물","건명태","1119796","건명태","","2023년","코다리 냉동(손질) 절단"
"수산물","건어물","건명태","1119797","코다리냉동(손질)절단","","2023년","코다리 냉동(손질) 절단"
"수산물","어류","명태","1119798","코다리살(99%가시제거)","","2023년","코다리순살(뼈제거 99%),토막당 20g내외/수입산/1kg/"
"수산물","건어물","건명태","1119799","건명태","","2024년","코다리 냉동(포) 절단/러시아"
"수산물","건어물","건명태","1119800","코다리살(99%가시제거)","","2023년","코다리순살(뼈제거 99%),토막당 40g내외/수입산/1kg"
"수산물","건어물","건명태","1119801","코다리포(러시아)","","2023년","코다리 냉동(포) 절단/러시아"
"수산물","건어물","건명태","1119802","건명태","","별도표기","코다리 냉동(포) 절단/러시아"
"수산물","건어물","건명태","1119803","건명태","","2023년","코다리 냉동(포) 절단/러시아"
"수산물","건어물","건명태","1119804","코다리포","","2023/2024","코다리 냉동(포) 절단/러시아"
"수산물","건어물","건명태","1119805","건명태","","2023년","코다리 냉동(포) 절단/러시아"
"수산물","건어물","건명태","1119806","코다리냉동(포)절단/러시아","","2023년","코다리 냉동(포) 절단/러시아"
"수산물","건어물","건명태","1119807","코다리살(99%가시제거)","","별도표기","코다리순살(뼈제거 99%),토막당 40g내외/수입산/1kg"
"수산물","건어물","건명태","1119808","코다리살(99%가시제거)","","별도표기","코다리순살(뼈제거 99%),토막당 40g내외/수입산/1kg"
"수산물","건어물","건명태","1119809","코다리살(99%가시제거)","","2023년","코다리순살(뼈제거 99%),토막당 40g내외/수입산/1kg"
"수산물","건어물","건명태","1119810","코다리살(99%가시제거)","","2024","코다리순살(뼈제거 99%),토막당 40g내외/수입산/500g"
"수산물","건어물","건명태","1119811","건명태(코다리살/뼈제거99%)","","2023년","코다리순살(뼈제거 99%)"
"수산물","건어물","건명태","1119812","북어","","별도표기","통북어, 30cm이상(머리포함)/수입산/300g"
"수산물","건어물","건명태","1119813","북어","","2023년","통북어, 30cm이상(머리포함)/수입산/300g"
"수산물","건어물","건명태","1119814","북어","","별도표기","통북어, 30cm이상(머리포함)/수입산/500g"
"수산물","건어물","건명태","1119815","북어","","2023년","통북어, 30cm이상(머리포함)/수입산/300g"
"수산물","건어물","건명태","1119816","북어","","2024","통북어, 30cm이상(머리포함)/수입산/300g"
"수산물","건어물","건명태","1119817","북어","","2023년","통북어, 30cm이상(머리포함)/수입산/300g"
"수산물","건어물","건명태","1119818","북어","","2023년","통북어, 30cm이상(머리포함)/수입산/300g"
"수산물","건어물","건명태","1119819","건명태(펼친황태포)","","2024년","황태포(머리포함) 펼친것, 30cm이상 국내가공"
"수산물","건어물","건명태","1119820","건명태","","2023년","황태포 러시아산 국내가공 (머리포함) 펼친것, 30cm이상"
"수산물","건어물","건명태","1119821","건명태","","별도표기","황태포(머리포함) 펼친것, 30cm이상 국내가공"
"수산물","건어물","건명태","1119822","건명태","","2023년","황태포(머리포함) 펼친것, 30cm이상 국내가공"
"수산물","건어물","건명태","1119823","황태포","","2023/2024","황태포(머리포함) 펼친것, 30cm이상 국내가공"
"수산물","건어물","건명태","1119824","건명태(황태포,머리포함/펼친것)","","2022년","황태포(머리포함) 펼친것, 30cm이상 국내가공"
"수산물","건어물","건명태","1119825","황태포(머리포함)펼친것","","2023년","황태포(머리포함) 펼친것, 30cm이상 국내가공"
"수산물","건어물","건새우","1119826","건새우(건홍새우)","","별도표기","건홍새우/300g"
"수산물","건어물","건새우","1119827","건새우","","2024년","건홍새우중국산"
"수산물","건어물","건새우","1119828","건새우(건홍새우)","","2023년","건홍새우/300g"
"수산물","건어물","건새우","1119829","건새우(건홍새우)","","2023년","건홍새우/수입산/300g"
"수산물","건어물","건새우","1119830","건새우(건홍새우)","","2023년","건홍새우/300g"
"수산물","건어물","건새우","1119831","건새우(건홍새우)","","2023년","건홍새우/수입산/300g"
"수산물","건어물","건새우","1119832","건새우(건홍새우)","","별도표기","건홍새우/300g"
"수산물","건어물","건새우","1119833","건새우(건홍새우)","","2023년","건홍새우/300g"
"수산물","건어물","건새우","1119834","건새우(건홍새우)","","2023년","건홍새우/수입산/300g"
"수산물","건어물","건새우","1119835","건새우(건홍새우)","","2023/2024","건홍새우/300g/"
"수산물","건어물","건새우","1119836","건새우(건홍새우)","","2023/2024","건홍새우/수입산/300g/"
"수산물","건어물","건새우","1119837","건새우(건홍새우)","","2023년","건홍새우/300g"
"수산물","건어물","건새우","1119838","건새우(건홍새우)","","2023년","건홍새우/수입산/300g"
"수산물","건어물","건새우","1119839","건새우(건홍새우)","","2024년","건홍새우/300g"
"수산물","건어물","건새우","1119840","건새우","","2023년","꽃새우(독새우) 자건품 두절새우, 2cm내외"
"수산물","건어물","건새우","1119841","두절건새우(국내산)2cm","","2023년","꽃새우(독새우) 자건품 두절새우, 2cm내외"
"수산물","건어물","건새우","1119842","건새우","","2023년","꽃새우(독새우) 자건품 두절새우, 2cm내외"
"수산물","건어물","건새우","1119843","건새우","","2023년","꽃새우(독새우) 자건품 두절새우, 2cm내외"
"수산물","건어물","건새우","1119844","두절건새우,소","","2023/2024","꽃새우(독새우) 자건품 두절새우, 2cm내외"
"수산물","건어물","건새우","1119845","건새우(두절건새우2cm내외/국내산)","","2023년","꽃새우(독새우) 자건품 두절새우, 2cm내외"
"수산물","갑각류","새우","1119846","두절건새우","","2023년","꽃새우(독새우) 자건품 두절새우, 2cm내외"
"수산물","건어물","건새우","1119847","건새우(두절건새우)","","별도표기","꽃새우(독새우) 자건품 두절새우, 3cm내외/300g"
"수산물","건어물","건새우","1119848","건새우","","2023년","두절건새우(꽃새우) 국내산 볶음용 3cm내외"
"수산물","건어물","건새우","1119849","건새우(두절건새우)","","2023년","꽃새우(독새우) 자건품 두절새우, 3cm내외/300g"
"수산물","건어물","건새우","1119850","건새우(두절건새우)","","별도표기","꽃새우(독새우) 자건품 두절새우, 3cm내외/500g"
"수산물","건어물","건새우","1119851","건새우(두절건새우)","","2023년","꽃새우(독새우) 자건품 두절새우, 3cm내외/300g"
"수산물","건어물","건새우","1119852","건새우(두절건새우)","","2023/2024","꽃새우(독새우) 자건품 두절새우, 3cm내외/300g/"
"수산물","건어물","건새우","1119853","건새우(두절건새우)","","2023년","꽃새우(독새우) 자건품 두절새우, 3cm내외/300g"
"수산물","건어물","건새우","1119854","건새우(두절건새우)","","2024년","꽃새우(독새우) 자건품 두절새우, 3cm내외/300g"
"수산물","건어물","건새우","1119855","건새우","","2023년","두절건새우(꽃새우) 중국산 볶음용 "
"수산물","건어물","건새우","1119856","두절건새우(중국산)","","2023년","꽃새우(독새우) 자건품 두절새우, 볶음용"
"수산물","건어물","건새우","1119857","건새우","","별도표기","꽃새우(독새우) 자건품 두절새우, 볶음용"
"수산물","건어물","건새우","1119858","건새우","","2023년","꽃새우(독새우) 자건품 두절새우, 볶음용"
"수산물","건어물","건새우","1119859","두절건새우,중","","2023/2024","꽃새우(독새우) 자건품 두절새우, 볶음용"
"수산물","건어물","멸치","1119986","멸치(국멸치)","","2024년","멸치 큰멸치(국멸치 주바) "
"수산물","건어물","건새우","1119860","건새우(두절건새우,볶음용/중국산)","","2023년","꽃새우(독새우) 자건품 두절새우, 볶음용"
"수산물","건어물","건새우","1119861","두절건새우[중국]","","2023년","꽃새우(독새우) 자건품 두절새우, 볶음용"
"수산물","건어물","건새우","1119862","건새우","","2023년","꽃새우(독새우) 자건품 두절새우, 볶음용"
"수산물","건어물","건오징어","1119863","반건오징어몸통채","","별도표기","반건오징어채(몸통)/300g"
"수산물","건어물","건오징어","1119864","반건오징어몸통채","","2023년","반건오징어채(몸통)/300g"
"수산물","건어물","건오징어","1119865","반건오징어몸통채","","별도표기","반건오징어채(몸통)/300g"
"수산물","건어물","건오징어","1119866","반건오징어몸통채","","2023년","반건오징어채(몸통)/300g"
"수산물","건어물","건오징어","1119867","반건오징어몸통채","","2025","반건오징어채(몸통)/300g"
"수산물","건어물","건오징어","1119868","반건오징어몸통채","","2023년","반건오징어채(몸통)/300g"
"수산물","건어물","건오징어","1119869","반건오징어몸통채","","2024년","반건오징어채(몸통)/300g"
"수산물","건어물","건오징어","1119870","반건오징어채","","별도표기","반건오징어채(몸통, 다리 포함)/1kg"
"수산물","건어물","건오징어","1119871","반건오징어채","","2023년","반건오징어채(몸통, 다리 포함)/1kg"
"수산물","건어물","건오징어","1119872","반건오징어채","","별도표기","반건오징어채(몸통, 다리 포함)/1kg"
"수산물","건어물","건오징어","1119873","반건오징어채","","2023년","반건오징어채(몸통, 다리 포함)/1kg"
"수산물","건어물","건오징어","1119874","반건오징어채","","2025","반건오징어채(몸통, 다리 포함)/1kg"
"수산물","건어물","건오징어","1119875","반건오징어채","","2023년","반건오징어채(몸통, 다리 포함)/1kg"
"수산물","건어물","건오징어","1119876","건오징어","","2024년","조미포 맛진미채(국내산)"
"수산물","건어물","건오징어","1119877","건오징어","","2024년","조미포 맛진미채(페루산)"
"수산물","건어물","건오징어","1119878","건오징어","","2023년","대체품목발주-조미포 백진미채 국내산 "
"수산물","건어물","건오징어","1119879","건오징어","","2023년","대체품목발주-조미포 백진미채 페루산"
"수산물","건어물","건오징어","1119880","맛진미채(페루)","","2023년","조미포 맛진미채"
"수산물","건어물","건오징어","1119881","건오징어","","별도표기","조미포 맛진미채국내산"
"수산물","건어물","건오징어","1119882","건오징어","","별도표기","조미포 맛진미채페루산"
"수산물","건어물","건오징어","1119883","건오징어","","2023년","조미포 맛진미채"
"수산물","건어물","건오징어","1119884","맛진미채","","2023/2024","조미포 맛진미채국내산"
"수산물","건어물","건오징어","1119885","맛진미채","","2023/2024","조미포 맛진미채페루산"
"수산물","건어물","건오징어","1119886","건오징어(맛진미채/국내산)","","2023년","조미포 맛진미채국내산"
"수산물","건어물","건오징어","1119887","건오징어(맛진미채/페루산)","","2023년","조미포 맛진미채페루산"
"수산물","건어물","건오징어","1119888","건오징어","","2023년","조미포 맛진미채"
"수산물","건어물","건오징어","1119889","건오징어","","2023년","조미포 맛진미채수입)"
"수산물","건어물","건오징어","1119890","진미채(백진미,국내산)","","별도표기","조미포 백진미채/300g"
"수산물","건어물","건오징어","1119891","진미채(백진미,페루산)","","별도표기","조미포 백진미채/수입산/300g."
"수산물","건어물","건오징어","1119892","진미채(백진미,국내산)","","2023년","조미포 백진미채/300g"
"수산물","건어물","건오징어","1119893","진미채(백진미,페루산)","","2023년","조미포 백진미채/수입산/300g"
"수산물","건어물","건오징어","1119894","진미채(백진미,국내산)","","2023년","조미포 백진미채/300g"
"수산물","건어물","건오징어","1119895","진미채(백진미,수입산)","","2023년","조미포 백진미채/수입산/300g"
"수산물","건어물","건오징어","1119896","진미채(백진미,국내산)","","별도표기","조미포 백진미채/300g"
"수산물","건어물","건오징어","1119897","진미채(백진미,페루산)","","별도표기","조미포 백진미채/수입산/300g"
"수산물","건어물","건오징어","1119898","진미채(백진미,국내산)","","2023년","조미포 백진미채/300g"
"수산물","건어물","건오징어","1119899","진미채(백진미,페루산)","","2023년","조미포 백진미채/수입산/300g"
"수산물","건어물","건오징어","1119900","진미채(백진미,국내산)","","2024","조미포 백진미채/300g"
"수산물","건어물","건오징어","1119901","진미채(백진미,수입산)","","2024","조미포 백진미채/수입산/300g"
"수산물","건어물","건오징어","1119902","진미채(백진미,국내산)","","2023년","조미포 백진미채/300g"
"수산물","건어물","건오징어","1119903","진미채(백진미,페루산)","","2023년","조미포 백진미채/수입산/300g"
"수산물","건어물","건오징어","1119904","진미채(백진미,국내산)","","2024년","조미포 백진미채/300g"
"수산물","건어물","건오징어","1119905","진미채(백진미,페루산)","","2023년","조미포 백진미채/수입산/300g"
"수산물","건어물","건오징어","1119906","진미채(참진미,국내산)","","별도표기","조미포 참진미채/300g"
"수산물","건어물","건오징어","1119907","진미채(참진미,페루산)","","별도표기","조미포 참진미채/수입산/300g"
"수산물","건어물","건오징어","1119908","진미채(참진미,국내산)","","2023년","조미포 참진미채/300g"
"수산물","건어물","건오징어","1119909","진미채(참진미,페루산)","","2023년","조미포 참진미채/수입산/300g"
"수산물","건어물","건오징어","1119910","진미채(참진미,국내산)","","2023년","조미포 참진미채/300g"
"수산물","건어물","건오징어","1119911","진미채(참진미,수입산)","","2023년","조미포 참진미채/수입산/300g"
"수산물","건어물","건오징어","1119912","진미채(참진미,국내산)","","별도표기","조미포 참진미채/300g"
"수산물","건어물","건오징어","1119913","진미채(참진미,페루산)","","별도표기","조미포 참진미채/수입산/300g"
"수산물","건어물","건오징어","1119914","진미채(참진미,국내산)","","2023년","조미포 참진미채/300g"
"수산물","건어물","건오징어","1119915","진미채(참진미,페루산)","","2023년","조미포 참진미채/수입산/300g"
"수산물","건어물","건오징어","1119916","진미채(참진미,국내산)","","2024","조미포 참진미채/300g"
"수산물","건어물","건오징어","1119917","진미채(참진미,수입산)","","2024","조미포 참진미채/수입산/300g"
"수산물","건어물","건오징어","1119918","진미채(참진미,국내산)","","2023년","조미포 참진미채/300g"
"수산물","건어물","건오징어","1119919","진미채(참진미,페루산)","","2023년","조미포 참진미채/수입산/300g"
"수산물","건어물","건오징어","1119920","진미채(참진미,국내산)","","2024년","조미포 참진미채/300g"
"수산물","건어물","건오징어","1119921","진미채(참진미,페루산)","","2023년","조미포 참진미채/수입산/300g"
"수산물","건어물","건파래","1119922","건파래찢은것","","별도표기","건파래(파쇄)/300g"
"수산물","건어물","건파래","1119923","건파래찢은것","","2024년","건파래(파쇄)/300g"
"수산물","건어물","건파래","1119924","건파래찢은것","","2023년","건파래(파쇄)/300g"
"수산물","건어물","건파래","1119925","건파래찢은것","","별도표기","건파래(파쇄)/300g"
"수산물","건어물","건파래","1119926","건파래찢은것","","2023년","건파래(파쇄)/300g"
"수산물","건어물","건파래","1119927","건파래찢은것","","2024","건파래(파쇄)/300g"
"수산물","건어물","건파래","1119928","건파래찢은것","","2023년","건파래(파쇄)/300g"
"수산물","건어물","건파래","1119929","건파래찢은것","","2024년","건파래(파쇄)/300g"
"수산물","건어물","건홍합","1119930","건홍합살","","별도표기","건홍합살 자건품/300g"
"수산물","건어물","건홍합","1119931","건홍합살","","2023년","건홍합살 자건품/300g"
"수산물","건어물","건홍합","1119932","건홍합살","","2023년","건홍합살 자건품/500g"
"수산물","건어물","건홍합","1119933","건홍합살","","별도표기","건홍합살 자건품/500g"
"수산물","건어물","건홍합","1119934","건홍합살","","2023년","건홍합살 자건품/300g"
"수산물","건어물","건홍합","1119935","건홍합살","","2024","건홍합살 자건품/300g"
"수산물","건어물","건홍합","1119936","건홍합살","","2023년","건홍합살 자건품/300g"
"수산물","건어물","건홍합","1119937","건홍합살","","2024년","건홍합살 자건품/300g"
"수산물","건어물","꼴뚜기","1119938","건꼴뚜기","","별도표기","건꼴뚜기 자건품/300g"
"수산물","건어물","꼴뚜기","1119939","건꼴뚜기","","2023년","건꼴뚜기 자건품/300g"
"수산물","건어물","꼴뚜기","1119940","건꼴뚜기","","별도표기","건꼴뚜기 자건품/300g"
"수산물","건어물","꼴뚜기","1119941","건꼴뚜기","","2023년","건꼴뚜기 자건품/300g"
"수산물","건어물","꼴뚜기","1119942","건꼴뚜기","","2024","건꼴뚜기 자건품/300g"
"수산물","건어물","꼴뚜기","1119943","건꼴뚜기","","2023년","건꼴뚜기 자건품/300g"
"수산물","건어물","꼴뚜기","1119944","건꼴뚜기","","2024년","건꼴뚜기 자건품/300g"
"수산물","건어물","디포리","1119945","디포리","","별도표기","디포리/300g"
"수산물","건어물","디포리","1119946","디포리","","2023년","디포리/300g"
"수산물","건어물","디포리","1119947","디포리","","2023년","디포리/300g"
"수산물","건어물","디포리","1119948","디포리","","별도표기","디포리/300g"
"수산물","건어물","디포리","1119949","디포리","","2023년","디포리/300g"
"수산물","건어물","디포리","1119950","디포리","","2024","디포리/300g"
"수산물","건어물","디포리","1119951","디포리","","2023년","디포리/300g"
"수산물","건어물","디포리","1119952","디포리","","2024년","디포리/300g"
"수산물","건어물","멸치","1119953","건미역","","2023년","건미역"
"수산물","건어물","멸치","1119954","저염지리멸","","2023년","멸치 잔멸치(저염지리멸)"
"수산물","건어물","멸치","1119955","멸치(지리가이리)","","2024년","멸치 잔멸치(지리가이리)"
"수산물","건어물","멸치","1119956","멸치","","2023년","멸치(지리가이리) 국내산 "
"수산물","건어물","멸치","1119957","멸치(지리가이리)","","2023년","멸치 잔멸치(지리 가이리)"
"수산물","건어물","멸치","1119958","멸치","","별도표기","멸치 잔멸치(지리 가이리)"
"수산물","건어물","멸치","1119959","멸치","","2023년","멸치 잔멸치(지리 가이리)"
"수산물","건어물","멸치","1119960","지리가이리멸치","","2023/2024","멸치 잔멸치(지리 가이리)"
"수산물","건어물","멸치","1119961","멸치(지리가이리)","","2023년","멸치 잔멸치(지리 가이리)"
"수산물","건어물","멸치","1119962","지리가이리","","2023년","멸치 잔멸치(지리 가이리)"
"수산물","건어물","멸치","1119963","멸치(지리)","","2024년","멸치 잔멸치(지리멸치)"
"수산물","건어물","멸치","1119964","멸치","","2023년","멸치(지리멸치) 국내산 "
"수산물","건어물","멸치","1119965","멸치(지리멸)","","2023년","멸치 잔멸치(지리멸)"
"수산물","건어물","멸치","1119966","멸치","","별도표기","멸치 잔멸치(지리멸)"
"수산물","건어물","멸치","1119967","멸치","","2023년","멸치 잔멸치(지리멸)"
"수산물","건어물","멸치","1119968","지리멸치","","2023/2024","멸치 잔멸치(지리멸)"
"수산물","건어물","멸치","1119969","멸치(잔멸치,지리)","","2023년","멸치 잔멸치(지리멸)"
"수산물","건어물","멸치","1119970","지리멸","","2023년","멸치 잔멸치(지리멸)"
"수산물","건어물","멸치","1119971","멸치(가이리)","","2024년","멸치 중멸치(가이리)"
"수산물","건어물","멸치","1119972","멸치","","2023년","멸치(가이리) 국내산"
"수산물","건어물","멸치","1119973","멸치(가이리)","","2023년","멸치 중멸치(가이리)"
"수산물","건어물","멸치","1119974","멸치","","별도표기","멸치 중멸치(가이리)"
"수산물","건어물","멸치","1119975","멸치","","2023년","멸치 중멸치(가이리)"
"수산물","건어물","멸치","1119976","가이리멸치","","2023/2024","멸치 중멸치(가이리)"
"수산물","건어물","멸치","1119977","멸치(가이리)","","2023년","멸치 중멸치(가이리)"
"수산물","건어물","멸치","1119978","가이리","","2023년","멸치 중멸치(가이리)"
"수산물","건어물","멸치","1119979","멸치(고바)","","2024년","멸치 중멸치(고바)"
"수산물","건어물","멸치","1119980","멸치","","2023년","멸치(고바) 국내산(국물용아님)"
"수산물","건어물","멸치","1119981","멸치","","별도표기","멸치 중멸치(고바)"
"수산물","건어물","멸치","1119982","멸치","","2023년","멸치 중멸치(고바)"
"수산물","건어물","멸치","1119983","고바멸치","","2023/2024","멸치 중멸치(고바)"
"수산물","건어물","멸치","1119984","멸치","","2023년","멸치 중멸치(고바)"
"수산물","건어물","멸치","1119985","중멸치(고바)","","2023년","멸치 중멸치(고바)"
"수산물","건어물","멸치","1119987","멸치","","2023년","국멸치(주바) 국내산 국물용"
"수산물","건어물","멸치","1119988","멸치(국멸치)","","2023년","멸치 큰멸치(국멸치 주바) 상품"
"수산물","건어물","멸치","1119989","멸치","","별도표기","멸치 큰멸치(국멸치 주바) 상품"
"수산물","건어물","멸치","1119990","멸치","","2023년","멸치 큰멸치(국멸치 주바) 상품"
"수산물","건어물","멸치","1119991","국멸치","","2023/2024","멸치 큰멸치(국멸치 주바) 상품"
"수산물","건어물","멸치","1119992","멸치(국멸치)","","2023년","멸치 큰멸치(국멸치 주바) 상품"
"수산물","건어물","멸치","1119993","국멸치","","2023년","멸치 큰멸치(국멸치 주바) 상품"
"수산물","건어물","미역","1119994","미역(건미역)","","2024년","건미역"
"수산물","건어물","미역","1119995","건미역","","2023년","건미역(기장)/300g"
"수산물","건어물","미역","1119996","건미역","","2023년","건실미역/300g"
"수산물","건어물","미역","1119997","미역","","별도표기","건미역"
"수산물","건어물","미역","1119998","미역","","2023년","건미역"
"수산물","건어물","미역","1119999","건미역","","2023/2024","건미역(기장)/300g//"
"수산물","건어물","미역","1120000","건미역","","2023년","건미역(기장)/300g"
"수산물","건어물","미역","1120001","건미역(절단)","","별도표기","건미역(절단)/300g"
"수산물","건어물","미역","1120002","건미역(절단)","","2023년","건미역(절단)/300g"
"수산물","건어물","미역","1120003","건미역(절단)","","2023년","건미역(절단)/300g"
"수산물","건어물","미역","1120004","건미역(절단)","","별도표기","건미역(절단)/300g"
"수산물","건어물","미역","1120005","건미역(절단)","","2023년","건미역(절단)/300g"
"수산물","건어물","미역","1120006","건미역(절단)","","2024","건미역(절단)/300g"
"수산물","건어물","미역","1120007","건미역(절단)","","2023년","건미역(절단)/300g"
"수산물","건어물","미역","1120008","건미역(절단)","","2024년","건미역(절단)/300g"
"수산물","건어물","미역","1120009","미역(기장)","","2024년","기장미역"
"수산물","건어물","미역","1120010","미역","","2023년","기장미역 국내산"
"수산물","건어물","미역","1120011","기장미역","","2023년","기장미역"
"수산물","건어물","미역","1120012","미역","","별도표기","기장미역"
"수산물","건어물","미역","1120013","미역","","2023년","기장미역"
"수산물","건어물","미역","1120014","기장미역","","2023/2024","기장미역"
"수산물","건어물","미역","1120015","미역(기장)","","2023년","기장미역"
"수산물","건어물","미역","1120016","기장미역","","2023년","기장미역"
"수산물","건어물","미역","1120017","미역","","2024년","염장 미역(소금 30%이하)"
"수산물","건어물","미역","1120018","미역","","2023년","염장미역 국내산 (소금 30%이하)"
"수산물","건어물","미역","1120019","미역","","별도표기","염장 미역(소금 30%이하)"
"수산물","건어물","미역","1120020","미역","","2023년","염장 미역(소금 30%이하)"
"수산물","건어물","미역","1120021","염장미역","","2023/2024","염장 미역(소금 30%이하)"
"수산물","건어물","미역","1120022","미역(염장)","","2023년","염장 미역(소금 30%이하)"
"수산물","건어물","미역","1120023","미역줄기","","별도표기","염장 미역줄기(소금 30%이하)/1kg"
"수산물","건어물","미역","1120024","미역줄기","","2023년","염장 미역줄기(소금 30%이하)/1kg"
"수산물","건어물","미역","1120025","미역줄기","","2023년","염장 미역줄기(소금 30%이하)/1kg"
"수산물","건어물","미역","1120026","미역줄기","","별도표기","염장 미역줄기(소금 30%이하)/1kg"
"수산물","건어물","미역","1120027","미역줄기","","2023년","염장 미역줄기(소금 30%이하)/1kg"
"수산물","건어물","미역","1120028","미역줄기","","2024","염장 미역줄기(소금 30%이하)/1kg"
"수산물","건어물","미역","1120029","미역줄기","","2023년","염장 미역줄기(소금 30%이하)/1kg"
"수산물","건어물","쥐치","1120030","쥐치포(절단)","","별도표기","쥐치포(절단)/수입산/300g"
"수산물","건어물","쥐치","1120031","쥐치포(절단)","","2023년","쥐치포(절단)/수입산/300g"
"수산물","건어물","쥐치","1120032","쥐치포(절단)","","별도표기","쥐치포(절단)/수입산/300g"
"수산물","건어물","쥐치","1120033","쥐치포(절단)","","2023년","쥐치포(절단)/수입산/300g"
"수산물","건어물","쥐치","1120034","쥐치포(절단)","","2024","쥐치포(절단)/수입산/300g"
"수산물","건어물","쥐치","1120035","쥐치","","2023년","쥐치포(절단)"
"수산물","건어물","쥐치","1120036","쥐치포(절단)","","2024년","쥐치포(절단)/수입산/300g"
"수산물","건어물","톳","1120037","건톳","","별도표기","건톳/300g"
"수산물","건어물","톳","1120038","건톳","","2023년","건톳/300g"
"수산물","건어물","톳","1120039","건톳","","2023년","건톳/300g"
"수산물","건어물","톳","1120040","건톳","","2023년","건톳/500g"
"수산물","건어물","톳","1120041","건톳","","2024/2025","건톳/300g"
"수산물","건어물","톳","1120042","건톳","","2023년","건톳/300g"
"수산물","건어물","톳","1120043","건톳","","2024년","건톳/300g"
"수산물","어류","가자미","1120044","가자미","","2024년","가자미 냉동(손질) 절단미국산 뼈포함 20g"
"수산물","어류","가자미","1120045","가자미","","2024년","가자미 냉동(손질) 절단러시아산 뼈포함 20g"
"수산물","어류","가자미","1120046","가자미","","2023년","가자미(손질)(뼈포함) 미국산  절단 40g"
"수산물","어류","가자미","1120047","가자미","","2023년","대체품목발주-가자미(손질)(뼈포함) 미국산"
"수산물","어류","가자미","1120048","가자미절단(미국산)(뼈있음)","","2023년","가자미 냉동(손질) 절단미국산"
"수산물","어류","가자미","1120049","가자미절단(러시아)(뼈있음)","","2023년","가자미 냉동(손질) 절단러시아산"
"수산물","어류","가자미","1120050","가자미","","별도표기","가자미 냉동(손질) 절단/뼈있음"
"수산물","어류","가자미","1120051","가자미","","별도표기","가자미 냉동(손질) 절단러시아산"
"수산물","어류","가자미","1120052","가자미","","2023년","가자미 냉동(손질) 절단미국산"
"수산물","어류","가자미","1120053","가자미","","2023년","가자미 냉동(손질) 절단러시아산"
"수산물","어류","가자미","1120054","가자미절단","","2023/2024","가자미 냉동(손질) 절단러시아산,20g"
"수산물","어류","가자미","1120055","가자미절단","","2023/2024","가자미 냉동(손질) 절단미국산,20g"
"수산물","어류","가자미","1120056","가자미절단/미국산","","2023년","가자미 냉동(손질) 절단미국산"
"수산물","어류","가자미","1120057","가자미절단/러시아산","","2023년","가자미 냉동(손질) 절단"
"수산물","어류","가자미","1120058","가자미냉동(손질)절단","","2023년","가자미 냉동(손질) 절단"
"수산물","어류","가자미","1120059","가자미살(99%가시제거)","","2023년","가자미순살(뼈제거 99%),토막당 20g내외/수입산/1kg_사용안함"
"수산물","어류","가자미","1120060","가자미","","2024년","가자미 냉동(포) 절단 20g"
"수산물","어류","가자미","1120061","가자미","","2023년","가자미(포) 미국산  절단 40g"
"수산물","어류","가자미","1120062","가자미포(미국산)","","2023년","가자미 냉동(포) 절단"
"수산물","어류","가자미","1120063","가자미","","2023년","가자미 냉동(포) 절단"
"수산물","어류","가자미","1120064","가자미포","","2023/2024","가자미 냉동(포) 절단,20g"
"수산물","어류","가자미","1120065","가자미(포)/미국산","","2023년","가자미 냉동(포) 절단"
"수산물","어류","가자미","1120066","가자미냉동(포)절단","","2023년","가자미 냉동(포) 절단"
"수산물","어류","가자미","1120067","가자미","","2024년","가자미 냉동(포) 커틀릿용 20g"
"수산물","어류","가자미","1120068","가자미","","2023년","대체품목발주-가자미(포) 미국산 "
"수산물","어류","가자미","1120069","가자미포(커틀렛)(미국산)","","2023년","가자미 냉동(포) 커틀릿용"
"수산물","어류","가자미","1120070","가자미","","별도표기","가자미 냉동(포) 커틀릿용"
"수산물","어류","가자미","1120071","가자미","","2023년","가자미 냉동(포) 커틀릿용"
"수산물","어류","가자미","1120072","가자미포/커틀릿","","2023/2024","가자미 냉동(포) 커틀릿용,20g"
"수산물","어류","가자미","1120073","가자미(포)커틀렛/미국산","","2023년","가자미 냉동(포) 커틀릿용"
"수산물","어류","가자미","1120074","가자미냉동(포)커틀릿용","","2023년","가자미 냉동(포) 커틀릿용"
"수산물","어류","가자미","1120075","가자미살(99%가시제거)","","별도표기","가자미순살(뼈제거 99%),토막당 40g내외/수입산/1kg"
"수산물","어류","가자미","1120076","가자미살(99%가시제거)","","2023년","가자미순살(뼈제거 99%),토막당 40g내외/수입산/1kg"
"수산물","어류","가자미","1120077","가자미살(99%가시제거)","","2023년","가자미순살(뼈제거 99%),토막당 40g내외/수입산/1kg"
"수산물","어류","가자미","1120078","가자미살(99%가시제거)","","별도표기","가자미순살(뼈제거 99%),토막당 40g내외/수입산/1kg"
"수산물","어류","가자미","1120079","가자미살(99%가시제거)","","2023년","가자미순살(뼈제거 99%),토막당 40g내외/수입산/1kg"
"수산물","어류","가자미","1120080","가자미살(99%가시제거)","","2024","가자미순살(뼈제거 99%),토막당 40g내외/수입산/1kg"
"수산물","어류","가자미","1120081","가자미살(99%가시제거)","","2023년","가자미순살(뼈제거 99%)/수입산/1kg"
"수산물","어류","갈치","1120082","갈치(세네갈산)","","2024년","갈치 냉동(손질) 절단세네갈,뼈포함20g"
"수산물","어류","갈치","1120085","갈치","","2023년","갈치(손질)(뼈포함) 세네갈 절단 40g"
"수산물","어류","갈치","1120088","갈치절단(세네갈)(뼈있음)","","2023년","갈치 냉동(손질) 절단세네갈"
"수산물","어류","갈치","1120091","갈치","","별도표기","갈치 냉동(손질) 절단"
"수산물","어류","갈치","1120092","갈치포","","2023년","갈치 냉동(포) 절단,토막당 40g내외/수입산/1kg"
"수산물","어류","갈치","1120093","갈치절단","","2023/2024","갈치 냉동(손질) 절단세네갈"
"수산물","어류","갈치","1120096","갈치(절단)/세네갈","","2023년","갈치 냉동(손질) 절단세네갈"
"수산물","어류","갈치","1120099","갈치(국산)","","2024년","갈치 냉동(손질) 절단,뼈포함 20g"
"수산물","어류","갈치","1120100","갈치","","2023년","갈치 국내산 (손질)(뼈포함) 절단 40g"
"수산물","어류","갈치","1120101","갈치절단(국산)(뼈있음)","","2023년","갈치 냉동(손질) 절단,300~400g(30~50g)"
"수산물","어류","갈치","1120102","갈치","","별도표기","갈치 냉동(손질) 절단,300~400g(30~50g)"
"수산물","어류","갈치","1120103","갈치포","","2023년","갈치 냉동(포) 절단,토막당 20g내외/1kg"
"수산물","어류","갈치","1120104","갈치절단","","2023/2024","갈치 냉동(손질) 절단,300~400g(30~50g)"
"수산물","어류","갈치","1120105","갈치(절단)/국내산","","2023년","갈치 냉동(손질) 절단,300~400g(30~50g)"
"수산물","어류","갈치","1120106","갈치냉동(손질)절단,300~400g(30~50g)","","2023년","갈치 냉동(손질) 절단,300~400g(30~50g)"
"수산물","어류","갈치","1120107","갈치(세네갈산)","","2024년","갈치 냉동(포) 절단세네갈 20g"
"수산물","어류","갈치","1120109","갈치포","","2023년","갈치 냉동(포) 절단,토막당 40g내외/수입산/1kg"
"수산물","어류","갈치","1120111","갈치포(세네갈)(뼈있음)","","2023년","갈치 냉동(포) 절단세네갈"
"수산물","어류","갈치","1120113","갈치","","별도표기","갈치 냉동(포) 절단/세네갈"
"수산물","어류","갈치","1120115","갈치포","","2023/2024","갈치 냉동(포) 절단모로코산,20g"
"수산물","어류","갈치","1120117","갈치포","","2023년","갈치 냉동(포) 절단/수입산/1kg"
"수산물","어류","갈치","1120125","갈치(수입)냉동(손질)절단","","2023년","갈치(수입) 냉동(손질)절단"
"수산물","어류","갈치","1120126","갈치포","","2023년","갈치포"
"수산물","어류","갈치","1120127","갈치포(수입)","","2023년","갈치포(수입)"
"수산물","어류","고등어","1120128","고등어절단(수입)","","2023년","고등어 냉동(살) 절단(수입)"
"수산물","어류","고등어","1120129","고등어(국내산)","","2024년","고등어 냉동(손질) 절단국내산(뼈포함) 20g"
"수산물","어류","고등어","1120130","고등어(노르웨이산)","","2024년","고등어 냉동(손질) 절단노르웨이산(뼈포함) 20g"
"수산물","어류","고등어","1120131","고등어","","2023년","고등어(손질)(뼈포함) 국내산 절단 40g"
"수산물","어류","고등어","1120132","고등어","","2023년","고등어(손질)(뼈포함) 노르웨이산 절단 40g"
"수산물","어류","고등어","1120133","고등어절단(국내산)(뼈있음)","","2023년","고등어 냉동(손질) 절단국내산"
"수산물","어류","고등어","1120134","고등어절단(노르웨이)(뼈있음)","","2023년","고등어 냉동(손질) 절단노르웨이산"
"수산물","어류","고등어","1120135","고등어","","별도표기","고등어 냉동(손질) 절단/뼈있음"
"수산물","어류","고등어","1120136","고등어","","2023년","고등어 냉동(손질) 절단국내산"
"수산물","어류","고등어","1120137","고등어","","2023년","고등어 냉동(손질) 절단노르웨이산"
"수산물","어류","고등어","1120138","고등어절단","","2023/2024","고등어 냉동(손질) 절단국내산,20g"
"수산물","어류","고등어","1120139","고등어절단","","2023/2024","고등어 냉동(손질) 절단노르웨이산,20g"
"수산물","어류","고등어","1120140","고등어(절단)국내산","","2023년","고등어 냉동(손질) 절단국내산"
"수산물","어류","고등어","1120141","고등어(절단)/노르웨이","","2023년","고등어 냉동(손질) 절단노르웨이산"
"수산물","어류","고등어","1120142","고등어절단(손질)","","2023년","고등어/냉동(손질)/절단/가시있음"
"수산물","어류","고등어","1120143","고등어살(99%가시제거)","","2023년","고등어순살(뼈제거 99%),토막당 40g내외/1kg"
"수산물","어류","고등어","1120144","고등어(국내산)","","2024년","고등어 냉동(포) 절단국내산 20g"
"수산물","어류","고등어","1120145","고등어(노르웨이산)","","2024년","고등어 냉동(포) 절단노르웨이산 20g"
"수산물","어류","고등어","1120146","고등어","","2023년","고등어(포) 국내산 절단 40g"
"수산물","어류","고등어","1120147","고등어","","2023년","고등어(포) 노르웨이산 절단 40g"
"수산물","어류","고등어","1120148","고등어포(국내산)","","2023년","고등어 냉동(포) 절단국내산"
"수산물","어류","고등어","1120149","고등어포(노르웨이)","","2023년","고등어 냉동(포) 절단노르웨이산"
"수산물","어류","고등어","1120150","고등어","","별도표기","고등어 냉동(포) 절단/가운데 뼈제거, 잔가시 일부있음"
"수산물","어류","고등어","1120151","고등어","","2023년","고등어 냉동(포) 절단국내산"
"수산물","어류","고등어","1120152","고등어","","2023년","고등어 냉동(포) 절단노르웨이산"
"수산물","어류","고등어","1120153","고등어포","","2023/2024","고등어 냉동(포) 절단국내산,20g"
"수산물","어류","고등어","1120154","고등어포","","2023/2024","고등어 냉동(포) 절단노르웨이산,20g"
"수산물","어류","고등어","1120155","고등어(포)","","2023년","고등어 냉동(포) 절단국내산"
"수산물","어류","고등어","1120156","고등어(포)","","2023년","고등어 냉동(포) 절단노르웨이산"
"수산물","어류","고등어","1120157","고등어냉동(포)-국내산","","2023년","고등어 냉동(포) 절단국내산"
"수산물","어류","고등어","1120158","고등어냉동(포)-노르웨이산","","2023년","고등어 냉동(포) 절단노르웨이산"
"수산물","어류","고등어","1120159","고등어(국내산,자반)","","2024년","고등어 자반(손질) 냉동, 절단 20g"
"수산물","어류","고등어","1120160","고등어(자반)","","2023년","고등어 자반(손질) 냉동, 절단"
"수산물","어류","고등어","1120161","고등어","","2023년","고등어 자반(손질) 냉동, 절단"
"수산물","어류","고등어","1120162","고등어자반절단","","2023/2024","고등어 자반(손질) 냉동, 절단,20g"
"수산물","어류","고등어","1120163","고등어(자반)(절단)","","2023년","고등어 자반(손질) 냉동, 절단"
"수산물","어류","고등어","1120164","자반고등어(손질)냉동,절단","","2023년","고등어 자반(손질) 냉동, 절단"
"수산물","어류","고등어","1120165","고등어","","2023년","고등어자반(손질)(뼈포함) 국내산 절단 40g"
"수산물","어류","고등어","1120166","고등어살(99%가시제거)","","별도표기","고등어순살(뼈제거 99%),토막당 40g내외/1kg"
"수산물","어류","고등어","1120167","고등어살(99%가시제거)","","별도표기","고등어순살(뼈제거 99%),토막당 40g내외/수입산/1kg"
"수산물","어류","고등어","1120168","고등어살(99%가시제거)","","2023년","고등어순살(뼈제거 99%),토막당 40g내외/1kg"
"수산물","어류","고등어","1120169","고등어살(99%가시제거)","","2023년","고등어순살(뼈제거 99%),토막당 40g내외/수입산/1kg"
"수산물","어류","고등어","1120170","고등어살(99%가시제거)","","2023년","고등어순살(뼈제거 99%),토막당 40g내외/1kg"
"수산물","어류","고등어","1120171","고등어살(99%가시제거)","","2023년","고등어순살(뼈제거 99%),토막당 40g내외/수입산/1kg"
"수산물","어류","고등어","1120172","고등어살(99%가시제거)","","별도표기","고등어순살(뼈제거 99%),토막당 40g내외/1kg"
"수산물","어류","고등어","1120173","고등어살(99%가시제거)","","2023년","고등어순살(뼈제거 99%),토막당 40g내외/1kg"
"수산물","어류","고등어","1120174","고등어살(99%가시제거)","","2023년","고등어순살(뼈제거 99%),토막당 40g내외/수입산/1kg"
"수산물","어류","고등어","1120175","고등어살(99%가시제거)","","2024","고등어순살(뼈제거 99%),토막당 40g내외/1kg"
"수산물","어류","고등어","1120176","고등어살(99%가시제거)","","2024","고등어순살(뼈제거 99%),토막당 40g내외/수입산/1kg"
"수산물","어류","고등어","1120177","고등어살(99%가시제거)","","2023년","고등어순살(뼈제거 99%)/1kg"
"수산물","어류","고등어","1120178","고등어살(99%가시제거)","","2023년","고등어순살(뼈제거 99%)/수입산/1kg"
"수산물","어류","꽁치","1120179","꽁치","","2024년","꽁치 냉동(손질) 절단,뼈포함 20g"
"수산물","어류","꽁치","1120180","꽁치","","2023년","꽁치(손질)(뼈포함) 원양산 절단 40g"
"수산물","어류","꽁치","1120181","꽁치절단(대만산)(뼈있음)","","2023년","꽁치 냉동(손질) 절단"
"수산물","어류","꽁치","1120182","꽁치","","별도표기","꽁치 냉동(손질) 절단"
"수산물","어류","꽁치","1120183","꽁치","","2023년","꽁치 냉동(손질) 절단"
"수산물","어류","꽁치","1120184","꽁치절단","","2023/2024","꽁치 냉동(손질) 절단,20g"
"수산물","어류","꽁치","1120185","꽁치","","2023년","꽁치 냉동(손질) 절단"
"수산물","어류","꽁치","1120186","꽁치냉동(손질)절단","","2023년","꽁치 냉동(손질) 절단"
"수산물","어류","날치","1120187","날치알","","2023년","날치알(냉동) 골드 500g/PAC 빙어알 혼합/수입산/500g"
"수산물","어류","날치","1120188","날치알","","별도표기","날치알(냉동) 골드 500g/PAC 빙어알 혼합/수입산/500g"
"수산물","어류","날치","1120189","날치알","","2023년","날치알(냉동) 골드 500g/PAC 빙어알 혼합/수입산/500g"
"수산물","어류","날치","1120190","날치알","","별도표기","날치알(냉동) 골드 900g/PAC 빙어알 혼합/수입산/900g"
"수산물","어류","날치","1120191","날치알","","2023년","날치알(냉동) 골드 900g/PAC 빙어알 혼합/수입산/900g"
"수산물","어류","날치","1120192","날치알","","2023/2024","날치알(냉동) 골드 900g/PAC 빙어알 혼합/수입산/900g"
"수산물","어류","날치","1120193","날치알,골","","2023/2024","날치 냉동(알), GOLD/800g-900g, 빙어알섞임"
"수산물","어류","날치","1120194","날치알(골드)800g900g","","2023년","날치 냉동(알), GOLD/900g, 빙어알섞임"
"수산물","어류","날치","1120195","날치","","2023년","날치 냉동(알), GOLD/800g-900g, 빙어알섞임"
"수산물","어류","달고기","1120196","달고기살","","별도표기","달고기순살(무피)(뼈제거 99%),토막당 40g내외/1kg"
"수산물","어류","달고기","1120197","달고기살","","2023년","달고기순살(무피)(뼈제거 99%),토막당 40g내외/1kg"
"수산물","어류","달고기","1120198","달고기살","","2023년","달고기순살(무피)(뼈제거 99%),토막당 40g내외/1kg"
"수산물","어류","달고기","1120199","달고기","","별도표기","달고기순살(무피)(뼈제거 99%)"
"수산물","어류","달고기","1120200","달고기살","","2023년","달고기순살(무피)(뼈제거 99%),토막당 40g내외/1kg"
"수산물","어류","달고기","1120201","달고기살","","2024","달고기순살(무피)(뼈제거 99%),토막당 40g내외/1kg"
"수산물","어류","달고기","1120202","달고기살","","2023년","달고기순살(무피)(뼈제거 99%)/1kg"
"수산물","어류","달고기","1120203","달고기살","","별도표기","달고기순살(유피)(뼈제거 99%),토막당 40g내외/1kg"
"수산물","어류","달고기","1120204","달고기살","","2023년","달고기순살(유피)(뼈제거 99%),토막당 40g내외/1kg"
"수산물","어류","달고기","1120205","달고기살","","2023년","달고기순살(유피)(뼈제거 99%),토막당 40g내외/1kg"
"수산물","어류","달고기","1120206","달고기살","","별도표기","달고기순살(유피)(뼈제거 99%),토막당 20g내외/1kg"
"수산물","어류","달고기","1120207","달고기살","","2023년","달고기순살(유피)(뼈제거 99%),토막당 40g내외/1kg"
"수산물","어류","달고기","1120208","달고기살","","2024","달고기순살(유피)(뼈제거 99%),토막당 40g내외/1kg"
"수산물","어류","달고기","1120209","달고기살","","2023년","달고기순살(유피)(뼈제거 99%)/1kg"
"수산물","어류","대구","1120210","대구","","2024년","대구 냉동(손질) 절단,뼈포함 20g"
"수산물","어류","대구","1120211","대구","","2023년","대구(손질)(뼈포함) 러시아산 절단 40g"
"수산물","어류","대구","1120212","대구절단(러시아)(뼈있음)","","2023년","대구 냉동(손질) 절단"
"수산물","어류","대구","1120213","대구","","별도표기","대구 냉동(손질) 절단/뼈있음"
"수산물","어류","대구","1120214","대구","","2023년","대구 냉동(손질) 절단"
"수산물","어류","대구","1120215","대구절단","","2023/2024","대구 냉동(손질) 절단,20g"
"수산물","어류","대구","1120216","대구(절단)","","2023년","대구 냉동(손질) 절단"
"수산물","어류","대구","1120217","대구냉동(순살)99%가시제거","","2023년","대구 냉동(순살)99%가시제거"
"수산물","어류","대구","1120218","대구","","2024년","대구 냉동(포) 전용, 커틀릿용 20g"
"수산물","어류","대구","1120219","대구","","2023년","대구(포) 러시아산 커틀릿용 40g"
"수산물","어류","대구","1120220","대구포(전용,커틀릿)(러시아)","","2023년","대구 냉동(포) 전용, 커틀릿용"
"수산물","어류","대구","1120221","대구","","별도표기","대구 냉동(포) 전용, 커틀릿용"
"수산물","어류","대구","1120222","대구","","2023년","대구 냉동(포) 전용, 커틀릿용"
"수산물","어류","대구","1120223","대구포/전,커틀릿","","2023/2024","대구 냉동(포) 전용, 커틀릿용,20g"
"수산물","어류","대구","1120224","대구(포/전용,커틀릿용)","","2023년","대구 냉동(포) 전용, 커틀릿용"
"수산물","어류","대구","1120225","대구(포)전용,커틀릿용","","2023년","대구 냉동(포) 전용, 커틀릿용"
"수산물","어류","대구","1120226","대구","","2024년","대구 냉동(포) 절단 20g"
"수산물","어류","대구","1120227","대구","","2023년","대구(포) 러시아산 절단 40g"
"수산물","어류","대구","1120228","대구포(러시아)","","2023년","대구 냉동(포) 절단"
"수산물","어류","대구","1120229","대구","","별도표기","대구 냉동(포) 절단"
"수산물","어류","대구","1120230","대구","","2023년","대구 냉동(포) 절단"
"수산물","어류","대구","1120231","대구포","","2023/2024","대구 냉동(포) 절단,20g"
"수산물","어류","대구","1120232","대구(포/절단)","","2023년","대구 냉동(포) 절단"
"수산물","어류","대구","1120233","대구냉동(포)절단","","2023년","대구 냉동(포) 절단"
"수산물","어류","대구","1120234","대구절단","","2023년","대구 절단"
"수산물","어류","명란(알)","1120235","명란(알)","","2024년","명란(알) 냉동"
"수산물","어류","명란(알)","1120236","명란","","2023년","냉동 명란/수입산/1kg"
"수산물","어류","명란(알)","1120237","명란","","별도표기","냉동 명란/수입산/1kg"
"수산물","어류","명란(알)","1120238","명란","","2023년","냉동 명란/수입산/1kg"
"수산물","어류","명란(알)","1120239","명란","","2024","냉동 명란/수입산/1kg"
"수산물","어류","명란(알)","1120240","명란","","2023년","냉동 명란/수입산/1kg"
"수산물","어류","명란(알)","1120241","명란","","2024년","냉동 명란/수입산/1kg"
"수산물","어류","명란(알)","1120242","명란(고니)","","2024년","명란(알) 냉동 고니"
"수산물","어류","명란(알)","1120243","명태곤이","","2023년","냉동 명태곤이/수입산/1kg"
"수산물","어류","명란(알)","1120244","명태곤이","","별도표기","냉동 명태곤이/수입산/1kg"
"수산물","어류","명란(알)","1120245","명태곤이","","2023년","냉동 명태곤이/수입산/1kg"
"수산물","어류","명란(알)","1120246","명태곤이","","2024","냉동 명태곤이/수입산/1kg"
"수산물","어류","명란(알)","1120247","명태곤이","","2023년","냉동 명태곤이/수입산/1kg"
"수산물","어류","명란(알)","1120248","명태곤이","","2024년","냉동 명태곤이/수입산/1kg"
"수산물","어류","명란(알)","1120249","명란(알)","","2023년","명란(알) 양념명란젓 小"
"수산물","어류","명란(알)","1120250","명란(알)","","별도표기","명란(알) 양념명란젓 小"
"수산물","어류","명란(알)","1120251","명란(알)","","2023년","명란(알) 양념명란젓 小"
"수산물","어류","명란(알)","1120252","명란젓","","2023/2024","명란(알) 양념명란젓 小"
"수산물","어류","명란(알)","1120253","명란(알)","","2023년","명란(알) 양념명란젓 小"
"수산물","어류","명란(알)","1120254","양념명란젓小","","2023년","명란(알) 양념명란젓 小"
"수산물","어류","명란(알)","1120255","젓갈(명란젓)","","별도표기","명란(알) 양념명란젓 中/수입산/500g"
"수산물","어류","명란(알)","1120256","젓갈(명란젓)","","2023년","명란(알) 양념명란젓 中/수입산/500g"
"수산물","어류","명란(알)","1120257","명란(알)","","별도표기","명란(알) 양념명란젓 中"
"수산물","어류","명란(알)","1120258","명란(알)","","2023년","명란(알) 양념명란젓 中"
"수산물","어류","명란(알)","1120259","젓갈(명란젓)","","2024","명란(알) 양념명란젓 中/수입산/500g"
"수산물","어류","명란(알)","1120260","젓갈(명란젓)","","2023년","명란(알) 양념명란젓 中/수입산/500g"
"수산물","어류","명란(알)","1120261","젓갈(명란젓)","","2024년","명란(알) 양념명란젓 中/수입산/500g"
"수산물","어류","명태","1120262","명태","","2023년","대체품목발주 - 동태포 러시아산 절단"
"수산물","어류","명태","1120263","동태순살(네모)(러시아)","","2023년","네모 동태살(뼈제거 99%)"
"수산물","어류","명태","1120264","명태","","별도표기","네모 동태살(뼈제거 99%) 국,강정용"
"수산물","어류","명태","1120265","명태","","2023년","네모 동태살(뼈제거 99%)"
"수산물","어류","명태","1120266","네모동태살(99%가시제거)","","2023/2024","네모 동태살(뼈제거 99%)"
"수산물","어류","명태","1120267","명태(압축동태살뼈제거99%)","","2023년","네모 동태살(뼈제거 99%)"
"수산물","어류","명태","1120268","동태살(99%가시제거)","","2023년","명태(동태순살)(뼈제거 99%),토막당 40g내외/수입산/1kg"
"수산물","어류","명태","1120269","명태","","2024년","명태 냉동(동태포) 전용 20g"
"수산물","어류","명태","1120270","명태","","2023년","동태(포) 러시아산 전용 40g"
"수산물","어류","명태","1120271","동태포(전용)(러시아)","","2023년","명태 냉동(동태포) 전용"
"수산물","어류","명태","1120272","명태","","별도표기","명태 냉동(동태포) 전용"
"수산물","어류","명태","1120273","명태","","2023년","명태 냉동(동태포) 전용"
"수산물","어류","명태","1120274","동태포/전","","2023/2024","명태 냉동(동태포) 전용,20g"
"수산물","어류","명태","1120275","명태","","2023년","명태 냉동(동태포) 전용"
"수산물","어류","명태","1120276","명태","","2024년","명태 냉동(동태포) 절단 20g"
"수산물","어류","명태","1120277","명태","","2023년","동태(포) 러시아산 절단 40g"
"수산물","어류","명태","1120278","동태포(러시아)","","2023년","명태 냉동(동태포) 절단"
"수산물","어류","명태","1120279","명태","","별도표기","명태 냉동(동태포) 절단"
"수산물","어류","명태","1120280","명태","","2023년","명태 냉동(동태포) 절단"
"수산물","어류","명태","1120281","동태포","","2023/2024","명태 냉동(동태포) 절단,20g"
"수산물","어류","명태","1120282","명태","","2023년","명태 냉동(동태포) 절단"
"수산물","어류","명태","1120283","명태","","2024년","명태 냉동(동태포) 커틀릿용 20g"
"수산물","어류","명태","1120284","명태","","2023년","동태(포) 러시아산 커틀릿용 40g"
"수산물","어류","명태","1120285","동태포(커틀렛)(러시아)","","2023년","명태 냉동(동태포) 커틀릿용"
"수산물","어류","명태","1120286","명태","","별도표기","명태 냉동(동태포) 커틀릿용"
"수산물","어류","명태","1120287","명태","","2023년","명태 냉동(동태포) 커틀릿용"
"수산물","어류","명태","1120288","동태포/커틀릿","","2023/2024","명태 냉동(동태포) 커틀릿용,20g"
"수산물","어류","명태","1120289","명태","","2023년","명태 냉동(동태포) 커틀릿용"
"수산물","어류","명태","1120290","명태(동태포)커틀릿용","","2023년","명태 냉동(동태포) 커틀릿용"
"수산물","어류","명태","1120291","명태","","2024년","명태 냉동(손질) 절단,뼈포함 20g"
"수산물","어류","명태","1120292","명태","","2023년","동태(손질)(뼈포함) 러시아산 절단 40g"
"수산물","어류","명태","1120293","동태절단(러시아)(뼈있음)","","2023년","명태 냉동(손질) 절단"
"수산물","어류","명태","1120294","명태","","별도표기","명태 냉동(손질) 절단"
"수산물","어류","명태","1120295","명태","","2023년","명태 냉동(손질) 절단"
"수산물","어류","명태","1120296","동태절단","","2023/2024","명태 냉동(손질) 절단,20g"
"수산물","어류","명태","1120297","명태","","2023년","명태 냉동(손질) 절단"
"수산물","어류","명태","1120298","명태냉동(손질)절단","","2023년","명태 냉동(손질) 절단"
"수산물","어류","명태","1120299","동태살(99%가시제거)","","별도표기","명태(동태순살)(뼈제거 99%),토막당 40g내외/수입산/1kg"
"수산물","어류","명태","1120300","동태살(99%가시제거)","","2023년","명태(동태순살)(뼈제거 99%),토막당 40g내외/수입산/1kg"
"수산물","어류","명태","1120301","동태살(99%가시제거)","","2023년","명태(동태순살)(뼈제거 99%),토막당 40g내외/수입산/1kg"
"수산물","어류","명태","1120302","동태살(99%가시제거)","","별도표기","명태(동태순살)(뼈제거 99%),토막당 40g내외/수입산/1kg"
"수산물","어류","명태","1120303","동태살(99%가시제거)","","2023년","명태(동태순살)(뼈제거 99%),토막당 20g내외/수입산/1kg"
"수산물","어류","명태","1120304","동태살(99%가시제거)","","2024","명태(동태순살)(뼈제거 99%),토막당 40g내외/수입산/1kg"
"수산물","어류","명태","1120305","동태살(99%가시제거)","","2023년","명태(동태순살)(뼈제거 99%)/수입산/1kg"
"수산물","어류","미꾸라지","1120306","미꾸라지","","2024년","미꾸라지 생것 활미꾸라지"
"수산물","어류","방어","1120307","방어살","","별도표기","방어순살(뼈제거 99%),토막당 40g내외/1kg"
"수산물","어류","방어","1120308","방어살","","2023년","방어순살(뼈제거 99%),토막당 40g내외/1kg"
"수산물","어류","방어","1120309","방어살","","2023년","방어순살(뼈제거 99%),토막당 40g내외/1kg"
"수산물","어류","방어","1120310","방어살","","2023년","방어순살(뼈제거 99%),토막당 40g내외/1kg"
"수산물","어류","방어","1120311","방어살","","2024","방어순살(뼈제거 99%),토막당 40g내외/1kg"
"수산물","어류","방어","1120312","방어살","","2023년","방어순살(뼈제거 99%)/1kg"
"수산물","어류","붉은메기","1120313","홍메기살(킹구살)","","별도표기","붉은메기 냉동(킹구포) 절단,토막당 40g내외/1kg"
"수산물","어류","붉은메기","1120314","홍메기살(킹구살)","","2023년","붉은메기 냉동(킹구포) 절단,토막당 40g내외/1kg"
"수산물","어류","붉은메기","1120315","홍메기살(킹구살)","","2023년","붉은메기 냉동(킹구포) 절단,토막당 40g내외/1kg"
"수산물","어류","붉은메기","1120316","홍메기살(킹구살)","","별도표기","붉은메기 냉동(킹구포) 절단,토막당 40g내외/1kg"
"수산물","어류","붉은메기","1120317","홍메기살(킹구살)","","2023년","붉은메기 냉동(킹구포) 절단,토막당 40g내외/1kg"
"수산물","어류","붉은메기","1120318","홍메기살(킹구살)","","2024","붉은메기 냉동(킹구포) 절단,토막당 40g내외/1kg"
"수산물","어류","붉은메기","1120319","홍메기살(킹구살)","","2023년","붉은메기 냉동(킹구포)/1kg"
"수산물","어류","붉은메기","1120320","홍메기살(킹구살)","","2023년","붉은메기 냉동(킹구포) 절단,토막당 40g내외/1kg"
"수산물","어류","붕장어","1120321","붕장어포","","별도표기","붕장어 냉동(살) 절단,토막당 40g내외/1kg"
"수산물","어류","붕장어","1120322","붕장어포","","2023년","붕장어 냉동(살) 절단,토막당 40g내외/1kg"
"수산물","어류","붕장어","1120323","붕장어","","2023년","붕장어(포) 중국산 절단 20g"
"수산물","어류","붕장어","1120324","붕장어포","","2023년","붕장어 냉동(살) 절단,토막당 40g내외/1kg"
"수산물","어류","붕장어","1120325","붕장어포(국내산)","","2023년","붕장어 냉동(살) 절단중국산"
"수산물","어류","붕장어","1120326","붕장어","","별도표기","붕장어 냉동(살) 절단"
"수산물","어류","붕장어","1120327","붕장어포","","2023년","붕장어 냉동(살) 절단,토막당 40g내외/1kg"
"수산물","어류","붕장어","1120328","붕장어포","","2024","붕장어 냉동(살) 절단,토막당 20g내외/1kg"
"수산물","어류","붕장어","1120329","붕장어포","","2023/2024","붕장어 냉동(살) 절단중국산,20g"
"수산물","어류","붕장어","1120330","붕장어포","","2023년","붕장어 냉동(살)/1kg"
"수산물","어류","붕장어","1120331","붕장어","","2023년","붕장어 냉동(살) 절단중국산"
"수산물","어류","붕장어","1120332","붕장어포","","2023년","붕장어 냉동(살) 절단,토막당 40g내외/1kg"
"수산물","어류","붕장어","1120333","붕장어","","2023년","붕장어 냉동(살) 절단"
"수산물","어류","삼치","1120334","삼치","","2024년","삼치 냉동(손질) 절단,뼈포함 20g"
"수산물","어류","삼치","1120335","삼치","","2023년","삼치(손질)(뼈포함) 국내산 절단 40g"
"수산물","어류","삼치","1120336","삼치조림(국내산)(뼈있음)","","2023년","삼치 냉동(손질) 절단"
"수산물","어류","삼치","1120337","삼치","","별도표기","삼치 냉동(손질) 절단/조림용/뼈있음"
"수산물","어류","삼치","1120338","삼치","","2023년","삼치 냉동(손질) 절단"
"수산물","어류","삼치","1120339","삼치절단","","2023/2024","삼치 냉동(손질) 절단,20g"
"수산물","어류","삼치","1120340","삼치절단","","2023년","삼치 냉동(손질) 절단/뼈 있음/조림용"
"수산물","어류","삼치","1120341","삼치냉동(손질)절단","","2023년","삼치 냉동(손질) 절단"
"수산물","어류","삼치","1120342","삼치살(99%가시제거)","","2023년","삼치순살(뼈제거 99%),토막당 20g내외/1kg"
"수산물","어류","삼치","1120343","삼치","","2024년","삼치 냉동(포) 절단 20g"
"수산물","어류","삼치","1120344","삼치","","2023년","삼치(포) 국내산 절단 40g "
"수산물","어류","삼치","1120345","삼치포","","2023년","삼치 냉동(포) 절단 500~700g"
"수산물","어류","삼치","1120346","삼치","","별도표기","삼치 냉동(포) 절단 500~700g/가운데 뼈제거, 잔가시 일부있음"
"수산물","어류","삼치","1120347","삼치","","2023년","삼치 냉동(포) 절단 500~700g"
"수산물","어류","삼치","1120348","삼치포","","2023/2024","삼치 냉동(포) 절단 500~700g,20g"
"수산물","어류","삼치","1120349","삼치(살)","","2023년","삼치살/냉동/포/절단500~700g/중앙뼈제거,잔가시있음"
"수산물","어류","삼치","1120350","삼치포절단","","2023년","삼치 냉동(포) 절단 500~700g"
"수산물","어류","삼치","1120351","삼치살(99%가시제거)","","별도표기","삼치순살(뼈제거 99%),토막당 40g내외/1kg"
"수산물","어류","삼치","1120352","삼치살(99%가시제거)","","2023년","삼치순살(뼈제거 99%),토막당 40g내외/1kg"
"수산물","어류","삼치","1120353","삼치살(99%가시제거)","","2023년","삼치순살(뼈제거 99%),토막당 40g내외/1kg"
"수산물","어류","삼치","1120354","삼치살(99%가시제거)","","별도표기","삼치순살(뼈제거 99%),토막당 40g내외/1kg"
"수산물","어류","삼치","1120355","삼치살(99%가시제거)","","2023년","삼치순살(뼈제거 99%),토막당 40g내외/1kg"
"수산물","어류","삼치","1120356","삼치살(99%가시제거)","","2024","삼치순살(뼈제거 99%),토막당 40g내외/1kg"
"수산물","어류","삼치","1120357","삼치살(99%가시제거)","","2023년","삼치순살(뼈제거 99%)/1kg"
"수산물","어류","아귀","1120358","아귀","","2023년","아귀(손질)(뼈포함) 중국산 절단 40g"
"수산물","어류","아귀","1120359","아귀절단(중국산)(뼈있음)","","2023년","아귀 냉동, 절단"
"수산물","어류","아귀","1120360","아귀","","별도표기","아귀 냉동, 절단"
"수산물","어류","아귀","1120361","아귀절단","","2023/2024","아귀 냉동, 절단,20g"
"수산물","어류","아귀","1120362","아귀","","2023년","아귀 냉동, 절단"
"수산물","어류","아귀","1120363","아귀살[절단]","","2023년","아귀 냉동, 절단(살)"
"수산물","어류","아귀","1120364","아귀살","","별도표기","아귀순살(뼈제거 99%),토막당 40g내외/1kg"
"수산물","어류","아귀","1120365","아귀살","","2023년","아귀순살(뼈제거 99%),토막당 40g내외/1kg"
"수산물","어류","아귀","1120366","아귀살","","2023년","아귀순살(뼈제거 99%),토막당 40g내외/1kg"
"수산물","어류","아귀","1120367","아귀살","","별도표기","아귀순살(뼈제거 99%),토막당 40g내외/1kg"
"수산물","어류","아귀","1120368","아귀살","","2023년","아귀순살(뼈제거 99%),토막당 40g내외/1kg"
"수산물","어류","아귀","1120369","아귀살","","2024","아귀순살(뼈제거 99%),토막당 40g내외/1kg"
"수산물","어류","아귀","1120370","아귀살","","2023년","아귀순살(뼈제거 99%)/1kg"
"수산물","어류","연어살","1120371","연어살","","별도표기","연어살 냉동(손질) 강정용, 커틀릿용,토막당 40g내외/칠레산/1kg"
"수산물","어류","연어살","1120372","연어살","","2023년","연어살 냉동(손질) 강정용, 커틀릿용,토막당 40g내외/칠레산/1kg"
"수산물","어류","연어살","1120373","연어순살(강정용,커틀릿)","","2023년","연어살 냉동(손질) 강정용, 커틀릿용,토막당 20g내외/수입산/1kg"
"수산물","어류","연어살","1120374","연어살","","별도표기","연어살 냉동(손질) 강정용, 커틀릿용,토막당 40g내외/칠레산/1kg"
"수산물","어류","연어살","1120375","연어살","","2023년","연어살 냉동(손질) 강정용, 커틀릿용,토막당 40g내외/칠레산/1kg"
"수산물","어류","연어살","1120376","연어살","","2024","연어살 냉동(손질) 강정용, 커틀릿용,토막당 40g내외/칠레산/1kg"
"수산물","어류","연어살","1120377","연어살","","2023년","연어살 냉동(손질) 강정용, 커틀릿용/칠레산/1kg"
"수산물","어류","연어살","1120378","연어살-칠레산","","2023년","연어살 냉동(손질) 강정용, 커틀릿용칠레산"
"수산물","어류","연어살","1120379","연어살-노르웨이산","","2023년","연어살 냉동(손질) 강정용, 커틀릿용노르웨이산"
"수산물","어류","임연수어","1120380","임연수어","","2024년","임연수어 냉동(손질) 절단,뼈포함 20g"
"수산물","어류","임연수어","1120381","임연수어","","2023년","임연수어 냉동(손질) 절단"
"수산물","어류","임연수어","1120382","임연수구이(미국산)(뼈있음)","","2023년","임연수어 냉동(손질) 절단"
"수산물","어류","임연수어","1120383","임연수어","","별도표기","임연수어 냉동(손질) 절단/뼈있음"
"수산물","어류","임연수어","1120384","임연수어","","2023년","임연수어 냉동(손질) 절단"
"수산물","어류","임연수어","1120385","임연수절단","","2023/2024","임연수어 냉동(손질) 절단,20g"
"수산물","어류","임연수어","1120386","임연수어(절단)","","2023년","임연수어 냉동(손질) 절단"
"수산물","어류","임연수어","1120387","임연수어냉동(손질)절단","","2023년","임연수어 냉동(손질) 절단"
"수산물","어류","임연수어","1120388","임연수살(99%가시제거)","","2024년","임연수어순살(뼈제거 99%)/수입산/1kg"
"수산물","어류","임연수어","1120389","임연수어","","2024년","임연수어 냉동(포) 절단 20g"
"수산물","어류","임연수어","1120390","임연수어","","2023년","임연수어 냉동(포) 절단"
"수산물","어류","임연수어","1120391","임연수포(미국산)","","2023년","임연수어 냉동(포) 절단"
"수산물","어류","임연수어","1120392","임연수어","","별도표기","임연수어 냉동(포) 절단/가운데 뼈제거, 잔가시 일부있음"
"수산물","어류","임연수어","1120393","임연수어","","2023년","임연수어 냉동(포) 절단"
"수산물","어류","임연수어","1120394","임연수포","","2023/2024","임연수어 냉동(포) 절단,20g"
"수산물","어류","임연수어","1120395","임연수어(포)","","2023년","임연수어 냉동(포) 절단"
"수산물","어류","임연수어","1120396","임연수어냉동(포)절단","","2023년","임연수어 냉동(포) 절단"
"수산물","어류","임연수어","1120397","임연수어","","2024년","임연수어순살(뼈제거 99%) 20g"
"수산물","어류","임연수어","1120398","임연수어","","2023년","임연수어순살(뼈제거 99%)"
"수산물","어류","임연수어","1120399","임연수살(99%가시제거)","","2023년","임연수어순살(뼈제거 99%)/수입산/1kg"
"수산물","어류","임연수어","1120400","임연수어","","별도표기","임연수어순살(뼈제거 99%)"
"수산물","어류","임연수어","1120401","임연수어","","2023년","임연수어순살(뼈제거 99%)"
"수산물","어류","임연수어","1120402","임연수살(99%가시제거)","","2024","임연수어순살(뼈제거 99%),토막당 40g내외/수입산/1kg"
"수산물","어류","임연수어","1120403","임연수살(99%가시제거)","","2023년","임연수어순살(뼈제거 99%)/수입산/1kg"
"수산물","어류","조기","1120404","조기포","","2023년","조기 냉동(포) 40g/수입산/1kg"
"수산물","어류","조기","1120405","조기","","2024년","조기 냉동(포) 30~35g"
"수산물","어류","조기","1120406","조기포","","2023년","조기 냉동(포) 40g/수입산/1kg"
"수산물","어류","조기","1120407","조기포","","2023년","조기 냉동(포) 40g/수입산/1kg"
"수산물","어류","조기","1120408","조기","","별도표기","조기 냉동(포) 30~35g"
"수산물","어류","조기","1120409","조기포","","2023년","조기 냉동(포) 40g/수입산/1kg"
"수산물","어류","조기","1120410","조기포","","2024","조기 냉동(포) 30~40g/수입산/1kg"
"수산물","어류","조기","1120411","조기포","","2023년","조기 냉동(포) 30~40g/수입산/1kg"
"수산물","어류","조기","1120412","조기","","2023년","조기(포) 중국산 중국가공 절단 30~40g"
"수산물","어류","조기","1120413","조기포(중국산)","","2023년","조기 냉동(포) 30~40g, 중국가공"
"수산물","어류","조기","1120414","조기","","별도표기","조기 냉동(포) 30~40g, 중국가공"
"수산물","어류","조기","1120415","조기","","2023년","조기 냉동(포) 30~40g, 중국가공"
"수산물","어류","조기","1120416","조기포","","2023/2024","조기 냉동(포) 30~40g, 중국가공"
"수산물","어류","조기","1120417","조기(살/중국산)","","2023년","조기 냉동(포) 30~40g, 중국가공"
"수산물","어류","조기","1120418","조기냉동(포)-중국[30~40g]","","2023년","조기 냉동(포) 30~40g, 중국가공"
"수산물","어류","참조기","1120419","참조기","","2024년","참조기 냉동(두절0손질) 50~60g"
"수산물","어류","참조기","1120420","참조기","","2023년","참조기(두절O/손질) 중국산 50~60g"
"수산물","어류","참조기","1120421","조기(두절)(중국산)","","2023년","참조기 냉동(두절0손질) 50~60g"
"수산물","어류","참조기","1120422","참조기50~60g/두절","","2023/2024","참조기 냉동(두절0손질) 50~60g"
"수산물","어류","참조기","1120423","참조기","","2023년","참조기 냉동(두절0손질) 50~60g"
"수산물","어류","참조기","1120424","참조기","","2024년","참조기 냉동(두절x손질) 50~80g"
"수산물","어류","참조기","1120425","참조기","","2023년","참조기(두절X/손질) 중국산 50~80g"
"수산물","어류","참조기","1120426","조기(손질)(중국산)","","2023년","참조기 냉동(두절x손질) 50~80g"
"수산물","어류","참조기","1120427","참조기50~80g","","2023/2024","참조기 냉동(두절x손질) 50~80g"
"수산물","어류","참조기","1120428","참조기","","2023년","참조기 냉동(두절x손질) 50~80g"
"수산물","어류","참조기","1120429","참조기","","2024년","참조기 냉동(두절x손질) 70~80g"
"수산물","어류","참조기","1120430","참조기","","2023년","참조기(두절X/손질) 국내산 70~80g"
"수산물","어류","참조기","1120431","참조기","","2023년","참조기(두절X/손질) 중국산 70~80g"
"수산물","어류","참조기","1120432","조기(손질)(국내산)","","2023년","참조기 냉동(두절x손질) 70~80g국내산"
"수산물","어류","참조기","1120433","조기(손질)(중국산)","","2023년","참조기 냉동(두절x손질) 70~80g중국산"
"수산물","어류","참조기","1120434","참조기","","별도표기","참조기 냉동(두절x손질) 70~80g"
"수산물","어류","참조기","1120435","참조기70~80g","","2023/2024","참조기 냉동(두절x손질) 70~80g국내산"
"수산물","어류","참조기","1120436","참조기70~80g","","2023/2024","참조기 냉동(두절x손질) 70~80g중국산"
"수산물","어류","참조기","1120437","참조기","","2023년","참조기 냉동(두절x손질) 70~80g국내산"
"수산물","어류","참조기","1120438","참조기","","2023년","참조기 냉동(두절x손질) 70~80g중국산"
"수산물","어류","참치","1120439","참치","","2023년","참치(새치) 냉동(살) 절단"
"수산물","어류","참치","1120440","참치","","2023/2024","참치(새치) 냉동(살) 절단,20g"
"수산물","어류","참치","1120441","참치(흑새치,냉동,살/원양산)","","2023년","참치(새치) 냉동(살) 절단"
"수산물","연체류","갑오징어","1120442","갑오징어냉동기본채","","2023년","갑오징어 냉동 기본채"
"수산물","연체류","갑오징어","1120443","갑오징어냉동몸","","2023년","갑오징어 냉동 몸"
"수산물","연체류","갑오징어","1120444","갑오징어냉동칼집채","","2023년","갑오징어 냉동 칼집채"
"수산물","연체류","갑오징어","1120445","갑오징어","","2024년","갑오징어 냉동 기본채 1*3"
"수산물","연체류","갑오징어","1120446","갑오징어","","2023년","갑오징어 국내산 기본채"
"수산물","연체류","갑오징어","1120447","갑오징어채/국내산","","2022년","갑오징어 기본채"
"수산물","연체류","갑오징어","1120448","갑오징어(칼집)","","2024년","갑오징어 냉동 칼집채 1*3"
"수산물","연체류","갑오징어","1120449","갑오징어","","2023년","갑오징어 국내산 칼집채"
"수산물","연체류","갑오징어","1120450","갑오징어칼집채/국내산","","2022년","갑오징어 칼집채"
"수산물","연체류","낙지","1120451","낙지채","","별도표기","낙지 냉동(손질) 기본채/1kg"
"수산물","연체류","낙지","1120452","낙지(중국산)","","2024년","낙지 냉동(손질) 기본채,중국산"
"수산물","연체류","낙지","1120453","낙지채","","2023년","낙지 냉동(손질) 기본채/1kg"
"수산물","연체류","낙지","1120454","낙지채","","2023년","낙지 냉동(손질) 기본채/수입산/1kg"
"수산물","연체류","낙지","1120455","낙지채","","2023년","낙지 냉동(손질) 기본채/1kg"
"수산물","연체류","낙지","1120456","낙지채","","2023년","낙지 냉동(손질) 기본채/수입산/1kg"
"수산물","연체류","낙지","1120457","낙지채","","별도표기","낙지 냉동(손질) 기본채/1kg"
"수산물","연체류","낙지","1120458","낙지","","별도표기","낙지 냉동(손질) 기본채베트남산"
"수산물","연체류","낙지","1120459","낙지채","","2023년","낙지 냉동(손질) 기본채/1kg"
"수산물","연체류","낙지","1120460","낙지채","","2023년","낙지 냉동(손질) 기본채/수입산/1kg"
"수산물","연체류","낙지","1120461","낙지채","","2024","낙지 냉동(손질) 기본채/1kg"
"수산물","연체류","낙지","1120462","낙지채","","2024","낙지 냉동(손질) 기본채/수입산/1kg"
"수산물","연체류","낙지","1120463","낙지채","","2023년","낙지 냉동(손질) 기본채/1kg"
"수산물","연체류","낙지","1120464","낙지","","2023년","낙지 냉동(손질) 기본채베트남산"
"수산물","연체류","문어","1120465","문어","","2024년","돌문어 생물"
"수산물","연체류","문어","1120466","문어","","2023년","돌문어 생물"
"수산물","연체류","문어","1120467","문어","","2023년","돌문어(자숙) 중국산"
"수산물","연체류","문어","1120468","문어","","별도표기","돌문어 자숙"
"수산물","연체류","문어","1120469","문어","","2023년","돌문어 자숙"
"수산물","연체류","문어","1120470","자숙문어","","2023/2024","돌문어 자숙"
"수산물","연체류","문어","1120471","문어(자숙/수입산)","","2023년","돌문어 자숙"
"수산물","연체류","문어","1120472","돌문어(자숙)-수입","","2023년","돌문어 자숙"
"수산물","연체류","미더덕","1120473","미더덕","","2024년","만디 냉동 해동"
"수산물","연체류","미더덕","1120474","미더덕","","2023년","만디 냉동 해동"
"수산물","연체류","미더덕","1120475","미더덕(만디냉동)","","2023년","만디 냉동 해동"
"수산물","연체류","미더덕","1120476","미더덕","","2024년","참미더덕해동"
"수산물","연체류","미더덕","1120477","미더덕","","2023년","참미더덕해동"
"수산물","연체류","미더덕","1120478","미더덕(냉동)","","2023년","참미더덕해동"
"수산물","연체류","오징어","1120479","오징어(몸통껍질칼집)","","2024년","오징어 선동 (껍질제거), 몸통칼집채 1*3"
"수산물","연체류","오징어","1120480","오징어","","2023년","오징어(껍질제거) 몸통칼집채"
"수산물","연체류","오징어","1120481","오징어(탈피칼집몸채)","","2023년","오징어 선동 (껍질제거), 몸통칼집채"
"수산물","연체류","오징어","1120482","오징어","","별도표기","오징어 선동 (껍질제거), 몸통칼집채"
"수산물","연체류","오징어","1120483","오징어","","2023년","오징어 선동 (껍질제거), 몸통칼집채"
"수산물","연체류","오징어","1120484","오징어몸통탈피칼집채","","2023/2024","오징어 선동 (껍질제거), 몸통칼집채,1*5cm"
"수산물","연체류","오징어","1120485","오징어(몸통,탈피,칼집채)","","2023년","오징어 선동 (껍질제거), 몸통칼집채"
"수산물","연체류","오징어","1120486","오징어[몸솔탈]","","2023년","오징어 선동 (껍질제거), 몸통칼집채"
"수산물","연체류","오징어","1120487","오징어(채)","","별도표기","오징어 선동(껍질유), 기본채, 다리.귀포함/1kg"
"수산물","연체류","오징어","1120488","오징어(채)","","2023년","오징어 선동(껍질유), 기본채, 다리.귀포함/1kg"
"수산물","연체류","오징어","1120489","오징어(채)","","2023년","오징어 선동(껍질유), 기본채, 다리.귀포함/1kg"
"수산물","연체류","오징어","1120490","오징어(채)","","별도표기","오징어 선동(껍질유), 기본채, 다리.귀포함/1kg"
"수산물","연체류","오징어","1120491","오징어(채)","","2023년","오징어 선동(껍질유), 기본채, 다리.귀포함/1kg"
"수산물","연체류","오징어","1120492","오징어(채)","","2024","오징어 선동(껍질유), 기본채, 다리.귀포함/1kg"
"수산물","연체류","오징어","1120493","오징어(채)","","2023년","오징어 선동(껍질유), 기본채, 다리.귀포함/1kg"
"수산물","연체류","오징어","1120494","오징어(채)","","2024년","오징어 선동(껍질유), 기본채, 다리.귀포함/1kg"
"수산물","연체류","오징어","1120495","오징어(몸채)","","별도표기","오징어 선동(껍질유), 몸통채/1kg"
"수산물","연체류","오징어","1120496","오징어(몸채)","","2023년","오징어 선동(껍질유), 몸통채/1kg"
"수산물","연체류","오징어","1120497","오징어(몸채)","","2023년","오징어 선동(껍질유), 몸통채/1kg"
"수산물","연체류","오징어","1120498","오징어(몸채)","","별도표기","오징어 선동(껍질유), 몸통채/1kg"
"수산물","연체류","오징어","1120499","오징어(몸채)","","2023년","오징어 선동(껍질유), 몸통채/1kg"
"수산물","연체류","오징어","1120500","오징어(몸채)","","2024","오징어 선동(껍질유), 몸통채/1kg"
"수산물","연체류","오징어","1120501","오징어(몸채)","","2023년","오징어 선동(껍질유), 몸통채/1kg"
"수산물","연체류","오징어","1120502","오징어(몸채)","","2024년","오징어 선동(껍질유), 몸통채/1kg"
"수산물","연체류","오징어","1120503","오징어(몸통)","","2024년","오징어 선동(껍질유), 몸통사각채 1*3"
"수산물","연체류","오징어","1120504","오징어","","2023년","오징어(껍질유) 몸통사각채"
"수산물","연체류","오징어","1120505","오징어(유피몸채)","","2023년","오징어 선동(껍질유), 몸통사각채"
"수산물","연체류","오징어","1120506","오징어","","별도표기","오징어 선동(껍질유), 몸통사각채"
"수산물","연체류","오징어","1120507","오징어","","2023년","오징어 선동(껍질유), 몸통사각채"
"수산물","연체류","오징어","1120508","오징어몸통채","","2023/2024","오징어 선동(껍질유), 몸통사각채,1*5cm"
"수산물","연체류","오징어","1120509","오징어(몸통채)","","2023년","오징어 선동(껍질유), 몸통사각채"
"수산물","연체류","오징어","1120510","오징어[몸]","","2023년","오징어 선동(껍질유), 몸통사각채"
"수산물","연체류","오징어","1120511","오징어(몸통칼집)","","2024년","오징어 선동(껍질유), 몸통칼집채 1*3"
"수산물","연체류","오징어","1120512","오징어","","2023년","오징어(껍질유) 몸통칼집채"
"수산물","연체류","오징어","1120513","오징어(유피칼집몸채)","","2023년","오징어 선동(껍질유), 몸통칼집채"
"수산물","연체류","오징어","1120514","오징어","","별도표기","오징어 선동(껍질유), 몸통칼집채"
"수산물","연체류","오징어","1120515","오징어","","2023년","오징어 선동(껍질유), 몸통칼집채"
"수산물","연체류","오징어","1120516","오징어몸통칼집채","","2023/2024","오징어 선동(껍질유), 몸통칼집채,1*5cm"
"수산물","연체류","오징어","1120517","오징어(몸통,칼집채)","","2023년","오징어 선동(껍질유), 몸통칼집채"
"수산물","연체류","오징어","1120518","오징어[몸솔]","","2023년","오징어 선동(껍질유), 몸통칼집채"
"수산물","연체류","오징어","1120519","오징어(칼집)","","2024년","오징어 선동(껍질유), 칼집채, 다리.귀포함 1*3"
"수산물","연체류","오징어","1120520","오징어","","2023년","오징어(껍질유) 칼집채/다리.귀포함"
"수산물","연체류","오징어","1120521","오징어(유피칼집채)","","2023년","오징어 선동(껍질유), 칼집채, 다리.귀포함"
"수산물","연체류","오징어","1120522","오징어","","별도표기","오징어 선동(껍질유), 칼집채, 다리.귀포함"
"수산물","연체류","오징어","1120523","오징어","","2023년","오징어 선동(껍질유), 칼집채, 다리.귀포함"
"수산물","연체류","오징어","1120524","오징어칼집채","","2023/2024","오징어 선동(껍질유), 칼집채, 다리.귀포함,1*5cm"
"수산물","연체류","오징어","1120525","오징어(칼집채/다리,귀포함)","","2023년","오징어 선동(껍질유), 칼집채, 다리.귀포함"
"수산물","연체류","오징어","1120526","오징어(할복)","","2024년","오징어 선동(껍질유)할복,다리포함"
"수산물","연체류","오징어","1120527","오징어","","2023년","오징어(껍질유) 할복/다리,귀포함"
"수산물","연체류","오징어","1120528","오징어(유피할복)","","2023년","오징어 선동(껍질유), 할복"
"수산물","연체류","오징어","1120529","오징어","","별도표기","오징어 선동(껍질유), 할복"
"수산물","연체류","오징어","1120530","오징어","","2023년","오징어 선동(껍질유), 할복"
"수산물","연체류","오징어","1120531","오징어할복","","2023/2024","오징어 선동(껍질유), 할복"
"수산물","연체류","오징어","1120532","오징어(할복,다리포함,절단x,펼친것)","","2023년","오징어 선동(껍질유), 할복"
"수산물","연체류","오징어","1120533","오징어[할복]","","2023년","오징어 선동(껍질유), 할복"
"수산물","연체류","오징어","1120534","오징어(채,껍질제거)","","별도표기","오징어 선동(껍질제거), 기본채, 다리.귀포함/1kg"
"수산물","연체류","오징어","1120535","오징어(채,껍질제거)","","2023년","오징어 선동(껍질제거), 기본채, 다리.귀포함/1kg"
"수산물","연체류","오징어","1120536","오징어(채,껍질제거)","","2023년","오징어 선동(껍질제거), 기본채, 다리.귀포함/1kg"
"수산물","연체류","오징어","1120537","오징어(채,껍질제거)","","별도표기","오징어 선동(껍질제거), 기본채, 다리.귀포함/1kg"
"수산물","연체류","오징어","1120538","오징어(채,껍질제거)","","2023년","오징어 선동(껍질제거), 기본채, 다리.귀포함/1kg"
"수산물","연체류","오징어","1120539","오징어(채,껍질제거)","","2024","오징어 선동(껍질제거), 기본채, 다리.귀포함/1kg"
"수산물","연체류","오징어","1120540","오징어(채,껍질제거)","","2023년","오징어 선동(껍질제거), 기본채, 다리.귀포함/1kg"
"수산물","연체류","오징어","1120541","오징어(채,껍질제거)","","2024년","오징어 선동(껍질제거), 기본채, 다리.귀포함/1kg"
"수산물","연체류","오징어","1120542","오징어(몸채,껍질제거)","","별도표기","오징어 선동(껍질제거), 몸통채/1kg"
"수산물","연체류","오징어","1120543","오징어(몸채,껍질제거)","","2023년","오징어 선동(껍질제거), 몸통채/1kg"
"수산물","연체류","오징어","1120544","오징어(몸채,껍질제거)","","2023년","오징어 선동(껍질제거), 몸통채/1kg"
"수산물","연체류","오징어","1120545","오징어(몸채,껍질제거)","","별도표기","오징어 선동(껍질제거), 몸통채/1kg"
"수산물","연체류","오징어","1120546","오징어(몸채,껍질제거)","","2023년","오징어 선동(껍질제거), 몸통채/1kg"
"수산물","연체류","오징어","1120547","오징어(몸채,껍질제거)","","2024","오징어 선동(껍질제거), 몸통채/1kg"
"수산물","연체류","오징어","1120548","오징어(몸채,껍질제거)","","2023년","오징어 선동(껍질제거), 몸통채/1kg"
"수산물","연체류","오징어","1120549","오징어(몸채,껍질제거)","","2024년","오징어 선동(껍질제거), 몸통채/1kg"
"수산물","연체류","오징어","1120550","오징어(몸통껍질제거)","","2024년","오징어 선동(껍질제거), 몸통사각채 1*3"
"수산물","연체류","오징어","1120551","오징어","","2023년","오징어(껍질제거) 몸통사각채"
"수산물","연체류","오징어","1120552","오징어(탈피몸채)","","2023년","오징어 선동(껍질제거), 몸통사각채"
"수산물","연체류","오징어","1120553","오징어","","별도표기","오징어 선동(껍질제거), 몸통사각채"
"수산물","연체류","오징어","1120554","오징어","","2023년","오징어 선동(껍질제거), 몸통사각채"
"수산물","연체류","오징어","1120555","오징어몸통탈피채","","2023/2024","오징어 선동(껍질제거), 몸통사각채,1*5cm"
"수산물","연체류","오징어","1120556","오징어(탈피,몸통채)","","2023년","오징어 선동(껍질제거), 몸통사각채"
"수산물","젓갈류","새우젓","1120618","젓갈(새우젓)","신안새우젓","2023년","새우젓 추젓/500g"
"수산물","연체류","오징어","1120557","오징어[탈몸]","","2023년","오징어 선동(껍질제거), 몸통사각채"
"수산물","연체류","오징어","1120558","오징어(할복,껍질제거)","","2024년","오징어 선동(껍질제거)할복,다리포함"
"수산물","연체류","오징어","1120559","오징어","","2023년","오징어(껍질제거) 할복/다리,귀포함"
"수산물","연체류","오징어","1120560","오징어(탈피할복)","","2023년","오징어 선동(껍질제거), 할복"
"수산물","연체류","오징어","1120561","오징어","","별도표기","오징어 선동(껍질제거), 할복"
"수산물","연체류","오징어","1120562","오징어","","2023년","오징어 선동(껍질제거), 할복"
"수산물","연체류","오징어","1120563","오징어탈피할복","","2023/2024","오징어 선동(껍질제거), 할복"
"수산물","연체류","오징어","1120564","오징어(할복,탈피,다리포함,절단x,펼친것)","","2023년","오징어 선동(껍질제거), 할복"
"수산물","연체류","오징어","1120565","오징어[탈할복]","","2023년","오징어 선동(껍질제거), 할복"
"수산물","연체류","오징어","1120566","오징어(다리)","","2024년","오징어 선동, 다리 기본채 "
"수산물","연체류","오징어","1120567","오징어","","2023년","오징어(다리) 기본채/몸 미포함"
"수산물","연체류","오징어","1120568","오징어(유피다리채)","","2023년","오징어 선동, 다리 기본채"
"수산물","연체류","오징어","1120569","오징어","","별도표기","오징어 선동, 다리만 기본채"
"수산물","연체류","오징어","1120570","오징어","","2023년","오징어 선동, 다리 기본채"
"수산물","연체류","오징어","1120571","오징어다리채","","2023/2024","오징어 선동, 다리 기본채,1*5cm"
"수산물","연체류","오징어","1120572","오징어(다리채,몸제외)","","2023년","오징어 선동, 다리 기본채"
"수산물","연체류","오징어","1120573","오징어(다짐)","","2024년","오징어 선동, 다짐, 다리.귀포함 0.5*0.5"
"수산물","연체류","오징어","1120574","오징어","","2023년","오징어 다짐/다리.귀포함"
"수산물","연체류","오징어","1120575","오징어(유피쵸핑)","","2023년","오징어 선동, 다짐, 다리.귀포함"
"수산물","연체류","오징어","1120576","오징어","","별도표기","오징어 선동, 다짐, 다리.귀포함"
"수산물","연체류","오징어","1120577","오징어","","2023년","오징어 선동, 다짐, 다리.귀포함"
"수산물","연체류","오징어","1120578","오징어다짐","","2023/2024","오징어 선동, 다짐, 다리.귀포함"
"수산물","연체류","오징어","1120579","오징어(다짐1*1cm절단)","","2023년","오징어 선동, 다짐, 다리.귀포함"
"수산물","연체류","오징어","1120580","오징어[쵸핑]","","2023년","오징어 선동, 다짐, 다리.귀포함"
"수산물","연체류","오징어","1120581","오징어[탈몸]","","2023년","오징어몸(껍질무)"
"수산물","연체류","오징어","1120582","오징어[몸]","","2023년","오징어몸(껍질유)"
"수산물","연체류","오징어","1120583","오징어[쵸핑]","","2023년","오징어쵸핑"
"수산물","연체류","쭈꾸미","1120584","주꾸미(국내산)","","별도표기","주꾸미 냉동(손질) , 기본채/1kg"
"수산물","연체류","쭈꾸미","1120585","주꾸미(베트남산)","","별도표기","주꾸미 냉동(손질), 기본채/수입산/1kg"
"수산물","연체류","쭈꾸미","1120586","주꾸미(국내산)","","2023년","주꾸미 냉동(손질) 냉동, 기본채/1kg"
"수산물","연체류","쭈꾸미","1120587","주꾸미(베트남산)","","2024년","주꾸미 냉동(손질) 냉동, 기본채/수입산/1kg"
"수산물","연체류","쭈꾸미","1120588","주꾸미(국내산)","","2023년","주꾸미 냉동(손질) 냉동, 기본채/1kg"
"수산물","연체류","쭈꾸미","1120589","주꾸미(베트남산)","","2023년","주꾸미 냉동(손질) 냉동, 기본채/수입산/1kg"
"수산물","연체류","쭈꾸미","1120590","주꾸미(국내산)","","별도표기","주꾸미 냉동(손질) 냉동, 기본채/1kg"
"수산물","연체류","쭈꾸미","1120591","주꾸미(베트남산)","","별도표기","주꾸미 냉동(손질) 냉동, 기본채/수입산/1kg"
"수산물","연체류","쭈꾸미","1120592","주꾸미(국내산)","","2023년","주꾸미 냉동(손질) 냉동, 기본채/1kg"
"수산물","연체류","쭈꾸미","1120593","주꾸미(베트남산)","","2023년","주꾸미 냉동(손질) 냉동, 기본채/수입산/1kg"
"수산물","연체류","쭈꾸미","1120594","주꾸미(국내산)","","2024","주꾸미 냉동(손질) 냉동, 기본채/1kg"
"수산물","연체류","쭈꾸미","1120595","주꾸미(베트남산)","","2024","주꾸미 냉동(손질) 냉동, 기본채/수입산/1kg"
"수산물","연체류","쭈꾸미","1120596","주꾸미(국내산)","","2023년","주꾸미 냉동(손질) 냉동, 기본채/1kg"
"수산물","연체류","쭈꾸미","1120597","주꾸미(베트남산)","","2023년","주꾸미 냉동(손질) 냉동, 기본채/수입산/1kg"
"수산물","연체류","해파리","1120598","해파리","","2024년","해파리 해파리채"
"수산물","연체류","해파리","1120599","해파리","","2023년","해파리채 태국산"
"수산물","연체류","해파리","1120600","해파리","","2023년","해파리채 중국산"
"수산물","연체류","해파리","1120601","해파리","","별도표기","해파리 해파리채"
"수산물","연체류","해파리","1120602","해파리","","2023년","해파리 해파리채태국산"
"수산물","연체류","해파리","1120603","해파리","","2023년","해파리 해파리채중국산"
"수산물","연체류","해파리","1120604","해파리,염장","","2023/2024","해파리 해파리채"
"수산물","연체류","해파리","1120605","해파리(염장/태국산)","","2023년","해파리 해파리채태국산"
"수산물","연체류","해파리","1120606","해파리","","2023년","해파리 해파리채중국산"
"수산물","젓갈류","새우젓","1120607","젓갈(새우젓)","","2023년","새우젓 육젓/500g"
"수산물","젓갈류","새우젓","1120608","젓갈(새우젓)","","별도표기","새우젓 육젓/500g"
"수산물","젓갈류","새우젓","1120609","젓갈(새우젓)","","2023년","새우젓 육젓/500g"
"수산물","젓갈류","새우젓","1120610","젓갈(새우젓)","신안새우젓","2023년","새우젓 육젓/500g"
"수산물","젓갈류","새우젓","1120611","젓갈(새우젓)","","별도표기","새우젓 육젓/500g"
"수산물","젓갈류","새우젓","1120612","젓갈(새우젓)","","2023년","새우젓 육젓/500g"
"수산물","젓갈류","새우젓","1120613","젓갈(새우젓)","","2024","새우젓 육젓/500g"
"수산물","젓갈류","새우젓","1120614","젓갈(새우젓)","","2024년","새우젓 육젓/500g"
"수산물","젓갈류","새우젓","1120615","젓갈(새우젓)","","2023년","새우젓 추젓/500g"
"수산물","젓갈류","새우젓","1120616","젓갈(새우젓)","","별도표기","새우젓 추젓/500g"
"수산물","젓갈류","새우젓","1120617","젓갈(새우젓)","","2023년","새우젓 추젓/500g"
"수산물","젓갈류","새우젓","1120619","젓갈(새우젓)","","별도표기","새우젓 추젓/500g"
"수산물","젓갈류","새우젓","1120620","젓갈(새우젓)","","2023년","새우젓 추젓/500g"
"수산물","젓갈류","새우젓","1120621","젓갈(새우젓)","","2024","새우젓 추젓/500g"
"수산물","젓갈류","새우젓","1120622","젓갈(새우젓)","","2024년","새우젓 추젓/500g"
"수산물","젓갈류","오징어젓","1120623","젓갈(오징어젓)","","별도표기","오징어 젓(오징어젓,양념) 오징어젓/500g"
"수산물","젓갈류","오징어젓","1120624","젓갈(오징어젓)","","2023년","오징어 젓(오징어젓,양념) 오징어젓/500g"
"수산물","젓갈류","오징어젓","1120625","오징어젓","","2023년","오징어 젓(오징어젓,양념) 오징어젓"
"수산물","젓갈류","오징어젓","1120626","젓갈(오징어젓)","","2024","오징어 젓(오징어젓,양념) 오징어젓/500g"
"수산물","젓갈류","오징어젓","1120627","젓갈(오징어젓)","","2023년","오징어 젓(오징어젓,양념) 오징어젓/500g"
"수산물","젓갈류","오징어젓","1120628","젓갈(오징어젓)","","2023년","오징어 젓(오징어젓,양념) 오징어젓/500g"
"수산물","패류","굴","1120629","굴","","2024년","굴 생것(참굴,양식산) 생굴, 깐것"
"수산물","패류","굴","1120630","굴(깐것,냉동)","","2023년","굴 생것(참굴,양식산) 생굴, 깐것"
"수산물","패류","꼬막","1120631","꼬막","","2024년","새꼬막(겉꼬막)"
"수산물","패류","꼬막","1120632","꼬막","","2023/2024","새꼬막(겉꼬막)"
"수산물","패류","논우렁이","1120633","논우렁이","","별도표기","논우렁이 냉동(살)/1kg"
"수산물","패류","논우렁이","1120634","논우렁이","","2023년","논우렁이 냉동(살)/1kg"
"수산물","패류","논우렁이","1120635","논우렁이","","2023년","논우렁이 냉동(살)/1kg"
"수산물","패류","논우렁이","1120636","논우렁이","","별도표기","논우렁이 냉동(살)"
"수산물","패류","논우렁이","1120637","논우렁이","","2023년","논우렁이 냉동(살)/1kg"
"수산물","패류","논우렁이","1120638","논우렁이","","2024","논우렁이 냉동(살)/1kg"
"수산물","패류","논우렁이","1120639","논우렁이","","2023년","논우렁이 냉동(살)/1kg"
"수산물","패류","논우렁이","1120640","논우렁이","","2023년","논우렁이 냉동(살)/1kg"
"수산물","패류","논우렁이","1120641","논우렁이","","2024년","논우렁이 해동(살)"
"수산물","패류","논우렁이","1120642","논우렁이","","2023년","논우렁이 해동(살)"
"수산물","패류","논우렁이","1120643","논우렁이","","2023년","논우렁이 해동(살)"
"수산물","패류","대합","1120644","대합살(냉동)","","2023년","대합 냉동(살)"
"수산물","패류","대합","1120645","대합","","2024년","대합 냉동(살)해동"
"수산물","패류","대합","1120646","대합(살/냉동)","","2023년","대합 냉동(살)해동"
"수산물","패류","대합","1120647","대합","","2024년","대합(살) 냉장"
"수산물","패류","모시조개","1120648","모시조개","","2024년","흑모시조개 생물"
"수산물","패류","바지락","1120649","바지락살(냉동)","","2024년","바지락 냉동(살)/500g"
"수산물","패류","바지락","1120650","바지락","","2024년","바지락 생것(살)"
"수산물","패류","바지락","1120651","바지락(살/냉동)","","2023년","바지락살(냉동)"
"수산물","패류","바지락","1120652","바지락","","2024년","바지락 생것(양식산) 겉바지락"
"수산물","패류","전복","1120653","전복","","2024년","전복 냉동(살) 12미/650g"
"수산물","패류","전복","1120654","전복살(냉동)","","2023년","전복 냉동(살) 12미/650g/수입산/1kg."
"수산물","패류","전복","1120655","전복살(냉동)","","2023년","전복 냉동(살) 12미/650g/수입산/1kg."
"수산물","패류","전복","1120656","전복살(냉동)","","2023/2024","전복 냉동(살) 12미/650g/수입산/1kg."
"수산물","패류","전복","1120657","전복살(냉동)","","2023년","전복 냉동(살) 12미/650g/수입산/1kg."
"수산물","패류","전복","1120658","전복살(냉동)","","2023년","전복 냉동(살) 12미/650g/수입산/1kg//"
"수산물","패류","전복","1120659","전복","","2024년","전복 생물(11~12미/001)"
"수산물","패류","전복","1120660","전복","","2023년","전복 생물(11~12미/001)"
"수산물","패류","전복","1120661","전복","","2024년","전복 생물(13~14미/001)"
"수산물","패류","전복","1120662","전복","","2024년","전복 생물(15~16미/001)"
"수산물","패류","전복","1120663","전복","","2024년","전복 생물(9~10미/001)"
"수산물","패류","전복","1120664","전복살-국내산","","2023년","전복살(냉동)"
"수산물","패류","홍합","1120665","홍합","","2024년","겉홍합 생물"
"수산물","패류","홍합","1120666","자숙홍합살(냉동)","","2023년","자숙홍합살(냉동)"
"수산물","패류","홍합","1120667","홍합","","2024년","홍합(살) 생물"
"수산물","패류","홍합","1120668","홍합(살/냉동)","","2023년","홍합(살) 냉동"
"수산물","해조류","다시마","1120669","다시마(쌈다시마)","","2024년","쌈다시마(벌크)"
"수산물","해조류","다시마","1120670","다시마","","2023년","쌈다시마(벌크) 국내산"
"수산물","해조류","다시마","1120671","다시마","","별도표기","쌈다시마(벌크)"
"수산물","해조류","다시마","1120672","다시마","","2023년","쌈다시마(벌크)"
"수산물","해조류","다시마","1120673","다시마(쌈다시마)","","2023년","쌈다시마(벌크)"
"수산물","해조류","다시마","1120674","쌈다시마(벌크)","","2023년","쌈다시마(벌크)"
"수산물","해조류","생미역","1120675","생미역","","2024년","물미역 생물(양식산)"
"수산물","해조류","파래","1120676","파래","","2024년","물파래"
"수산물","해조류","파래","1120677","파래","","별도표기","물파래"
"축산물","가금류","닭고기","1120678","닭고기","","2023년","닭고기 가슴살(껍질무)4"
"축산물","가금류","닭고기","1120679","닭고기","","2023년","닭고기 가슴살(껍질무)7"
"축산물","가금류","닭고기","1120680","닭고기","","2023년","닭고기 가슴살(껍질무)8"
"축산물","가금류","닭고기","1120681","닭고기","","2023년","닭고기 가슴살(껍질무)3"
"축산물","가금류","닭고기","1120682","닭고기","","2023년","닭고기 가슴살(껍질무)2"
"축산물","가금류","닭고기","1120683","닭고기","","2023년","닭고기 가슴살(껍질무)5"
"축산물","가금류","닭고기","1120684","닭고기","","2023년","닭고기 가슴살(껍질무)9"
"축산물","가금류","닭고기","1120685","닭고기","","2023년","닭고기 가슴살(껍질무)1"
"축산물","가금류","닭고기","1120686","닭고기","","2023년","닭고기 가슴살(껍질무)"
"축산물","가금류","닭고기","1120687","닭고기","","2023년","닭고기 가슴살(껍질무)6"
"축산물","가금류","닭고기","1120688","닭고기/통닭1/2각(껍질무)/하림","자연실록 ","해당년도 ","닭고기/무항생제/통닭1/2각(껍질무)/뼈있음/다용도/반각500g×2쪽/1kg"
"축산물","가금류","닭고기","1120689","닭고기/통닭1/2각(껍질유)/하림","자연실록 ","해당년도 ","닭고기/무항생제/통닭1/2각(껍질유)/뼈있음/다용도/반각500g×2쪽/1kg"
"축산물","가금류","닭고기","1120690","닭고기/가슴살(껍질무)/하림","자연실록 ","해당년도 ","닭고기/무항생제/가슴살(껍질무)/뼈없음/치킨까스(커틀렛용, 약45g)/1kg"
"축산물","가금류","닭고기","1120691","닭고기/가슴살(껍질무)/하림","자연실록 ","해당년도 ","닭고기/무항생제/가슴살(껍질무)/뼈없음/다용도/덩어리(130g~150g)/1kg"
"축산물","가금류","닭고기","1120692","닭고기/가슴살(껍질무)/하림","자연실록 ","해당년도 ","닭고기/무항생제/가슴살(껍질무)/뼈없음/순살슬라이스(불고기용)/가로2~3cm세로6~8cm두께2~3mm/1kg"
"축산물","가금류","닭고기","1120693","닭고기/가슴살(껍질무)/올품","주식회사 올품","2024년","닭고기/무항생제//뼈없음/가슴살(껍질무) 1kg"
"축산물","가금류","닭고기","1120694","닭고기(가슴살)/올품","주식회사 올품","2024년","가슴살/1kg/무항생제/껍질무/볶음밥용(1㎝×1㎝)"
"축산물","가금류","닭고기","1120695","닭고기/가슴살(껍질무)/한강식품","자연품은","2024년","닭고기/무항생제/가슴살(껍질무)/뼈없음/다용도/15g썰기/1kg/"
"축산물","가금류","닭고기","1120696","닭고기/가슴살(껍질무)/한강식품","자연품은","2024년","닭고기/무항생제/가슴살(껍질무)/뼈없음/다용도/15g썰기/500g/"
"축산물","가금류","닭고기","1120697","닭고기/가슴살(껍질무)/한국육계유통","체리부로","2024년","닭고기/무항생제/가슴살(껍질무)/뼈없음/찜,불고기,후라이드,치킨,육개장등/통,120g~140g/1kg"
"축산물","가금류","닭고기","1120698","닭고기/가슴살(껍질무)/한국육계유통","체리부로","2024년","닭고기/무항생제/가슴살(껍질무)/뼈없음/찜,불고기,후라이드,치킨,육개장등/1㎝×1㎝(10g)/1kg"
"축산물","가금류","닭고기","1120699","닭고기/가슴살(껍질무)/마니커","닭터의자연","2024년","닭고기/무항생제/가슴살(껍질무)/뼈없음/3㎝×3㎝깍뚝(15g)/진공포장/1kg"
"축산물","가금류","닭고기","1120700","닭고기/가슴살(껍질무)/마니커","닭터의자연","2024년","닭고기/무항생제/가슴살(껍질무)/뼈없음/3㎝×3㎝깍뚝(15g)/진공포장/500g"
"축산물","가금류","닭고기","1120701","닭고기","","0","47"
"축산물","가금류","닭고기","1120702","닭고기/가슴살(껍질무)/하림","자연실록","해당년도 ","닭고기/무항생제/가슴살(껍질무)/뼈없음/다용도/약2cm깍둑(15g)/1kg"
"축산물","가금류","닭고기","1120703","닭고기","","0","59"
"축산물","가금류","닭고기","1120704","닭고기","","0","15"
"축산물","가금류","닭고기","1120705","닭고기/가슴살(껍질무)/한국육계유통","체리부로","2024년","닭고기/무항생제/가슴살(껍질무)/뼈없음/찜,불고기,후라이드,치킨,육개장등/2㎝×2㎝(15g)/1kg"
"축산물","가금류","닭고기","1120706","닭고기/가슴살(껍질무)/한국육계유통","체리부로","2024년","닭고기/무항생제/가슴살(껍질무)/뼈없음/찜,불고기,후라이드,치킨,육개장등/3㎝×3㎝(20g~25g)/1kg"
"축산물","가금류","닭고기","1120707","닭고기","","0","12"
"축산물","가금류","닭고기","1120708","닭고기","","0","10="
"축산물","가금류","닭고기","1120709","닭고기","","0","021"
"축산물","가금류","닭고기","1120710","닭고기","","0","41"
"축산물","가금류","닭고기","1120711","닭고기","","0","022"
"축산물","가금류","닭고기","1120712","닭고기/가슴살(껍질무)/올품","주식회사 올품","2024년","닭고기/무항생제/뼈없음/가슴살10g(2X2) 1kg"
"축산물","가금류","닭고기","1120713","닭고기/가슴살(껍질무)/한강식품","자연품은","2024년","닭고기/무항생제/가슴살(껍질무)/뼈없음/다용도/통/1kg/"
"축산물","가금류","닭고기","1120714","닭고기/가슴살(껍질무)/한국육계유통","체리부로","2024년","닭고기/무항생제/가슴살(껍질무)/뼈없음/구이,볶음용,육수용/1㎝×5㎝/1kg"
"축산물","가금류","닭고기","1120715","닭고기","","0","30"
"축산물","가금류","닭고기","1120716","닭고기","","0","1"
"축산물","가금류","닭고기","1120717","닭고기","","0","023"
"축산물","가금류","닭고기","1120718","닭고기","","0","==8"
"축산물","가금류","닭고기","1120719","닭고기","","0","==6"
"축산물","가금류","닭고기","1120720","닭고기(가슴살)/올품","주식회사 올품","2024년","가슴살/1kg/무항생제/껍질무/15g조각제품(조각당15g±3g)"
"축산물","가금류","닭고기","1120721","닭고기/가슴살(껍질무)/한강식품","자연품은","2024년","닭고기/무항생제/가슴살(껍질무)/뼈없음/다용도/통/500g/"
"축산물","가금류","닭고기","1120722","닭고기/가슴살(껍질무)/한국육계유통","체리부로","2024년","닭고기/무항생제/가슴살(껍질무)/뼈없음/육수용/2㎝×5㎝/1kg"
"축산물","가금류","닭고기","1120723","닭고기","","0","024"
"축산물","가금류","닭고기","1120724","닭고기/가슴살(껍질무)/하림","자연실록 ","해당년도 ","닭고기/무항생제/가슴살(껍질무)/뼈없음/다용도/약4cm깍둑(30g)/1kg"
"축산물","가금류","닭고기","1120725","닭고기","","0","=5"
"축산물","가금류","닭고기","1120726","닭고기","","0","025"
"축산물","가금류","닭고기","1120727","닭고기","","0","026"
"축산물","가금류","닭고기","1120728","닭고기","","0","052"
"축산물","가금류","닭고기","1120729","닭고기","","0","033"
"축산물","가금류","닭고기","1120730","닭고기","","0","034"
"축산물","가금류","닭고기","1120731","닭고기","","0","==7"
"축산물","가금류","닭고기","1120732","닭고기","","0","13"
"축산물","가금류","닭고기","1120733","닭고기","","0","035"
"축산물","가금류","닭고기","1120734","닭고기","","0","036"
"축산물","가금류","닭고기","1120735","닭고기/가슴살(껍질무)/하림","자연실록 ","해당년도 ","닭고기/무항생제/가슴살(껍질무)/뼈없음/탕수육용/채썰기(1㎝×1㎝×6㎝)/1kg"
"축산물","가금류","닭고기","1120736","닭고기/가슴살(껍질무)/하림","자연실록 ","해당년도 ","닭고기/무항생제/가슴살(껍질무)/뼈없음/볶음밥용/깍둑(1㎝x1㎝)/1kg"
"축산물","가금류","닭고기","1120737","닭고기/절단육(껍질무)/하림","자연실록 ","해당년도 ","닭고기/무항생제/절단육(껍질무)/뼈있음/다용도/30g절단/1kg"
"축산물","가금류","닭고기","1120738","닭고기/절단육(껍질유)/하림","자연실록 ","해당년도 ","닭고기/무항생제/절단육(껍질유)/뼈있음/다용도/50g절단/1kg"
"축산물","가금류","닭고기","1120739","닭고기/봉(윗날개)/하림","자연실록 ","해당년도 ","닭고기/무항생제/봉(윗날개)/뼈있음/다용도/개당 40g~43g 내외/1kg"
"축산물","가금류","닭고기","1120740","닭고기(가슴살)/올품","주식회사 올품","2024년","가슴살/1kg/무항생제/껍질무/20g조각제품(조각당20g±3g)/1kg포장"
"축산물","가금류","닭고기","1120741","닭고기(가슴살)/올품","주식회사 올품","2024년","가슴살/1kg/무항생제/껍질무/30g조각제품(조각당30g±3g)/1kg포장"
"축산물","가금류","닭고기","1120742","닭고기/안심/한강식품","자연품은","2024년","닭고기/무항생제/안심/뼈없음/다용도/15g썰기/1kg/"
"축산물","가금류","닭고기","1120743","닭고기/안심/한강식품","자연품은","2024년","닭고기/무항생제/안심/뼈없음/다용도/15g썰기/500g/"
"축산물","가금류","닭고기","1120744","닭고기/가슴살(껍질무)/한국육계유통","체리부로","2024년","닭고기/무항생제/가슴살(껍질무)/뼈없음/후라이드,치킨,볶음,구이 등/40g 커틀렛/1kg"
"축산물","가금류","닭고기","1120745","닭고기/가슴살(껍질무)/한국육계유통","체리부로","2024년","닭고기/무항생제/가슴살(껍질무)/뼈없음/후라이드,치킨,볶음,구이 등/다짐육(민찌)/1kg"
"축산물","가금류","닭고기","1120746","닭고기","","0","7="
"축산물","가금류","닭고기","1120747","닭고기","","0","==10"
"축산물","가금류","닭고기","1120748","닭고기","","0","9"
"축산물","가금류","닭고기","1120749","닭고기","","0","037"
"축산물","가금류","닭고기","1120750","닭고기","","0","038"
"축산물","가금류","닭고기","1120751","닭고기","","0","43"
"축산물","가금류","닭고기","1120752","닭고기","","0","48"
"축산물","가금류","닭고기","1120753","닭고기","","0","039"
"축산물","가금류","닭고기","1120754","닭고기","","0","040"
"축산물","가금류","닭고기","1120755","닭고기","","0","===1"
"축산물","가금류","닭고기","1120756","닭고기/북채(닭다리)/하림","자연실록 ","해당년도 ","닭고기/무항생제/북채(닭다리)/뼈있음/다용도/개당 100g내외/1kg"
"축산물","가금류","닭고기","1120757","닭고기/안심/하림","자연실록 ","해당년도 ","닭고기/무항생제/안심/뼈없음/다용도/가로절단(약2㎝×4㎝,15g)/1kg"
"축산물","가금류","닭고기","1120758","닭고기/안심/하림","자연실록 ","해당년도 ","닭고기/무항생제/안심/뼈없음/다용도/덩어리(30g내외)/1kg"
"축산물","가금류","닭고기","1120759","닭고기/안심/하림","자연실록 ","해당년도 ","닭고기/무항생제/안심/뼈없음/볶음밥용/깍둑(1㎝x1㎝)/1kg"
"축산물","가금류","닭고기","1120760","닭고기/윙(아랫날개)/하림","자연실록 ","해당년도 ","닭고기/무항생제/윙(아랫날개)/뼈있음/다용도/개당 30g~32g내외/1kg"
"축산물","가금류","닭고기","1120761","닭고기(가슴살)/올품","주식회사 올품","2024년","가슴살/1kg/무항생제/껍질무/40g조각제품(조각당40g±3g)/1kg포장"
"축산물","가금류","닭고기","1120762","닭고기(가슴살)/올품","주식회사 올품","2024년","가슴살/1kg/무항생제/껍질무/탕수육용(1㎝×1㎝×5㎝)"
"축산물","가금류","닭고기","1120763","닭고기/안심/한강식품","자연품은","2024년","닭고기/무항생제/안심/뼈없음/다용도/통/1kg/"
"축산물","가금류","닭고기","1120764","닭고기/안심/한강식품","자연품은","2024년","닭고기/무항생제/안심/뼈없음/다용도/통/500g/"
"축산물","가금류","닭고기","1120765","닭고기/가슴살(껍질유)/한국육계유통","체리부로","2024년","닭고기/무항생제/가슴살(껍질유)/뼈없음/닭찜,후라이드,치킨 등/통,120g~140g/1kg"
"축산물","가금류","닭고기","1120766","닭고기/가슴살(껍질유)/한국육계유통","체리부로","2024년","닭고기/무항생제/가슴살(껍질유)/뼈없음/닭찜,후라이드,치킨 등/1㎝×1㎝(10g)/1kg"
"축산물","가금류","닭고기","1120767","닭고기/가슴살(껍질무)/마니커","닭터의자연","2024년","닭고기/무항생제/가슴살(껍질무)/뼈없음/4㎝×4㎝깍뚝(30g)/진공포장/1kg"
"축산물","가금류","닭고기","1120768","닭고기/가슴살(껍질무)/마니커","닭터의자연","2024년","닭고기/무항생제/가슴살(껍질무)/뼈없음/4㎝×4㎝깍뚝(30g)/진공포장/500g"
"축산물","가금류","닭고기","1120769","닭고기","","0","002"
"축산물","가금류","닭고기","1120770","닭고기/정육(껍질무)/하림","자연실록 ","해당년도 ","닭고기/무항생제/정육(껍질무)/뼈없음/다용도/덩어리(85g내외)/1kg"
"축산물","가금류","닭고기","1120771","닭고기","","0","===7"
"축산물","가금류","닭고기","1120772","닭고기","","0","049"
"축산물","가금류","닭고기","1120773","닭고기","","0","39"
"축산물","가금류","닭고기","1120774","닭고기","","0","050"
"축산물","가금류","닭고기","1120775","닭고기","","0","=12"
"축산물","가금류","닭고기","1120776","닭고기","","0","051"
"축산물","가금류","닭고기","1120777","닭고기","","0","=15"
"축산물","가금류","닭고기","1120778","닭고기","","0","032"
"축산물","가금류","닭고기","1120779","닭고기","","0","15="
"축산물","가금류","닭고기","1120780","닭고기","","0","=6"
"축산물","가금류","닭고기","1120781","닭고기/정육(껍질무)/하림","자연실록 ","해당년도 ","닭고기/무항생제/정육(껍질무)/뼈없음/다용도/깍뚝(약2㎝,15g)/1kg"
"축산물","가금류","닭고기","1120782","닭고기/정육(껍질무)/하림","자연실록 ","해당년도 ","닭고기/무항생제/정육(껍질무)/뼈없음/탕수육용/채썰기(1㎝×1㎝×6㎝)/1kg"
"축산물","가금류","닭고기","1120783","닭고기/정육(껍질무)/하림","자연실록 ","해당년도 ","닭고기/무항생제/정육(껍질무)/뼈없음/다용도/깍뚝(약4㎝,30g)/1kg"
"축산물","가금류","닭고기","1120784","닭고기/정육(껍질무)/하림","자연실록 ","해당년도 ","닭고기/무항생제/정육(껍질무)/뼈없음/볶음밥용/깍둑(1㎝x1㎝)/1kg"
"축산물","가금류","닭고기","1120785","닭고기/정육(껍질유)/하림","자연실록 ","해당년도 ","닭고기/무항생제/정육(껍질유)/뼈없음/다용도/덩어리(95g 내외)/1kg"
"축산물","가금류","닭고기","1120786","닭고기/안심/올품","주식회사 올품","2024년","닭고기/무항생제/뼈없음/안심볶음밥(1X1) 1kg"
"축산물","가금류","닭고기","1120787","닭고기(안심)/올품","주식회사 올품","2024년","안심/1kg/무항생제/카레용(2㎝×2㎝),조각당10g내외/1kg포장"
"축산물","가금류","닭고기","1120788","닭고기/정육(껍질무)/한강식품","자연품은","2024년","닭고기/무항생제/정육(껍질무)/뼈없음/다용도/15g썰기/1kg/"
"축산물","가금류","닭고기","1120789","닭고기/정육(껍질무)/한강식품","자연품은","2024년","닭고기/무항생제/정육(껍질무)/뼈없음/다용도15g썰기/500g/"
"축산물","가금류","닭고기","1120790","닭고기/가슴살(껍질유)/한국육계유통","체리부로","2024년","닭고기/무항생제/가슴살(껍질유)/뼈없음/볶음용,스테이크,샐러드 등/2㎝×2㎝(15g)/1kg"
"축산물","가금류","닭고기","1120791","닭고기/가슴살(껍질유)/한국육계유통","체리부로","2024년","닭고기/무항생제/가슴살(껍질유)/뼈없음/볶음용,스테이크,샐러드 등/3㎝×3㎝(20g~25g)/1kg"
"축산물","가금류","닭고기","1120792","닭고기/가슴살(껍질무)/마니커","닭터의자연","2024년","닭고기/무항생제/가슴살(껍질무)/뼈없음/1㎝×1㎝깍뚝/진공포장/1kg"
"축산물","가금류","닭고기","1120793","닭고기/가슴살(껍질무)/마니커","닭터의자연","2024년","닭고기/무항생제/가슴살(껍질무)/뼈없음/1㎝×1㎝깍뚝/진공포장/500g"
"축산물","가금류","닭고기","1120794","닭고기","","0","20="
"축산물","가금류","닭고기","1120795","닭고기/정육(껍질유)/하림","자연실록 ","해당년도 ","닭고기/무항생제/정육(껍질유)/뼈없음/다용도/깍뚝(약2㎝,15g)/1kg"
"축산물","가금류","닭고기","1120796","닭고기","","0","33"
"축산물","가금류","닭고기","1120797","닭고기","","0","24"
"축산물","가금류","닭고기","1120798","닭고기","","0","35"
"축산물","가금류","닭고기","1120799","닭고기","","0","012"
"축산물","가금류","닭고기","1120800","닭고기(안심)/올품","주식회사 올품","2024년","안심/1kg/무항생제/가로2절단,조각당약15g±3g/1kg포장"
"축산물","가금류","닭고기","1120801","닭고기/가슴살(껍질유)/한국육계유통","체리부로","2024년","닭고기/무항생제/가슴살(껍질유)/뼈없음/구이,볶음용,육수용/1㎝×5㎝/1kg"
"축산물","가금류","닭고기","1120802","닭고기","","0","=7"
"축산물","가금류","닭고기","1120803","닭고기","","0","=1"
"축산물","가금류","닭고기","1120804","닭고기","","0","25"
"축산물","가금류","닭고기","1120805","닭고기","","0","40"
"축산물","가금류","닭고기","1120806","닭고기","","0","013"
"축산물","가금류","닭고기","1120807","닭고기/안심/올품","주식회사 올품","2024년","닭고기/무항생제/뼈없음/안심 1kg"
"축산물","가금류","닭고기","1120808","닭고기/정육(껍질무)/한강식품","자연품은","2024년","닭고기/무항생제/정육(껍질무)/뼈없음/다용도/통/1kg/"
"축산물","가금류","닭고기","1120809","닭고기/가슴살(껍질유)/한국육계유통","체리부로","2024년","닭고기/무항생제/가슴살(껍질유)/뼈없음/육수용/2㎝×5㎝/1kg"
"축산물","가금류","닭고기","1120810","닭고기","","0","014"
"축산물","가금류","닭고기","1120811","닭고기/정육(껍질유)/하림","자연실록 ","해당년도 ","닭고기/무항생제/정육(껍질유)/뼈없음/탕수육용/채썰기(1㎝×1㎝×6㎝)/1kg"
"축산물","가금류","닭고기","1120812","닭고기","","0","3"
"축산물","가금류","닭고기","1120813","닭고기","","0","==9"
"축산물","가금류","닭고기","1120814","닭고기","","0","55"
"축산물","가금류","닭고기","1120815","닭고기","","0","29"
"축산물","가금류","닭고기","1120816","닭고기","","0","42"
"축산물","가금류","닭고기","1120817","닭고기","","0","8="
"축산물","가금류","닭고기","1120818","닭고기","","0","=8"
"축산물","가금류","닭고기","1120819","닭고기","","0","28"
"축산물","가금류","닭고기","1120820","닭고기","","0","004"
"축산물","가금류","닭고기","1120821","닭고기","","0","60"
"축산물","가금류","닭고기","1120822","닭고기/정육(껍질유)/하림","자연실록 ","해당년도 ","닭고기/무항생제/정육(껍질유)/뼈없음/다용도/깍뚝(약4㎝,30g)/1kg"
"축산물","가금류","닭고기","1120823","닭고기/정육(껍질유)/하림","자연실록 ","해당년도 ","닭고기/무항생제/정육(껍질유)/뼈없음/볶음밥용/깍둑(1㎝x1㎝)/1kg"
"축산물","가금류","닭고기","1120824","닭고기/통닭(껍질유)/하림","자연실록 ","해당년도 ","닭고기/무항생제/통닭(껍질유)/뼈있음/다용도/1마리/1kg"
"축산물","가금류","닭고기","1120825","닭고기(통다리(장각))/하림","자연실록 ","해당년도 ","닭고기/무항생제/통다리(장각)/뼈있음/다용도/개당200g~220g내외/1kg"
"축산물","가금류","닭고기","1120826","닭고기","자연실록 ","해당년도 ","닭고기 통닭 1/2각(껍질무)"
"축산물","가금류","닭고기","1120827","닭고기/정육(껍질유)/올품","주식회사 올품","2024년","닭고기/무항생제/뼈없음/정육(유) 1kg"
"축산물","가금류","닭고기","1120828","닭고기/정육(껍질유)/올품","주식회사 올품","2024년","닭고기/무항생제/뼈없음/정육(껍질유)10g(2X2) 1kg"
"축산물","가금류","닭고기","1120829","닭고기/정육(껍질무)/한강식품","자연품은","2024년","닭고기/무항생제/정육(껍질무)/뼈없음/다용도/통/500g/"
"축산물","가금류","닭고기","1120830","닭고기/정육(껍질유)/한강식품","자연품은","2024년","닭고기/무항생제/정육(껍질유)/뼈없음/다용도/15g썰기/1kg/"
"축산물","가금류","닭고기","1120831","닭고기/가슴살(껍질유)/한국육계유통","체리부로","2024년","닭고기/무항생제/가슴살(껍질유)/뼈없음/후라이드,닭찜,볶음,구이 등/40g 커틀렛/1kg"
"축산물","가금류","닭고기","1120832","닭고기/가슴살(껍질유)/한국육계유통","체리부로","2024년","닭고기/무항생제/가슴살(껍질유)/뼈없음/후라이드,닭찜,볶음,구이 등/다짐육(민찌)/1kg"
"축산물","가금류","닭고기","1120833","닭고기","","0","17"
"축산물","가금류","닭고기","1120834","닭고기","","0","56"
"축산물","가금류","닭고기","1120835","닭고기","","0","005"
"축산물","가금류","닭고기","1120836","닭고기","","0","===4"
"축산물","가금류","닭고기","1120837","닭고기","","0","=9"
"축산물","가금류","닭고기","1120838","닭고기","","0","==1"
"축산물","가금류","닭고기","1120839","닭고기","","0","=11"
"축산물","가금류","닭고기","1120840","닭고기","","0","53"
"축산물","가금류","닭고기","1120841","닭고기","","0","44"
"축산물","가금류","닭고기","1120842","닭고기","","0","45"
"축산물","가금류","닭고기","1120843","닭고기","자연실록 ","해당년도 ","닭고기 통닭 1/2각(껍질유)"
"축산물","가금류","닭고기","1120844","닭고기","자연실록 ","해당년도 ","닭고기 가슴살(껍질무)"
"축산물","가금류","닭고기","1120845","닭고기/절단육(껍질무)/하림","자연실록 ","해당년도 ","닭고기/무항생제/절단육(껍질무)/뼈있음/다용도/50g절단/1kg"
"축산물","가금류","닭고기","1120846","닭고기/절단육(껍질유)/하림","자연실록 ","해당년도 ","닭고기/무항생제/절단육(껍질유)/뼈있음/다용도/30g절단/1kg"
"축산물","가금류","닭고기","1120847","닭고기","자연실록 ","해당년도 ","닭고기 봉(윗날개)"
"축산물","가금류","닭고기","1120848","닭고기(정육_다리살)/올품","주식회사 올품","2024년","정육_다리살/1kg/무항생제/껍질유/15g조각제품(조각당15g±3g)/1kg포장"
"축산물","가금류","닭고기","1120849","닭고기(정육_다리살)/올품","주식회사 올품","2024년","정육_다리살/1kg/무항생제/껍질유/20g조각제품(조각당20g±3g)/1kg포장"
"축산물","가금류","닭고기","1120850","닭고기/정육(껍질유)/한강식품","자연품은","2024년","닭고기/무항생제/정육(껍질유)/뼈없음/다용도/15g썰기/500g"
"축산물","가금류","닭고기","1120851","닭고기/정육(껍질유)/한강식품","자연품은","2024년","닭고기/무항생제/정육(껍질유)/뼈없음/다용도/통/1kg/"
"축산물","가금류","닭고기","1120852","닭고기/닭발/한국육계유통","체리부로","2024년","닭고기/닭발/뼈있음/닭찜,볶음탕 등/1kg"
"축산물","가금류","닭고기","1120853","닭고기/닭뼈/한국육계유통","체리부로","2024년","닭고기/닭뼈/육수용/1kg"
"축산물","가금류","닭고기","1120854","닭고기/가슴살(껍질무)/마니커","닭터의자연","2024년","닭고기/무항생제/가슴살(껍질무)/뼈없음/채썰기(1㎝×1㎝×5 내외, 핑거모양)/진공포장/1kg"
"축산물","가금류","닭고기","1120855","닭고기","","0","23"
"축산물","가금류","닭고기","1120856","닭고기","","0","==4"
"축산물","가금류","닭고기","1120857","닭고기","","0","13="
"축산물","가금류","닭고기","1120858","닭고기","","0","006"
"축산물","가금류","닭고기","1120859","닭고기","","0","==2"
"축산물","가금류","닭고기","1120860","닭고기","","0","16"
"축산물","가금류","닭고기","1120861","닭고기","","0","007"
"축산물","가금류","닭고기","1120862","닭고기","","0","=3"
"축산물","가금류","닭고기","1120863","닭고기","","0","7"
"축산물","가금류","닭고기","1120864","닭고기","","0","008"
"축산물","가금류","닭고기","1120865","닭고기","자연실록 ","해당년도 ","닭고기 북채(닭다리)"
"축산물","가금류","닭고기","1120866","닭고기","자연실록 ","해당년도 ","닭고기 안심"
"축산물","가금류","닭고기","1120867","닭고기","자연실록 ","해당년도 ","닭고기 윙(아랫날개)"
"축산물","가금류","닭고기","1120868","(동물복지)닭고기절단육(껍질유)50g/1kg","자연실록 ","해당년도 ","닭고기 절단육(껍질유)50g 동물복지 / 닭찜, 볶음탕, 후라이드, 치킨 등"
"축산물","가금류","닭고기","1120869","닭고기","자연실록 ","해당년도 ","닭고기 정육(껍질유)"
"축산물","가금류","닭고기","1120870","닭고기(정육_다리살)/올품","주식회사 올품","2024년","정육_다리살/1kg/무항생제/껍질유/30g조각제품(조각당30g±3g)/1kg포장"
"축산물","가금류","닭고기","1120871","닭고기(정육_다리살)/올품","주식회사 올품","2024년","정육_다리살/1kg/무항생제/껍질유/40g조각제품(조각당40g±3g)/1kg포장"
"축산물","가금류","닭고기","1120872","닭고기/정육(껍질유)/한강식품","자연품은","2024년","닭고기/무항생제/정육(껍질유)/뼈없음/다용도/통/500g"
"축산물","가금류","닭고기","1120873","닭고기/윙(아랫날개)/한강식품","자연품은","2024년","닭고기/무항생제/윙(아랫날개)/뼈있음/1kg"
"축산물","가금류","닭고기","1120874","닭고기/봉(윗날개)/한국육계유통","체리부로","2024년","닭고기/무항생제/봉(윗날개)/뼈있음/닭찜,볶음탕,후라이드,치킨 등/개당40g/1kg"
"축산물","가금류","닭고기","1120875","닭고기/북채(닭다리)/한국육계유통","체리부로","2024년","닭고기/무항생제/북채(닭다리)/뼈있음/닭찜,볶음탕,후라이드,치킨 등/개당95g~100g/1kg"
"축산물","가금류","닭고기","1120876","닭고기/가슴살(껍질무)/마니커","닭터의자연","2024년","닭고기/무항생제/가슴살(껍질무)/뼈없음/채썰기(1㎝×1㎝×5 내외, 핑거모양)/진공포장/500g"
"축산물","가금류","닭고기","1120877","닭고기","","0","=="
"축산물","가금류","닭고기","1120878","(동물복지)닭고기통닭(껍질유)/1kg","자연실록 ","해당년도 ","닭고기 통닭(껍질유) / 동물복지 / 닭찜, 백숙, 닭죽 등"
"축산물","가금류","닭고기","1120879","닭고기","","0","11="
"축산물","가금류","닭고기","1120880","닭고기","","0","37"
"축산물","가금류","닭고기","1120881","닭고기","","0","001"
"축산물","가금류","닭고기","1120882","닭고기","","0","14"
"축산물","가금류","닭고기","1120883","닭고기","","0","031"
"축산물","가금류","닭고기","1120884","닭고기","","0","26"
"축산물","가금류","닭고기","1120885","닭고기","","0","003"
"축산물","가금류","닭고기","1120886","닭고기","","0","=14"
"축산물","가금류","닭고기","1120887","닭고기","","0","54"
"축산물","가금류","닭고기","1120888","닭고기","","0","19"
"축산물","가금류","닭고기","1120889","닭고기","자연실록 ","해당년도 ","닭고기 통다리(장각)"
"축산물","가금류","닭고기","1120890","닭고기","자연실록 ","해당년도 ","닭고기 통날개 / 후라이드, 볶음, 구이 등 / 무항생제"
"축산물","가금류","닭고기","1120891","닭고기/가슴살(껍질무)/하림","","해당년도 ","닭고기/동물복지/가슴살(껍질무)/뼈없음/덩어리(130g~150g)/1kg"
"축산물","가금류","닭고기","1120892","닭고기/가슴살(껍질무)/하림","","해당년도 ","닭고기/동물복지/가슴살(껍질무)/뼈없음/탕수육용/채썰기(1㎝×1㎝×6㎝)/1kg"
"축산물","가금류","닭고기","1120893","닭고기/가슴살(껍질무)/하림","","해당년도 ","닭고기/동물복지/가슴살(껍질무)/뼈없음/다용도/약2cm깍둑(15g)/1kg"
"축산물","가금류","닭고기","1120894","닭고기/정육(껍질무)/올품","주식회사 올품","2024년","닭고기/무항생제/뼈없음/정육(무) 1kg"
"축산물","가금류","닭고기","1120895","닭고기(정육_다리살)/올품","주식회사 올품","2024년","정육_다리살/1kg/무항생제/껍질무/볶음밥용(1㎝×1㎝)/1kg포장"
"축산물","가금류","닭고기","1120896","닭고기/봉(윗날개)/한강식품","자연품은","2024년","닭고기/무항생제/봉(윗날개)/뼈있음/1kg"
"축산물","가금류","닭고기","1120897","닭고기/북채(닭다리)/한강식품","자연품은","2024년","닭고기/무항생제/북채(닭다리)/뼈있음/1kg"
"축산물","가금류","닭고기","1120898","닭고기/안심/한국육계유통","체리부로","2024년","닭고기/무항생제/안심/뼈없음/후라이드,치킨,닭찜,스테이크,구이 등/30g/1kg"
"축산물","가금류","닭고기","1120899","닭고기/안심/한국육계유통","체리부로","2024년","닭고기/무항생제/안심/뼈없음/후라이드,치킨,닭찜,스테이크,구이 등/15~20g/1kg"
"축산물","가금류","닭고기","1120900","닭고기","","0","041"
"축산물","가금류","오리","1121115","오리/정육슬라이스/주원산오리","주원산오리","2024년","오리/정육슬라이스/뼈없음/1kg"
"축산물","가금류","닭고기","1120901","닭고기/가슴살(껍질무)/하림","","해당년도 ","닭고기/동물복지/가슴살(껍질무)/뼈없음/다용도/약4cm깍둑(30g)/1kg"
"축산물","가금류","닭고기","1120902","닭고기/가슴살(껍질무)/마니커","닭터의자연","2024년","닭고기/무항생제/가슴살(껍질무)/뼈없음/다짐육(민찌)/진공포장/1kg"
"축산물","가금류","닭고기","1120903","닭고기/가슴살(껍질무)/마니커","닭터의자연","2024년","닭고기/무항생제/가슴살(껍질무)/뼈없음/다짐육(민찌)/진공포장/500g"
"축산물","가금류","닭고기","1120904","닭고기","","0","042"
"축산물","가금류","닭고기","1120905","닭고기","","0","043"
"축산물","가금류","닭고기","1120906","닭고기","","0","22"
"축산물","가금류","닭고기","1120907","닭고기","","0","3="
"축산물","가금류","닭고기","1120908","닭고기","","0","===10"
"축산물","가금류","닭고기","1120909","닭고기","","0","==="
"축산물","가금류","닭고기","1120910","닭고기","","0","57"
"축산물","가금류","닭고기","1120911","닭고기","","0","044"
"축산물","가금류","닭고기","1120912","닭고기","","0","045"
"축산물","가금류","닭고기","1120913","닭고기","","0","046"
"축산물","가금류","닭고기","1120914","닭고기/가슴살(껍질무)/하림","","해당년도 ","닭고기/동물복지/가슴살(껍질무)/뼈없음/치킨까스(커틀렛용, 약45g)/1kg"
"축산물","가금류","닭고기","1120915","닭고기/가슴살(껍질무)/하림","","해당년도 ","닭고기/동물복지/가슴살(껍질무)/뼈없음/볶음밥용/깍둑(1㎝x1㎝)/1kg"
"축산물","가금류","닭고기","1120916","닭고기/절단육(껍질유)/하림","","해당년도 ","닭고기/동물복지/절단육(껍질유)/뼈있음/다용도/약30g절단/1kg"
"축산물","가금류","닭고기","1120917","닭고기/북채(닭다리)/하림","","해당년도 ","닭고기/동물복지/북채(닭다리)/뼈있음/다용도/약100g내외/1kg"
"축산물","가금류","닭고기","1120918","닭고기/정육(껍질무)/하림","","해당년도 ","닭고기/동물복지/정육(껍질무)/뼈없음/다용도/덩어리(85g내외)/1kg"
"축산물","가금류","닭고기","1120919","닭고기/정육(껍질무)/올품","주식회사 올품","2024년","닭고기/무항생제/뼈없음/정육(무)10g(2x2) 1kg"
"축산물","가금류","닭고기","1120920","닭고기(정육_다리살)/올품","주식회사 올품","2024년","정육_다리살/1kg/무항생제/껍질무/15g조각제품(조각당15g±3g)/1kg포장"
"축산물","가금류","닭고기","1120921","닭고기/통다리(장각)/한강식품","자연품은","2024년","닭고기/무항생제/통다리(장각)/뼈있음/1kg"
"축산물","가금류","닭고기","1120922","닭고기/절단육(껍질무)/한강식품","자연품은","2024년","닭고기/무항생제/절단육(껍질무)/뼈있음/볶음탕,찜용/30g/1kg"
"축산물","가금류","닭고기","1120923","닭고기/안심/한국육계유통","체리부로","2024년","닭고기/무항생제/안심/뼈없음/후라이드,치킨,닭찜,스테이크,구이 등/10g 3등분/1kg"
"축산물","가금류","닭고기","1120924","닭고기/안심/한국육계유통","체리부로","2024년","닭고기/무항생제/안심/뼈없음/후라이드,치킨,닭찜,스테이크,구이 등/다짐육(민찌)/1kg"
"축산물","가금류","닭고기","1120925","닭고기","","0","===3"
"축산물","가금류","닭고기","1120926","닭고기/정육(껍질무)/하림","","해당년도 ","닭고기/동물복지/정육(껍질무)/뼈없음/다용도/깍뚝(약2㎝,15g)/1kg"
"축산물","가금류","닭고기","1120927","닭고기/가슴살(껍질무)/마니커","닭터의자연","2024년","닭고기/무항생제/가슴살(껍질무)/뼈없음/통(120g 내외)/진공포장/1kg"
"축산물","가금류","닭고기","1120928","닭고기/가슴살(껍질무)/마니커","닭터의자연","2024년","닭고기/무항생제/가슴살(껍질무)/뼈없음/통(120g 내외)/진공포장/500g"
"축산물","가금류","닭고기","1120929","닭고기","","0","=13"
"축산물","가금류","닭고기","1120930","닭고기","","0","38"
"축산물","가금류","닭고기","1120931","닭고기","","0","10"
"축산물","가금류","닭고기","1120932","닭고기","","0","5="
"축산물","가금류","닭고기","1120933","닭고기","","0","009"
"축산물","가금류","닭고기","1120934","닭고기","","0","8"
"축산물","가금류","닭고기","1120935","닭고기","","0","6"
"축산물","가금류","닭고기","1120936","닭고기","","0","=4"
"축산물","가금류","닭고기","1120937","닭고기/정육(껍질무)/하림","","해당년도 ","닭고기/동물복지/정육(껍질무)/뼈없음/탕수육용,다용도/채썰기(1㎝×1㎝×6㎝)/1kg"
"축산물","가금류","닭고기","1120938","닭고기/정육(껍질무)/하림","","해당년도 ","닭고기/동물복지/정육(껍질무)/뼈없음/다용도/깍뚝(약4㎝,30g)/1kg"
"축산물","가금류","닭고기","1120939","닭고기/정육(껍질무)/하림","","해당년도 ","닭고기/동물복지/정육(껍질무)/뼈없음/볶음밥용/깍둑(1㎝x1㎝)/1kg"
"축산물","가금류","닭고기","1120940","닭고기/정육(껍질유)/하림","","해당년도 ","닭고기/동물복지/정육(껍질유)/뼈없음/다용도/덩어리(95g 내외)/1kg"
"축산물","가금류","닭고기","1120941","닭고기/절단육(껍질유)/한강식품","자연품은","2024년","닭고기/무항생제/절단육(껍질유)/뼈있음/볶음탕,찜용/30g/1kg"
"축산물","가금류","닭고기","1120942","닭고기/통닭(껍질무)/한강식품","자연품은","2024년","닭고기/무항생제/통닭(껍질무)/뼈있음/1kg"
"축산물","가금류","닭고기","1120943","닭고기(통닭)/한국육계유통/체리부로","체리부로","2024년","닭고기/영계1/2각(껍질유),삼계탕용/뼈있음/500g"
"축산물","가금류","닭고기","1120944","닭고기/영계1/2각(껍질유),삼계탕용/한국육계유통","체리부로","2024년","닭고기/영계(껍질유),삼계탕용/뼈있음/500g"
"축산물","가금류","닭고기","1120945","닭고기","","0","===0"
"축산물","가금류","닭고기","1120946","닭고기","","0","010"
"축산물","가금류","닭고기","1120947","닭고기","","0","51"
"축산물","가금류","닭고기","1120948","닭고기","","0","18"
"축산물","가금류","닭고기","1120949","닭고기","","0","011"
"축산물","가금류","닭고기","1120950","닭고기","","0","36"
"축산물","가금류","닭고기","1120951","닭고기","","0","==5"
"축산물","가금류","닭고기","1120952","닭고기","","0","58"
"축산물","가금류","닭고기","1120953","닭고기","","0","20"
"축산물","가금류","닭고기","1120954","닭고기","","0","===6"
"축산물","가금류","닭고기","1120955","닭고기/정육(껍질유)/하림","","해당년도 ","닭고기/동물복지/정육(껍질유)/뼈없음/다용도/깍뚝(약2㎝,15g)/1kg"
"축산물","가금류","닭고기","1120956","닭고기/정육(껍질유)/하림","","해당년도 ","닭고기/동물복지/정육(껍질유)/뼈없음/탕수육용/채썰기(1㎝×1㎝×6㎝)/1kg"
"축산물","가금류","닭고기","1120957","닭고기/정육(껍질유)/하림","","해당년도 ","닭고기/동물복지/정육(껍질유)/뼈없음/다용도/깍뚝(약4㎝,30g)/1kg"
"축산물","가금류","닭고기","1120958","닭고기/정육(껍질유)/하림","","해당년도 ","닭고기/동물복지/정육(껍질유)/뼈없음/볶음밥용/깍둑(1㎝x1㎝)/1kg"
"축산물","가금류","닭고기","1120959","닭고기(통다리(장각))/하림","","해당년도 ","닭고기/동물복지/통다리(장각)/다용도/개당200g~220g내외/1kg"
"축산물","가금류","닭고기","1120960","닭고기(정육_다리살)/올품","주식회사 올품","2024년","정육_다리살/1kg/무항생제/껍질무/20g조각제품,조각당20g±3g/1kg포장"
"축산물","가금류","닭고기","1120961","닭고기(정육_다리살)/올품","주식회사 올품","2024년","정육_다리살/1kg/무항생제/껍질무/30g조각제품,조각당30g±3g/1kg포장"
"축산물","가금류","닭고기","1120962","닭고기/통닭(껍질유)/한강식품","자연품은","2024년","닭고기/무항생제/통닭(껍질유)/뼈있음/1kg"
"축산물","가금류","닭고기","1120963","닭고기/통닭1/2각(껍질무)/한강식품","자연품은","2024년","닭고기/무항생제/통닭1/2각(껍질무)/뼈있음/1kg"
"축산물","가금류","닭고기","1120964","닭고기/윙(아랫날개)/한국육계유통","체리부로","2024년","닭고기/무항생제/윙(아랫날개)/뼈있음/닭찜,후라이드,치킨,숯불구이 등/개당25~30g/1kg"
"축산물","가금류","닭고기","1120965","닭고기/절단육(껍질무)/한국육계유통","체리부로","2024년","닭고기/무항생제/절단육(껍질무)/뼈있음/닭찜,후라이드,치킨,숯불구이 등/30g/1kg"
"축산물","가금류","닭고기","1120966","닭고기","","0","015"
"축산물","가금류","닭고기","1120967","닭고기","","해당년도 ","닭고기 통날개 / 후라이드, 볶음, 구이 등 / 일반"
"축산물","가금류","닭고기","1120968","닭고기","","0","016"
"축산물","가금류","닭고기","1120969","닭고기","","0","017"
"축산물","가금류","닭고기","1120970","닭고기","","0","018"
"축산물","가금류","닭고기","1120971","닭고기","","0","21"
"축산물","가금류","닭고기","1120972","닭고기","","0","11"
"축산물","가금류","닭고기","1120973","닭고기","","0","9="
"축산물","가금류","닭고기","1120974","닭고기","","0","46"
"축산물","가금류","닭고기","1120975","닭고기","","0","31"
"축산물","가금류","닭고기","1120976","닭고기","","0","019"
"축산물","가금류","닭고기","1120977","닭고기","","0","020"
"축산물","가금류","닭고기","1120978","(동물복지)닭고기통닭(껍질유)/1kg","동물복지","해당년도 ","닭고기 통닭(껍질유) 동물복지 / 닭찜, 백숙, 닭죽 등"
"축산물","가금류","닭고기","1120979","닭고기","자연실록 ","해당년도 ","닭고기 통날개"
"축산물","가금류","닭고기","1120980","닭고기/안심/하림","","해당년도 ","닭고기/동물복지/안심/뼈없음/다용도/가로절단(약2㎝×4㎝,15g)/1kg"
"축산물","가금류","닭고기","1120981","닭고기/안심/하림","","해당년도 ","닭고기/동물복지/안심/뼈없음/다용도/덩어리(30g내외)/1kg"
"축산물","가금류","닭고기","1120982","닭고기/봉(윗날개)/하림","","해당년도 ","닭고기/동물복지/봉(윗날개)/뼈있음/다용도/개당 40g~43g/1kg"
"축산물","가금류","닭고기","1120983","닭고기(정육_다리살)/올품","주식회사 올품","2024년","정육_다리살/1kg/무항생제/껍질무/40g조각제품,조각당40g±3g/1kg포장"
"축산물","가금류","닭고기","1120984","닭고기(봉)/올품","주식회사 올품","2024년","봉/1kg/무항생제/윗날개, 개당 40g~44g/1kg포장"
"축산물","가금류","닭고기","1120985","닭고기/통닭1/2각(껍질유)/한강식품","자연품은","2024년","닭고기/무항생제/통닭1/2각(껍질유)/뼈있음/1kg"
"축산물","가금류","닭고기","1120986","통닭1/2각(껍질무)","자연품은","별도표기","닭고기 통닭 1/2각(껍질무)"
"축산물","가금류","닭고기","1120987","닭고기/절단육(껍질유)/한국육계유통","체리부로","2024년","닭고기/무항생제/절단육(껍질유)/뼈없음/닭찜,후라이드,치킨,숯불구이 등/30g/1kg"
"축산물","가금류","닭고기","1120988","닭고기/정육(껍질무)/한국육계유통","체리부로","2024년","닭고기/무항생제/정육(껍질무)/뼈없음/다리살/통,130g~150g/1kg"
"축산물","가금류","닭고기","1120989","닭고기","","0","=10"
"축산물","가금류","닭고기","1120990","닭고기","","0","4="
"축산물","가금류","닭고기","1120991","닭고기","","0","=2"
"축산물","가금류","닭고기","1120992","닭고기","","0","6="
"축산물","가금류","닭고기","1120993","닭고기","","0","027"
"축산물","가금류","닭고기","1120994","닭고기","","0","==3"
"축산물","가금류","닭고기","1120995","닭고기","","0","028"
"축산물","가금류","닭고기","1120996","닭고기","","0","029"
"축산물","가금류","닭고기","1120997","닭고기","","0","030"
"축산물","가금류","닭고기","1120998","닭고기","","0","27"
"축산물","가금류","닭고기","1120999","닭고기/윙(아랫날개)/하림","","해당년도 ","닭고기/동물복지/윙(아랫날개)/뼈있음/다용도/개당 30g~32g/1kg"
"축산물","가금류","닭고기","1121000","닭고기/가슴살(껍질무)/하림","","해당년도 ","닭고기/동물복지/가슴살(껍질무)/뼈없음/다용도/덩어리(130g~150g)/500g"
"축산물","가금류","닭고기","1121001","닭고기/가슴살(껍질무)/하림","","해당년도 ","닭고기/동물복지/가슴살(껍질무)/뼈없음/볶음밥용/깍둑(약1㎝,5g)/500g"
"축산물","가금류","닭고기","1121002","닭고기/가슴살(껍질무)/하림","","해당년도 ","닭고기/동물복지/가슴살(껍질무)/뼈없음/다용도/깍둑(약2㎝,15g)/500g"
"축산물","가금류","닭고기","1121003","닭고기/가슴살(껍질무)/하림","","해당년도 ","닭고기/동물복지/가슴살(껍질무)/뼈없음/다용도/깍둑(약4㎝,30g)/500g"
"축산물","가금류","닭고기","1121004","닭고기(윙)/올품","주식회사 올품","2024년","윙/1kg/무항생제/아랫날개, 개당 28~32g/1kg포장"
"축산물","가금류","닭고기","1121005","닭고기(절단육)/올품","주식회사 올품","2024년","통다리(장각)/1kg/무항생제/개당 200g±10g,칼집추가/1kg포장"
"축산물","가금류","닭고기","1121006","통닭1/2각(껍질유)","자연품은","별도표기","닭고기 통닭 1/2각(껍질유)"
"축산물","가금류","닭고기","1121007","통닭1/2각(껍질유)","자연품은","별도표기","닭고기 통닭 1/2각(껍질유)"
"축산물","가금류","닭고기","1121008","닭고기/정육(껍질무)/한국육계유통","체리부로","2024년","닭고기/무항생제/정육(껍질무)/뼈없음/다리살/1㎝×1㎝(10g)/1kg"
"축산물","가금류","닭고기","1121009","닭고기/정육(껍질무)/한국육계유통","체리부로","2024년","닭고기/무항생제/정육(껍질무)/뼈없음/다리살/2㎝×2㎝(15g)/1kg"
"축산물","가금류","닭고기","1121010","닭고기/절단육(껍질무)/마니커","닭터의자연","2024년","닭고기/무항생제/절단육(껍질무)/뼈있음/조각당 30g내외/진공포장/1kg"
"축산물","가금류","닭고기","1121011","닭고기","","0","4"
"축산물","가금류","닭고기","1121012","닭고기","","0","===8"
"축산물","가금류","닭고기","1121013","닭고기","","0","52"
"축산물","가금류","닭고기","1121014","닭고기","","0","===9"
"축산물","가금류","닭고기","1121015","닭고기","","0","2"
"축산물","가금류","닭고기","1121016","닭고기","","0","2="
"축산물","가금류","닭고기","1121017","닭고기","","0","32"
"축산물","가금류","닭고기","1121018","닭고기","","0","047"
"축산물","가금류","닭고기","1121019","닭고기(절단육)/올품","주식회사 올품","2024년","무항생제 닭통다리 칼집 / 1,000g 포장"
"축산물","가금류","닭고기","1121020","닭고기(다리(북채))/올품","주식회사 올품","2024년","다리(북채)/1kg/무항생제/90g~100g±10g/1kg포장"
"축산물","가금류","닭고기","1121021","통닭(껍질무)","자연품은","별도표기","닭고기 통닭(껍질무)"
"축산물","가금류","닭고기","1121022","통닭(껍질무)","자연품은","2024년","닭고기 통닭(껍질무)"
"축산물","가금류","닭고기","1121023","닭고기/정육(껍질무)/한국육계유통","체리부로","2024년","닭고기/무항생제/정육(껍질무)/뼈없음/다리살/2㎝×2㎝(20g~25g)/1kg"
"축산물","가금류","닭고기","1121024","닭고기/정육(껍질무)/한국육계유통","체리부로","2024년","닭고기/무항생제/정육(껍질무)/뼈없음/다리살/1㎝×5㎝/1kg"
"축산물","가금류","닭고기","1121025","닭고기","","0","===5"
"축산물","가금류","닭고기","1121026","닭고기","","0","49"
"축산물","가금류","닭고기","1121027","닭고기","","0","===2"
"축산물","가금류","닭고기","1121028","닭고기","","0","="
"축산물","가금류","닭고기","1121029","닭고기","","0","1="
"축산물","가금류","닭고기","1121030","닭고기","","0","34"
"축산물","가금류","닭고기","1121031","닭고기","","0","12="
"축산물","가금류","닭고기","1121032","닭고기","","0","5"
"축산물","가금류","닭고기","1121033","닭고기","","0","14="
"축산물","가금류","닭고기","1121034","닭고기","","0","048"
"축산물","가금류","닭고기","1121035","닭고기/봉(윗날개)/하림","","해당년도 ","닭고기/동물복지/봉(윗날개)/뼈있음/개당 40~43g/500g"
"축산물","가금류","닭고기","1121036","닭고기/북채(닭다리)/하림","","해당년도 ","닭고기/동물복지/북채(닭다리)/뼈있음/약100g내외/500g"
"축산물","가금류","닭고기","1121037","닭고기/안심/하림","","해당년도 ","닭고기/동물복지/안심/뼈없음/다용도/가로절단(약2㎝×4㎝,15g)/500g"
"축산물","가금류","닭고기","1121038","닭고기/안심/하림","","해당년도 ","닭고기/동물복지/안심/뼈없음/볶음밥용/깍둑(약1㎝,5g)/500g"
"축산물","가금류","닭고기","1121039","닭고기/윙(아랫날개)/하림","","해당년도 ","닭고기/동물복지/윙(아랫날개)/뼈있음/개당 30~32g/500g"
"축산물","가금류","닭고기","1121040","닭고기(다리(북채))/올품","주식회사 올품","2024년","다리(북채)/1kg/무항생제/90g~100g±10g/1kg포장/칼집추가"
"축산물","가금류","닭고기","1121041","닭고기(절단육)/올품","주식회사 올품","2024년","절단육/800g/무항생제/껍질유/조각당 30g내외/1kg포장"
"축산물","가금류","닭고기","1121042","통닭(껍질유)","자연품은","별도표기","닭고기 통닭(껍질유)"
"축산물","가금류","닭고기","1121043","통닭(껍질유)","자연품은","별도표기","닭고기 통닭(껍질유)"
"축산물","가금류","닭고기","1121044","닭고기/정육(껍질무)/한국육계유통","체리부로","2024년","닭고기/무항생제/정육(껍질무)/뼈없음/다리살/2㎝×5㎝/1kg"
"축산물","가금류","닭고기","1121045","닭고기/정육(껍질무)/한국육계유통","체리부로","2024년","닭고기/무항생제/정육(껍질무)/뼈없음/다리살/스테이크용/40g/1kg"
"축산물","가금류","닭고기","1121046","닭고기","","0","50"
"축산물","가금류","닭고기","1121047","닭고기/절단육(껍질유)/하림","","해당년도 ","닭고기/동물복지/절단육(껍질유)/뼈있음/다용도/약30g절단/500g"
"축산물","가금류","닭고기","1121048","닭고기/절단육(껍질무)/마니커","닭터의자연","2024년","닭고기/무항생제/절단육(껍질무)/뼈있음/조각당 40g내외/진공포장/1kg"
"축산물","가금류","닭고기","1121049","닭고기/절단육(껍질무)/하림","","해당년도 ","닭고기/동물복지/절단육(껍질무)/뼈있음/닭찜, 볶음탕, 치킨 등/약30g/500g"
"축산물","가금류","닭고기","1121050","닭고기/정육(껍질무)/하림","","해당년도 ","닭고기/동물복지/정육(껍질무)/뼈없음/다용도/깍둑(약2㎝,15g)/500g"
"축산물","가금류","닭고기","1121051","닭고기/정육(껍질무)/하림","","해당년도 ","닭고기/동물복지/정육(껍질무)/뼈없음/다용도/깍둑(약4㎝,30g)/500g"
"축산물","가금류","닭고기","1121052","닭고기/정육(껍질무)/하림","","해당년도 ","닭고기/동물복지/정육(껍질무)/뼈없음/볶음밥용/깍둑(약1㎝,5g)/500g"
"축산물","가금류","닭고기","1121053","닭고기/정육(껍질무)/하림","","해당년도 ","닭고기/동물복지/정육(껍질무)/뼈없음/탕수육용,다용도/채썰기(1㎝×1㎝×6㎝)/500g"
"축산물","가금류","닭고기","1121054","닭고기/정육(껍질무)/하림","","해당년도 ","닭고기/동물복지/정육(껍질무)/뼈없음/다용도/깍뚝(약2㎝,15g)/500g"
"축산물","가금류","닭고기","1121055","닭고기/정육(껍질유)/하림","","해당년도 ","닭고기/동물복지/정육(껍질유)/뼈없음/다용도/깍둑(약4㎝,30g)/500g"
"축산물","가금류","닭고기","1121056","닭고기/정육(껍질유)/하림","","해당년도 ","닭고기/동물복지/정육(껍질유)/뼈없음/탕수육용/채썰기(1㎝×1㎝×5㎝)/500g"
"축산물","가금류","닭고기","1121057","닭고기(통다리(장각))/하림","","해당년도 ","닭고기/동물복지/통다리(장각)/개당 200g~220g내외/500g"
"축산물","가금류","닭고기","1121058","닭고기/가슴살(껍질무)/하림","자연실록","해당년도 ","닭고기/무항생제/가슴살(껍질무)/뼈없음/다용도/덩어리(130g~150g)/트레이 포장/400g"
"축산물","가금류","닭고기","1121059","닭고기/북채(닭다리)/하림","자연실록","해당년도 ","닭고기/무항생제/북채(닭다리)/뼈있음/다용도/덩어리(약100g내외)/트레이 포장/400g"
"축산물","가금류","닭고기","1121060","닭고기/안심/하림","자연실록","해당년도 ","닭고기/무항생제/안심/뼈없음/다용도/덩어리(약30g내외)/트레이 포장/350g"
"축산물","가금류","닭고기","1121061","닭고기/정육(껍질유)/하림","자연실록","해당년도 ","닭고기/무항생제/정육(껍질유)/뼈없음/다용도/덩어리(약95g내외)/트레이 포장/350g"
"축산물","가금류","닭고기","1121062","닭고기/윙(아랫날개)/하림","자연실록","해당년도 ","닭고기/무항생제/윙(아랫날개)/뼈있음/개당 30g~32g/트레이 포장/350g"
"축산물","가금류","닭고기","1121063","닭고기/봉(윗날개)/하림","자연실록","해당년도 ","닭고기/무항생제/봉(윗날개)/뼈있음/개당 40g~43g/트레이 포장/350g"
"축산물","가금류","닭고기","1121064","닭고기/절단육(껍질유)/하림","자연실록","해당년도 ","닭고기/무항생제/절단육(껍질유)/뼈있음/다용도/트레이 포장/750g"
"축산물","가금류","닭고기","1121065","닭고기/북채(닭다리)/하림","","해당년도 ","닭고기/동물복지/북채(닭다리)/뼈있음/약100g내외/트레이 포장/400g"
"축산물","가금류","닭고기","1121066","닭고기/가슴살(껍질무)/하림","","해당년도 ","닭고기/동물복지/가슴살(껍질무)/뼈없음/덩어리(130g~150g)/트레이 포장/400g"
"축산물","가금류","닭고기","1121067","닭고기/안심/하림","","해당년도 ","닭고기/동물복지/안심/뼈없음/다용도/덩어리(30g내외)/트레이 포장/300g"
"축산물","가금류","닭고기","1121068","닭고기/정육(껍질유)/하림","","해당년도 ","닭고기/동물복지/정육(껍질유)/뼈없음/다용도/덩어리(95g내외)/트레이 포장/300g"
"축산물","가금류","닭고기","1121069","닭고기/봉(윗날개)/하림","","해당년도 ","닭고기/동물복지/봉(윗날개)/뼈있음/개당 40g~43g/트레이 포장/300g"
"축산물","가금류","닭고기","1121070","닭고기/윙(아랫날개)/하림","","해당년도 ","닭고기/동물복지/윙(아랫날개)/뼈있음/개당 30g~32g/트레이 포장/300g"
"축산물","가금류","닭고기","1121071","(동물복지)정육(껍질유)30g/500g","동물복지","해당년도 ","등급(급식동물)정육S/O30g 500g"
"축산물","가금류","닭고기","1121072","(동물복지)정육(껍질유)탕수육용/500g","동물복지","해당년도 ","등급(급식동물)정육S/O탕수육 500g"
"축산물","가금류","닭고기","1121073","(동물복지)통다리(장각)/500g","동물복지","해당년도 ","등급(급식동물)통다리 500g"
"축산물","가금류","닭고기","1121074","닭고기","자연실록 ","해당년도 ","순살슬라이스(불고기용)"
"축산물","가금류","닭고기","1121075","닭고기","자연실록","해당년도 ","자연실록 가슴살 400g"
"축산물","가금류","닭고기","1121076","닭고기","자연실록","해당년도 ","자연실록 닭다리 400g"
"축산물","가금류","닭고기","1121077","닭고기","자연실록","해당년도 ","자연실록 봉 350g"
"축산물","가금류","닭고기","1121078","닭고기","자연실록","해당년도 ","자연실록 안심 350g"
"축산물","가금류","닭고기","1121079","닭고기","자연실록","해당년도 ","자연실록 윙 350g"
"축산물","가금류","닭고기","1121080","닭고기","자연실록","해당년도 ","자연실록 절단육 750g"
"축산물","가금류","닭고기","1121081","닭고기","자연실록","해당년도 ","자연실록 정육 350g"
"축산물","가금류","오렌지","1121082","오리","","0","오리 대패정육슬라이스(2mm)1"
"축산물","가금류","오렌지","1121083","오리","","0","오리 대패정육슬라이스(2mm)"
"축산물","가금류","오리","1121084","오리/절단육/정다운","정다운","2024년","오리/절단육/뼈있음/1kg"
"축산물","가금류","오리","1121085","오리/정육슬라이스/정다운","정다운","2024년","오리/정육슬라이스/뼈없음/1kg"
"축산물","가금류","오렌지","1121086","오리","","0","오리 대패정육슬라이스(3mm)"
"축산물","가금류","오렌지","1121087","오리","","0","오리 대패정육슬라이스(3mm)2"
"축산물","가금류","오리","1121088","오리/정육슬라이스/정다운","정다운","2024년","오리/무항생제/정육슬라이스/뼈없음/1kg"
"축산물","가금류","오리","1121089","오리/절단육/정다운","정다운","2024년","오리/무항생제/절단육/뼈있음/1kg"
"축산물","가금류","오리","1121090","오리","다향","해당연도","오리 절단육 / 1등급 / 1kg"
"축산물","가금류","오리","1121091","오리","다향","해당연도","오리 정육슬라이스 / 1등급 / 1kg"
"축산물","가금류","오리(훈제)","1121092","오리(훈제)/훈제슬라이스/주원산오리","주원산오리","2024년","오리(훈제)/훈제슬라이스/뼈없음/1kg/"
"축산물","가금류","오리","1121093","오리/대패정육슬라이스/주원산오리","주원산오리","2024년","오리/무항생제/대패정육슬라이스(3mm)/뼈없음/1kg"
"축산물","가금류","오렌지","1121094","오리","","0","오리 절단육"
"축산물","가금류","오렌지","1121095","오리","","0","오리 절단육1"
"축산물","가금류","오렌지","1121096","오리","","0","오리 절단육2"
"축산물","가금류","오렌지","1121097","오리","","0","오리 절단육5"
"축산물","가금류","오렌지","1121098","오리","","0","오리 절단육3"
"축산물","가금류","오렌지","1121099","오리","","0","오리 절단육4"
"축산물","가금류","오리","1121100","오리/통오리/정다운","정다운","2024년","오리/통오리/뼈있음/2kg"
"축산물","가금류","오리","1121101","오리/통오리/정다운","정다운","2024년","오리/무항생제/통오리/뼈있음/2kg"
"축산물","가금류","오리","1121102","오리/통오리(2각,4각)/정다운","정다운","2024년","오리/통오리(2각,4각)/뼈있음/2kg"
"축산물","가금류","오리","1121103","오리/통오리(2각,4각)/정다운","정다운","2024년","오리/무항생제/통오리(2각,4각)/뼈있음/2kg"
"축산물","가금류","오리","1121104","오리/대패정육슬라이스/정다운","정다운","2024년","오리/무항생제/대패정육슬라이스(3mm)/뼈없음/1kg"
"축산물","가금류","오리","1121105","오리/대패정육슬라이스/정다운","정다운","2024년","오리/정육/대패정육슬라이스(3mm)/뼈없음/1kg"
"축산물","가금류","오리","1121106","오리","다향","해당연도","오리 정육슬라이스 / 1등급 무항생제 / 1kg1"
"축산물","가금류","오리","1121107","오리","다향","해당연도","오리 절단육 / 1등급 무항생제 / 1kg"
"축산물","가금류","오리","1121108","오리","다향","해당연도","오리 통오리 / 1등급 / 2kg"
"축산물","가금류","오리","1121109","오리","다향","해당연도","오리 통오리 / 1등급 무항생제 / 2kg"
"축산물","가금류","오리","1121110","오리","다향","해당연도","오리 통오리(정선) / 1등급 무항생제 / 2kg"
"축산물","가금류","오리","1121111","오리","다향","해당연도","오리 통오리(정선) / 1등급 / 2kg"
"축산물","가금류","오리","1121112","오리/대패정육슬라이스/주원산오리","주원산오리","2024년","오리/대패정육슬라이스(3mm)//뼈없음/1kg"
"축산물","가금류","오리","1121113","오리/절단육/주원산오리","주원산오리","2024년","오리/절단육/뼈있음/1kg"
"축산물","가금류","오리","1121114","오리/절단육/주원산오리","주원산오리","2024년","오리/무항생제/절단육/뼈있음/1kg"
"축산물","가금류","오리","1121116","오리/정육슬라이스/주원산오리","주원산오리","2024년","오리/무항생제/정육슬라이스/뼈없음/1kg"
"축산물","가금류","오리","1121117","오리/통오리/주원산오리","주원산오리","2024년","오리/통오리/뼈있음/2kg"
"축산물","가금류","오렌지","1121118","오리","","0","오리 정육(탕용)1"
"축산물","가금류","오렌지","1121119","오리","","0","오리 정육(탕용)"
"축산물","가금류","오렌지","1121120","오리","","0","0"
"축산물","가금류","오렌지","1121121","오리","","0","00"
"축산물","가금류","오리","1121122","오리","다향","해당연도","오리 정육(탕용) / 1등급 / 1kg"
"축산물","가금류","오리","1121123","오리","다향","해당연도","오리 통오리(2각,4각) / 1등급 / 2kg"
"축산물","가금류","오렌지","1121124","오리","","0","오리 정육슬라이스"
"축산물","가금류","오렌지","1121125","오리","","0","오리 정육슬라이스5"
"축산물","가금류","오렌지","1121126","오리","","0","오리 정육슬라이스4"
"축산물","가금류","오렌지","1121127","오리","","0","오리 정육슬라이스3"
"축산물","가금류","오렌지","1121128","오리","","0","오리 정육슬라이스2"
"축산물","가금류","오렌지","1121129","오리","","0","오리 정육슬라이스1"
"축산물","가금류","오렌지","1121130","오리","","0","오리 정육슬라이스1"
"축산물","가금류","오렌지","1121131","오리","","0","오리 정육슬라이스2"
"축산물","가금류","오렌지","1121132","오리","","0","오리 정육슬라이스3"
"축산물","가금류","오렌지","1121133","오리","","0","오리 정육슬라이스4"
"축산물","가금류","오렌지","1121134","오리","","0","오리 정육슬라이스5"
"축산물","가금류","오렌지","1121135","오리","","0","오리 정육슬라이스6"
"축산물","가금류","오리","1121136","오리","다향","해당연도","오리 통오리(2각,4각) / 1등급 무항생제 / 2kg"
"축산물","가금류","오렌지","1121137","오리","다향","해당연도","오리 정육(탕용) / 1등급 무항생제 / 1kg"
"축산물","가금류","오렌지","1121138","오리","","0","오리 통오리(2각,4각) / 1등급 무항생제 / 2kg"
"축산물","가금류","오리","1121139","오리","다향","해당연도","오리 정육(탕용) / 1등급 무항생제 / 1kg"
"축산물","가금류","오렌지","1121140","오리","","0","오리 훈제슬라이스(5無) / 1등급 무항생제 / 1kg"
"축산물","가금류","오렌지","1121141","오리","","0","오리 정육슬라이스"
"축산물","가금류","오리","1121142","오리","주원산오리","2024","오리 통오리 / 무항생제 / 2.0kg"
"축산물","가금류","오리","1121143","오리/통오리(2각,4각)/주원산오리","주원산오리","2024년","오리/통오리(2각,4각)/뼈있음/2kg"
"축산물","가금류","오리","1121144","오리","주원산오리","2024년","오리 통오리(2각,4각) / 무항생제 / 2.0kg"
"축산물","가금류","오리","1121145","오리","주원산오리","2024","오리 통오리(정선) / 무항생제 / 2.0kg"
"축산물","가금류","오리","1121146","오리/통오리(정선)/주원산오리","주원산오리","2024년","오리/통오리(정선)/뼈있음/2kg"
"축산물","가금류","오리(훈제)","1121147","오리(훈제)/훈제슬라이스(5無)/주원산오리","주원산오리","2024년","오리(훈제)/무항생제/훈제슬라이스(5無)/뼈없음/1kg/"
"축산물","가금류","오렌지","1121148","오리","","0","오리 통오리4"
"축산물","가금류","오렌지","1121149","오리","","0","오리 통오리"
"축산물","가금류","오렌지","1121150","오리","","0","오리 통오리5"
"축산물","가금류","오렌지","1121151","오리","","0","오리 통오리2"
"축산물","가금류","오렌지","1121152","오리","","0","오리 통오리1"
"축산물","가금류","오렌지","1121153","오리","","0","오리 통오리3"
"축산물","가금류","오렌지","1121154","오리","","0","오리 통오리2"
"축산물","가금류","오렌지","1121155","오리","","0","오리 통오리3"
"축산물","가금류","오렌지","1121156","오리","","0","오리 통오리4"
"축산물","가금류","오렌지","1121157","오리","","0","오리 통오리1"
"축산물","가금류","오렌지","1121158","오리","","0","오리 통오리5"
"축산물","가금류","오렌지","1121159","오리","","0","오리 통오리6"
"축산물","가금류","오렌지","1121160","오리","","0","오리 통오리1"
"축산물","가금류","오렌지","1121161","오리","","0","오리 통오리2"
"축산물","가금류","오렌지","1121162","오리","","0","오리 통오리3"
"축산물","가금류","오렌지","1121163","오리","","0","오리 통오리4"
"축산물","가금류","오렌지","1121164","오리","","0","오리 통오리"
"축산물","가금류","오렌지","1121165","오리","","0","오리 통오리5"
"축산물","가금류","오리","1121166","오리","주원산오리","2024","통오리(2각, 4각) / 무항생제 / 2.0kg"
"축산물","가금류","오리","1121167","오리","주원산오리","2024년","오리 통오리 / 2.0kg5"
"축산물","가금류","오리","1121168","오리","주원산오리","2024년","오리 통오리 / 2.0kg4"
"축산물","가금류","오리","1121169","오리","주원산오리","2024년","오리 통오리 / 2.0kg3"
"축산물","가금류","오리","1121170","오리","주원산오리","2024년","오리 통오리  /2.0kg1"
"축산물","가금류","오리","1121171","오리","주원산오리","2024년","오리 통오리 / 2.0kg2"
"축산물","가금류","오렌지","1121172","오리","","0","오리 통오리(2각,4각)2"
"축산물","가금류","오렌지","1121173","오리","","0","오리 통오리(2각,4각)3"
"축산물","가금류","오렌지","1121174","오리","","0","오리 통오리(2각,4각)4"
"축산물","가금류","오렌지","1121175","오리","","0","오리 통오리(2각,4각)"
"축산물","가금류","오렌지","1121176","오리","","0","오리 통오리(2각,4각)1"
"축산물","가금류","오렌지","1121177","오리","","0","오리 통오리(2각,4각)4"
"축산물","가금류","오렌지","1121178","오리","","0","오리 통오리(2각,4각)3"
"축산물","가금류","오렌지","1121179","오리","","0","오리 통오리(2각,4각)2"
"축산물","가금류","오렌지","1121180","오리","","0","오리 통오리(2각,4각)1"
"축산물","가금류","오렌지","1121181","오리","","0","오리 통오리(2각,4각)5"
"축산물","가금류","오렌지","1121182","오리","","0","오리 통오리(2각,4각)1"
"축산물","가금류","오렌지","1121183","오리","","0","오리 통오리(2각,4각)"
"축산물","가금류","오렌지","1121184","오리","","0","오리 통오리(2각,4각)4"
"축산물","가금류","오렌지","1121185","오리","","0","오리 통오리(2각,4각)3"
"축산물","가금류","오렌지","1121186","오리","","0","오리 통오리(2각,4각)2"
"축산물","가금류","오리","1121187","오리","주원산오리","2024년","오리 통오리(2각,4각) / 2.0kg5"
"축산물","가금류","오리","1121188","오리","주원산오리","2024년","오리 통오리(2각,4각) / 2.0kg1"
"축산물","가금류","오리","1121189","오리","주원산오리","2024년","오리 통오리(2각,4각) / 2.0kg2"
"축산물","가금류","오리","1121190","오리","주원산오리","2024년","오리 통오리(2각,4각) / 2.0kg3"
"축산물","가금류","오리","1121191","오리","주원산오리","2024년","오리 통오리(2각,4각) / 2.0kg4"
"축산물","가금류","오렌지","1121192","오리","","0","오리 통오리(정선)3"
"축산물","가금류","오렌지","1121193","오리","","0","오리 통오리(정선)2"
"축산물","가금류","오렌지","1121194","오리","","0","오리 통오리(정선)1"
"축산물","가금류","오렌지","1121195","오리","","0","오리 통오리(정선)"
"축산물","가금류","오렌지","1121196","오리","","0","오리 통오리(정선)4"
"축산물","가금류","오렌지","1121197","오리","","0","오리 통오리(정선)3"
"축산물","가금류","오렌지","1121198","오리","","0","오리 통오리(정선)1"
"축산물","가금류","오렌지","1121199","오리","","0","오리 통오리(정선)2"
"축산물","가금류","오렌지","1121200","오리","","0","오리 통오리(정선)"
"축산물","가금류","오렌지","1121201","오리","","0","오리 통오리(정선)1"
"축산물","가금류","오렌지","1121202","오리","","0","오리 통오리(정선)2"
"축산물","가금류","오렌지","1121203","오리","","0","오리 통오리(정선)3"
"축산물","가금류","오리","1121204","오리","주원산오리","2024년","오리 통오리(정선) / 2.0kg4"
"축산물","가금류","오리","1121205","오리","주원산오리","2024년","오리 통오리(정선) / 2.0kg3"
"축산물","가금류","오리","1121206","오리","주원산오리","2024년","오리 통오리(정선) / 2.0kg2"
"축산물","가금류","오리","1121207","오리","주원산오리","2024년","오리 통오리(정선) / 2.0kg1"
"축산물","가금류","오렌지","1121208","오리","","0","통오리(2각, 4각)4"
"축산물","가금류","오렌지","1121209","오리","","0","통오리(2각, 4각)"
"축산물","가금류","오렌지","1121210","오리","","0","통오리(2각, 4각)"
"축산물","가금류","오리","1121211","오리","주원산오리","2024년","통오리(2각, 4각) / 2.0kg"
"축산물","가금류","오리(훈제)","1121212","오리(훈제)","","0","오리 훈제슬라이스5"
"축산물","가금류","오리(훈제)","1121213","오리(훈제)","","0","오리 훈제슬라이스"
"축산물","가금류","오리(훈제)","1121214","오리(훈제)","","0","오리 훈제슬라이스4"
"축산물","가금류","오리(훈제)","1121215","오리(훈제)","","0","오리 훈제슬라이스3"
"축산물","가금류","오리(훈제)","1121216","오리(훈제)","","0","오리 훈제슬라이스2"
"축산물","가금류","오리(훈제)","1121217","오리(훈제)","정다운","2024","오리 훈제슬라이스 / 일반 / 1kg /"
"축산물","가금류","오리(훈제)","1121218","오리(훈제)","정다운","2024","오리 훈제슬라이스 / 무항생제 / 1kg//"
"축산물","가금류","오리(훈제)","1121219","오리(훈제)","","0","0"
"축산물","가금류","오리(훈제)","1121220","오리(훈제)","","0","오리 훈제슬라이스2"
"축산물","가금류","오리(훈제)","1121221","오리(훈제)","","0","오리 훈제슬라이스1"
"축산물","가금류","오리(훈제)","1121222","오리(훈제)","다향","해당연도","오리 훈제슬라이스 / 1등급 / 1kg"
"축산물","가금류","오리(훈제)","1121223","오리(훈제)","다향","해당연도","오리 훈제슬라이스 / 1등급 무항생제 / 1kg"
"축산물","가금류","오리(훈제)","1121224","오리(훈제)","다향","해당연도","오리 훈제슬라이스(5無) / 1등급 무항생제 / 1kg"
"축산물","가금류","오리(훈제)","1121225","오리(훈제)","","0","오리 훈제슬라이스"
"축산물","가금류","오리(훈제)","1121226","오리(훈제)","","0","오리 훈제슬라이스1"
"축산물","가금류","오리(훈제)","1121227","오리(훈제)","주원산오리","2024년","오리 훈제슬라이스1"
"축산물","가금류","오리(훈제)","1121228","오리(훈제)","주원산오리","2024년","오리 훈제슬라이스3"
"축산물","가금류","오리(훈제)","1121229","오리(훈제)","주원산오리","2024년","오리 훈제슬라이스2"
"축산물","가금류","오리(훈제)","1121230","오리(훈제)","","0","오리 훈제슬라이스(5無)"
"축산물","가금류","오리(훈제)","1121231","오리(훈제)","","0","오리 훈제슬라이스(5無)1"
"축산물","가금류","오리(훈제)","1121232","오리(훈제)","","0","오리 훈제슬라이스(5無)2"
"축산물","가금류","오리(훈제)","1121233","오리(훈제)","","0","오리 훈제슬라이스(5無)1"
"축산물","가금류","오리(훈제)","1121234","오리(훈제)","","0","오리 훈제슬라이스(5無)2"
"축산물","가금류","오리(훈제)","1121235","오리(훈제)","","0","오리 훈제슬라이스(5無)"
"축산물","가금류","오리(훈제)","1121236","오리(훈제)","주원산오리","2024년","오리 훈제슬라이스(5無)1"
"축산물","가금류","오리(훈제)","1121237","오리(훈제)","주원산오리","2024년","오리 훈제슬라이스(5無)2"
"축산물","돈육","돈육(갈비)","1121238","돈육(갈비)","","2024","돈육/냉동/무항생제/갈비/찜,구이용/2.5*3(cm)/1kg"
"축산물","돈육","돈육(갈비)","1121239","돈육(갈비)","","2024","돈육/냉동/무항생제/갈비/찜,구이용/2.5*3(cm)/3kg"
"축산물","돈육","돈육(갈비)","1121240","돈육(갈비)","","2024년","돈육/냉동/갈비/찜,탕용/2*3(cm)/1kg"
"축산물","돈육","돈육(갈비)","1121241","돈육(갈비)","","2024년","돈육/냉동/갈비/찜,탕용/2*3(cm)/5kg"
"축산물","돈육","돈육(갈비)","1121242","돈육(갈비)","수덕푸드","2024","돈육/냉동/갈비/찜,탕용/2*3(cm)/3kg"
"축산물","돈육","돈육(갈비)","1121243","돈육(갈비)","수덕푸드","2024","돈육/냉동/갈비/찜,탕용/2*3(cm)/5kg"
"축산물","돈육","돈육(등갈비)","1121244","돈육(등갈비)","","2024","돈육/냉장/무항생제/등갈비/1대씩 절단/1kg"
"축산물","돈육","돈육(등갈비)","1121245","돈육(등갈비)","","2024","돈육/냉장/무항생제/등갈비/1대씩 절단/0.5kg"
"축산물","돈육","돈육(등갈비)","1121246","돈육(등갈비)","","2024년","돈육/냉장/등갈비/1대씩 절단/1kg"
"축산물","돈육","돈육(등갈비)","1121247","돈육(등갈비)","","2024년","돈육/냉장/등갈비/1대씩 절단/0.5kg"
"축산물","돈육","돈육(등갈비)","1121248","돈육(등갈비)","","2023","돈육/냉장/무항생제/등갈비/찜용/1대씩,반컷/1kg"
"축산물","돈육","돈육(등갈비)","1121249","돈육(등갈비)","","2023","돈육/냉장/무항생제/등갈비/찜용/1대씩,반컷/0.5kg"
"축산물","돈육","돈육(등심)","1121250","돈육(등심)","","2024","돈육/냉장/무항생제/등심/돈까스용/개당40g내외/1kg"
"축산물","돈육","돈육(등심)","1121251","돈육(등심)","","2024","돈육/냉장/무항생제/등심/돈까스용/개당40g내외/0.5kg"
"축산물","돈육","돈육(등심)","1121252","돈육(등심)","","2024년","돈육/냉장/무항생제/등심/잡채용/0.3*0.3*5(cm)/1kg"
"축산물","돈육","돈육(등심)","1121253","돈육(등심)","","2024년","돈육/냉장/무항생제/등심/잡채용/0.3*0.3*5(cm)/0.5kg"
"축산물","돈육","돈육(등심)","1121254","돈육(등심)","","2024","돈육/냉장/등심/짜장,카레용/1*1*1(cm)/1kg"
"축산물","돈육","돈육(등심)","1121255","돈육(등심)","","2024","돈육/냉장/등심/짜장,카레용/1*1*1(cm)/0.5kg"
"축산물","돈육","돈육(목심)","1121256","돈육(목심)","","2024","돈육/냉장/무항생제/목살/구이용/0.7cm슬라이스/1kg"
"축산물","돈육","돈육(목심)","1121257","돈육(목심)","","2024","돈육/냉장/무항생제/목살/구이용/0.7cm슬라이스/0.5kg"
"축산물","돈육","돈육(목심)","1121258","돈육(목심)","","2024년","돈육/냉장/목살/불고기용/0.3*3*4(cm)/1kg"
"축산물","돈육","돈육(목심)","1121259","돈육(목심)","","2024년","돈육/냉장/목살/불고기용/0.3*3*4(cm)/0.5kg"
"축산물","돈육","돈육(목심)","1121260","돈육(목심)","","2024","돈육/냉장/목살/구이용/0.7*4*5(cm)/1kg"
"축산물","돈육","돈육(목심)","1121261","돈육(목심)","","2024","돈육/냉장/목살/구이용/0.7*4*5(cm)/0.5kg"
"축산물","돈육","돈육(사태)","1121264","돈육(사태)","","2024년","돈육/냉장/사태/장조림용/2*2*2(cm)/1kg"
"축산물","돈육","돈육(사태)","1121265","돈육(사태)","","2024년","돈육/냉장/사태/장조림용/2*2*2(cm)/0.5kg"
"축산물","돈육","돈육(사태)","1121266","돈육(사태)","","2024","돈육/냉장/사태/수육,찜용/200g~300g 덩어리/1kg"
"축산물","돈육","돈육(사태)","1121267","돈육(사태)","","2024","돈육/냉장/사태/수육,찜용/200g~300g 덩어리/0.5kg"
"축산물","돈육","돈육(삼겹)","1121268","돈육(삼겹)","","2024","돈육/냉장/무항생제/삼겹/구이용/절단 0.7*4*5(cm)/1kg"
"축산물","돈육","돈육(삼겹)","1121269","돈육(삼겹)","","2024","돈육/냉장/무항생제/삼겹/구이용/절단 0.7*4*5(cm)/0.5kg"
"축산물","돈육","돈육(삼겹)","1121270","돈육(삼겹)","","2024년","돈육/냉장/삼겹/불고기용/0.3*3*4(cm)/1kg"
"축산물","돈육","돈육(삼겹)","1121271","돈육(삼겹)","","2024년","돈육/냉장/삼겹/불고기용/0.3*3*4(cm)/0.5kg"
"축산물","돈육","돈육(삼겹)","1121272","돈육(삽겹)","","2023","돈육/냉장/1등급/삼겹/구이용,한입크기/1kg"
"축산물","돈육","돈육(삼겹)","1121273","돈육(삽겹)","","2023","돈육/냉장/1등급/삼겹/구이용,한입크기/0.5kg"
"축산물","돈육","돈육(안심)","1121274","돈육(안심)","","2024","돈육/냉장/무항생제/안심/장조림용/2*2*2(cm)/1kg"
"축산물","돈육","돈육(안심)","1121275","돈육(안심)","","2024","돈육/냉장/무항생제/안심/장조림용/2*2*2(cm)/0.5kg"
"축산물","돈육","돈육(안심)","1121276","돈육(안심)","","2024년","돈육/냉장/안심/장조림용/2*2*2(cm)/1kg"
"축산물","돈육","돈육(안심)","1121277","돈육(안심)","","2024년","돈육/냉장/안심/장조림용/2*2*2(cm)/0.5kg"
"축산물","돈육","돈육(안심)","1121278","돈육(안심)","","2024","돈육/냉장/안심/짜장,카레용/1*1*1(cm)/1kg"
"축산물","돈육","돈육(안심)","1121279","돈육(안심)","","2024","돈육/냉장/안심/짜장,카레용/1*1*1(cm)/0.5kg"
"축산물","돈육","돈육(잡뼈)","1121284","돈육(잡뼈)","","2023","돈육/냉동/1등급/등뼈/탕용/1kg"
"축산물","돈육","돈육(잡뼈)","1121285","돈육(잡뼈)","","2023","돈육/냉동/1등급/등뼈/탕용/0.5kg"
"축산물","돈육","돈육(전지)","1121286","돈육(전지)","","2024","돈육/냉장/무항생제/앞다리/다짐육/0.5 다짐육(cm)/1kg"
"축산물","돈육","돈육(전지)","1121287","돈육(전지)","","2024","돈육/냉장/무항생제/앞다리/다짐육/0.5 다짐육(cm)/0.5kg"
"축산물","돈육","돈육(전지)","1121288","돈육(전지)","","2024년","돈육/냉장/앞다리/불고기용/0.2*4*5(cm)/1kg"
"축산물","돈육","돈육(전지)","1121289","돈육(전지)","","2024년","돈육/냉장/앞다리/불고기용/0.2*4*5(cm)/0.5kg"
"축산물","돈육","돈육(전지)","1121290","돈육(전지)","","2024","돈육/냉장/앞다리/찌개용/0.3*2*3(cm)/1kg"
"축산물","돈육","돈육(전지)","1121291","돈육(전지)","","2024","돈육/냉장/앞다리/찌개용/0.3*2*3(cm)/0.5kg"
"축산물","돈육","돈육(후지)","1121292","돈육(후지)","","2023","돈육/냉장/무항생제/후지(뒷다리)/깍둑썰기/1kg"
"축산물","돈육","돈육(후지)","1121293","돈육(후지)","","2023","돈육/냉장/무항생제/후지(뒷다리)/깍둑썰기/0.5kg"
"축산물","돈육","돈육(후지)","1121294","돈육(후지)","","2024년","돈육/냉장/뒷다리/불고기용/0.2*3*4(cm)/1kg"
"축산물","돈육","돈육(후지)","1121295","돈육(후지)","","2024년","돈육/냉장/뒷다리/불고기용/0.2*3*4(cm)/0.5kg"
"축산물","돈육","돈육(후지)","1121296","돈육(후지)","","2024","돈육/냉장/뒷다리/찌개용/0.3*2*3(cm)/1kg"
"축산물","돈육","돈육(후지)","1121297","돈육(후지)","","2024","돈육/냉장/뒷다리/찌개용/0.3*2*3(cm)/0.5kg"
"축산물","한우","한우(갈비)","1121355","한우(갈비)","","2024","한우/냉동/무항생제/갈비/찜용/2.5*3 (cm)/1kg"
"축산물","한우","한우(갈비)","1121356","한우(갈비)","","2024","한우/냉동/1등급/갈비/찜용/2.5*3 (cm)/1kg"
"축산물","한우","한우(갈비)","1121357","한우(갈비)","","2024","한우/냉동/2등급/갈비/찜용/2.5*3 (cm)/1kg"
"축산물","한우","한우(갈비)","1121358","한우(갈비)","","2024년","한우/냉동/2등급/갈비/찜용/2.5*3 (cm)/1kg"
"축산물","한우","한우(갈비)","1121359","한우(갈비)","","2024년","한우/냉동/2등급/갈비/찜용/2.5*3 (cm)/5kg"
"축산물","한우","한우(갈비)","1121360","한우(갈비)","","2024년","한우/냉동/2등급/갈비/찜용/2.5*3 (cm)/3kg"
"축산물","한우","한우(갈비)","1121361","한우(갈비)","","2024","한우/냉동/1등급/갈비/찜용/2.5*3 (cm)/1kg"
"축산물","한우","한우(갈비)","1121362","한우(갈비)","","2024","한우/냉동/무항생제/갈비/찜용/2.5*3 (cm)/1kg"
"축산물","한우","한우(갈비)","1121363","한우(갈비)","","2024","한우/냉동/2등급/갈비/찜용/2.5*3 (cm)/1kg"
"축산물","한우","한우(갈비)","1121364","한우(갈비)","","2024","한우/냉동/2등급/갈비/찜용/2.5*3 (cm)/1kg"
"축산물","한우","한우(갈비)","1121365","한우(갈비)","","2024","한우/냉동/2등급/갈비/찜용/2.5*3 (cm)/5kg"
"축산물","한우","한우(갈비)","1121366","한우(갈비)","","2024","한우/냉동/2등급/갈비/찜용/2.5*3 (cm)/3kg"
"축산물","한우","한우(꼬리)","1121367","한우(꼬리)","","0","0"
"축산물","한우","한우(꼬리)","1121368","한우(꼬리)","","0","0"
"축산물","한우","한우(꼬리)","1121369","한우(꼬리)","","0","0"
"축산물","한우","한우(꼬리)","1121370","한우(꼬리)","","2023","한우/냉동/꼬리/탕용/1kg"
"축산물","한우","한우(등심)","1121375","한우(등심)","","2023","한우/냉장/무항생제/등심/채썰기/1kg"
"축산물","한우","한우(등심)","1121376","한우(등심)","","2023","한우/냉장/무항생제/등심/채썰기/0.5kg"
"축산물","한우","한우(등심)","1121377","한우(등심)","","2023","한우/냉장/무항생제/등심/채썰기/0.3kg"
"축산물","한우","한우(등심)","1121378","한우(등심)","","2024년","한우/냉장/2등급/등심/구이,스테이크용/0.7cm 구이용 슬라이스/1kg"
"축산물","한우","한우(등심)","1121379","한우(등심)","","2024년","한우/냉장/2등급/등심/구이,스테이크용/0.7cm 구이용 슬라이스/0.5kg"
"축산물","한우","한우(등심)","1121380","한우(등심)","","2024년","한우/냉장/2등급/등심/구이,스테이크용/0.7cm 구이용 슬라이스/0.3kg"
"축산물","한우","한우(등심)","1121381","한우(등심)","","2023","한우/냉장/1등급/등심/채썰기/0.3kg"
"축산물","한우","한우(등심)","1121382","한우(등심)","","2023","한우/냉장/1등급/등심/채썰기/0.5kg"
"축산물","한우","한우(등심)","1121383","한우(등심)","","2023","한우/냉장/1등급/등심/채썰기/1kg"
"축산물","한우","한우(등심)","1121384","한우(등심)","","2024","한우/냉장/1등급/등심/구이,스테이크용/0.7cm 구이용 슬라이스/1kg"
"축산물","한우","한우(등심)","1121385","한우(등심)","","2024","한우/냉장/1등급/등심/구이,스테이크용/0.7cm 구이용 슬라이스/0.5kg"
"축산물","한우","한우(등심)","1121386","한우(등심)","","2024","한우/냉장/1등급/등심/구이,스테이크용/0.7cm 구이용 슬라이스/0.3kg"
"축산물","한우","한우(목심)","1121387","한우(목심)","","2024","한우/냉장/무항생제/목심/샤브용/0.2*4*5 (cm)/1kg"
"축산물","한우","한우(목심)","1121388","한우(목심)","","2024","한우/냉장/무항생제/목심/샤브용/0.2*4*5 (cm)/0.5kg"
"축산물","한우","한우(목심)","1121389","한우(목심)","","2024","한우/냉장/무항생제/목심/샤브용/0.2*4*5 (cm)/0.3kg"
"축산물","한우","한우(목심)","1121390","한우(목심)","","2024년","한우/냉장/2등급/목심/샤브용/0.2*4*5 (cm)/1kg"
"축산물","한우","한우(목심)","1121391","한우(목심)","","2024년","한우/냉장/2등급/목심/샤브용/0.2*4*5 (cm)/0.5kg"
"축산물","한우","한우(목심)","1121392","한우(목심)","","2024년","한우/냉장/2등급/목심/샤브용/0.2*4*5 (cm)/0.3kg"
"축산물","한우","한우(목심)","1121393","한우(목심)","","2024","한우/냉장/1등급/목심/샤브용/0.2*4*5 (cm)/0.5kg"
"축산물","한우","한우(목심)","1121394","한우(목심)","","2024","한우/냉장/1등급/목심/샤브용/0.2*4*5 (cm)/1kg"
"축산물","한우","한우(목심)","1121395","한우(목심)","","2024","한우/냉장/무항생제/목심/샤브용/0.2*4*5 (cm)/0.3kg"
"축산물","한우","한우(목심)","1121396","한우(목심)","","2024","한우/냉장/1등급/목심/불고기/0.2*3*4 (cm)/1kg"
"축산물","한우","한우(목심)","1121397","한우(목심)","","2024","한우/냉장/1등급/목심/불고기/0.2*3*4 (cm)/0.5kg"
"축산물","한우","한우(목심)","1121398","한우(목심)","","2024","한우/냉장/1등급/목심/불고기/0.2*3*4 (cm)/0.3kg"
"축산물","한우","한우(목심)","1121399","한우(목심)","","2024","한우/냉장/무항생제/목심/불고기/0.2*3*4 (cm)/1kg"
"축산물","한우","한우(목심)","1121400","한우(목심)","","2024년","한우/냉장/2등급/목심/불고기/0.2*3*4 (cm)/1kg"
"축산물","한우","한우(목심)","1121401","한우(목심)","","2024","한우/냉장/1등급/목심/샤브용/0.2*4*5 (cm)/0.3kg"
"축산물","한우","한우(목심)","1121402","한우(목심)","","2024","한우/냉장/1등급/목심/샤브용/0.2*4*5 (cm)/1kg"
"축산물","한우","한우(사골)","1121403","한우(사골)","","2024","한우/냉동/2등급/사골/탕,국용/3cm 절단/1kg"
"축산물","한우","한우(사골)","1121404","한우(사골)","","2024년","한우/냉동/2등급/사골/탕,국용/3cm 절단/1kg"
"축산물","한우","한우(사골)","1121405","한우(사골)","","2024","한우/냉동/2등급/사골/탕,국용/3cm 절단/1kg"
"축산물","한우","한우(사골)","1121406","한우(사골)","","2024","한우/냉동/2등급/사골/탕,국용/3cm 절단/1kg"
"축산물","한우","한우(사태)","1121407","한우(사태)","","2024","한우/냉장/무항생제/사태/장조림/2*2*2(cm)/1kg"
"축산물","한우","한우(사태)","1121408","한우(사태)","","2024","한우/냉장/무항생제/사태/장조림/2*2*2(cm)/0.5kg"
"축산물","한우","한우(사태)","1121409","한우(사태)","","2024","한우/냉장/무항생제/사태/장조림/2*2*2(cm)/0.3kg"
"축산물","한우","한우(사태)","1121410","한우(사태)","","2024년","한우/냉장/2등급/사태/수육용/200g~300g 덩어리/1kg"
"축산물","한우","한우(사태)","1121411","한우(사태)","","2024년","한우/냉장/2등급/사태/수육용/200g~300g 덩어리/0.5kg"
"축산물","한우","한우(사태)","1121412","한우(사태)","","2024년","한우/냉장/2등급/사태/수육용/200g~300g 덩어리/0.3kg"
"축산물","한우","한우(사태)","1121413","한우(사태)","","2024","한우/냉장/1등급/사태/장조림/2*2*2(cm)/0.5kg"
"축산물","한우","한우(사태)","1121414","한우(사태)","","2024","한우/냉장/1등급/사태/장조림/2*2*2(cm)/1kg"
"축산물","한우","한우(사태)","1121415","한우(사태)","","2024","한우/냉장/무항생제/사태/장조림/2*2*2(cm)/0.3kg"
"축산물","한우","한우(사태)","1121416","한우(사태)","","2024","한우/냉장/1등급/사태/수육용/200g~300g 덩어리/1kg"
"축산물","한우","한우(사태)","1121417","한우(사태)","","2024","한우/냉장/1등급/사태/수육용/200g~300g 덩어리/0.5kg"
"축산물","한우","한우(사태)","1121418","한우(사태)","","2024","한우/냉장/1등급/사태/수육용/200g~300g 덩어리/0.3kg"
"축산물","한우","한우(사태)","1121419","한우(사태)","","2023","한우/냉장/무항생제/사태/장조림/1kg"
"축산물","한우","한우(사태)","1121420","한우(사태)","","2024년","한우/냉장/2등급/사태/장조림/2*2*2(cm)/1kg"
"축산물","한우","한우(사태)","1121421","한우(사태)","","2024","한우/냉장/1등급/사태/장조림/2*2*2(cm)/0.3kg"
"축산물","한우","한우(사태)","1121422","한우(사태)","","2024","한우/냉장/1등급/사태/장조림/2*2*2(cm)/1kg"
"축산물","한우","한우(설도)","1121423","한우(설도)","","2024","한우/냉장/무항생제/설도/장조림/2*2*2(cm)/1kg"
"축산물","한우","한우(설도)","1121424","한우(설도)","","2024","한우/냉장/무항생제/설도/장조림/2*2*2(cm)/0.5kg"
"축산물","한우","한우(설도)","1121425","한우(설도)","","2024","한우/냉장/무항생제/설도/장조림/2*2*2(cm)/0.3kg"
"축산물","한우","한우(설도)","1121426","한우(설도)","","2024년","한우/냉장/2등급/설도/불고기/0.2*3*4(cm)/1kg"
"축산물","한우","한우(설도)","1121427","한우(설도)","","2024년","한우/냉장/2등급/설도/불고기/0.2*3*4(cm)/0.5kg"
"축산물","한우","한우(설도)","1121428","한우(설도)","","2024년","한우/냉장/2등급/설도/불고기/0.2*3*4(cm)/0.3kg"
"축산물","한우","한우(설도)","1121429","한우(설도)","","2024","한우/냉장/1등급/설도/장조림/2*2*2(cm)/0.5kg"
"축산물","한우","한우(설도)","1121430","한우(설도)","","2024","한우/냉장/1등급/설도/장조림/2*2*2(cm)/1kg"
"축산물","한우","한우(설도)","1121431","한우(설도)","","2024","한우/냉장/무항생제/설도/장조림/2*2*2(cm)/0.3kg"
"축산물","한우","한우(설도)","1121432","한우(설도)","","2024","한우/냉장/1등급/설도/불고기/0.2*3*4(cm)/1kg"
"축산물","한우","한우(설도)","1121433","한우(설도)","","2024","한우/냉장/1등급/설도/불고기/0.2*3*4(cm)/0.5kg"
"축산물","한우","한우(설도)","1121434","한우(설도)","","2024","한우/냉장/1등급/설도/불고기/0.2*3*4(cm)/0.3kg"
"축산물","한우","한우(설도)","1121435","한우(설도)","","2024","한우/냉장/무항생제/설도/샤브용/0.2*4*5 (cm)/1kg"
"축산물","한우","한우(설도)","1121436","한우(설도)","","2024년","한우/냉장/2등급/설도/샤브용/0.2*4*5 (cm)/1kg"
"축산물","한우","한우(설도)","1121437","한우(설도)","","2024","한우/냉장/1등급/설도/장조림/2*2*2(cm)/0.3kg"
"축산물","한우","한우(설도)","1121438","한우(설도)","","2024","한우/냉장/1등급/설도/짜장,카레용/1*1*1 (cm)/1kg"
"축산물","한우","한우(스지)","1121439","한우(스지)","","0","0"
"축산물","한우","한우(스지)","1121440","한우(스지)","","0","0"
"축산물","한우","한우(스지)","1121441","한우(스지)","","0","0"
"축산물","한우","한우(스지)","1121442","한우(스지)","","0","0"
"축산물","한우","한우(안심)","1121443","한우(안심)","","2023","한우/냉장/무항생제/안심/채썰기/1kg"
"축산물","한우","한우(안심)","1121444","한우(안심)","","2023","한우/냉장/무항생제/안심/채썰기/0.5kg"
"축산물","한우","한우(안심)","1121445","한우(안심)","","2023","한우/냉장/무항생제/안심/채썰기/0.3kg"
"축산물","한우","한우(안심)","1121446","한우(안심)","","2024년","한우/냉장/2등급/안심/구이,스테이크용/0.7cm 구이용 슬라이스/1kg"
"축산물","한우","한우(안심)","1121447","한우(안심)","","2024년","한우/냉장/2등급/안심/구이,스테이크용/0.7cm 구이용 슬라이스/0.5kg"
"축산물","한우","한우(안심)","1121448","한우(안심)","","2024년","한우/냉장/2등급/안심/구이,스테이크용/0.7cm 구이용 슬라이스/0.3kg"
"축산물","한우","한우(안심)","1121449","한우(안심)","","2023","한우/냉장/1등급/안심/채썰기/0.3kg"
"축산물","한우","한우(안심)","1121450","한우(안심)","","2023","한우/냉장/1등급/안심/채썰기/0.5kg"
"축산물","한우","한우(안심)","1121451","한우(안심)","","2023","한우/냉장/1등급/안심/채썰기/1kg"
"축산물","한우","한우(안심)","1121452","한우(안심)","","0","00"
"축산물","한우","한우(안심)","1121453","한우(안심)","","0","0"
"축산물","한우","한우(안심)","1121454","한우(안심)","","0","000"
"축산물","한우","한우(양지)","1121455","한우(양지)","","2024","한우/냉장/무항생제/양지/국거리/200g-300g 덩어리/1kg"
"축산물","한우","한우(양지)","1121456","한우(양지)","","2024","한우/냉장/무항생제/양지/국거리/200g-300g 덩어리/0.5kg"
"축산물","한우","한우(양지)","1121457","한우(양지)","","2024","한우/냉장/무항생제/양지/국거리/200g-300g 덩어리/0.3kg"
"축산물","한우","한우(양지)","1121458","한우(양지)","","2024년","한우/냉장/2등급/양지/국거리/0.3*2*3(cm)/1kg"
"축산물","한우","한우(양지)","1121459","한우(양지)","","2024년","한우/냉장/2등급/양지/국거리/0.3*2*3(cm)/0.5kg"
"축산물","한우","한우(양지)","1121460","한우(양지)","","2024년","한우/냉장/2등급/양지/국거리/0.3*2*3(cm)/0.3kg"
"축산물","한우","한우(양지)","1121461","한우(양지)","","2024","한우/냉장/1등급/양지/국거리/200g-300g 덩어리/0.5kg"
"축산물","한우","한우(양지)","1121462","한우(양지)","","2024","한우/냉장/1등급/양지/국거리/200g-300g 덩어리/1kg"
"축산물","한우","한우(양지)","1121463","한우(양지)","","2023","한우/냉장/무항생제/양지/국거리/200g-300g 덩어리/0.3kg"
"축산물","한우","한우(양지)","1121464","한우(양지)","","2024","한우/냉장/2등급/양지/국거리/0.3*2*3(cm)/1kg"
"축산물","한우","한우(양지)","1121465","한우(양지)","","2024","한우/냉장/2등급/양지/국거리/0.3*2*3(cm)/0.5kg"
"축산물","한우","한우(양지)","1121466","한우(양지)","","2024","한우/냉장/2등급/양지/국거리/0.3*2*3(cm)/0.3kg"
"축산물","한우","한우(양지)","1121467","한우(양지)","","2024","한우/냉장/무항생제/양지/국거리/0.3*2*3(cm)/1kg"
"축산물","한우","한우(양지)","1121468","한우(양지)","","2024년","한우/냉장/1등급/양지/국거리/0.3*2*3(cm)/1kg"
"축산물","한우","한우(양지)","1121469","한우(양지)","","2024","한우/냉장/1등급/양지/국거리/200g-300g 덩어리/0.3kg"
"축산물","한우","한우(양지)","1121470","한우(양지)","","2024","한우/냉장/2등급/양지/국거리/200g-300g 덩어리/1kg"
"축산물","한우","한우(우둔)","1121471","한우(우둔)","","2024","한우/냉장/무항생제/우둔/불고기/0.2*3*4 (cm)/1kg"
"축산물","한우","한우(우둔)","1121472","한우(우둔)","","2024","한우/냉장/무항생제/우둔/불고기/0.2*3*4 (cm)/0.5kg"
"축산물","한우","한우(우둔)","1121473","한우(우둔)","","2024","한우/냉장/무항생제/우둔/불고기/0.2*3*4 (cm)/0.3kg"
"축산물","한우","한우(우둔)","1121474","한우(우둔)","","2024년","한우/냉장/2등급/우둔/잡채용/0.3*0.3*5 (cm)/1kg"
"축산물","한우","한우(우둔)","1121475","한우(우둔)","","2024년","한우/냉장/2등급/우둔/잡채용/0.3*0.3*5 (cm)/0.5kg"
"축산물","한우","한우(우둔)","1121476","한우(우둔)","","2024년","한우/냉장/2등급/우둔/잡채용/0.3*0.3*5 (cm)/0.3kg"
"축산물","한우","한우(우둔)","1121477","한우(우둔)","","2024","한우/냉장/1등급/우둔/불고기/0.2*3*4 (cm)/0.5kg"
"축산물","한우","한우(우둔)","1121478","한우(우둔)","","2024","한우/냉장/1등급/우둔/불고기/0.2*3*4 (cm)/1kg"
"축산물","한우","한우(우둔)","1121479","한우(우둔)","","2024","한우/냉장/무항생제/우둔/불고기/0.2*3*4 (cm)/0.3kg"
"축산물","한우","한우(우둔)","1121480","한우(우둔)","","2024","한우/냉장/2등급/우둔/불고기/0.2*3*4 (cm)/1kg"
"축산물","한우","한우(우둔)","1121481","한우(우둔)","","2024","한우/냉장/2등급/우둔/불고기/0.2*3*4 (cm)/0.5kg"
"축산물","한우","한우(우둔)","1121482","한우(우둔)","","2024","한우/냉장/2등급/우둔/불고기/0.2*3*4 (cm)/0.3kg"
"축산물","한우","한우(우둔)","1121483","한우(우둔)","","2024","한우/냉장/무항생제/우둔/다짐육/0.5cm 다짐육/1kg"
"축산물","한우","한우(우둔)","1121484","한우(우둔)","","2024년","한우/냉장/2등급/우둔/불고기/0.2*3*4 (cm)/1kg"
"축산물","한우","한우(우둔)","1121485","한우(우둔)","","2024","한우/냉장/1등급/우둔/불고기/0.2*3*4 (cm)/0.3kg"
"축산물","한우","한우(우둔)","1121486","한우(우둔)","","2024","한우/냉장/2등급/우둔/짜장,카레용/1*1*1(cm)/1kg"
"축산물","한우","한우(잡뼈)","1121487","한우(잡뼈)","","2024","한우/냉동/2등급/잡뼈/탕,국용/3cm 절단/1kg"
"축산물","한우","한우(잡뼈)","1121488","한우(잡뼈)","","0","0"
"축산물","한우","한우(잡뼈)","1121489","한우(잡뼈)","","2024","한우/냉동/2등급/잡뼈/탕,국용/3cm 절단/1kg"
"축산물","한우","한우(잡뼈)","1121490","한우(잡뼈)","","2024","한우/냉동/2등급/잡뼈/탕,국용/3cm 절단/1kg"
"축산물","한우","한우(전각)","1121491","한우(전각)","","2023","한우/냉장/무항생제/앞다리/채썰기/1kg"
"축산물","한우","한우(전각)","1121492","한우(전각)","","2023","한우/냉장/무항생제/앞다리/채썰기/0.5kg"
"축산물","한우","한우(전각)","1121493","한우(전각)","","2023","한우/냉장/무항생제/앞다리/채썰기/0.3kg"
"축산물","한우","한우(전각)","1121494","한우(전각)","","2024년","한우/냉장/2등급/앞다리(전각)/불고기/0.3*3*4(cm)/1kg"
"축산물","한우","한우(전각)","1121495","한우(전각)","","2024년","한우/냉장/2등급/앞다리(전각)/불고기/0.3*3*4(cm)/0.5kg"
"축산물","한우","한우(전각)","1121496","한우(전각)","","2024년","한우/냉장/2등급/앞다리(전각)/불고기/0.3*3*4(cm)/0.3kg"
"축산물","한우","한우(전각)","1121497","한우(전각)","","2023","한우/냉장/1등급/앞다리(전각)/채썰기/0.5kg"
"축산물","한우","한우(전각)","1121498","한우(전각)","","2023","한우/냉장/1등급/앞다리(전각)/채썰기/1kg"
"축산물","한우","한우(전각)","1121499","한우(전각)","","2023","한우/냉장/2등급/앞다리(전각)/채썰기/0.3kg"
"축산물","한우","한우(전각)","1121500","한우(전각)","","2024","한우/냉장/1등급/앞다리(전각)/불고기/0.3*3*4(cm)/1kg"
"축산물","한우","한우(전각)","1121501","한우(전각)","","2024","한우/냉장/1등급/앞다리(전각)/불고기/0.3*3*4(cm)/0.5kg"
"축산물","한우","한우(전각)","1121502","한우(전각)","","2024","한우/냉장/1등급/앞다리(전각)/불고기/0.3*3*4(cm)/0.3kg"
"축산물","한우","한우(전각)","1121503","한우(전각)","","2024","한우/냉장/무항생제/앞다리(전각)/국거리,세절/0.3*2*3 (cm)/1kg"
"축산물","한우","한우(전각)","1121504","한우(전각)","","2024년","한우/냉장/2등급/앞다리(전각)/국거리,세절/0.3*2*3 (cm)/1kg"
"축산물","한우","한우(전각)","1121505","한우(전각)","","2023","한우/냉장/1등급/앞다리(전각)/채썰기/0.3kg"
"축산물","한우","한우(전각)","1121506","한우(전각)","","2024","한우/냉장/2등급/앞다리(전각)/불고기/0.3*3*4(cm)/1kg"
"축산물","한우","한우(채끝)","1121507","한우(채끝)","","2024","한우/냉장/무항생제/채끝/불고기/0.3*3*4(cm)/1kg"
"축산물","한우","한우(채끝)","1121508","한우(채끝)","","2024","한우/냉장/무항생제/채끝/불고기/0.3*3*4(cm)/0.5kg"
"축산물","한우","한우(채끝)","1121509","한우(채끝)","","2024","한우/냉장/무항생제/채끝/불고기/0.3*3*4(cm)/0.3kg"
"축산물","한우","한우(채끝)","1121510","한우(채끝)","","2024년","한우/냉장/2등급/채끝/구이,스테이크용/0.7cm 구이용 슬라이스/1kg"
"축산물","한우","한우(채끝)","1121511","한우(채끝)","","2024년","한우/냉장/2등급/채끝/구이,스테이크용/0.7cm 구이용 슬라이스/0.5kg"
"축산물","한우","한우(채끝)","1121512","한우(채끝)","","2024년","한우/냉장/2등급/채끝/구이,스테이크용/0.7cm 구이용 슬라이스/0.3kg"
"축산물","한우","한우(채끝)","1121513","한우(채끝)","","2023","한우/냉장/1등급/채끝/채썰기/0.3kg"
"축산물","한우","한우(채끝)","1121514","한우(채끝)","","2023","한우/냉장/1등급/채끝/채썰기/0.5kg"
"축산물","한우","한우(채끝)","1121515","한우(채끝)","","2023","한우/냉장/1등급/채끝/채썰기/1kg"
"축산물","한우","한우(채끝)","1121516","한우(채끝)","","0","0"
"축산물","한우","한우(채끝)","1121517","한우(채끝)","","0","00"
"축산물","한우","한우(채끝)","1121518","한우(채끝)","","0","000"
"축산물","가금류","닭고기","1121519","닭고기/절단육(껍질무)/마니커","닭터의자연","2024년","닭고기/무항생제/절단육(껍질무)/뼈있음/조각당 50g내외/진공포장/1kg"
"축산물","가금류","닭고기","1121520","닭고기/절단육(껍질유)/마니커","닭터의자연","2024년","닭고기/무항생제/절단육(껍질유)/뼈있음/조각당 30g내외/진공포장/1kg"
"축산물","가금류","닭고기","1121521","닭고기/절단육(껍질유)/마니커","닭터의자연","2024년","닭고기/무항생제/절단육(껍질유)/뼈있음/조각당 40g내외/진공포장/1kg"
"축산물","가금류","닭고기","1121522","닭고기/절단육(껍질유)/마니커","닭터의자연","2024년","닭고기/무항생제/절단육(껍질유)/뼈있음/조각당 50g내외/진공포장/1kg"
"축산물","가금류","닭고기","1121523","닭고기/북채(닭다리)/마니커","닭터의자연","2024년","닭고기/무항생제/북채(닭다리)/뼈있음/1EA당 90~95g내외/칼집선택가능/진공포장/1kg"
"축산물","가금류","닭고기","1121524","닭고기/북채(닭다리)/마니커","닭터의자연","2024년","닭고기/무항생제/북채(닭다리)/뼈있음/1EA당 90~95g내외/칼집선택가능/진공포장/500g"
"축산물","가금류","닭고기","1121525","닭고기/안심/마니커","닭터의자연","2024년","닭고기/무항생제/안심/뼈없음/1㎝×1㎝깍뚝/진공포장/1kg"
"축산물","가금류","닭고기","1121526","닭고기/안심/마니커","닭터의자연","2024년","닭고기/무항생제/안심/뼈없음/1㎝×1㎝깍뚝/진공포장/500g"
"축산물","가금류","닭고기","1121527","닭고기/안심/마니커","닭터의자연","2024년","닭고기/무항생제/안심/뼈없음/2각(가로)/약15g내외/진공포장/1kg"
"축산물","가금류","닭고기","1121528","닭고기/안심/마니커","닭터의자연","2024년","닭고기/무항생제/안심/뼈없음/2각(가로)/약15g내외/진공포장/500g"
"축산물","가금류","닭고기","1121529","닭고기/안심/마니커","닭터의자연","2024년","닭고기/무항생제/안심/뼈없음/통(약30g내외)/진공포장/1kg"
"축산물","가금류","닭고기","1121530","닭고기/안심/마니커","닭터의자연","2024년","닭고기/무항생제/안심/뼈없음/통(약30g내외)/진공포장/500g"
"축산물","가금류","닭고기","1121531","닭고기/정육(껍질무)/마니커","닭터의자연","2024년","닭고기/무항생제/정육(껍질무)/뼈없음/3㎝×3㎝깍뚝(15g)/진공포장/1kg"
"축산물","가금류","닭고기","1121532","닭고기/정육(껍질무)/마니커","닭터의자연","2024년","닭고기/무항생제/정육(껍질무)/뼈없음/3㎝×3㎝깍뚝(15g)/진공포장/500g"
"축산물","돈육","돈육(전지)","1121622","돈육(전지)","","2024","돈육/냉장/앞다리/불고기용/0.2*4*5(cm)/1kg"
"축산물","가금류","닭고기","1121533","닭고기/정육(껍질무)/마니커","닭터의자연","2024년","닭고기/무항생제/정육(껍질무)/뼈없음/4㎝×4㎝깍뚝(30g)/진공포장/1kg"
"축산물","가금류","닭고기","1121534","닭고기/정육(껍질무)/마니커","닭터의자연","2024년","닭고기/무항생제/정육(껍질무)/뼈없음/4㎝×4㎝깍뚝(30g)/진공포장/500g"
"축산물","가금류","닭고기","1121535","닭고기/정육(껍질무)/마니커","닭터의자연","2024년","닭고기/무항생제/정육(껍질무)/뼈없음/1㎝×1㎝깍뚝/진공포장/1kg"
"축산물","가금류","닭고기","1121536","닭고기/정육(껍질무)/마니커","닭터의자연","2024년","닭고기/무항생제/정육(껍질무)/뼈없음/1㎝×1㎝깍뚝/진공포장/500g"
"축산물","가금류","닭고기","1121537","닭고기/정육(껍질무)/마니커","닭터의자연","2024년","닭고기/무항생제/정육(껍질무)/뼈없음/다짐육(민찌)/진공포장/1kg"
"축산물","가금류","닭고기","1121538","닭고기/정육(껍질무)/마니커","닭터의자연","2024년","닭고기/무항생제/정육(껍질무)/뼈없음/다짐육(민찌)/진공포장/500g"
"축산물","가금류","닭고기","1121539","닭고기/정육(껍질무)/마니커","닭터의자연","2024년","닭고기/무항생제/정육(껍질무)/뼈없음/채썰기(1㎝×1㎝×5 내외, 핑거모양)/진공포장/1kg"
"축산물","가금류","닭고기","1121540","닭고기/정육(껍질무)/마니커","닭터의자연","2024년","닭고기/무항생제/정육(껍질무)/뼈없음/채썰기(1㎝×1㎝×5 내외, 핑거모양)/진공포장/500g"
"축산물","가금류","닭고기","1121541","닭고기/정육(껍질무)/마니커","닭터의자연","2024년","닭고기/무항생제/정육(껍질무)/뼈없음/통(80g,130g내외선택가능)/진공포장/1kg"
"축산물","가금류","닭고기","1121542","닭고기/정육(껍질무)/마니커","닭터의자연","2024년","닭고기/무항생제/정육(껍질무)/뼈없음/통(80g,130g내외선택가능)/진공포장/500g"
"축산물","가금류","닭고기","1121543","닭고기/정육(껍질유)/마니커","닭터의자연","2024년","닭고기/무항생제/정육(껍질유)/뼈없음/3㎝×3㎝깍뚝(15g)/진공포장/1kg"
"축산물","가금류","닭고기","1121544","닭고기/정육(껍질유)/마니커","닭터의자연","2024년","닭고기/무항생제/정육(껍질유)/뼈없음/3㎝×3㎝깍뚝(15g)/진공포장/500g"
"축산물","가금류","닭고기","1121545","닭고기/정육(껍질유)/마니커","닭터의자연","2024년","닭고기/무항생제/정육(껍질유)/뼈없음/4㎝×4㎝깍뚝(30g)/진공포장/1kg"
"축산물","가금류","닭고기","1121546","닭고기/정육(껍질유)/마니커","닭터의자연","2024년","닭고기/무항생제/정육(껍질유)/뼈없음/4㎝×4㎝깍뚝(30g)/진공포장/500g"
"축산물","가금류","닭고기","1121547","닭고기/정육(껍질유)/마니커","닭터의자연","2024년","닭고기/무항생제/정육(껍질유)/뼈없음/1㎝×1㎝깍뚝/진공포장/1kg"
"축산물","가금류","닭고기","1121548","닭고기/정육(껍질유)/마니커","닭터의자연","2024년","닭고기/무항생제/정육(껍질유)/뼈없음/1㎝×1㎝깍뚝/진공포장/500g"
"축산물","가금류","닭고기","1121549","닭고기/정육(껍질유)/마니커","닭터의자연","2024년","닭고기/무항생제/정육(껍질유)/뼈없음/다짐육(민찌)/진공포장/1kg"
"축산물","가금류","닭고기","1121550","닭고기/정육(껍질유)/마니커","닭터의자연","2024년","닭고기/무항생제/정육(껍질유)/뼈없음/다짐육(민찌)/진공포장/500g"
"축산물","가금류","닭고기","1121551","닭고기/정육(껍질유)/마니커","닭터의자연","2024년","닭고기/무항생제/정육(껍질유)/뼈없음/이등분(약 45g내외)/진공포장/1kg"
"축산물","가금류","닭고기","1121552","닭고기/정육(껍질유)/마니커","닭터의자연","2024년","닭고기/무항생제/정육(껍질유)/뼈없음/이등분(약 45g내외)/진공포장/500g"
"축산물","가금류","닭고기","1121553","닭고기/정육(껍질유)/마니커","닭터의자연","2024년","닭고기/무항생제/정육(껍질유)/뼈없음/통(90g,140g(내외)선택가능)/진공포장/1kg"
"축산물","가금류","닭고기","1121554","닭고기/정육(껍질유)/마니커","닭터의자연","2024년","닭고기/무항생제/정육(껍질유)/뼈없음/통(90g,140g(내외)선택가능)/진공포장/500g"
"축산물","가금류","닭고기","1121555","닭고기/통닭1/2각(껍질유)/마니커","닭터의자연","2024년","닭고기/무항생제/통닭1/2각(껍질유)/뼈있음/개체포장/1kg"
"축산물","가금류","닭고기","1121556","닭고기/통닭(껍질유)/마니커","닭터의자연","2024년","닭고기/무항생제/통닭(껍질유)/뼈있음/개체포장/1kg"
"축산물","가금류","닭고기","1121557","닭고기/절단육(껍질무)/올품","주식회사 올품","2024년","닭고기/무항생제/뼈있음/절단육(무)30g 1kg "
"축산물","가금류","닭고기","1121558","닭고기/통닭(껍질유)/올품","주식회사 올품","2024년","닭고기/무항생제/뼈있음/통닭(유) 1수"
"축산물","가금류","닭고기","1121559","닭고기/통닭1/2각(껍질유)/올품","주식회사 올품","2024년","닭고기/무항생제/뼈있음/통닭(유) 2각 1수"
"축산물","가금류","닭고기","1121560","닭고기/통닭(껍질무)/올품","주식회사 올품","2024년","닭고기/무항생제/뼈있음/통닭(무) 1수"
"축산물","가금류","닭고기","1121561","닭고기/통닭1/2각(껍질무)/올품","주식회사 올품","2024년","닭고기/무항생제/뼈있음/통닭(무) 2각 1수"
"축산물","가금류","닭고기","1121562","닭고기/가슴살(껍질무)/올품","주식회사 올품","2024년","닭고기/무항생제/뼈없음/가슴살10g(2X2) 500g"
"축산물","가금류","닭고기","1121563","(무항생제)닭안심1*1조각500g","주식회사 올품","2024년","무항생제 닭안심 / 1*1 조각 / 볶음밥용 / 500g 포장"
"축산물","가금류","닭고기","1121564","닭고기/정육(껍질유)/올품","주식회사 올품","2024년","닭고기/무항생제/뼈없음/정육(껍질유)10g(2X2) 500g"
"축산물","가금류","닭고기","1121565","닭고기/정육(껍질무)/올품","주식회사 올품","2024년","닭고기/무항생제/뼈없음/정육(무)10g(2x2) 500g"
"축산물","가금류","닭고기","1121566","닭고기/정육(껍질무)/한국육계유통","체리부로","2024년","닭고기/무항생제/정육(껍질무)/뼈없음/다리살/다짐육(민찌)/1kg"
"축산물","가금류","닭고기","1121567","닭고기/정육(껍질유)/한국육계유통","체리부로","2024년","닭고기/무항생제/정육(껍질유)/뼈없음/다리살/통,140g~160g/1kg"
"축산물","가금류","닭고기","1121568","닭고기/정육(껍질유)/한국육계유통","체리부로","2024년","닭고기/무항생제/정육(껍질유)/뼈없음/다리살/1㎝×1㎝(10g)/1kg"
"축산물","가금류","닭고기","1121569","닭고기/정육(껍질유)/한국육계유통","체리부로","2024년","닭고기/무항생제/정육(껍질유)/뼈없음/다리살/2㎝×2㎝(15g)/1kg"
"축산물","가금류","닭고기","1121570","닭고기/정육(껍질유)/한국육계유통","체리부로","2024년","닭고기/무항생제/정육(껍질유)/뼈없음/다리살/3㎝×3㎝(20g~25g)/1kg"
"축산물","가금류","닭고기","1121571","닭고기/정육(껍질유)/한국육계유통","체리부로","2024년","닭고기/무항생제/정육(껍질유)/뼈없음/다리살/1㎝×5㎝/1kg"
"축산물","가금류","닭고기","1121572","닭고기/정육(껍질유)/한국육계유통","체리부로","2024년","닭고기/무항생제/정육(껍질유)/뼈없음/다리살/2㎝×5㎝/1kg"
"축산물","가금류","닭고기","1121573","닭고기/정육(껍질유)/한국육계유통","체리부로","2024년","닭고기/무항생제/정육(껍질유)/뼈없음/스테이크용/40g/1kg"
"축산물","가금류","닭고기","1121574","닭고기/정육(껍질유)/한국육계유통","체리부로","2024년","닭고기/무항생제/정육(껍질유)/뼈없음/다리살/다짐육(민찌)/1kg"
"축산물","가금류","닭고기","1121575","닭고기/통날개/한국육계유통","체리부로","2024년","닭고기/무항생제/통날개/뼈있음/후라이드,닭찜,볶음,구이 등/개당70g~80g/1kg"
"축산물","가금류","닭고기","1121576","닭고기/통다리(장각)/한국육계유통","체리부로","2024년","닭고기/무항생제/통다리(장각)/뼈있음/닭찜, 후라이드,치킨,숯불구이 등/개당/200g"
"축산물","가금류","닭고기","1121577","닭고기/통닭1/2각(껍질무)/한국육계유통","체리부로","2024년","닭고기/무항생제/통닭1/2각(껍질무)/뼈있음/2각/닭찜,백숙,닭죽 등/500g"
"축산물","가금류","닭고기","1121578","닭고기/통닭1/2각(껍질유)/한국육계유통","체리부로","2024년","닭고기/무항생제/통닭1/2각(껍질유)/뼈있음/2각/닭찜,백숙,닭죽 등/600g"
"축산물","가금류","닭고기","1121579","닭고기/통닭(껍질무)/한국육계유통","체리부로","2024년","닭고기/무항생제/통닭(껍질무)/뼈있음/닭찜,백숙,닭죽 등/1kg"
"축산물","가금류","닭고기","1121580","닭고기/통닭(껍질유)/한국육계유통","체리부로","2024년","닭고기/무항생제/통닭(껍질유)/뼈있음/닭찜,백숙,닭죽 등/1.1kg"
"축산물","돈육","돈육(후지)","1121581","돈육(후지)","","2023-2024","돈육/냉장/무항생제/후지/깍둑썰기/0.3kg"
"축산물","돈육","돈육(후지)","1121582","돈육(후지)","","2023-2024","돈육/냉장/무항생제/후지/깍둑썰기/0.5kg"
"축산물","돈육","돈육(후지)","1121583","돈육(후지)","","2023-2024","돈육/냉장/무항생제/후지/깍둑썰기/1kg"
"축산물","돈육","돈육(후지)","1121584","돈육(후지)","","2024","돈육/냉장/무항생제/뒷다리/다짐육/0.3kg"
"축산물","돈육","돈육(후지)","1121585","돈육(후지)","","2024","돈육/냉장/무항생제/뒷다리/다짐육/0.5kg"
"축산물","돈육","돈육(후지)","1121586","돈육(후지)","","2024","돈육/냉장/무항생제/뒷다리/다짐육/1kg"
"축산물","돈육","돈육(후지)","1121587","돈육(후지)","","2023-2024","돈육/냉장/무항생제/후지/수육용/0.3kg"
"축산물","돈육","돈육(후지)","1121588","돈육(후지)","","2023-2024","돈육/냉장/무항생제/후지/수육용/0.5kg"
"축산물","돈육","돈육(후지)","1121589","돈육(후지)","","2023-2024","돈육/냉장/무항생제/후지/수육용/1kg"
"축산물","돈육","돈육(후지)","1121590","돈육(후지)","","2024","돈육/냉장/무항생제/뒷다리/찌개용/0.3*2*3(cm)/0.3kg"
"축산물","돈육","돈육(후지)","1121591","돈육(후지)","","2024","돈육/냉장/무항생제/뒷다리/찌개용/0.3*2*3(cm)/0.5kg"
"축산물","돈육","돈육(후지)","1121592","돈육(후지)","","2024","돈육/냉장/무항생제/뒷다리/찌개용/0.3*2*3(cm)/1kg"
"축산물","돈육","돈육(후지)","1121593","돈육(후지)","","2024","돈육/냉장/무항생제/뒷다리/불고기용/0.2*3*4(cm)/0.3kg"
"축산물","돈육","돈육(후지)","1121594","돈육(후지)","","2024","돈육/냉장/무항생제/뒷다리/불고기용/0.2*3*4(cm)/0.5kg"
"축산물","돈육","돈육(후지)","1121595","돈육(후지)","","2024","돈육/냉장/무항생제/뒷다리/불고기용/0.2*3*4(cm)/1kg"
"축산물","돈육","돈육(후지)","1121596","돈육(후지)","","2023-2024","돈육/냉장/1등급/후지/깍둑썰기/0.3kg"
"축산물","돈육","돈육(후지)","1121597","돈육(후지)","","2023-2024","돈육/냉장/1등급/후지/깍둑썰기/0.5kg"
"축산물","돈육","돈육(후지)","1121598","돈육(후지)","","2023-2024","돈육/냉장/1등급/후지/깍둑썰기/1kg"
"축산물","돈육","돈육(후지)","1121599","돈육(후지)","","2024","돈육/냉장/뒷다리/다짐육/0.3kg"
"축산물","돈육","돈육(후지)","1121600","돈육(후지)","","2024","돈육/냉장/뒷다리/다짐육/0.5kg"
"축산물","돈육","돈육(후지)","1121601","돈육(후지)","","2024","돈육/냉장/뒷다리/다짐육/1kg"
"축산물","돈육","돈육(후지)","1121602","돈육(후지)","","2023-2024","돈육/냉장/1등급/후지/수육용/0.3kg"
"축산물","돈육","돈육(후지)","1121603","돈육(후지)","","2023-2024","돈육/냉장/1등급/후지/수육용/0.5kg"
"축산물","돈육","돈육(후지)","1121604","돈육(후지)","","2023-2024","돈육/냉장/1등급/후지/수육용/1kg"
"축산물","돈육","돈육(후지)","1121605","돈육(후지)","","2024","돈육/냉장/뒷다리/찌개용/0.3*2*3(cm)/0.3kg"
"축산물","돈육","돈육(후지)","1121606","돈육(후지)","","2024","돈육/냉장/뒷다리/찌개용/0.3*2*3(cm)/0.5kg"
"축산물","돈육","돈육(후지)","1121607","돈육(후지)","","2024","돈육/냉장/뒷다리/찌개용/0.3*2*3(cm)/1kg"
"축산물","돈육","돈육(후지)","1121608","돈육(후지)","","2024","돈육/냉장/뒷다리/불고기용/0.2*3*4(cm)/0.3kg"
"축산물","돈육","돈육(후지)","1121609","돈육(후지)","","2024","돈육/냉장/뒷다리/불고기용/0.2*3*4(cm)/0.5kg"
"축산물","돈육","돈육(후지)","1121610","돈육(후지)","","2024","돈육/냉장/뒷다리/불고기용/0.2*3*4(cm)/1kg"
"축산물","돈육","돈육(전지)","1121611","돈육(전지)","","2024","돈육/냉장/앞다리/다짐육/0.3kg"
"축산물","돈육","돈육(전지)","1121612","돈육(전지)","","2024","돈육/냉장/앞다리/다짐육/0.5kg"
"축산물","돈육","돈육(전지)","1121613","돈육(전지)","","2024","돈육/냉장/앞다리/다짐육/1kg"
"축산물","돈육","돈육(전지)","1121614","돈육(전지)","","2024","돈육/냉장/앞다리/찌개용/0.3*2*3(cm)/0.3kg"
"축산물","돈육","돈육(전지)","1121615","돈육(전지)","","2024","돈육/냉장/앞다리/찌개용/0.3*2*3(cm)/0.5kg"
"축산물","돈육","돈육(전지)","1121616","돈육(전지)","","2024","돈육/냉장/앞다리/찌개용/0.3*2*3(cm)/1kg"
"축산물","돈육","돈육(전지)","1121617","돈육(전지)","","2024","돈육/냉장/앞다리/수육용/200g~300g 덩어리/0.3kg"
"축산물","돈육","돈육(전지)","1121618","돈육(전지)","","2024","돈육/냉장/앞다리/수육용/200g~300g 덩어리/0.5kg"
"축산물","돈육","돈육(전지)","1121619","돈육(전지)","","2024","돈육/냉장/앞다리/수육용/200g~300g 덩어리/1kg"
"축산물","돈육","돈육(전지)","1121620","돈육(전지)","","2024","돈육/냉장/앞다리/불고기용/0.2*4*5(cm)/0.3kg"
"축산물","돈육","돈육(전지)","1121621","돈육(전지)","","2024","돈육/냉장/앞다리/불고기용/0.2*4*5(cm)/0.5kg"
"축산물","돈육","돈육(전지)","1121623","돈육(전지)","","2024","돈육/냉장/무항생제/앞다리/다짐육/0.5 다짐육(cm)/0.3kg"
"축산물","돈육","돈육(전지)","1121624","돈육(전지)","","2024","돈육/냉장/무항생제/앞다리/다짐육/0.5 다짐육(cm)/0.5kg"
"축산물","돈육","돈육(전지)","1121625","돈육(전지)","","2024","돈육/냉장/무항생제/앞다리/다짐육/0.5 다짐육(cm)/1kg"
"축산물","돈육","돈육(전지)","1121626","돈육(전지)","","2024","돈육/냉장/무항생제/앞다리/찌개용/0.3*2*3(cm)/0.3kg"
"축산물","돈육","돈육(전지)","1121627","돈육(전지)","","2024","돈육/냉장/무항생제/앞다리/찌개용/0.3*2*3(cm)/0.5kg"
"축산물","돈육","돈육(전지)","1121628","돈육(전지)","","2024","돈육/냉장/무항생제/앞다리/찌개용/0.3*2*3(cm)/1kg"
"축산물","돈육","돈육(전지)","1121629","돈육(전지)","","2024","돈육/냉장/무항생제/앞다리/수육용/200g~300g 덩어리/0.3kg"
"축산물","돈육","돈육(전지)","1121630","돈육(전지)","","2024","돈육/냉장/무항생제/앞다리/수육용/200g~300g 덩어리/0.5kg"
"축산물","돈육","돈육(전지)","1121631","돈육(전지)","","2024","돈육/냉장/무항생제/앞다리/수육용/200g~300g 덩어리/1kg"
"축산물","돈육","돈육(전지)","1121632","돈육(전지)","","2024","돈육/냉장/무항생제/앞다리/불고기용/0.3*3*4(cm)/0.3kg"
"축산물","돈육","돈육(전지)","1121633","돈육(전지)","","2024","돈육/냉장/무항생제/앞다리/불고기용/0.3*3*4(cm)/0.5kg"
"축산물","돈육","돈육(전지)","1121634","돈육(전지)","","2024","돈육/냉장/무항생제/앞다리/불고기용/0.3*3*4(cm)/1kg"
"축산물","돈육","돈육(안심)","1121635","돈육(안심)","","2024","돈육/냉장/안심/장조림용/2*2*2(cm)/0.3kg"
"축산물","돈육","돈육(안심)","1121636","돈육(안심)","","2024","돈육/냉장/안심/장조림용/2*2*2(cm)/0.5kg"
"축산물","돈육","돈육(안심)","1121637","돈육(안심)","","2024","돈육/냉장/안심/장조림용/2*2*2(cm)/1kg"
"축산물","돈육","돈육(안심)","1121638","돈육(안심)","","2024","돈육/냉장/안심/잡채용/0.3*0.3*5(cm)/0.3kg"
"축산물","돈육","돈육(안심)","1121639","돈육(안심)","","2024","돈육/냉장/안심/잡채용/0.3*0.3*5(cm)/0.5kg"
"축산물","돈육","돈육(안심)","1121640","돈육(안심)","","2024","돈육/냉장/안심/잡채용/0.3*0.3*5(cm)/1kg"
"축산물","돈육","돈육(안심)","1121641","돈육(안심)","","2024","돈육/냉장/무항생제/안심/장조림용/2*2*2(cm)/0.3kg"
"축산물","돈육","돈육(안심)","1121642","돈육(안심)","","2024","돈육/냉장/무항생제/안심/장조림용/2*2*2(cm)/0.5kg"
"축산물","돈육","돈육(안심)","1121643","돈육(안심)","","2024","돈육/냉장/무항생제/안심/장조림용/2*2*2(cm)/1kg"
"축산물","돈육","돈육(안심)","1121644","돈육(안심)","","2024","돈육/냉장/무항생제/안심/잡채용/0.3*0.3*5(cm)/0.3kg"
"축산물","돈육","돈육(안심)","1121645","돈육(안심)","","2024","돈육/냉장/무항생제/안심/잡채용/0.3*0.3*5(cm)/0.5kg"
"축산물","돈육","돈육(안심)","1121646","돈육(안심)","","2024","돈육/냉장/무항생제/안심/잡채용/0.3*0.3*5(cm)/1kg"
"축산물","돈육","돈육(삼겹)","1121647","돈육(삼겹)","","2024","돈육/냉장/삼겹/구이용/절단 0.7*4*5(cm)/0.3kg"
"축산물","돈육","돈육(삼겹)","1121648","돈육(삼겹)","","2024","돈육/냉장/삼겹/구이용/절단 0.7*4*5(cm)/0.5kg"
"축산물","돈육","돈육(삼겹)","1121649","돈육(삼겹)","","2024","돈육/냉장/삼겹/구이용/절단 0.7*4*5(cm)/1kg"
"축산물","돈육","돈육(삼겹)","1121650","돈육(삼겹)","","2024","돈육/냉장/삼겹/수육용/200g~300g 덩어리/0.3kg"
"축산물","돈육","돈육(삼겹)","1121651","돈육(삼겹)","","2024","돈육/냉장/삼겹/수육용/200g~300g 덩어리/0.5kg"
"축산물","돈육","돈육(삼겹)","1121652","돈육(삼겹)","","2024","돈육/냉장/삼겹/수육용/200g~300g 덩어리/1kg"
"축산물","돈육","돈육(삼겹)","1121653","돈육(삼겹)","","2024","돈육/냉장/삼겹/불고기용/0.3*3*4(cm)/0.3kg"
"축산물","돈육","돈육(삼겹)","1121654","돈육(삼겹)","","2024","돈육/냉장/삼겹/불고기용/0.3*3*4(cm)/0.5kg"
"축산물","돈육","돈육(삼겹)","1121655","돈육(삼겹)","","2024","돈육/냉장/삼겹/불고기용/0.3*3*4(cm)/1kg"
"축산물","돈육","돈육(삼겹)","1121656","돈육(삼겹)","","2024","돈육/냉장/무항생제/삼겹/구이용/절단 0.7*4*5(cm)/0.3kg"
"축산물","돈육","돈육(삼겹)","1121657","돈육(삼겹)","","2024","돈육/냉장/무항생제/삼겹/구이용/절단 0.7*4*5(cm)/0.5kg"
"축산물","돈육","돈육(삼겹)","1121658","돈육(삼겹)","","2024","돈육/냉장/무항생제/삼겹/구이용/절단 0.7*4*5(cm)/1kg"
"축산물","돈육","돈육(삼겹)","1121659","돈육(삼겹)","","2024","돈육/냉장/무항생제/삼겹/수육용/200g~300g 덩어리/0.3kg"
"축산물","돈육","돈육(삼겹)","1121660","돈육(삼겹)","","2024","돈육/냉장/무항생제/삼겹/수육용/200g~300g 덩어리/0.5kg"
"축산물","돈육","돈육(삼겹)","1121661","돈육(삼겹)","","2024","돈육/냉장/무항생제/삼겹/수육용/200g~300g 덩어리/1kg"
"축산물","돈육","돈육(삼겹)","1121662","돈육(삼겹)","","2024","돈육/냉장/무항생제/삼겹/불고기용/0.3*3*4(cm)/0.3kg"
"축산물","돈육","돈육(삼겹)","1121663","돈육(삼겹)","","2024","돈육/냉장/무항생제/삼겹/불고기용/0.3*3*4(cm)/0.5kg"
"축산물","돈육","돈육(삼겹)","1121664","돈육(삼겹)","","2024","돈육/냉장/무항생제/삼겹/불고기용/0.3*3*4(cm)/1kg"
"축산물","돈육","돈육(사태)","1121665","돈육(사태)","","2024","돈육/냉장/사태/장조림용/2*2*2(cm)/0.3kg"
"축산물","돈육","돈육(사태)","1121666","돈육(사태)","","2024","돈육/냉장/사태/장조림용/2*2*2(cm)/0.5kg"
"축산물","돈육","돈육(사태)","1121667","돈육(사태)","","2024","돈육/냉장/사태/장조림용/2*2*2(cm)/1kg"
"축산물","돈육","돈육(사태)","1121668","돈육(사태)","","2024","돈육/냉장/사태/수육,찜용/200g~300g 덩어리/0.3kg"
"축산물","돈육","돈육(사태)","1121669","돈육(사태)","","2024","돈육/냉장/사태/수육,찜용/200g~300g 덩어리/0.5kg"
"축산물","돈육","돈육(사태)","1121670","돈육(사태)","","2024","돈육/냉장/사태/수육,찜용/200g~300g 덩어리/1kg"
"축산물","돈육","돈육(사태)","1121671","돈육(사태)","","2024","돈육/냉장/무항생제/사태/장조림용/2*2*2(cm)/0.3kg"
"축산물","돈육","돈육(사태)","1121672","돈육(사태)","","2024","돈육/냉장/무항생제/사태/장조림용/2*2*2(cm)/0.5kg"
"축산물","돈육","돈육(사태)","1121673","돈육(사태)","","2024","돈육/냉장/무항생제/사태/장조림용/2*2*2(cm)/1kg"
"축산물","돈육","돈육(사태)","1121674","돈육(사태)","","2024","돈육/냉장/무항생제/사태/수육,찜용/200g~300g 덩어리/0.3kg"
"축산물","돈육","돈육(사태)","1121675","돈육(사태)","","2024","돈육/냉장/무항생제/사태/수육,찜용/200g~300g 덩어리/0.5kg"
"축산물","돈육","돈육(사태)","1121676","돈육(사태)","","2024","돈육/냉장/무항생제/사태/수육,찜용/200g~300g 덩어리/1kg"
"축산물","돈육","돈육(목심)","1121677","돈육(목심)","","2024","돈육/냉장/목살/구이용/0.7*4*5(cm)/0.3kg"
"축산물","돈육","돈육(목심)","1121678","돈육(목심)","","2024","돈육/냉장/목살/구이용/0.7*4*5(cm)/0.5kg"
"축산물","돈육","돈육(목심)","1121679","돈육(목심)","","2024","돈육/냉장/목살/구이용/0.7*4*5(cm)/1kg"
"축산물","돈육","돈육(목심)","1121680","돈육(목심)","","2024","돈육/냉장/목살/수육용/200~300g 덩어리/0.3kg"
"축산물","돈육","돈육(목심)","1121681","돈육(목심)","","2024","돈육/냉장/목살/수육용/200~300g 덩어리/0.5kg"
"축산물","돈육","돈육(목심)","1121682","돈육(목심)","","2024","돈육/냉장/목살/수육용/200~300g 덩어리/1kg"
"축산물","돈육","돈육(목심)","1121683","돈육(목심)","","2024","돈육/냉장/목살/스테이크용/0.7cm슬라이스/0.3kg"
"축산물","돈육","돈육(목심)","1121684","돈육(목심)","","2024","돈육/냉장/목살/스테이크용/0.7cm슬라이스/0.5kg"
"축산물","돈육","돈육(목심)","1121685","돈육(목심)","","2024","돈육/냉장/목살/스테이크용/0.7cm슬라이스/1kg"
"축산물","돈육","돈육(목심)","1121686","돈육(목심)","","2024","돈육/냉장/무항생제/목살/구이용/0.7cm슬라이스/0.3kg"
"축산물","돈육","돈육(목심)","1121687","돈육(목심)","","2024","돈육/냉장/무항생제/목살/구이용/0.7cm슬라이스/0.5kg"
"축산물","돈육","돈육(목심)","1121688","돈육(목심)","","2024","돈육/냉장/무항생제/목살/구이용/0.7cm슬라이스/1kg"
"축산물","돈육","돈육(목심)","1121689","돈육(목심)","","2024","돈육/냉장/무항생제/목살/수육용/200~300g 덩어리/0.3kg"
"축산물","돈육","돈육(목심)","1121690","돈육(목심)","","2024","돈육/냉장/무항생제/목살/수육용/200~300g 덩어리/0.5kg"
"축산물","돈육","돈육(목심)","1121691","돈육(목심)","","2024","돈육/냉장/무항생제/목살/수육용/200~300g 덩어리/1kg"
"축산물","돈육","돈육(목심)","1121692","돈육(목심)","","2024","돈육/냉장/무항생제/목살/스테이크용/0.7cm슬라이스/0.3kg"
"축산물","돈육","돈육(목심)","1121693","돈육(목심)","","2024","돈육/냉장/무항생제/목살/스테이크용/0.7cm슬라이스/0.5kg"
"축산물","돈육","돈육(목심)","1121694","돈육(목심)","","2024","돈육/냉장/무항생제/목살/스테이크용/0.7cm슬라이스/1kg"
"축산물","돈육","돈육(등심)","1121695","돈육(등심)","","2024","돈육/냉장/무항생제/등심/돈까스용/개당40g내외/0.3kg"
"축산물","돈육","돈육(등심)","1121696","돈육(등심)","","2024","돈육/냉장/무항생제/등심/돈까스용/개당40g내외/0.5kg"
"축산물","돈육","돈육(등심)","1121697","돈육(등심)","","2024","돈육/냉장/무항생제/등심/돈까스용/개당40g내외/1kg"
"축산물","돈육","돈육(등심)","1121698","돈육(등심)","","2024","돈육/냉장/무항생제/등심/잡채용/0.3*0.3*5(cm)/0.3kg"
"축산물","돈육","돈육(등심)","1121699","돈육(등심)","","2024","돈육/냉장/무항생제/등심/잡채용/0.3*0.3*5(cm)/0.5kg"
"축산물","돈육","돈육(등심)","1121700","돈육(등심)","","2024","돈육/냉장/무항생제/등심/잡채용/0.3*0.3*5(cm)/1kg"
"축산물","돈육","돈육(등심)","1121701","돈육(등심)","","2024","돈육/냉장/무항생제/등심/장조림용/2*2*2(cm)/0.3kg"
"축산물","돈육","돈육(등심)","1121702","돈육(등심)","","2024","돈육/냉장/무항생제/등심/장조림용/2*2*2(cm)/0.5kg"
"축산물","돈육","돈육(등심)","1121703","돈육(등심)","","2024","돈육/냉장/무항생제/등심/장조림용/2*2*2(cm)/1kg"
"축산물","돈육","돈육(등심)","1121704","돈육(등심)","","2024","돈육/냉장/무항생제/등심/탕수육용/1*1*4(cm)/0.3kg"
"축산물","돈육","돈육(등심)","1121705","돈육(등심)","","2024","돈육/냉장/무항생제/등심/탕수육용/1*1*4(cm)/0.5kg"
"축산물","돈육","돈육(등심)","1121706","돈육(등심)","","2024","돈육/냉장/무항생제/등심/탕수육용/1*1*4(cm)/1kg"
"축산물","돈육","돈육(등심)","1121707","돈육(등심)","","2024","돈육/냉장/등심/돈까스용/개당40g내외/0.3kg"
"축산물","돈육","돈육(등심)","1121708","돈육(등심)","","2024","돈육/냉장/등심/돈까스용/개당40g내외/0.5kg"
"축산물","돈육","돈육(등심)","1121709","돈육(등심)","","2024","돈육/냉장/등심/돈까스용/개당40g내외/1kg"
"축산물","돈육","돈육(등심)","1121710","돈육(등심)","","2024","돈육/냉장/등심/잡채용/0.3*0.3*5(cm)/0.3kg"
"축산물","돈육","돈육(등심)","1121711","돈육(등심)","","2024","돈육/냉장/등심/잡채용/0.3*0.3*5(cm)/0.5kg"
"축산물","돈육","돈육(등심)","1121712","돈육(등심)","","2024","돈육/냉장/등심/잡채용/0.3*0.3*5(cm)/1kg"
"축산물","돈육","돈육(등심)","1121713","돈육(등심)","","2024","돈육/냉장/등심/장조림용/2*2*2(cm)/0.3kg"
"축산물","돈육","돈육(등심)","1121714","돈육(등심)","","2024","돈육/냉장/등심/장조림용/2*2*2(cm)/0.5kg"
"축산물","돈육","돈육(등심)","1121715","돈육(등심)","","2024","돈육/냉장/등심/장조림용/2*2*2(cm)/1kg"
"축산물","돈육","돈육(등심)","1121716","돈육(등심)","","2024","돈육/냉장/등심/탕수육용/1*1*4(cm)/0.3kg"
"축산물","돈육","돈육(등심)","1121717","돈육(등심)","","2024","돈육/냉장/등심/탕수육용/1*1*4(cm)/0.5kg"
"축산물","돈육","돈육(등심)","1121718","돈육(등심)","","2024","돈육/냉장/등심/탕수육용/1*1*4(cm)/1kg"
"축산물","돈육","돈육(등갈비)","1121719","돈육(등갈비)","","2024","돈육/냉장/등갈비/1대씩 절단/0.3kg"
"축산물","돈육","돈육(등갈비)","1121720","돈육(등갈비)","","2024","돈육/냉장/등갈비/1대씩 절단/0.5kg"
"축산물","돈육","돈육(등갈비)","1121721","돈육(등갈비)","","2024","돈육/냉장/무항생제/등갈비/1대씩 절단/1kg"
"축산물","돈육","돈육(등갈비)","1121722","돈육(등갈비)","","2024","돈육/냉장/무항생제/등갈비/1대씩 절단/0.3kg"
"축산물","돈육","돈육(등갈비)","1121723","돈육(등갈비)","","2024","돈육/냉장/무항생제/등갈비/1대씩 절단/0.5kg"
"축산물","돈육","돈육(등갈비)","1121724","돈육(등갈비)","","2024","돈육/냉장/등갈비/1대씩 절단/1kg"
"축산물","돈육","돈육(등뼈)","1121725","돈육(등뼈)","","2024","돈육/냉동/등뼈/찜용,탕용/30g내외/1kg"
"축산물","돈육","돈육(등뼈)","1121726","돈육(등뼈)","","2024","돈육/냉동/무항생제/등뼈/찜,탕용/3cm 절단/1kg"
"축산물","돈육","돈육(갈비)","1121727","돈육(갈비)","","2024","돈육/냉동/갈비/찜,탕용/2*3(cm)/1kg"
"축산물","돈육","돈육(갈비)","1121728","돈육(갈비)","","2024","돈육/냉동/갈비/찜,탕용/2*3(cm)/3kg"
"축산물","돈육","돈육(갈비)","1121729","돈육(갈비)","","2024","돈육/냉동/무항생제/갈비/찜,구이용/2.5*3(cm)/1kg"
"축산물","돈육","돈육(갈비)","1121730","돈육(갈비)","","2024","돈육/냉동/무항생제/갈비/찜,구이용/2.5*3(cm)/3kg"
"축산물","한우","한우(목심)","1121892","한우(목심)","","2024","한우/냉장/무항생제/목심/샤브용/0.2*4*5 (cm)/0.5kg"
"축산물","한우","한우(목심)","1121893","한우(목심)","","2024","한우/냉장/무항생제/목심/샤브용/0.2*4*5 (cm)/1kg"
"축산물","한우","한우(목심)","1121894","한우(목심)","","2024","한우/냉장/2등급/목심/샤브용/0.2*4*5 (cm)/0.3kg"
"축산물","한우","한우(목심)","1121895","한우(목심)","","2024","한우/냉장/2등급/목심/샤브용/0.2*4*5 (cm)/0.5kg"
"축산물","한우","한우(목심)","1121896","한우(목심)","","2024","한우/냉장/2등급/목심/샤브용/0.2*4*5 (cm)/1kg"
"축산물","한우","한우(목심)","1121897","한우(목심)","","2024","한우/냉장/1등급/목심/불고기/0.2*3*4 (cm)/0.3kg"
"축산물","한우","한우(목심)","1121898","한우(목심)","","2024","한우/냉장/1등급/목심/불고기/0.2*3*4 (cm)/0.5kg"
"축산물","한우","한우(목심)","1121899","한우(목심)","","2024","한우/냉장/1등급/목심/불고기/0.2*3*4 (cm)/1kg"
"축산물","한우","한우(사태)","1121900","한우(사태)","","2024","한우/냉장/무항생제/사태/장조림/2*2*2(cm)/0.5kg"
"축산물","한우","한우(사태)","1121901","한우(사태)","","2024","한우/냉장/무항생제/사태/장조림/2*2*2(cm)/1kg"
"축산물","한우","한우(사태)","1121902","한우(사태)","","2024","한우/냉장/2등급/사태/장조림/2*2*2(cm)/0.3kg"
"축산물","한우","한우(사태)","1121903","한우(사태)","","2024","한우/냉장/2등급/사태/장조림/2*2*2(cm)/0.5kg"
"축산물","한우","한우(사태)","1121904","한우(사태)","","2024","한우/냉장/2등급/사태/장조림/2*2*2(cm)/1kg"
"축산물","한우","한우(사태)","1121905","한우(사태)","","2023","한우/냉장/1등급/사태/장조림/0.3kg"
"축산물","한우","한우(사태)","1121906","한우(사태)","","2023","한우/냉장/1등급/사태/장조림/0.5kg"
"축산물","한우","한우(사태)","1121907","한우(사태)","","2023","한우/냉장/1등급/사태/장조림/1kg"
"축산물","한우","한우(사태)","1121908","한우(사태)","","2023","한우/냉장/무항생제/사태/장조림/0.3kg"
"축산물","한우","한우(사태)","1121909","한우(사태)","","2023","한우/냉장/무항생제/사태/장조림/0.5kg"
"축산물","한우","한우(사태)","1121910","한우(사태)","","2023","한우/냉장/무항생제/사태/장조림/1kg"
"축산물","한우","한우(사태)","1121911","한우(사태)","","2023","한우/냉장/2등급/사태/장조림/0.3kg"
"축산물","한우","한우(사태)","1121912","한우(사태)","","2023","한우/냉장/2등급/사태/장조림/0.5kg"
"축산물","한우","한우(사태)","1121913","한우(사태)","","2023","한우/냉장/2등급/사태/장조림/1kg"
"축산물","한우","한우(사태)","1121914","한우(사태)","","2024","한우/냉장/1등급/사태/수육용/200g~300g 덩어리/0.3kg"
"축산물","한우","한우(사태)","1121915","한우(사태)","","2024","한우/냉장/1등급/사태/수육용/200g~300g 덩어리/0.5kg"
"축산물","한우","한우(사태)","1121916","한우(사태)","","2024","한우/냉장/1등급/사태/수육용/200g~300g 덩어리/1kg"
"축산물","한우","한우(설도)","1121917","한우(설도)","","2024","한우/냉장/무항생제/설도/장조림/2*2*2(cm)/0.5kg"
"축산물","한우","한우(설도)","1121918","한우(설도)","","2024","한우/냉장/무항생제/설도/장조림/2*2*2(cm)/1kg"
"축산물","한우","한우(설도)","1121919","한우(설도)","","2024","한우/냉장/2등급/설도/장조림/2*2*2(cm)/0.3kg"
"축산물","한우","한우(설도)","1121920","한우(설도)","","2024","한우/냉장/2등급/설도/장조림/2*2*2(cm)/0.5kg"
"축산물","한우","한우(설도)","1121921","한우(설도)","","2024","한우/냉장/2등급/설도/장조림/2*2*2(cm)/1kg"
"축산물","한우","한우(설도)","1121922","한우(설도)","","2024","한우/냉장/1등급/설도/샤브용/0.2*4*5 (cm)/0.3kg"
"축산물","한우","한우(설도)","1121923","한우(설도)","","2024","한우/냉장/1등급/설도/샤브용/0.2*4*5 (cm)/0.5kg"
"축산물","한우","한우(설도)","1121924","한우(설도)","","2024","한우/냉장/1등급/설도/샤브용/0.2*4*5 (cm)/1kg"
"축산물","한우","한우(설도)","1121925","한우(설도)","","2024","한우/냉장/무항생제/설도/샤브용/0.2*4*5 (cm)/0.3kg"
"축산물","한우","한우(설도)","1121926","한우(설도)","","2024","한우/냉장/무항생제/설도/샤브용/0.2*4*5 (cm)/0.5kg"
"축산물","한우","한우(설도)","1121927","한우(설도)","","2024","한우/냉장/무항생제/설도/샤브용/0.2*4*5 (cm)/1kg"
"축산물","한우","한우(설도)","1121928","한우(설도)","","2024","한우/냉장/2등급/설도/샤브용/0.2*4*5 (cm)/0.3kg"
"축산물","한우","한우(설도)","1121929","한우(설도)","","2024","한우/냉장/2등급/설도/샤브용/0.2*4*5 (cm)/0.5kg"
"축산물","한우","한우(설도)","1121930","한우(설도)","","2024","한우/냉장/2등급/설도/샤브용/0.2*4*5 (cm)/1kg"
"축산물","한우","한우(설도)","1121931","한우(설도)","","2024","한우/냉장/1등급/설도/불고기/0.2*3*4(cm)/0.3kg"
"축산물","한우","한우(설도)","1121932","한우(설도)","","2024","한우/냉장/1등급/설도/불고기/0.2*3*4(cm)/0.5kg"
"축산물","한우","한우(설도)","1121933","한우(설도)","","2024","한우/냉장/1등급/설도/불고기/0.2*3*4(cm)/1kg"
"축산물","한우","한우(등심)","1121934","한우(등심)","","2023","한우/냉장/무항생제/등심/채썰기/0.3kg"
"축산물","한우","한우(등심)","1121935","한우(등심)","","2023","한우/냉장/무항생제/등심/채썰기/0.5kg"
"축산물","한우","한우(등심)","1121936","한우(등심)","","2023","한우/냉장/무항생제/등심/채썰기/1kg"
"축산물","한우","한우(등심)","1121937","한우(등심)","","2023","한우/냉장/2등급/등심/채썰기/0.3kg"
"축산물","한우","한우(등심)","1121938","한우(등심)","","2023","한우/냉장/2등급/등심/채썰기/0.5kg"
"축산물","한우","한우(등심)","1121939","한우(등심)","","2023","한우/냉장/2등급/등심/채썰기/1kg"
"축산물","한우","한우(등심)","1121940","한우(등심)","","2024","한우/냉장/1등급/등심/불고기/0.3*3*4(cm)/0.3kg"
"축산물","한우","한우(등심)","1121941","한우(등심)","","2024","한우/냉장/1등급/등심/불고기/0.3*3*4(cm)/0.5kg"
"축산물","한우","한우(등심)","1121942","한우(등심)","","2024","한우/냉장/1등급/등심/불고기/0.3*3*4(cm)/1kg"
"축산물","한우","한우(등심)","1121943","한우(등심)","","2024","한우/냉장/무항생제/등심/불고기/0.3*3*4(cm)/0.3kg"
"축산물","한우","한우(등심)","1121944","한우(등심)","","2024","한우/냉장/무항생제/등심/불고기/0.3*3*4(cm)/0.5kg"
"축산물","한우","한우(등심)","1121945","한우(등심)","","2024","한우/냉장/무항생제/등심/불고기/0.3*3*4(cm)/1kg"
"축산물","한우","한우(등심)","1121946","한우(등심)","","2024","한우/냉장/2등급/등심/불고기/0.3*3*4(cm)/0.3kg"
"축산물","한우","한우(등심)","1121947","한우(등심)","","2024","한우/냉장/2등급/등심/불고기/0.3*3*4(cm)/0.5kg"
"축산물","한우","한우(등심)","1121948","한우(등심)","","2024","한우/냉장/2등급/등심/불고기/0.3*3*4(cm)/1kg"
"축산물","한우","한우(등심)","1121949","한우(등심)","","2024","한우/냉장/1등급/등심/구이,스테이크용/0.7cm 구이용 슬라이스/0.3kg"
"축산물","한우","한우(등심)","1121950","한우(등심)","","2024","한우/냉장/1등급/등심/구이,스테이크용/0.7cm 구이용 슬라이스/0.5kg"
"축산물","한우","한우(등심)","1121951","한우(등심)","","2024","한우/냉장/1등급/등심/구이,스테이크용/0.7cm 구이용 슬라이스/1kg"
"축산물","한우","한우(등심)","1121952","한우(등심)","","2024","한우/냉장/무항생제/등심/구이,스테이크용/0.7cm 구이용 슬라이스/0.3kg"
"축산물","한우","한우(등심)","1121953","한우(등심)","","2024","한우/냉장/무항생제/등심/구이,스테이크용/0.7cm 구이용 슬라이스/0.5kg"
"축산물","한우","한우(등심)","1121954","한우(등심)","","2024","한우/냉장/무항생제/등심/구이,스테이크용/0.7cm 구이용 슬라이스/1kg"
"축산물","한우","한우(등심)","1121955","한우(등심)","","2024","한우/냉장/2등급/등심/구이,스테이크용/0.7cm 구이용 슬라이스/0.3kg"
"축산물","한우","한우(등심)","1121956","한우(등심)","","2024","한우/냉장/2등급/등심/구이,스테이크용/0.7cm 구이용 슬라이스/0.5kg"
"축산물","한우","한우(등심)","1121957","한우(등심)","","2024","한우/냉장/2등급/등심/구이,스테이크용/0.7cm 구이용 슬라이스/1kg"
"축산물","한우","한우(안심)","1121958","한우(안심)","","2023","한우/냉장/무항생제/안심/채썰기/0.3kg"
"축산물","한우","한우(안심)","1121959","한우(안심)","","2023","한우/냉장/무항생제/안심/채썰기/0.5kg"
"축산물","한우","한우(안심)","1121960","한우(안심)","","2023","한우/냉장/무항생제/안심/채썰기/1kg"
"축산물","한우","한우(안심)","1121961","한우(안심)","","2023","한우/냉장/2등급/안심/채썰기/0.3kg"
"축산물","한우","한우(안심)","1121962","한우(안심)","","2023","한우/냉장/2등급/안심/채썰기/0.5kg"
"축산물","한우","한우(안심)","1121963","한우(안심)","","2023","한우/냉장/2등급/안심/채썰기/1kg"
"축산물","한우","한우(안심)","1121964","한우(안심)","","2024","한우/냉장/1등급/안심/불고기/0.3*3*4(cm)/0.3kg"
"축산물","한우","한우(안심)","1121965","한우(안심)","","2024","한우/냉장/1등급/안심/불고기/0.3*3*4(cm)/0.5kg"
"축산물","한우","한우(안심)","1121966","한우(안심)","","2024","한우/냉장/1등급/안심/불고기/0.3*3*4(cm)/1kg"
"축산물","한우","한우(안심)","1121967","한우(안심)","","2024","한우/냉장/무항생제/안심/불고기/0.3*3*4(cm)/0.3kg"
"축산물","한우","한우(안심)","1121968","한우(안심)","","2024","한우/냉장/무항생제/안심/불고기/0.3*3*4(cm)/0.5kg"
"축산물","한우","한우(안심)","1121969","한우(안심)","","2024","한우/냉장/무항생제/안심/불고기/0.3*3*4(cm)/1kg"
"축산물","한우","한우(안심)","1121970","한우(안심)","","2024","한우/냉장/2등급/안심/불고기/0.3*3*4(cm)/0.3kg"
"축산물","한우","한우(안심)","1121971","한우(안심)","","2024","한우/냉장/2등급/안심/불고기/0.3*3*4(cm)/0.5kg"
"축산물","한우","한우(안심)","1121972","한우(안심)","","2024","한우/냉장/2등급/안심/불고기/0.3*3*4(cm)/1kg"
"축산물","한우","한우(안심)","1121973","한우(안심)","","2024","한우/냉장/1등급/안심/구이,스테이크용/0.7cm 구이용 슬라이스/0.3kg"
"축산물","한우","한우(안심)","1121974","한우(안심)","","2024","한우/냉장/1등급/안심/구이,스테이크용/0.7cm 구이용 슬라이스/0.5kg"
"축산물","한우","한우(안심)","1121975","한우(안심)","","2024","한우/냉장/1등급/안심/구이,스테이크용/0.7cm 구이용 슬라이스/1kg"
"축산물","한우","한우(양지)","1121976","한우(양지)","","2023","한우/냉장/무항생제/양지/국거리/200g-300g 덩어리/0.5kg"
"축산물","한우","한우(양지)","1121977","한우(양지)","","2023","한우/냉장/무항생제/양지/국거리/200g-300g 덩어리/1kg"
"축산물","한우","한우(양지)","1121978","한우(양지)","","2023","한우/냉장/2등급/양지/국거리/200g-300g 덩어리/0.3kg"
"축산물","한우","한우(양지)","1121979","한우(양지)","","2023","한우/냉장/2등급/양지/국거리/200g-300g 덩어리/0.5kg"
"축산물","한우","한우(양지)","1121980","한우(양지)","","2023","한우/냉장/2등급/양지/국거리/200g-300g 덩어리/1kg"
"축산물","한우","한우(양지)","1121981","한우(양지)","","2024","한우/냉장/1등급/양지/국거리/0.3*2*3(cm)/0.3kg"
"축산물","한우","한우(양지)","1121982","한우(양지)","","2024","한우/냉장/1등급/양지/국거리/0.3*2*3(cm)/0.5kg"
"축산물","한우","한우(양지)","1121983","한우(양지)","","2024","한우/냉장/1등급/양지/국거리/0.3*2*3(cm)/1kg"
"축산물","한우","한우(우둔)","1121984","한우(우둔)","","2024","한우/냉장/무항생제/우둔/불고기/0.2*3*4 (cm)/0.5kg"
"축산물","한우","한우(우둔)","1121985","한우(우둔)","","2024","한우/냉장/무항생제/우둔/불고기/0.2*3*4 (cm)/1kg"
"축산물","한우","한우(우둔)","1121986","한우(우둔)","","2024","한우/냉장/2등급/우둔/불고기/0.2*3*4 (cm)/0.3kg"
"축산물","한우","한우(우둔)","1121987","한우(우둔)","","2024","한우/냉장/2등급/우둔/불고기/0.2*3*4 (cm)/0.5kg"
"축산물","한우","한우(우둔)","1121988","한우(우둔)","","2024","한우/냉장/2등급/우둔/불고기/0.2*3*4 (cm)/1kg"
"축산물","한우","한우(우둔)","1121989","한우(우둔)","","2024","한우/냉장/1등급/우둔/다짐육/0.5cm 다짐육/0.3kg"
"축산물","한우","한우(우둔)","1121990","한우(우둔)","","2024","한우/냉장/1등급/우둔/다짐육/0.5cm 다짐육/0.5kg"
"축산물","한우","한우(우둔)","1121991","한우(우둔)","","2024","한우/냉장/1등급/우둔/다짐육/0.5cm 다짐육/1kg"
"축산물","한우","한우(우둔)","1121992","한우(우둔)","","2024","한우/냉장/무항생제/우둔/다짐육/0.5cm 다짐육/0.3kg"
"축산물","한우","한우(우둔)","1121993","한우(우둔)","","2024","한우/냉장/무항생제/우둔/다짐육/0.5cm 다짐육/0.5kg"
"축산물","한우","한우(우둔)","1121994","한우(우둔)","","2024","한우/냉장/무항생제/우둔/다짐육/0.5cm 다짐육/1kg"
"축산물","한우","한우(우둔)","1121995","한우(우둔)","","2024","한우/냉장/2등급/우둔/다짐육/0.5cm 다짐육/0.3kg"
"축산물","한우","한우(우둔)","1121996","한우(우둔)","","2024","한우/냉장/2등급/우둔/다짐육/0.5cm 다짐육/0.5kg"
"축산물","한우","한우(우둔)","1121997","한우(우둔)","","2024","한우/냉장/2등급/우둔/다짐육/0.5cm 다짐육/1kg"
"축산물","한우","한우(우둔)","1121998","한우(우둔)","","2024","한우/냉장/1등급/우둔/잡채용/0.3*0.3*5 (cm)/0.3kg"
"축산물","한우","한우(우둔)","1121999","한우(우둔)","","2024","한우/냉장/1등급/우둔/잡채용/0.3*0.3*5 (cm)/0.5kg"
"축산물","한우","한우(우둔)","1122000","한우(우둔)","","2024","한우/냉장/1등급/우둔/잡채용/0.3*0.3*5 (cm)/1kg"
"축산물","한우","한우(우둔)","1122001","한우(우둔)","","2024","한우/냉장/무항생제/우둔/잡채용/0.3*0.3*5 (cm)/0.3kg"
"축산물","한우","한우(우둔)","1122002","한우(우둔)","","2024","한우/냉장/무항생제/우둔/잡채용/0.3*0.3*5 (cm)/0.5kg"
"축산물","한우","한우(우둔)","1122003","한우(우둔)","","2024","한우/냉장/무항생제/우둔/잡채용/0.3*0.3*5 (cm)/1kg"
"축산물","한우","한우(우둔)","1122004","한우(우둔)","","2024","한우/냉장/2등급/우둔/잡채용/0.3*0.3*5 (cm)/0.3kg"
"축산물","한우","한우(우둔)","1122005","한우(우둔)","","2024","한우/냉장/2등급/우둔/잡채용/0.3*0.3*5 (cm)/0.5kg"
"축산물","한우","한우(우둔)","1122006","한우(우둔)","","2024","한우/냉장/2등급/우둔/잡채용/0.3*0.3*5 (cm)/1kg"
"축산물","한우","한우(우둔)","1122007","한우(우둔)","","2024","한우/냉장/1등급/우둔/짜장,카레용/1*1*1(cm)/0.3kg"
"축산물","한우","한우(우둔)","1122008","한우(우둔)","","2024","한우/냉장/1등급/우둔/짜장,카레용/1*1*1(cm)/0.5kg"
"축산물","한우","한우(우둔)","1122009","한우(우둔)","","2024","한우/냉장/1등급/우둔/짜장,카레용/1*1*1(cm)/1kg"
"축산물","한우","한우(전각)","1122010","한우(전각)","","2023","한우/냉장/2등급/앞다리(전각)/채썰기/0.5kg"
"축산물","한우","한우(전각)","1122011","한우(전각)","","2023","한우/냉장/2등급/앞다리(전각)/채썰기/1kg"
"축산물","한우","한우(전각)","1122012","한우(전각)","","2023","한우/냉장/무항생제/앞다리(전각)/채썰기/0.3kg"
"축산물","한우","한우(전각)","1122013","한우(전각)","","2023","한우/냉장/무항생제/앞다리(전각)/채썰기/0.5kg"
"축산물","한우","한우(전각)","1122014","한우(전각)","","2023","한우/냉장/무항생제/앞다리(전각)/채썰기/1kg"
"축산물","한우","한우(전각)","1122015","한우(전각)","","2024","한우/냉장/1등급/앞다리(전각)/국거리,세절/0.3*2*3 (cm)/0.3kg"
"축산물","한우","한우(전각)","1122016","한우(전각)","","2024","한우/냉장/1등급/앞다리(전각)/국거리,세절/0.3*2*3 (cm)/0.5kg"
"축산물","한우","한우(전각)","1122017","한우(전각)","","2024","한우/냉장/1등급/앞다리(전각)/국거리,세절/0.3*2*3 (cm)/1kg"
"축산물","한우","한우(전각)","1122018","한우(전각)","","2024","한우/냉장/2등급/앞다리(전각)/국거리,세절/0.3*2*3 (cm)/0.3kg"
"축산물","한우","한우(전각)","1122019","한우(전각)","","2024","한우/냉장/2등급/앞다리(전각)/국거리,세절/0.3*2*3 (cm)/0.5kg"
"축산물","한우","한우(전각)","1122020","한우(전각)","","2024","한우/냉장/2등급/앞다리(전각)/국거리,세절/0.3*2*3 (cm)/1kg"
"축산물","한우","한우(전각)","1122021","한우(전각)","","2024","한우/냉장/무항생제/앞다리(전각)/국거리,세절/0.3*2*3 (cm)/0.3kg"
"축산물","한우","한우(전각)","1122022","한우(전각)","","2024","한우/냉장/무항생제/앞다리(전각)/국거리,세절/0.3*2*3 (cm)/0.5kg"
"축산물","한우","한우(전각)","1122023","한우(전각)","","2024","한우/냉장/무항생제/앞다리(전각)/국거리,세절/0.3*2*3 (cm)/1kg"
"축산물","한우","한우(전각)","1122024","한우(전각)","","2024","한우/냉장/1등급/앞다리(전각)/불고기/0.3*3*4(cm)/0.3kg"
"축산물","한우","한우(전각)","1122025","한우(전각)","","2024","한우/냉장/1등급/앞다리(전각)/불고기/0.3*3*4(cm)/0.5kg"
"축산물","한우","한우(전각)","1122026","한우(전각)","","2024","한우/냉장/1등급/앞다리(전각)/불고기/0.3*3*4(cm)/1kg"
"축산물","한우","한우(채끝)","1122027","한우(채끝)","","2023","한우/냉장/무항생제/채끝/채썰기/0.3kg"
"축산물","한우","한우(채끝)","1122028","한우(채끝)","","2023","한우/냉장/무항생제/채끝/채썰기/0.5kg"
"축산물","한우","한우(채끝)","1122029","한우(채끝)","","2023","한우/냉장/무항생제/채끝/채썰기/1kg"
"축산물","한우","한우(채끝)","1122030","한우(채끝)","","2023","한우/냉장/2등급/채끝/채썰기/0.3kg"
"축산물","한우","한우(채끝)","1122031","한우(채끝)","","2023","한우/냉장/2등급/채끝/채썰기/0.5kg"
"축산물","한우","한우(채끝)","1122032","한우(채끝)","","2023","한우/냉장/2등급/채끝/채썰기/1kg"
"축산물","한우","한우(채끝)","1122033","한우(채끝)","","2024","한우/냉장/1등급/채끝/불고기/0.3*3*4(cm)/0.3kg"
"축산물","한우","한우(채끝)","1122034","한우(채끝)","","2024","한우/냉장/1등급/채끝/불고기/0.3*3*4(cm)/0.5kg"
"축산물","한우","한우(채끝)","1122035","한우(채끝)","","2024","한우/냉장/1등급/채끝/불고기/0.3*3*4(cm)/1kg"
"축산물","한우","한우(채끝)","1122036","한우(채끝)","","2024","한우/냉장/무항생제/채끝/불고기/0.3*3*4(cm)/0.3kg"
"축산물","한우","한우(채끝)","1122037","한우(채끝)","","2024","한우/냉장/무항생제/채끝/불고기/0.3*3*4(cm)/0.5kg"
"축산물","한우","한우(채끝)","1122038","한우(채끝)","","2024","한우/냉장/무항생제/채끝/불고기/0.3*3*4(cm)/1kg"
"축산물","한우","한우(채끝)","1122039","한우(채끝)","","2024","한우/냉장/2등급/채끝/불고기/0.3*3*4(cm)/0.3kg"
"축산물","한우","한우(채끝)","1122040","한우(채끝)","","2024","한우/냉장/2등급/채끝/불고기/0.3*3*4(cm)/0.5kg"
"축산물","한우","한우(채끝)","1122041","한우(채끝)","","2024","한우/냉장/2등급/채끝/불고기/0.3*3*4(cm)/1kg"
"축산물","한우","한우(채끝)","1122042","한우(채끝)","","2024","한우/냉장/1등급/채끝/구이,스테이크용/0.7cm 구이용 슬라이스/0.3kg"
"축산물","한우","한우(채끝)","1122043","한우(채끝)","","2024","한우/냉장/1등급/채끝/구이,스테이크용/0.7cm 구이용 슬라이스/0.5kg"
"축산물","한우","한우(채끝)","1122044","한우(채끝)","","2024","한우/냉장/1등급/채끝/구이,스테이크용/0.7cm 구이용 슬라이스/1kg"
"축산물","한우","한우(목심)","1122045","한우(목심)","","2024","한우/냉장/무항생제/목심/불고기/0.2*3*4 (cm)/0.3kg"
"축산물","한우","한우(목심)","1122046","한우(목심)","","2024","한우/냉장/무항생제/목심/불고기/0.2*3*4 (cm)/0.5kg"
"축산물","한우","한우(목심)","1122047","한우(목심)","","2024","한우/냉장/무항생제/목심/불고기/0.2*3*4 (cm)/1kg"
"축산물","한우","한우(설도)","1122048","한우(설도)","","2024","한우/냉장/무항생제/설도/불고기/0.2*3*4(cm)/0.3kg"
"축산물","한우","한우(설도)","1122049","한우(설도)","","2024","한우/냉장/무항생제/설도/불고기/0.2*3*4(cm)/0.5kg"
"축산물","한우","한우(설도)","1122050","한우(설도)","","2024","한우/냉장/무항생제/설도/불고기/0.2*3*4(cm)/1kg"
"축산물","한우","한우(양지)","1122051","한우(양지)","","2024","한우/냉장/무항생제/양지/국거리/0.3*2*3(cm)/0.3kg"
"축산물","한우","한우(양지)","1122052","한우(양지)","","2024","한우/냉장/무항생제/양지/국거리/0.3*2*3(cm)/0.5kg"
"축산물","한우","한우(양지)","1122053","한우(양지)","","2024","한우/냉장/무항생제/양지/국거리/0.3*2*3(cm)/1kg"
"축산물","한우","한우(우둔)","1122054","한우(우둔)","","2024","한우/냉장/무항생제/우둔/짜장,카레용/1*1*1(cm)/0.3kg"
"축산물","한우","한우(우둔)","1122055","한우(우둔)","","2024","한우/냉장/무항생제/우둔/짜장,카레용/1*1*1(cm)/0.5kg"
"축산물","한우","한우(우둔)","1122056","한우(우둔)","","2024","한우/냉장/무항생제/우둔/짜장,카레용/1*1*1(cm)/1kg"
"축산물","한우","한우(안심)","1122057","한우(안심)","","2024","한우/냉장/무항생제/안심/구이,스테이크용/0.7cm 구이용 슬라이스/0.3kg"
"축산물","한우","한우(안심)","1122058","한우(안심)","","2024","한우/냉장/무항생제/안심/구이,스테이크용/0.7cm 구이용 슬라이스/0.5kg"
"축산물","한우","한우(안심)","1122059","한우(안심)","","2024","한우/냉장/무항생제/안심/구이,스테이크용/0.7cm 구이용 슬라이스/1kg"
"축산물","한우","한우(사태)","1122060","한우(사태)","","2024","한우/냉장/무항생제/사태/수육용/200g~300g 덩어리/0.3kg"
"축산물","한우","한우(사태)","1122061","한우(사태)","","2024","한우/냉장/무항생제/사태/수육용/200g~300g 덩어리/0.5kg"
"축산물","한우","한우(사태)","1122062","한우(사태)","","2024","한우/냉장/무항생제/사태/수육용/200g~300g 덩어리/1kg"
"축산물","한우","한우(채끝)","1122063","한우(채끝)","","2024","한우/냉장/무항생제/채끝/구이,스테이크용/0.7cm 구이용 슬라이스/0.3kg"
"축산물","한우","한우(채끝)","1122064","한우(채끝)","","2024","한우/냉장/무항생제/채끝/구이,스테이크용/0.7cm 구이용 슬라이스/0.5kg"
"축산물","한우","한우(채끝)","1122065","한우(채끝)","","2024","한우/냉장/무항생제/채끝/구이,스테이크용/0.7cm 구이용 슬라이스/1kg"
"축산물","한우","한우(목심)","1122066","한우(목심)","","2024","한우/냉장/2등급/목심/불고기/0.2*3*4 (cm)/0.3kg"
"축산물","한우","한우(목심)","1122067","한우(목심)","","2024","한우/냉장/2등급/목심/불고기/0.2*3*4 (cm)/0.5kg"
"축산물","한우","한우(목심)","1122068","한우(목심)","","2024","한우/냉장/2등급/목심/불고기/0.2*3*4 (cm)/1kg"
"축산물","한우","한우(사태)","1122069","한우(사태)","","2024","한우/냉장/2등급/사태/수육용/200g~300g 덩어리/0.3kg"
"축산물","한우","한우(사태)","1122070","한우(사태)","","2024","한우/냉장/2등급/사태/수육용/200g~300g 덩어리/0.5kg"
"축산물","한우","한우(사태)","1122071","한우(사태)","","2024","한우/냉장/2등급/사태/수육용/200g~300g 덩어리/1kg"
"축산물","한우","한우(설도)","1122072","한우(설도)","","2024","한우/냉장/2등급/설도/불고기/0.2*3*4(cm)/0.3kg"
"축산물","한우","한우(설도)","1122073","한우(설도)","","2024","한우/냉장/2등급/설도/불고기/0.2*3*4(cm)/0.5kg"
"축산물","한우","한우(설도)","1122074","한우(설도)","","2024","한우/냉장/2등급/설도/불고기/0.2*3*4(cm)/1kg"
"축산물","한우","한우(안심)","1122075","한우(안심)","","2024","한우/냉장/2등급/안심/구이,스테이크용/0.7cm 구이용 슬라이스/0.3kg"
"축산물","한우","한우(안심)","1122076","한우(안심)","","2024","한우/냉장/2등급/안심/구이,스테이크용/0.7cm 구이용 슬라이스/0.5kg"
"축산물","한우","한우(안심)","1122077","한우(안심)","","2024","한우/냉장/2등급/안심/구이,스테이크용/0.7cm 구이용 슬라이스/1kg"
"축산물","한우","한우(양지)","1122078","한우(양지)","","2023","한우/냉장/2등급/양지/국거리/0.3*2*3(cm)/0.3kg"
"축산물","한우","한우(양지)","1122079","한우(양지)","","2023","한우/냉장/2등급/양지/국거리/0.3*2*3(cm)/0.5kg"
"축산물","한우","한우(양지)","1122080","한우(양지)","","2023","한우/냉장/2등급/양지/국거리/0.3*2*3(cm)/1kg"
"축산물","한우","한우(우둔)","1122081","한우(우둔)","","2024","한우/냉장/2등급/우둔/짜장,카레용/1*1*1(cm)/0.3kg"
"축산물","한우","한우(우둔)","1122082","한우(우둔)","","2024","한우/냉장/2등급/우둔/짜장,카레용/1*1*1(cm)/0.5kg"
"축산물","한우","한우(우둔)","1122083","한우(우둔)","","2024","한우/냉장/2등급/우둔/짜장,카레용/1*1*1(cm)/1kg"
"축산물","한우","한우(전각)","1122084","한우(전각)","","2024","한우/냉장/2등급/앞다리(전각)/불고기/0.3*3*4(cm)/0.3kg"
"축산물","한우","한우(전각)","1122085","한우(전각)","","2024","한우/냉장/2등급/앞다리(전각)/불고기/0.3*3*4(cm)/0.5kg"
"축산물","한우","한우(전각)","1122086","한우(전각)","","2024","한우/냉장/2등급/앞다리(전각)/불고기/0.3*3*4(cm)/1kg"
"축산물","한우","한우(채끝)","1122087","한우(채끝)","","2024","한우/냉장/2등급/채끝/구이,스테이크용/0.7cm 구이용 슬라이스/0.3kg"
"축산물","한우","한우(채끝)","1122088","한우(채끝)","","2024","한우/냉장/2등급/채끝/구이,스테이크용/0.7cm 구이용 슬라이스/0.5kg"
"축산물","한우","한우(채끝)","1122089","한우(채끝)","","2024","한우/냉장/2등급/채끝/구이,스테이크용/0.7cm 구이용 슬라이스/1kg"
"축산물","한우","한우(전각)","1122090","한우(전각)","","2024","한우/냉장/무항생제/앞다리(전각)/불고기/0.3*3*4(cm)/0.3kg"
"축산물","한우","한우(전각)","1122091","한우(전각)","","2024","한우/냉장/무항생제/앞다리(전각)/불고기/0.3*3*4(cm)/0.5kg"
"축산물","한우","한우(전각)","1122092","한우(전각)","","2024","한우/냉장/무항생제/앞다리(전각)/불고기/0.3*3*4(cm)/1kg"
"축산물","돈육","돈육(목심)","1122093","돈육(목심)","","2024","돈육/냉장/무항생제/목살/구이용/0.7cm슬라이스/0.3kg"
"축산물","돈육","돈육(목심)","1122094","돈육(목심)","","2024","돈육/냉장/무항생제/목살/수육용/200~300g 덩어리/1kg"
"축산물","돈육","돈육(목심)","1122095","돈육(목심)","","2024","돈육/냉장/무항생제/목살/수육용/200~300g 덩어리/0.5kg"
"축산물","돈육","돈육(목심)","1122096","돈육(목심)","","2024","돈육/냉장/무항생제/목살/수육용/200~300g 덩어리/0.3kg"
"축산물","돈육","돈육(목심)","1122097","돈육(목심)","","2024","돈육/냉장/목살/구이용/0.7*4*5(cm)/1kg"
"축산물","돈육","돈육(목심)","1122098","돈육(목심)","","2024","돈육/냉장/목살/구이용/0.7*4*5(cm)/0.5kg"
"축산물","돈육","돈육(목심)","1122099","돈육(목심)","","2024","돈육/냉장/목살/구이용/0.7*4*5(cm)/0.3kg"
"축산물","돈육","돈육(목심)","1122100","돈육(목심)","","2024","돈육/냉장/목살/수육용/200~300g 덩어리/1kg"
"축산물","돈육","돈육(목심)","1122101","돈육(목심)","","2024","돈육/냉장/목살/수육용/200~300g 덩어리/0.5kg"
"축산물","돈육","돈육(목심)","1122102","돈육(목심)","","2024","돈육/냉장/목살/수육용/200~300g 덩어리/0.3kg"
"축산물","돈육","돈육(사태)","1122103","돈육(사태)","","2024","돈육/냉장/무항생제/사태/장조림용/2*2*2(cm)/1kg"
"축산물","돈육","돈육(사태)","1122104","돈육(사태)","","2024","돈육/냉장/무항생제/사태/장조림용/2*2*2(cm)/0.5kg"
"축산물","돈육","돈육(사태)","1122105","돈육(사태)","","2024","돈육/냉장/무항생제/사태/장조림용/2*2*2(cm)/0.3kg"
"축산물","돈육","돈육(사태)","1122106","돈육(사태)","","2024","돈육/냉장/무항생제/사태/수육,찜용/200g~300g 덩어리/1kg"
"축산물","돈육","돈육(사태)","1122107","돈육(사태)","","2024","돈육/냉장/무항생제/사태/수육,찜용/200g~300g 덩어리/0.5kg"
"축산물","돈육","돈육(사태)","1122108","돈육(사태)","","2024","돈육/냉장/무항생제/사태/수육,찜용/200g~300g 덩어리/0.3kg"
"축산물","돈육","돈육(사태)","1122109","돈육(사태)","","2024","돈육/냉장/사태/장조림용/2*2*2(cm)/1kg"
"축산물","돈육","돈육(사태)","1122110","돈육(사태)","","2024","돈육/냉장/사태/장조림용/2*2*2(cm)/0.5kg"
"축산물","돈육","돈육(사태)","1122111","돈육(사태)","","2024","돈육/냉장/사태/장조림용/2*2*2(cm)/0.3kg"
"축산물","돈육","돈육(사태)","1122112","돈육(사태)","","2024","돈육/냉장/사태/수육,찜용/200g~300g 덩어리/1kg"
"축산물","돈육","돈육(사태)","1122113","돈육(사태)","","2024","돈육/냉장/사태/수육,찜용/200g~300g 덩어리/0.5kg"
"축산물","돈육","돈육(사태)","1122114","돈육(사태)","","2024","돈육/냉장/사태/수육,찜용/200g~300g 덩어리/0.3kg"
"축산물","돈육","돈육(삼겹)","1122115","돈육(삼겹)","","2024","돈육/냉장/무항생제/삼겹/구이용/절단 0.7*4*5(cm)/0.3kg"
"축산물","돈육","돈육(삼겹)","1122116","돈육(삼겹)","","2024","돈육/냉장/무항생제/삼겹/수육용/200g~300g 덩어리/1kg"
"축산물","돈육","돈육(삼겹)","1122117","돈육(삼겹)","","2024","돈육/냉장/무항생제/삼겹/수육용/200g~300g 덩어리/0.5kg"
"축산물","돈육","돈육(삼겹)","1122118","돈육(삼겹)","","2024","돈육/냉장/무항생제/삼겹/수육용/200g~300g 덩어리/0.3kg"
"축산물","돈육","돈육(삼겹)","1122119","돈육(삼겹)","","2024","돈육/냉장/무항생제/삼겹/불고기용/0.3*3*4(cm)/1kg"
"축산물","돈육","돈육(삼겹)","1122120","돈육(삼겹)","","2024","돈육/냉장/무항생제/삼겹/불고기용/0.3*3*4(cm)/0.5kg"
"축산물","돈육","돈육(삼겹)","1122121","돈육(삼겹)","","2024","돈육/냉장/무항생제/삼겹/불고기용/0.3*3*4(cm)/0.3kg"
"축산물","돈육","돈육(삼겹)","1122122","돈육(삼겹)","","2024","돈육/냉장/삼겹/구이용/절단 0.7*4*5(cm)/1kg"
"축산물","돈육","돈육(삼겹)","1122123","돈육(삼겹)","","2024","돈육/냉장/삼겹/구이용/절단 0.7*4*5(cm)/0.5kg"
"축산물","돈육","돈육(삼겹)","1122124","돈육(삼겹)","","2024","돈육/냉장/삼겹/구이용/절단 0.7*4*5(cm)/0.3kg"
"축산물","돈육","돈육(삼겹)","1122125","돈육(삼겹)","","2024","돈육/냉장/삼겹/수육용/200g~300g 덩어리/1kg"
"축산물","돈육","돈육(삼겹)","1122126","돈육(삼겹)","","2024","돈육/냉장/삼겹/수육용/200g~300g 덩어리/0.5kg"
"축산물","돈육","돈육(삼겹)","1122127","돈육(삼겹)","","2024","돈육/냉장/삼겹/수육용/200g~300g 덩어리/0.3kg"
"축산물","돈육","돈육(삼겹)","1122128","돈육(삼겹)","","2024","돈육/냉장/삼겹/불고기용/0.3*3*4(cm)/1kg"
"축산물","돈육","돈육(삼겹)","1122129","돈육(삼겹)","","2024","돈육/냉장/삼겹/불고기용/0.3*3*4(cm)/0.5kg"
"축산물","돈육","돈육(삼겹)","1122130","돈육(삼겹)","","2024","돈육/냉장/삼겹/불고기용/0.3*3*4(cm)/0.3kg"
"축산물","돈육","돈육(안심)","1122131","돈육(안심)","","2024","돈육/냉장/무항생제/안심/장조림용/2*2*2(cm)/0.3kg"
"축산물","돈육","돈육(안심)","1122132","돈육(안심)","","2024","돈육/냉장/무항생제/안심/잡채용/0.3*0.3*5(cm)/1kg"
"축산물","돈육","돈육(안심)","1122133","돈육(안심)","","2024","돈육/냉장/무항생제/안심/잡채용/0.3*0.3*5(cm)/0.5kg"
"축산물","돈육","돈육(안심)","1122134","돈육(안심)","","2024","돈육/냉장/무항생제/안심/잡채용/0.3*0.3*5(cm)/0.3kg"
"축산물","돈육","돈육(안심)","1122135","돈육(안심)","","2024","돈육/냉장/안심/장조림용/2*2*2(cm)/1kg"
"축산물","돈육","돈육(안심)","1122136","돈육(안심)","","2024","돈육/냉장/안심/장조림용/2*2*2(cm)/0.5kg"
"축산물","돈육","돈육(안심)","1122137","돈육(안심)","","2024","돈육/냉장/안심/장조림용/2*2*2(cm)/0.3kg"
"축산물","돈육","돈육(안심)","1122138","돈육(안심)","","2024","돈육/냉장/안심/잡채용/0.3*0.3*5(cm)/1kg"
"축산물","돈육","돈육(안심)","1122139","돈육(안심)","","2024","돈육/냉장/안심/잡채용/0.3*0.3*5(cm)/0.5kg"
"축산물","돈육","돈육(안심)","1122140","돈육(안심)","","2024","돈육/냉장/안심/잡채용/0.3*0.3*5(cm)/0.3kg"
"축산물","돈육","돈육(전지)","1122141","돈육(전지)","","2024","돈육/냉장/무항생제/앞다리/다짐육/0.5 다짐육(cm)/0.3kg"
"축산물","돈육","돈육(전지)","1122142","돈육(전지)","","2024","돈육/냉장/무항생제/앞다리/찌개용/0.3*2*3(cm)/1kg"
"축산물","돈육","돈육(전지)","1122143","돈육(전지)","","2024","돈육/냉장/무항생제/앞다리/찌개용/0.3*2*3(cm)/0.5kg"
"축산물","돈육","돈육(전지)","1122144","돈육(전지)","","2024","돈육/냉장/무항생제/앞다리/찌개용/0.3*2*3(cm)/0.3kg"
"축산물","돈육","돈육(전지)","1122145","돈육(전지)","","2024","돈육/냉장/무항생제/앞다리/수육용/200g~300g 덩어리/1kg"
"축산물","돈육","돈육(전지)","1122146","돈육(전지)","","2024","돈육/냉장/무항생제/앞다리/수육용/200g~300g 덩어리/0.5kg"
"축산물","돈육","돈육(전지)","1122147","돈육(전지)","","2024","돈육/냉장/무항생제/앞다리/수육용/200g~300g 덩어리/0.3kg"
"축산물","돈육","돈육(전지)","1122148","돈육(전지)","","2024","돈육/냉장/무항생제/앞다리/불고기용/0.3*3*4(cm)/1kg"
"축산물","돈육","돈육(전지)","1122149","돈육(전지)","","2024","돈육/냉장/무항생제/앞다리/불고기용/0.3*3*4(cm)/0.5kg"
"축산물","돈육","돈육(전지)","1122150","돈육(전지)","","2024","돈육/냉장/무항생제/앞다리/불고기용/0.3*3*4(cm)/0.3kg"
"축산물","돈육","돈육(전지)","1122151","돈육(전지)","","2024","돈육/냉장/앞다리/다짐육/1kg"
"축산물","돈육","돈육(전지)","1122152","돈육(전지)","","2024","돈육/냉장/앞다리/다짐육/0.5kg"
"축산물","돈육","돈육(전지)","1122153","돈육(전지)","","2024","돈육/냉장/앞다리/다짐육/0.3kg"
"축산물","돈육","돈육(전지)","1122154","돈육(전지)","","2024","돈육/냉장/앞다리/찌개용/0.3*2*3(cm)/1kg"
"축산물","돈육","돈육(전지)","1122155","돈육(전지)","","2024","돈육/냉장/앞다리/찌개용/0.3*2*3(cm)/0.5kg"
"축산물","돈육","돈육(전지)","1122156","돈육(전지)","","2023","돈육/냉장/앞다리/찌개용/0.3*2*3(cm)/0.3kg"
"축산물","돈육","돈육(전지)","1122157","돈육(전지)","","2024","돈육/냉장/앞다리/수육용/200g~300g 덩어리/1kg"
"축산물","돈육","돈육(전지)","1122158","돈육(전지)","","2024","돈육/냉장/앞다리/수육용/200g~300g 덩어리/0.5kg"
"축산물","돈육","돈육(전지)","1122159","돈육(전지)","","2024","돈육/냉장/앞다리/수육용/200g~300g 덩어리/0.3kg"
"축산물","돈육","돈육(전지)","1122160","돈육(전지)","","2024","돈육/냉장/앞다리/불고기용/0.2*4*5(cm)/1kg"
"축산물","돈육","돈육(전지)","1122161","돈육(전지)","","2024","돈육/냉장/앞다리/불고기용/0.2*4*5(cm)/0.5kg"
"축산물","돈육","돈육(전지)","1122162","돈육(전지)","","2024","돈육/냉장/앞다리/불고기용/0.2*4*5(cm)/0.3kg"
"축산물","돈육","돈육(후지)","1122163","돈육(후지)","","2023","돈육/냉장/무항생제/후지(뒷다리)/깍둑썰기/0.3kg"
"축산물","돈육","돈육(후지)","1122164","돈육(후지)","","2024","돈육/냉장/무항생제/뒷다리/다짐육/1kg"
"축산물","돈육","돈육(후지)","1122165","돈육(후지)","","2024","돈육/냉장/무항생제/뒷다리/다짐육/0.5kg"
"축산물","돈육","돈육(후지)","1122166","돈육(후지)","","2024","돈육/냉장/무항생제/뒷다리/다짐육/0.3kg"
"축산물","돈육","돈육(후지)","1122167","돈육(후지)","","2023","돈육/냉장/무항생제/후지(뒷다리)/수육용/1kg"
"축산물","돈육","돈육(후지)","1122168","돈육(후지)","","2023","돈육/냉장/무항생제/후지(뒷다리)/수육용/0.5kg"
"축산물","돈육","돈육(후지)","1122169","돈육(후지)","","2023","돈육/냉장/무항생제/후지(뒷다리)/수육용/0.3kg"
"축산물","돈육","돈육(후지)","1122170","돈육(후지)","","2024","돈육/냉장/무항생제/뒷다리/찌개용/0.3*2*3(cm)/1kg"
"축산물","돈육","돈육(후지)","1122171","돈육(후지)","","2024","돈육/냉장/무항생제/뒷다리/찌개용/0.3*2*3(cm)/0.5kg"
"축산물","돈육","돈육(후지)","1122172","돈육(후지)","","2024","돈육/냉장/무항생제/뒷다리/찌개용/0.3*2*3(cm)/0.3kg"
"축산물","돈육","돈육(후지)","1122173","돈육(후지)","","2024","돈육/냉장/무항생제/뒷다리/불고기용/0.2*3*4(cm)/1kg"
"축산물","돈육","돈육(후지)","1122174","돈육(후지)","","2024","돈육/냉장/무항생제/뒷다리/불고기용/0.2*3*4(cm)/0.5kg"
"축산물","돈육","돈육(후지)","1122175","돈육(후지)","","2024","돈육/냉장/무항생제/뒷다리/불고기용/0.2*3*4(cm)/0.3kg"
"축산물","돈육","돈육(후지)","1122176","돈육(후지)","","2023","돈육/냉장/1등급/후지(뒷다리)/깍둑썰기/1kg"
"축산물","돈육","돈육(후지)","1122177","돈육(후지)","","2023","돈육/냉장/1등급/후지(뒷다리)/깍둑썰기/0.5kg"
"축산물","돈육","돈육(후지)","1122178","돈육(후지)","","2023","돈육/냉장/1등급/후지(뒷다리)/깍둑썰기/0.3kg"
"축산물","돈육","돈육(후지)","1122179","돈육(후지)","","2024","돈육/냉장/뒷다리/다짐육/1kg"
"축산물","돈육","돈육(후지)","1122180","돈육(후지)","","2024","돈육/냉장/뒷다리/다짐육/0.5kg"
"축산물","돈육","돈육(후지)","1122181","돈육(후지)","","2024","돈육/냉장/뒷다리/다짐육/0.3kg"
"축산물","돈육","돈육(후지)","1122182","돈육(후지)","","2023","돈육/냉장/1등급/후지(뒷다리)/수육용/1kg"
"축산물","돈육","돈육(후지)","1122183","돈육(후지)","","2023","돈육/냉장/1등급/후지(뒷다리)/수육용/0.5kg"
"축산물","돈육","돈육(후지)","1122184","돈육(후지)","","2023","돈육/냉장/1등급/후지(뒷다리)/수육용/0.3kg"
"축산물","돈육","돈육(후지)","1122185","돈육(후지)","","2024","돈육/냉장/뒷다리/찌개용/0.3*2*3(cm)/1kg"
"축산물","돈육","돈육(후지)","1122186","돈육(후지)","","2024","돈육/냉장/뒷다리/찌개용/0.3*2*3(cm)/0.5kg"
"축산물","돈육","돈육(후지)","1122187","돈육(후지)","","2024","돈육/냉장/뒷다리/찌개용/0.3*2*3(cm)/0.3kg"
"축산물","돈육","돈육(후지)","1122188","돈육(후지)","","2024","돈육/냉장/뒷다리/불고기용/0.2*3*4(cm)/1kg"
"축산물","돈육","돈육(후지)","1122189","돈육(후지)","","2024","돈육/냉장/뒷다리/불고기용/0.2*3*4(cm)/0.5kg"
"축산물","돈육","돈육(후지)","1122190","돈육(후지)","","2024","돈육/냉장/뒷다리/불고기용/0.2*3*4(cm)/0.3kg"
"축산물","돈육","돈육(등심)","1122191","돈육(등심)","","2024","돈육/냉장/무항생제/등심/돈까스용/개당40g내외/0.3kg"
"축산물","돈육","돈육(등심)","1122192","돈육(등심)","","2024","돈육/냉장/무항생제/등심/장조림용/2*2*2(cm)/1kg"
"축산물","돈육","돈육(등심)","1122193","돈육(등심)","","2024","돈육/냉장/무항생제/등심/장조림용/2*2*2(cm)/0.5kg"
"축산물","돈육","돈육(등심)","1122194","돈육(등심)","","2024","돈육/냉장/무항생제/등심/장조림용/2*2*2(cm)/0.3kg"
"축산물","돈육","돈육(등심)","1122195","돈육(등심)","","2024","돈육/냉장/등심/돈까스용/개당40g내외/1kg"
"축산물","돈육","돈육(등심)","1122196","돈육(등심)","","2024","돈육/냉장/등심/돈까스용/개당40g내외/0.5kg"
"축산물","돈육","돈육(등심)","1122197","돈육(등심)","","2024","돈육/냉장/등심/돈까스용/개당40g내외/0.3kg"
"축산물","돈육","돈육(등심)","1122198","돈육(등심)","","2024","돈육/냉장/등심/장조림용/2*2*2(cm)/1kg"
"축산물","돈육","돈육(등심)","1122199","돈육(등심)","","2024","돈육/냉장/등심/장조림용/2*2*2(cm)/0.5kg"
"축산물","돈육","돈육(등심)","1122200","돈육(등심)","","2023","돈육/냉장/등심/장조림용/2*2*2(cm)/0.3kg"
"축산물","돈육","돈육(등뼈)","1122201","돈육(등뼈)","","2024","돈육/냉동/무항생제/등뼈/찜,탕용/3cm 절단/1kg"
"축산물","돈육","돈육(등뼈)","1122202","돈육(등뼈)","","2024","돈육/냉동/등뼈/찜용,탕용/30g내외/1kg"
"축산물","돈육","돈육(등갈비)","1122203","돈육(등갈비)","","2024","돈육/냉장/무항생제/등갈비/1대씩 절단/0.3kg"
"축산물","돈육","돈육(등갈비)","1122204","돈육(등갈비)","","2024","돈육/냉장/등갈비/1대씩 절단/1kg"
"축산물","돈육","돈육(등갈비)","1122205","돈육(등갈비)","","2024","돈육/냉장/등갈비/1대씩 절단/0.5kg"
"축산물","돈육","돈육(등갈비)","1122206","돈육(등갈비)","","2024","돈육/냉장/등갈비/1대씩 절단/0.3kg"
"축산물","돈육","돈육(갈비)","1122207","돈육(갈비)","","2024","돈육/냉동/갈비/찜,탕용/2*3(cm)/1kg"
"축산물","돈육","돈육(갈비)","1122208","돈육(갈비)","","2024","돈육/냉동/갈비/찜,탕용/2*3(cm)/3kg"
"축산물","한우","한우(등심)","1122347","한우(등심)","","2024","한우/냉장/무항생제/등심/불고기/0.3*3*4(cm)/1kg"
"축산물","한우","한우(등심)","1122348","한우(등심)","","2024","한우/냉장/무항생제/등심/불고기/0.3*3*4(cm)/0.5kg"
"축산물","한우","한우(등심)","1122349","한우(등심)","","2024","한우/냉장/무항생제/등심/불고기/0.3*3*4(cm)/0.3kg"
"축산물","한우","한우(등심)","1122350","한우(등심)","","2024","한우/냉장/무항생제/등심/구이,스테이크용/0.7cm 구이용 슬라이스/1kg"
"축산물","한우","한우(등심)","1122351","한우(등심)","","2024","한우/냉장/무항생제/등심/구이,스테이크용/0.7cm 구이용 슬라이스/0.5kg"
"축산물","한우","한우(등심)","1122352","한우(등심)","","2024","한우/냉장/무항생제/등심/구이,스테이크용/0.7cm 구이용 슬라이스/0.3kg"
"축산물","한우","한우(등심)","1122353","한우(등심)","","2023","한우/냉장/1등급/등심/채썰기/1kg"
"축산물","한우","한우(등심)","1122354","한우(등심)","","2023","한우/냉장/1등급/등심/채썰기/0.5kg"
"축산물","한우","한우(등심)","1122355","한우(등심)","","2023","한우/냉장/1등급/등심/채썰기/0.3kg"
"축산물","한우","한우(등심)","1122356","한우(등심)","","2024","한우/냉장/1등급/등심/불고기/0.3*3*4(cm)/1kg"
"축산물","한우","한우(등심)","1122357","한우(등심)","","2024","한우/냉장/1등급/등심/불고기/0.3*3*4(cm)/0.5kg"
"축산물","한우","한우(등심)","1122358","한우(등심)","","2024","한우/냉장/1등급/등심/불고기/0.3*3*4(cm)/0.3kg"
"축산물","한우","한우(등심)","1122359","한우(등심)","","2024","한우/냉장/1등급/등심/구이,스테이크용/0.7cm 구이용 슬라이스/1kg"
"축산물","한우","한우(등심)","1122360","한우(등심)","","2024","한우/냉장/1등급/등심/구이,스테이크용/0.7cm 구이용 슬라이스/0.5kg"
"축산물","한우","한우(등심)","1122361","한우(등심)","","2024","한우/냉장/1등급/등심/구이,스테이크용/0.7cm 구이용 슬라이스/0.3kg"
"축산물","한우","한우(등심)","1122362","한우(등심)","","2023","한우/냉장/2등급/등심/채썰기/1kg"
"축산물","한우","한우(등심)","1122363","한우(등심)","","2023","한우/냉장/2등급/등심/채썰기/0.5kg"
"축산물","한우","한우(등심)","1122364","한우(등심)","","2023","한우/냉장/2등급/등심/채썰기/0.3kg"
"축산물","한우","한우(등심)","1122365","한우(등심)","","2024","한우/냉장/2등급/등심/불고기/0.3*3*4(cm)/1kg"
"축산물","한우","한우(등심)","1122366","한우(등심)","","2024","한우/냉장/2등급/등심/불고기/0.3*3*4(cm)/0.5kg"
"축산물","한우","한우(등심)","1122367","한우(등심)","","2024","한우/냉장/2등급/등심/불고기/0.3*3*4(cm)/0.3kg"
"축산물","한우","한우(등심)","1122368","한우(등심)","","2024","한우/냉장/2등급/등심/구이,스테이크용/0.7cm 구이용 슬라이스/1kg"
"축산물","한우","한우(등심)","1122369","한우(등심)","","2024","한우/냉장/2등급/등심/구이,스테이크용/0.7cm 구이용 슬라이스/0.5kg"
"축산물","한우","한우(등심)","1122370","한우(등심)","","2024","한우/냉장/2등급/등심/구이,스테이크용/0.7cm 구이용 슬라이스/0.3kg"
"축산물","한우","한우(목심)","1122371","한우(목심)","","2024","한우/냉장/무항생제/목심/불고기/0.2*3*4 (cm)/0.5kg"
"축산물","한우","한우(목심)","1122372","한우(목심)","","2024","한우/냉장/무항생제/목심/불고기/0.2*3*4 (cm)/0.3kg"
"축산물","한우","한우(목심)","1122373","한우(목심)","","2024","한우/냉장/1등급/목심/샤브용/0.2*4*5 (cm)/1kg"
"축산물","한우","한우(목심)","1122374","한우(목심)","","2024","한우/냉장/1등급/목심/샤브용/0.2*4*5 (cm)/0.5kg"
"축산물","한우","한우(목심)","1122375","한우(목심)","","2024","한우/냉장/1등급/목심/샤브용/0.2*4*5 (cm)/0.3kg"
"축산물","한우","한우(목심)","1122376","한우(목심)","","2024","한우/냉장/1등급/목심/불고기/0.2*3*4 (cm)/1kg"
"축산물","한우","한우(목심)","1122377","한우(목심)","","2024","한우/냉장/1등급/목심/불고기/0.2*3*4 (cm)/0.5kg"
"축산물","한우","한우(목심)","1122378","한우(목심)","","2024","한우/냉장/1등급/목심/불고기/0.2*3*4 (cm)/0.3kg"
"축산물","한우","한우(목심)","1122379","한우(목심)","","2024","한우/냉장/2등급/목심/샤브용/0.2*4*5 (cm)/1kg"
"축산물","한우","한우(목심)","1122380","한우(목심)","","2024","한우/냉장/2등급/목심/샤브용/0.2*4*5 (cm)/0.5kg"
"축산물","한우","한우(목심)","1122381","한우(목심)","","2024","한우/냉장/2등급/목심/샤브용/0.2*4*5 (cm)/0.3kg"
"축산물","한우","한우(목심)","1122382","한우(목심)","","2024","한우/냉장/2등급/목심/불고기/0.2*3*4 (cm)/1kg"
"축산물","한우","한우(목심)","1122383","한우(목심)","","2024","한우/냉장/2등급/목심/불고기/0.2*3*4 (cm)/0.5kg"
"축산물","한우","한우(목심)","1122384","한우(목심)","","2024","한우/냉장/2등급/목심/불고기/0.2*3*4 (cm)/0.3kg"
"축산물","한우","한우(사태)","1122385","한우(사태)","","2023","한우/냉장/무항생제/사태/장조림/0.5kg"
"축산물","한우","한우(사태)","1122386","한우(사태)","","2023","한우/냉장/무항생제/사태/장조림/0.3kg"
"축산물","한우","한우(사태)","1122387","한우(사태)","","2024","한우/냉장/무항생제/사태/수육용/200g~300g 덩어리/1kg"
"축산물","한우","한우(사태)","1122388","한우(사태)","","2024","한우/냉장/무항생제/사태/수육용/200g~300g 덩어리/0.5kg"
"축산물","한우","한우(사태)","1122389","한우(사태)","","2024","한우/냉장/무항생제/사태/수육용/200g~300g 덩어리/0.3kg"
"축산물","한우","한우(사태)","1122390","한우(사태)","","2024","한우/냉장/1등급/사태/장조림/2*2*2(cm)/1kg"
"축산물","한우","한우(사태)","1122391","한우(사태)","","2024","한우/냉장/1등급/사태/장조림/2*2*2(cm)/0.5kg"
"축산물","한우","한우(사태)","1122392","한우(사태)","","2024","한우/냉장/1등급/사태/장조림/2*2*2(cm)/0.3kg"
"축산물","한우","한우(사태)","1122393","한우(사태)","","2023","한우/냉장/1등급/사태/장조림/1kg"
"축산물","한우","한우(사태)","1122394","한우(사태)","","2023","한우/냉장/1등급/사태/장조림/0.5kg"
"축산물","한우","한우(사태)","1122395","한우(사태)","","2023","한우/냉장/1등급/사태/장조림/0.3kg"
"축산물","한우","한우(사태)","1122396","한우(사태)","","2024","한우/냉장/1등급/사태/수육용/200g~300g 덩어리/1kg"
"축산물","한우","한우(사태)","1122397","한우(사태)","","2024","한우/냉장/1등급/사태/수육용/200g~300g 덩어리/0.5kg"
"축산물","한우","한우(사태)","1122398","한우(사태)","","2024","한우/냉장/1등급/사태/수육용/200g~300g 덩어리/0.3kg"
"축산물","한우","한우(사태)","1122399","한우(사태)","","2024","한우/냉장/2등급/사태/장조림/2*2*2(cm)/1kg"
"축산물","한우","한우(사태)","1122400","한우(사태)","","2024","한우/냉장/2등급/사태/장조림/2*2*2(cm)/0.5kg"
"축산물","한우","한우(사태)","1122401","한우(사태)","","2024","한우/냉장/2등급/사태/장조림/2*2*2(cm)/0.3kg"
"축산물","한우","한우(사태)","1122402","한우(사태)","","2023","한우/냉장/2등급/사태/장조림/1kg"
"축산물","한우","한우(사태)","1122403","한우(사태)","","2023","한우/냉장/2등급/사태/장조림/0.5kg"
"축산물","한우","한우(사태)","1122404","한우(사태)","","2023","한우/냉장/2등급/사태/장조림/0.3kg"
"축산물","한우","한우(사태)","1122405","한우(사태)","","2024","한우/냉장/2등급/사태/수육용/200g~300g 덩어리/1kg"
"축산물","한우","한우(사태)","1122406","한우(사태)","","2024","한우/냉장/2등급/사태/수육용/200g~300g 덩어리/0.5kg"
"축산물","한우","한우(사태)","1122407","한우(사태)","","2024","한우/냉장/2등급/사태/수육용/200g~300g 덩어리/0.3kg"
"축산물","한우","한우(설도)","1122408","한우(설도)","","2024","한우/냉장/무항생제/설도/샤브용/0.2*4*5 (cm)/0.5kg"
"축산물","한우","한우(설도)","1122409","한우(설도)","","2024","한우/냉장/무항생제/설도/샤브용/0.2*4*5 (cm)/0.3kg"
"축산물","한우","한우(설도)","1122410","한우(설도)","","2024","한우/냉장/1등급/설도/장조림/2*2*2(cm)/1kg"
"축산물","한우","한우(설도)","1122411","한우(설도)","","2024","한우/냉장/1등급/설도/장조림/2*2*2(cm)/0.5kg"
"축산물","한우","한우(설도)","1122412","한우(설도)","","2024","한우/냉장/1등급/설도/장조림/2*2*2(cm)/0.3kg"
"축산물","한우","한우(설도)","1122413","한우(설도)","","2024","한우/냉장/1등급/설도/샤브용/0.2*4*5 (cm)/1kg"
"축산물","한우","한우(설도)","1122414","한우(설도)","","2024","한우/냉장/1등급/설도/샤브용/0.2*4*5 (cm)/0.5kg"
"축산물","한우","한우(설도)","1122415","한우(설도)","","2024","한우/냉장/1등급/설도/샤브용/0.2*4*5 (cm)/0.3kg"
"축산물","한우","한우(설도)","1122416","한우(설도)","","2024","한우/냉장/2등급/설도/장조림/2*2*2(cm)/1kg"
"축산물","한우","한우(설도)","1122417","한우(설도)","","2024","한우/냉장/2등급/설도/장조림/2*2*2(cm)/0.5kg"
"축산물","한우","한우(설도)","1122418","한우(설도)","","2024","한우/냉장/2등급/설도/장조림/2*2*2(cm)/0.3kg"
"축산물","한우","한우(설도)","1122419","한우(설도)","","2024","한우/냉장/2등급/설도/샤브용/0.2*4*5 (cm)/1kg"
"축산물","한우","한우(설도)","1122420","한우(설도)","","2024","한우/냉장/2등급/설도/샤브용/0.2*4*5 (cm)/0.5kg"
"축산물","한우","한우(설도)","1122421","한우(설도)","","2024","한우/냉장/2등급/설도/샤브용/0.2*4*5 (cm)/0.3kg"
"축산물","한우","한우(안심)","1122422","한우(안심)","","2024","한우/냉장/무항생제/안심/불고기/0.3*3*4(cm)/1kg"
"축산물","한우","한우(안심)","1122423","한우(안심)","","2024","한우/냉장/무항생제/안심/불고기/0.3*3*4(cm)/0.5kg"
"축산물","한우","한우(안심)","1122424","한우(안심)","","2024","한우/냉장/무항생제/안심/불고기/0.3*3*4(cm)/0.3kg"
"축산물","한우","한우(안심)","1122425","한우(안심)","","2024","한우/냉장/무항생제/안심/구이,스테이크용/0.7cm 구이용 슬라이스/1kg"
"축산물","한우","한우(안심)","1122426","한우(안심)","","2024","한우/냉장/무항생제/안심/구이,스테이크용/0.7cm 구이용 슬라이스/0.5kg"
"축산물","한우","한우(안심)","1122427","한우(안심)","","2024","한우/냉장/무항생제/안심/구이,스테이크용/0.7cm 구이용 슬라이스/0.3kg"
"축산물","한우","한우(안심)","1122428","한우(안심)","","2023","한우/냉장/1등급/안심/채썰기/1kg"
"축산물","한우","한우(안심)","1122429","한우(안심)","","2023","한우/냉장/1등급/안심/채썰기/0.5kg"
"축산물","한우","한우(안심)","1122430","한우(안심)","","2023","한우/냉장/1등급/안심/채썰기/0.3kg"
"축산물","한우","한우(안심)","1122431","한우(안심)","","2024","한우/냉장/1등급/안심/불고기/0.3*3*4(cm)/1kg"
"축산물","한우","한우(안심)","1122432","한우(안심)","","2024","한우/냉장/1등급/안심/불고기/0.3*3*4(cm)/0.5kg"
"축산물","한우","한우(안심)","1122433","한우(안심)","","2024","한우/냉장/1등급/안심/불고기/0.3*3*4(cm)/0.3kg"
"축산물","한우","한우(안심)","1122434","한우(안심)","","2024","한우/냉장/1등급/안심/구이,스테이크용/0.7cm 구이용 슬라이스/1kg"
"축산물","한우","한우(안심)","1122435","한우(안심)","","2024","한우/냉장/1등급/안심/구이,스테이크용/0.7cm 구이용 슬라이스/0.5kg"
"축산물","한우","한우(안심)","1122436","한우(안심)","","2024","한우/냉장/1등급/안심/구이,스테이크용/0.7cm 구이용 슬라이스/0.3kg"
"축산물","한우","한우(안심)","1122437","한우(안심)","","2023","한우/냉장/2등급/안심/채썰기/1kg"
"축산물","한우","한우(안심)","1122438","한우(안심)","","2023","한우/냉장/2등급/안심/채썰기/0.5kg"
"축산물","한우","한우(안심)","1122439","한우(안심)","","2023","한우/냉장/2등급/안심/채썰기/0.3kg"
"축산물","한우","한우(안심)","1122440","한우(안심)","","2024","한우/냉장/2등급/안심/불고기/0.3*3*4(cm)/1kg"
"축산물","한우","한우(안심)","1122441","한우(안심)","","2024","한우/냉장/2등급/안심/불고기/0.3*3*4(cm)/0.5kg"
"축산물","한우","한우(안심)","1122442","한우(안심)","","2024","한우/냉장/2등급/안심/불고기/0.3*3*4(cm)/0.3kg"
"축산물","한우","한우(안심)","1122443","한우(안심)","","2024","한우/냉장/2등급/안심/구이,스테이크용/0.7cm 구이용 슬라이스/1kg"
"축산물","한우","한우(안심)","1122444","한우(안심)","","2024","한우/냉장/2등급/안심/구이,스테이크용/0.7cm 구이용 슬라이스/0.5kg"
"축산물","한우","한우(안심)","1122445","한우(안심)","","2024","한우/냉장/2등급/안심/구이,스테이크용/0.7cm 구이용 슬라이스/0.3kg"
"축산물","한우","한우(양지)","1122446","한우(양지)","","2024","한우/냉장/무항생제/양지/국거리/0.3*2*3(cm)/0.5kg"
"축산물","한우","한우(양지)","1122447","한우(양지)","","2024","한우/냉장/무항생제/양지/국거리/0.3*2*3(cm)/0.3kg"
"축산물","한우","한우(양지)","1122448","한우(양지)","","2024","한우/냉장/1등급/양지/국거리/200g-300g 덩어리/1kg"
"축산물","한우","한우(양지)","1122449","한우(양지)","","2024","한우/냉장/1등급/양지/국거리/200g-300g 덩어리/0.5kg"
"축산물","한우","한우(양지)","1122450","한우(양지)","","2024","한우/냉장/1등급/양지/국거리/200g-300g 덩어리/0.3kg"
"축산물","한우","한우(양지)","1122451","한우(양지)","","2024","한우/냉장/1등급/양지/국거리/0.3*2*3(cm)/1kg"
"축산물","한우","한우(양지)","1122452","한우(양지)","","2024","한우/냉장/1등급/양지/국거리/0.3*2*3(cm)/0.5kg"
"축산물","한우","한우(양지)","1122453","한우(양지)","","2024","한우/냉장/1등급/양지/국거리/0.3*2*3(cm)/0.3kg"
"축산물","한우","한우(양지)","1122454","한우(양지)","","2024","한우/냉장/2등급/양지/국거리/200g-300g 덩어리/1kg"
"축산물","한우","한우(양지)","1122455","한우(양지)","","2024","한우/냉장/2등급/양지/국거리/200g-300g 덩어리/0.5kg"
"축산물","한우","한우(양지)","1122456","한우(양지)","","2024","한우/냉장/2등급/양지/국거리/200g-300g 덩어리/0.3kg"
"축산물","한우","한우(양지)","1122457","한우(양지)","","2024","한우/냉장/2등급/양지/국거리/0.3*2*3(cm)/1kg"
"축산물","한우","한우(양지)","1122458","한우(양지)","","2024","한우/냉장/2등급/양지/국거리/0.3*2*3(cm)/0.5kg"
"축산물","한우","한우(양지)","1122459","한우(양지)","","2024","한우/냉장/2등급/양지/국거리/0.3*2*3(cm)/0.3kg"
"축산물","한우","한우(우둔)","1122460","한우(우둔)","","2024","한우/냉장/무항생제/우둔/다짐육/0.5cm 다짐육/0.5kg"
"축산물","한우","한우(우둔)","1122461","한우(우둔)","","2024","한우/냉장/무항생제/우둔/다짐육/0.5cm 다짐육/0.3kg"
"축산물","한우","한우(우둔)","1122462","한우(우둔)","","2024","한우/냉장/무항생제/우둔/잡채용/0.3*0.3*5 (cm)/1kg"
"축산물","한우","한우(우둔)","1122463","한우(우둔)","","2024","한우/냉장/무항생제/우둔/잡채용/0.3*0.3*5 (cm)/0.5kg"
"축산물","한우","한우(우둔)","1122464","한우(우둔)","","2024","한우/냉장/무항생제/우둔/잡채용/0.3*0.3*5 (cm)/0.3kg"
"축산물","한우","한우(우둔)","1122465","한우(우둔)","","2024","한우/냉장/1등급/우둔/불고기/0.2*3*4 (cm)/1kg"
"축산물","한우","한우(우둔)","1122466","한우(우둔)","","2024","한우/냉장/1등급/우둔/불고기/0.2*3*4 (cm)/0.5kg"
"축산물","한우","한우(우둔)","1122467","한우(우둔)","","2024","한우/냉장/1등급/우둔/불고기/0.2*3*4 (cm)/0.3kg"
"축산물","한우","한우(우둔)","1122468","한우(우둔)","","2024","한우/냉장/1등급/우둔/다짐육/0.5cm 다짐육/1kg"
"축산물","한우","한우(우둔)","1122469","한우(우둔)","","2024","한우/냉장/1등급/우둔/다짐육/0.5cm 다짐육/0.5kg"
"축산물","한우","한우(우둔)","1122470","한우(우둔)","","2024","한우/냉장/1등급/우둔/다짐육/0.5cm 다짐육/0.3kg"
"축산물","한우","한우(우둔)","1122471","한우(우둔)","","2024","한우/냉장/1등급/우둔/잡채용/0.3*0.3*5 (cm)/1kg"
"축산물","한우","한우(우둔)","1122472","한우(우둔)","","2024","한우/냉장/1등급/우둔/잡채용/0.3*0.3*5 (cm)/0.5kg"
"축산물","한우","한우(우둔)","1122473","한우(우둔)","","2024","한우/냉장/1등급/우둔/잡채용/0.3*0.3*5 (cm)/0.3kg"
"축산물","한우","한우(우둔)","1122474","한우(우둔)","","2024","한우/냉장/2등급/우둔/불고기/0.2*3*4 (cm)/1kg"
"축산물","한우","한우(우둔)","1122475","한우(우둔)","","2024","한우/냉장/2등급/우둔/불고기/0.2*3*4 (cm)/0.5kg"
"축산물","한우","한우(우둔)","1122476","한우(우둔)","","2024","한우/냉장/2등급/우둔/불고기/0.2*3*4 (cm)/0.3kg"
"축산물","한우","한우(우둔)","1122477","한우(우둔)","","2024","한우/냉장/2등급/우둔/다짐육/0.5cm 다짐육/1kg"
"축산물","한우","한우(우둔)","1122478","한우(우둔)","","2024","한우/냉장/2등급/우둔/다짐육/0.5cm 다짐육/0.5kg"
"축산물","한우","한우(우둔)","1122479","한우(우둔)","","2024","한우/냉장/2등급/우둔/다짐육/0.5cm 다짐육/0.3kg"
"축산물","한우","한우(우둔)","1122480","한우(우둔)","","2024","한우/냉장/2등급/우둔/잡채용/0.3*0.3*5 (cm)/1kg"
"축산물","한우","한우(우둔)","1122481","한우(우둔)","","2024","한우/냉장/2등급/우둔/잡채용/0.3*0.3*5 (cm)/0.5kg"
"축산물","한우","한우(우둔)","1122482","한우(우둔)","","2024","한우/냉장/2등급/우둔/잡채용/0.3*0.3*5 (cm)/0.3kg"
"축산물","한우","한우(전각)","1122483","한우(전각)","","2024","한우/냉장/무항생제/앞다리(전각)/국거리,세절/0.3*2*3 (cm)/0.5kg"
"축산물","한우","한우(전각)","1122484","한우(전각)","","2024","한우/냉장/무항생제/앞다리(전각)/국거리,세절/0.3*2*3 (cm)/0.3kg"
"축산물","한우","한우(전각)","1122485","한우(전각)","","2024","한우/냉장/2등급/앞다리(전각)/불고기/0.3*3*4(cm)/1kg"
"축산물","한우","한우(전각)","1122486","한우(전각)","","2024","한우/냉장/2등급/앞다리(전각)/불고기/0.3*3*4(cm)/0.5kg"
"축산물","한우","한우(전각)","1122487","한우(전각)","","2024","한우/냉장/2등급/앞다리(전각)/불고기/0.3*3*4(cm)/0.3kg"
"축산물","한우","한우(전각)","1122488","한우(전각)","","2023","한우/냉장/1등급/앞다리/채썰기/1kg"
"축산물","한우","한우(전각)","1122489","한우(전각)","","2023","한우/냉장/1등급/앞다리/채썰기/0.5kg"
"축산물","한우","한우(전각)","1122490","한우(전각)","","2023","한우/냉장/1등급/앞다리/채썰기/0.3kg"
"축산물","한우","한우(전각)","1122491","한우(전각)","","2024","한우/냉장/1등급/앞다리(전각)/국거리,세절/0.3*2*3 (cm)/1kg"
"축산물","한우","한우(전각)","1122492","한우(전각)","","2024","한우/냉장/1등급/앞다리(전각)/국거리,세절/0.3*2*3 (cm)/0.5kg"
"축산물","한우","한우(전각)","1122493","한우(전각)","","2024","한우/냉장/1등급/앞다리(전각)/국거리,세절/0.3*2*3 (cm)/0.3kg"
"축산물","한우","한우(전각)","1122494","한우(전각)","","2024","한우/냉장/1등급/앞다리(전각)/불고기/0.3*3*4(cm)/1kg"
"축산물","한우","한우(전각)","1122495","한우(전각)","","2024","한우/냉장/1등급/앞다리(전각)/불고기/0.3*3*4(cm)/0.5kg"
"축산물","한우","한우(전각)","1122496","한우(전각)","","2024","한우/냉장/1등급/앞다리(전각)/불고기/0.3*3*4(cm)/0.3kg"
"축산물","한우","한우(전각)","1122497","한우(전각)","","2023","한우/냉장/2등급/앞다리/채썰기/1kg"
"축산물","한우","한우(전각)","1122498","한우(전각)","","2023","한우/냉장/2등급/앞다리/채썰기/0.5kg"
"축산물","한우","한우(전각)","1122499","한우(전각)","","2023","한우/냉장/2등급/앞다리/채썰기/0.3kg"
"축산물","한우","한우(전각)","1122500","한우(전각)","","2024","한우/냉장/2등급/앞다리(전각)/국거리,세절/0.3*2*3 (cm)/1kg"
"축산물","한우","한우(전각)","1122501","한우(전각)","","2024","한우/냉장/2등급/앞다리(전각)/국거리,세절/0.3*2*3 (cm)/0.5kg"
"축산물","한우","한우(전각)","1122502","한우(전각)","","2024","한우/냉장/2등급/앞다리(전각)/국거리,세절/0.3*2*3 (cm)/0.3kg"
"축산물","한우","한우(전각)","1122503","한우(전각)","","2024","한우/냉장/무항생제/앞다리(전각)/불고기/0.3*3*4(cm)/1kg"
"축산물","한우","한우(전각)","1122504","한우(전각)","","2024","한우/냉장/무항생제/앞다리(전각)/불고기/0.3*3*4(cm)/0.5kg"
"축산물","한우","한우(전각)","1122505","한우(전각)","","2024","한우/냉장/무항생제/앞다리(전각)/불고기/0.3*3*4(cm)/0.3kg"
"축산물","한우","한우(채끝)","1122506","한우(채끝)","","2024","한우/냉장/무항생제/채끝/구이,스테이크용/0.7cm 구이용 슬라이스/1kg"
"축산물","한우","한우(채끝)","1122507","한우(채끝)","","2024","한우/냉장/무항생제/채끝/구이,스테이크용/0.7cm 구이용 슬라이스/0.5kg"
"축산물","한우","한우(채끝)","1122508","한우(채끝)","","2024","한우/냉장/무항생제/채끝/구이,스테이크용/0.7cm 구이용 슬라이스/0.3kg"
"농산물","버섯류","애느타리버섯","1123344","애느타리버섯","","2024","애느타리버섯/0.3kg/"
"축산물","한우","한우(채끝)","1122509","한우(채끝)","","2024","한우/냉장/1등급/채끝/불고기/0.3*3*4(cm)/1kg"
"축산물","한우","한우(채끝)","1122510","한우(채끝)","","2024","한우/냉장/1등급/채끝/불고기/0.3*3*4(cm)/0.5kg"
"축산물","한우","한우(채끝)","1122511","한우(채끝)","","2024","한우/냉장/1등급/채끝/불고기/0.3*3*4(cm)/0.3kg"
"축산물","한우","한우(채끝)","1122512","한우(채끝)","","2024","한우/냉장/1등급/채끝/구이,스테이크용/0.7cm 구이용 슬라이스/1kg"
"축산물","한우","한우(채끝)","1122513","한우(채끝)","","2024","한우/냉장/1등급/채끝/구이,스테이크용/0.7cm 구이용 슬라이스/0.5kg"
"축산물","한우","한우(채끝)","1122514","한우(채끝)","","2024","한우/냉장/1등급/채끝/구이,스테이크용/0.7cm 구이용 슬라이스/0.3kg"
"축산물","한우","한우(채끝)","1122515","한우(채끝)","","2024","한우/냉장/2등급/채끝/불고기/0.3*3*4(cm)/1kg"
"축산물","한우","한우(채끝)","1122516","한우(채끝)","","2024","한우/냉장/2등급/채끝/불고기/0.3*3*4(cm)/0.5kg"
"축산물","한우","한우(채끝)","1122517","한우(채끝)","","2024","한우/냉장/2등급/채끝/불고기/0.3*3*4(cm)/0.3kg"
"축산물","한우","한우(채끝)","1122518","한우(채끝)","","2024","한우/냉장/2등급/채끝/구이,스테이크용/0.7cm 구이용 슬라이스/1kg"
"축산물","한우","한우(채끝)","1122519","한우(채끝)","","2024","한우/냉장/2등급/채끝/구이,스테이크용/0.7cm 구이용 슬라이스/0.5kg"
"축산물","한우","한우(채끝)","1122520","한우(채끝)","","2024","한우/냉장/2등급/채끝/구이,스테이크용/0.7cm 구이용 슬라이스/0.3kg"
"축산물","돈육","돈육(갈비)","1122521","돈육(갈비)","","2024년","돈육/냉동/갈비/찜,탕용/2*3(cm)/3kg"
"축산물","돈육","돈육(갈비)","1122522","돈육(갈비)","","2024년","돈육/냉동/무항생제/갈비/찜,구이용/2.5*3(cm)/1kg"
"축산물","돈육","돈육(갈비)","1122523","돈육(갈비)","","2024년","돈육/냉동/무항생제/갈비/찜,구이용/2.5*3(cm)/5kg"
"축산물","돈육","돈육(갈비)","1122524","돈육(갈비)","","2024년","돈육/냉동/무항생제/갈비/찜,구이용/2.5*3(cm)/3kg"
"축산물","돈육","돈육(목심)","1122525","돈육(목심)","","2024년","돈육/냉장/목살/불고기용/0.3*3*4(cm)/0.3kg"
"축산물","돈육","돈육(목심)","1122526","돈육(목심)","","2024년","돈육/냉장/목살/구이용/0.7*4*5(cm)/1kg"
"축산물","돈육","돈육(목심)","1122527","돈육(목심)","","2024년","돈육/냉장/목살/구이용/0.7*4*5(cm)/0.5kg"
"축산물","돈육","돈육(목심)","1122528","돈육(목심)","","2024년","돈육/냉장/목살/구이용/0.7*4*5(cm)/0.3kg"
"축산물","돈육","돈육(사태)","1122529","돈육(사태)","","2024년","돈육/냉장/사태/장조림용/2*2*2(cm)/0.3kg"
"축산물","돈육","돈육(삼겹)","1122530","돈육(삼겹)","","2024년","돈육/냉장/삼겹/불고기용/0.3*3*4(cm)/0.3kg"
"축산물","돈육","돈육(삼겹)","1122531","돈육(삼겹)","","2024년","돈육/냉장/삼겹/구이용/절단 0.7*4*5(cm)/1kg"
"축산물","돈육","돈육(삼겹)","1122532","돈육(삼겹)","","2024년","돈육/냉장/삼겹/구이용/절단 0.7*4*5(cm)/0.5kg"
"축산물","돈육","돈육(삼겹)","1122533","돈육(삼겹)","","2024년","돈육/냉장/삼겹/구이용/절단 0.7*4*5(cm)/0.3kg"
"축산물","돈육","돈육(안심)","1122534","돈육(안심)","","2024년","돈육/냉장/안심/장조림용/2*2*2(cm)/0.3kg"
"축산물","돈육","돈육(안심)","1122535","돈육(안심)","","2024년","돈육/냉장/안심/짜장,카레용/1*1*1(cm)/1kg"
"축산물","돈육","돈육(안심)","1122536","돈육(안심)","","2024년","돈육/냉장/안심/짜장,카레용/1*1*1(cm)/0.5kg"
"축산물","돈육","돈육(안심)","1122537","돈육(안심)","","2024년","돈육/냉장/안심/짜장,카레용/1*1*1(cm)/0.3kg"
"축산물","돈육","돈육(전지)","1122538","돈육(전지)","","2024년","돈육/냉장/앞다리/불고기용/0.2*4*5(cm)/0.3kg"
"축산물","돈육","돈육(전지)","1122539","돈육(전지)","","2024년","돈육/냉장/앞다리/다짐육/1kg"
"축산물","돈육","돈육(전지)","1122540","돈육(전지)","","2024년","돈육/냉장/앞다리/다짐육/0.5kg"
"축산물","돈육","돈육(전지)","1122541","돈육(전지)","","2024년","돈육/냉장/앞다리/다짐육/0.3kg"
"축산물","돈육","돈육(전지)","1122542","돈육(전지)","","2024년","돈육/냉장/앞다리/찌개용/0.3*2*3(cm)/1kg"
"축산물","돈육","돈육(전지)","1122543","돈육(전지)","","2024년","돈육/냉장/앞다리/찌개용/0.3*2*3(cm)/0.5kg"
"축산물","돈육","돈육(전지)","1122544","돈육(전지)","","2024년","돈육/냉장/앞다리/찌개용/0.3*2*3(cm)/0.3kg"
"축산물","돈육","돈육(전지)","1122545","돈육(전지)","","2023년","돈육(냉장) 1등급 / 전지(앞다리) / 찜용 1.5깍뚝/1kg"
"축산물","돈육","돈육(전지)","1122546","돈육(전지)","","2023년","돈육(냉장) 1등급 / 전지(앞다리) / 찜용 1.5깍뚝/0.5kg"
"축산물","돈육","돈육(전지)","1122547","돈육(전지)","","2023년","돈육(냉장) 1등급 / 전지(앞다리) / 찜용 1.5깍뚝/0.3kg"
"축산물","돈육","돈육(전지)","1122548","돈육(전지)","","2023년","돈육(냉장) 1등급 / 전지(앞다리) / 채썰기/1kg"
"축산물","돈육","돈육(전지)","1122549","돈육(전지)","","2023년","돈육(냉장) 1등급 / 전지(앞다리) / 채썰기/0.5kg"
"축산물","돈육","돈육(전지)","1122550","돈육(전지)","","2023년","돈육(냉장) 1등급 / 전지(앞다리) / 채썰기/0.3kg"
"축산물","돈육","돈육(후지)","1122551","돈육(후지)","","2024년","돈육/냉장/뒷다리/불고기용/0.2*3*4(cm)/0.3kg"
"축산물","돈육","돈육(후지)","1122552","돈육(후지)","","2024년","돈육/냉장/뒷다리/다짐육/1kg"
"축산물","돈육","돈육(후지)","1122553","돈육(후지)","","2024년","돈육/냉장/뒷다리/다짐육/0.5kg"
"축산물","돈육","돈육(후지)","1122554","돈육(후지)","","2024년","돈육/냉장/뒷다리/다짐육/0.3kg"
"축산물","돈육","돈육(후지)","1122555","돈육(후지)","","2023년","돈육(냉장) 1등급 / 후지(뒷다리) / 찜용 1.5깍뚝/1kg"
"축산물","돈육","돈육(후지)","1122556","돈육(후지)","","2023년","돈육(냉장) 1등급 / 후지(뒷다리) / 찜용 1.5깍뚝/0.5kg"
"축산물","돈육","돈육(후지)","1122557","돈육(후지)","","2023년","돈육(냉장) 1등급 / 후지(뒷다리) / 찜용 1.5깍뚝/0.3kg"
"축산물","돈육","돈육(후지)","1122558","돈육(후지)","","2024년","돈육/냉장/뒷다리/찌개용/0.3*2*3(cm)/1kg"
"축산물","돈육","돈육(후지)","1122559","돈육(후지)","","2024년","돈육/냉장/뒷다리/찌개용/0.3*2*3(cm)/0.5kg"
"축산물","돈육","돈육(후지)","1122560","돈육(후지)","","2024년","돈육/냉장/뒷다리/찌개용/0.3*2*3(cm)/0.3kg"
"축산물","돈육","돈육(후지)","1122561","돈육(후지)","","2023년","돈육(냉장) 1등급 / 후지(뒷다리) / 채썰기/1kg"
"축산물","돈육","돈육(후지)","1122562","돈육(후지)","","2023년","돈육(냉장) 1등급 / 후지(뒷다리) / 채썰기/0.5kg"
"축산물","돈육","돈육(후지)","1122563","돈육(후지)","","2023년","돈육(냉장) 1등급 / 후지(뒷다리) / 채썰기/0.3kg"
"축산물","돈육","돈육(등심)","1122564","돈육(등심)","","2024년","돈육/냉장/등심/잡채용/0.3*0.3*5(cm)/1kg"
"축산물","돈육","돈육(등심)","1122565","돈육(등심)","","2024년","돈육/냉장/등심/잡채용/0.3*0.3*5(cm)/0.5kg"
"축산물","돈육","돈육(등심)","1122566","돈육(등심)","","2024년","돈육/냉장/등심/잡채용/0.3*0.3*5(cm)/0.3kg"
"축산물","돈육","돈육(등심)","1122567","돈육(등심)","","2024년","돈육/냉장/등심/돈까스용/개당40g내외/1kg"
"축산물","돈육","돈육(등심)","1122568","돈육(등심)","","2024년","돈육/냉장/등심/돈까스용/개당40g내외/0.5kg"
"축산물","돈육","돈육(등심)","1122569","돈육(등심)","","2024년","돈육/냉장/등심/돈까스용/개당40g내외/0.3kg"
"축산물","돈육","돈육(등갈비)","1122570","돈육(등갈비)","","2024년","돈육/냉장/등갈비/1대씩 절단/0.3kg"
"축산물","돈육","돈육(목심)","1122571","돈육(목심)","","2024년","돈육/냉장/무항생제/목살/불고기용/0.3*3*4(cm)/1kg"
"축산물","돈육","돈육(목심)","1122572","돈육(목심)","","2024년","돈육/냉장/무항생제/목살/불고기용/0.3*3*4(cm)/0.5kg"
"축산물","돈육","돈육(목심)","1122573","돈육(목심)","","2024년","돈육/냉장/무항생제/목살/불고기용/0.3*3*4(cm)/0.3kg"
"축산물","돈육","돈육(목심)","1122574","돈육(목심)","","2024년","돈육/냉장/무항생제/목살/구이용/0.7cm슬라이스/1kg"
"축산물","돈육","돈육(목심)","1122575","돈육(목심)","","2024년","돈육/냉장/무항생제/목살/구이용/0.7cm슬라이스/0.5kg"
"축산물","돈육","돈육(목심)","1122576","돈육(목심)","","2024년","돈육/냉장/무항생제/목살/구이용/0.7cm슬라이스/0.3kg"
"축산물","돈육","돈육(사태)","1122577","돈육(사태)","","2024년","돈육/냉장/무항생제/사태/장조림용/2*2*2(cm)/1kg"
"축산물","돈육","돈육(사태)","1122578","돈육(사태)","","2024년","돈육/냉장/무항생제/사태/장조림용/2*2*2(cm)/0.5kg"
"축산물","돈육","돈육(사태)","1122579","돈육(사태)","","2024년","돈육/냉장/무항생제/사태/장조림용/2*2*2(cm)/0.3kg"
"축산물","돈육","돈육(삼겹)","1122580","돈육(삼겹)","","2024년","돈육/냉장/무항생제/삼겹/불고기용/0.3*3*4(cm)/1kg"
"축산물","돈육","돈육(삼겹)","1122581","돈육(삼겹)","","2024년","돈육/냉장/무항생제/삼겹/불고기용/0.3*3*4(cm)/0.5kg"
"축산물","돈육","돈육(삼겹)","1122582","돈육(삼겹)","","2024년","돈육/냉장/무항생제/삼겹/불고기용/0.3*3*4(cm)/0.3kg"
"축산물","돈육","돈육(삼겹)","1122583","돈육(삼겹)","","2024년","돈육/냉장/무항생제/삼겹/구이용/절단 0.7*4*5(cm)/1kg"
"축산물","돈육","돈육(삼겹)","1122584","돈육(삼겹)","","2024년","돈육/냉장/무항생제/삼겹/구이용/절단 0.7*4*5(cm)/0.5kg"
"축산물","돈육","돈육(삼겹)","1122585","돈육(삼겹)","","2024년","돈육/냉장/무항생제/삼겹/구이용/절단 0.7*4*5(cm)/0.3kg"
"축산물","돈육","돈육(안심)","1122586","돈육(안심)","","2024년","돈육/냉장/무항생제/안심/장조림용/2*2*2(cm)/1kg"
"축산물","돈육","돈육(안심)","1122587","돈육(안심)","","2024년","돈육/냉장/무항생제/안심/장조림용/2*2*2(cm)/0.5kg"
"축산물","돈육","돈육(안심)","1122588","돈육(안심)","","2024년","돈육/냉장/무항생제/안심/장조림용/2*2*2(cm)/0.3kg"
"축산물","돈육","돈육(안심)","1122589","돈육(안심)","","2024년","돈육/냉장/무항생제/안심/짜장,카레용/1*1*1(cm)/1kg"
"축산물","돈육","돈육(안심)","1122590","돈육(안심)","","2024년","돈육/냉장/무항생제/안심/짜장,카레용/1*1*1(cm)/0.5kg"
"축산물","돈육","돈육(안심)","1122591","돈육(안심)","","2024년","돈육/냉장/무항생제/안심/짜장,카레용/1*1*1(cm)/0.3kg"
"축산물","돈육","돈육(전지)","1122592","돈육(전지)","","2024년","돈육/냉장/무항생제/앞다리/불고기용/0.3*3*4(cm)/1kg"
"축산물","돈육","돈육(전지)","1122593","돈육(전지)","","2024년","돈육/냉장/무항생제/앞다리/불고기용/0.3*3*4(cm)/0.5kg"
"축산물","돈육","돈육(전지)","1122594","돈육(전지)","","2024년","돈육/냉장/무항생제/앞다리/불고기용/0.3*3*4(cm)/0.3kg"
"축산물","돈육","돈육(전지)","1122595","돈육(전지)","","2024년","돈육/냉장/무항생제/앞다리/다짐육/0.5 다짐육(cm)/1kg"
"축산물","돈육","돈육(전지)","1122596","돈육(전지)","","2024년","돈육/냉장/무항생제/앞다리/다짐육/0.5 다짐육(cm)/0.5kg"
"축산물","돈육","돈육(전지)","1122597","돈육(전지)","","2024년","돈육/냉장/무항생제/앞다리/다짐육/0.5 다짐육(cm)/0.3kg"
"축산물","돈육","돈육(전지)","1122598","돈육(전지)","","2024년","돈육/냉장/무항생제/앞다리/찌개용/0.3*2*3(cm)/1kg"
"축산물","돈육","돈육(전지)","1122599","돈육(전지)","","2024년","돈육/냉장/무항생제/앞다리/찌개용/0.3*2*3(cm)/0.5kg"
"축산물","돈육","돈육(전지)","1122600","돈육(전지)","","2024년","돈육/냉장/무항생제/앞다리/찌개용/0.3*2*3(cm)/0.3kg"
"축산물","돈육","돈육(전지)","1122601","돈육(전지)","","2023년","돈육(냉장) 무항생제 / 전지(앞다리) / 찜용 1.5깍뚝/1kg"
"축산물","돈육","돈육(전지)","1122602","돈육(전지)","","2023년","돈육(냉장) 무항생제 / 전지(앞다리) / 찜용 1.5깍뚝/0.5kg"
"축산물","돈육","돈육(전지)","1122603","돈육(전지)","","2023년","돈육(냉장) 무항생제 / 전지(앞다리) / 찜용 1.5깍뚝/0.3kg"
"축산물","돈육","돈육(전지)","1122604","돈육(전지)","","2023년","돈육(냉장) 무항생제 / 전지(앞다리) / 채썰기/1kg"
"축산물","돈육","돈육(전지)","1122605","돈육(전지)","","2023년","돈육(냉장) 무항생제 / 전지(앞다리) / 채썰기/0.5kg"
"축산물","돈육","돈육(전지)","1122606","돈육(전지)","","2023년","돈육(냉장) 무항생제 / 전지(앞다리) / 채썰기/0.3kg"
"축산물","돈육","돈육(후지)","1122607","돈육(후지)","","2024년","돈육/냉장/무항생제/뒷다리/불고기용/0.2*3*4(cm)/1kg"
"축산물","돈육","돈육(후지)","1122608","돈육(후지)","","2024년","돈육/냉장/무항생제/뒷다리/불고기용/0.2*3*4(cm)/0.5kg"
"축산물","돈육","돈육(후지)","1122609","돈육(후지)","","2024년","돈육/냉장/무항생제/뒷다리/불고기용/0.2*3*4(cm)/0.3kg"
"축산물","돈육","돈육(후지)","1122610","돈육(후지)","","2023년","돈육(냉장) 무항생제 / 후지(뒷다리) / 찜용 1.5깍뚝/1kg"
"축산물","돈육","돈육(후지)","1122611","돈육(후지)","","2023년","돈육(냉장) 무항생제 / 후지(뒷다리) / 찜용 1.5깍뚝/0.5kg"
"축산물","돈육","돈육(후지)","1122612","돈육(후지)","","2023년","돈육(냉장) 무항생제 / 후지(뒷다리) / 찜용 1.5깍뚝/0.3kg"
"축산물","돈육","돈육(후지)","1122613","돈육(후지)","","2024년","돈육/냉장/무항생제/뒷다리/다짐육/1kg"
"축산물","돈육","돈육(후지)","1122614","돈육(후지)","","2024년","돈육/냉장/무항생제/뒷다리/다짐육/0.5kg"
"축산물","돈육","돈육(후지)","1122615","돈육(후지)","","2024년","돈육/냉장/무항생제/뒷다리/다짐육/0.3kg"
"축산물","돈육","돈육(후지)","1122616","돈육(후지)","","2024년","돈육/냉장/무항생제/뒷다리/찌개용/0.3*2*3(cm)/1kg"
"축산물","돈육","돈육(후지)","1122617","돈육(후지)","","2024년","돈육/냉장/무항생제/뒷다리/찌개용/0.3*2*3(cm)/0.5kg"
"축산물","돈육","돈육(후지)","1122618","돈육(후지)","","2024년","돈육/냉장/무항생제/뒷다리/찌개용/0.3*2*3(cm)/0.3kg"
"축산물","돈육","돈육(후지)","1122619","돈육(후지)","","2023년","돈육(냉장) 무항생제 / 후지(뒷다리) / 채썰기/1kg"
"축산물","돈육","돈육(후지)","1122620","돈육(후지)","","2023년","돈육(냉장) 무항생제 / 후지(뒷다리) / 채썰기/0.5kg"
"축산물","돈육","돈육(후지)","1122621","돈육(후지)","","2023년","돈육(냉장) 무항생제 / 후지(뒷다리) / 채썰기/0.3kg"
"축산물","돈육","돈육(등심)","1122622","돈육(등심)","","2024년","돈육/냉장/무항생제/등심/잡채용/0.3*0.3*5(cm)/0.3kg"
"축산물","돈육","돈육(등심)","1122623","돈육(등심)","","2024년","돈육/냉장/무항생제/등심/돈까스용/개당40g내외/1kg"
"축산물","돈육","돈육(등심)","1122624","돈육(등심)","","2024년","돈육/냉장/무항생제/등심/돈까스용/개당40g내외/0.5kg"
"축산물","돈육","돈육(등심)","1122625","돈육(등심)","","2024년","돈육/냉장/무항생제/등심/돈까스용/개당40g내외/0.3kg"
"축산물","돈육","돈육(등갈비)","1122626","돈육(등갈비)","","2024년","돈육/냉장/무항생제/등갈비/1대씩 절단/1kg"
"축산물","돈육","돈육(등갈비)","1122627","돈육(등갈비)","","2024년","돈육/냉장/무항생제/등갈비/1대씩 절단/0.5kg"
"축산물","돈육","돈육(등갈비)","1122628","돈육(등갈비)","","2024년","돈육/냉장/무항생제/등갈비/1대씩 절단/0.3kg"
"축산물","한우","한우(갈비)","1122674","한우(갈비)","","2024년","한우/냉동/1등급/갈비/찜용/2.5*3 (cm)/1kg"
"축산물","한우","한우(갈비)","1122675","한우(갈비)","","2024년","한우/냉동/1등급/갈비/찜용/2.5*3 (cm)/5kg"
"축산물","한우","한우(갈비)","1122676","한우(갈비)","","2024년","한우/냉동/1등급/갈비/찜용/2.5*3 (cm)/3kg"
"축산물","한우","한우(갈비)","1122677","한우(갈비)","","2024년","한우/냉동/무항생제/갈비/찜용/2.5*3 (cm)/1kg"
"축산물","한우","한우(갈비)","1122678","한우(갈비)","","2024년","한우/냉동/무항생제/갈비/찜용/2.5*3 (cm)/5kg"
"축산물","한우","한우(갈비)","1122679","한우(갈비)","","2024년","한우/냉동/무항생제/갈비/찜용/2.5*3 (cm)/3kg"
"축산물","한우","한우(잡뼈)","1122680","한우(잡뼈)","","2024년","한우/냉동/2등급/잡뼈/탕,국용/3cm 절단/1kg"
"축산물","한우","한우(잡뼈)","1122681","한우(잡뼈)","","2024년","한우/냉동/2등급/잡뼈/탕,국용/3cm 절단/5kg"
"축산물","한우","한우(잡뼈)","1122682","한우(잡뼈)","","2024년","한우/냉동/2등급/잡뼈/탕,국용/3cm 절단/3kg"
"축산물","한우","한우(사골)","1122683","한우(사골)","","2024년","한우/냉동/2등급/사골/탕,국용/3cm 절단/5kg"
"축산물","한우","한우(사골)","1122684","한우(사골)","","2024년","한우/냉동/2등급/사골/탕,국용/3cm 절단/3kg"
"축산물","한우","한우(목심)","1122685","한우(목심)","","2024년","한우/냉장/2등급/목심/불고기/0.2*3*4 (cm)/0.5kg"
"축산물","한우","한우(목심)","1122686","한우(목심)","","2024년","한우/냉장/2등급/목심/불고기/0.2*3*4 (cm)/0.3kg"
"축산물","한우","한우(사태)","1122687","한우(사태)","","2024년","한우/냉장/2등급/사태/장조림/2*2*2(cm)/0.5kg"
"축산물","한우","한우(사태)","1122688","한우(사태)","","2024년","한우/냉장/2등급/사태/장조림/2*2*2(cm)/0.3kg"
"축산물","한우","한우(설도)","1122689","한우(설도)","","2024년","한우/냉장/2등급/설도/샤브용/0.2*4*5 (cm)/0.5kg"
"축산물","한우","한우(설도)","1122690","한우(설도)","","2024년","한우/냉장/2등급/설도/샤브용/0.2*4*5 (cm)/0.3kg"
"축산물","한우","한우(설도)","1122691","한우(설도)","","2024년","한우/냉장/2등급/설도/짜장,카레용/1*1*1 (cm)/1kg"
"축산물","한우","한우(설도)","1122692","한우(설도)","","2024년","한우/냉장/2등급/설도/짜장,카레용/1*1*1 (cm)/0.5kg"
"축산물","한우","한우(설도)","1122693","한우(설도)","","2024년","한우/냉장/2등급/설도/짜장,카레용/1*1*1 (cm)/0.3kg"
"축산물","한우","한우(설도)","1122694","한우(설도)","","2024년","한우/냉장/2등급/설도/장조림/2*2*2(cm)/1kg"
"축산물","한우","한우(설도)","1122695","한우(설도)","","2024년","한우/냉장/2등급/설도/장조림/2*2*2(cm)/0.5kg"
"축산물","한우","한우(설도)","1122696","한우(설도)","","2024년","한우/냉장/2등급/설도/장조림/2*2*2(cm)/0.3kg"
"축산물","한우","한우(설도)","1122697","한우(설도)","","2024년","한우/냉장/2등급/설도/채썰기/0.4*0.4*5(cm)/1kg"
"축산물","한우","한우(설도)","1122698","한우(설도)","","2024년","한우/냉장/2등급/설도/채썰기/0.4*0.4*5(cm)/0.5kg"
"축산물","한우","한우(설도)","1122699","한우(설도)","","2024년","한우/냉장/2등급/설도/채썰기/0.4*0.4*5(cm)/0.3kg"
"축산물","한우","한우(우둔)","1122700","한우(우둔)","","2024년","한우/냉장/2등급/우둔/불고기/0.2*3*4 (cm)/0.5kg"
"축산물","한우","한우(우둔)","1122701","한우(우둔)","","2024년","한우/냉장/2등급/우둔/불고기/0.2*3*4 (cm)/0.3kg"
"축산물","한우","한우(우둔)","1122702","한우(우둔)","","2023년","한우(냉장) 2등급 / 우둔 / 찜용 1.5깍뚝/1kg"
"축산물","한우","한우(우둔)","1122703","한우(우둔)","","2023년","한우(냉장) 2등급 / 우둔 / 찜용 1.5깍뚝/0.5kg"
"축산물","한우","한우(우둔)","1122704","한우(우둔)","","2023년","한우(냉장) 2등급 / 우둔 / 찜용 1.5깍뚝/0.3kg"
"축산물","한우","한우(우둔)","1122705","한우(우둔)","","2024년","한우/냉장/2등급/우둔/다짐육/0.5cm 다짐육/1kg"
"축산물","한우","한우(우둔)","1122706","한우(우둔)","","2024년","한우/냉장/2등급/우둔/다짐육/0.5cm 다짐육/0.5kg"
"축산물","한우","한우(우둔)","1122707","한우(우둔)","","2024년","한우/냉장/2등급/우둔/다짐육/0.5cm 다짐육/0.3kg"
"축산물","한우","한우(우둔)","1122708","한우(우둔)","","2024년","한우/냉장/2등급/우둔/짜장,카레용/1*1*1(cm)/1kg"
"축산물","한우","한우(우둔)","1122709","한우(우둔)","","2024년","한우/냉장/2등급/우둔/짜장,카레용/1*1*1(cm)/0.5kg"
"축산물","한우","한우(우둔)","1122710","한우(우둔)","","2024년","한우/냉장/2등급/우둔/짜장,카레용/1*1*1(cm)/0.3kg"
"축산물","한우","한우(전각)","1122711","한우(전각)","","2024년","한우/냉장/2등급/앞다리(전각)/국거리,세절/0.3*2*3 (cm)/0.5kg"
"축산물","한우","한우(전각)","1122712","한우(전각)","","2024년","한우/냉장/2등급/앞다리(전각)/국거리,세절/0.3*2*3 (cm)/0.3kg"
"축산물","한우","한우(등심)","1122713","한우(등심)","","2024년","한우/냉장/1등급/등심/구이,스테이크용/0.7cm 구이용 슬라이스/1kg"
"축산물","한우","한우(등심)","1122714","한우(등심)","","2024년","한우/냉장/1등급/등심/구이,스테이크용/0.7cm 구이용 슬라이스/0.5kg"
"축산물","한우","한우(등심)","1122715","한우(등심)","","2024년","한우/냉장/1등급/등심/구이,스테이크용/0.7cm 구이용 슬라이스/0.3kg"
"축산물","한우","한우(목심)","1122716","한우(목심)","","2024년","한우/냉장/1등급/목심/샤브용/0.2*4*5 (cm)/1kg"
"축산물","한우","한우(목심)","1122717","한우(목심)","","2024년","한우/냉장/1등급/목심/샤브용/0.2*4*5 (cm)/0.5kg"
"축산물","한우","한우(목심)","1122718","한우(목심)","","2024년","한우/냉장/1등급/목심/샤브용/0.2*4*5 (cm)/0.3kg"
"축산물","한우","한우(목심)","1122719","한우(목심)","","2024년","한우/냉장/1등급/목심/불고기/0.2*3*4 (cm)/1kg"
"축산물","한우","한우(목심)","1122720","한우(목심)","","2024년","한우/냉장/1등급/목심/불고기/0.2*3*4 (cm)/0.5kg"
"축산물","한우","한우(목심)","1122721","한우(목심)","","2024년","한우/냉장/1등급/목심/불고기/0.2*3*4 (cm)/0.3kg"
"축산물","한우","한우(사태)","1122722","한우(사태)","","2024년","한우/냉장/1등급/사태/수육용/200g~300g 덩어리/1kg"
"축산물","한우","한우(사태)","1122723","한우(사태)","","2024년","한우/냉장/1등급/사태/수육용/200g~300g 덩어리/0.5kg"
"축산물","한우","한우(사태)","1122724","한우(사태)","","2024년","한우/냉장/1등급/사태/수육용/200g~300g 덩어리/0.3kg"
"축산물","한우","한우(사태)","1122725","한우(사태)","","2024년","한우/냉장/1등급/사태/장조림/2*2*2(cm)/1kg"
"축산물","한우","한우(사태)","1122726","한우(사태)","","2024년","한우/냉장/1등급/사태/장조림/2*2*2(cm)/0.5kg"
"축산물","한우","한우(사태)","1122727","한우(사태)","","2024년","한우/냉장/1등급/사태/장조림/2*2*2(cm)/0.3kg"
"축산물","한우","한우(설도)","1122728","한우(설도)","","2024년","한우/냉장/1등급/설도/불고기/0.2*3*4(cm)/1kg"
"축산물","한우","한우(설도)","1122729","한우(설도)","","2024년","한우/냉장/1등급/설도/불고기/0.2*3*4(cm)/0.5kg"
"축산물","한우","한우(설도)","1122730","한우(설도)","","2024년","한우/냉장/1등급/설도/불고기/0.2*3*4(cm)/0.3kg"
"축산물","한우","한우(설도)","1122731","한우(설도)","","2024년","한우/냉장/1등급/설도/샤브용/0.2*4*5 (cm)/1kg"
"축산물","한우","한우(설도)","1122732","한우(설도)","","2024년","한우/냉장/1등급/설도/샤브용/0.2*4*5 (cm)/0.5kg"
"축산물","한우","한우(설도)","1122733","한우(설도)","","2024년","한우/냉장/1등급/설도/샤브용/0.2*4*5 (cm)/0.3kg"
"축산물","한우","한우(설도)","1122734","한우(설도)","","2024년","한우/냉장/1등급/설도/짜장,카레용/1*1*1 (cm)/1kg"
"축산물","한우","한우(설도)","1122735","한우(설도)","","2024년","한우/냉장/1등급/설도/짜장,카레용/1*1*1 (cm)/0.5kg"
"축산물","한우","한우(설도)","1122736","한우(설도)","","2024년","한우/냉장/1등급/설도/짜장,카레용/1*1*1 (cm)/0.3kg"
"축산물","한우","한우(설도)","1122737","한우(설도)","","2024년","한우/냉장/1등급/설도/장조림/2*2*2(cm)/1kg"
"축산물","한우","한우(설도)","1122738","한우(설도)","","2024년","한우/냉장/1등급/설도/장조림/2*2*2(cm)/0.5kg"
"축산물","한우","한우(설도)","1122739","한우(설도)","","2024년","한우/냉장/1등급/설도/장조림/2*2*2(cm)/0.3kg"
"축산물","한우","한우(설도)","1122740","한우(설도)","","2024년","한우/냉장/1등급/설도/채썰기/0.4*0.4*5(cm)/1kg"
"축산물","한우","한우(설도)","1122741","한우(설도)","","2024년","한우/냉장/1등급/설도/채썰기/0.4*0.4*5(cm)/0.5kg"
"축산물","한우","한우(설도)","1122742","한우(설도)","","2024년","한우/냉장/1등급/설도/채썰기/0.4*0.4*5(cm)/0.3kg"
"축산물","한우","한우(안심)","1122743","한우(안심)","","2024년","한우/냉장/1등급/안심/구이,스테이크용/0.7cm 구이용 슬라이스/1kg"
"축산물","한우","한우(안심)","1122744","한우(안심)","","2024년","한우/냉장/1등급/안심/구이,스테이크용/0.7cm 구이용 슬라이스/0.5kg"
"축산물","한우","한우(안심)","1122745","한우(안심)","","2024년","한우/냉장/1등급/안심/구이,스테이크용/0.7cm 구이용 슬라이스/0.3kg"
"축산물","한우","한우(양지)","1122746","한우(양지)","","2024년","한우/냉장/1등급/양지/국거리/0.3*2*3(cm)/0.5kg"
"축산물","한우","한우(양지)","1122747","한우(양지)","","2024년","한우/냉장/1등급/양지/국거리/0.3*2*3(cm)/0.3kg"
"축산물","한우","한우(우둔)","1122748","한우(우둔)","","2024년","한우/냉장/1등급/우둔/잡채용/0.3*0.3*5 (cm)/1kg"
"축산물","한우","한우(우둔)","1122749","한우(우둔)","","2024년","한우/냉장/1등급/우둔/잡채용/0.3*0.3*5 (cm)/0.5kg"
"축산물","한우","한우(우둔)","1122750","한우(우둔)","","2024년","한우/냉장/1등급/우둔/잡채용/0.3*0.3*5 (cm)/0.3kg"
"축산물","한우","한우(우둔)","1122751","한우(우둔)","","2024년","한우/냉장/1등급/우둔/불고기/0.2*3*4 (cm)/1kg"
"축산물","한우","한우(우둔)","1122752","한우(우둔)","","2024년","한우/냉장/1등급/우둔/불고기/0.2*3*4 (cm)/0.5kg"
"축산물","한우","한우(우둔)","1122753","한우(우둔)","","2024년","한우/냉장/1등급/우둔/불고기/0.2*3*4 (cm)/0.3kg"
"축산물","한우","한우(우둔)","1122754","한우(우둔)","","2023년","한우(냉장) 1등급 / 우둔 / 찜용 1.5깍뚝/1kg"
"축산물","한우","한우(우둔)","1122755","한우(우둔)","","2023년","한우(냉장) 1등급 / 우둔 / 찜용 1.5깍뚝/0.5kg"
"축산물","한우","한우(우둔)","1122756","한우(우둔)","","2023년","한우(냉장) 1등급 / 우둔 / 찜용 1.5깍뚝/0.3kg"
"축산물","한우","한우(우둔)","1122757","한우(우둔)","","2024년","한우/냉장/1등급/우둔/다짐육/0.5cm 다짐육/1kg"
"축산물","한우","한우(우둔)","1122758","한우(우둔)","","2024년","한우/냉장/1등급/우둔/다짐육/0.5cm 다짐육/0.5kg"
"축산물","한우","한우(우둔)","1122759","한우(우둔)","","2024년","한우/냉장/1등급/우둔/다짐육/0.5cm 다짐육/0.3kg"
"축산물","한우","한우(우둔)","1122760","한우(우둔)","","2024년","한우/냉장/1등급/우둔/짜장,카레용/1*1*1(cm)/1kg"
"축산물","한우","한우(우둔)","1122761","한우(우둔)","","2024년","한우/냉장/1등급/우둔/짜장,카레용/1*1*1(cm)/0.5kg"
"축산물","한우","한우(우둔)","1122762","한우(우둔)","","2024년","한우/냉장/1등급/우둔/짜장,카레용/1*1*1(cm)/0.3kg"
"축산물","한우","한우(전각)","1122763","한우(전각)","","2024년","한우/냉장/1등급/앞다리(전각)/불고기/0.3*3*4(cm)/1kg"
"축산물","한우","한우(전각)","1122764","한우(전각)","","2024년","한우/냉장/1등급/앞다리(전각)/불고기/0.3*3*4(cm)/0.5kg"
"축산물","한우","한우(전각)","1122765","한우(전각)","","2024년","한우/냉장/1등급/앞다리(전각)/불고기/0.3*3*4(cm)/0.3kg"
"축산물","한우","한우(전각)","1122766","한우(전각)","","2024년","한우/냉장/1등급/앞다리(전각)/국거리,세절/0.3*2*3 (cm)/1kg"
"축산물","한우","한우(전각)","1122767","한우(전각)","","2024년","한우/냉장/1등급/앞다리(전각)/국거리,세절/0.3*2*3 (cm)/0.5kg"
"축산물","한우","한우(전각)","1122768","한우(전각)","","2024년","한우/냉장/1등급/앞다리(전각)/국거리,세절/0.3*2*3 (cm)/0.3kg"
"축산물","한우","한우(채끝)","1122769","한우(채끝)","","2024년","한우/냉장/1등급/채끝/구이,스테이크용/0.7cm 구이용 슬라이스/1kg"
"축산물","한우","한우(채끝)","1122770","한우(채끝)","","2024년","한우/냉장/1등급/채끝/구이,스테이크용/0.7cm 구이용 슬라이스/0.5kg"
"축산물","한우","한우(채끝)","1122771","한우(채끝)","","2024년","한우/냉장/1등급/채끝/구이,스테이크용/0.7cm 구이용 슬라이스/0.3kg"
"축산물","한우","한우(등심)","1122772","한우(등심)","","2024년","한우/냉장/무항생제/등심/구이,스테이크용/0.7cm 구이용 슬라이스/1kg"
"축산물","한우","한우(등심)","1122773","한우(등심)","","2024년","한우/냉장/무항생제/등심/구이,스테이크용/0.7cm 구이용 슬라이스/0.5kg"
"축산물","한우","한우(등심)","1122774","한우(등심)","","2024년","한우/냉장/무항생제/등심/구이,스테이크용/0.7cm 구이용 슬라이스/0.3kg"
"축산물","한우","한우(목심)","1122775","한우(목심)","","2024년","한우/냉장/무항생제/목심/샤브용/0.2*4*5 (cm)/1kg"
"축산물","한우","한우(목심)","1122776","한우(목심)","","2024년","한우/냉장/무항생제/목심/샤브용/0.2*4*5 (cm)/0.5kg"
"축산물","한우","한우(목심)","1122777","한우(목심)","","2024년","한우/냉장/무항생제/목심/샤브용/0.2*4*5 (cm)/0.3kg"
"축산물","한우","한우(목심)","1122778","한우(목심)","","2024년","한우/냉장/무항생제/목심/불고기/0.2*3*4 (cm)/1kg"
"축산물","한우","한우(목심)","1122779","한우(목심)","","2024년","한우/냉장/무항생제/목심/불고기/0.2*3*4 (cm)/0.5kg"
"축산물","한우","한우(목심)","1122780","한우(목심)","","2024년","한우/냉장/무항생제/목심/불고기/0.2*3*4 (cm)/0.3kg"
"축산물","한우","한우(사태)","1122781","한우(사태)","","2024년","한우/냉장/무항생제/사태/수육용/200g~300g 덩어리/1kg"
"축산물","한우","한우(사태)","1122782","한우(사태)","","2024년","한우/냉장/무항생제/사태/수육용/200g~300g 덩어리/0.5kg"
"축산물","한우","한우(사태)","1122783","한우(사태)","","2024년","한우/냉장/무항생제/사태/수육용/200g~300g 덩어리/0.3kg"
"축산물","한우","한우(사태)","1122784","한우(사태)","","2024년","한우/냉장/무항생제/사태/장조림/2*2*2(cm)/1kg"
"축산물","한우","한우(사태)","1122785","한우(사태)","","2024년","한우/냉장/무항생제/사태/장조림/2*2*2(cm)/0.5kg"
"축산물","한우","한우(사태)","1122786","한우(사태)","","2024년","한우/냉장/무항생제/사태/장조림/2*2*2(cm)/0.3kg"
"축산물","한우","한우(설도)","1122787","한우(설도)","","2024년","한우/냉장/무항생제/설도/불고기/0.2*3*4(cm)/1kg"
"축산물","한우","한우(설도)","1122788","한우(설도)","","2024년","한우/냉장/무항생제/설도/불고기/0.2*3*4(cm)/0.5kg"
"축산물","한우","한우(설도)","1122789","한우(설도)","","2024년","한우/냉장/무항생제/설도/불고기/0.2*3*4(cm)/0.3kg"
"축산물","한우","한우(설도)","1122790","한우(설도)","","2024년","한우/냉장/무항생제/설도/샤브용/0.2*4*5 (cm)/1kg"
"축산물","한우","한우(설도)","1122791","한우(설도)","","2024년","한우/냉장/무항생제/설도/샤브용/0.2*4*5 (cm)/0.5kg"
"축산물","한우","한우(설도)","1122792","한우(설도)","","2024년","한우/냉장/무항생제/설도/샤브용/0.2*4*5 (cm)/0.3kg"
"축산물","한우","한우(설도)","1122793","한우(설도)","","2024년","한우/냉장/무항생제/설도/짜장,카레용/1*1*1 (cm)/1kg"
"축산물","한우","한우(설도)","1122794","한우(설도)","","2024년","한우/냉장/무항생제/설도/짜장,카레용/1*1*1 (cm)/0.5kg"
"축산물","한우","한우(설도)","1122795","한우(설도)","","2024년","한우/냉장/무항생제/설도/짜장,카레용/1*1*1 (cm)/0.3kg"
"축산물","한우","한우(설도)","1122796","한우(설도)","","2024년","한우/냉장/무항생제/설도/장조림/2*2*2(cm)/1kg"
"축산물","한우","한우(설도)","1122797","한우(설도)","","2024년","한우/냉장/무항생제/설도/장조림/2*2*2(cm)/0.5kg"
"축산물","한우","한우(설도)","1122798","한우(설도)","","2024년","한우/냉장/무항생제/설도/장조림/2*2*2(cm)/0.3kg"
"축산물","한우","한우(설도)","1122799","한우(설도)","","2024년","한우/냉장/무항생제/설도/채썰기/0.4*0.4*5(cm)/1kg"
"축산물","한우","한우(설도)","1122800","한우(설도)","","2024년","한우/냉장/무항생제/설도/채썰기/0.4*0.4*5(cm)/0.5kg"
"축산물","한우","한우(설도)","1122801","한우(설도)","","2024년","한우/냉장/무항생제/설도/채썰기/0.4*0.4*5(cm)/0.3kg"
"축산물","한우","한우(안심)","1122802","한우(안심)","","2024년","한우/냉장/무항생제/안심/구이,스테이크용/0.7cm 구이용 슬라이스/1kg"
"축산물","한우","한우(안심)","1122803","한우(안심)","","2024년","한우/냉장/무항생제/안심/구이,스테이크용/0.7cm 구이용 슬라이스/0.5kg"
"축산물","한우","한우(안심)","1122804","한우(안심)","","2024년","한우/냉장/무항생제/안심/구이,스테이크용/0.7cm 구이용 슬라이스/0.3kg"
"축산물","한우","한우(양지)","1122805","한우(양지)","","2024년","한우/냉장/무항생제/양지/국거리/0.3*2*3(cm)/1kg"
"축산물","한우","한우(양지)","1122806","한우(양지)","","2024년","한우/냉장/무항생제/양지/국거리/0.3*2*3(cm)/0.5kg"
"축산물","한우","한우(양지)","1122807","한우(양지)","","2024년","한우/냉장/무항생제/양지/국거리/0.3*2*3(cm)/0.3kg"
"축산물","한우","한우(우둔)","1122808","한우(우둔)","","2024년","한우/냉장/무항생제/우둔/잡채용/0.3*0.3*5 (cm)/1kg"
"축산물","한우","한우(우둔)","1122809","한우(우둔)","","2024년","한우/냉장/무항생제/우둔/잡채용/0.3*0.3*5 (cm)/0.5kg"
"축산물","한우","한우(우둔)","1122810","한우(우둔)","","2024년","한우/냉장/무항생제/우둔/잡채용/0.3*0.3*5 (cm)/0.3kg"
"축산물","한우","한우(우둔)","1122811","한우(우둔)","","2024년","한우/냉장/무항생제/우둔/불고기/0.2*3*4 (cm)/1kg"
"축산물","한우","한우(우둔)","1122812","한우(우둔)","","2024년","한우/냉장/무항생제/우둔/불고기/0.2*3*4 (cm)/0.5kg"
"축산물","한우","한우(우둔)","1122813","한우(우둔)","","2024년","한우/냉장/무항생제/우둔/불고기/0.2*3*4 (cm)/0.3kg"
"축산물","한우","한우(우둔)","1122814","한우(우둔)","","2023년","한우(냉장) 무항생제 / 우둔 / 찜용 1.5깍뚝/1kg"
"축산물","한우","한우(우둔)","1122815","한우(우둔)","","2023년","한우(냉장) 무항생제 / 우둔 / 찜용 1.5깍뚝/0.5kg"
"축산물","한우","한우(우둔)","1122816","한우(우둔)","","2023년","한우(냉장) 무항생제 / 우둔 / 찜용 1.5깍뚝/0.3kg"
"축산물","한우","한우(우둔)","1122817","한우(우둔)","","2024년","한우/냉장/무항생제/우둔/다짐육/0.5cm 다짐육/1kg"
"축산물","한우","한우(우둔)","1122818","한우(우둔)","","2024년","한우/냉장/무항생제/우둔/다짐육/0.5cm 다짐육/0.5kg"
"축산물","한우","한우(우둔)","1122819","한우(우둔)","","2024년","한우/냉장/무항생제/우둔/다짐육/0.5cm 다짐육/0.3kg"
"축산물","한우","한우(우둔)","1122820","한우(우둔)","","2024년","한우/냉장/무항생제/우둔/짜장,카레용/1*1*1(cm)/1kg"
"축산물","한우","한우(우둔)","1122821","한우(우둔)","","2024년","한우/냉장/무항생제/우둔/짜장,카레용/1*1*1(cm)/0.5kg"
"축산물","한우","한우(우둔)","1122822","한우(우둔)","","2024년","한우/냉장/무항생제/우둔/짜장,카레용/1*1*1(cm)/0.3kg"
"축산물","한우","한우(전각)","1122823","한우(전각)","","2024년","한우/냉장/무항생제/앞다리(전각)/불고기/0.3*3*4(cm)/1kg"
"축산물","한우","한우(전각)","1122824","한우(전각)","","2024년","한우/냉장/무항생제/앞다리(전각)/불고기/0.3*3*4(cm)/0.5kg"
"축산물","한우","한우(전각)","1122825","한우(전각)","","2024년","한우/냉장/무항생제/앞다리(전각)/불고기/0.3*3*4(cm)/0.3kg"
"축산물","한우","한우(전각)","1122826","한우(전각)","","2024년","한우/냉장/무항생제/앞다리(전각)/국거리,세절/0.3*2*3 (cm)/1kg"
"축산물","한우","한우(전각)","1122827","한우(전각)","","2024년","한우/냉장/무항생제/앞다리(전각)/국거리,세절/0.3*2*3 (cm)/0.5kg"
"축산물","한우","한우(전각)","1122828","한우(전각)","","2024년","한우/냉장/무항생제/앞다리(전각)/국거리,세절/0.3*2*3 (cm)/0.3kg"
"축산물","한우","한우(채끝)","1122829","한우(채끝)","","2024년","한우/냉장/무항생제/채끝/구이,스테이크용/0.7cm 구이용 슬라이스/1kg"
"축산물","한우","한우(채끝)","1122830","한우(채끝)","","2024년","한우/냉장/무항생제/채끝/구이,스테이크용/0.7cm 구이용 슬라이스/0.5kg"
"축산물","한우","한우(채끝)","1122831","한우(채끝)","","2024년","한우/냉장/무항생제/채끝/구이,스테이크용/0.7cm 구이용 슬라이스/0.3kg"
"축산물","돈육","돈육(목심)","1122883","돈육(목심)","","2024","돈육/냉장/목살/구이용/0.7*4*5(cm)/0.3kg"
"축산물","돈육","돈육(목심)","1122884","돈육(목심)","","2024","돈육/냉장/목살/수육용/200~300g 덩어리/1kg"
"축산물","돈육","돈육(목심)","1122885","돈육(목심)","","2024","돈육/냉장/목살/수육용/200~300g 덩어리/0.5kg"
"축산물","돈육","돈육(목심)","1122886","돈육(목심)","","2024","돈육/냉장/목살/수육용/200~300g 덩어리/0.3kg"
"축산물","돈육","돈육(목심)","1122887","돈육(목심)","","2024","돈육/냉장/목살/스테이크용/0.7cm슬라이스/1kg"
"축산물","돈육","돈육(목심)","1122888","돈육(목심)","","2024","돈육/냉장/목살/스테이크용/0.7cm슬라이스/0.5kg"
"축산물","돈육","돈육(목심)","1122889","돈육(목심)","","2024","돈육/냉장/목살/스테이크용/0.7cm슬라이스/0.3kg"
"축산물","돈육","돈육(목심)","1122890","돈육(목심)","","2024","돈육/냉장/목살/불고기용/0.3*3*4(cm)/1kg"
"축산물","돈육","돈육(목심)","1122891","돈육(목심)","","2024","돈육/냉장/목살/불고기용/0.3*3*4(cm)/0.5kg"
"축산물","돈육","돈육(목심)","1122892","돈육(목심)","","2024","돈육/냉장/목살/불고기용/0.3*3*4(cm)/0.3kg"
"축산물","돈육","돈육(사태)","1122893","돈육(사태)","","2024","돈육/냉장/사태/수육,찜용/200g~300g 덩어리/0.3kg"
"축산물","돈육","돈육(사태)","1122894","돈육(사태)","","2024","돈육/냉장/사태/장조림용/2*2*2(cm)/1kg"
"축산물","돈육","돈육(사태)","1122895","돈육(사태)","","2024","돈육/냉장/사태/장조림용/2*2*2(cm)/0.5kg"
"축산물","돈육","돈육(사태)","1122896","돈육(사태)","","2024","돈육/냉장/사태/장조림용/2*2*2(cm)/0.3kg"
"축산물","돈육","돈육(삼겹)","1122897","돈육(삽겹)","","2023","돈육/냉장/1등급/삼겹/구이용,한입크기/0.3kg"
"축산물","돈육","돈육(삼겹)","1122898","돈육(삽겹)","","2023","돈육/냉장/1등급/삼겹/수육용/1kg"
"축산물","돈육","돈육(삼겹)","1122899","돈육(삽겹)","","2023","돈육/냉장/1등급/삼겹/수육용/0.5kg"
"축산물","돈육","돈육(삼겹)","1122900","돈육(삽겹)","","2023","돈육/냉장/1등급/삼겹/수육용/0.3kg"
"축산물","돈육","돈육(삼겹)","1122901","돈육(삽겹)","","2023","돈육/냉장/1등급/삼겹/불고기용/1kg"
"축산물","돈육","돈육(삼겹)","1122902","돈육(삽겹)","","2023","돈육/냉장/1등급/삼겹/불고기용/0.5kg"
"축산물","돈육","돈육(삼겹)","1122903","돈육(삽겹)","","2023","돈육/냉장/1등급/삼겹/불고기용/0.3kg"
"축산물","돈육","돈육(안심)","1122904","돈육(안심)","","2024","돈육/냉장/안심/짜장,카레용/1*1*1(cm)/0.3kg"
"축산물","돈육","돈육(안심)","1122905","돈육(안심)","","2024","돈육/냉장/안심/장조림용/2*2*2(cm)/1kg"
"축산물","돈육","돈육(안심)","1122906","돈육(안심)","","2024","돈육/냉장/안심/장조림용/2*2*2(cm)/0.5kg"
"축산물","돈육","돈육(안심)","1122907","돈육(안심)","","2024","돈육/냉장/안심/장조림용/2*2*2(cm)/0.3kg"
"축산물","돈육","돈육(안심)","1122908","돈육(안심)","","2024","돈육/냉장/안심/잡채용/0.3*0.3*5(cm)/1kg"
"축산물","돈육","돈육(안심)","1122909","돈육(안심)","","2024","돈육/냉장/안심/잡채용/0.3*0.3*5(cm)/0.5kg"
"축산물","돈육","돈육(안심)","1122910","돈육(안심)","","2024","돈육/냉장/안심/잡채용/0.3*0.3*5(cm)/0.3kg"
"축산물","돈육","돈육(안심)","1122911","돈육(안심)","","2024","돈육/냉장/안심/다짐육/1kg"
"축산물","돈육","돈육(안심)","1122912","돈육(안심)","","2024","돈육/냉장/안심/다짐육/0.5kg"
"축산물","돈육","돈육(안심)","1122913","돈육(안심)","","2024","돈육/냉장/안심/다짐육/0.3kg"
"축산물","돈육","돈육(전지)","1122914","돈육(전지)","","2024","돈육/냉장/앞다리/찌개용/0.3*2*3(cm)/0.3kg"
"축산물","돈육","돈육(전지)","1122915","돈육(전지)","","2024","돈육/냉장/앞다리/수육용/200g~300g 덩어리/1kg"
"축산물","돈육","돈육(전지)","1122916","돈육(전지)","","2024","돈육/냉장/앞다리/수육용/200g~300g 덩어리/0.5kg"
"축산물","돈육","돈육(전지)","1122917","돈육(전지)","","2024","돈육/냉장/앞다리/수육용/200g~300g 덩어리/0.3kg"
"축산물","돈육","돈육(전지)","1122918","돈육(전지)","","2024","돈육/냉장/앞다리/불고기용/0.2*4*5(cm)/1kg"
"축산물","돈육","돈육(전지)","1122919","돈육(전지)","","2024","돈육/냉장/앞다리/불고기용/0.2*4*5(cm)/0.5kg"
"축산물","돈육","돈육(전지)","1122920","돈육(전지)","","2024","돈육/냉장/앞다리/불고기용/0.2*4*5(cm)/0.3kg"
"축산물","돈육","돈육(전지)","1122921","돈육(전지)","","2024","돈육/냉장/앞다리/다짐육/1kg"
"축산물","돈육","돈육(전지)","1122922","돈육(전지)","","2024","돈육/냉장/앞다리/다짐육/0.5kg"
"축산물","돈육","돈육(전지)","1122923","돈육(전지)","","2024","돈육/냉장/앞다리/다짐육/0.3kg"
"축산물","돈육","돈육(후지)","1122924","돈육(후지)","","2024","돈육/냉장/뒷다리/찌개용/0.3*2*3(cm)/0.3kg"
"축산물","돈육","돈육(후지)","1122925","돈육(후지)","","2023","돈육/냉장/1등급/후지(뒷다리)/수육용/1kg"
"축산물","돈육","돈육(후지)","1122926","돈육(후지)","","2023","돈육/냉장/1등급/후지(뒷다리)/수육용/0.5kg"
"축산물","돈육","돈육(후지)","1122927","돈육(후지)","","2023","돈육/냉장/1등급/후지(뒷다리)/수육용/0.3kg"
"축산물","돈육","돈육(후지)","1122928","돈육(후지)","","2024","돈육/냉장/뒷다리/불고기용/0.2*3*4(cm)/1kg"
"축산물","돈육","돈육(후지)","1122929","돈육(후지)","","2024","돈육/냉장/뒷다리/불고기용/0.2*3*4(cm)/0.5kg"
"축산물","돈육","돈육(후지)","1122930","돈육(후지)","","2024","돈육/냉장/뒷다리/불고기용/0.2*3*4(cm)/0.3kg"
"축산물","돈육","돈육(후지)","1122931","돈육(후지)","","2024","돈육/냉장/뒷다리/다짐육/1kg"
"축산물","돈육","돈육(후지)","1122932","돈육(후지)","","2024","돈육/냉장/뒷다리/다짐육/0.5kg"
"축산물","돈육","돈육(후지)","1122933","돈육(후지)","","2024","돈육/냉장/뒷다리/다짐육/0.3kg"
"축산물","한우","한우(갈비)","1122973","한우(갈비)","","2024","한우/냉동/1등급/갈비/찜용/2.5*3 (cm)/1kg"
"축산물","한우","한우(갈비)","1122974","한우(갈비)","","2024","한우/냉동/1등급/갈비/찜용/2.5*3 (cm)/5kg"
"축산물","한우","한우(갈비)","1122975","한우(갈비)","","2024","한우/냉동/1등급/갈비/찜용/2.5*3 (cm)/3kg"
"축산물","한우","한우(목심)","1122976","한우(목심)","","2024","한우/냉장/1등급/목심/샤브용/0.2*4*5 (cm)/0.5kg"
"축산물","한우","한우(목심)","1122977","한우(목심)","","2024","한우/냉장/1등급/목심/샤브용/0.2*4*5 (cm)/0.3kg"
"축산물","한우","한우(목심)","1122978","한우(목심)","","2023","한우/냉장/1등급/목심/다짐육/1kg"
"축산물","한우","한우(목심)","1122979","한우(목심)","","2023","한우/냉장/1등급/목심/다짐육/0.5kg"
"축산물","한우","한우(목심)","1122980","한우(목심)","","2023","한우/냉장/1등급/목심/다짐육/0.3kg"
"축산물","한우","한우(사태)","1122981","한우(사태)","","2024","한우/냉장/1등급/사태/장조림/2*2*2(cm)/0.5kg"
"축산물","한우","한우(사태)","1122982","한우(사태)","","2024","한우/냉장/1등급/사태/장조림/2*2*2(cm)/0.3kg"
"축산물","한우","한우(설도)","1122983","한우(설도)","","2024","한우/냉장/1등급/설도/짜장,카레용/1*1*1 (cm)/0.5kg"
"축산물","한우","한우(설도)","1122984","한우(설도)","","2024","한우/냉장/1등급/설도/짜장,카레용/1*1*1 (cm)/0.3kg"
"축산물","한우","한우(설도)","1122985","한우(설도)","","2024","한우/냉장/1등급/설도/채썰기/0.4*0.4*5(cm)/1kg"
"축산물","한우","한우(설도)","1122986","한우(설도)","","2024","한우/냉장/1등급/설도/채썰기/0.4*0.4*5(cm)/0.5kg"
"축산물","한우","한우(설도)","1122987","한우(설도)","","2024","한우/냉장/1등급/설도/채썰기/0.4*0.4*5(cm)/0.3kg"
"축산물","한우","한우(설도)","1122988","한우(설도)","","2024","한우/냉장/1등급/설도/장조림/2*2*2(cm)/1kg"
"축산물","한우","한우(설도)","1122989","한우(설도)","","2024","한우/냉장/1등급/설도/장조림/2*2*2(cm)/0.5kg"
"축산물","한우","한우(설도)","1122990","한우(설도)","","2024","한우/냉장/1등급/설도/장조림/2*2*2(cm)/0.3kg"
"축산물","한우","한우(양지)","1122991","한우(양지)","","2024","한우/냉장/1등급/양지/국거리/0.3*2*3(cm)/1kg"
"축산물","한우","한우(양지)","1122992","한우(양지)","","2024","한우/냉장/1등급/양지/국거리/0.3*2*3(cm)/0.5kg"
"축산물","한우","한우(양지)","1122993","한우(양지)","","2024","한우/냉장/1등급/양지/국거리/0.3*2*3(cm)/0.3kg"
"축산물","한우","한우(양지)","1122994","한우(양지)","","2024","한우/냉장/1등급/양지/국거리/200g-300g 덩어리/1kg"
"축산물","한우","한우(양지)","1122995","한우(양지)","","2024","한우/냉장/1등급/양지/국거리/200g-300g 덩어리/0.5kg"
"축산물","한우","한우(양지)","1122996","한우(양지)","","2024","한우/냉장/1등급/양지/국거리/200g-300g 덩어리/0.3kg"
"축산물","한우","한우(우둔)","1122997","한우(우둔)","","2024","한우/냉장/1등급/우둔/불고기/0.2*3*4 (cm)/1kg"
"축산물","한우","한우(우둔)","1122998","한우(우둔)","","2024","한우/냉장/1등급/우둔/불고기/0.2*3*4 (cm)/0.5kg"
"축산물","한우","한우(우둔)","1122999","한우(우둔)","","2024","한우/냉장/1등급/우둔/불고기/0.2*3*4 (cm)/0.3kg"
"축산물","한우","한우(우둔)","1123000","한우(우둔)","","2024","한우/냉장/1등급/우둔/짜장,카레용/1*1*1(cm)/1kg"
"축산물","한우","한우(우둔)","1123001","한우(우둔)","","2024","한우/냉장/1등급/우둔/짜장,카레용/1*1*1(cm)/0.5kg"
"축산물","한우","한우(우둔)","1123002","한우(우둔)","","2024","한우/냉장/1등급/우둔/짜장,카레용/1*1*1(cm)/0.3kg"
"축산물","한우","한우(우둔)","1123003","한우(우둔)","","2024","한우/냉장/1등급/우둔/잡채용/0.3*0.3*5 (cm)/1kg"
"축산물","한우","한우(우둔)","1123004","한우(우둔)","","2024","한우/냉장/1등급/우둔/잡채용/0.3*0.3*5 (cm)/0.5kg"
"축산물","한우","한우(우둔)","1123005","한우(우둔)","","2024","한우/냉장/1등급/우둔/잡채용/0.3*0.3*5 (cm)/0.3kg"
"축산물","한우","한우(우둔)","1123006","한우(우둔)","","2024","한우/냉장/1등급/우둔/다짐육/0.5cm 다짐육/1kg"
"축산물","한우","한우(우둔)","1123007","한우(우둔)","","2024","한우/냉장/1등급/우둔/다짐육/0.5cm 다짐육/0.5kg"
"축산물","한우","한우(우둔)","1123008","한우(우둔)","","2024","한우/냉장/1등급/우둔/다짐육/0.5cm 다짐육/0.3kg"
"축산물","돈육","돈육(갈비)","1123009","돈육(갈비)","수덕푸드","2024","돈육/냉동/갈비/찜,탕용/2*3(cm)/1kg"
"축산물","돈육","돈육(안심)","1123011","돈육(안심)","","2024","돈육/냉장/무항생제/안심/짜장,카레용/1*1*1(cm)/1kg"
"축산물","돈육","돈육(안심)","1123012","돈육(안심)","","2024","돈육/냉장/무항생제/안심/짜장,카레용/1*1*1(cm)/0.5kg"
"축산물","돈육","돈육(안심)","1123013","돈육(안심)","","2024","돈육/냉장/무항생제/안심/짜장,카레용/1*1*1(cm)/0.3kg"
"농산물","버섯류","양송이버섯","1123345","양송이버섯","","2024","양송이버섯(화이트)/0.3kg/"
"축산물","돈육","돈육(안심)","1123014","돈육(안심)","","2024","돈육/냉장/무항생제/안심/장조림용/2*2*2(cm)/1kg"
"축산물","돈육","돈육(안심)","1123015","돈육(안심)","","2024","돈육/냉장/무항생제/안심/장조림용/2*2*2(cm)/0.5kg"
"축산물","돈육","돈육(안심)","1123016","돈육(안심)","","2024","돈육/냉장/무항생제/안심/장조림용/2*2*2(cm)/0.3kg"
"축산물","돈육","돈육(안심)","1123017","돈육(안심)","","2024","돈육/냉장/무항생제/안심/잡채용/0.3*0.3*5(cm)/1kg"
"축산물","돈육","돈육(안심)","1123018","돈육(안심)","","2024","돈육/냉장/무항생제/안심/잡채용/0.3*0.3*5(cm)/0.5kg"
"축산물","돈육","돈육(안심)","1123019","돈육(안심)","","2024","돈육/냉장/무항생제/안심/잡채용/0.3*0.3*5(cm)/0.3kg"
"축산물","돈육","돈육(안심)","1123020","돈육(안심)","","2024","돈육/냉장/무항생제/안심/다짐육/1kg"
"축산물","돈육","돈육(안심)","1123021","돈육(안심)","","2024","돈육/냉장/무항생제/안심/다짐육/0.5kg"
"축산물","돈육","돈육(안심)","1123022","돈육(안심)","","2024","돈육/냉장/무항생제/안심/다짐육/0.3kg"
"축산물","돈육","돈육(등심)","1123023","돈육(등심)","","2024","돈육/냉장/무항생제/등심/짜장,카레용/1*1*1(cm)/1kg"
"축산물","돈육","돈육(등심)","1123024","돈육(등심)","","2024","돈육/냉장/무항생제/등심/짜장,카레용/1*1*1(cm)/0.5kg"
"축산물","돈육","돈육(등심)","1123025","돈육(등심)","","2024","돈육/냉장/무항생제/등심/짜장,카레용/1*1*1(cm)/0.3kg"
"축산물","돈육","돈육(등심)","1123026","돈육(등심)","","2024","돈육/냉장/무항생제/등심/잡채용/0.3*0.3*5(cm)/1kg"
"축산물","돈육","돈육(등심)","1123027","돈육(등심)","","2024","돈육/냉장/무항생제/등심/잡채용/0.3*0.3*5(cm)/0.5kg"
"축산물","돈육","돈육(등심)","1123028","돈육(등심)","","2024","돈육/냉장/무항생제/등심/잡채용/0.3*0.3*5(cm)/0.3kg"
"축산물","돈육","돈육(등심)","1123029","돈육(등심)","","2024","돈육/냉장/무항생제/등심/탕수육용/1*1*4(cm)/1kg"
"축산물","돈육","돈육(등심)","1123030","돈육(등심)","","2024","돈육/냉장/무항생제/등심/탕수육용/1*1*4(cm)/0.5kg"
"축산물","돈육","돈육(등심)","1123031","돈육(등심)","","2024","돈육/냉장/무항생제/등심/탕수육용/1*1*4(cm)/0.3kg"
"축산물","돈육","돈육(등심)","1123032","돈육(등심)","","2024","돈육/냉장/무항생제/등심/돈까스용/개당40g내외/1kg"
"축산물","돈육","돈육(등심)","1123033","돈육(등심)","","2024","돈육/냉장/무항생제/등심/돈까스용/개당40g내외/0.5kg"
"축산물","돈육","돈육(등심)","1123034","돈육(등심)","","2024","돈육/냉장/무항생제/등심/돈까스용/개당40g내외/0.3kg"
"축산물","돈육","돈육(등심)","1123035","돈육(등심)","","2024","돈육/냉장/무항생제/등심/다짐육/1kg"
"축산물","돈육","돈육(등심)","1123036","돈육(등심)","","2024","돈육/냉장/무항생제/등심/다짐육/0.5kg"
"축산물","돈육","돈육(등심)","1123037","돈육(등심)","","2024","돈육/냉장/무항생제/등심/다짐육/0.3kg"
"축산물","돈육","돈육(목심)","1123038","돈육(목심)","","2024","돈육/냉장/무항생제/목살/구이용/0.7cm슬라이스/1kg"
"축산물","돈육","돈육(목심)","1123039","돈육(목심)","","2024","돈육/냉장/무항생제/목살/구이용/0.7cm슬라이스/0.5kg"
"축산물","돈육","돈육(목심)","1123040","돈육(목심)","","2024","돈육/냉장/무항생제/목살/구이용/0.7cm슬라이스/0.3kg"
"축산물","돈육","돈육(목심)","1123041","돈육(목심)","","2024","돈육/냉장/무항생제/목살/수육용/200~300g 덩어리/1kg"
"축산물","돈육","돈육(목심)","1123042","돈육(목심)","","2024","돈육/냉장/무항생제/목살/수육용/200~300g 덩어리/0.5kg"
"축산물","돈육","돈육(목심)","1123043","돈육(목심)","","2024","돈육/냉장/무항생제/목살/수육용/200~300g 덩어리/0.3kg"
"축산물","돈육","돈육(목심)","1123044","돈육(목심)","","2024","돈육/냉장/무항생제/목살/스테이크용/0.7cm슬라이스/1kg"
"축산물","돈육","돈육(목심)","1123045","돈육(목심)","","2024","돈육/냉장/무항생제/목살/스테이크용/0.7cm슬라이스/0.5kg"
"축산물","돈육","돈육(목심)","1123046","돈육(목심)","","2024","돈육/냉장/무항생제/목살/스테이크용/0.7cm슬라이스/0.3kg"
"축산물","돈육","돈육(목심)","1123047","돈육(목심)","","2024","돈육/냉장/무항생제/목살/불고기용/0.3*3*4(cm)/1kg"
"축산물","돈육","돈육(목심)","1123048","돈육(목심)","","2024","돈육/냉장/무항생제/목살/불고기용/0.3*3*4(cm)/0.5kg"
"축산물","돈육","돈육(목심)","1123049","돈육(목심)","","2024","돈육/냉장/무항생제/목살/불고기용/0.3*3*4(cm)/0.3kg"
"축산물","돈육","돈육(사태)","1123050","돈육(사태)","","2023","돈육/냉장/무항생제사태//찌게용/1kg"
"축산물","돈육","돈육(사태)","1123051","돈육(사태)","","2023","돈육/냉장/무항생제사태//찌게용/0.5kg"
"축산물","돈육","돈육(사태)","1123052","돈육(사태)","","2024","돈육/냉장/무항생제/사태/수육,찜용/200g~300g 덩어리/0.3kg"
"축산물","돈육","돈육(사태)","1123053","돈육(사태)","","2024","돈육/냉장/무항생제/사태/장조림용/2*2*2(cm)/1kg"
"축산물","돈육","돈육(사태)","1123054","돈육(사태)","","2024","돈육/냉장/무항생제/사태/장조림용/2*2*2(cm)/0.5kg"
"축산물","돈육","돈육(사태)","1123055","돈육(사태)","","2024","돈육/냉장/무항생제/사태/장조림용/2*2*2(cm)/0.3kg"
"축산물","돈육","돈육(삼겹)","1123056","돈육(삽겹)","","2023","돈육/냉장/무항생제/삼겹/구이용,한입크기/1kg"
"축산물","돈육","돈육(삼겹)","1123057","돈육(삽겹)","","2023","돈육/냉장/무항생제/삼겹/구이용,한입크기/0.5kg"
"축산물","돈육","돈육(삼겹)","1123058","돈육(삽겹)","","2023","돈육/냉장/무항생제/삼겹/구이용,한입크기/0.3kg"
"축산물","돈육","돈육(삼겹)","1123059","돈육(삽겹)","","2023","돈육/냉장/무항생제/삼겹/수육용/1kg"
"축산물","돈육","돈육(삼겹)","1123060","돈육(삽겹)","","2023","돈육/냉장/무항생제/삼겹/수육용/0.5kg"
"축산물","돈육","돈육(삼겹)","1123061","돈육(삽겹)","","2023","돈육/냉장/무항생제/삼겹/수육용/0.3kg"
"축산물","돈육","돈육(삼겹)","1123062","돈육(삽겹)","","2023","돈육/냉장/무항생제/삼겹/불고기용/1kg"
"축산물","돈육","돈육(삼겹)","1123063","돈육(삽겹)","","2023","돈육/냉장/무항생제/삼겹/불고기용/0.5kg"
"축산물","돈육","돈육(삼겹)","1123064","돈육(삽겹)","","2023","돈육/냉장/무항생제/삼겹/불고기용/0.3kg"
"축산물","돈육","돈육(전지)","1123065","돈육(전지)","","2024","돈육/냉장/무항생제/앞다리/찌개용/0.3*2*3(cm)/1kg"
"축산물","돈육","돈육(전지)","1123066","돈육(전지)","","2024","돈육/냉장/무항생제/앞다리/찌개용/0.3*2*3(cm)/0.5kg"
"축산물","돈육","돈육(전지)","1123067","돈육(전지)","","2024","돈육/냉장/무항생제/앞다리/찌개용/0.3*2*3(cm)/0.3kg"
"축산물","돈육","돈육(전지)","1123068","돈육(전지)","","2024","돈육/냉장/무항생제/앞다리/수육용/200g~300g 덩어리/1kg"
"축산물","돈육","돈육(전지)","1123069","돈육(전지)","","2024","돈육/냉장/무항생제/앞다리/수육용/200g~300g 덩어리/0.5kg"
"축산물","돈육","돈육(전지)","1123070","돈육(전지)","","2024","돈육/냉장/무항생제/앞다리/수육용/200g~300g 덩어리/0.3kg"
"축산물","돈육","돈육(전지)","1123071","돈육(전지)","","2024","돈육/냉장/무항생제/앞다리/불고기용/0.3*3*4(cm)/1kg"
"축산물","돈육","돈육(전지)","1123072","돈육(전지)","","2024","돈육/냉장/무항생제/앞다리/불고기용/0.3*3*4(cm)/0.5kg"
"축산물","돈육","돈육(전지)","1123073","돈육(전지)","","2024","돈육/냉장/무항생제/앞다리/불고기용/0.3*3*4(cm)/0.3kg"
"축산물","돈육","돈육(전지)","1123074","돈육(전지)","","2024","돈육/냉장/무항생제/앞다리/다짐육/0.5 다짐육(cm)/1kg"
"축산물","돈육","돈육(전지)","1123075","돈육(전지)","","2024","돈육/냉장/무항생제/앞다리/다짐육/0.5 다짐육(cm)/0.5kg"
"축산물","돈육","돈육(전지)","1123076","돈육(전지)","","2024","돈육/냉장/무항생제/앞다리/다짐육/0.5 다짐육(cm)/0.3kg"
"축산물","돈육","돈육(후지)","1123077","돈육(후지)","","2024","돈육/냉장/무항생제/뒷다리/찌개용/0.3*2*3(cm)/1kg"
"축산물","돈육","돈육(후지)","1123078","돈육(후지)","","2024","돈육/냉장/무항생제/뒷다리/찌개용/0.3*2*3(cm)/0.5kg"
"축산물","돈육","돈육(후지)","1123079","돈육(후지)","","2024","돈육/냉장/무항생제/뒷다리/찌개용/0.3*2*3(cm)/0.3kg"
"축산물","돈육","돈육(후지)","1123080","돈육(후지)","","2023","돈육/냉장/무항생제/후지(뒷다리)/수육용/1kg"
"축산물","돈육","돈육(후지)","1123081","돈육(후지)","","2023","돈육/냉장/무항생제/후지(뒷다리)/수육용/0.5kg"
"축산물","돈육","돈육(후지)","1123082","돈육(후지)","","2023","돈육/냉장/무항생제/후지(뒷다리)/수육용/0.3kg"
"축산물","돈육","돈육(후지)","1123083","돈육(후지)","","2024","돈육/냉장/무항생제/뒷다리/불고기용/0.2*3*4(cm)/1kg"
"축산물","돈육","돈육(후지)","1123084","돈육(후지)","","2024","돈육/냉장/무항생제/뒷다리/불고기용/0.2*3*4(cm)/0.5kg"
"축산물","돈육","돈육(후지)","1123085","돈육(후지)","","2024","돈육/냉장/무항생제/뒷다리/불고기용/0.2*3*4(cm)/0.3kg"
"축산물","돈육","돈육(후지)","1123086","돈육(후지)","","2024","돈육/냉장/무항생제/뒷다리/다짐육/1kg"
"축산물","돈육","돈육(후지)","1123087","돈육(후지)","","2024","돈육/냉장/무항생제/뒷다리/다짐육/0.5kg"
"축산물","돈육","돈육(후지)","1123088","돈육(후지)","","2024","돈육/냉장/무항생제/뒷다리/다짐육/0.3kg"
"축산물","돈육","돈육(등심)","1123089","돈육(등심)","","2024","돈육/냉장/등심/짜장,카레용/1*1*1(cm)/0.3kg"
"축산물","돈육","돈육(등심)","1123090","돈육(등심)","","2024","돈육/냉장/등심/잡채용/0.3*0.3*5(cm)/1kg"
"축산물","돈육","돈육(등심)","1123091","돈육(등심)","","2024","돈육/냉장/등심/잡채용/0.3*0.3*5(cm)/0.5kg"
"축산물","돈육","돈육(등심)","1123092","돈육(등심)","","2024","돈육/냉장/등심/잡채용/0.3*0.3*5(cm)/0.3kg"
"축산물","돈육","돈육(등심)","1123093","돈육(등심)","","2024","돈육/냉장/등심/탕수육용/1*1*4(cm)/1kg"
"축산물","돈육","돈육(등심)","1123094","돈육(등심)","","2024","돈육/냉장/등심/탕수육용/1*1*4(cm)/0.5kg"
"축산물","돈육","돈육(등심)","1123095","돈육(등심)","","2024","돈육/냉장/등심/탕수육용/1*1*4(cm)/0.3kg"
"축산물","돈육","돈육(등심)","1123096","돈육(등심)","","2024","돈육/냉장/등심/돈까스용/개당40g내외/1kg"
"축산물","돈육","돈육(등심)","1123097","돈육(등심)","","2024","돈육/냉장/등심/돈까스용/개당40g내외/0.5kg"
"축산물","돈육","돈육(등심)","1123098","돈육(등심)","","2024","돈육/냉장/등심/돈까스용/개당40g내외/0.3kg"
"축산물","돈육","돈육(등심)","1123099","돈육(등심)","","2024","돈육/냉장/등심/다짐육/1kg"
"축산물","돈육","돈육(등심)","1123100","돈육(등심)","","2024","돈육/냉장/등심/다짐육/0.5kg"
"축산물","돈육","돈육(등심)","1123101","돈육(등심)","","2024","돈육/냉장/등심/다짐육/0.3kg"
"축산물","한우","한우(등심)","1123102","한우(등심)","","2024","한우/냉장/무항생제/등심/구이,스테이크용/0.7cm 구이용 슬라이스/1kg"
"축산물","한우","한우(등심)","1123103","한우(등심)","","2024","한우/냉장/무항생제/등심/구이,스테이크용/0.7cm 구이용 슬라이스/0.5kg"
"축산물","한우","한우(등심)","1123104","한우(등심)","","2024","한우/냉장/무항생제/등심/구이,스테이크용/0.7cm 구이용 슬라이스/0.3kg"
"축산물","한우","한우(목심)","1123105","한우(목심)","","2024","한우/냉장/무항생제/목심/불고기/0.2*3*4 (cm)/1kg"
"축산물","한우","한우(목심)","1123106","한우(목심)","","2024","한우/냉장/무항생제/목심/불고기/0.2*3*4 (cm)/0.5kg"
"축산물","한우","한우(목심)","1123107","한우(목심)","","2024","한우/냉장/무항생제/목심/불고기/0.2*3*4 (cm)/0.3kg"
"축산물","한우","한우(목심)","1123108","한우(목심)","","2024","한우/냉장/무항생제/목심/샤브용/0.2*4*5 (cm)/1kg"
"축산물","한우","한우(목심)","1123109","한우(목심)","","2024","한우/냉장/무항생제/목심/샤브용/0.2*4*5 (cm)/0.5kg"
"축산물","한우","한우(목심)","1123110","한우(목심)","","2024","한우/냉장/무항생제/목심/샤브용/0.2*4*5 (cm)/0.3kg"
"축산물","한우","한우(목심)","1123111","한우(목심)","","2023","한우/냉장/무항생제/목심/다짐육/1kg"
"축산물","한우","한우(목심)","1123112","한우(목심)","","2023","한우/냉장/무항생제/목심/다짐육/0.5kg"
"축산물","한우","한우(목심)","1123113","한우(목심)","","2023","한우/냉장/무항생제/목심/다짐육/0.3kg"
"축산물","한우","한우(설도)","1123114","한우(설도)","","2024","한우/냉장/무항생제/설도/불고기/0.2*3*4(cm)/1kg"
"축산물","한우","한우(설도)","1123115","한우(설도)","","2024","한우/냉장/무항생제/설도/불고기/0.2*3*4(cm)/0.5kg"
"축산물","한우","한우(설도)","1123116","한우(설도)","","2024","한우/냉장/무항생제/설도/불고기/0.2*3*4(cm)/0.3kg"
"축산물","한우","한우(설도)","1123117","한우(설도)","","2024","한우/냉장/무항생제/설도/짜장,카레용/1*1*1 (cm)/1kg"
"축산물","한우","한우(설도)","1123118","한우(설도)","","2024","한우/냉장/무항생제/설도/짜장,카레용/1*1*1 (cm)/0.5kg"
"축산물","한우","한우(설도)","1123119","한우(설도)","","2024","한우/냉장/무항생제/설도/짜장,카레용/1*1*1 (cm)/0.3kg"
"축산물","한우","한우(설도)","1123120","한우(설도)","","2024","한우/냉장/무항생제/설도/채썰기/0.4*0.4*5(cm)/1kg"
"축산물","한우","한우(설도)","1123121","한우(설도)","","2024","한우/냉장/무항생제/설도/채썰기/0.4*0.4*5(cm)/0.5kg"
"축산물","한우","한우(설도)","1123122","한우(설도)","","2024","한우/냉장/무항생제/설도/채썰기/0.4*0.4*5(cm)/0.3kg"
"축산물","한우","한우(설도)","1123123","한우(설도)","","2024","한우/냉장/무항생제/설도/장조림/2*2*2(cm)/1kg"
"축산물","한우","한우(설도)","1123124","한우(설도)","","2024","한우/냉장/무항생제/설도/장조림/2*2*2(cm)/0.5kg"
"축산물","한우","한우(설도)","1123125","한우(설도)","","2024","한우/냉장/무항생제/설도/장조림/2*2*2(cm)/0.3kg"
"축산물","한우","한우(양지)","1123126","한우(양지)","","2024","한우/냉장/무항생제/양지/국거리/0.3*2*3(cm)/1kg"
"축산물","한우","한우(양지)","1123127","한우(양지)","","2024","한우/냉장/무항생제/양지/국거리/0.3*2*3(cm)/0.5kg"
"축산물","한우","한우(양지)","1123128","한우(양지)","","2024","한우/냉장/무항생제/양지/국거리/0.3*2*3(cm)/0.3kg"
"축산물","한우","한우(양지)","1123129","한우(양지)","","2024","한우/냉장/무항생제/양지/국거리/200g-300g 덩어리/1kg"
"축산물","한우","한우(양지)","1123130","한우(양지)","","2024","한우/냉장/무항생제/양지/국거리/200g-300g 덩어리/0.5kg"
"축산물","한우","한우(양지)","1123131","한우(양지)","","2024","한우/냉장/무항생제/양지/국거리/200g-300g 덩어리/0.3kg"
"축산물","한우","한우(우둔)","1123132","한우(우둔)","","2024","한우/냉장/무항생제/우둔/불고기/0.2*3*4 (cm)/1kg"
"축산물","한우","한우(우둔)","1123133","한우(우둔)","","2024","한우/냉장/무항생제/우둔/불고기/0.2*3*4 (cm)/0.5kg"
"축산물","한우","한우(우둔)","1123134","한우(우둔)","","2024","한우/냉장/무항생제/우둔/불고기/0.2*3*4 (cm)/0.3kg"
"축산물","한우","한우(우둔)","1123135","한우(우둔)","","2024","한우/냉장/무항생제/우둔/짜장,카레용/1*1*1(cm)/1kg"
"축산물","한우","한우(우둔)","1123136","한우(우둔)","","2024","한우/냉장/무항생제/우둔/짜장,카레용/1*1*1(cm)/0.5kg"
"축산물","한우","한우(우둔)","1123137","한우(우둔)","","2024","한우/냉장/무항생제/우둔/짜장,카레용/1*1*1(cm)/0.3kg"
"축산물","한우","한우(우둔)","1123138","한우(우둔)","","2024","한우/냉장/무항생제/우둔/잡채용/0.3*0.3*5 (cm)/1kg"
"축산물","한우","한우(우둔)","1123139","한우(우둔)","","2024","한우/냉장/무항생제/우둔/잡채용/0.3*0.3*5 (cm)/0.5kg"
"축산물","한우","한우(우둔)","1123140","한우(우둔)","","2024","한우/냉장/무항생제/우둔/잡채용/0.3*0.3*5 (cm)/0.3kg"
"축산물","한우","한우(우둔)","1123141","한우(우둔)","","2024","한우/냉장/무항생제/우둔/다짐육/0.5cm 다짐육/1kg"
"축산물","한우","한우(우둔)","1123142","한우(우둔)","","2024","한우/냉장/무항생제/우둔/다짐육/0.5cm 다짐육/0.5kg"
"축산물","한우","한우(우둔)","1123143","한우(우둔)","","2024","한우/냉장/무항생제/우둔/다짐육/0.5cm 다짐육/0.3kg"
"축산물","돈육","돈육(잡뼈)","1123144","돈육(잡뼈)","","2023","돈육/냉동/1등급/등뼈/탕용/0.3kg"
"축산물","돈육","돈육(등갈비)","1123145","돈육(등갈비)","","2024","돈육/냉장/무항생제/등갈비/찜,구이용/ 1/2 절단/0.3kg"
"축산물","한우","한우(사태)","1123146","한우(사태)","","2024","한우/냉장/무항생제/사태/수육용/200g~300g 덩어리/1kg"
"축산물","한우","한우(사태)","1123147","한우(사태)","","2024","한우/냉장/무항생제/사태/수육용/200g~300g 덩어리/0.5kg"
"축산물","한우","한우(사태)","1123148","한우(사태)","","2024","한우/냉장/무항생제/사태/수육용/200g~300g 덩어리/0.3kg"
"축산물","한우","한우(사태)","1123149","한우(사태)","","2024","한우/냉장/무항생제/사태/장조림/2*2*2(cm)/1kg"
"축산물","한우","한우(사태)","1123150","한우(사태)","","2024","한우/냉장/무항생제/사태/장조림/2*2*2(cm)/0.5kg"
"축산물","한우","한우(사태)","1123151","한우(사태)","","2024","한우/냉장/무항생제/사태/장조림/2*2*2(cm)/0.3kg"
"축산물","돈육","돈육(잡뼈)","1123152","돈육(잡뼈)","","2023","돈육/냉동/무항생제등뼈//탕용/1kg"
"축산물","돈육","돈육(잡뼈)","1123153","돈육(잡뼈)","","2023","돈육/냉동/무항생제등뼈//탕용/0.5kg"
"축산물","돈육","돈육(잡뼈)","1123154","돈육(잡뼈)","","2023","돈육/냉동/무항생제등뼈//탕용/0.3kg"
"축산물","돈육","돈육(등갈비)","1123155","돈육(등갈비)","","2024","돈육/냉장/무항생제/등갈비/1대씩 절단/1kg"
"축산물","돈육","돈육(등갈비)","1123156","돈육(등갈비)","","2024","돈육/냉장/무항생제/등갈비/1대씩 절단/0.5kg"
"축산물","돈육","돈육(등갈비)","1123157","돈육(등갈비)","","2024","돈육/냉장/무항생제/등갈비/1대씩 절단/0.3kg"
"축산물","한우","한우(등심)","1123158","한우(등심)","","2024","한우/냉장/2등급/등심/구이,스테이크용/0.7cm 구이용 슬라이스/1kg"
"축산물","한우","한우(등심)","1123159","한우(등심)","","2024","한우/냉장/2등급/등심/구이,스테이크용/0.7cm 구이용 슬라이스/0.5kg"
"축산물","한우","한우(등심)","1123160","한우(등심)","","2024","한우/냉장/2등급/등심/구이,스테이크용/0.7cm 구이용 슬라이스/0.3kg"
"축산물","한우","한우(목심)","1123161","한우(목심)","","2024","한우/냉장/2등급/목심/불고기/0.2*3*4 (cm)/1kg"
"축산물","한우","한우(목심)","1123162","한우(목심)","","2024","한우/냉장/2등급/목심/불고기/0.2*3*4 (cm)/0.5kg"
"축산물","한우","한우(목심)","1123163","한우(목심)","","2024","한우/냉장/2등급/목심/불고기/0.2*3*4 (cm)/0.3kg"
"축산물","한우","한우(목심)","1123164","한우(목심)","","2024","한우/냉장/2등급/목심/샤브용/0.2*4*5 (cm)/1kg"
"축산물","한우","한우(목심)","1123165","한우(목심)","","2024","한우/냉장/2등급/목심/샤브용/0.2*4*5 (cm)/0.5kg"
"축산물","한우","한우(목심)","1123166","한우(목심)","","2024","한우/냉장/2등급/목심/샤브용/0.2*4*5 (cm)/0.3kg"
"축산물","한우","한우(목심)","1123167","한우(목심)","","2023","한우/냉장/2등급/목심/다짐육/1kg"
"축산물","한우","한우(목심)","1123168","한우(목심)","","2023","한우/냉장/2등급/목심/다짐육/0.5kg"
"축산물","한우","한우(목심)","1123169","한우(목심)","","2023","한우/냉장/2등급/목심/다짐육/0.3kg"
"축산물","한우","한우(사태)","1123170","한우(사태)","","2024","한우/냉장/2등급/사태/수육용/200g~300g 덩어리/1kg"
"축산물","한우","한우(사태)","1123171","한우(사태)","","2024","한우/냉장/2등급/사태/수육용/200g~300g 덩어리/0.5kg"
"축산물","한우","한우(사태)","1123172","한우(사태)","","2024","한우/냉장/2등급/사태/수육용/200g~300g 덩어리/0.3kg"
"축산물","한우","한우(사태)","1123173","한우(사태)","","2024","한우/냉장/2등급/사태/장조림/2*2*2(cm)/1kg"
"축산물","한우","한우(사태)","1123174","한우(사태)","","2024","한우/냉장/2등급/사태/장조림/2*2*2(cm)/0.5kg"
"축산물","한우","한우(사태)","1123175","한우(사태)","","2024","한우/냉장/2등급/사태/장조림/2*2*2(cm)/0.3kg"
"축산물","한우","한우(설도)","1123176","한우(설도)","","2024","한우/냉장/2등급/설도/불고기/0.2*3*4(cm)/1kg"
"축산물","한우","한우(설도)","1123177","한우(설도)","","2024","한우/냉장/2등급/설도/불고기/0.2*3*4(cm)/0.5kg"
"축산물","한우","한우(설도)","1123178","한우(설도)","","2024","한우/냉장/2등급/설도/불고기/0.2*3*4(cm)/0.3kg"
"축산물","한우","한우(설도)","1123179","한우(설도)","","2024","한우/냉장/2등급/설도/짜장,카레용/1*1*1 (cm)/1kg"
"축산물","한우","한우(설도)","1123180","한우(설도)","","2024","한우/냉장/2등급/설도/짜장,카레용/1*1*1 (cm)/0.5kg"
"축산물","한우","한우(설도)","1123181","한우(설도)","","2024","한우/냉장/2등급/설도/짜장,카레용/1*1*1 (cm)/0.3kg"
"축산물","한우","한우(설도)","1123182","한우(설도)","","2024","한우/냉장/2등급/설도/채썰기/0.4*0.4*5(cm)/1kg"
"축산물","한우","한우(설도)","1123183","한우(설도)","","2024","한우/냉장/2등급/설도/채썰기/0.4*0.4*5(cm)/0.5kg"
"축산물","한우","한우(설도)","1123184","한우(설도)","","2024","한우/냉장/2등급/설도/채썰기/0.4*0.4*5(cm)/0.3kg"
"축산물","한우","한우(설도)","1123185","한우(설도)","","2024","한우/냉장/2등급/설도/장조림/2*2*2(cm)/1kg"
"축산물","한우","한우(설도)","1123186","한우(설도)","","2024","한우/냉장/2등급/설도/장조림/2*2*2(cm)/0.5kg"
"축산물","한우","한우(설도)","1123187","한우(설도)","","2024","한우/냉장/2등급/설도/장조림/2*2*2(cm)/0.3kg"
"축산물","한우","한우(양지)","1123188","한우(양지)","","2024","한우/냉장/2등급/양지/국거리/200g-300g 덩어리/0.5kg"
"축산물","한우","한우(양지)","1123189","한우(양지)","","2024","한우/냉장/2등급/양지/국거리/200g-300g 덩어리/0.3kg"
"축산물","한우","한우(우둔)","1123190","한우(우둔)","","2024","한우/냉장/2등급/우둔/짜장,카레용/1*1*1(cm)/0.5kg"
"축산물","한우","한우(우둔)","1123191","한우(우둔)","","2024","한우/냉장/2등급/우둔/짜장,카레용/1*1*1(cm)/0.3kg"
"축산물","한우","한우(우둔)","1123192","한우(우둔)","","2024","한우/냉장/2등급/우둔/잡채용/0.3*0.3*5 (cm)/1kg"
"축산물","한우","한우(우둔)","1123193","한우(우둔)","","2024","한우/냉장/2등급/우둔/잡채용/0.3*0.3*5 (cm)/0.5kg"
"축산물","한우","한우(우둔)","1123194","한우(우둔)","","2024","한우/냉장/2등급/우둔/잡채용/0.3*0.3*5 (cm)/0.3kg"
"축산물","한우","한우(우둔)","1123195","한우(우둔)","","2024","한우/냉장/2등급/우둔/다짐육/0.5cm 다짐육/1kg"
"축산물","한우","한우(우둔)","1123196","한우(우둔)","","2024","한우/냉장/2등급/우둔/다짐육/0.5cm 다짐육/0.5kg"
"축산물","한우","한우(우둔)","1123197","한우(우둔)","","2024","한우/냉장/2등급/우둔/다짐육/0.5cm 다짐육/0.3kg"
"축산물","한우","한우(전각)","1123198","한우(전각)","","2024","한우/냉장/2등급/앞다리(전각)/불고기/0.3*3*4(cm)/0.5kg"
"축산물","한우","한우(전각)","1123199","한우(전각)","","2024","한우/냉장/2등급/앞다리(전각)/불고기/0.3*3*4(cm)/0.3kg"
"축산물","한우","한우(전각)","1123200","한우(전각)","","2024","한우/냉장/무항생제/앞다리(전각)/불고기/0.3*3*4(cm)/1kg"
"축산물","한우","한우(전각)","1123201","한우(전각)","","2024","한우/냉장/무항생제/앞다리(전각)/불고기/0.3*3*4(cm)/0.5kg"
"축산물","한우","한우(전각)","1123202","한우(전각)","","2024","한우/냉장/무항생제/앞다리(전각)/불고기/0.3*3*4(cm)/0.3kg"
"축산물","한우","한우(갈비)","1123203","한우(갈비)","","2024","한우/냉동/무항생제/갈비/찜용/2.5*3 (cm)/1kg"
"축산물","한우","한우(갈비)","1123204","한우(갈비)","","2024","한우/냉동/무항생제/갈비/찜용/2.5*3 (cm)/5kg"
"축산물","한우","한우(갈비)","1123205","한우(갈비)","","2024","한우/냉동/무항생제/갈비/찜용/2.5*3 (cm)/3kg"
"축산물","돈육","돈육(갈비)","1123206","돈육(갈비)","","2024","돈육/냉동/무항생제/갈비/찜,구이용/2.5*3(cm)/1kg"
"축산물","돈육","돈육(갈비)","1123207","돈육(갈비)","수덕푸드","2024","돈육/냉동/무항생제/갈비/찜,구이용/2.5*3(cm)/3kg"
"축산물","돈육","돈육(갈비)","1123208","돈육(갈비)","수덕푸드","2024","돈육/냉동/무항생제/갈비/찜,구이용/2.5*3(cm)/5kg"
"축산물","한우","한우(잡뼈)","1123209","한우(잡뼈)","","2024","한우/냉동/2등급/잡뼈/탕,국용/3cm 절단/5kg"
"축산물","한우","한우(잡뼈)","1123210","한우(잡뼈)","","2024","한우/냉동/2등급/잡뼈/탕,국용/3cm 절단/3kg"
"축산물","한우","한우(사골)","1123211","한우(사골)","","2024","한우/냉동/2등급/사골/탕,국용/3cm 절단/5kg"
"축산물","한우","한우(사골)","1123212","한우(사골)","","2024","한우/냉동/2등급/사골/탕,국용/3cm 절단/3kg"
"축산물","한우","한우(꼬리)","1123213","한우(꼬리)","","2023","한우/냉동/꼬리/탕용/0.5kg"
"축산물","한우","한우(꼬리)","1123214","한우(꼬리)","","2023","한우/냉동/꼬리/탕용/0.3kg"
"축산물","가금류","닭고기","1123215","닭고기","닭터의자연","2024","닭고기 절단육(껍질무) (50g / 트레이 포장 / 800g (무항생제)"
"축산물","가금류","닭고기","1123216","닭고기","닭터의자연","2024","닭고기 절단육(껍질유) (30g) 트레이 포장 / 800g (무항생제)"
"축산물","가금류","닭고기","1123217","닭고기","닭터의자연","2024","닭고기 절단육(껍질유) (40g) 트레이 포장 / 800g (무항생제)"
"축산물","가금류","닭고기","1123218","닭고기","닭터의자연","2024","닭고기 절단육(껍질유) (50g) 트레이 포장 / 800g (무항생제)"
"축산물","가금류","닭고기","1123219","닭고기","닭터의자연","2024","닭고기 북채(닭다리) / 트레이 포장 / 1kg (무항생제)"
"축산물","가금류","닭고기","1123220","닭고기","닭터의자연","2024","닭고기 북채(닭다리) / 트레이 포장 / 500g (무항생제)"
"축산물","가금류","닭고기","1123221","닭고기","닭터의자연","2024","닭고기 안심 (깍두기 / 트레이 포장 / 1kg (무항생제)"
"축산물","가금류","닭고기","1123222","닭고기","닭터의자연","2024","닭고기 안심 (깍두기 / 트레이 포장 / 500g (무항생제)"
"축산물","가금류","닭고기","1123223","닭고기","닭터의자연","2024","닭고기 안심 (2각(가로) / 트레이 포장 / 1kg (무항생제)"
"축산물","가금류","닭고기","1123224","닭고기","닭터의자연","2024","닭고기 안심 (2각(가로) / 트레이 포장/ 500g (무항생제)"
"축산물","가금류","닭고기","1123225","닭고기","닭터의자연","2024","닭고기 안심 통 / 트레이 포장 / 1kg (무항생제)"
"축산물","가금류","닭고기","1123226","닭고기","닭터의자연","2024","닭고기 안심 통 / 트레이 포장 / 500g (무항생제)"
"축산물","가금류","닭고기","1123227","닭고기","닭터의자연","2024","닭고기 정육(껍질무)(15g) / 트레이 포장 / 1kg (무항생제)"
"축산물","가금류","닭고기","1123228","닭고기","닭터의자연","2024","닭고기 정육(껍질무)(15g) / 트레이 포장 / 500g (무항생제)"
"축산물","가금류","닭고기","1123229","닭고기","닭터의자연","2024","닭고기 정육(껍질무)(30g) / 트레이 포장 / 1kg (무항생제)"
"축산물","가금류","닭고기","1123230","닭고기","닭터의자연","2024","닭고기 정육(껍질무)(30g) / 트레이 포장 / 500g (무항생제)"
"축산물","가금류","닭고기","1123231","닭고기","닭터의자연","2024","닭고기 정육(껍질무)(깍두기) / 트레이 포장 / 1kg (무항생제)"
"축산물","가금류","닭고기","1123232","닭고기","닭터의자연","2024","닭고기 정육(껍질무)(깍두기) / 트레이 포장 / 500g (무항생제)"
"축산물","가금류","닭고기","1123233","닭고기","닭터의자연","2024","닭고기 정육(껍질무)(민찌) / 트레이 포장 / 1kg(무항생제)"
"축산물","가금류","닭고기","1123234","닭고기","닭터의자연","2024","닭고기 정육(껍질무)(민찌) / 트레이 포장 / 500g (무항생제)"
"축산물","가금류","닭고기","1123235","닭고기","닭터의자연","2024","닭고기 정육(껍질무)(채썰기) / 트레이 포장 / 1kg (1*1*5 규격) (무항생제)"
"축산물","가금류","닭고기","1123236","닭고기","닭터의자연","2024","닭고기 정육(껍질무)(채썰기) / 트레이 포장 / 500g (1*1*5 규격) (무항생제)"
"축산물","가금류","닭고기","1123237","닭고기","닭터의자연","2024","닭고기 정육(껍질무)(통) / 트레이 포장 / 1kg (무항생제)"
"축산물","가금류","닭고기","1123238","닭고기","닭터의자연","2024","닭고기 정육(껍질무)(통) / 트레이 포장 / 500g (무항생제)"
"축산물","가금류","닭고기","1123239","닭고기","닭터의자연","2024","닭고기 정육(껍질유)(15g) / 트레이 포장 / 1kg (무항생제)"
"축산물","가금류","닭고기","1123240","닭고기","닭터의자연","2024","닭고기 정육(껍질유)(15g) / 트레이 포장 / 500g (무항생제)"
"축산물","가금류","닭고기","1123241","닭고기","닭터의자연","2024","닭고기 정육(껍질유)(30g) / 트레이 포장 / 1kg (무항생제)"
"축산물","가금류","닭고기","1123242","닭고기","닭터의자연","2024","닭고기 정육(껍질유)(30g) / 트레이 포장 / 500g (무항생제)"
"축산물","가금류","닭고기","1123243","닭고기","닭터의자연","2024","닭고기 정육(껍질유)(깍두기) / 트레이 포장 / 1kg (무항생제)"
"축산물","가금류","닭고기","1123244","닭고기","닭터의자연","2024","닭고기 정육(껍질유)(깍두기) / 트레이 포장 / 500g (무항생제)"
"축산물","가금류","닭고기","1123245","닭고기","닭터의자연","2024","닭고기 정육(껍질유)(민찌) / 트레이 포장 / 1kg (무항생제)"
"축산물","가금류","닭고기","1123246","닭고기","닭터의자연","2024","닭고기 정육(껍질유)(민찌) / 트레이 포장 / 500g (무항생제)"
"축산물","가금류","닭고기","1123247","닭고기","닭터의자연","2024","닭고기 정육(껍질유)(이등분) / 트레이 포장 / 1kg (무항생제)"
"축산물","가금류","닭고기","1123248","닭고기","닭터의자연","2024","닭고기 정육(껍질유)(이등분) / 트레이 포장 / 500g (무항생제)"
"축산물","가금류","닭고기","1123249","닭고기","닭터의자연","2024","닭고기 정육(껍질유)(통) / 트레이 포장 / 1kg (무항생제)"
"축산물","가금류","닭고기","1123250","닭고기","닭터의자연","2024","닭고기 정육(껍질유)(통) / 트레이 포장 /500g (무항생제)"
"축산물","가금류","닭고기","1123251","닭고기","닭터의자연","2024","닭고기 통닭 1/2각(껍질유) / 개체포장 (무항생제)"
"축산물","가금류","닭고기","1123252","닭고기","닭터의자연","2024","닭고기 통닭(껍질유)/ 개체포장 (무항생제)"
"축산물","가금류","닭고기","1123253","(무항생제)통닭","주식회사 올품","2024년","무항생제 통닭(11호 정선) / 1수 포장"
"축산물","가금류","닭고기","1123254","(무항생제)통닭2각","주식회사 올품","2024년","무항생제 통닭(11호) 2각 / 1수 포장"
"축산물","가금류","닭고기","1123255","(무항생제)통닭(껍질제거)","주식회사 올품","2024년","무항생제 통닭(12호 정선) / 껍질제거 / 1수 포장"
"축산물","가금류","닭고기","1123256","(무항생제)통닭(껍질제거)2각","주식회사 올품","2024년","무항생제 통닭(12호 정선) / 껍질제거 / 2각 / 1수 포장"
"축산물","가금류","닭고기","1123257","(무항생제)닭가슴살2*2조각(10g)500g","주식회사 올품","2024년","무항생제 닭가슴살 / 2*2 조각 / 카레용 / 500g 포장 / 조각당 약 10g"
"축산물","가금류","닭고기","1123258","(무항생제)닭안심1*1조각500g","주식회사 올품","2024년","무항생제 닭안심 / 1*1 조각 / 볶음밥용 / 500g 포장"
"축산물","가금류","닭고기","1123259","(무항생제)닭다리살(정육)2*2조각(10g)500g","주식회사 올품","2024년","무항생제 정육(다리살) / 2*2 / 카레용 / 500g 포장"
"축산물","가금류","닭고기","1123260","(무항생제)닭다리살(정육-껍질제거)2*2조각(10g)500g","주식회사 올품","2024년","무항생제 닭정육(다리살) / 껍질제거 / 2*2 / 카레용 / 500g 포장 / 조각당 약 10g"
"농산물","과일과채류","딸기","1123261","딸기","","2024","딸기(16-25개/500g)(팩단위 발주 0.5kg단위)/"
"농산물","과일과채류","딸기","1123262","딸기","","2024","딸기(25-30개/500g) (팩단위 발주 0.5kg단위)/"
"농산물","과일과채류","방울토마토","1123263","대추방울토마토(샐러드)","","2024","(대추)방울토마토(샐러드)/0.5kg///"
"농산물","과일과채류","방울토마토","1123264","대추방울토마토(샐러드)","","2024","(대추)방울토마토(샐러드)/0.5kg//"
"농산물","과일과채류","방울토마토","1123265","대추방울토마토(10-20g)","","2024년","대추방울토마토(10~20g)/0.5kg//"
"농산물","과일과채류","방울토마토","1123266","대추방울토마토(10-20g)","","2024","대추방울토마토(10~20g)/0.5kg///"
"농산물","과일과채류","방울토마토","1123267","대추방울토마토(20-30g)","","2024년","대추방울토마토(20~30g)/0.5kg//"
"농산물","과일과채류","방울토마토","1123268","대추방울토마토(20-30g)","","2024","대추방울토마토(20~30g)/0.5kg//"
"농산물","과일과채류","방울토마토","1123269","방울토마토(배식용)","","2024","방울토마토(배식용)/0.5kg/"
"농산물","과일과채류","방울토마토","1123270","방울토마토(배식용)","","2024","방울토마토(배식용)/0.5kg////"
"농산물","과일과채류","수박","1123271","수박(5kg)","","2024","수박(5kg)/통/"
"농산물","과일과채류","토마토","1123272","완숙토마토(100-150g)","","2024","완숙토마토(100~150g)/1kg///"
"농산물","과일과채류","토마토","1123273","완숙토마토(100-150g)","","2024","완숙토마토(100~150g)/1kg//"
"농산물","과일과채류","토마토","1123274","완숙토마토(소스용)","","2024","완숙토마토(소스용)/1kg/"
"농산물","과일과채류","토마토","1123275","완숙토마토(소스용)","","2024","완숙토마토(소스용)/1kg"
"농산물","과일과채류","토마토","1123276","완숙토마토(200g)","","2024","완숙토마토,200g/개, 1kg///"
"농산물","과일과채류","토마토","1123277","완숙토마토(200g)","","2024","완숙토마토,200g/개, 1kg//"
"농산물","과일류","감귤","1123278","감귤(87내/10k)","","2024","비가림감귤,107-123g/개(87내/10k)/1kg/"
"농산물","과일류","감귤","1123279","감귤(172내/10k)","","2024","비가림감귤,53-62g/개(172내/10k)/1kg/"
"농산물","과일류","감귤","1123280","감귤(140내/10k)","","2024","비가림감귤,63-82g/개(140내/10k)/1kg/"
"농산물","과일류","레몬","1123281","레몬","","2023","레몬/0.3kg/"
"농산물","과일류","레몬","1123282","레몬","","2024","레몬/0.3kg/"
"농산물","과일류","배","1123283","배(18-23)","","2024","배(18-23개/15kg 상자 기준)/1.5kg/"
"농산물","과일류","배","1123284","배(18-23)","","2024","배(18-23개/15kg 상자 기준)/1.5kg"
"농산물","과일류","배","1123285","배(18-23개)","","2024","배(18-23개/15kg 상자 기준)/1.5kg"
"농산물","과일류","배","1123286","배(18-23)","","2023","배(18-23개/15kg 상자 기준)/1.5kg"
"농산물","과일류","배","1123287","배(24-28)","","2024","배(24-28개/15kg 상자 기준)/1.5kg/"
"농산물","과일류","배","1123288","배(24-28)","","2024","배(24-28개/15kg 상자 기준)/1.5kg"
"농산물","과일류","배","1123289","배(24-28개)","","2024","배(24-28개/15kg 상자 기준)/1.5kg"
"농산물","과일류","배","1123290","배(24-28)","","2023","배(24-28개/15kg 상자 기준)/1.5kg"
"농산물","과일류","배","1123291","배(29-34)","","2024","배(29-34개/15kg 상자 기준)/1.5kg/"
"농산물","과일류","배","1123292","배(29-34)","","2024","배(29-34개/15kg 상자 기준)/1.5kg"
"농산물","과일류","배","1123293","배(29-34개)","","2024","배(29-34개/15kg 상자 기준)/1.5kg"
"농산물","과일류","배","1123294","배(29-34)","","2023","배(29-34개/15kg 상자 기준)/1.5kg"
"농산물","과일류","배","1123295","배(35-40)","","2024","배(35-40개/15kg 상자 기준)/1.5kg/"
"농산물","과일류","배","1123296","배(35-40)","","2024","배(35-40개/15kg 상자 기준)/1.5kg"
"농산물","과일류","배","1123297","배(35-40개)","","2024","배(35-40개/15kg 상자 기준)/1.5kg"
"농산물","과일류","배","1123298","배(35-40)","","2023","배(35-40개/15kg 상자 기준)/1.5kg"
"농산물","과일류","배","1123299","배(소스용)","","2024","배(소스용)/1kg/"
"농산물","과일류","배","1123300","배(소스용)","","2024","배(소스용)/1kg"
"농산물","과일류","배","1123301","배(소스용)","","2024","배(소스용)/1kg"
"농산물","과일류","배","1123302","배(소스용)","","2024","배(소스용)/1kg"
"농산물","과일류","오렌지","1123303","레드향(탄금향)(200g)","","2024","레드향(탄금향) 200g/개, 1kg/"
"농산물","과일류","오렌지","1123304","레드향(탄금향)(250g)","","2024","레드향(탄금향) 250g/개, 1kg/"
"농산물","과일류","오렌지","1123305","레드향(탄금향)(300g)","","2024","레드향(탄금향) 300g/개, 1kg/"
"농산물","과채류","가지","1123306","가지","","2024","가지/2개들입///"
"농산물","과채류","가지","1123307","가지","","2024","가지/2개들입//"
"농산물","과채류","애호박","1123308","애호박(비닐제거)","","2024","애호박/(비닐제거)/개//"
"농산물","과채류","애호박","1123309","애호박(인큐)","","2024","애호박/인큐/개//"
"농산물","과채류","오이","1123310","백오이","","2024","백오이/2개들입/"
"농산물","근채류","당근","1123311","당근(깐것)","","2024","깐당근/1kg/"
"농산물","근채류","당근","1123312","당근(깐것)","","2024","깐당근/1kg"
"농산물","근채류","당근","1123313","당근(흙)","","2024","당근(흙)/1kg/"
"농산물","근채류","당근","1123314","당근(흙)","","2024","당근(흙)/1kg"
"농산물","근채류","당근","1123315","당근(세척)","","2024","세척당근/1kg/"
"농산물","근채류","당근","1123316","당근(세척)","","2024","세척당근/1kg"
"농산물","근채류","무","1123317","무(깐것)","","2024년","깐무/개/"
"농산물","근채류","무","1123318","무(깐것)","","2024","깐무/개/"
"농산물","근채류","무","1123319","무(흙)","","2023년","무(흙)/개//"
"농산물","근채류","무","1123320","무(흙)","","2024","무(흙)/개/"
"농산물","근채류","무","1123321","무(세척)","","2023년","세척무/개//"
"농산물","근채류","무","1123322","무(세척)","","2024","세척무/개/"
"농산물","근채류","연근","1123323","연근(깐통)","","2024","깐통연근/0.4kg/_삭제"
"농산물","근채류","연근","1123324","연근(슬라이스)","","2024","연근/슬라이스/0.3kg"
"농산물","근채류","연근","1123325","연근(채)","","2024","연근/채/0.3kg/"
"농산물","근채류","연근","1123326","연근(튀김용)","","2024","연근/튀김용/0.3kg"
"농산물","근채류","연근","1123327","연근(피)","","2024","피연근/0.4kg/무농약_삭제"
"농산물","기타채소","고사리","1123328","고사리","","2024년","고사리(건데친)/0.5kg"
"농산물","기타채소","무말랭이","1123329","무말랭이","","2023년","무말랭이/0.2kg/"
"농산물","음료류","사과즙(유기농)","1123330","사과즙(유기농)","","2024","유기농사과즙(100ml)"
"농산물","버섯류","건표고","1123331","건표고슬라이스","","2025","건표고 슬라이스/0.1kg"
"농산물","버섯류","건표고","1123332","건표고(쵸핑)","","2025","건표고(쵸핑)/0.1kg"
"농산물","버섯류","건표고","1123333","건표고버섯","","2025","건표고버섯/0.1kg"
"농산물","버섯류","느타리버섯","1123334","느타리버섯","","2024년","느타리버섯(무농약)/0.3kg/"
"농산물","버섯류","느타리버섯","1123335","느타리버섯","","2024","느타리버섯/0.3kg"
"농산물","버섯류","만가닥버섯","1123336","만가닥버섯","","2024","만가닥버섯/0.3kg/"
"농산물","버섯류","새송이버섯","1123337","볶음새송이","","2024년","볶음새송이/0.3kg/"
"농산물","버섯류","새송이버섯","1123338","볶음새송이","","2024","볶음새송이/0.3kg"
"농산물","버섯류","새송이버섯","1123339","새송이버섯","","2024년","새송이버섯/0.3kg/"
"농산물","버섯류","새송이버섯","1123340","새송이버섯","","2024","새송이버섯/0.3kg/"
"농산물","버섯류","새송이버섯","1123341","새송이버섯","","2024","새송이버섯/0.3kg/"
"농산물","버섯류","새송이버섯","1123342","새송이버섯","","2024","새송이버섯/0.3kg/"
"농산물","버섯류","애느타리버섯","1123343","애느타리버섯","","2024","애느타리버섯/0.3kg/"
"농산물","버섯류","팽이버섯","1123346","팽이버섯","","2024년","팽이버섯/0.3kg/"
"농산물","버섯류","팽이버섯","1123347","팽이버섯","","2024","팽이버섯/0.3kg/"
"농산물","버섯류","표고버섯","1123348","표고버섯(배지)","","2024년","표고버섯(배지)/0.3kg/"
"농산물","버섯류","표고버섯","1123349","표고버섯(배지)","","2024","표고버섯(배지)/0.3kg/"
"농산물","버섯류","표고버섯","1123350","표고버섯(배지)","","2024","표고버섯(배지)/0.3kg/"
"농산물","버섯류","표고버섯","1123351","표고버섯(배지)","","2024","표고버섯(배지)/0.3kg/"
"농산물","버섯류","표고버섯","1123352","표고버섯(배지)","","2024","표고버섯(배지)/1kg/"
"농산물","버섯류","표고버섯","1123353","표고버섯(배지)","","2024","표고버섯(배지)/0.3kg/"
"농산물","버섯류","표고버섯","1123354","표고버섯(슬라이스)","","2024","표고버섯(슬라이스)/0.3kg/"
"농산물","버섯류","표고버섯","1123355","표고버섯(유기농)","","2024","표고버섯(유기농)/0.3kg"
"농산물","서류","감자","1123356","감자(깐것)","","","감자(깐것) 130-250g/1kg/"
"농산물","서류","감자","1123357","감자(깐것)","","2024","감자(깐것) 130-250g/1kg/"
"농산물","서류","감자","1123358","감자(깐것)","","2024","감자(깐것) 130-250g/1kg"
"농산물","서류","감자","1123359","감자(깐것)","","2024","감자(깐것) 130-250g/1kg/"
"농산물","서류","감자","1123360","감자(피)","","","감자(피) 150-250g/1kg/"
"농산물","서류","감자","1123361","감자(피)","","2024","감자(피) 150-250g/1kg/"
"농산물","서류","감자","1123362","감자(피)","","2024","감자(피) 150-250g/1kg"
"농산물","서류","감자","1123363","감자(피)","","2024","감자(피) 150-250g/1kg/"
"농산물","서류","감자","1123364","감자(피)","","2024","감자(피) 150-250g/1kg"
"농산물","서류","고구마","1123365","고구마(50~80g)","","2024년","고구마(50~80g)/1kg"
"농산물","서류","고구마","1123366","고구마(깐것)","","2023년","고구마(깐것)/1kg"
"농산물","서류","고구마","1123367","고구마(채)","","2023년","고구마(깐것/가는채)/1kg"
"농산물","서류","고구마","1123368","고구마(스틱)","","2023년","고구마(깐것/굵은채/스틱)/1kg/"
"농산물","서류","고구마","1123369","고구마(맛탕)","","2023년","고구마(깐것/맛탕용)/1kg/"
"농산물","서류","고구마","1123370","고구마(어슷)","","2023년","고구마(깐것/어슷썰기)/1kg/"
"농산물","서류","고구마","1123371","고구마(피)","","2024년","고구마(피/세척)/1kg"
"농산물","서류","알감자","1123372","알감자(깐것/조림)","","","알감자(깐것/조림)/1kg/"
"농산물","서류","웨지감자","1123373","웨지감자(깐)","","","웨지감자(깐)/1kg/"
"농산물","서류","웨지감자","1123374","웨지감자(세척)","","","웨지감자(세척)/1kg/"
"농산물","양곡부류","백미","1123375","백미","","2023년","일반미(유기농)/백미유기농천명10kg"
"농산물","양곡부류","백미","1123376","백미/나주","","2023년","일반미(유기농)/백미유기농천명20kg"
"농산물","양채류","브로콜리","1123377","브로콜리","","2024","브로콜리/개/"
"농산물","양채류","비트","1123378","비트","","2023","비트(잎)/0.3kg/_삭제"
"농산물","양채류","비트","1123379","비트","","2023","비트(잎)/0.3kg/_삭제"
"농산물","양채류","양상추","1123380","깐양상추","","2024년","깐양상추/0.3kg//"
"농산물","양채류","치커리","1123381","치커리(적색)","","2024년","치커리(적색)/0.3kg/"
"농산물","양채류","치커리","1123382","치커리(청색)","","2024년","치커리(청색)/0.3kg"
"농산물","양채류","파프리카","1123383","파프리카(노랑)","","2024","파프리카(노랑)/2개들입/"
"농산물","양채류","파프리카","1123384","파프리카(노랑)","","2024","파프리카(노랑)/2개들입"
"농산물","양채류","파프리카","1123385","파프리카(녹색)","","2024","파프리카(녹색),착색양호한것/2개들입/"
"농산물","양채류","파프리카","1123386","파프리카(녹색)","","2024","파프리카(녹색),착색양호한것/2개들입"
"농산물","양채류","파프리카","1123387","파프리카(적색)","","2024","파프리카(적색)/2개들입/"
"농산물","양채류","파프리카","1123388","파프리카(적색)","","2024","파프리카(적색)/2개들입"
"농산물","양채류","파프리카","1123389","파프리카(주황)","","2024","파프리카(주황)/2개들입/"
"농산물","양채류","파프리카","1123390","파프리카(주황)","","2024","파프리카(주황)/2개들입"
"농산물","양채류","피망","1123391","피망","","2024년","피망/청/2개들입//"
"농산물","양채류","피망","1123392","피망","","2024","피망/청/2개들입/"
"농산물","양채류","피망","1123393","피망","","2024","피망/청/2개들입//"
"농산물","엽경채류","근대","1123394","근대","","2024","근대(청)/0.3kg/"
"농산물","엽경채류","근대","1123395","근대","","2024","근대(청)/0.3kg/"
"농산물","엽경채류","근대","1123396","근대","","2024","근대(청)/0.3kg"
"농산물","엽경채류","근대","1123397","근대","","2024","근대(청)/0.3kg/~"
"농산물","엽경채류","근대","1123398","근대","","2024","근대(청)/0.3kg~"
"농산물","엽경채류","깻잎","1123399","깻잎","","2024","깻잎/0.1kg/"
"농산물","엽경채류","부추","1123400","부추","","2024년","부추/0.3kg//"
"농산물","엽경채류","붉은양배추","1123401","붉은양배추","","2024","붉은양배추/통/"
"농산물","엽경채류","상추","1123402","적상추","","2024","적상추/0.3kg/"
"농산물","엽경채류","상추","1123403","적상추","","2024","적상추/0.3kg--"
"농산물","엽경채류","상추","1123404","청상추","","2024","청상추/0.3kg/"
"농산물","엽경채류","상추","1123405","청상추","","2024","청상추/0.3kg"
"농산물","엽경채류","새싹","1123406","베이비채소","","2024년","베이비채소/0.2kg/"
"농산물","엽경채류","세발나물","1123407","세발나물","","2024년","세발나물/0.3kg/"
"농산물","엽경채류","시금치","1123408","시금치","","2024년","시금치/0.3kg//"
"농산물","엽경채류","쌈배추","1123409","쌈배추","","2024","쌈배추(알배기)/통/"
"농산물","엽경채류","쌈배추","1123410","쌈배추","","2024","쌈배추(알배기)/통"
"농산물","엽경채류","쑥갓","1123411","쑥갓","","2024년","쑥갓/0.3kg"
"농산물","엽경채류","아욱","1123412","아욱(손질)","","2024년","아욱(손질)/0.3kg/"
"농산물","엽경채류","아욱","1123413","아욱","","2024","아욱(손질)/0.3kg/"
"농산물","엽경채류","아욱","1123414","아욱","","2024","아욱(손질)/0.3kg"
"농산물","엽경채류","양배추","1123415","양배추(깐것)","","2024년","깐양배추/통/"
"농산물","엽경채류","양배추","1123416","양배추(깐것)","","2024","깐양배추/통/"
"농산물","엽경채류","양배추","1123417","양배추(피)","","2024","양배추(피)/통/"
"농산물","엽경채류","얼갈이","1123418","얼갈이","","2024년","얼갈이(생것)/0.3kg/"
"농산물","엽경채류","얼갈이","1123419","얼갈이","","2024","얼갈이(생것)/0.3kg/"
"농산물","엽경채류","청경채","1123420","청경채","","2024","청경채/0.3kg/"
"농산물","엽경채류","청경채","1123421","청경채","","2024","청경채/0.3kg--"
"농산물","음료류","사과즙(유기농)","1123422","사과즙","","2024","유기농사과즙(100ml)"
"농산물","조미채소류","건고추","1123423","건고추","","2023","건홍고추/0.1kg"
"농산물","조미채소류","건고추","1123424","건고추","","2023","건홍고추/0.1kg/"
"농산물","조미채소류","건고추","1123425","건고추","","2023","건홍고추/0.1kg"
"농산물","조미채소류","고추","1123426","고추(꽈리)","","2024","꽈리고추/0.15kg/"
"농산물","조미채소류","고추","1123427","고추(꽈리)","","2024","꽈리고추/0.15kg"
"농산물","조미채소류","고추","1123428","고추(오이)","","2024","오이고추/0.2kg/"
"농산물","조미채소류","고추","1123429","고추(오이)","","2024","오이고추/0.2kg"
"농산물","조미채소류","고추","1123430","고추(풋)","","2024","풋고추/0.15kg/"
"농산물","조미채소류","고추","1123431","고추(풋)","","2024","풋고추/0.15kg"
"농산물","조미채소류","대파","1123432","대파(간편대파)","","2024년","간편대파(깐것)/0.5kg/"
"농산물","조미채소류","대파","1123433","대파(깐것)","","2024년","대파(깐것)/0.5kg/"
"농산물","조미채소류","대파","1123434","대파(깐것)","","2024","대파(깐것)/0.5kg/"
"농산물","조미채소류","대파","1123435","대파(깐것)","","2024","대파(깐것)/0.5kg/"
"농산물","조미채소류","대파","1123436","대파(흙)","","2024년","대파(흙)/0.5kg"
"농산물","조미채소류","대파","1123437","대파(흙)","","2024","대파(흙)/0.5kg/"
"농산물","조미채소류","대파","1123438","대파(흙)","","2024","대파(흙)/0.5kg/"
"농산물","조미채소류","마늘","1123439","마늘(깐것)","","2023년","마늘(깐것)/0.3kg/"
"농산물","조미채소류","마늘","1123440","마늘(깐것)","","2024","마늘(깐것)/0.3kg/"
"농산물","조미채소류","마늘","1123441","마늘(꼭지제거)","","2023년","마늘(깐것/꼭지제거)/0.3kg//"
"농산물","조미채소류","마늘","1123442","마늘(꼭지제거)","","2024","마늘(깐것/꼭지제거)/0.3kg/"
"농산물","조미채소류","생강","1123444","생강(손깐것)","","","생강(손깐것)/0.3kg/"
"농산물","조미채소류","생강","1123445","생강(흙)","","","생강(흙)/0.3kg/"
"농산물","조미채소류","실파","1123446","쪽파(깐것)","","2023","쪽파(깐것)/0.2kg/"
"농산물","조미채소류","실파","1123447","쪽파(깐것)","","2024","쪽파(깐것)/0.2kg/"
"농산물","조미채소류","양파","1123448","양파(깐것)","","2024년","양파(깐것)/1kg/"
"농산물","조미채소류","양파","1123449","양파(깐것)","","2023","양파(깐것)/1kg/"
"농산물","조미채소류","양파","1123450","양파(깐것)","","2023","양파(깐것)/1kg"
"농산물","조미채소류","양파","1123451","양파(깐것)","","","양파(깐것)/1kg/"
"농산물","조미채소류","양파","1123452","양파(깐것)","","2024","양파(깐것)/1kg/"
"농산물","조미채소류","양파","1123453","양파(깐것)","","2024","양파(깐것)/1kg/"
"농산물","조미채소류","양파","1123454","양파(깐것)","","2024","양파(깐것)/1kg/"
"농산물","조미채소류","양파","1123455","양파(깐것)","","2024년","양파(깐것)100g이하/1kg"
"농산물","조미채소류","양파","1123456","양파(깐것)","","2023","양파(깐것)100g이하/1kg/"
"농산물","조미채소류","양파","1123457","양파(깐것)","","2023","양파(깐것)100g이하/1kg"
"농산물","조미채소류","양파","1123458","양파(깐것)","","","양파(깐것)100g이하/1kg/"
"농산물","조미채소류","양파","1123459","양파(깐것)","","2024","양파(깐것)100g이하/1kg/"
"농산물","조미채소류","양파","1123460","양파(깐것)","","2024","양파(깐것)100g이하/1kg/"
"농산물","조미채소류","양파","1123461","양파(피)","","2023년","양파(피)/1kg//"
"농산물","조미채소류","양파","1123462","양파(피)","","2023","양파(피)/1kg/"
"농산물","조미채소류","양파","1123463","양파(피)","","2023","양파(피)/1kg"
"농산물","조미채소류","양파","1123464","양파(피)","","","양파(피)/1kg/"
"농산물","조미채소류","양파","1123465","양파(피)","","2024","양파(피)/1kg/"
"농산물","조미채소류","양파","1123466","양파(피)","","2024","양파(피)/1kg/"
"농산물","조미채소류","양파","1123467","양파(피)","","2024","양파(피)/1kg/"
"농산물","과채류","가지","1123470","가지말랭이(하늘농가)(어슷썰기)","하늘농가","2023","어슷썰기"
"농산물","양곡부류","백미","1123471","백미/인수","인수영농조합법인","당해년도","일반미(유기농)/10kg_삭제12"
"농산물","과채류","가지","1123472","가지","","당해년도","가지/2개입/0.3kg"
"농산물","과채류","오이","1123473","청오이","","당해년도","청오이/2들입/0.5kg"
"농산물","과채류","돼지호박","1123474","돼지호박(쥬키니)","","당해년도","돼지호박(쥬키니)/0.4kg"
"가공식품","농산물가공식품","단감가공품","1123475","단감가공품","","2023",""
"농산물","과채류","애호박","1123476","애호박/인큐(비닐제거)","","2023년","애호박/인큐(비닐제거)/0.25kg"
"농산물","과일류","키위","1123477","키위/참다래","","2023","키위/참다래/국산/100g/개"
"농산물","엽경채류","시금치","1123489","시금치","","","시금치/0.3kg/"
"농산물","버섯류","느타리버섯","1123490","느타리버섯","","2024","느타리버섯/0.3kg/"
"가공식품","농산물가공식품","건표고가공품","1123491","건표고/율성맑은아침","","2023년","건표고버섯(향고)/0.1kg"
"수산물","건어물","멸치","1123492","깔끔지리멸치","","","깔끔 지리멸치"
"수산물","건어물","멸치","1123493","깔끔지리멸치","","",""
"수산물","어류","고등어","1123494","234234","","",""
"농산물","양곡부류","강낭콩","1123495","백미/인수","인수영농조합법인","당해년도","일반미(유기농)/10kg_삭제11"
"농산물","농산물가공식품","연근가공품","1123509","간연근(부침용)(하늘농가)","하늘농가","2023년산","간연근(부침용)/하늘농가"
"농산물","과일류","키위","1123510","골드키위(국산)","제스프리","2023","골드키위/국내산/1과90~100g/1kg"
"농산물","과채류","애호박","1123511","애호박/인큐","","2023년","애호박/인큐/0.25kg"
"농산물","양곡부류","현미","1123529","현미/인수","인수영농조합법인","2024년산","현미(유기농)/1kg"
"농산물","조미채소류","마늘","1123530","마늘","","2024","마늘/0.3kg"
"가공식품","농산물가공식품","가지말랭이","1123532","가지말랭이/하늘농가","하늘농가","2023년","가지말랭이/0.3kg"
"가공식품","농산물가공식품","방풍나물가공품","1123533","방풍나물/하늘농가","하늘농가","2023년","방풍나물(건데친)/0.3kg"
"가공식품","농산물가공식품","고구마순","1123534","고구마순/하늘농가","하늘농가","2023년","고구마순(데친)/0.3kg"
"가공식품","농산물가공식품","고사리가공품","1123535","고사리/하늘농가","하늘농가","2023년","고사리(건데친절단)/0.3kg"
"가공식품","농산물가공식품","곤드레","1123536","곤드레/하늘농가","하늘농가","2023년","건곤드레/0.3kg"
"가공식품","농산물가공식품","곤드레","1123537","곤드레/하늘농가","하늘농가","2023년","건곤드레/무농약/0.3kg"
"가공식품","농산물가공식품","부지갱이","1123538","부지갱이/하늘농가","하늘농가","2023년","부지갱이(건데친)/0.3kg"
"가공식품","농산물가공식품","곤드레","1123539","곤드레/하늘농가","하늘농가","2023년","곤드레(건데친)/0.3kg"
"가공식품","농산물가공식품","곤드레","1123540","곤드레/하늘농가","하늘농가","2023년","곤드레(건데친)/무농약/0.3kg"
"가공식품","농산물가공식품","곤드레","1123541","곤드레/하늘농가","하늘농가","2023년","곤드레(건데친절단)/무농약/0.3kg"
"가공식품","농산물가공식품","삼잎국화","1123542","삼잎국화/하늘농가","하늘농가","2023년","삼잎국화(건데친)/0.3kg"
"가공식품","농산물가공식품","곤드레","1123543","곤드레/하늘농가","하늘농가","2023년","곤드레(건데친절단)/0.3kg"
"가공식품","농산물가공식품","곤드레","1123544","곤드레/하늘농가","하늘농가","2023년","곤드레(데친절단)/무농약/0.3kg"
"가공식품","농산물가공식품","쑥가공품","1123545","쑥/하늘농가","하늘농가","2024년","쑥(손질/생것)/0.3kg"
"가공식품","농산물가공식품","곤드레","1123546","곤드레/하늘농가","하늘농가","2023년","곤드레(데친절단)/0.3kg"
"가공식품","농산물가공식품","기타","1123547","파파야/하늘농가","하늘농가","2024년","국산그린파파야(깍둑1.5*1.5)/0.3kg"
"가공식품","농산물가공식품","기타","1123548","파파야/하늘농가","하늘농가","2024년","국산그린파파야(깍둑3*3)/0.3kg"
"가공식품","농산물가공식품","무시래기가공품","1123549","무시래기/하늘농가","하늘농가","2023년","친환경무시래기(건데친절단)/무농약/0.3kg"
"가공식품","농산물가공식품","고구마순","1123550","고구마순/하늘농가","하늘농가","2023년","고구마순(건데친)/0.3kg"
"가공식품","농산물가공식품","고사리가공품","1123551","고사리/하늘농가","하늘농가","2023년","고사리(데친)/0.3kg"
"가공식품","농산물가공식품","방풍나물가공품","1123552","방풍나물/하늘농가","하늘농가","2024년","방풍나물(데친)/0.3kg"
"가공식품","농산물가공식품","곤드레","1123553","곤드레/하늘농가","하늘농가","2023년","곤드레(데친)/0.3kg"
"가공식품","농산물가공식품","삼잎국화","1123554","삼잎국화/하늘농가","하늘농가","2024년","삼잎국화(생데친)/0.3kg"
"가공식품","농산물가공식품","곤드레","1123555","곤드레/하늘농가","하늘농가","2023년","곤드레(데친)/무농약/0.3kg"
"가공식품","농산물가공식품","쑥가공품","1123556","쑥/하늘농가","하늘농가","2024년","쑥(손질/데친)/0.3kg"
"가공식품","농산물가공식품","대파가공품","1123557","대파/하늘농가","하늘농가","2024년","대파채/0.3kg"
"가공식품","농산물가공식품","더덕","1123558","더덕/하늘농가","하늘농가","2023년","더덕채/0.3kg"
"가공식품","농산물가공식품","도라지가공품","1123559","도라지/하늘농가","하늘농가","2023년","도라지(눌린것)/0.3kg"
"가공식품","농산물가공식품","도라지가공품","1123560","도라지/하늘농가","하늘농가","2023년","도라지(어슷썰기)/0.3kg"
"가공식품","농산물가공식품","도라지가공품","1123561","도라지/하늘농가","하늘농가","2023년","실채도라지/0.3kg"
"가공식품","농산물가공식품","도라지가공품","1123562","도라지/하늘농가","하늘농가","2023년","채도라지/0.3kg"
"가공식품","농산물가공식품","도라지가공품","1123563","도라지/하늘농가","하늘농가","2023년","채도라지(뽀송)/0.3kg"
"가공식품","농산물가공식품","도라지가공품","1123564","도라지/하늘농가","하늘농가","2023년","친환경강정용도라지/무농약/0.3kg"
"가공식품","농산물가공식품","연근가공품","1123565","연근/하늘농가","하늘농가","2024년","깐통연근/무농약/0.3kg"
"가공식품","농산물가공식품","도라지가공품","1123566","도라지/하늘농가","하늘농가","2023년","친환경도라지어슷썰기/무농약/0.3kg"
"가공식품","농산물가공식품","취나물가공품","1123567","취나물/하늘농가","하늘농가","2024년","취나물(데친)/0.3kg"
"가공식품","농산물가공식품","취나물가공품","1123568","취나물/하늘농가","하늘농가","2023년","취나물(건데친)/0.3kg"
"가공식품","농산물가공식품","기타","1123569","파파야/하늘농가","하늘농가","2024년","국산그린파파야(채)/0.3kg"
"가공식품","농산물가공식품","기타","1123570","콩줄기나물/하늘농가","하늘농가","2023년","콩줄기나물(데친)/0.3kg"
"가공식품","농산물가공식품","눈개승마","1123571","눈개승마/하늘농가","하늘농가","2024년","삼나물(건데친)/0.3kg"
"가공식품","농산물가공식품","애호박가공품","1123572","애호박/하늘농가","하늘농가","2023년","애호박말랭이/0.3kg"
"가공식품","농산물가공식품","늙은호박","1123573","늙은호박/하늘농가","하늘농가","2023년","늙은호박(죽용)/0.3kg"
"가공식품","농산물가공식품","우엉가공품","1123574","우엉(깍뚝썰기/친환경콩조림/1*1)(하늘농가)","하늘농가","2023년","우엉(깍뚝썰기/친환경콩조림/ 1*1)"
"가공식품","농산물가공식품","늙은호박","1123575","늙은호박/하늘농가","하늘농가","2023년","늙은호박(찜용)/0.3kg"
"가공식품","농산물가공식품","얼갈이가공품","1123576","얼갈이/하늘농가","하늘농가","2024년","얼갈이(데친)/0.3kg"
"가공식품","농산물가공식품","우엉가공품","1123577","우엉/하늘농가","하늘농가","2023년","우엉(깍뚝썰기/콩조림 1*1)/0.3kg"
"가공식품","농산물가공식품","늙은호박","1123578","늙은호박/하늘농가","하늘농가","2023년","늙은호박(채)/0.3kg"
"가공식품","농산물가공식품","더덕","1123579","더덕/하늘농가","하늘농가","2023년","깐더덕/0.3kg"
"가공식품","농산물가공식품","더덕","1123580","더덕/하늘농가","하늘농가","2023년","더덕(눌린것)/0.3kg"
"가공식품","농산물가공식품","더덕","1123581","더덕/하늘농가","하늘농가","2023년","더덕실채/0.3kg"
"가공식품","농산물가공식품","도라지가공품","1123582","도라지/하늘농가","하늘농가","2023년","도라지(강정용)/0.3kg"
"가공식품","농산물가공식품","연근가공품","1123583","연근/하늘농가","하늘농가","2024년","간연근(부침용)/0.3kg"
"가공식품","농산물가공식품","도라지가공품","1123584","도라지/하늘농가","하늘농가","2023년","도라지(밥용)/0.3kg"
"가공식품","농산물가공식품","도라지가공품","1123585","도라지/하늘농가","하늘농가","2023년","도라지(채튀김용)/0.3kg"
"가공식품","농산물가공식품","연근가공품","1123586","연근/하늘농가","하늘농가","2024년","깐통연근/0.3kg"
"가공식품","농산물가공식품","도라지가공품","1123587","도라지/하늘농가","하늘농가","2023년","친환경도라지밥용/무농약/0.3kg"
"가공식품","농산물가공식품","도라지가공품","1123588","도라지/하늘농가","하늘농가","2023년","친환경도라지채튀김용/무농약/0.3kg"
"가공식품","농산물가공식품","연근가공품","1123589","연근/하늘농가","하늘농가","2024년","연근(밥용/1*1cm)/0.3kg"
"가공식품","농산물가공식품","피마자","1123590","피마자/하늘농가","하늘농가","2023년","피마자(건데친)/0.3kg"
"가공식품","농산물가공식품","토란대","1123591","토란대/하늘농가","하늘농가","2023년","토란대(건데친절단)/0.3kg"
"가공식품","농산물가공식품","토란대","1123592","토란대/하늘농가","하늘농가","2023년","토란대(건데친)/0.3kg"
"가공식품","농산물가공식품","우엉가공품","1123593","우엉/하늘농가","하늘농가","2023년","우엉밥용(0.5*0.5)/무농약/0.3kg"
"가공식품","농산물가공식품","연근가공품","1123594","연근/하늘농가","하늘농가","2024년","연근(밥용/1*1cm)/무농약/0.3kg"
"가공식품","농산물가공식품","콜라비가공품","1123595","콜라비/하늘농가","하늘농가","2023년","콜라비말랭이/0.3kg"
"가공식품","농산물가공식품","우엉가공품","1123596","우엉/하늘농가","하늘농가","2023년","우엉밥용(0.5*0.5)/0.3kg"
"가공식품","농산물가공식품","연근가공품","1123597","연근/하늘농가","하늘농가","2024년","연근(조림용/ 0.8cm)/0.3kg"
"가공식품","농산물가공식품","우엉가공품","1123598","우엉/하늘농가","하늘농가","2023년","우엉(어슷썰기)/0.3kg"
"가공식품","농산물가공식품","우엉가공품","1123599","우엉/하늘농가","하늘농가","2023년","우엉채/0.3kg"
"가공식품","농산물가공식품","우엉가공품","1123600","우엉/하늘농가","하늘농가","2023년","우엉스틱/0.3kg"
"가공식품","농산물가공식품","우엉가공품","1123601","우엉/하늘농가","하늘농가","2023년","우엉실채/무농약/0.3kg"
"가공식품","농산물가공식품","참나물가공품","1123609","참나물/하늘농가","하늘농가","2024년","참나물(데친)/0.3kg"
"가공식품","농산물가공식품","질경이","1123610","질경이/하늘농가","하늘농가","2023년","질경이(건데친)/0.3kg"
"가공식품","농산물가공식품","우엉가공품","1123611","우엉/하늘농가","하늘농가","2023년","우엉(어슷썰기)/무농약/0.3kg"
"가공식품","농산물가공식품","죽순","1123612","죽순/하늘농가","하늘농가","2023년","죽순(건데친)/0.3kg"
"가공식품","농산물가공식품","유채나물","1123613","유채나물/하늘농가","하늘농가","2024년","유채나물(데친)/0.3kg"
"가공식품","농산물가공식품","우엉가공품","1123614","우엉/하늘농가","하늘농가","2023년","우엉채/무농약/0.3kg"
"가공식품","농산물가공식품","유채나물","1123615","유채나물/하늘농가","하늘농가","2023년","유채나물(건데친)/0.3kg"
"가공식품","농산물가공식품","우엉가공품","1123616","우엉/하늘농가","하늘농가","2023년","흙우엉/무농약/0.3kg"
"가공식품","농산물가공식품","우엉가공품","1123617","우엉/하늘농가","하늘농가","2023년","흙우엉/0.3kg"
"가공식품","농산물가공식품","우엉가공품","1123618","우엉/하늘농가","하늘농가","2023년","우엉스틱/무농약/0.3kg"
"가공식품","농산물가공식품","우엉가공품","1123619","우엉/하늘농가","하늘농가","2023년","우엉슬라이스(칩/ 0.2cm)/0.3kg"
"가공식품","농산물가공식품","우엉가공품","1123620","우엉/하늘농가","하늘농가","2023년","우엉슬라이스(칩/ 0.2cm)/무농약/0.3kg"
"가공식품","농산물가공식품","우엉가공품","1123621","우엉/하늘농가","하늘농가","2023년","우엉실채/0.3kg"
"가공식품","농산물가공식품","연근가공품","1123622","연근/하늘농가","하늘농가","2024년","연근(튀김용 /0.5cm)/무농약/0.3kg"
"가공식품","농산물가공식품","연근가공품","1123623","연근/하늘농가","하늘농가","2024년","연근(튀김용/0.5cm)/0.3kg"
"가공식품","농산물가공식품","연근가공품","1123624","연근/하늘농가","하늘농가","2024년","흙통연근/무농약/0.3kg"
"가공식품","농산물가공식품","우거지","1123625","우거지/하늘농가","하늘농가","2023년","우거지(건데친)/0.3kg"
"가공식품","농산물가공식품","고춧가루","1123626","고춧가루/영양F&S","영양F&S","2023년","햇님마을 고춧가루(순한맛)_1kg"
"가공식품","농산물가공식품","고춧가루","1123627","고춧가루/영양F&S","영양F&S","2023년","햇님마을 고춧가루(순한맛)_500g"
"가공식품","농산물가공식품","들깨가루","1123628","들깨가루/영양F&S","영양F&S","2023년","햇님마을 껍질벗긴 들깨가루_1kg"
"가공식품","농산물가공식품","연근가공품","1123629","연근/하늘농가","하늘농가","2024년","흙통연근/0.3kg"
"가공식품","농산물가공식품","고춧가루","1123630","고춧가루/영양F&S","영양F&S","2023년","햇님마을 고춧가루(보통맛)_1kg"
"가공식품","농산물가공식품","고춧가루","1123631","고춧가루/영양F&S","영양F&S","2023년","햇님마을 고춧가루(보통맛)_500g"
"가공식품","농산물가공식품","들기름","1123632","들기름/영양F&S","영양F&S","2023년","햇님마을 들기름_ 500ml"
"가공식품","농산물가공식품","우거지","1123633","우거지/하늘농가","하늘농가","2024년","우거지(데친)/0.3kg"
"가공식품","농산물가공식품","우엉가공품","1123634","우엉/하늘농가","하늘농가","2023년","깐통우엉/0.3kg"
"가공식품","농산물가공식품","들깨가루","1123635","들깨가루/영양F&S","영양F&S","2023년","햇님마을 들깨가루_1kg"
"가공식품","농산물가공식품","참깨","1123636","참깨/영양F&S","영양F&S","2023년","햇님마을 껍질벗긴 참깨_500g"
"가공식품","농산물가공식품","우엉가공품","1123637","우엉/하늘농가","하늘농가","2023년","우엉(깍뚝썰기/친환경콩조림/ 1*1)/무농약/0.3kg"
"가공식품","농산물가공식품","도라지가공품","1123638","도라지/하늘농가","하늘농가","2023년","친환경뽀송실채도라지/무농약/0.3kg"
"가공식품","농산물가공식품","달걀","1123639","계란(1등급/특란/무항생제)","안일농장","2024년","계란(1등급/특란/무항생제)0.6kg/1.8kg단위로발주가능"
"가공식품","농산물가공식품","도라지가공품","1123640","도라지/하늘농가","하늘농가","2023년","통도라지/0.3kg"
"가공식품","농산물가공식품","머위나물","1123641","머위나물/하늘농가","하늘농가","2023년","머위대나물(데친)/0.3kg"
"가공식품","농산물가공식품","무말랭이가공품","1123642","무말랭이/하늘농가","하늘농가","2023년","건무말랭이/0.3kg"
"축산물","돈육","돈육(삼겹)","1123643","돈육(삼겹)","수덕푸드","2024","돈육/냉장/삼겹/구이용/절단 0.7*4*5(cm)/1kg"
"가공식품","농산물가공식품","무시래기가공품","1123644","무시래기/하늘농가","하늘농가","2023년","무시래기(데친)/0.3kg"
"축산물","돈육","돈육(삼겹)","1123645","돈육(삼겹)","수덕푸드","2024","돈육/냉장/무항생제/삼겹살/구이용/0.7cm슬라이스/0.5kg"
"축산물","돈육","돈육(삼겹)","1123646","돈육(삼겹)","수덕푸드","2024","돈육/냉장/무항생제/삼겹/구이용/절단 0.7*4*5(cm)/0.3kg"
"축산물","돈육","돈육(삼겹)","1123647","돈육(삼겹)","수덕푸드","2024","돈육/냉장/무항생제/삼겹/수육용/200g~300g 덩어리/0.5kg"
"축산물","돈육","돈육(삼겹)","1123648","돈육(삼겹)","수덕푸드","2024","돈육/냉장/삼겹/구이용/0.7cm 길게 슬라이스/1kg"
"가공식품","농산물가공식품","참기름","1123649","참기름/영양F&S","영양F&S","2023년","햇님마을 참기름_ 500ml"
"가공식품","농산물가공식품","우엉가공품","1123650","우엉/하늘농가","하늘농가","2023년","깐통우엉/무농약/0.3kg"
"가공식품","농산물가공식품","참깨","1123651","참깨/영양F&S","영양F&S","2023년","햇님마을 볶음참깨_500g"
"가공식품","농산물가공식품","도라지가공품","1123652","도라지/하늘농가","하늘농가","2023년","친환경뽀송채도라지/무농약/0.3kg"
"가공식품","농산물가공식품","도라지가공품","1123653","도라지/하늘농가","하늘농가","2023년","친환경실채도라지/무농약/0.3kg"
"가공식품","농산물가공식품","도라지가공품","1123654","도라지/하늘농가","하늘농가","2023년","친환경채도라지/무농약/0.3kg"
"가공식품","농산물가공식품","도라지가공품","1123655","도라지/하늘농가","하늘농가","2023년","친환경통도라지/무농약/0.3kg"
"가공식품","농산물가공식품","무시래기가공품","1123656","무시래기/하늘농가","하늘농가","2023년","건무시래기/0.3kg"
"가공식품","농산물가공식품","무시래기가공품","1123657","무시래기/하늘농가","하늘농가","2023년","건무시래기/무농약/0.3kg"
"축산물","돈육","돈육(등갈비)","1123658","돈육(등갈비)","수덕푸드","2023","돈육/냉장/무항생제/등갈비/찜용/1대씩,반컷/1kg/"
"가공식품","농산물가공식품","무시래기가공품","1123659","무시래기/하늘농가","하늘농가","2023년","국산무시래기(건데친절단)/0.3kg"
"가공식품","농산물가공식품","무시래기가공품","1123660","무시래기/하늘농가","하늘농가","2023년","무시래기(건데친)/0.3kg"
"축산물","돈육","돈육(등갈비)","1123661","돈육(등갈비)","수덕푸드","2024","돈육/냉장/무항생제/등갈비/찜,구이용/ 1/2 절단/0.5kg"
"가공식품","농산물가공식품","무시래기가공품","1123662","무시래기/하늘농가","하늘농가","2023년","무시래기(건데친)/무농약/0.3kg"
"축산물","돈육","돈육(삼겹)","1123663","돈육(삼겹)","수덕푸드","2024","돈육/냉장/삼겹/구이용/절단 0.7*4*5(cm)/0.5kg"
"축산물","돈육","돈육(삼겹)","1123664","돈육(삼겹)","수덕푸드","2024","돈육/냉장/삼겹/구이용/절단 0.7*4*5(cm)/0.3kg"
"축산물","돈육","돈육(삼겹)","1123665","돈육(삼겹)","수덕푸드","2024","돈육/냉장/삼겹/수육용/200g~300g 덩어리/1kg"
"축산물","돈육","돈육(삼겹)","1123666","돈육(삼겹)","수덕푸드","2024","돈육/냉장/삼겹/수육용/200g~300g 덩어리/0.5kg"
"축산물","돈육","돈육(삼겹)","1123667","돈육(삼겹)","수덕푸드","2024","돈육/냉장/삼겹/수육용/200g~300g 덩어리/0.3kg"
"축산물","돈육","돈육(삼겹)","1123668","돈육(삼겹)","수덕푸드","2024","돈육/냉장/무항생제/삼겹살/구이용/0.7cm슬라이스/1kg"
"축산물","돈육","돈육(삼겹)","1123669","돈육(삼겹)","수덕푸드","2024","돈육/냉장/무항생제/삼겹살/구이용/0.7cm슬라이스/0.3kg"
"축산물","돈육","돈육(삼겹)","1123670","돈육(삼겹)","수덕푸드","2024","돈육/냉장/무항생제/삼겹/구이용/절단 0.7*4*5(cm)/1kg"
"가공식품","농산물가공식품","연근가공품","1123671","연근/하늘농가","하늘농가","2024년","간연근(탕수용)/무농약/0.3kg"
"축산물","돈육","돈육(삼겹)","1123672","돈육(삼겹)","수덕푸드","2024","돈육/냉장/무항생제/삼겹/구이용/절단 0.7*4*5(cm)/0.5kg"
"축산물","돈육","돈육(삼겹)","1123673","돈육(삼겹)","수덕푸드","2024","돈육/냉장/무항생제/삼겹/수육용/200g~300g 덩어리/1kg"
"축산물","돈육","돈육(삼겹)","1123674","돈육(삼겹)","수덕푸드","2024","돈육/냉장/무항생제/삼겹/수육용/200g~300g 덩어리/0.3kg"
"축산물","돈육","돈육(삼겹)","1123675","돈육(삼겹)","수덕푸드","2024","돈육/냉장/삼겹/구이용/0.7cm 길게 슬라이스/0.5kg"
"수산물","갑각류","새우","1123676","새우","","2023년","흰다리새우(머리,껍질,꼬리유) 태국산 100미/1kg"
"수산물","어류","갈치","1123677","갈치","","2023년","대체품목발주 - 갈치(손질)(뼈포함) 세네갈"
"수산물","어류","갈치","1123678","갈치","","2023년","대체품목발주-갈치(포) 세네갈/"
"수산물","어류","갈치","1123679","갈치","","2023년","대체품목발주-갈치(포) 세네갈"
"수산물","어류","갈치","1123680","갈치절단(모로코)(뼈있음)","","2023년","갈치 냉동(손질) 절단/모로코"
"수산물","어류","갈치","1123681","갈치절단(뼈있음)","","2023년","갈치 냉동(포) 절단/베네주엘라"
"수산물","어류","갈치","1123682","갈치포","","별도표기","갈치 냉동(포) 절단,토막당 40g내외/수입산/500g"
"수산물","어류","갈치","1123683","갈치(모코로산)","","2024년","갈치 냉동(손질) 절단/모로코,뼈포함20g"
"수산물","어류","갈치","1123684","갈치","","2023/2024","갈치 냉동(포) 절단/베네주엘라"
"수산물","어류","갈치","1123685","갈치포","","2024","갈치 냉동(포) 절단,토막당 40g내외/수입산/1kg"
"수산물","어류","갈치","1123686","갈치(절단)/베네주엘라","","2023년","갈치 냉동(손질) 절단/베네주엘라"
"수산물","어류","갈치","1123687","갈치(포)/베네주엘라","","2023년","갈치 냉동(포) 절단/베네주엘라"
"수산물","어류","갈치","1123688","갈치(포)/모로코","","2023년","갈치 냉동(포) 절단/모로코"
"축산물","돈육","돈육(삼겹)","1123689","돈육(삼겹)","수덕푸드","2024","돈육/냉장/삼겹/구이용/0.7cm 길게 슬라이스/0.3kg"
"수산물","어류","갈치","1123690","갈치","","2023년","대체품목발주 - 갈치(손질)(뼈포함) 세네갈/"
"수산물","어류","갈치","1123691","갈치절단(뼈있음)","","2023년","갈치 냉동(손질) 절단/베네주엘라"
"수산물","어류","갈치","1123692","갈치포","","2023년","갈치 냉동(포) 절단,토막당 20g내외/수입산/1kg"
"수산물","갑각류","새우","1123693","새우(500/50)","","2024년","흰다리새우 냉동 50미/500g,100미/1kg 베트남산"
"수산물","어류","갈치","1123694","갈치(베네주엘라산)","","2024년","갈치 냉동(손질) 절단/베네주엘라,뼈포함 20g"
"수산물","어류","갈치","1123695","갈치(베네주엘라산)","","2024년","갈치 냉동(포) 절단/베네주엘라 20g"
"수산물","어류","갈치","1123696","갈치(모로코산)","","2024년","갈치 냉동(포) 절단/모로코 20g"
"수산물","어류","갈치","1123697","갈치","","2023/2024","갈치 냉동(손질) 절단/베네주엘라"
"수산물","어류","갈치","1123698","갈치(절단)/모로코","","2023년","갈치 냉동(손질) 절단/모로코"
"축산물","가금류","오리","1123699","오리/통오리/주원산오리","주원산오리","2024년","오리/무항생제/통오리/뼈있음/2kg"
"축산물","가금류","오리","1123700","오리/통오리(정선)/주원산오리","주원산오리","2024년","오리/무항생제/통오리(정선)/뼈있음/2kg"
"축산물","가금류","오리","1123701","오리","주원산오리","2024","통오리(2각, 4각) / 무항생제 / 1kg"
"농산물","과일류","키위","1123702","그린키위","","당해년도","그린키위/수입산/1과 100g/1kg"
"농산물","과일류","키위","1123703","그린키위","","당해년도","그린키위/수입산/1과 100g/1kg"
"가공식품","농산물가공식품","쑥가공품","1123704","쑥(손질/생것)(하늘농가)","하늘농가","2024년","쑥(손질/생것)"
"축산물","가금류","오리","1123709","오리","","해당연도","오리 정육슬라이스 / 1등급 무항생제 / 1kg"
"축산물","가금류","오리","1123710","오리/통오리(2각,4각)/주원산오리","주원산오리","2024년","오리/무항생제/통오리(2각,4각)/뼈있음/2kg"
"농산물","과일류","키위","1123711","골드키위//","","당해년도","골드키위/수입산/1과90~100g/1kg"
"농산물","과일류","키위","1123712","골드키위","","2023년도","골드키위/1과90~100g/1kg"
"가공식품","농산물가공식품","토란대","1123729","토란대(건데친)(하늘농가)","하늘농가","2023년","토란대(건데친)"
"가공식품","농산물가공식품","더덕","1123730","더덕(눌린것)(하늘농가)","하늘농가","2023년","더덕(눌린것)"
"가공식품","농산물가공식품","두부","1123731","두부","","","한둘 부침용 두부 3kg"
"축산물","돈육","돈육(안심)","1123732","돈육(안심)","","2024","돈육/냉장/안심/다짐육/1kg"
"가공식품","농산물가공식품","두부","1123749","두부","","","한둘 찌개용두부 3kg"
"가공식품","농산물가공식품","두부","1123750","순두부","","2024","한둘 순두부 3.5kg , 500g"
"가공식품","농산물가공식품","두부","1123751","한둘판연두부","","2024",""
"가공식품","농산물가공식품","두부","1123752","한둘연두부","","",""
"농산물","버섯류","양송이버섯","1123753","양송이버섯","","2025","양송이버섯(화이트)/0.3kg/"
"축산물","돈육","돈육(안심)","1123754","돈육(안심)","","2024","돈육/냉장/안심/짜장,카레용/1*1*1(cm)/1kg"
"농산물","과일과채류","방울토마토","1123769","대추방울토마토(20-30g)","","2024","대추방울토마토(20~30g)/0.5kg/무농약_삭제"
"축산물","가금류","닭고기","1123789","(동물복지)닭고기가슴살(껍질무)커틀렛45g/1kg","동물복지","해당년도 ","닭고기 가슴살(껍질무) 동물복지 / 커틀렛,치킨까스(약45g)"
"농산물","과일류","감귤","1123790","감귤","","당해년도","노지 감귤,S(70g)/1kg"
"농산물","과일류","바나나","1123791","바나나","","2023년도","바나나/6발(150g/개)"
"농산물","과일류","배","1123792","배","","2023년","배/40내(35-40과)/1.5kg"
"농산물","엽경채류","얼갈이","1123793","얼갈이","","2024","얼갈이(생것)/1kg/"
"가공식품","농산물가공식품","달래가공품","1123794","달래/청채마루","","2025","달래(손질)/0.3kg"
"농산물","과일과채류","방울토마토","1123795","대추방울토마토(10-20g)","","2024","대추방울토마토(10~20g)/0.5kg//"
"수산물","어류","갈치","1123796","갈치살(99%가시제거)-수입산","","2023","갈치살(99%가시제거) "
"농산물","과일과채류","방울토마토","1123797","대추방울토마토(10-20g)","","2024","대추방울토마토(10~20g)/0.5kg/유기농_삭제//"
"농산물","엽경채류","얼갈이","1123798","얼갈이","","2024년","얼갈이(생것)/0.3kg"
"농산물","과일과채류","방울토마토","1123799","대추방울토마토(20-30g)","","2024","대추방울토마토(20~30g)/0.5kg///"
"농산물","버섯류","표고버섯","1123800","표고버섯(슬라이스)","","2024","표고버섯(슬라이스)/0.3kg"
"농산물","양채류","브로콜리","1123801","브로콜리","","2024","브로콜리/개--"
"농산물","양곡부류","기능성잡곡","1123802","기능성잡곡/고산","준바이오","2023년","기장칼슘/1kg/일반"
"농산물","양곡부류","기능성쌀","1123803","쌀(기능성쌀)/고산","","","카레라이스/1kg/일반"
"농산물","과채류","오이","1123804","백오이","","당해년도","백오이/2들입/0.3kg"
"농산물","과일류","감귤","1123809","감귤","","당해년도","노지 감귤,2S(58g)/1kg"
"농산물","과일류","감귤","1123810","감귤","","당해년도","노지 감귤,M(90g)/1kg"
"농산물","과일류","바나나","1123829","바나나","","2023년도","바나나/9발(110g/개)"
"농산물","과일과채류","딸기","1123830","딸기","","2024년","딸기,3x4 (45과 내외/1kg)/0.5kg"
"농산물","과일과채류","딸기","1123831","딸기","","2024년","딸기,3x5 (55과 내외/1kg)/0.5kg"
"농산물","양채류","브로콜리","1123849","브로콜리","","2024","브로콜리/개/"
"농산물","과채류","오이","1123850","백오이","","2024년","백오이/2개들입///"
"농산물","과일과채류","방울토마토","1123851","대추방울토마토(10-20g)","","2024","대추방울토마토(10~20g)/0.5kg/유기농_삭제"
"농산물","과일류","단감","1123869","단감","","당해년도","단감, 40내(250g)/1kg"
"농산물","양곡부류","기능성찹쌀","1123890","기능성쌀/고산","준바이오","","칼슘찹쌀(무농약원료)/1kg/일반/"
"농산물","양곡부류","강낭콩","1123891","강낭콩/고산","고산농협","","강낭콩(말린것)/1kg/일반"
"농산물","양곡부류","귀리","1123892","귀리/고산","고산농협","2023","귀리쌀/국산 1kg/일반"
"농산물","양곡부류","백태","1123893","백태/고산","고산농협","2023","백태/1kg/일반"
"농산물","양곡부류","서리태","1123894","서리태/고산","고산농협","2023","서리태/1kg/일반"
"농산물","양곡부류","율무쌀","1123895","율무쌀/고산","고산농협","2023","율무쌀/1kg/일반"
"농산물","양곡부류","적두","1123896","적두/고산","고산농협","2023","적두/1kg/일반"
"농산물","양곡부류","차수수","1123897","차수수/고산","고산농협","2023","차수수/1kg/일반"
"농산물","양곡부류","흑미","1123898","찰흑미/고산","고산농협","2023","찰흑미/1kg/일반"
"농산물","양곡부류","청차조","1123899","청차조/고산","고산농협","2023","청차조/1kg/일반"
"농산물","양곡부류","통밀","1123900","통밀/고산","고산농협","2023","통밀쌀/1kg/일반"
"가공식품","농산물가공식품","두부","1123901","두부(부침용/350g)","","당해년도","두부(부침용/350g)/모 단위로만 발주가능"
"가공식품","농산물가공식품","두부","1123902","두부(찌개용/350g)","","2023년","두부(찌개용/350g)/1모 단위로만 발주가능"
"수산물","어류","임연수어","1123903","임연수어(순살/뼈제거99%)","","2023년","임연수어(뼈제거 99%)/"
"농산물","양곡부류","기능성찹쌀","1123909","기능성쌀/고산","준바이오","","칼슘찹쌀(무농약원료)/1kg/일반/"
"농산물","양곡부류","기장","1123910","기장/고산","고산농협","2023","기장/1kg/일반"
"농산물","양곡부류","녹두","1123911","녹두/고산","고산농협","2023","녹두(깐것)/1kg/일반"
"농산물","양곡부류","쌀보리","1123912","쌀보리/고산","고산농협","2023","쌀보리/1kg/일반"
"농산물","양곡부류","보리","1123913","보리/고산","고산농협","2023","찰보리/1kg/일반"
"농산물","엽경채류","시금치","1123929","시금치","","2024","시금치/0.3kg"
"축산물","한우","한우(설도)","1123930","한우/설도/불고기","","","한우/설도/불고기/국내산-전산오류대체사입"
"수산물","갑각류","새우","1123931","새우살/냉동","","","새우살/냉동/국내산-전산오류대체사입"
"수산물","어류","임연수어","1123932","임연수어냉동(포)절단","","2023","임연수어 냉동(포) 절단/"
"수산물","어류","임연수어","1123949","임연수어냉동(손질)절단","","2023","임연수어 냉동(손질) 절단/"
"수산물","어류","대구","1123950","대구(절단)","","2023","대구 냉동(손질) 절단/"
"수산물","어류","임연수어","1123951","임연수어","","2023년","임연수어(손질)(뼈포함) 미국산 절단 40g"
"수산물","어류","임연수어","1123952","임연수어","","2023년","임연수어(포) 미국산 절단 40g"
"수산물","어류","임연수어","1123953","임연수살(99%가시제거)","","2023년","임연수어순살(뼈제거 99%)/수입산/1kg"
"수산물","어류","임연수어","1123954","임연수어","","별도표기","임연수어순살(뼈제거 99%)/"
"수산물","어류","명태","1123955","명태","","2024년","명태 냉동(동태포) 전용 20g/"
"농산물","서류","감자","1123956","감자/일반","","","감자/일반/생것/국내산-시설긴급추가대체"
"농산물","과일류","단감","1123957","단감","","당해년도","단감/40내(250g)/1kg"
"농산물","엽경채류","얼갈이","1123958","얼갈이/대체","","","얼갈이(생것)/일반/대체"
"농산물","근채류","당근","1123959","당근(흙)","","2024","당근(흙)/1kg/"
"농산물","근채류","당근","1123960","당근(세척)","","2024","세척당근/1kg/"
"수산물","갑각류","새우","1123961","백새우살/국내냉동","","2023년","백새우살/국산냉동/꼬리없음/0.1kg단위발주"
"수산물","갑각류","새우","1123962","백새우살/수입냉동","","2023년","백새우살/수입냉동/꼬리없음/0.1kg단위발주"
"수산물","연체류","낙지","1123963","낙지채","","별도표기","낙지 냉동(손질) 기본채/수입산/1kg"
"수산물","건어물","건명태","1123969","북어채/중국가공","","2023","북어채 중국가공/수입산/300g"
"수산물","건어물","건명태","1123970","코다리살(99%가시제거)","","2023","코다리순살(뼈제거 99%)/수입산/1kg"
"수산물","어류","대구","1123971","대구(포/전용,커틀릿용)","","2023","대구 냉동(포) 전용/ 커틀릿용"
"수산물","어류","대구","1123972","대구(포/절단)","","2023","대구 냉동(포) 절단/"
"수산물","어류","임연수어","1123973","임연수살(99%가시제거)","","2023년","임연수어순살(뼈제거 99%)/수입산/1kg"
"수산물","건어물","건명태","1123974","북어채/중국가공","","2024","북어채 중국가공/수입산/300g"
"수산물","어류","명태","1123975","네모동태살(99%가시제거)","","2023/2024","네모 동태살(뼈제거 99%)/"
"수산물","어류","명태","1123976","동태포/전용","","2023/2024","명태 냉동(동태포) 전용,20g/"
"수산물","어류","명태","1123977","명태","","별도 표기","명태 냉동(손질) 절단/"
"수산물","어류","명태","1123978","명태","","별도표기","전용/ 명태(동태순살)(뼈제거 99%) /전용"
"수산물","어류","임연수어","1123979","임연수어","","2024년","임연수어 냉동(손질) 절단,뼈포함. 20g"
"축산물","돈육","돈육(안심)","1123980","돈육(안심)","","2024","돈육/냉장/무항생제/안심/다짐육/1kg"
"수산물","어류","임연수어","1123981","임연수살(99%가시제거)","","별도표기","임연수어순살(뼈제거 99%),토막당 40g내외/수입산/1kg"
"농산물","과일류","단감","1123982","단감","","당해년도","단감, 50내(200-220g)/1kg"
"농산물","근채류","당근","1123984","당근(깐것)","","2024","깐당근/1kg/"
"축산물","돈육","돈육(등심)","1123989","돈육(등심)","","2024","돈육/냉장/무항생제/등심/잡채용/0.3*0.3*5(cm)/0.5kg"
"농산물","양곡부류","혼합곡","1123990","혼합곡","","","혼합곡/국내산-시설긴급추가대체"
"농산물","근채류","연근","1123991","연근(피)","","2024","피연근/0.4kg/"
"농산물","근채류","연근","1123992","연근(깐통)","","2024","깐통연근/0.4kg/"
"농산물","근채류","연근","1123993","연근(슬라이스)","","2024","연근/슬라이스/0.3kg/"
"가공식품","농산물가공식품","연두부","1123994","연두부/한둘","","당해년도","한둘 국산콩 판연두부/2kg"
"가공식품","농산물가공식품","연두부","1123995","연두부/한둘","","당해년도","한둘 국산콩 연두부 125g/8개 단위 판매/1kg"
"가공식품","농산물가공식품","연두부","1123996","연두부/한둘","","당해년도","한둘 국산콩 연두부 80g/10개 단위 판매/0.8kg"
"농산물","양곡부류","백미","1124009","백미","","","백미/경기미/국내산-전산오류대체사입"
"농산물","근채류","연근","1124029","연근(채)","","2024","연근/채/0.3kg"
"가공식품","농산물가공식품","콩비지","1124030","콩비지/한둘","","당해년도","한둘 국산 순콩비지/400g*3개/1.2kg"
"축산물","가금류","닭고기","1124031","닭고기/통닭(껍질유)/하림","","해당년도","닭고기/동물복지/통닭(껍질유)/뼈있음/다용도/1마리/1kg"
"축산물","돈육","돈육(전지)","1124189","돈육(전지)","","2024년","돈육/냉장/앞다리/수육용/200g~300g 덩어리/0.5kg"
"축산물","가금류","닭고기","1124049","닭고기/절단육(껍질유)/하림","","해당년도","닭고기/동물복지/절단육(껍질유)/뼈있음/다용도/약50g/1kg"
"가공식품","농산물가공식품","두부","1124050","두부/안동농협","","당해년도","두부(마파용 3kg)/1판당 가격/3kg"
"가공식품","농산물가공식품","두부","1124051","두부/안동농협","","당해년도","두부(찌개용 3kg)/1판당 가격/3kg"
"가공식품","농산물가공식품","두부","1124052","두부/안동농협","","당해년도","두부(부침용 3kg)/1판당 가격/3kg"
"가공식품","농산물가공식품","두부","1124053","두부/안동농협","","당해년도","두부(슬라이스부침,3kg)/1판당 가격/3kg"
"가공식품","농산물가공식품","두부","1124054","두부/안동농협","","당해년도","두부(부침용 3kg)/1판당 가격/무농약/3kg"
"가공식품","농산물가공식품","순두부","1124055","순두부/안동농협","","당해년도","순두부(1kg)/1개당 가격/1kg"
"가공식품","농산물가공식품","두부","1124069","두부/안동농협","","당해년도","두부(칼슘두부,3kg)/1판당 가격/3kg"
"가공식품","농산물가공식품","연두부","1124070","연두부(현미연두부/100g)","","","연두부(현미연두부/100g)"
"가공식품","농산물가공식품","연두부","1124071","연두부(현미연두부/80g)","","","연두부(현미연두부/80g)"
"농산물","과일류","바나나","1124072","바나나/9발","","당해년도","바나나/9발/1과 110g/수입산/1kg"
"가공식품","농산물가공식품","두부","1124073","두부/푸른들","","당해년도","국산찌개두부 3kg"
"수산물","건어물","멸치","1124074","건멸치(가이리)","","2023년","중멸치(가이리)/볶음조림용/300g"
"가공식품","농산물가공식품","두부","1124075","두부/푸른들","","당해년도","무농약부침두부 3kg"
"가공식품","농산물가공식품","두부","1124076","두부/푸른들","","당해년도","무농약찌개두부 3kg"
"가공식품","농산물가공식품","두부","1124077","두부/푸른들","","당해년도","무농약슬라이스두부(72조각 부침) 3kg"
"가공식품","농산물가공식품","두부","1124078","두부/푸른들","","당해년도","무농약슬라이스두부(300조각 마파) 3kg"
"가공식품","농산물가공식품","순두부","1124079","순두부/푸른들","","당해년도","국산콩몽실순두부 2kg"
"가공식품","농산물가공식품","순두부","1124080","순두부/푸른들","","당해년도","무농약순두부 1kg"
"가공식품","농산물가공식품","연두부","1124081","연두부/푸른들","","당해년도","국산연두부 1kg"
"가공식품","농산물가공식품","연두부","1124082","연두부/푸른들","","당해년도","무농약연두부 1kg"
"가공식품","농산물가공식품","연두부","1124083","연두부/푸른들","","당해년도","국산연두부 2kg"
"가공식품","농산물가공식품","연두부","1124084","국산연두부/80g(일반)","","","국산연두부/80g(일반)"
"가공식품","농산물가공식품","달걀","1124085","달걀/가농바이오","","별도표기","계란(가농금계란/ 1등급 특란,30구)/무항생제/1.8kg"
"가공식품","농산물가공식품","달걀","1124086","달걀/한국양계농협","","당해년도","계란(1+등급 특란,10구)/무항생제/0.6kg"
"수산물","갑각류","새우","1124087","새우","","2023년","흰다리새우 냉동 25미/500g,50미/1kg"
"가공식품","농산물가공식품","순두부","1124089","순두부/안동농협","","당해년도","순두부(전통순두부/2kg)/1개당 가격/2kg"
"가공식품","농산물가공식품","연두부","1124090","연두부/안동농협","","당해년도","연두부(1kg)/1개당 가격/1kg"
"가공식품","농산물가공식품","콩비지","1124091","콩비지/안동농협","","당해년도","콩비지(2kg)/1개당 가격/2kg"
"농산물","과일류","바나나","1124092","바나나/6발","","당해년도","바나나/6발/1과 150g/수입산/1kg"
"가공식품","농산물가공식품","두부","1124093","두부/푸른들","","당해년도","국산부침두부 3kg"
"가공식품","농산물가공식품","두부","1124094","두부/푸른들","","당해년도","국산슬라이스두부(72조각 부침) 3kg"
"가공식품","농산물가공식품","두부","1124095","두부/푸른들","","당해년도","국산슬라이스두부(300조각 마파) 3kg"
"가공식품","농산물가공식품","순두부","1124096","순두부/푸른들","","당해년도","국산순두부 1kg"
"가공식품","농산물가공식품","연두부","1124097","국산연두부/125g(일반)","","","국산연두부/125g(일반)"
"가공식품","농산물가공식품","달걀","1124098","달걀/안일농장","안일농장","2024년","계란(1등급 특란,30구)/무항생제/1.8kg"
"가공식품","농산물가공식품","달걀","1124099","달걀/한국양계농협","","당해년도","계란(1+등급 특란,30구)/무항생제/1.8kg"
"농산물","과채류","오이","1124109","청오이","","당해년도","청오이/2들입/0.5kg"
"가공식품","농산물가공식품","두부","1124129","두부/안동농협","","당해년도","두부(부침용, 1모 350g)/2모 단위 판매/0.7kg"
"가공식품","농산물가공식품","두부","1124130","두부/안동농협","","당해년도","두부(찌개용, 1모 350g)/2모 단위 판매/0.7kg"
"수산물","갑각류","새우","1124131","백새우살71/90","","2023/2024","백새우살(냉동)71/90, 베트남산"
"축산물","가금류","닭고기","1124132","닭고기/정육(껍질유)/하림","","해당년도","닭고기/동물복지/정육(껍질유)/뼈없음/다용도/깍뚝(약2㎝,15g)/500g"
"수산물","갑각류","새우","1124149","백새우살(국산)","","2023/2024","백새우살/국산냉동(3~4g)/꼬리없음/0.1kg단위발주"
"축산물","돈육","돈육(전지)","1124169","돈육(전지)","","2024년","돈육/냉장/앞다리/수육용/200g~300g 덩어리/0.3kg"
"축산물","돈육","돈육(전지)","1124170","돈육(전지)","","2023년","돈육(냉장) 1등급 / 전지(앞다리) / 수육용 / 1kg "
"축산물","돈육","돈육(사태)","1124171","돈육(사태)","","2024년","돈육/냉장/사태/수육,찜용/200g~300g 덩어리/0.3kg"
"축산물","돈육","돈육(사태)","1124172","돈육(사태)","","2024년","돈육/냉장/사태/수육,찜용/200g~300g 덩어리/0.5kg"
"농산물","과일류","오렌지","1124173","천혜향","","당해년도","천혜향,220g/과/1kg"
"농산물","과일류","오렌지","1124174","천혜향","","당해년도","천혜향,220g/과/1kg"
"농산물","과일류","오렌지","1124175","천혜향","","당해년도","천혜향,200g/과/1kg"
"농산물","과일류","오렌지","1124176","천혜향","","당해년도","천혜향,250g/과/1kg"
"축산물","돈육","돈육(전지)","1124177","돈육(전지)","","2024년","돈육/냉장/앞다리/수육용/200g~300g 덩어리/1kg"
"농산물","과일류","감귤","1124178","감귤","","당해년도","비가림 감귤,53~62g/과/1kg"
"농산물","과일류","감귤","1124179","감귤","","당해년도","비가림 감귤,63-82g/과/1kg"
"농산물","엽경채류","시금치","1124308","시금치","","2024","시금치/1kg/"
"축산물","돈육","돈육(사태)","1124190","돈육(사태)","","2023년","돈육(냉장) 1등급 / 사태(뒷다리)/ 수육용/ 0.5kg "
"축산물","돈육","돈육(사태)","1124191","돈육(사태)","","2024년","돈육/냉장/무항생제/사태/수육,찜용/200g~300g 덩어리/0.5kg"
"축산물","돈육","돈육(사태)","1124192","돈육(사태)","","2024년","돈육/냉장/무항생제/사태/수육,찜용/200g~300g 덩어리/0.3kg"
"축산물","돈육","돈육(사태)","1124193","돈육(사태)","","2024년","돈육/냉장/무항생제/사태/수육,찜용/200g~300g 덩어리/1kg"
"축산물","돈육","돈육(전지)","1124194","돈육(전지)","","2024년","돈육/냉장/무항생제/앞다리/수육용/200g~300g 덩어리/0.5kg"
"축산물","돈육","돈육(전지)","1124195","돈육(전지)","","2024년","돈육/냉장/무항생제/앞다리/수육용/200g~300g 덩어리/0.3kg"
"축산물","돈육","돈육(전지)","1124196","돈육(전지)","","2024년","돈육/냉장/무항생제/앞다리/수육용/200g~300g 덩어리/1kg"
"농산물","과일류","오렌지","1124197","천혜향","","당해년도","천혜향,200g/과/1kg"
"농산물","과일류","오렌지","1124198","천혜향","","당해년도","천혜향,220g/과/1kg"
"농산물","과일류","오렌지","1124199","천혜향","","당해년도","천혜향,300g/과/1kg"
"축산물","돈육","돈육(사태)","1124200","돈육(사태)","","2023년","돈육(냉장)/1등급/사태(뒷다리)/수육용/0.5kg "
"농산물","과일류","감귤","1124201","감귤","","당해년도","비가림 감귤,83-106g/과/1kg"
"농산물","과일류","감귤","1124202","감귤","","당해년도","비가림 감귤,107-123g/과/1kg"
"가공식품","농산물가공식품","감자전분","1124204","감자전분/함양농협","","2023년","감자전분(500g)"
"축산물","가금류","닭고기","1124209","닭고기/안심/올품","주식회사 올품","2024년","닭고기/무항생제/뼈없음/안심볶음밥용(1X1) 500g"
"농산물","서류","감자","1124229","감자(피)","","2023","감자(피) 150-250g/1kg/무농약"
"수산물","어류","대구","1124249","대구살","","2023년","대구 냉동(포) 절단, 토막당 20g내외/수입산/1kg"
"가공식품","농산물가공식품","두부","1124250","국산모두부/300g(일반)","","","국산모두부/300g(일반)"
"농산물","과채류","단호박","1124251","단호박(4등분)","","당해년도","단호박(4등분)/수입산/1kg."
"농산물","과채류","단호박","1124252","단호박(피)","","당해년도","단호박(피)/수입산/1kg."
"농산물","과채류","단호박","1124253","단호박(죽용)","","당해년도","단호박(죽용)/수입산/1kg."
"농산물","서류","감자","1124254","감자(깐것)","","2024","감자(깐것) 130-250g/1kg/"
"농산물","조미채소류","양파","1124255","양파(깐것)","","2024","양파(깐것)100g이하/1kg/_삭제"
"농산물","과일과채류","참외","1124256","참외(30내)","","2024","참외(30내/10kg), 340g/개,1kg/"
"농산물","과일과채류","참외","1124257","참외(35내)","","2024","참외(35내/10kg), 30~34과,1kg/"
"농산물","과일과채류","참외","1124258","참외(40내)","","2024","참외(40내/10kg), 35~40과,1kg/"
"농산물","과일과채류","참외","1124259","참외(50내)","","2024","참외(50내/10kg), 41~49과,1kg/"
"농산물","버섯류","애느타리버섯","1124260","애느타리버섯","","2024","애느타리버섯/0.3kg_삭제"
"농산물","과채류","오이","1124261","청오이","","2024","청오이/2개들입/"
"농산물","조미채소류","실파","1124262","쪽파(깐것)","","2024","쪽파(깐것)/0.2kg//"
"농산물","과채류","애호박","1124263","애호박(인큐)","","2024","애호박/인큐/개//"
"농산물","과일류","포도(수입산)","1124264","적포도(크림슨)","","당해년도","적포도(크림슨)/수입산/1kg"
"농산물","과일류","오렌지","1124265","오렌지(블랙라벨고당도)72과","","당해년도","오렌지(블랙라벨 고당도)/수입산/1과 250g/1kg/"
"농산물","과일류","파인애플","1124266","파인애플(골드/5수)","","당해년도","파인애플(골드/5수)/수입산/2.4kg"
"농산물","과일류","오렌지","1124267","천혜향(180g/개)","","2024","천혜향(180g/개)/1kg/"
"농산물","과일류","파인애플","1124268","파인애플(골드/6수)","","당해년도","파인애플(골드/6수)/수입산/2kg"
"농산물","과채류","단호박","1124269","단호박(깍뚝썰기/밥용)","","당해년도","단호박(깍뚝썰기/밥용)/수입산/1kg."
"농산물","과채류","단호박","1124270","단호박(껍질없는찜용)","","당해년도","단호박(껍질없는 찜용)/수입산/1kg."
"농산물","과채류","단호박","1124271","단호박(튀김용/절단)","","당해년도","단호박(튀김용/절단)/수입산/1kg."
"농산물","과채류","단호박","1124272","단호박(깍뚝썰기/카레용)","","당해년도","단호박(깍뚝썰기/카레용)/수입산/1kg."
"농산물","과채류","단호박","1124273","단호박(채)","","당해년도","단호박(채)/수입산/1kg."
"농산물","서류","감자","1124274","감자(피)","","2024","감자(피) 150-250g/1kg/"
"가공식품","농산물가공식품","참깨","1124289","참깨/금호식품","햇살비","2023년","거피깨/0.1kg"
"농산물","과일과채류","참외","1124290","참외(60내)","","2024","참외,60내(51~59과), 170g/개,1kg/"
"농산물","버섯류","새송이버섯","1124291","새송이버섯","","2024","새송이버섯/0.3kg_삭제"
"농산물","버섯류","양송이버섯","1124292","양송이버섯","","2024","양송이버섯(화이트)/0.3kg_삭제"
"농산물","과채류","오이","1124293","가시오이","","2024","가시오이/2개들입/"
"농산물","엽경채류","붉은양배추","1124294","붉은양배추","","2024","붉은양배추/통/"
"농산물","과채류","애호박","1124295","애호박(비닐제거)","","2024","애호박/(비닐제거)/개//"
"농산물","과일류","포도(수입산)","1124296","청포도(톰슨)","","당해년도","청포도(톰슨)/수입산/1kg"
"농산물","엽경채류","양배추","1124297","양배추(깐것,1/2절단)","","2024","깐양배추(1/2절단)/개/"
"가공식품","농산물가공식품","참깨","1124298","참깨/금호식품","햇살비","2023년","거피깨/0.2kg"
"농산물","과일류","오렌지","1124299","천혜향(200g/개)","","2024","천혜향(200g/개)/1kg/"
"농산물","과일류","오렌지","1124300","천혜향(250g/개)","","2024","천혜향(250g/개)/1kg/"
"농산물","과일류","오렌지","1124301","천혜향(300g/개)","","2024","천혜향(300g/개)/1kg/"
"농산물","과일류","오렌지","1124302","한라봉,180g/개","","2024","한라봉,180g/개,  1kg/"
"농산물","과일류","오렌지","1124303","오렌지(블랙라벨고당도)72과","","당해년도","오렌지(블랙라벨 고당도) 72과/수입산/1kg"
"농산물","과일류","오렌지","1124304","한라봉,270g/개","","2024","한라봉,270g/개,  1kg/"
"농산물","엽경채류","근대","1124305","근대","","2024","근대(청)/1kg/"
"농산물","엽경채류","돌나물","1124306","돌나물","","당해년도","돌나물(손질)/0.3kg"
"농산물","엽경채류","부추","1124307","부추","","2024","부추/1kg/"
"농산물","과일류","파인애플","1124309","파인애플(꼭지제거)","","당해년도","파인애플(꼭지제거)/수입산/1.5kg"
"농산물","과일류","오렌지","1124310","한라봉,200g/개","","2024","한라봉,200g/개,  1kg/"
"농산물","과일류","오렌지","1124311","한라봉,250g/개","","2024","한라봉,250g/개,  1kg/"
"농산물","과일류","오렌지","1124312","한라봉,300g/개","","2024","한라봉,300g/개,  1kg/"
"농산물","과채류","오이","1124313","청오이","","2024년","청오이/2개들입/삭제"
"농산물","버섯류","새송이버섯","1124314","새송이버섯","","2024","새송이버섯/1kg/"
"농산물","과일과채류","수박","1124315","수박(5kg)","","2024","수박(5kg)/통/"
"농산물","과일과채류","수박","1124316","수박(7kg)","","2024","수박(7kg)/통/"
"농산물","과일과채류","수박","1124317","수박(8kg)","","2024","수박(8kg)/통/"
"농산물","과일류","포도(국내산)","1124318","포도(켐벨)","","2024","켐벨(국내산)/1kg/"
"농산물","과일과채류","메론","1124319","메론(머스크)","","2024","메론/머스크 (5수/8kg)  /통/"
"농산물","과일류","대추","1124320","대추","","2024","생대추(배식용, 7.5~9g)/0.2kg/"
"농산물","과일류","대추","1124321","대추","","2024","생대추(배식용, 9.1~12g)/0.2kg/"
"농산물","엽경채류","미나리","1124322","미나리","","2024","미나리/1kg/"
"농산물","엽경채류","열무","1124323","열무","","2024","열무(생것, 나물용)/1kg/"
"농산물","엽경채류","새싹","1124324","새싹","","2024","베이비채소/0.2kg/"
"농산물","과일류","사과","1124325","사과(37-44)","","2024","사과(생과, 10kg 37-44과)/1kg/"
"농산물","엽경채류","상추","1124326","적상추","","2024","적상추/1kg/"
"농산물","엽경채류","상추","1124327","청상추","","2024","청상추/1kg/"
"농산물","버섯류","애느타리버섯","1124328","애느타리버섯","","2024","애느타리버섯/1kg/"
"농산물","버섯류","맛타리버섯","1124329","맛타리버섯","","당해년도","맛타리버섯/0.3kg"
"농산물","엽경채류","세발나물","1124330","세발나물","","2024","세발나물/1kg/"
"농산물","엽경채류","얼갈이","1124331","얼갈이","","2024","얼갈이(생것)/1kg/"
"농산물","과일과채류","방울토마토","1124332","대추방울토마토(샐러드)","","2024","(대추)방울토마토(샐러드)/0.5kg/"
"농산물","버섯류","팽이버섯","1124333","팽이버섯","","2024","팽이버섯/1kg/"
"농산물","버섯류","표고버섯","1124334","표고버섯(배지)","","2024","표고버섯(배지)/1kg/"
"농산물","과일과채류","수박","1124335","수박(6kg)","","2024","수박(6kg)/통/"
"농산물","과일과채류","수박","1124336","수박(9kg)","","2024","수박(9kg)/통/"
"농산물","과일과채류","수박","1124337","수박(10kg)","","2024","수박(10kg)/통/"
"농산물","과일류","포도(국내산)","1124338","포도(머루)","","2024","머루포도(국내산)/1kg/"
"농산물","과일과채류","메론","1124339","메론(머스크)","","2024","메론/머스크 (4수/8kg)  /통/"
"농산물","엽경채류","근대","1124340","근대","","2024","근대(청)/1kg"
"농산물","과채류","청오이","1124341","청오이","","2024","청오이/2개들입/"
"농산물","기타채소","냉동옥수수","1124342","냉동옥수수알","","2024","대학찰옥수수알(삶은것)/1kg/"
"농산물","엽경채류","미나리","1124343","미나리","","2024","미나리/0.3kg///"
"농산물","엽경채류","열무","1124344","열무","","2024","열무(생것, 나물용)/0.3kg/"
"농산물","과일류","포도(국내산)","1124345","청포도(샤인머스켓)","","2024","샤인머스켓(국내산)/1kg//"
"농산물","엽경채류","새싹","1124346","새싹","","2024","베이비채소/1kg/"
"농산물","과일류","사과","1124347","사과(28-31)","","2024","사과(생과, 10kg 28-31과)/1kg/"
"농산물","과일류","사과","1124348","사과(32-36)","","2024","사과(생과, 10kg 32-36과)/1kg/"
"농산물","과일류","사과","1124349","사과(45-50)","","2024","사과(생과, 10kg 45-50과)/1kg/"
"농산물","엽경채류","근대","1124350","근대","","2024","근대(청)/1kg/"
"농산물","엽경채류","아욱","1124351","아욱","","2024","아욱(손질)/1kg/"
"농산물","버섯류","느타리버섯","1124352","느타리버섯","","2024","느타리버섯/0.3kg/"
"농산물","버섯류","느타리버섯","1124353","느타리버섯","","2024","느타리버섯/1kg/"
"농산물","엽경채류","청경채","1124354","청경채","","2024","청경채/1kg/"
"농산물","버섯류","새송이버섯","1124355","새송이버섯","","2024","새송이버섯/1kg/"
"농산물","버섯류","표고버섯","1124356","표고버섯(배지)","","2024","표고버섯(배지)/1kg/"
"가공식품","농산물가공식품","참깨","1124370","참깨/금호식품","햇살비","2023년","거피깨/0.5kg"
"가공식품","농산물가공식품","참깨","1124371","참깨/금호식품","햇살비","2023년","거피참깨(햇살비)/수입산/0.2kg"
"가공식품","농산물가공식품","고춧가루","1124372","고춧가루/금호식품","햇살비","2023년","고춧가루(고운것/골드)/0.5kg"
"농산물","과일류","블루베리","1124373","블루베리","","2024","블루베리/0.5kg/"
"농산물","과일류","감귤","1124374","감귤(노지/87내/10k)","","2024","노지감귤,107-123g/개(87내/10k)/1kg/"
"농산물","과일류","감귤","1124375","감귤(노지/77내/10k)","","2024","노지감귤,124-135g/개(77내/10k)/1kg/"
"농산물","과일류","오렌지","1124376","레드향(200g)","","2024","레드향(탄금향) 200g/개, 1kg/"
"농산물","과일류","오렌지","1124377","레드향(350g)","","2024","레드향(탄금향) 350g/개, 1kg/"
"농산물","과일류","오렌지","1124378","천혜향(180g)","","2024","천혜향(180g/개), 1kg/"
"농산물","과일류","오렌지","1124379","천혜향(200g)","","2024","천혜향(200g/개), 1kg/"
"농산물","과일류","오렌지","1124380","천혜향(250g)","","2024","천혜향(250g/개), 1kg/"
"농산물","엽경채류","새싹","1124381","모듬새싹","","당해년도","모듬새싹/0.2kg"
"농산물","기타채소","유채","1124382","유채(생것,손질)","","당해년도","유채(생것, 손질)/0.5kg"
"농산물","엽경채류","생취나물","1124383","취나물(생것/손질)","","당해년도","취나물(생것/손질)/0.3kg"
"농산물","버섯류","팽이버섯","1124384","팽이버섯","","당해년도","황금팽이버섯/1kg"
"농산물","과일류","오렌지","1124385","한라봉(200g)","","2024","한라봉,200g/개, 1kg/"
"농산물","과일류","오렌지","1124386","한라봉(270g)","","2024","한라봉,270g/개, 1kg/"
"농산물","과일류","오렌지","1124387","한라봉(300g)","","2024","한라봉,300g/개, 1kg/"
"농산물","과일류","오렌지","1124388","황금향(170-199g)","","2024","황금향, 170-199g/개, 1kg/"
"가공식품","농산물가공식품","들깨가루","1124389","들깨가루/금호식품","햇살비","2023년","거피들깨가루/0.5kg"
"가공식품","농산물가공식품","참깨","1124390","참깨/금호식품","햇살비","2023년","거피참깨(햇살비)/수입산/0.1kg"
"가공식품","농산물가공식품","참깨","1124391","참깨/금호식품","햇살비","2023년","거피참깨(햇살비)/수입산/0.5kg"
"농산물","과일류","감귤","1124392","감귤(노지/172내/10k)","","2024","노지감귤,53-62g/개(172내/10k)/1kg/"
"농산물","과일류","감귤","1124393","감귤(노지/140내/10k)","","2024","노지감귤,63-82g/개(140내/10k)/1kg/"
"농산물","과일류","감귤","1124394","감귤(노지/105내/10k)","","2024","노지감귤,83-106g/개(105내/10k)/1kg/"
"농산물","과일류","오렌지","1124395","레드향(250g)","","2024","레드향(탄금향) 250g/개, 1kg/"
"농산물","과일류","오렌지","1124396","레드향(300g)","","2024","레드향(탄금향) 300g/개, 1kg/"
"농산물","과일류","오렌지","1124397","레드향(400g)","","2024","레드향(탄금향) 400g/개, 1kg/"
"농산물","과일류","오렌지","1124398","천혜향(300g)","","2024","천혜향(300g/개), 1kg/"
"농산물","엽경채류","새싹","1124399","새싹","","2024년","모듬새싹_삭제"
"농산물","과일류","오렌지","1124400","한라봉(180g)","","2024","한라봉,180g/개, 1kg/"
"농산물","과일류","오렌지","1124401","한라봉(250g)","","2024","한라봉,250g/개, 1kg/"
"가공식품","농산물가공식품","고춧가루","1124402","고춧가루/금호식품","햇살비","2023년","고춧가루(고운것/그린)/0.5kg"
"농산물","과일류","오렌지","1124403","황금향(200-250g)","","2024","황금향, 200-250g/개, 1kg/"
"가공식품","농산물가공식품","고춧가루","1124404","고춧가루/금호식품","햇살비","2023년","고춧가루(조미용/골드)/0.5kg"
"가공식품","농산물가공식품","고춧가루","1124405","고춧가루/금호식품","햇살비","2023년","고춧가루(조미용/그린)/0.5kg"
"농산물","과일류","키위","1124406","키위(참다래,100g)","","2024","키위(참다래, 100g)/1kg/"
"농산물","과일류","키위","1124407","키위(참다래,110g~115g)","","2024","키위(참다래, 110g~115g)/1kg/"
"가공식품","농산물가공식품","고춧가루","1124408","고춧가루/금호식품","햇살비","2023년","고춧가루(조미용/프리미엄)/0.5kg"
"가공식품","농산물가공식품","들기름","1124409","들기름/금호식품","햇살비","2023년","들기름(500ml)"
"농산물","엽경채류","양배추","1124410","양배추(깐것)","","2024","깐양배추(1/2절단)/0.5kg//"
"농산물","버섯류","느타리버섯","1124411","느타리버섯","","2024","느타리버섯/1kg/"
"농산물","버섯류","애느타리버섯","1124412","애느타리버섯","","2025","애느타리버섯/0.3kg/"
"가공식품","농산물가공식품","참깨","1124413","참깨/금호식품","햇살비","2023년","볶음깨/0.5kg"
"농산물","견과류","밤","1124414","생율(대)","","2024","생율(대)/0.3kg/"
"가공식품","농산물가공식품","검정깨","1124415","검정깨/금호식품","햇살비","2023년","볶음검정깨/0.2kg"
"농산물","견과류","밤","1124416","생율(중)","","2024","생율(중)/0.3kg/"
"가공식품","농산물가공식품","검정깨","1124417","검정깨/금호식품","햇살비","2023년","볶음검정깨/0.5kg"
"농산물","견과류","밤","1124418","생율(소)","","2024","생율(소)/0.3kg/"
"농산물","과일류","포도(국내산)","1124419","거봉","","2024","거봉(국내산)/1kg/"
"가공식품","농산물가공식품","참깨","1124420","참깨/금호식품","햇살비","2023년","볶음참깨(햇살비)/수입산/0.5kg"
"가공식품","농산물가공식품","참기름","1124421","참기름/금호식품","햇살비","2023년","참기름(햇살비, 300ml)/수입산"
"농산물","조미채소류","생강","1124422","생강(깐것)","","2024","생강(손깐것)/0.3kg/"
"농산물","조미채소류","생강","1124423","생강(흙)","","2023","생강(흙)/0.3kg/"
"농산물","엽경채류","깻잎","1124424","깻잎","","2024","깻잎/1kg/"
"농산물","버섯류","표고버섯","1124425","표고버섯(배지)","","2025","표고버섯(배지)/0.3kg/"
"농산물","양채류","샐러리","1124426","샐러리","","2024","샐러리/0.5kg/"
"농산물","서류","알감자","1124427","알감자(피)","","2024","피알감자(조림/세척)/1kg/"
"농산물","과일류","키위","1124428","키위(참다래,100g)","","2024","키위(참다래, 100g)/1kg/"
"가공식품","농산물가공식품","들기름","1124429","들기름/금호식품","햇살비","2023년","들기름(햇살비, 300ml)/수입산"
"가공식품","농산물가공식품","들기름","1124430","들기름/금호식품","햇살비","2023년","들기름(햇살비, 500ml)/수입산"
"가공식품","농산물가공식품","검정깨","1124431","검정깨/금호식품","햇살비","2023년","볶음검은깨(햇살비)/수입산/0.2kg"
"가공식품","농산물가공식품","검정깨","1124432","검정깨/금호식품","햇살비","2023년","볶음검은깨(햇살비)/수입산/0.5kg"
"농산물","버섯류","맛타리버섯","1124433","맛타리버섯","","당해년도","맛타리버섯/1kg"
"가공식품","농산물가공식품","참깨","1124434","참깨/금호식품","햇살비","2023년","볶음깨/0.2kg"
"가공식품","농산물가공식품","참깨","1124435","참깨/금호식품","햇살비","2023년","볶음참깨(햇살비)/수입산/0.1kg"
"가공식품","농산물가공식품","참기름","1124436","참기름/금호식품","햇살비","2023년","참기름(햇살비, 500ml)/수입산"
"농산물","조미채소류","실파","1124437","쪽파(깐것)","","2025","쪽파(깐것)/0.2kg/"
"농산물","엽경채류","깻잎","1124438","깻잎","","2025","깻잎/0.1kg/"
"농산물","버섯류","양송이버섯","1124439","양송이버섯","","2024","양송이버섯(화이트)/1kg/"
"가공식품","농산물가공식품","참기름","1124440","참기름/금호식품","햇살비","2023년","참기름(500ml)"
"수산물","건어물","가다랭이","1124441","가다랭이포/국물용","","2023년","가다랭이포 반건품, 국물용/수입산/500g"
"농산물","버섯류","새송이버섯","1124442","새송이버섯","","2024년","새송이버섯/0.3kg"
"농산물","버섯류","팽이버섯","1124443","팽이버섯","","당해년도","황금팽이버섯/0.3kg"
"농산물","엽경채류","달래","1124444","달래","","2024년","달래/1kg"
"농산물","엽경채류","돌나물","1124445","돌나물","","당해년도","돌나물/1kg"
"농산물","엽경채류","미나리","1124446","돌미나리","","2024년","돌미나리/1kg"
"농산물","기타채소","두릅","1124447","두릅","","2024년","두릅/1kg"
"농산물","양채류","래디쉬","1124448","래디쉬","","2024년","래디쉬/1kg"
"농산물","과일류","키위","1124449","키위(참다래,110g~115g)","","2024","키위(참다래, 110g~115g)/1kg/"
"농산물","조미채소류","고추","1124450","고추(청양)","","2024","청양고추/0.15kg/"
"농산물","엽경채류","깻잎","1124451","깻잎","","2024","깻잎/1kg/"
"농산물","버섯류","새송이버섯","1124452","새송이버섯","","2024","새송이버섯/1kg/"
"농산물","버섯류","새송이버섯","1124453","새송이버섯","","2024","새송이버섯/0.3kg"
"농산물","버섯류","표고버섯","1124454","표고버섯(배지)","","2024","표고버섯(배지)/1kg/"
"농산물","버섯류","느타리버섯","1124455","느타리버섯","","2024년","느타리버섯/0.3kg"
"수산물","건어물","가다랭이","1124456","가다랭이포/고명용","","2023년","가다랭이포 반건품, 고명용/수입산/500g"
"수산물","어류","가자미","1124457","가자미살(99%가시제거)","","2023년","가자미순살(뼈제거 99%),토막당 40g내외/수입산/500g"
"농산물","버섯류","새송이버섯","1124458","볶음새송이","","2024년","볶음새송이/0.3kg"
"농산물","버섯류","애느타리버섯","1124459","애느타리버섯","","2024년","애느타리버섯/1kg"
"농산물","버섯류","양송이버섯","1124460","양송이버섯","","2024년","양송이버섯/1kg"
"농산물","버섯류","팽이버섯","1124461","팽이버섯","","2024년","팽이버섯/1kg"
"농산물","버섯류","표고버섯","1124462","표고버섯(생)","","2024년","표고버섯(생)/1kg"
"농산물","엽경채류","근대","1124463","근대(적)","","2024년","근대(적)/1kg"
"농산물","양채류","양상추","1124464","깐양상추","","2024년","깐양상추/1kg"
"농산물","엽경채류","깻잎","1124465","깻잎","","2024년","깻잎/1kg"
"농산물","엽경채류","깻잎나물","1124466","깻잎나물(순)","","2024년","깻잎나물(순)/1kg"
"농산물","엽경채류","깻잎나물","1124467","깻잎나물(잎)","","2024년","깻잎나물(잎)/1kg"
"농산물","엽경채류","냉이","1124468","냉이(생것)","","2024년","냉이(생것)/1kg"
"농산물","조미채소류","대파","1124469","대파(깐것)","","2024년","대파(깐것)/1kg"
"농산물","조미채소류","대파","1124470","대파(흙)","","2024년","대파(흙)/1kg"
"농산물","양채류","라디초","1124471","라디초","","2024년","라디초/0.35kg"
"농산물","엽경채류","새싹","1124472","모듬베이비순","","2024년","모듬베이비순/1kg"
"농산물","엽경채류","방풍나물","1124473","방풍나물","","2024년","방풍나물/1kg"
"농산물","엽경채류","부추","1124474","부추","","2024년","부추/1kg"
"농산물","양채류","브로콜리","1124475","브로콜리","","2024년","브로콜리/1kg"
"농산물","엽경채류","새싹","1124476","비타민","","2024년","비타민/1kg"
"농산물","근채류","비트(알)","1124477","비트(알)","","2024년","비트(알)/1kg"
"농산물","엽경채류","세발나물","1124478","세발나물","","2024년","세발나물/1kg"
"농산물","엽경채류","쌈추","1124479","쌈추","","2024년","쌈추/1kg"
"농산물","엽경채류","쑥갓","1124480","쑥갓","","2024년","쑥갓/1kg"
"농산물","엽경채류","아욱","1124481","아욱","","2024년","아욱/1kg"
"농산물","엽경채류","열무","1124482","열무(생것)","","2024년","열무(생것)/1kg"
"농산물","기타채소","유채","1124483","유채(생것)","","2024년","유채(생것)/1kg"
"농산물","엽경채류","상추","1124484","적상추","","2024년","적상추/1kg"
"농산물","엽경채류","참나물","1124485","참나물(생것)","","2024년","참나물(생것)/1kg"
"농산물","엽경채류","상추","1124486","청상추","","2024년","청상추/1kg"
"농산물","엽경채류","취나물(참취)","1124487","취나물(참취)","","2024년","취나물(참취)/1kg"
"농산물","양채류","치커리","1124488","치커리(적색)","","2024년","치커리(적색)/1kg"
"농산물","양채류","로메인","1124489","로메인","","2024년","로메인/1kg"
"농산물","엽경채류","섬초","1124490","섬초","","2024년","섬초/0.5kg"
"농산물","양채류","샐러리","1124491","샐러리","","2024년","샐러리/1kg"
"농산물","엽경채류","시금치","1124492","시금치","","2024년","시금치/1kg"
"농산물","엽경채류","쌈배추","1124493","쌈배추(알배기)","","2024년","쌈배추(알배기)/1kg"
"농산물","엽경채류","얼갈이","1124494","얼갈이(생것)","","2024년","얼갈이(생것)/1kg"
"농산물","엽경채류","부추","1124495","영양부추","","2024년","영양부추/1kg"
"농산물","조미채소류","실파","1124496","쪽파(깐것)","","2024년","실파/쪽파(깐것)/1kg"
"농산물","조미채소류","실파","1124497","쪽파(흙)","","2024년","실파/쪽파(흙)/1kg"
"농산물","엽경채류","청경채","1124498","청경채","","2024년","청경채/1kg"
"농산물","엽경채류","생취나물","1124499","취나물(생것)","","2024년","취나물(생것)/1kg"
"농산물","양채류","케일","1124500","케일","","2024년","케일/1kg"
"농산물","엽경채류","돌나물","1124501","돌나물(손질)","","당해년도","돌나물(손질)/1kg"
"농산물","엽경채류","새싹","1124502","모듬새싹","","당해년도","모듬새싹/1kg"
"농산물","엽경채류","생취나물","1124503","취나물(생것/손질)","","당해년도","취나물(생것/손질)/1kg"
"가공식품","농산물가공식품","밤가공품","1124504","밤/율성맑은아침","","2023년","피밤/대/찜용(25g기준)/유기농/1kg"
"가공식품","농산물가공식품","연근가공품","1124505","연근/푸르원","농업회사법인㈜푸르원","2023년","연근채/무농약/0.5kg"
"수산물","어류","갈치","1124506","갈치포","","2023년","갈치 냉동(포) 절단,토막당 40g내외/수입산/500g"
"수산물","건어물","건다시마","1124507","건다시마(기장)","","2023년","건다시마 국물용, 기장/500g"
"수산물","건어물","미역","1124508","건미역(절단)","","2023년","건미역(절단)/500g"
"농산물","양채류","치커리","1124509","치커리(청색)","","2024년","치커리(청색)/1kg"
"농산물","양채류","콜라비","1124510","콜라비","","2024년","콜라비/1kg"
"농산물","양채류","콜리플라워","1124511","콜리플라워","","2024년","콜리플라워/1kg"
"농산물","양채류","파슬리","1124512","파슬리","","2024년","파슬리/1kg"
"농산물","양채류","로메인","1124513","포기로메인","","2024년","포기로메인/1kg"
"농산물","엽경채류","포항초","1124514","포항초","","2024년","포항초/1kg"
"농산물","기타채소","유채","1124515","유채(생것,손질)","","당해년도","유채(생것, 손질)/1kg"
"농산물","엽경채류","배추","1124516","봄동","","2024년","봄동/1kg"
"가공식품","농산물가공식품","케쉬넛","1124517","케쉬넛/율성맑은아침","","2023년","케슈넛/수입산/0.1kg"
"가공식품","농산물가공식품","밤가공품","1124518","밤/율성맑은아침","","2023년","피밤(군밤용/대/칼집낸거(25g기준))/유기농/1kg"
"가공식품","농산물가공식품","밤가공품","1124519","밤/율성맑은아침","","2023년","피밤/대/찜용(25g기준)/1kg"
"가공식품","농산물가공식품","밤가공품","1124520","밤/율성맑은아침","","2023년","피밤/특/찜용(35g기준)/1kg"
"가공식품","농산물가공식품","밤가공품","1124521","밤/율성맑은아침","","2023년","피밤/특/찜용(35g기준)/유기농/1kg"
"가공식품","농산물가공식품","달래가공품","1124522","달래/청채마루","","2025","달래(손질)/무농약/0.3kg"
"가공식품","농산물가공식품","연근가공품","1124523","연근/푸르원","농업회사법인㈜푸르원","2023년","연근채/0.5kg"
"수산물","어류","갈치","1124524","갈치포","","2023년","갈치 냉동(포) 절단,토막당 20g내외/500g"
"수산물","어류","갈치","1124525","갈치포","","2023년","갈치 냉동(포) 절단,토막당 20g내외/1kg"
"수산물","건어물","꼴뚜기","1124526","건꼴뚜기","","2023년","건꼴뚜기 자건품/500g"
"수산물","건어물","건다시마","1124527","건다시마","","2023년","건다시마, 국물용/500g"
"수산물","건어물","건다시마","1124528","건다시마(다시마절단)","","2023년","건다시마, 절단/500g"
"수산물","건어물","미역","1124529","건미역","","2023년","건미역(기장)/500g"
"수산물","건어물","톳","1124530","건톳","","2023년","건톳/500g"
"수산물","건어물","건파래","1124531","건파래찢은것","","2024년","건파래(파쇄)/500g"
"가공식품","농산물가공식품","건표고가공품","1124532","건표고/하늘촌","","2024년","건표고버섯(깍둑)/1kg"
"수산물","어류","고등어","1124533","고등어살(99%가시제거)","","2023년","고등어순살(뼈제거 99%),토막당 40g내외/수입산/500g"
"가공식품","농산물가공식품","가시오가피","1124534","가시오가피/하늘촌","","2024년","가시오가피/1kg"
"수산물","어류","날치","1124535","날치알","","2023년","날치알(냉동) 골드 800g/PAC 빙어알 혼합/수입산/800g"
"수산물","어류","날치","1124536","날치알","","2023년","날치알(냉동) 골드 900g/PAC 빙어알 혼합/수입산/900g"
"수산물","어류","날치","1124537","날치알","","2023년","날치알(냉동) 레드 500g/PAC 빙어알 혼합/수입산/500g"
"수산물","어류","명란(알)","1124538","명태곤이","","2023년","냉동 명태곤이/수입산/500g"
"수산물","패류","논우렁이","1124539","논우렁이","","2023년","논우렁이 냉동(살)/500g"
"농산물","과일류","오렌지","1124540","오렌지(블랙라벨고당도)72과","","당해년도","오렌지(블랙라벨 고당도)/수입산/1과 250g/1kg/"
"수산물","건어물","멸치","1124541","건멸치(국물용)","","2023년","대멸치(다시)/국물용/300g"
"농산물","과일류","오렌지","1124542","오렌지","","당해년도","오렌지/수입산/1과 250g/1kg//"
"수산물","건어물","디포리","1124543","디포리","","2023년","디포리/500g"
"수산물","건어물","건명태","1124544","명엽채","","2023년","명태 맛포 명엽채/수입산/500g"
"수산물","건어물","건오징어","1124545","반건오징어몸통채","","2023년","반건오징어채(몸통)/500g"
"수산물","건어물","건오징어","1124546","반건오징어채","","2023년","반건오징어채(몸통, 다리 포함)/500g"
"수산물","건어물","건명태","1124547","북어채/중국가공","","2023년","북어채 중국가공/수입산/500g"
"수산물","어류","붉은메기","1124548","홍메기살(킹구살)","","2023년","붉은메기 냉동(킹구포) 절단,토막당 40g내외/500g"
"수산물","건어물","미역","1124549","건미역","","2023년","건실미역/300g"
"수산물","건어물","미역","1124550","건미역","","2023년","건실미역/500g"
"수산물","건어물","건새우","1124551","건새우(건홍새우)","","2023년","건홍새우/500g"
"수산물","건어물","건새우","1124552","건새우(건홍새우)","","2023년","건홍새우/수입산/500g"
"수산물","건어물","건홍합","1124553","건홍합살","","2023년","건홍합살 자건품/500g"
"수산물","어류","고등어","1124554","고등어살(99%가시제거)","","2023년","고등어순살(뼈제거 99%),토막당 40g내외/500g"
"수산물","갑각류","게","1124555","꽃게(숫게)","","2023년","꽃게 냉동(손질) 4절단/500g"
"수산물","갑각류","게","1124556","꽃게(암게)","","2023년","꽃게 냉동(손질) 4절단, 암게/500g"
"수산물","갑각류","새우","1124557","건새우(두절건새우)","","2023년","꽃새우(독새우) 자건품 두절새우, 3cm내외/300g//"
"수산물","갑각류","새우","1124558","건새우(두절건새우)","","2023년","꽃새우(독새우) 자건품 두절새우, 3cm내외/500g//"
"수산물","연체류","낙지","1124559","낙지채","","2023년","낙지 냉동(손질) 기본채/500g"
"수산물","연체류","낙지","1124560","낙지채","","2023년","낙지 냉동(손질) 기본채/수입산/500g"
"수산물","어류","날치","1124561","날치알","","2023년","날치알(냉동) 레드 800g/PAC 빙어알 혼합/수입산/800g"
"수산물","어류","날치","1124562","날치알","","2023년","날치알(냉동) 레드 900g/PAC 빙어알 혼합/수입산/900g"
"수산물","어류","명란(알)","1124563","명란","","2023년","냉동 명란/수입산/500g"
"수산물","어류","달고기","1124564","달고기살","","2023년","달고기순살(무피)(뼈제거 99%),토막당 40g내외/500g"
"수산물","어류","달고기","1124565","달고기살","","2023년","달고기순살(유피)(뼈제거 99%),토막당 40g내외/500g"
"수산물","어류","대구","1124566","대구살","","2023년","대구 냉동(포) 절단, 토막당 20g내외/수입산/1kg"
"수산물","어류","대구","1124567","대구살","","2023년","대구 냉동(포) 절단, 토막당 20g내외/수입산/500g"
"수산물","건어물","멸치","1124568","건멸치(국물용)","","2023년","대멸치(다시)/국물용/500g"
"농산물","과일류","오렌지","1124569","오렌지","","당해년도","오렌지/수입산/1과 200g/1kg//"
"수산물","어류","명태","1124570","동태살(99%가시제거)","","2023년","명태(동태순살)(뼈제거 99%),토막당 40g내외/수입산/500g"
"수산물","어류","방어","1124571","방어살","","2023년","방어순살(뼈제거 99%),토막당 40g내외/500g"
"수산물","갑각류","새우","1124572","백새우살","","2023년","백새우살 , 냉동/500g"
"수산물","건어물","건명태","1124573","북어채/국내가공","","2023년","북어채(황태채) 국내가공/수입산/500g"
"수산물","건어물","건명태","1124574","북어채/국내가공","","2023년","북어채(황태채) 국내가공/수입산/300g"
"수산물","어류","붕장어","1124575","붕장어포","","2023년","붕장어 냉동(살) 절단,토막당 40g내외/500g"
"수산물","어류","아귀","1124576","아귀살","","2023년","아귀순살(뼈제거 99%),토막당 40g내외/500g"
"수산물","어류","연어살","1124577","연어살","","2023년","연어살 냉동(손질) 강정용, 커틀릿용,토막당 40g내외/칠레산/500g"
"수산물","연체류","오징어","1124578","오징어(몸채,껍질제거)","","2023년","오징어 선동(껍질제거), 몸통채/500g"
"수산물","어류","임연수어","1124579","임연수살(99%가시제거)","","2023년","임연수어순살(뼈제거 99%)/수입산/500g"
"수산물","건어물","건오징어","1124580","진미채(참진미,국내산)","","2023년","조미포 참진미채/500g"
"수산물","건어물","건오징어","1124581","진미채(참진미,페루산)","","2023년","조미포 참진미채/수입산/500g"
"수산물","연체류","쭈꾸미","1124582","주꾸미(국내산)","","2023년","주꾸미 냉동(손질) 냉동, 기본채/500g"
"수산물","연체류","쭈꾸미","1124583","주꾸미(베트남산)","","2024년","주꾸미 냉동(손질) 냉동, 기본채/수입산/500g"
"수산물","건어물","쥐치","1124584","쥐치포(절단)","","2023년","쥐치포(절단)/수입산/500g"
"수산물","갑각류","새우","1124585","새우(40미/500g/pac)","","2023년","흰다리새우 냉동 40미/500g/수입산/500g"
"수산물","갑각류","새우","1124586","흰다리새우살","","2023년","흰다리새우살, 냉동, 71/90, 6~7g/수입산/500g"
"수산물","건어물","멸치","1124587","건멸치(가이리)","","2023년","중멸치(가이리)/볶음조림용/500g"
"수산물","건어물","멸치","1124588","건멸치(지리)","","2023년","세멸치(지리)/볶음조림용/300g/"
"수산물","어류","삼치","1124589","삼치살(99%가시제거)","","2023년","삼치순살(뼈제거 99%),토막당 40g내외/500g"
"수산물","건어물","미역","1124590","미역줄기","","2023년","염장 미역줄기(소금 30%이하)/500g"
"수산물","연체류","오징어","1124591","오징어(채)","","2023년","오징어 선동(껍질유), 기본채, 다리.귀포함/500g"
"수산물","연체류","오징어","1124592","오징어(몸채)","","2023년","오징어 선동(껍질유), 몸통채/500g"
"수산물","연체류","오징어","1124593","오징어(채,껍질제거)","","2023년","오징어 선동(껍질제거), 기본채, 다리.귀포함/500g"
"농산물","과일류","파인애플","1124594","파인애플(꼭지제거)","","","파인애플(꼭지제거)/수입산/1.5kg/"
"수산물","패류","전복","1124595","전복살(냉동)","","2023년","전복 냉동(살) 12미/650g/수입산/500g/"
"수산물","어류","조기","1124596","조기포","","2023년","조기 냉동(포) 40g/수입산/500g"
"수산물","건어물","건오징어","1124597","진미채(백진미,국내산)","","2023년","조미포 백진미채/500g"
"수산물","건어물","건오징어","1124598","진미채(백진미,페루산)","","2023년","조미포 백진미채/수입산/500g"
"수산물","갑각류","새우","1124599","칵테일새우살,71-90","","2023년","칵테일새우 자숙(탈각) 71/90, 6~7g/수입산/500g"
"수산물","건어물","건명태","1124600","코다리살(99%가시제거)","","2023년","코다리순살(뼈제거 99%),토막당 40g내외/수입산/500g"
"수산물","건어물","건명태","1124601","북어","","2023년","통북어, 30cm이상(머리포함)/수입산/500g"
"수산물","갑각류","새우","1124602","새우(30미/500g/pac)","","2023년","흰다리새우 냉동 30미/500g/수입산/500g"
"수산물","갑각류","새우","1124603","흰다리새우살","","2023년","흰다리새우살, 냉동, 71/90, 6~7g/수입산/1kg"
"수산물","건어물","멸치","1124604","건멸치(지리)","","2023년","세멸치(지리)/볶음조림용/500g"
"가공식품","농산물가공식품","연근가공품","1124605","연근/하늘촌","","2024년","흙통연근/1kg"
"수산물","건어물","멸치","1124606","건멸치(지가이리)","","2023년","소멸치(지가이리)/볶음조림용/300g"
"가공식품","농산물가공식품","은행","1124607","은행/하늘촌","","2024년","은행(속피제거)/1kg"
"가공식품","농산물가공식품","오미자","1124608","오미자/하늘촌","","2024년","오미자/1kg"
"수산물","건어물","멸치","1124609","건멸치(지가이리)","","2023년","소멸치(지가이리)/볶음조림용/500g"
"가공식품","농산물가공식품","달래가공품","1124610","달래/하늘촌","","2024년","달래/무농약/1kg"
"농산물","양채류","비트","1124611","비트(알)","","2024","비트(알)/개/"
"수산물","건어물","가다랭이","1124612","가다랭이포/고명용","","2023년","가다랭이포 반건품, 고명용/수입산/500g"
"수산물","어류","갈치","1124613","갈치포","","2023년","갈치 냉동(포) 절단,토막당 20g내외/수입산/500g"
"수산물","어류","갈치","1124614","갈치포","","2023년","갈치 냉동(포) 절단,토막당 20g내외/500g"
"수산물","어류","갈치","1124615","갈치포","","2023년","갈치 냉동(포) 절단,토막당 20g내외/1kg"
"수산물","건어물","건다시마","1124616","건다시마(기장)","","2023년","건다시마 국물용, 기장/500g"
"수산물","건어물","미역","1124617","건미역","","2023년","건실미역/500g"
"수산물","건어물","미역","1124618","건미역(절단)","","2023년","건미역(절단)/500g"
"수산물","건어물","건새우","1124619","건새우(건홍새우)","","2023년","건홍새우/수입산/500g"
"수산물","건어물","건홍합","1124620","건홍합살","","2023년","건홍합살 자건품/300g"
"수산물","갑각류","게","1124621","꽃게(숫게)","","2023년","꽃게 냉동(손질) 4절단/500g"
"수산물","건어물","건새우","1124622","건새우(두절건새우)","","2023년","꽃새우(독새우) 자건품 두절새우, 3cm내외/500g"
"수산물","연체류","낙지","1124623","낙지채","","2023년","낙지 냉동(손질) 기본채/수입산/500g"
"수산물","어류","달고기","1124624","달고기살","","2023년","달고기순살(무피)(뼈제거 99%),토막당 40g내외/500g"
"수산물","어류","달고기","1124625","달고기살","","2023년","달고기순살(유피)(뼈제거 99%),토막당 40g내외/500g"
"수산물","건어물","디포리","1124626","디포리","","2023년","디포리/500g"
"수산물","건어물","건명태","1124627","명엽채","신진식품","2023년","명태 맛포 명엽채/수입산/500g"
"수산물","갑각류","새우","1124628","백새우살","","2023년","백새우살 , 냉동/1kg"
"가공식품","농산물가공식품","달래가공품","1124629","달래/하늘촌","","2024년","달래/1kg"
"수산물","건어물","가다랭이","1124630","가다랭이포/국물용","","2023년","가다랭이포 반건품, 국물용/수입산/500g"
"수산물","어류","가자미","1124631","가자미살(99%가시제거)","","2023년","가자미순살(뼈제거 99%),토막당 40g내외/수입산/500g"
"수산물","건어물","건다시마","1124632","건다시마","","2023년","건다시마, 국물용/500g"
"수산물","건어물","건다시마","1124633","건다시마(다시마절단)","","2023년","건다시마, 절단/500g"
"수산물","건어물","미역","1124634","건미역","","2023년","건미역(기장)/500g/"
"수산물","건어물","미역","1124635","건미역","","2023년","건미역(기장)/300g/"
"수산물","건어물","톳","1124636","건톳","","2023년","건톳/500g"
"수산물","건어물","건파래","1124637","건파래찢은것","","2023년","건파래(파쇄)/500g"
"수산물","건어물","건새우","1124638","건새우(건홍새우)","","2023년","건홍새우/500g"
"수산물","어류","고등어","1124639","고등어살(99%가시제거)","","2023년","고등어순살(뼈제거 99%),토막당 40g내외/500g"
"수산물","어류","고등어","1124640","고등어살(99%가시제거)","","2023년","고등어순살(뼈제거 99%),토막당 40g내외/수입산/500g"
"수산물","갑각류","게","1124641","꽃게(암게)","","2023년","꽃게 냉동(손질) 4절단, 암게/500g"
"수산물","연체류","낙지","1124642","낙지채","","2023년","낙지 냉동(손질) 기본채/500g"
"수산물","패류","논우렁이","1124643","논우렁이","","2023년","논우렁이 냉동(살)/500g"
"수산물","어류","대구","1124644","대구살","","2023년","대구 냉동(포) 절단, 토막당 20g내외/수입산/1kg"
"수산물","어류","대구","1124645","대구살","","2023년","대구 냉동(포) 절단, 토막당 20g내외/수입산/500g"
"수산물","어류","명태","1124646","동태살(99%가시제거)","","2023년","명태(동태순살)(뼈제거 99%),토막당 40g내외/수입산/500g"
"수산물","어류","방어","1124647","방어살","","2023년","방어순살(뼈제거 99%),토막당 40g내외/500g"
"수산물","갑각류","새우","1124648","백새우살","","2023년","백새우살 , 냉동/500g"
"수산물","건어물","건명태","1124649","북어채/중국가공","","2023년","북어채 중국가공/수입산/500g"
"수산물","어류","붕장어","1124650","붕장어포","","2023년","붕장어 냉동(살) 절단,토막당 40g내외/500g"
"수산물","어류","삼치","1124651","삼치살(99%가시제거)","","2023년","삼치순살(뼈제거 99%),토막당 40g내외/500g"
"수산물","어류","아귀","1124652","아귀살","","2023년","아귀순살(뼈제거 99%),토막당 40g내외/500g"
"수산물","어류","연어살","1124653","연어순살(강정용,커틀릿)","","2023년","연어살 냉동(손질) 강정용, 커틀릿용,토막당 20g내외/수입산/500g"
"수산물","건어물","미역","1124654","미역줄기","","2023년","염장 미역줄기(소금 30%이하)/500g"
"수산물","연체류","오징어","1124655","오징어(채)","","2023년","오징어 선동(껍질유), 기본채, 다리.귀포함/500g"
"수산물","연체류","오징어","1124656","오징어(몸채)","","2023년","오징어 선동(껍질유), 몸통채/500g"
"수산물","어류","임연수어","1124657","임연수살(99%가시제거)","","2023년","임연수어순살(뼈제거 99%)/수입산/500g"
"수산물","어류","조기","1124658","조기포","","2023년","조기 냉동(포) 40g/수입산/500g"
"수산물","건어물","건오징어","1124659","진미채(백진미,국내산)","","2023년","조미포 백진미채/500g"
"수산물","건어물","건오징어","1124660","진미채(백진미,수입산)","","2023년","조미포 백진미채/수입산/500g"
"수산물","건어물","건오징어","1124661","진미채(참진미,수입산)","","2023년","조미포 참진미채/수입산/500g"
"수산물","연체류","쭈꾸미","1124662","주꾸미(국내산)","","2023년","주꾸미 냉동(손질) 냉동, 기본채/500g"
"수산물","연체류","쭈꾸미","1124663","주꾸미(베트남산)","","2023년","주꾸미 냉동(손질) 냉동, 기본채/수입산/500g"
"수산물","어류","날치","1124664","날치알","","2023년","날치알(냉동) 골드 500g/PAC 빙어알 혼합/수입산/500g"
"수산물","어류","날치","1124665","날치알","","2023년","날치알(냉동) 레드 500g/PAC 빙어알 혼합/수입산/500g"
"수산물","어류","날치","1124666","날치알","","2023년","날치알(냉동) 레드 800g/PAC 빙어알 혼합/수입산/800g"
"수산물","어류","날치","1124667","날치알","","2023년","날치알(냉동) 레드 900g/PAC 빙어알 혼합/수입산/900g"
"수산물","어류","명란(알)","1124668","명란","","2023년","냉동 명란/수입산/1kg"
"수산물","건어물","건명태","1124669","북어채/국내가공","","2023년","북어채(황태채) 국내가공/수입산/500g"
"수산물","어류","붉은메기","1124670","홍메기살(킹구살)","","2023년","붉은메기 냉동(킹구포) 절단,토막당 40g내외/500g"
"수산물","연체류","오징어","1124671","오징어(몸채,껍질제거)","","2023년","오징어 선동(껍질제거), 몸통채/500g/"
"수산물","연체류","오징어","1124672","오징어(채,껍질제거)","","2023년","오징어 선동(껍질제거), 기본채, 다리.귀포함/500g"
"수산물","건어물","건오징어","1124673","진미채(참진미,국내산)","","2023년","조미포 참진미채/500g"
"수산물","갑각류","새우","1124674","칵테일새우살,71-90","","2023년","칵테일새우 자숙(탈각) 71/90, 6~7g/수입산/500g"
"수산물","건어물","꼴뚜기","1124675","건꼴뚜기","","별도표기","건꼴뚜기 자건품/300g"
"수산물","건어물","꼴뚜기","1124676","건꼴뚜기","","별도표기","건꼴뚜기 자건품/500g"
"수산물","어류","날치","1124677","날치알","","2023년","날치알(냉동) 골드 800g/PAC 빙어알 혼합/수입산/800g"
"수산물","어류","날치","1124678","날치알","","2023년","날치알(냉동) 골드 900g/PAC 빙어알 혼합/수입산/900g"
"수산물","어류","명란(알)","1124679","명태곤이","","2023년","냉동 명태곤이/수입산/500g"
"수산물","건어물","건오징어","1124680","반건오징어채","","2023년","반건오징어채(몸통, 다리 포함)/1kg"
"수산물","건어물","멸치","1124681","건멸치(지리)","","2023년","세멸치(지리)/볶음조림용/300g/"
"수산물","건어물","멸치","1124682","건멸치(지리)","","2023년","세멸치(지리)/볶음조림용/500g"
"수산물","어류","연어살","1124683","연어살","","2023년","연어살 냉동(손질) 강정용, 커틀릿용,토막당 40g내외/칠레산/1kg"
"수산물","젓갈류","오징어젓","1124684","젓갈(오징어젓)","","2023년","오징어 젓(오징어젓,양념) 오징어젓/500g"
"수산물","패류","전복","1124685","전복살(냉동)","","2023년","전복 냉동(살) 12미/650g/수입산/1kg."
"수산물","건어물","멸치","1124686","건멸치(가이리)","","2023년","중멸치(가이리)/볶음조림용/300g"
"수산물","건어물","멸치","1124687","건멸치(가이리)","","2023년","중멸치(가이리)/볶음조림용/500g/"
"수산물","건어물","쥐치","1124688","쥐치포(절단)","","2023년","쥐치포(절단)/수입산/500g"
"수산물","어류","명란(알)","1124689","명란","","2023년","냉동 명란/수입산/500g"
"수산물","어류","명란(알)","1124690","명태곤이","","2023년","냉동 명태곤이/수입산/1kg"
"수산물","어류","명란(알)","1124691","젓갈(명란젓)","","2023년","명란(알) 양념명란젓 中/수입산/500g"
"수산물","건어물","멸치","1124692","건멸치(국물용)","","2023년","대멸치(다시)/국물용/300g"
"수산물","건어물","멸치","1124693","건멸치(국물용)","","2023년","대멸치(다시)/국물용/500g"
"수산물","건어물","건오징어","1124694","반건오징어몸통채","","2023년","반건오징어채(몸통)/500g"
"수산물","건어물","건오징어","1124695","반건오징어몸통채","","2023년","반건오징어채(몸통)/300g/"
"수산물","건어물","건오징어","1124696","반건오징어채","","2023년","반건오징어채(몸통, 다리 포함)/500g"
"수산물","건어물","멸치","1124697","건멸치(지가이리)","","2023년","소멸치(지가이리)/볶음조림용/300g/"
"수산물","건어물","멸치","1124698","건멸치(지가이리)","","2023년","소멸치(지가이리)/볶음조림용/500g"
"수산물","어류","연어살","1124699","연어살","","2023년","연어살 냉동(손질) 강정용, 커틀릿용,토막당 40g내외/칠레산/500g"
"수산물","패류","전복","1124700","전복살(냉동)","","2023년","전복 냉동(살) 12미/650g/수입산/500g/"
"수산물","건어물","쥐치","1124701","쥐치포(절단)","","2023년","쥐치포(절단)/수입산/300g"
"수산물","건어물","건명태","1124702","북어","","2023년","통북어, 30cm이상(머리포함)/수입산/500g"
"수산물","갑각류","새우","1124703","새우(30미/500g/pac)","","2023년","흰다리새우 냉동 30미/500g/수입산/500g"
"수산물","갑각류","새우","1124704","새우(40미/500g/pac)","","2023년","흰다리새우 냉동 40미/500g/수입산/500g"
"수산물","갑각류","새우","1124705","흰다리새우살","","2023년","흰다리새우살, 냉동, 71/90, 6~7g/수입산/1kg"
"수산물","갑각류","새우","1124706","흰다리새우살","","2023년","흰다리새우살, 냉동, 71/90, 6~7g/수입산/500g"
"수산물","건어물","가다랭이","1124707","가다랭이포/고명용","","별도표기","가다랭이포 반건품, 고명용/수입산/500g"
"수산물","어류","가자미","1124708","가자미살(99%가시제거)","","별도표기","가자미순살(뼈제거 99%),토막당 40g내외/수입산/500g"
"수산물","건어물","건명태","1124709","코다리살(99%가시제거)","","2023년","코다리순살(뼈제거 99%),토막당 40g내외/수입산/1kg"
"수산물","건어물","건명태","1124710","코다리살(99%가시제거)","","2023년","코다리순살(뼈제거 99%),토막당 40g내외/수입산/500g"
"수산물","건어물","건명태","1124711","북어","","2023년","통북어, 30cm이상(머리포함)/수입산/300g"
"농산물","양채류","꽈리고추","1124712","꽈리고추","","당해년도","꽈리고추/0.15kg_사용안함(소분류수정)/"
"수산물","건어물","가다랭이","1124713","가다랭이포/국물용","","별도표기","가다랭이포 반건품, 국물용/수입산/500g"
"수산물","건어물","꼴뚜기","1124714","건꼴뚜기","","별도표기","건꼴뚜기 자건품/500g"
"수산물","건어물","건다시마","1124715","건다시마(다시마절단)","","별도표기","건다시마, 절단/500g"
"농산물","양채류","청양고추","1124716","청양고추","","당해년도","청양고추/0.15kg_사용안함(소분류수정)/"
"수산물","건어물","미역","1124717","건미역","","2024년","건미역(기장)/500g/"
"수산물","건어물","미역","1124718","건미역","","별도표기","건실미역/300g"
"수산물","건어물","미역","1124719","건미역","","별도표기","건실미역/500g"
"수산물","건어물","건파래","1124720","건파래찢은것","","별도표기","건파래(파쇄)/500g"
"농산물","양채류","풋고추","1124721","풋고추","","당해년도","풋고추/0.15kg_사용안함(소분류수정)/"
"농산물","양채류","오이고추","1124722","오이고추","","당해년도","오이고추/0.2kg_사용안함(소분류수정)/"
"농산물","양채류","오이고추","1124729","오이고추","","당해년도","오이고추/0.2kg_사용안함(소분류수정)/"
"수산물","건어물","미역","1124730","건미역(절단)","","별도표기","건미역(절단)/500g"
"수산물","건어물","미역","1124731","건미역","","2024년","건미역(기장)/300g/"
"수산물","건어물","톳","1124732","건톳","","별도표기","건톳/500g"
"농산물","양채류","청양고추","1124733","청양고추","","당해년도","청양고추/0.15kg_사용안함(소분류수정)/"
"농산물","엽경채류","붉은양배추","1124734","붉은양배추(적채)(1/2절단)","","당해년도","붉은양배추(적채)(1/2절단)/0.8kg/"
"농산물","엽경채류","양배추","1124735","깐양배추(1/2절단)","","당해년도","깐양배추(1/2절단)/1kg/"
"수산물","건어물","건새우","1124736","건새우(건홍새우)","","별도표기","건홍새우/500g"
"수산물","어류","고등어","1124737","고등어살(99%가시제거)","","별도표기","고등어순살(뼈제거 99%),토막당 40g내외/500g"
"수산물","어류","고등어","1124738","고등어살(99%가시제거)","","2024년","고등어순살(뼈제거 99%),토막당 20g내외/수입산/500g/"
"수산물","갑각류","게","1124739","꽃게(숫게)","","별도표기","꽃게 냉동(손질) 4절단/500g"
"수산물","연체류","낙지","1124740","낙지채","","별도표기","낙지 냉동(손질) 기본채/수입산/500g"
"수산물","연체류","낙지","1124741","낙지채","","별도표기","낙지 냉동(손질) 기본채/500g"
"수산물","어류","날치","1124742","날치알","","별도표기","날치알(냉동) 골드 800g/PAC 빙어알 혼합/수입산/800g"
"수산물","어류","날치","1124743","날치알","","별도표기","날치알(냉동) 골드 900g/PAC 빙어알 혼합/수입산/900g"
"수산물","어류","명란(알)","1124744","명란","","별도표기","냉동 명란/수입산/500g"
"수산물","어류","달고기","1124745","달고기살","","별도표기","달고기순살(무피)(뼈제거 99%),토막당 40g내외/500g"
"수산물","건어물","디포리","1124746","디포리","","별도표기","디포리/500g"
"축산물","가금류","닭고기","1124747","닭고기/정육(껍질유)/마니커","닭터의자연","2024년","닭고기/무항생제/정육(껍질유)/뼈없음/3㎝×3㎝깍뚝(15g)/진공포장/300g"
"수산물","어류","명태","1124748","동태살(99%가시제거)","","별도표기","명태(동태순살)(뼈제거 99%),토막당 40g내외/수입산/500g"
"농산물","양채류","풋고추","1124749","풋고추","","당해년도","풋고추/0.15kg_사용안함(소분류수정)/"
"수산물","건어물","건새우","1124750","건새우(건홍새우)","","별도표기","건홍새우/수입산/500g"
"수산물","건어물","건새우","1124751","건새우(건홍새우)","","별도표기","건홍새우/수입산/300g"
"수산물","건어물","건홍합","1124752","건홍합살","","별도표기","건홍합살 자건품/500g"
"수산물","갑각류","게","1124753","꽃게(암게)","","별도표기","꽃게 냉동(손질) 4절단, 암게/500g"
"수산물","건어물","건새우","1124754","건새우(두절건새우)","","별도표기","꽃새우(독새우) 자건품 두절새우, 3cm내외/500g"
"수산물","어류","날치","1124755","날치알","","2024년","날치알(냉동) 레드 500g/PAC 빙어알 혼합/수입산/500g"
"수산물","어류","날치","1124756","날치알","","2024년","날치알(냉동) 레드 800g/PAC 빙어알 혼합/수입산/800g"
"수산물","어류","날치","1124757","날치알","","2024년","날치알(냉동) 레드 900g/PAC 빙어알 혼합/수입산/900g"
"수산물","패류","논우렁이","1124758","논우렁이","","별도표기","논우렁이 냉동(살)/500g"
"수산물","어류","달고기","1124759","달고기살","","별도표기","달고기순살(유피)(뼈제거 99%),토막당 40g내외/500g"
"수산물","어류","대구","1124760","대구살","","별도표기","대구 냉동(포) 절단, 토막당 20g내외/수입산/1kg"
"수산물","어류","대구","1124761","대구살","","별도표기","대구 냉동(포) 절단, 토막당 20g내외/수입산/500g"
"수산물","건어물","건명태","1124762","명엽채","","별도표기","명태 맛포 명엽채/수입산/500g"
"수산물","건어물","건오징어","1124763","반건오징어몸통채","","별도표기","반건오징어채(몸통)/500g"
"수산물","건어물","건오징어","1124764","반건오징어채","","별도표기","반건오징어채(몸통, 다리 포함)/500g"
"수산물","어류","붕장어","1124765","붕장어포","","별도표기","붕장어 냉동(살) 절단,토막당 40g내외/500g"
"수산물","어류","아귀","1124766","아귀살","","별도표기","아귀순살(뼈제거 99%),토막당 40g내외/500g"
"수산물","어류","연어살","1124767","연어살","","별도표기","연어살 냉동(손질) 강정용, 커틀릿용,토막당 40g내외/칠레산/500g"
"수산물","건어물","미역","1124768","미역줄기","","별도표기","염장 미역줄기(소금 30%이하)/500g"
"수산물","어류","방어","1124769","방어살","","별도표기","방어순살(뼈제거 99%),토막당 40g내외/500g"
"수산물","건어물","건명태","1124770","북어채/중국가공","","별도표기","북어채 중국가공/수입산/500g"
"수산물","건어물","건명태","1124771","북어채/국내가공","","별도표기","북어채(황태채) 국내가공/수입산/500g"
"수산물","어류","붉은메기","1124772","홍메기살(킹구살)","","별도표기","붉은메기 냉동(킹구포) 절단,토막당 40g내외/500g"
"수산물","어류","삼치","1124773","삼치살(99%가시제거)","","별도표기","삼치순살(뼈제거 99%),토막당 40g내외/500g"
"수산물","연체류","오징어","1124774","오징어(채,껍질제거)","","별도표기","오징어 선동(껍질제거), 기본채, 다리.귀포함/500g"
"수산물","어류","임연수어","1124775","임연수살(99%가시제거)","","별도표기","임연수어순살(뼈제거 99%),토막당 40g내외/수입산/500g"
"축산물","가금류","닭고기","1124776","닭고기/정육(껍질유)/마니커","닭터의자연","2024년","닭고기/무항생제/정육(껍질유)/뼈없음/10g/진공포장/300g"
"축산물","가금류","닭고기","1124777","닭고기/정육(껍질무)/마니커","닭터의자연","2024년","닭고기/무항생제/정육(껍질무)/뼈없음/4㎝×4㎝깍뚝(30g)/진공포장/300g"
"축산물","가금류","닭고기","1124778","닭고기/정육(껍질무)/마니커","닭터의자연","2024년","닭고기/무항생제/정육(껍질무)/뼈없음/채썰기(1㎝×1㎝×5 내외, 핑거모양)/진공포장/300g"
"축산물","가금류","닭고기","1124779","닭고기/윙(아랫날개)/마니커","닭터의자연","2024년","닭고기/무항생제/윙(아랫날개)/뼈있음/개당 25~30g/진공포장/500g"
"축산물","가금류","닭고기","1124780","닭고기/봉(윗날개)/마니커","닭터의자연","2024년","닭고기/무항생제/봉(윗날개)/뼈있음/개당 35~40g/진공포장/1kg"
"수산물","건어물","건오징어","1124781","진미채(백진미,페루산)","","별도표기","조미포 백진미채/수입산/500g."
"수산물","연체류","쭈꾸미","1124782","주꾸미(국내산)","","별도표기","주꾸미 냉동(손질) , 기본채/500g"
"수산물","연체류","쭈꾸미","1124783","주꾸미(베트남산)","","별도표기","주꾸미 냉동(손질) , 기본채/수입산/500g"
"수산물","갑각류","새우","1124784","칵테일새우살,71-90","","별도표기","칵테일새우 자숙(탈각) 71/90, 6~7g/수입산/500g"
"수산물","갑각류","새우","1124785","새우(30미/500g/pac)","","별도표기","흰다리새우 냉동 30미/500g/수입산/500g."
"수산물","어류","갈치","1124786","갈치포","","별도표기","갈치 냉동(포) 절단,토막당 20g내외/수입산/1kg/"
"수산물","어류","갈치","1124787","갈치포","","별도표기","갈치 냉동(포) 절단,토막당 40g내외/수입산/500g"
"수산물","건어물","건다시마","1124788","건다시마","","별도표기","건다시마, 국물용/500g"
"수산물","연체류","오징어","1124789","오징어(채)","","별도표기","오징어 선동(껍질유), 기본채, 다리.귀포함/500g"
"수산물","연체류","오징어","1124790","오징어(몸채)","","별도표기","오징어 선동(껍질유), 몸통채/500g"
"축산물","가금류","닭고기","1124791","닭고기/정육(껍질유)/마니커","닭터의자연","2024년","닭고기/무항생제/정육(껍질유)/뼈없음/4㎝×4㎝깍뚝(30g)/진공포장/300g"
"축산물","가금류","닭고기","1124792","닭고기/정육(껍질유)/마니커","닭터의자연","2024년","닭고기/무항생제/정육(껍질유)/뼈없음/1㎝×1㎝깍뚝/진공포장/300g"
"수산물","연체류","오징어","1124793","오징어(몸채,껍질제거)","","2024년","오징어 선동(껍질제거), 몸통채/500g/"
"축산물","가금류","닭고기","1124794","닭고기/정육(껍질유)/마니커","닭터의자연","2024년","닭고기/무항생제/정육(껍질유)/뼈없음/다짐육(민찌)/진공포장/300g"
"축산물","가금류","닭고기","1124795","닭고기/정육(껍질유)/마니커","닭터의자연","2024년","닭고기/무항생제/정육(껍질유)/뼈없음/이등분(약45g내외)/진공포장/300g"
"축산물","가금류","닭고기","1124796","닭고기/정육(껍질유)/마니커","닭터의자연","2024년","닭고기/무항생제/정육(껍질유)/뼈없음/통/진공포장/300g"
"축산물","가금류","닭고기","1124797","닭고기/정육(껍질무)/마니커","닭터의자연","2024년","닭고기/무항생제/정육(껍질무)/뼈없음/10g/진공포장/300g"
"축산물","가금류","닭고기","1124798","닭고기/정육(껍질무)/마니커","닭터의자연","2024년","닭고기/무항생제/정육(껍질무)/뼈없음/3㎝×3㎝깍뚝(15g)/진공포장/300g"
"축산물","가금류","닭고기","1124799","닭고기/정육(껍질무)/마니커","닭터의자연","2024년","닭고기/무항생제/정육(껍질무)/뼈없음/1㎝×1㎝깍뚝/진공포장/300g"
"축산물","가금류","닭고기","1124800","닭고기/정육(껍질무)/마니커","닭터의자연","2024년","닭고기/무항생제/정육(껍질무)/뼈없음/다짐육(민찌)/진공포장/300g/"
"축산물","가금류","닭고기","1124801","닭고기/정육(껍질무)/마니커","닭터의자연","2024년","닭고기/무항생제/정육(껍질무)/뼈없음/통/진공포장/300g"
"축산물","가금류","닭고기","1124802","닭고기/봉(윗날개)/마니커","닭터의자연","2024년","닭고기/무항생제/봉(윗날개)/뼈있음/개당 35~40g/진공포장/500g"
"축산물","가금류","닭고기","1124803","닭고기/통다리(장각)/마니커","닭터의자연","2024년","닭고기/무항생제/통다리(장각)/뼈있음/개당 190~200g/진공포장/500g"
"축산물","가금류","닭고기","1124804","닭고기/윙(아랫날개)/마니커","닭터의자연","2024년","닭고기/무항생제/윙(아랫날개)/뼈있음/개당 25~30g/진공포장/1kg"
"축산물","가금류","닭고기","1124805","닭고기/통다리(장각)/마니커","닭터의자연","2024년","닭고기/무항생제/통다리(장각)/뼈있음/개당 190~200g/진공포장/1kg"
"가공식품","농산물가공식품","도라지가공품","1124806","도라지/산림조합","","2025년","채도라지/0.3kg"
"수산물","건어물","건오징어","1124807","진미채(백진미,국내산)","","별도표기","조미포 백진미채/500g"
"수산물","건어물","건오징어","1124808","진미채(참진미,국내산)","","별도표기","조미포 참진미채/500g"
"수산물","건어물","건오징어","1124809","진미채(참진미,페루산)","","별도표기","조미포 참진미채/수입산/500g"
"수산물","건어물","쥐치","1124810","쥐치포(절단)","","별도표기","쥐치포(절단)/수입산/500g"
"수산물","건어물","건명태","1124829","코다리살(99%가시제거)","","별도표기","코다리순살(뼈제거 99%),토막당 40g내외/수입산/500g"
"수산물","건어물","건명태","1124830","북어","","별도표기","통북어, 30cm이상(머리포함)/수입산/500g"
"수산물","갑각류","새우","1124831","새우(40미/500g/pac)","","별도표기","흰다리새우 냉동 40미/500g/수입산/500g"
"수산물","어류","갈치","1124832","갈치포","","2023년","갈치 냉동(포) 절단,토막당 20g내외/1kg"
"수산물","어류","갈치","1124833","갈치포","","2023년","갈치 냉동(포) 절단,토막당 20g내외/500g"
"수산물","건어물","건다시마","1124834","건다시마(기장)","","별도표기","건다시마 국물용, 기장/300g"
"수산물","건어물","건다시마","1124835","건다시마(기장)","","별도표기","건다시마 국물용, 기장/500g"
"수산물","건어물","건다시마","1124836","건다시마","","별도표기","건다시마, 국물용/300g"
"수산물","어류","명란(알)","1124837","명태곤이","","별도표기","냉동 명태곤이/수입산/1kg"
"수산물","건어물","멸치","1124838","건멸치(국물용)","","별도표기","대멸치(다시)/국물용/300g"
"수산물","갑각류","새우","1124839","백새우살","","별도표기","백새우살, 냉동/1kg"
"수산물","건어물","멸치","1124840","건멸치(지리)","","별도표기","세멸치(지리)/볶음조림용/300g"
"수산물","건어물","멸치","1124841","건멸치(지리)","","별도표기","세멸치(지리)/볶음조림용/500g"
"수산물","건어물","멸치","1124842","건멸치(지가이리)","","별도표기","소멸치(지가이리)/볶음조림용/500g"
"축산물","돈육","돈육(안심)","1124843","돈육(안심)","","2024","돈육/냉장/무항생제/안심/짜장,카레용/1*1*1(cm)/3kg"
"수산물","패류","전복","1124844","전복살(냉동)","","별도표기","전복 냉동(살) 12미/650g/수입산/1kg."
"수산물","어류","조기","1124845","조기포","","별도표기","조기 냉동(포) 40g/수입산/1kg"
"수산물","건어물","멸치","1124846","건멸치(가이리)","","별도표기","중멸치(가이리)/볶음조림용/300g"
"수산물","갑각류","새우","1124847","흰다리새우살","","별도표기","흰다리새우살, 냉동, 71/90, 6~7g/수입산/1kg"
"수산물","건어물","가다랭이","1124848","가다랭이포/국물용","","2024년","가다랭이포 반건품, 국물용/수입산/500g"
"수산물","어류","명란(알)","1124849","명태곤이","","별도표기","냉동 명태곤이/수입산/500g"
"수산물","건어물","멸치","1124850","건멸치(국물용)","","별도표기","대멸치(다시)/국물용/500g"
"수산물","갑각류","새우","1124851","백새우살","","별도표기","백새우살, 냉동/500g"
"수산물","건어물","멸치","1124852","건멸치(지가이리)","","별도표기","소멸치(지가이리)/볶음조림용/300g"
"수산물","패류","전복","1124853","전복살(냉동)","","별도표기","전복 냉동(살) 12미/650g/수입산/500g/"
"수산물","어류","조기","1124854","조기포","","별도표기","조기 냉동(포) 40g/수입산/500g"
"수산물","건어물","멸치","1124855","건멸치(가이리)","","별도표기","중멸치(가이리)/볶음조림용/500g"
"수산물","갑각류","새우","1124856","흰다리새우살","","별도표기","흰다리새우살, 냉동, 71/90, 6~7g/수입산/500g"
"수산물","건어물","가다랭이","1124857","가다랭이포/고명용","","2024년","가다랭이포 반건품, 고명용/수입산/500g"
"수산물","어류","갈치","1124858","갈치포","","2024년","갈치 냉동(포) 절단,토막당 40g내외/수입산/1kg"
"수산물","어류","갈치","1124859","갈치포","","2023년","갈치 냉동(포) 절단,토막당 20g내외/500g"
"수산물","건어물","꼴뚜기","1124860","건꼴뚜기","","2024년","건꼴뚜기 자건품/500g"
"축산물","돈육","돈육(안심)","1124861","돈육(안심)","","2024","돈육/냉장/무항생제/안심/짜장,카레용/1*1*1(cm)/5kg"
"축산물","돈육","돈육(안심)","1124862","돈육(안심)","","2024","돈육/냉장/안심/짜장,카레용/1*1*1(cm)/3kg"
"농산물","과일과채류","수박","1124863","수박","","당해년도","수박(7kg/과)/7kg"
"농산물","과일과채류","수박","1124864","수박","","당해년도","수박(8kg/과)/8kg"
"농산물","과일과채류","수박","1124865","수박","","당해년도","수박(10kg/과)/10kg"
"농산물","과일과채류","참외","1124866","참외","","당해년도","참외(30내/10kg)/1kg"
"농산물","과일과채류","참외","1124867","참외","","당해년도","참외(35내/10kg)31~34과/1kg"
"농산물","과일과채류","참외","1124868","참외","","당해년도","참외(40내/10kg)35~40과/1kg"
"수산물","어류","가자미","1124869","가자미살(99%가시제거)","","2024년","가자미순살(뼈제거 99%),토막당 20g내외/수입산/500g"
"수산물","어류","갈치","1124870","갈치포","","2024년","갈치 냉동(포) 절단,토막당 40g내외/수입산/500g"
"수산물","어류","갈치","1124871","갈치포","","2023년","갈치 냉동(포) 절단,토막당 20g내외/1kg"
"수산물","건어물","건다시마","1124872","건다시마(기장)","","2024년","건다시마 국물용, 기장/500g"
"수산물","건어물","건다시마","1124873","건다시마","","2024년","건다시마, 국물용/500g"
"농산물","과일과채류","수박","1124889","수박","","당해년도","수박(5kg/과)/5kg"
"농산물","과일과채류","수박","1124890","수박","","당해년도","수박(6kg/과)/6kg"
"농산물","과일과채류","수박","1124891","수박","","당해년도","수박(9kg/과)/9kg"
"농산물","과일과채류","토마토","1124892","토마토","","당해년도","완숙토마토,250g/과/1kg"
"농산물","과일과채류","토마토","1124893","토마토(대저)","","당해년도","토마토(대저, 101~120g)/1kg"
"농산물","과일류","단감","1124894","단감","","당해년도","단감/60내(166-199g)/1kg"
"수산물","건어물","건다시마","1124895","건다시마[기장]","","2023년","건다시마, 기장/500g"
"수산물","건어물","멸치","1124896","건미역","","2023년","건미역(기장)/500g//"
"수산물","건어물","톳","1124897","건톳","","2024년","건톳/500g"
"농산물","과일류","자두","1124898","자두","","당해년도","자두, 105과 내외/10kg(90~100g/과)/1kg"
"농산물","과일류","자두","1124899","자두","","당해년도","자두, 60~70g/과/1kg"
"수산물","건어물","건새우","1124900","건새우(건홍새우)","","2024년","건홍새우/500g"
"수산물","건어물","건새우","1124901","건새우(건홍새우)","","2023년","건홍새우/수입산/500g"
"농산물","과일류","포도(국내산)","1124902","청포도(로자리오비앙코)","","당해년도","청포도(로자리오비앙코)/1kg"
"농산물","과일류","사과","1124903","사과(아오리)","","당해년도","아오리 10Kg 30~33과(300g이상)/1kg"
"농산물","과일류","사과","1124904","사과(아오리)","","당해년도","아오리 10Kg 34~40과(250g이상)/1kg"
"농산물","과일류","사과","1124905","사과(아오리)","","당해년도","아오리 10Kg 48~54과(180g이상)/1kg"
"축산물","돈육","돈육(등갈비)","1124906","돈육(등갈비)","","2024년","돈육/냉장/무항생제/등갈비/1대씩 절단/3kg"
"수산물","어류","고등어","1124907","고등어살(99%가시제거)","","2023년","고등어순살(뼈제거 99%),토막당 40g내외/500g"
"축산물","돈육","돈육(등갈비)","1124908","돈육(등갈비)","","2024년","돈육/냉장/무항생제/등갈비/찜,구이용/ 1/2 절단/0.3kg"
"농산물","과일과채류","참외","1124909","참외","","당해년도","참외(50내/10kg)41~49과/1kg"
"농산물","과일과채류","참외","1124910","참외","","당해년도","참외,60내(51~59과), 270g/과/1kg"
"농산물","과일과채류","토마토","1124911","토마토","","당해년도","완숙토마토(150g 내외)/1kg"
"농산물","과일과채류","토마토","1124912","토마토","","당해년도","완숙토마토(소스용, 샐러드용)/1kg"
"농산물","과일과채류","토마토","1124913","토마토","","당해년도","완숙토마토,200g/과/1kg"
"농산물","과일과채류","토마토","1124914","토마토(대저)","","당해년도","토마토(대저, 80~100g)/1kg"
"농산물","과일류","단감","1124915","단감","","당해년도","단감/50내(200-220g)/1kg"
"농산물","과일류","복숭아","1124916","복숭아","","당해년도","복숭아/천도,60내,10kg/1kg"
"농산물","과일류","블루베리","1124917","블루베리","","당해년도","블루베리/0.1kg"
"수산물","건어물","건다시마","1124918","건다시마(다시마절단)","","2024년","건다시마, 절단/500g"
"수산물","건어물","건다시마","1124919","건다시마[기장]","","2023년","건다시마, 기장/300g"
"축산물","돈육","돈육(등뼈)","1124920","돈육(등뼈)","","2024년","돈육/냉동/무항생제/등뼈/찜,탕용/3cm 절단/1kg"
"수산물","건어물","멸치","1124921","건미역(절단)","","2023년","건미역(절단)/500g/"
"축산물","돈육","돈육(등뼈)","1124922","돈육(등뼈)","","2024년","돈육/냉동/무항생제/등뼈/찜,탕용/3cm 절단/3kg"
"수산물","건어물","멸치","1124923","건미역","","2023년","건미역(기장)/300g//"
"축산물","돈육","돈육(등뼈)","1124924","돈육(등뼈)","","2024년","돈육/냉동/무항생제/등뼈/찜,탕용/3cm 절단/5kg"
"수산물","건어물","멸치","1124925","건미역","","2023년","건실미역/300g/삭제"
"수산물","건어물","멸치","1124926","건미역","","2023년","건실미역/500g//"
"농산물","과일류","연시","1124927","연시","","당해년도","연시(70내),140g내외/과/1kg"
"농산물","과일류","연시","1124928","연시","","당해년도","연시(80내),125g내외/과/1kg"
"수산물","건어물","건파래","1124929","건파래찢은것","","2024년","건파래(파쇄)/500g"
"수산물","건어물","건새우","1124930","건새우(건홍새우)","","2023년","건홍새우/수입산/300g"
"농산물","과일류","자두","1124931","자두(후무사)","","당해년도","후무사,120g/과/1kg"
"수산물","건어물","건홍합","1124932","건홍합살","","2024년","건홍합살 자건품/500g"
"농산물","과일류","포도(국내산)","1124933","청포도(샤인머스켓)","","당해년도","청포도(샤인머스켓)/2kg"
"농산물","과일류","사과","1124934","사과(아오리)","","당해년도","아오리 10Kg 41~47과(210g이상)/1kg"
"축산물","돈육","돈육(등갈비)","1124935","돈육(등갈비)","","2024년","돈육/냉장/무항생제/등갈비/1대씩 절단/5kg"
"축산물","돈육","돈육(등갈비)","1124936","돈육(등갈비)","","2024년","돈육/냉장/등갈비/1대씩 절단/3kg"
"축산물","돈육","돈육(등갈비)","1124937","돈육(등갈비)","","2024년","돈육/냉장/등갈비/1대씩 절단/5kg"
"수산물","어류","고등어","1124938","고등어살(99%가시제거)","","2023년","고등어순살(뼈제거 99%),토막당 40g내외/수입산/1kg"
"수산물","어류","고등어","1124939","고등어살(99%가시제거)","","2023년","고등어순살(뼈제거 99%),토막당 40g내외/수입산/500g"
"축산물","돈육","돈육(등갈비)","1124940","돈육(등갈비)","","2024년","돈육/냉장/무항생제/등갈비/찜,구이용/ 1/2 절단/0.5kg"
"축산물","돈육","돈육(등갈비)","1124941","돈육(등갈비)","","2024년","돈육/냉장/무항생제/등갈비/찜,구이용/ 1/2 절단/5kg"
"축산물","돈육","돈육(등갈비)","1124942","돈육(등갈비)","","2024년","돈육/냉장/등갈비/1대씩 절단(1/2크기)/1kg"
"축산물","돈육","돈육(등갈비)","1124943","돈육(등갈비)","","2024년","돈육/냉장/등갈비/1대씩 절단(1/2크기)/3kg"
"축산물","돈육","돈육(등갈비)","1124944","돈육(등갈비)","","2024년","돈육/냉장/등갈비/1대씩 절단(1/2크기)/5kg"
"수산물","갑각류","게","1124945","꽃게(숫게)","","2023년","꽃게 냉동(손질) 4절단/500g"
"수산물","갑각류","게","1124946","꽃게(암게)","","2023년","꽃게 냉동(손질) 4절단, 암게/500g"
"축산물","돈육","돈육(등뼈)","1124947","돈육(등뼈)","","2024년","돈육/냉동/등뼈/찜용,탕용/30g내외/1kg"
"축산물","돈육","돈육(등뼈)","1124948","돈육(등뼈)","","2024년","돈육/냉동/등뼈/찜용,탕용/30g내외/3kg"
"축산물","돈육","돈육(등갈비)","1124949","돈육(등갈비)","","2024년","돈육/냉장/무항생제/등갈비/찜,구이용/ 1/2 절단/1kg"
"축산물","돈육","돈육(등갈비)","1124950","돈육(등갈비)","","2024년","돈육/냉장/무항생제/등갈비/찜,구이용/ 1/2 절단/3kg"
"축산물","돈육","돈육(등갈비)","1124951","돈육(등갈비)","","2024년","돈육/냉장/등갈비/1대씩 절단(1/2크기)/0.3kg"
"축산물","돈육","돈육(등갈비)","1124952","돈육(등갈비)","","2024년","돈육/냉장/등갈비/1대씩 절단(1/2크기)/0.5kg"
"축산물","돈육","돈육(등뼈)","1124953","돈육(등뼈)","","2024년","돈육/냉동/등뼈/찜용,탕용/30g내외/5kg"
"수산물","어류","날치","1124954","날치알","","2023년","날치알(냉동) 골드 800g/PAC 빙어알 혼합/수입산/800g"
"수산물","어류","명란(알)","1124955","명란","","2024년","냉동 명란/수입산/500g"
"축산물","돈육","돈육(등심)","1124956","돈육(등심)","","2024년","돈육/냉장/등심/짜장,카레용/1*1*1(cm)/0.3kg"
"축산물","돈육","돈육(등심)","1124957","돈육(등심)","","2024년","돈육/냉장/등심/짜장,카레용/1*1*1(cm)/0.5kg"
"농산물","과일과채류","수박","1124958","수박","","당해년도","수박(9kg/과)/9kg"
"축산물","돈육","돈육(등심)","1124959","돈육(등심)","","2024년","돈육/냉장/무항생제/등심/장조림용/2*2*2(cm)/1kg"
"농산물","과일과채류","참외","1124960","참외","","당해년도","참외(40내/10kg)35~40과/1kg"
"축산물","돈육","돈육(등심)","1124961","돈육(등심)","","2024년","돈육/냉장/등심/장조림용/2*2*2(cm)/0.5kg"
"축산물","돈육","돈육(등심)","1124962","돈육(등심)","","2024년","돈육/냉장/등심/장조림용/2*2*2(cm)/1kg"
"수산물","어류","명태","1124963","동태살(99%가시제거)","","2023년","명태(동태순살)(뼈제거 99%),토막당 40g내외/수입산/500g"
"농산물","양곡부류","기능성쌀","1124964","쌀(기능성쌀)/고산","","2023","토마코펜라이스/1kg/일반"
"수산물","어류","붉은메기","1124965","홍메기살(킹구살)","","2023년","붉은메기 냉동(킹구포) 절단,토막당 40g내외/500g"
"축산물","돈육","돈육(등심)","1124966","돈육(등심)","","2024년","돈육/냉장/무항생제/등심/돈까스용/개당40g내외/3kg"
"수산물","어류","삼치","1124967","삼치살(99%가시제거)","","2023년","삼치순살(뼈제거 99%),토막당 20g내외/500g"
"수산물","어류","아귀","1124968","아귀살","","2023년","아귀순살(뼈제거 99%),토막당 40g내외/1kg"
"축산물","돈육","돈육(등심)","1124969","돈육(등심)","","2024년","돈육/냉장/무항생제/등심/짜장,카레용/1*1*1(cm)/0.3kg"
"수산물","건어물","건새우","1124970","건새우(두절건새우)","","2024년","꽃새우(독새우) 자건품 두절새우, 3cm내외/500g"
"축산물","돈육","돈육(등심)","1124971","돈육(등심)","","2024년","돈육/냉장/무항생제/등심/짜장,카레용/1*1*1(cm)/0.5kg"
"축산물","돈육","돈육(등심)","1124972","돈육(등심)","","2024년","돈육/냉장/무항생제/등심/짜장,카레용/1*1*1(cm)/1kg"
"축산물","돈육","돈육(등심)","1124973","돈육(등심)","","2024년","돈육/냉장/무항생제/등심/짜장,카레용/1*1*1(cm)/3kg"
"축산물","돈육","돈육(등심)","1124974","돈육(등심)","","2024년","돈육/냉장/무항생제/등심/짜장,카레용/1*1*1(cm)/5kg"
"수산물","어류","날치","1124975","날치알","","2023년","날치알(냉동) 골드 900g/PAC 빙어알 혼합/수입산/900g"
"수산물","어류","날치","1124976","날치알","","2023년","날치알(냉동) 레드 500g/PAC 빙어알 혼합/수입산/500g"
"수산물","어류","날치","1124977","날치알","","2023년","날치알(냉동) 레드 800g/PAC 빙어알 혼합/수입산/800g"
"수산물","어류","날치","1124978","날치알","","2023년","날치알(냉동) 레드 900g/PAC 빙어알 혼합/수입산/900g"
"농산물","과일과채류","수박","1124979","수박","","당해년도","수박(5kg/과)/5kg"
"농산물","과일과채류","수박","1124980","수박","","당해년도","수박(6kg/과)/6kg"
"수산물","어류","명란(알)","1124981","명태곤이","","2024년","냉동 명태곤이/수입산/500g"
"축산물","돈육","돈육(등심)","1124982","돈육(등심)","","2024년","돈육/냉장/등심/짜장,카레용/1*1*1(cm)/1kg"
"농산물","과일과채류","수박","1124983","수박","","당해년도","수박(7kg/과)/7kg"
"농산물","과일과채류","수박","1124984","수박","","당해년도","수박(8kg/과)/8kg"
"축산물","돈육","돈육(등심)","1124985","돈육(등심)","","2024년","돈육/냉장/등심/짜장,카레용/1*1*1(cm)/3kg"
"수산물","패류","논우렁이","1124986","논우렁이","","2023년","논우렁이 냉동(살)/500g"
"축산물","돈육","돈육(등심)","1124987","돈육(등심)","","2024년","돈육/냉장/등심/짜장,카레용/1*1*1(cm)/5kg"
"농산물","과일과채류","수박","1124988","수박","","당해년도","수박(10kg/과)/10kg"
"축산물","돈육","돈육(등심)","1124989","돈육(등심)","","2024년","돈육/냉장/무항생제/등심/장조림용/2*2*2(cm)/0.3kg"
"축산물","돈육","돈육(등심)","1124990","돈육(등심)","","2024년","돈육/냉장/무항생제/등심/장조림용/2*2*2(cm)/0.5kg"
"농산물","과일과채류","참외","1124991","참외","","당해년도","참외(30내/10kg)/1kg"
"수산물","어류","대구","1124992","대구살","","2023년","대구 냉동(포) 절단, 토막당 20g내외/수입산/500g"
"축산물","돈육","돈육(등심)","1124993","돈육(등심)","","2024년","돈육/냉장/무항생제/등심/장조림용/2*2*2(cm)/3kg"
"농산물","과일과채류","참외","1124994","참외","","당해년도","참외(35내/10kg)31~34과/1kg"
"축산물","돈육","돈육(등심)","1124995","돈육(등심)","","2024년","돈육/냉장/무항생제/등심/장조림용/2*2*2(cm)/5kg"
"수산물","건어물","디포리","1124996","디포리","","2024년","디포리/500g"
"농산물","과일과채류","참외","1124997","참외","","당해년도","참외(50내/10kg)41~49과/1kg"
"수산물","건어물","건명태","1124998","명엽채","","2023년","명태 맛포 명엽채/수입산/500g"
"축산물","돈육","돈육(등심)","1124999","돈육(등심)","","2024년","돈육/냉장/등심/장조림용/2*2*2(cm)/0.3kg"
"축산물","돈육","돈육(등심)","1125000","돈육(등심)","","2024년","돈육/냉장/등심/장조림용/2*2*2(cm)/3kg"
"축산물","돈육","돈육(등심)","1125001","돈육(등심)","","2024년","돈육/냉장/등심/장조림용/2*2*2(cm)/5kg"
"농산물","양곡부류","기능성쌀","1125002","쌀(기능성쌀)/고산","","2023","클로렐라찹쌀/1kg/일반"
"수산물","건어물","건오징어","1125003","반건오징어몸통채","","2023년","반건오징어채(몸통)/500g"
"수산물","건어물","건오징어","1125004","반건오징어채","","2024년","반건오징어채(몸통, 다리 포함)/1kg"
"수산물","건어물","건오징어","1125005","반건오징어채","","2024년","반건오징어채(몸통, 다리 포함)/500g"
"농산물","양곡부류","기능성쌀","1125006","쌀(기능성쌀)/고산","","2023","녹차라이스/1kg/일반"
"농산물","양곡부류","기능성쌀","1125007","쌀(기능성쌀)/고산","","2023","버섯카로틴/1kg/일반"
"수산물","갑각류","새우","1125008","백새우살","","2024년","백새우살 , 냉동/500g"
"수산물","건어물","건명태","1125009","북어채/국내가공","","2023년","북어채(황태채) 국내가공/수입산/500g"
"농산물","양곡부류","기능성쌀","1125010","클로렐라라이스/고산","","2023","클로렐라라이스/1kg/일반"
"수산물","건어물","건명태","1125011","북어채/중국가공","","2023년","북어채 중국가공/수입산/500g"
"수산물","건어물","건명태","1125012","북어채/중국가공","","2023년","북어채 중국가공/수입산/300g"
"농산물","양곡부류","기능성쌀","1125013","쌀(기능성쌀)/고산","","2023","홍국라이스/1kg/일반"
"축산물","돈육","돈육(등심)","1125014","돈육(등심)","","2024년","돈육/냉장/무항생제/등심/돈까스용/개당40g내외/5kg"
"수산물","어류","붕장어","1125015","붕장어포","","2023년","붕장어 냉동(살) 절단,토막당 40g내외/500g"
"농산물","과일과채류","참외","1125016","참외","","당해년도","참외,60내(51~59과), 270g/과/1kg"
"수산물","어류","연어살","1125017","연어살","","2024년","연어살 냉동(손질) 강정용, 커틀릿용,토막당 20g내외/칠레산/1kg"
"축산물","돈육","돈육(등심)","1125018","돈육(등심)","","2024년","돈육/냉장/등심/돈까스용/개당40g내외/3kg"
"농산물","과일과채류","토마토","1125019","토마토(대저)","","당해년도","토마토(대저, 101~120g)/1kg"
"수산물","어류","연어살","1125020","연어살","","2024년","연어살 냉동(손질) 강정용, 커틀릿용,토막당 20g내외/칠레산/500g"
"농산물","과일과채류","토마토","1125021","토마토(대저)","","당해년도","토마토(대저, 80~100g)/1kg"
"축산물","돈육","돈육(등심)","1125022","돈육(등심)","","2024년","돈육/냉장/무항생제/등심/탕수육용/1*1*4(cm)/1kg"
"농산물","과채류","단호박","1125023","단호박(죽용)","","당해년도","단호박(죽용)/수입산/1kg_테스트"
"축산물","돈육","돈육(등심)","1125024","돈육(등심)","","2024년","돈육/냉장/무항생제/등심/탕수육용/1*1*4(cm)/5kg"
"축산물","돈육","돈육(등심)","1125025","돈육(등심)","","2024년","돈육/냉장/등심/탕수육용/1*1*4(cm)/0.3kg"
"농산물","양곡부류","보리","1125026","보리/고산","","2023","할맥/1kg/일반"
"축산물","돈육","돈육(등심)","1125027","돈육(등심)","","2024년","돈육/냉장/등심/탕수육용/1*1*4(cm)/1kg"
"축산물","돈육","돈육(등심)","1125028","돈육(등심)","","2024년","돈육/냉장/등심/탕수육용/1*1*4(cm)/3kg"
"수산물","어류","아귀","1125029","아귀살","","2023년","아귀순살(뼈제거 99%),토막당 40g내외/500g"
"축산물","돈육","돈육(등심)","1125030","돈육(등심)","","2024년","돈육/냉장/등심/돈까스용/개당40g내외/5kg"
"축산물","돈육","돈육(등심)","1125031","돈육(등심)","","2024년","돈육/냉장/무항생제/등심/탕수육용/1*1*4(cm)/0.3kg"
"축산물","돈육","돈육(등심)","1125032","돈육(등심)","","2024년","돈육/냉장/무항생제/등심/탕수육용/1*1*4(cm)/0.5kg"
"축산물","돈육","돈육(등심)","1125033","돈육(등심)","","2024년","돈육/냉장/무항생제/등심/탕수육용/1*1*4(cm)/3kg"
"축산물","돈육","돈육(등심)","1125034","돈육(등심)","","2024년","돈육/냉장/등심/탕수육용/1*1*4(cm)/0.5kg"
"농산물","양곡부류","보리","1125035","보리/고산","","2023","압맥/1kg/일반"
"축산물","돈육","돈육(등심)","1125036","돈육(등심)","","2024년","돈육/냉장/무항생제/등심/잡채용/0.3*0.3*5(cm)/3kg"
"농산물","양곡부류","기능성쌀","1125037","쌀(기능성쌀)/고산","","2023","블루베리라이스/1kg/일반"
"농산물","과일류","단감","1125038","단감","","당해년도","단감,60내(166-199g)/1kg"
"축산물","돈육","돈육(등심)","1125039","돈육(등심)","","2024년","돈육/냉장/무항생제/등심/다짐육/0.3kg"
"축산물","돈육","돈육(등심)","1125040","돈육(등심)","","2024년","돈육/냉장/무항생제/등심/다짐육/0.5kg"
"축산물","돈육","돈육(등심)","1125041","돈육(등심)","","2024년","돈육/냉장/무항생제/등심/다짐육/1kg"
"축산물","돈육","돈육(등심)","1125042","돈육(등심)","","2024년","돈육/냉장/무항생제/등심/다짐육/3kg"
"축산물","돈육","돈육(안심)","1125043","돈육(안심)","","2024","돈육/냉장/무항생제/안심/장조림용/2*2*2(cm)/3kg"
"축산물","돈육","돈육(등심)","1125044","돈육(등심)","","2024년","돈육/냉장/등심/다짐육/0.5kg"
"축산물","돈육","돈육(등심)","1125045","돈육(등심)","","2024년","돈육/냉장/등심/다짐육/5kg"
"축산물","돈육","돈육(안심)","1125046","돈육(안심)","","2024","돈육/냉장/안심/장조림용/2*2*2(cm)/5kg"
"축산물","돈육","돈육(목심)","1125047","돈육(목심)","","2024년","돈육/냉장/무항생제/목살/구이용/0.7cm슬라이스/5kg"
"축산물","돈육","돈육(안심)","1125048","돈육(안심)","","2024","돈육/냉장/무항생제/안심/잡채용/0.3*0.3*5(cm)/3kg"
"축산물","돈육","돈육(등심)","1125049","돈육(등심)","","2024년","돈육/냉장/등심/탕수육용/1*1*4(cm)/5kg"
"농산물","양곡부류","서리태","1125050","서리태/고산","","2023","조각서리태/1kg/일반"
"축산물","돈육","돈육(등심)","1125051","돈육(등심)","","2024년","돈육/냉장/무항생제/등심/잡채용/0.3*0.3*5(cm)/5kg"
"축산물","돈육","돈육(안심)","1125052","돈육(안심)","","2024","돈육/냉장/안심/짜장,카레용/1*1*1(cm)/5kg"
"농산물","양곡부류","흑태","1125053","흑태/고산","","2023","흑태/1kg/일반"
"축산물","돈육","돈육(등심)","1125054","돈육(등심)","","2024년","돈육/냉장/등심/잡채용/0.3*0.3*5(cm)/3kg"
"축산물","돈육","돈육(등심)","1125055","돈육(등심)","","2024년","돈육/냉장/등심/잡채용/0.3*0.3*5(cm)/5kg"
"축산물","돈육","돈육(등심)","1125056","돈육(등심)","","2024년","돈육/냉장/무항생제/등심/다짐육/5kg"
"농산물","과일류","복숭아","1125057","복숭아","","당해년도","복숭아/천도,60내,10kg/1kg"
"축산물","돈육","돈육(등심)","1125058","돈육(등심)","","2024년","돈육/냉장/등심/다짐육/0.3kg"
"농산물","과일류","블루베리","1125059","블루베리","","당해년도","블루베리/1kg"
"축산물","돈육","돈육(등심)","1125060","돈육(등심)","","2024년","돈육/냉장/등심/다짐육/1kg"
"축산물","돈육","돈육(안심)","1125061","돈육(안심)","","2024","돈육/냉장/무항생제/안심/장조림용/2*2*2(cm)/5kg"
"축산물","돈육","돈육(등심)","1125062","돈육(등심)","","2024년","돈육/냉장/등심/다짐육/3kg"
"축산물","돈육","돈육(안심)","1125063","돈육(안심)","","2024","돈육/냉장/안심/장조림용/2*2*2(cm)/3kg"
"축산물","돈육","돈육(목심)","1125064","돈육(목심)","","2024년","돈육/냉장/무항생제/목살/불고기용/0.3*3*4(cm)/3kg"
"축산물","돈육","돈육(목심)","1125065","돈육(목심)","","2024년","돈육/냉장/무항생제/목살/불고기용/0.3*3*4(cm)/5kg"
"축산물","돈육","돈육(목심)","1125066","돈육(목심)","","2024년","돈육/냉장/무항생제/목살/구이용/0.7cm슬라이스/3kg"
"축산물","돈육","돈육(안심)","1125067","돈육(안심)","","2024","돈육/냉장/무항생제/안심/잡채용/0.3*0.3*5(cm)/5kg"
"농산물","과일류","오렌지","1125068","레드향(탄금향)","","당해년도","레드향(탄금향) 350g/과/1kg"
"농산물","과일류","연시","1125069","연시","","당해년도","연시(70내),140g내외/과/1kg"
"농산물","과일류","연시","1125070","연시","","당해년도","연시(80내),125g내외/과/1kg"
"농산물","과일류","오렌지","1125071","레드향(탄금향)","","당해년도","레드향(탄금향) 200g/과/1kg"
"축산물","돈육","돈육(목심)","1125072","돈육(목심)","","2024년","돈육/냉장/목살/불고기용/0.3*3*4(cm)/3kg"
"축산물","돈육","돈육(목심)","1125073","돈육(목심)","","2024년","돈육/냉장/목살/구이용/0.7*4*5(cm)/3kg"
"축산물","돈육","돈육(안심)","1125074","돈육(안심)","","2024","돈육/냉장/안심/잡채용/0.3*0.3*5(cm)/5kg"
"축산물","돈육","돈육(목심)","1125075","돈육(목심)","","2024년","돈육/냉장/목살/구이용/0.7*4*5(cm)/5kg"
"농산물","과일류","오렌지","1125076","황금향","","당해년도","황금향, 200-250g/과/1kg"
"축산물","돈육","돈육(목심)","1125077","돈육(목심)","","2024년","돈육/냉장/목살/스테이크용/0.7cm슬라이스/0.3kg"
"축산물","돈육","돈육(목심)","1125078","돈육(목심)","","2024년","돈육/냉장/목살/스테이크용/0.7cm슬라이스/5kg"
"축산물","돈육","돈육(안심)","1125079","돈육(안심)","","2024","돈육/냉장/무항생제/안심/다짐육/5kg"
"축산물","돈육","돈육(목심)","1125080","돈육(목심)","","2024년","돈육/냉장/무항생제/목살/수육용/200~300g 덩어리/0.5kg"
"축산물","돈육","돈육(목심)","1125081","돈육(목심)","","2024년","돈육/냉장/무항생제/목살/수육용/200~300g 덩어리/1kg"
"축산물","돈육","돈육(목심)","1125082","돈육(목심)","","2024년","돈육/냉장/무항생제/목살/수육용/200~300g 덩어리/3kg"
"축산물","돈육","돈육(목심)","1125083","돈육(목심)","","2024년","돈육/냉장/무항생제/목살/수육용/200~300g 덩어리/5kg"
"농산물","과일류","자두","1125084","자두(후무사)","","당해년도","후무사,120g/과/1kg"
"축산물","돈육","돈육(목심)","1125085","돈육(목심)","","2024년","돈육/냉장/목살/수육용/200~300g 덩어리/0.5kg"
"축산물","돈육","돈육(목심)","1125086","돈육(목심)","","2024년","돈육/냉장/목살/수육용/200~300g 덩어리/1kg"
"축산물","돈육","돈육(안심)","1125087","돈육(안심)","","2024","돈육/냉장/안심/다짐육/5kg"
"축산물","돈육","돈육(목심)","1125088","돈육(목심)","","2024년","돈육/냉장/목살/수육용/200~300g 덩어리/3kg"
"축산물","돈육","돈육(목심)","1125089","돈육(목심)","","2024년","돈육/냉장/목살/불고기용/0.3*3*4(cm)/5kg"
"축산물","돈육","돈육(안심)","1125090","돈육(안심)","","2024","돈육/냉장/안심/잡채용/0.3*0.3*5(cm)/3kg"
"농산물","과일류","오렌지","1125091","한라봉","","당해년도","한라봉,270g/과/1kg"
"농산물","과일류","오렌지","1125092","황금향","","당해년도","황금향, 170-199g/과/1kg"
"축산물","돈육","돈육(목심)","1125093","돈육(목심)","","2024년","돈육/냉장/무항생제/목살/스테이크용/0.7cm슬라이스/0.3kg"
"축산물","돈육","돈육(목심)","1125094","돈육(목심)","","2024년","돈육/냉장/무항생제/목살/스테이크용/0.7cm슬라이스/0.5kg"
"축산물","돈육","돈육(목심)","1125095","돈육(목심)","","2024년","돈육/냉장/무항생제/목살/스테이크용/0.7cm슬라이스/1kg"
"축산물","돈육","돈육(목심)","1125096","돈육(목심)","","2024년","돈육/냉장/무항생제/목살/스테이크용/0.7cm슬라이스/3kg"
"축산물","돈육","돈육(목심)","1125097","돈육(목심)","","2024년","돈육/냉장/무항생제/목살/스테이크용/0.7cm슬라이스/5kg"
"축산물","돈육","돈육(목심)","1125098","돈육(목심)","","2024년","돈육/냉장/목살/스테이크용/0.7cm슬라이스/0.5kg"
"축산물","돈육","돈육(목심)","1125099","돈육(목심)","","2024년","돈육/냉장/목살/스테이크용/0.7cm슬라이스/1kg"
"농산물","과일류","자두","1125100","자두","","당해년도","자두, 105과 내외/10kg(90~100g/과)/1kg"
"농산물","과일류","자두","1125101","자두","","당해년도","자두, 115과 내외/10kg(80~90g/과)/1kg"
"축산물","돈육","돈육(목심)","1125102","돈육(목심)","","2024년","돈육/냉장/목살/스테이크용/0.7cm슬라이스/3kg"
"축산물","돈육","돈육(안심)","1125103","돈육(안심)","","2024","돈육/냉장/무항생제/안심/다짐육/3kg"
"농산물","과일류","자두","1125104","자두","","당해년도","자두, 125과 내외/10kg(70~80g/과)/1kg"
"축산물","돈육","돈육(목심)","1125105","돈육(목심)","","2024년","돈육/냉장/무항생제/목살/수육용/200~300g 덩어리/0.3kg"
"농산물","과일류","자두","1125106","자두","","당해년도","자두, 60~70g/과/1kg"
"축산물","돈육","돈육(목심)","1125107","돈육(목심)","","2024년","돈육/냉장/목살/수육용/200~300g 덩어리/0.3kg"
"축산물","돈육","돈육(안심)","1125108","돈육(안심)","","2024","돈육/냉장/안심/다짐육/3kg"
"축산물","돈육","돈육(목심)","1125109","돈육(목심)","","2024년","돈육/냉장/목살/수육용/200~300g 덩어리/5kg"
"농산물","과일류","포도(국내산)","1125110","포도(머루포도)","","당해년도","머루포도/1kg"
"축산물","돈육","돈육(사태)","1125111","돈육(사태)","","2024년","돈육/냉장/무항생제/사태/수육,찜용/200g~300g 덩어리/3kg"
"축산물","돈육","돈육(등심)","1125112","돈육(등심)","","2024","돈육/냉장/무항생제/등심/짜장,카레용/1*1*1(cm)/3kg"
"농산물","과일류","포도(국내산)","1125113","청포도(샤인머스켓)","","2024","청포도(샤인머스켓)/2kg"
"수산물","연체류","오징어","1125114","오징어(채)","","2024년","오징어 선동(껍질유), 기본채, 다리.귀포함/500g"
"축산물","돈육","돈육(등심)","1125115","돈육(등심)","","2024","돈육/냉장/무항생제/등심/짜장,카레용/1*1*1(cm)/5kg"
"농산물","과일류","포도(국내산)","1125116","포도(켐벨포도)","","당해년도","켐벨포도/1kg"
"축산물","돈육","돈육(사태)","1125117","돈육(사태)","","2024년","돈육/냉장/사태/수육,찜용/200g~300g 덩어리/5kg"
"수산물","연체류","오징어","1125118","오징어[기본채]","","2023년","오징어 선동(껍질유), 기본채, 다리.귀포함/500g"
"축산물","돈육","돈육(사태)","1125119","돈육(사태)","","2024년","돈육/냉장/무항생제/사태/장조림용/2*2*2(cm)/3kg"
"축산물","돈육","돈육(사태)","1125120","돈육(사태)","","2024년","돈육/냉장/무항생제/사태/장조림용/2*2*2(cm)/5kg"
"수산물","연체류","오징어","1125121","오징어(몸채)","","2024년","오징어 선동(껍질유), 몸통채/500g"
"수산물","연체류","오징어","1125122","오징어(채,껍질제거)","","2024년","오징어 선동(껍질제거), 기본채, 다리.귀포함/500g"
"수산물","연체류","오징어","1125123","오징어(몸채,껍질제거)","","2024년","오징어 선동(껍질제거), 몸통채/500g"
"수산물","어류","임연수어","1125124","임연수살(99%가시제거)","","2024년","임연수어순살(뼈제거 99%)/수입산/500g"
"수산물","패류","전복","1125125","전복살(냉동)","","2023년","전복 냉동(살) 12미/650g/수입산/500g//"
"농산물","과일과채류","메론","1125126","메론","","당해년도","메론/머스크 (4수/8kg)/2kg"
"농산물","과일과채류","메론","1125127","메론","","당해년도","메론/머스크 (5수/8kg)/1.6kg"
"수산물","어류","조기","1125128","조기포","","2023년","조기 냉동(포) 40g/수입산/500g"
"농산물","과일류","포도(국내산)","1125129","포도(거봉)","","당해년도","거봉/2kg"
"축산물","돈육","돈육(사태)","1125130","돈육(사태)","","2024년","돈육/냉장/무항생제/사태/수육,찜용/200g~300g 덩어리/5kg"
"농산물","과일류","포도(국내산)","1125131","청포도(로자리오비앙코)","","당해년도","청포도(로자리오비앙코)/1kg"
"축산물","돈육","돈육(사태)","1125132","돈육(사태)","","2024년","돈육/냉장/사태/수육,찜용/200g~300g 덩어리/1kg"
"축산물","돈육","돈육(사태)","1125133","돈육(사태)","","2024년","돈육/냉장/사태/수육,찜용/200g~300g 덩어리/3kg"
"수산물","건어물","건오징어","1125134","진미채(참진미,국내산)","","2024년","조미포 참진미채/500g"
"수산물","갑각류","새우","1125135","칵테일새우살,71-90","","2024년","칵테일새우 자숙(탈각) 71/90, 6~7g/수입산/500g"
"수산물","건어물","건명태","1125136","북어","","2023년","통북어, 30cm이상(머리포함)/수입산/500g"
"수산물","연체류","낙지","1125137","낙지채","","2023년","낙지 냉동(손질) 기본채/500g"
"축산물","돈육","돈육(삼겹)","1125138","돈육(삼겹)","","2024년","돈육/냉장/무항생제/삼겹/구이용/절단 0.7*4*5(cm)/3kg"
"축산물","돈육","돈육(삼겹)","1125139","돈육(삼겹)","","2024년","돈육/냉장/삼겹/구이용/절단 0.7*4*5(cm)/3kg"
"축산물","돈육","돈육(삼겹)","1125140","돈육(삼겹)","","2024년","돈육/냉장/삼겹/구이용/절단 0.7*4*5(cm)/5kg"
"수산물","어류","방어","1125141","방어살","","2023년","방어순살(뼈제거 99%),토막당 40g내외/1kg"
"축산물","돈육","돈육(삼겹)","1125142","돈육(삼겹)","","2024년","돈육/냉장/무항생제/삼겹살/구이용/0.7cm슬라이스/0.3kg"
"수산물","건어물","멸치","1125143","건멸치(지가이리)","","2023년","소멸치(지가이리)/볶음조림용/300g/"
"수산물","건어물","멸치","1125144","미역줄기","","2023년","염장 미역줄기(소금 30%이하)/1kg/"
"축산물","돈육","돈육(삼겹)","1125145","돈육(삼겹)","","2024년","돈육/냉장/무항생제/삼겹살/구이용/0.7cm슬라이스/3kg"
"축산물","돈육","돈육(삼겹)","1125146","돈육(삼겹)","","2024년","돈육/냉장/삼겹/구이용/0.7cm 길게 슬라이스/0.5kg"
"축산물","돈육","돈육(삼겹)","1125147","돈육(삼겹)","","2024년","돈육/냉장/삼겹/구이용/0.7cm 길게 슬라이스/5kg"
"수산물","건어물","멸치","1125148","건멸치(가이리)","","2024년","중멸치(가이리)/볶음조림용/300g"
"농산물","과일류","사과","1125149","사과(아오리)","","당해년도","아오리 10Kg 30~33과(300g이상)/1kg"
"농산물","과일류","사과","1125150","사과(아오리)","","당해년도","아오리 10Kg 34~40과(250g이상)/1kg"
"농산물","과일류","사과","1125151","사과(아오리)","","당해년도","아오리 10Kg 41~47과(210g이상)/1kg"
"농산물","과일류","사과","1125152","사과(아오리)","","당해년도","아오리 10Kg 48~54과(180g이상)/1kg"
"수산물","건어물","건오징어","1125153","진미채(백진미,국내산)","","2024년","조미포 백진미채/500g"
"수산물","건어물","건오징어","1125154","진미채(백진미,페루산)","","2023년","조미포 백진미채/수입산/500g"
"수산물","건어물","건오징어","1125155","진미채(참진미,페루산)","","2023년","조미포 참진미채/수입산/500g"
"수산물","건어물","쥐치","1125156","쥐치포(절단)","","2024년","쥐치포(절단)/수입산/500g"
"수산물","어류","명태","1125157","코다리살(99%가시제거)","","2023년","코다리순살(뼈제거 99%),토막당 20g내외/수입산/500g/"
"수산물","갑각류","새우","1125158","흰다리새우살","","2024년","흰다리새우살, 냉동, 71/90, 6~7g/수입산/1kg"
"수산물","갑각류","새우","1125159","흰다리새우살","","2024년","흰다리새우살, 냉동, 71/90, 6~7g/수입산/500g"
"수산물","연체류","낙지","1125160","낙지채","","2023년","낙지 냉동(손질) 기본채/중국산/1kg"
"수산물","연체류","낙지","1125161","낙지채","","2023년","낙지 냉동(손질) 기본채/중국산/500g"
"축산물","돈육","돈육(사태)","1125162","돈육(사태)","","2024년","돈육/냉장/사태/장조림용/2*2*2(cm)/3kg"
"수산물","연체류","낙지","1125163","낙지채","","2023년","낙지 냉동(손질) 기본채/1kg"
"축산물","돈육","돈육(사태)","1125164","돈육(사태)","","2024년","돈육/냉장/사태/장조림용/2*2*2(cm)/5kg"
"수산물","어류","달고기","1125165","달고기살","","2024년","달고기순살(무피)(뼈제거 99%),토막당 40g내외/1kg"
"수산물","어류","달고기","1125166","달고기살","","2024년","달고기순살(무피)(뼈제거 99%),토막당 40g내외/500g"
"수산물","어류","달고기","1125167","달고기살","","2024년","달고기순살(유피)(뼈제거 99%),토막당 40g내외/1kg"
"수산물","어류","달고기","1125168","달고기살","","2024년","달고기순살(유피)(뼈제거 99%),토막당 40g내외/500g"
"수산물","건어물","멸치","1125169","건멸치(국물용)","","2024년","대멸치(다시)/국물용/300g"
"수산물","건어물","멸치","1125170","건멸치(국물용)","","2024년","대멸치(다시)/국물용/500g"
"축산물","돈육","돈육(삼겹)","1125171","돈육(삼겹)","","2024년","돈육/냉장/무항생제/삼겹/구이용/절단 0.7*4*5(cm)/5kg"
"수산물","어류","방어","1125172","방어살","","2023년","방어순살(뼈제거 99%),토막당 40g내외/500g"
"수산물","건어물","멸치","1125173","건멸치(지리)","","2023년","세멸치(지리)/볶음조림용/300g/"
"수산물","건어물","멸치","1125174","건멸치(지리)","","2024년","세멸치(지리)/볶음조림용/500g"
"축산물","돈육","돈육(삼겹)","1125175","돈육(삼겹)","","2024년","돈육/냉장/무항생제/삼겹살/구이용/0.7cm슬라이스/0.5kg"
"수산물","건어물","멸치","1125176","건멸치(지가이리)","","2024년","소멸치(지가이리)/볶음조림용/500g"
"수산물","건어물","멸치","1125177","미역줄기","","2023년","염장 미역줄기(소금 30%이하)/500g/"
"축산물","돈육","돈육(삼겹)","1125178","돈육(삼겹)","","2024년","돈육/냉장/무항생제/삼겹살/구이용/0.7cm슬라이스/1kg"
"수산물","연체류","쭈꾸미","1125179","주꾸미(국내산)","","2024년","주꾸미 냉동(손질) 냉동, 기본채/1kg"
"수산물","연체류","쭈꾸미","1125180","주꾸미(국내산)","","2024년","주꾸미 냉동(손질) 냉동, 기본채/500g"
"축산물","돈육","돈육(삼겹)","1125181","돈육(삼겹)","","2024년","돈육/냉장/무항생제/삼겹살/구이용/0.7cm슬라이스/5kg"
"축산물","돈육","돈육(삼겹)","1125182","돈육(삼겹)","","2024년","돈육/냉장/삼겹/구이용/0.7cm 길게 슬라이스/0.3kg"
"수산물","연체류","쭈꾸미","1125183","주꾸미(베트남산)","","2024년","주꾸미 냉동(손질) 냉동, 기본채/수입산/1kg"
"축산물","돈육","돈육(삼겹)","1125184","돈육(삼겹)","","2024년","돈육/냉장/삼겹/구이용/0.7cm 길게 슬라이스/1kg"
"수산물","연체류","쭈꾸미","1125185","주꾸미(베트남산)","","2024년","주꾸미 냉동(손질) 냉동, 기본채/수입산/500g"
"축산물","돈육","돈육(삼겹)","1125186","돈육(삼겹)","","2024년","돈육/냉장/삼겹/구이용/0.7cm 길게 슬라이스/3kg"
"축산물","돈육","돈육(삼겹)","1125187","돈육(삼겹)","","2024년","돈육/냉장/무항생제/삼겹/수육용/200g~300g 덩어리/0.3kg"
"수산물","건어물","멸치","1125188","건멸치(가이리)","","2024년","중멸치(가이리)/볶음조림용/500g"
"축산물","돈육","돈육(삼겹)","1125189","돈육(삼겹)","","2024년","돈육/냉장/무항생제/삼겹/수육용/200g~300g 덩어리/0.5kg"
"축산물","돈육","돈육(삼겹)","1125190","돈육(삼겹)","","2024년","돈육/냉장/무항생제/삼겹/수육용/200g~300g 덩어리/3kg"
"축산물","돈육","돈육(삼겹)","1125191","돈육(삼겹)","","2024년","돈육/냉장/무항생제/삼겹/수육용/200g~300g 덩어리/5kg"
"축산물","돈육","돈육(삼겹)","1125192","돈육(삼겹)","","2024년","돈육/냉장/삼겹/수육용/200g~300g 덩어리/0.3kg"
"축산물","돈육","돈육(삼겹)","1125193","돈육(삼겹)","","2024년","돈육/냉장/삼겹/수육용/200g~300g 덩어리/1kg"
"축산물","돈육","돈육(삼겹)","1125194","돈육(삼겹)","","2024년","돈육/냉장/삼겹/수육용/200g~300g 덩어리/3kg"
"축산물","돈육","돈육(삼겹)","1125195","돈육(삼겹)","","2024년","돈육/냉장/삼겹/수육용/200g~300g 덩어리/5kg"
"축산물","돈육","돈육(삼겹)","1125196","돈육(삼겹)","","2024년","돈육/냉장/무항생제/삼겹/불고기용/0.3*3*4(cm)/5kg"
"축산물","돈육","돈육(삼겹)","1125197","돈육(삼겹)","","2024년","돈육/냉장/삼겹/불고기용/0.3*3*4(cm)/3kg"
"축산물","돈육","돈육(삼겹)","1125198","돈육(삼겹)","","2024년","돈육/냉장/삼겹/불고기용/0.3*3*4(cm)/5kg"
"수산물","건어물","가다랭이","1125199","가다랭이포/국물용","","2024/2025","가다랭이포 반건품, 국물용/수입산/300g"
"축산물","돈육","돈육(삼겹)","1125209","돈육(삼겹)","","2024년","돈육/냉장/무항생제/삼겹/수육용/200g~300g 덩어리/1kg"
"축산물","돈육","돈육(삼겹)","1125210","돈육(삼겹)","","2024년","돈육/냉장/삼겹/수육용/200g~300g 덩어리/0.5kg"
"축산물","돈육","돈육(삼겹)","1125211","돈육(삼겹)","","2024년","돈육/냉장/무항생제/삼겹/불고기용/0.3*3*4(cm)/3kg"
"축산물","돈육","돈육(안심)","1125212","돈육(안심)","","2024년","돈육/냉장/무항생제/안심/짜장,카레용/1*1*1(cm)/3kg"
"축산물","돈육","돈육(안심)","1125213","돈육(안심)","","2024년","돈육/냉장/무항생제/안심/짜장,카레용/1*1*1(cm)/5kg"
"가공식품","농산물가공식품","건표고가공품","1125214","건표고/하늘농가","하늘농가","2023년","건표고 슬라이스/0.3kg"
"수산물","건어물","가다랭이","1125215","가다랭이포/고명용","","2024/2025","가다랭이포 반건품, 고명용/수입산/300g"
"가공식품","농산물가공식품","건표고가공품","1125216","건표고/하늘농가","하늘농가","2023년","건표고버섯(밥용/0.5*0.5cm)/0.3kg"
"축산물","돈육","돈육(안심)","1125217","돈육(안심)","","2024년","돈육/냉장/안심/짜장,카레용/1*1*1(cm)/3kg"
"축산물","돈육","돈육(안심)","1125218","돈육(안심)","","2024년","돈육/냉장/안심/짜장,카레용/1*1*1(cm)/5kg"
"축산물","돈육","돈육(안심)","1125219","돈육(안심)","","2024년","돈육/냉장/안심/장조림용/2*2*2(cm)/5kg"
"축산물","돈육","돈육(등심)","1125220","돈육(등심)","","2024","돈육/냉장/무항생제/등심/장조림용/2*2*2(cm)/0.5kg"
"축산물","돈육","돈육(안심)","1125221","돈육(안심)","","2024년","돈육/냉장/무항생제/안심/잡채용/0.3*0.3*5(cm)/0.3kg"
"축산물","돈육","돈육(안심)","1125222","돈육(안심)","","2024년","돈육/냉장/무항생제/안심/잡채용/0.3*0.3*5(cm)/0.5kg"
"농산물","과일류","감귤","1125223","감귤","","당해년도","하우스감귤(100g,30내/3kg)/1kg"
"수산물","어류","가자미","1125224","가자미살(99%가시제거)","","별도표기","가자미순살(뼈제거 99%),토막당 40g내외/수입산/500g"
"축산물","돈육","돈육(안심)","1125225","돈육(안심)","","2024년","돈육/냉장/안심/잡채용/0.3*0.3*5(cm)/0.3kg"
"축산물","돈육","돈육(안심)","1125226","돈육(안심)","","2024년","돈육/냉장/안심/잡채용/0.3*0.3*5(cm)/3kg"
"축산물","돈육","돈육(안심)","1125227","돈육(안심)","","2024년","돈육/냉장/안심/잡채용/0.3*0.3*5(cm)/5kg"
"축산물","돈육","돈육(안심)","1125228","돈육(안심)","","2024년","돈육/냉장/무항생제/안심/다짐육/0.3kg"
"축산물","돈육","돈육(등심)","1125229","돈육(등심)","","2024","돈육/냉장/등심/짜장,카레용/1*1*1(cm)/3kg"
"축산물","돈육","돈육(등심)","1125230","돈육(등심)","","2024","돈육/냉장/등심/짜장,카레용/1*1*1(cm)/5kg"
"축산물","돈육","돈육(안심)","1125231","돈육(안심)","","2024년","돈육/냉장/무항생제/안심/장조림용/2*2*2(cm)/3kg"
"축산물","돈육","돈육(안심)","1125232","돈육(안심)","","2024년","돈육/냉장/무항생제/안심/장조림용/2*2*2(cm)/5kg"
"수산물","건어물","가다랭이","1125233","가다랭이포/고명용","","별도표기","가다랭이포 반건품, 고명용/수입산/300g"
"수산물","건어물","가다랭이","1125234","가다랭이포/국물용","","별도표기","가다랭이포 반건품, 국물용/수입산/500g"
"축산물","돈육","돈육(안심)","1125235","돈육(안심)","","2024년","돈육/냉장/안심/장조림용/2*2*2(cm)/3kg"
"축산물","돈육","돈육(등심)","1125236","돈육(등심)","","2024","돈육/냉장/무항생제/등심/장조림용/2*2*2(cm)/0.3kg"
"축산물","돈육","돈육(등심)","1125237","돈육(등심)","","2024","돈육/냉장/무항생제/등심/장조림용/2*2*2(cm)/1kg"
"축산물","돈육","돈육(등심)","1125238","돈육(등심)","","2024","돈육/냉장/무항생제/등심/장조림용/2*2*2(cm)/3kg"
"가공식품","농산물가공식품","무시래기가공품","1125239","무시래기/하늘농가","하늘농가","2023년","국산무시래기(생데친절단)/0.3kg"
"축산물","돈육","돈육(등심)","1125240","돈육(등심)","","2024","돈육/냉장/무항생제/등심/장조림용/2*2*2(cm)/5kg"
"축산물","돈육","돈육(안심)","1125241","돈육(안심)","","2024년","돈육/냉장/무항생제/안심/잡채용/0.3*0.3*5(cm)/1kg"
"축산물","돈육","돈육(안심)","1125242","돈육(안심)","","2024년","돈육/냉장/무항생제/안심/잡채용/0.3*0.3*5(cm)/3kg"
"축산물","돈육","돈육(안심)","1125243","돈육(안심)","","2024년","돈육/냉장/무항생제/안심/잡채용/0.3*0.3*5(cm)/5kg"
"농산물","과일류","감귤","1125244","감귤","","당해년도","하우스감귤(60g,50내/3kg)/1kg"
"농산물","과일류","감귤","1125245","감귤","","당해년도","하우스감귤(70g,43내/3kg)/1kg"
"농산물","과일류","감귤","1125246","감귤","","당해년도","하우스감귤(80g,37내/3kg)/1kg"
"농산물","과일류","감귤","1125247","감귤","","당해년도","하우스감귤(90g,33내/3kg)/1kg"
"수산물","어류","갈치","1125248","갈치포","","별도표기","갈치 냉동(포) 절단,토막당 40g내외/수입산/1kg"
"축산물","돈육","돈육(안심)","1125249","돈육(안심)","","2024년","돈육/냉장/안심/잡채용/0.3*0.3*5(cm)/0.5kg"
"축산물","돈육","돈육(안심)","1125250","돈육(안심)","","2024년","돈육/냉장/안심/잡채용/0.3*0.3*5(cm)/1kg"
"축산물","돈육","돈육(안심)","1125251","돈육(안심)","","2024년","돈육/냉장/무항생제/안심/다짐육/0.5kg"
"축산물","돈육","돈육(안심)","1125252","돈육(안심)","","2024년","돈육/냉장/무항생제/안심/다짐육/3kg"
"축산물","돈육","돈육(안심)","1125253","돈육(안심)","","2024년","돈육/냉장/무항생제/안심/다짐육/5kg"
"축산물","돈육","돈육(안심)","1125254","돈육(안심)","","2024년","돈육/냉장/안심/다짐육/0.3kg"
"축산물","돈육","돈육(안심)","1125255","돈육(안심)","","2024년","돈육/냉장/안심/다짐육/1kg"
"축산물","돈육","돈육(안심)","1125256","돈육(안심)","","2024년","돈육/냉장/안심/다짐육/5kg"
"농산물","과일류","사과","1125257","사과","","2024","사과/10Kg 46~50과/1kg"
"축산물","돈육","돈육(등심)","1125258","돈육(등심)","","2024","돈육/냉장/등심/장조림용/2*2*2(cm)/0.5kg"
"수산물","건어물","건새우","1125259","건새우(건홍새우)","","별도표기","건홍새우/수입산/300g"
"수산물","건어물","건새우","1125260","건새우(건홍새우)","","별도표기","건홍새우/수입산/500g"
"축산물","돈육","돈육(등심)","1125261","돈육(등심)","","2024","돈육/냉장/등심/장조림용/2*2*2(cm)/3kg"
"축산물","돈육","돈육(등심)","1125262","돈육(등심)","","2024","돈육/냉장/등심/장조림용/2*2*2(cm)/5kg"
"가공식품","농산물가공식품","기타","1125263","궁채나물/하늘농가","하늘농가","2023년","수입궁채나물(건데친)/수입산/0.5kg/"
"수산물","어류","갈치","1125264","갈치포","","별도표기","갈치 냉동(포) 절단,토막당 20g내외/1kg"
"축산물","돈육","돈육(전지)","1125265","돈육(전지)","","2024년","돈육/냉장/앞다리/수육용/200g~300g 덩어리/3kg"
"수산물","어류","갈치","1125266","갈치포","","별도표기","갈치 냉동(포) 절단,토막당 20g내외/500g"
"축산물","돈육","돈육(전지)","1125267","돈육(전지)","","2024년","돈육/냉장/앞다리/수육용/200g~300g 덩어리/5kg"
"가공식품","농산물가공식품","도라지가공품","1125268","도라지/하늘농가","하늘농가","2023년","실채도라지(뽀송)/0.3kg"
"축산물","돈육","돈육(안심)","1125269","돈육(안심)","","2024년","돈육/냉장/무항생제/안심/다짐육/1kg"
"축산물","돈육","돈육(안심)","1125270","돈육(안심)","","2024년","돈육/냉장/안심/다짐육/0.5kg"
"축산물","돈육","돈육(안심)","1125271","돈육(안심)","","2024년","돈육/냉장/안심/다짐육/3kg"
"가공식품","농산물가공식품","기타","1125272","세발나물/하늘농가","하늘농가","2023년","세발나물(데친)/0.5kg/"
"축산물","돈육","돈육(등심)","1125273","돈육(등심)","","2024","돈육/냉장/등심/장조림용/2*2*2(cm)/0.3kg"
"축산물","돈육","돈육(등심)","1125274","돈육(등심)","","2024","돈육/냉장/등심/장조림용/2*2*2(cm)/1kg"
"수산물","건어물","꼴뚜기","1125275","건꼴뚜기","","별도표기","건꼴뚜기 자건품/500g"
"축산물","돈육","돈육(전지)","1125276","돈육(전지)","","2024년","돈육/냉장/무항생제/앞다리/수육용/200g~300g 덩어리/3kg"
"축산물","돈육","돈육(등심)","1125277","돈육(등심)","","2024","돈육/냉장/등심/돈까스용/개당40g내외/3kg"
"축산물","돈육","돈육(전지)","1125278","돈육(전지)","","2024년","돈육/냉장/앞다리/찌개용/0.3*2*3(cm)/5kg"
"가공식품","농산물가공식품","유채나물","1125279","유채나물/하늘농가","하늘농가","2024년","유채나물(생것)/0.3kg"
"축산물","돈육","돈육(전지)","1125280","돈육(전지)","","2024년","돈육/냉장/무항생제/앞다리/다짐육/0.5 다짐육(cm)/3kg"
"축산물","돈육","돈육(등심)","1125281","돈육(등심)","","2024","돈육/냉장/무항생제/등심/잡채용/0.3*0.3*5(cm)/5kg"
"축산물","돈육","돈육(등심)","1125282","돈육(등심)","","2024","돈육/냉장/등심/잡채용/0.3*0.3*5(cm)/5kg"
"축산물","돈육","돈육(전지)","1125283","돈육(전지)","","2024년","돈육/냉장/앞다리/다짐육/3kg"
"축산물","돈육","돈육(전지)","1125284","돈육(전지)","","2024년","돈육/냉장/앞다리/다짐육/5kg"
"농산물","과일류","감귤","1125285","감귤","","당해년도","노지 감귤,L(115g)/1kg"
"축산물","돈육","돈육(후지)","1125286","돈육(후지)","","2024년","돈육/냉장/무항생제/뒷다리/찌개용/0.3*2*3(cm)/5kg"
"농산물","과일과채류","방울토마토","1125287","주황(노랑)방울토마토(대추,샐러드용)","","당해년도","주황(노랑)방울토마토(대추,샐러드용)/0.5kg"
"축산물","돈육","돈육(등심)","1125288","돈육(등심)","","2024","돈육/냉장/등심/다짐육/5kg"
"축산물","돈육","돈육(등심)","1125289","돈육(등심)","","2024","돈육/냉장/무항생제/등심/돈까스용/개당40g내외/3kg"
"축산물","돈육","돈육(등심)","1125290","돈육(등심)","","2024","돈육/냉장/무항생제/등심/돈까스용/개당40g내외/5kg"
"축산물","돈육","돈육(전지)","1125291","돈육(전지)","","2024년","돈육/냉장/무항생제/앞다리/수육용/200g~300g 덩어리/5kg"
"축산물","돈육","돈육(등심)","1125292","돈육(등심)","","2024","돈육/냉장/등심/돈까스용/개당40g내외/5kg"
"축산물","돈육","돈육(전지)","1125293","돈육(전지)","","2024년","돈육/냉장/무항생제/앞다리/찌개용/0.3*2*3(cm)/3kg"
"축산물","돈육","돈육(전지)","1125294","돈육(전지)","","2024년","돈육/냉장/무항생제/앞다리/찌개용/0.3*2*3(cm)/5kg"
"가공식품","농산물가공식품","연근가공품","1125295","연근/하늘농가","하늘농가","2024년","연근슬라이스(0.8cm)/무농약/0.3kg"
"축산물","돈육","돈육(등심)","1125296","돈육(등심)","","2024","돈육/냉장/무항생제/등심/탕수육용/1*1*4(cm)/3kg"
"가공식품","농산물가공식품","연근가공품","1125297","연근/하늘농가","하늘농가","2024년","연근채(칩/0.2cm)/0.3kg"
"축산물","돈육","돈육(등심)","1125298","돈육(등심)","","2024","돈육/냉장/무항생제/등심/탕수육용/1*1*4(cm)/5kg"
"가공식품","농산물가공식품","연근가공품","1125299","연근/하늘농가","하늘농가","2024년","연근채(칩0.2cm)/무농약/0.3kg"
"축산물","돈육","돈육(전지)","1125300","돈육(전지)","","2024년","돈육/냉장/앞다리/찌개용/0.3*2*3(cm)/3kg"
"축산물","돈육","돈육(등심)","1125301","돈육(등심)","","2024","돈육/냉장/등심/탕수육용/1*1*4(cm)/3kg"
"축산물","돈육","돈육(등심)","1125302","돈육(등심)","","2024","돈육/냉장/등심/탕수육용/1*1*4(cm)/5kg"
"축산물","돈육","돈육(전지)","1125303","돈육(전지)","","2024년","돈육/냉장/무항생제/앞다리/불고기용/0.3*3*4(cm)/3kg"
"축산물","돈육","돈육(전지)","1125304","돈육(전지)","","2024년","돈육/냉장/무항생제/앞다리/불고기용/0.3*3*4(cm)/5kg"
"축산물","돈육","돈육(전지)","1125305","돈육(전지)","","2024년","돈육/냉장/앞다리/불고기용/0.2*4*5(cm)/3kg"
"축산물","돈육","돈육(전지)","1125306","돈육(전지)","","2024년","돈육/냉장/앞다리/불고기용/0.2*4*5(cm)/5kg"
"축산물","돈육","돈육(전지)","1125307","돈육(전지)","","2024년","돈육/냉장/무항생제/앞다리/다짐육/0.5 다짐육(cm)/5kg"
"축산물","돈육","돈육(등심)","1125308","돈육(등심)","","2024","돈육/냉장/무항생제/등심/잡채용/0.3*0.3*5(cm)/3kg"
"축산물","돈육","돈육(등심)","1125309","돈육(등심)","","2024","돈육/냉장/등심/잡채용/0.3*0.3*5(cm)/3kg"
"축산물","돈육","돈육(등심)","1125310","돈육(등심)","","2024","돈육/냉장/무항생제/등심/다짐육/3kg"
"농산물","과일류","감귤","1125311","감귤","","당해년도","노지 감귤,124-135g/과/1kg"
"축산물","돈육","돈육(등심)","1125312","돈육(등심)","","2024","돈육/냉장/무항생제/등심/다짐육/5kg"
"농산물","과일류","감귤","1125313","감귤","","당해년도","비가림 감귤,107-123g/과(87과내외/10kg)/1kg"
"축산물","돈육","돈육(후지)","1125314","돈육(후지)","","2024년","돈육/냉장/무항생제/뒷다리/찌개용/0.3*2*3(cm)/3kg"
"축산물","돈육","돈육(등심)","1125315","돈육(등심)","","2024","돈육/냉장/등심/다짐육/3kg"
"축산물","돈육","돈육(후지)","1125316","돈육(후지)","","2024년","돈육/냉장/뒷다리/찌개용/0.3*2*3(cm)/3kg"
"농산물","과일류","오렌지","1125317","천혜향","","당해년도","천혜향,180g/과/1kg"
"축산물","돈육","돈육(후지)","1125318","돈육(후지)","","2024년","돈육/냉장/뒷다리/찌개용/0.3*2*3(cm)/5kg"
"축산물","돈육","돈육(후지)","1125319","돈육(후지)","","2024년","돈육/냉장/무항생제/뒷다리/불고기용/0.2*3*4(cm)/5kg"
"가공식품","농산물가공식품","도토리묵","1125320","도토리묵/한둘","","당해년도","한둘 국산 도토리묵(슬라이스)-161조각/2kg"
"축산물","돈육","돈육(후지)","1125321","돈육(후지)","","2024년","돈육/냉장/뒷다리/불고기용/0.2*3*4(cm)/3kg"
"축산물","돈육","돈육(후지)","1125322","돈육(후지)","","2024년","돈육/냉장/뒷다리/불고기용/0.2*3*4(cm)/5kg"
"축산물","돈육","돈육(후지)","1125323","돈육(후지)","","2024년","돈육/냉장/무항생제/뒷다리/다짐육/3kg"
"축산물","돈육","돈육(목심)","1125324","돈육(목심)","","2024","돈육/냉장/무항생제/목살/스테이크용/0.7cm슬라이스/5kg"
"축산물","돈육","돈육(후지)","1125325","돈육(후지)","","2024년","돈육/냉장/뒷다리/다짐육/5kg"
"축산물","돈육","돈육(목심)","1125326","돈육(목심)","","2024","돈육/냉장/목살/스테이크용/0.7cm슬라이스/5kg"
"가공식품","농산물가공식품","두부","1125327","두부/한둘","","당해년도","한둘 국산콩 두부(찌개용)/3kg"
"축산물","돈육","돈육(목심)","1125328","돈육(목심)","","2024","돈육/냉장/무항생제/목살/수육용/200~300g 덩어리/3kg"
"축산물","돈육","돈육(후지)","1125329","돈육(후지)","","2024년","돈육/냉장/무항생제/뒷다리/불고기용/0.2*3*4(cm)/3kg"
"축산물","돈육","돈육(목심)","1125330","돈육(목심)","","2024","돈육/냉장/무항생제/목살/구이용/0.7cm슬라이스/3kg"
"축산물","돈육","돈육(목심)","1125331","돈육(목심)","","2024","돈육/냉장/무항생제/목살/구이용/0.7cm슬라이스/5kg"
"축산물","돈육","돈육(목심)","1125332","돈육(목심)","","2024","돈육/냉장/목살/구이용/0.7*4*5(cm)/3kg"
"축산물","돈육","돈육(목심)","1125333","돈육(목심)","","2024","돈육/냉장/목살/구이용/0.7*4*5(cm)/5kg"
"축산물","돈육","돈육(후지)","1125334","돈육(후지)","","2024년","돈육/냉장/무항생제/뒷다리/다짐육/5kg"
"가공식품","농산물가공식품","도토리묵","1125335","도토리묵/한둘","","당해년도","한둘 국산 도토리묵/2kg"
"축산물","돈육","돈육(목심)","1125336","돈육(목심)","","2024","돈육/냉장/무항생제/목살/스테이크용/0.7cm슬라이스/3kg"
"가공식품","농산물가공식품","녹두묵","1125337","녹두묵/한둘","","당해년도","한둘 국산 청포(녹두)묵(슬라이스)-161조각/2kg"
"가공식품","농산물가공식품","녹두묵","1125338","녹두묵/한둘","","당해년도","한둘 국산 청포(녹두)묵/2kg"
"축산물","돈육","돈육(후지)","1125339","돈육(후지)","","2024년","돈육/냉장/뒷다리/다짐육/3kg"
"축산물","돈육","돈육(목심)","1125340","돈육(목심)","","2024","돈육/냉장/목살/스테이크용/0.7cm슬라이스/3kg"
"가공식품","농산물가공식품","두부","1125341","두부/한둘","","당해년도","한둘 국산콩 두부(부침용)/3kg"
"축산물","돈육","돈육(목심)","1125342","돈육(목심)","","2024","돈육/냉장/무항생제/목살/수육용/200~300g 덩어리/5kg"
"축산물","돈육","돈육(목심)","1125343","돈육(목심)","","2024","돈육/냉장/목살/수육용/200~300g 덩어리/3kg"
"축산물","돈육","돈육(목심)","1125344","돈육(목심)","","2024","돈육/냉장/목살/수육용/200~300g 덩어리/5kg"
"축산물","돈육","돈육(목심)","1125345","돈육(목심)","","2024","돈육/냉장/무항생제/목살/불고기용/0.3*3*4(cm)/5kg"
"수산물","건어물","미역","1125346","건미역","","별도표기","건미역(기장)/500g"
"수산물","건어물","미역","1125347","건미역","","별도표기","건실미역/300g"
"수산물","건어물","미역","1125348","건미역","","별도표기","건실미역/500g"
"가공식품","농산물가공식품","순두부","1125349","순두부/한둘","","당해년도","한둘 국산콩 손 순두부/3kg"
"가공식품","농산물가공식품","순두부","1125350","순두부/한둘","","당해년도","한둘 국산콩 순두부/1kg"
"수산물","건어물","건다시마","1125351","건다시마","","별도표기","건다시마, 국물용/500g"
"수산물","건어물","건다시마","1125352","건다시마(기장)","","별도표기","건다시마 국물용, 기장/300g"
"수산물","건어물","건다시마","1125353","건다시마(기장)","","별도표기","건다시마 국물용, 기장/500g"
"축산물","돈육","돈육(목심)","1125354","돈육(목심)","","2024","돈육/냉장/무항생제/목살/불고기용/0.3*3*4(cm)/3kg"
"수산물","건어물","건다시마","1125355","건다시마(다시마절단)","","별도표기","건다시마, 절단/300g"
"수산물","건어물","건다시마","1125356","건다시마(다시마절단)","","별도표기","건다시마, 절단/500g"
"수산물","건어물","미역","1125357","건미역","","별도표기","건미역(기장)/300g/"
"수산물","건어물","미역","1125358","건미역(절단)","","별도표기","건미역(절단)/500g"
"수산물","건어물","건파래","1125359","건파래찢은것","","별도표기","건파래(파쇄)/500g"
"축산물","한우","한우(등심)","1125361","한우(등심)","","2024년","한우/냉장/1등급/등심/구이,스테이크용/0.7cm 구이용 슬라이스/5kg"
"축산물","한우","한우(등심)","1125362","한우(등심)","","2024년","한우/냉장/무항생제/등심/구이,스테이크용/0.7cm 구이용 슬라이스/5kg"
"수산물","어류","고등어","1125363","고등어살(99%가시제거)","","별도표기","고등어순살(뼈제거 99%),토막당 40g내외/500g"
"축산물","한우","한우(등심)","1125364","한우(등심)","","2024년","한우/냉장/2등급/등심/구이,스테이크용/0.7cm 구이용 슬라이스/3kg"
"축산물","한우","한우(등심)","1125365","한우(등심)","","2024년","한우/냉장/2등급/등심/구이,스테이크용/0.7cm 구이용 슬라이스/5kg"
"수산물","어류","고등어","1125366","고등어살(99%가시제거)","","별도표기","고등어순살(뼈제거 99%),토막당 40g내외/수입산/1kg"
"수산물","어류","고등어","1125367","고등어살(99%가시제거)","","별도표기","고등어순살(뼈제거 99%),토막당 40g내외/수입산/500g"
"수산물","연체류","낙지","1125368","낙지채","","별도표기","낙지 냉동(손질) 기본채/500g"
"수산물","건어물","건새우","1125369","건새우(건홍새우)","","별도표기","건홍새우/500g"
"축산물","한우","한우(등심)","1125370","한우(등심)","","2024년","한우/냉장/1등급/등심/구이,스테이크용/0.7cm 구이용 슬라이스/3kg"
"축산물","한우","한우(등심)","1125371","한우(등심)","","2024년","한우/냉장/무항생제/등심/구이,스테이크용/0.7cm 구이용 슬라이스/3kg"
"수산물","건어물","건홍합","1125372","건홍합살","","별도표기","건홍합살 자건품/300g"
"수산물","건어물","건새우","1125373","건새우(두절건새우)","","별도표기","꽃새우(독새우) 자건품 두절새우, 3cm내외/300g"
"수산물","연체류","낙지","1125374","낙지채","","별도표기","낙지 냉동(손질) 기본채/수입산/500g"
"축산물","한우","한우(등심)","1125375","한우(등심)","","2024년","한우/냉장/1등급/등심/불고기/0.3*3*4(cm)/0.3kg"
"수산물","연체류","낙지","1125376","낙지채","","별도표기","낙지 냉동(손질) 기본채/수입산/1kg"
"축산물","돈육","돈육(목심)","1125377","돈육(목심)","","2024","돈육/냉장/목살/불고기용/0.3*3*4(cm)/3kg"
"축산물","한우","한우(등심)","1125378","한우(등심)","","2024년","한우/냉장/1등급/등심/불고기/0.3*3*4(cm)/1kg"
"축산물","한우","한우(등심)","1125379","한우(등심)","","2024년","한우/냉장/1등급/등심/불고기/0.3*3*4(cm)/3kg"
"축산물","한우","한우(등심)","1125380","한우(등심)","","2024년","한우/냉장/1등급/등심/불고기/0.3*3*4(cm)/5kg"
"축산물","한우","한우(등심)","1125381","한우(등심)","","2024년","한우/냉장/무항생제/등심/불고기/0.3*3*4(cm)/0.3kg"
"축산물","한우","한우(등심)","1125382","한우(등심)","","2024년","한우/냉장/무항생제/등심/불고기/0.3*3*4(cm)/0.5kg"
"축산물","한우","한우(등심)","1125383","한우(등심)","","2024년","한우/냉장/무항생제/등심/불고기/0.3*3*4(cm)/1kg"
"축산물","한우","한우(등심)","1125384","한우(등심)","","2024년","한우/냉장/무항생제/등심/불고기/0.3*3*4(cm)/5kg"
"축산물","돈육","돈육(사태)","1125385","돈육(사태)","","2024","돈육/냉장/사태/수육,찜용/200g~300g 덩어리/3kg"
"축산물","돈육","돈육(사태)","1125386","돈육(사태)","","2024","돈육/냉장/사태/수육,찜용/200g~300g 덩어리/5kg"
"축산물","한우","한우(등심)","1125387","한우(등심)","","2024년","한우/냉장/2등급/등심/불고기/0.3*3*4(cm)/0.3kg"
"축산물","한우","한우(등심)","1125388","한우(등심)","","2024년","한우/냉장/2등급/등심/불고기/0.3*3*4(cm)/0.5kg"
"축산물","한우","한우(등심)","1125389","한우(등심)","","2024년","한우/냉장/1등급/등심/불고기/0.3*3*4(cm)/0.5kg"
"축산물","돈육","돈육(목심)","1125390","돈육(목심)","","2024","돈육/냉장/목살/불고기용/0.3*3*4(cm)/5kg"
"축산물","돈육","돈육(사태)","1125391","돈육(사태)","","2024","돈육/냉장/무항생제/사태/수육,찜용/200g~300g 덩어리/0.5kg"
"축산물","돈육","돈육(사태)","1125392","돈육(사태)","","2024","돈육/냉장/무항생제/사태/수육,찜용/200g~300g 덩어리/1kg"
"축산물","돈육","돈육(사태)","1125393","돈육(사태)","","2024","돈육/냉장/무항생제/사태/수육,찜용/200g~300g 덩어리/3kg"
"축산물","돈육","돈육(사태)","1125394","돈육(사태)","","2024","돈육/냉장/무항생제/사태/수육,찜용/200g~300g 덩어리/5kg"
"축산물","한우","한우(등심)","1125395","한우(등심)","","2024년","한우/냉장/무항생제/등심/불고기/0.3*3*4(cm)/3kg"
"축산물","한우","한우(등심)","1125396","한우(등심)","","2024년","한우/냉장/2등급/등심/불고기/0.3*3*4(cm)/1kg"
"축산물","한우","한우(목심)","1125397","한우(목심)","","2024년","한우/냉장/1등급/목심/샤브용/0.2*4*5 (cm)/3kg"
"농산물","과일과채류","수박","1125398","수박","","","수박(6kg/과)/6kg"
"농산물","과일과채류","수박","1125399","수박","","","수박(7kg/과)/7kg"
"농산물","과일과채류","수박","1125400","수박","","","수박(9kg/과)/9kg"
"농산물","과일과채류","수박","1125401","수박","","","수박(10kg/과)/10kg"
"축산물","한우","한우(목심)","1125402","한우(목심)","","2024년","한우/냉장/무항생제/목심/샤브용/0.2*4*5 (cm)/5kg"
"농산물","과일과채류","참외","1125403","참외","","당해연도","참외(35내/10kg)31~34과/1kg"
"농산물","과일과채류","참외","1125404","참외","","당해연도","참외(40내/10kg)35~40과/1kg"
"축산물","돈육","돈육(사태)","1125405","돈육(사태)","","2024","돈육/냉장/사태/장조림용/2*2*2(cm)/5kg"
"축산물","한우","한우(목심)","1125406","한우(목심)","","2024년","한우/냉장/2등급/목심/샤브용/0.2*4*5 (cm)/5kg"
"축산물","돈육","돈육(삼겹)","1125407","돈육(삼겹)","수덕푸드","2024","돈육/냉장/무항생제/삼겹/구이용/절단 0.7*4*5(cm)/3kg"
"축산물","돈육","돈육(삼겹)","1125408","돈육(삼겹)","수덕푸드","2024","돈육/냉장/삼겹/구이용/절단 0.7*4*5(cm)/3kg"
"축산물","한우","한우(등심)","1125409","한우(등심)","","2024년","한우/냉장/2등급/등심/불고기/0.3*3*4(cm)/3kg"
"축산물","한우","한우(등심)","1125410","한우(등심)","","2024년","한우/냉장/2등급/등심/불고기/0.3*3*4(cm)/5kg"
"농산물","과일과채류","수박","1125411","수박","","","수박(5kg/과)/5kg"
"축산물","한우","한우(목심)","1125412","한우(목심)","","2024년","한우/냉장/1등급/목심/샤브용/0.2*4*5 (cm)/5kg"
"농산물","과일과채류","수박","1125413","수박","","","수박(8kg/과)/8kg"
"축산물","돈육","돈육(사태)","1125414","돈육(사태)","","2024","돈육/냉장/무항생제/사태/장조림용/2*2*2(cm)/3kg"
"축산물","돈육","돈육(사태)","1125415","돈육(사태)","","2024","돈육/냉장/무항생제/사태/장조림용/2*2*2(cm)/5kg"
"축산물","한우","한우(목심)","1125416","한우(목심)","","2024년","한우/냉장/무항생제/목심/샤브용/0.2*4*5 (cm)/3kg"
"농산물","과일과채류","참외","1125417","참외","","당해연도","참외(30내/10kg)/1kg"
"농산물","과일과채류","참외","1125418","참외","","당해연도","참외(50내/10kg)41~49과/1kg"
"농산물","과일과채류","참외","1125419","참외","","당해연도","참외(60내/10kg)51~59과/1kg"
"축산물","돈육","돈육(사태)","1125420","돈육(사태)","","2024","돈육/냉장/사태/장조림용/2*2*2(cm)/3kg"
"축산물","한우","한우(목심)","1125421","한우(목심)","","2024년","한우/냉장/2등급/목심/샤브용/0.2*4*5 (cm)/3kg"
"수산물","어류","날치","1125422","날치알","","별도표기","날치알(냉동) 골드 800g/PAC 빙어알 혼합/수입산/800g"
"수산물","어류","날치","1125423","날치알","","별도표기","날치알(냉동) 골드 500g/PAC 빙어알 혼합/수입산/500g"
"수산물","어류","날치","1125424","날치알","","별도표기","날치알(냉동) 레드 500g/PAC 빙어알 혼합/수입산/500g"
"수산물","어류","날치","1125425","날치알","","별도표기","날치알(냉동) 레드 800g/PAC 빙어알 혼합/수입산/800g"
"수산물","어류","날치","1125426","날치알","","별도표기","날치알(냉동) 레드 900g/PAC 빙어알 혼합/수입산/900g"
"농산물","과일과채류","토마토","1125427","토마토(대저)","","당해연도","토마토(대저, 101~120g)/1kg"
"농산물","과일과채류","토마토","1125428","토마토(대저)","","당해연도","토마토(대저, 80~100g)/1kg"
"축산물","돈육","돈육(삼겹)","1125429","돈육(삼겹)","수덕푸드","2024","돈육/냉장/무항생제/삼겹/구이용/절단 0.7*4*5(cm)/5kg"
"농산물","과일류","복숭아","1125430","복숭아","","당해년도","복숭아/천도,60내,10kg/1kg"
"농산물","과일류","블루베리","1125431","블루베리","","","블루베리/0.3kg"
"축산물","돈육","돈육(삼겹)","1125432","돈육(삼겹)","수덕푸드","2024","돈육/냉장/삼겹/구이용/절단 0.7*4*5(cm)/5kg"
"축산물","돈육","돈육(삼겹)","1125433","돈육(삼겹)","수덕푸드","2024","돈육/냉장/무항생제/삼겹살/구이용/0.7cm슬라이스/3kg"
"축산물","돈육","돈육(삼겹)","1125434","돈육(삼겹)","수덕푸드","2024","돈육/냉장/무항생제/삼겹살/구이용/0.7cm슬라이스/5kg"
"농산물","과일류","연시","1125435","연시","","2024년","연시(70내),140g내외/과/1kg"
"농산물","과일류","연시","1125436","연시","","2024년","연시(80내),125g내외/과/1kg"
"축산물","돈육","돈육(삼겹)","1125437","돈육(삼겹)","수덕푸드","2024","돈육/냉장/삼겹/구이용/0.7cm 길게 슬라이스/3kg"
"농산물","과일류","오렌지","1125438","황금향","","2024년","황금향, 200-250g/과/1kg"
"축산물","돈육","돈육(삼겹)","1125439","돈육(삼겹)","수덕푸드","2024","돈육/냉장/무항생제/삼겹/수육용/200g~300g 덩어리/3kg"
"축산물","돈육","돈육(삼겹)","1125440","돈육(삼겹)","수덕푸드","2024","돈육/냉장/무항생제/삼겹/수육용/200g~300g 덩어리/5kg"
"농산물","과일류","자두","1125441","자두(후무사)","","당해년도","후무사,120g/과/1kg"
"축산물","돈육","돈육(삼겹)","1125442","돈육(삼겹)","수덕푸드","2024","돈육/냉장/무항생제/삼겹/불고기용/0.3*3*4(cm)/0.3kg"
"축산물","돈육","돈육(갈비)","1125443","돈육(갈비)","","2024","돈육/냉동/갈비/찜,탕용/2*3(cm)/5kg"
"축산물","한우","한우(사태)","1125444","한우(사태)","","2024년","한우/냉장/1등급/사태/장조림/2*2*2(cm)/3kg"
"축산물","한우","한우(사태)","1125445","한우(사태)","","2024년","한우/냉장/1등급/사태/장조림/2*2*2(cm)/5kg"
"축산물","돈육","돈육(삼겹)","1125446","돈육(삼겹)","수덕푸드","2024","돈육/냉장/무항생제/삼겹/불고기용/0.3*3*4(cm)/3kg"
"농산물","과일류","포도(국내산)","1125447","포도(머루포도)","","2024년","머루포도/1kg"
"농산물","과일류","포도(국내산)","1125448","청포도(로자리오비앙코)","","","청포도(로자리오비앙코)/1kg"
"축산물","한우","한우(목심)","1125449","한우(목심)","","2024년","한우/냉장/1등급/목심/불고기/0.2*3*4 (cm)/3kg"
"축산물","한우","한우(목심)","1125450","한우(목심)","","2024년","한우/냉장/1등급/목심/불고기/0.2*3*4 (cm)/5kg"
"축산물","한우","한우(목심)","1125451","한우(목심)","","2024년","한우/냉장/무항생제/목심/불고기/0.2*3*4 (cm)/3kg"
"축산물","한우","한우(목심)","1125452","한우(목심)","","2024년","한우/냉장/무항생제/목심/불고기/0.2*3*4 (cm)/5kg"
"농산물","과일류","오렌지","1125453","한라봉","","당해년도","한라봉,200g/과/1kg"
"축산물","돈육","돈육(삼겹)","1125454","돈육(삼겹)","수덕푸드","2024","돈육/냉장/삼겹/구이용/0.7cm 길게 슬라이스/5kg"
"농산물","과일류","오렌지","1125455","황금향","","2024년","황금향, 170-199g/과/1kg"
"축산물","한우","한우(목심)","1125456","한우(목심)","","2024년","한우/냉장/2등급/목심/불고기/0.2*3*4 (cm)/3kg"
"축산물","한우","한우(목심)","1125457","한우(목심)","","2024년","한우/냉장/2등급/목심/불고기/0.2*3*4 (cm)/5kg"
"농산물","과일류","자두","1125458","자두","","","자두, 105과 내외/10kg(90~100g/과)/1kg"
"농산물","과일류","자두","1125459","자두","","","자두, 115과 내외/10kg(80~90g/과)/1kg"
"농산물","과일류","자두","1125460","자두","","","자두, 125과 내외/10kg(70~80g/과)/1kg"
"농산물","과일류","자두","1125461","자두","","당해년도","자두, 60~70g/과/1kg"
"축산물","돈육","돈육(삼겹)","1125462","돈육(삼겹)","수덕푸드","2024","돈육/냉장/삼겹/수육용/200g~300g 덩어리/3kg"
"축산물","돈육","돈육(갈비)","1125463","돈육(갈비)","","2024","돈육/냉동/무항생제/갈비/찜,구이용/2.5*3(cm)/5kg"
"축산물","돈육","돈육(삼겹)","1125464","돈육(삼겹)","수덕푸드","2024","돈육/냉장/삼겹/수육용/200g~300g 덩어리/5kg"
"농산물","과일류","포도(국내산)","1125465","포도(거봉)","","당해년도","거봉/2kg"
"축산물","돈육","돈육(삼겹)","1125466","돈육(삼겹)","수덕푸드","2024","돈육/냉장/무항생제/삼겹/불고기용/0.3*3*4(cm)/0.5kg"
"축산물","돈육","돈육(삼겹)","1125467","돈육(삼겹)","수덕푸드","2024","돈육/냉장/무항생제/삼겹/불고기용/0.3*3*4(cm)/1kg"
"축산물","돈육","돈육(삼겹)","1125468","돈육(삼겹)","수덕푸드","2024","돈육/냉장/무항생제/삼겹/불고기용/0.3*3*4(cm)/5kg"
"축산물","한우","한우(사태)","1125469","한우(사태)","","2024년","한우/냉장/무항생제/사태/장조림/2*2*2(cm)/3kg"
"축산물","한우","한우(사태)","1125470","한우(사태)","","2024년","한우/냉장/무항생제/사태/장조림/2*2*2(cm)/5kg"
"축산물","돈육","돈육(등갈비)","1125471","돈육(등갈비)","","2024","돈육/냉장/무항생제/등갈비/1대씩 절단/3kg"
"축산물","돈육","돈육(삼겹)","1125472","돈육(삼겹)","수덕푸드","2024","돈육/냉장/삼겹/불고기용/0.3*3*4(cm)/0.3kg"
"농산물","과일류","포도(국내산)","1125473","청포도(샤인머스켓)","","","청포도(샤인머스켓)/2kg"
"농산물","과일류","포도(국내산)","1125474","포도(켐벨포도)","","당해년도","켐벨포도/3kg"
"축산물","돈육","돈육(삼겹)","1125475","돈육(삼겹)","수덕푸드","2024","돈육/냉장/삼겹/불고기용/0.3*3*4(cm)/1kg"
"축산물","돈육","돈육(삼겹)","1125476","돈육(삼겹)","수덕푸드","2024","돈육/냉장/삼겹/불고기용/0.3*3*4(cm)/3kg"
"축산물","돈육","돈육(삼겹)","1125477","돈육(삼겹)","수덕푸드","2024","돈육/냉장/삼겹/불고기용/0.3*3*4(cm)/5kg"
"축산물","한우","한우(사태)","1125478","한우(사태)","","2024년","한우/냉장/2등급/사태/장조림/2*2*2(cm)/5kg"
"축산물","돈육","돈육(등갈비)","1125479","돈육(등갈비)","","2024","돈육/냉장/등갈비/1대씩 절단/5kg"
"축산물","한우","한우(사태)","1125480","한우(사태)","","2024년","한우/냉장/1등급/사태/수육용/200g~300g 덩어리/3kg"
"축산물","한우","한우(사태)","1125481","한우(사태)","","2024년","한우/냉장/1등급/사태/수육용/200g~300g 덩어리/5kg"
"농산물","과일류","사과","1125482","사과(아오리)","","당해년도","아오리 10Kg 30~33과(300g이상)/1kg"
"축산물","돈육","돈육(등갈비)","1125483","돈육(등갈비)","","2024","돈육/냉장/무항생제/등갈비/찜,구이용/ 1/2 절단/1kg"
"농산물","과일류","사과","1125484","사과(아오리)","","당해년도","아오리 10Kg 34~40과(250g이상)/1kg"
"축산물","돈육","돈육(등갈비)","1125485","돈육(등갈비)","","2024","돈육/냉장/무항생제/등갈비/찜,구이용/ 1/2 절단/3kg"
"축산물","돈육","돈육(전지)","1125486","돈육(전지)","","2024","돈육/냉장/무항생제/앞다리/수육용/200g~300g 덩어리/3kg"
"농산물","과일류","사과","1125487","사과(아오리)","","당해년도","아오리 10Kg 48~54과(180g이상)/1kg"
"축산물","돈육","돈육(등갈비)","1125488","돈육(등갈비)","","2024","돈육/냉장/무항생제/등갈비/찜,구이용/ 1/2 절단/5kg"
"축산물","돈육","돈육(등갈비)","1125489","돈육(등갈비)","","2024","돈육/냉장/무항생제/등갈비/1대씩 절단/5kg"
"축산물","돈육","돈육(삼겹)","1125490","돈육(삼겹)","수덕푸드","2024","돈육/냉장/삼겹/불고기용/0.3*3*4(cm)/0.5kg"
"농산물","과일과채류","메론","1125491","메론","","당해년도","메론/머스크 (5수/8kg)/1.6kg"
"축산물","한우","한우(사태)","1125492","한우(사태)","","2024년","한우/냉장/2등급/사태/장조림/2*2*2(cm)/3kg"
"농산물","과일과채류","메론","1125493","메론","","당해년도","메론/머스크 (4수/8kg) /2kg"
"축산물","돈육","돈육(등갈비)","1125494","돈육(등갈비)","","2024","돈육/냉장/등갈비/1대씩 절단/3kg"
"축산물","돈육","돈육(등갈비)","1125495","돈육(등갈비)","","2024","돈육/냉장/무항생제/등갈비/찜,구이용/ 1/2 절단/0.3kg"
"축산물","돈육","돈육(등갈비)","1125496","돈육(등갈비)","","2024","돈육/냉장/무항생제/등갈비/찜,구이용/ 1/2 절단/0.5kg"
"농산물","과일류","사과","1125497","사과(아오리)","","당해년도","아오리 10Kg 41~47과(210g이상)/1kg"
"축산물","돈육","돈육(등갈비)","1125498","돈육(등갈비)","","2024","돈육/냉장/등갈비/1대씩 절단(1/2크기)/0.5kg"
"축산물","돈육","돈육(등갈비)","1125499","돈육(등갈비)","","2024","돈육/냉장/등갈비/1대씩 절단(1/2크기)/1kg"
"축산물","돈육","돈육(등갈비)","1125500","돈육(등갈비)","","2024","돈육/냉장/등갈비/1대씩 절단(1/2크기)/3kg"
"축산물","한우","한우(사태)","1125501","한우(사태)","","2024년","한우/냉장/무항생제/사태/수육용/200g~300g 덩어리/3kg"
"축산물","돈육","돈육(전지)","1125502","돈육(전지)","","2024","돈육/냉장/앞다리/수육용/200g~300g 덩어리/3kg"
"축산물","한우","한우(사태)","1125503","한우(사태)","","2024년","한우/냉장/무항생제/사태/수육용/200g~300g 덩어리/5kg"
"축산물","돈육","돈육(전지)","1125504","돈육(전지)","","2024","돈육/냉장/앞다리/수육용/200g~300g 덩어리/5kg"
"축산물","돈육","돈육(등뼈)","1125505","돈육(등뼈)","","2024","돈육/냉동/무항생제/등뼈/찜,탕용/3cm 절단/3kg"
"축산물","한우","한우(사태)","1125506","한우(사태)","","2024년","한우/냉장/2등급/사태/수육용/200g~300g 덩어리/3kg"
"축산물","돈육","돈육(등뼈)","1125507","돈육(등뼈)","","2024","돈육/냉동/등뼈/찜용,탕용/30g내외/3kg"
"축산물","한우","한우(사태)","1125508","한우(사태)","","2024년","한우/냉장/2등급/사태/수육용/200g~300g 덩어리/5kg"
"축산물","돈육","돈육(전지)","1125509","돈육(전지)","","2024","돈육/냉장/무항생제/앞다리/수육용/200g~300g 덩어리/5kg"
"축산물","돈육","돈육(등갈비)","1125510","돈육(등갈비)","","2024","돈육/냉장/등갈비/1대씩 절단(1/2크기)/0.3kg"
"축산물","돈육","돈육(등갈비)","1125511","돈육(등갈비)","","2024","돈육/냉장/등갈비/1대씩 절단(1/2크기)/5kg"
"축산물","돈육","돈육(등뼈)","1125512","돈육(등뼈)","","2024","돈육/냉동/무항생제/등뼈/찜,탕용/3cm 절단/5kg"
"축산물","돈육","돈육(전지)","1125513","돈육(전지)","","2024","돈육/냉장/무항생제/앞다리/찌개용/0.3*2*3(cm)/3kg"
"축산물","돈육","돈육(등뼈)","1125514","돈육(등뼈)","","2024","돈육/냉동/등뼈/찜용,탕용/30g내외/5kg"
"축산물","돈육","돈육(전지)","1125515","돈육(전지)","","2024","돈육/냉장/무항생제/앞다리/찌개용/0.3*2*3(cm)/5kg"
"축산물","한우","한우(설도)","1125516","한우(설도)","","2024년","한우/냉장/1등급/설도/짜장,카레용/1*1*1 (cm)/5kg"
"축산물","돈육","돈육(전지)","1125517","돈육(전지)","","2024","돈육/냉장/앞다리/찌개용/0.3*2*3(cm)/3kg"
"농산물","과일류","감귤","1125518","감귤","","당해년도","하우스감귤(100g,30내/3kg)/1kg"
"농산물","과일류","감귤","1125519","감귤","","당해년도","하우스감귤(70g,43내/3kg)/1kg"
"농산물","과일류","감귤","1125520","감귤","","당해년도","하우스감귤(90g,33내/3kg)/1kg"
"축산물","돈육","돈육(등심)","1125521","돈육(등심)","","2024","돈육/냉장/등심/장조림용/2*2*2(cm)/3kg"
"축산물","돈육","돈육(등심)","1125522","돈육(등심)","","2024","돈육/냉장/무항생제/등심/돈까스용/개당40g내외/3kg"
"축산물","돈육","돈육(등심)","1125523","돈육(등심)","","2024","돈육/냉장/무항생제/등심/돈까스용/개당40g내외/5kg"
"축산물","돈육","돈육(전지)","1125524","돈육(전지)","","2024","돈육/냉장/무항생제/앞다리/불고기용/0.3*3*4(cm)/5kg"
"축산물","돈육","돈육(등심)","1125525","돈육(등심)","","2024","돈육/냉장/무항생제/등심/장조림용/2*2*2(cm)/5kg"
"축산물","돈육","돈육(전지)","1125526","돈육(전지)","","2024","돈육/냉장/앞다리/불고기용/0.2*4*5(cm)/3kg"
"축산물","돈육","돈육(전지)","1125527","돈육(전지)","","2024","돈육/냉장/앞다리/불고기용/0.2*4*5(cm)/5kg"
"축산물","돈육","돈육(전지)","1125528","돈육(전지)","","2024","돈육/냉장/무항생제/앞다리/다짐육/0.5 다짐육(cm)/5kg"
"축산물","한우","한우(설도)","1125529","한우(설도)","","2024년","한우/냉장/1등급/설도/짜장,카레용/1*1*1 (cm)/3kg"
"농산물","과일류","오렌지","1125530","천혜향","","당해년도","천혜향,180g/과/1kg"
"축산물","돈육","돈육(등심)","1125531","돈육(등심)","","2024","돈육/냉장/등심/돈까스용/개당40g내외/3kg"
"축산물","돈육","돈육(전지)","1125532","돈육(전지)","","2024","돈육/냉장/앞다리/찌개용/0.3*2*3(cm)/5kg"
"축산물","돈육","돈육(등심)","1125533","돈육(등심)","","2024","돈육/냉장/등심/돈까스용/개당40g내외/5kg"
"농산물","과일류","감귤","1125534","감귤","","당해년도","하우스감귤(60g,50내/3kg)/1kg"
"농산물","과일류","감귤","1125535","감귤","","당해년도","하우스감귤(80g,37내/3kg)/1kg"
"축산물","돈육","돈육(등심)","1125536","돈육(등심)","","2024","돈육/냉장/등심/장조림용/2*2*2(cm)/5kg"
"농산물","과일과채류","방울토마토","1125537","주황(노랑)방울토마토(대추,샐러드용)","","당해년도","주황(노랑)방울토마토(대추,샐러드용)/0.5kg"
"농산물","과일류","배","1125538","배","","당해년도","배/소스용/30내/1kg"
"축산물","돈육","돈육(전지)","1125539","돈육(전지)","","2024","돈육돈육/냉장/무항생제/앞다리/불고기용/0.2*4*5(cm)/3kg(삭제 필요)"
"축산물","돈육","돈육(등심)","1125540","돈육(등심)","","2024","돈육/냉장/무항생제/등심/장조림용/2*2*2(cm)/3kg"
"축산물","돈육","돈육(전지)","1125541","돈육(전지)","","2024","돈육/냉장/무항생제/앞다리/다짐육/0.5 다짐육(cm)/3kg"
"수산물","어류","명란(알)","1125542","명란","","별도표기","냉동 명란/수입산/500g"
"축산물","돈육","돈육(등심)","1125543","돈육(등심)","","2024","돈육/냉장/무항생제/등심/잡채용/0.3*0.3*5(cm)/0.3kg"
"축산물","돈육","돈육(후지)","1125544","돈육(후지)","","2024","돈육/냉장/무항생제/뒷다리/찌개용/0.3*2*3(cm)/3kg"
"축산물","돈육","돈육(등심)","1125545","돈육(등심)","","2024","돈육/냉장/무항생제/등심/잡채용/0.3*0.3*5(cm)/1kg"
"축산물","돈육","돈육(후지)","1125546","돈육(후지)","","2024","돈육/냉장/무항생제/뒷다리/찌개용/0.3*2*3(cm)/5kg"
"축산물","돈육","돈육(등심)","1125547","돈육(등심)","","2024","돈육/냉장/무항생제/등심/잡채용/0.3*0.3*5(cm)/5kg"
"축산물","돈육","돈육(등심)","1125548","돈육(등심)","","2024","돈육/냉장/무항생제/등심/짜장,카레용/1*1*1(cm)/0.3kg"
"축산물","돈육","돈육(전지)","1125549","돈육(전지)","","2024","돈육/냉장/앞다리/다짐육/3kg"
"축산물","돈육","돈육(전지)","1125550","돈육(전지)","","2024","돈육/냉장/앞다리/다짐육/5kg"
"축산물","돈육","돈육(등심)","1125551","돈육(등심)","","2024","돈육/냉장/무항생제/등심/잡채용/0.3*0.3*5(cm)/3kg"
"수산물","어류","명란(알)","1125552","명태곤이","","별도표기","냉동 명태곤이/수입산/500g"
"축산물","돈육","돈육(후지)","1125553","돈육(후지)","","2024","돈육/냉장/뒷다리/찌개용/0.3*2*3(cm)/3kg"
"축산물","돈육","돈육(후지)","1125554","돈육(후지)","","2024","돈육/냉장/뒷다리/찌개용/0.3*2*3(cm)/5kg"
"축산물","돈육","돈육(등심)","1125555","돈육(등심)","","2024","돈육/냉장/무항생제/등심/짜장,카레용/1*1*1(cm)/0.5kg"
"축산물","돈육","돈육(등심)","1125556","돈육(등심)","","2024","돈육/냉장/무항생제/등심/짜장,카레용/1*1*1(cm)/1kg"
"축산물","돈육","돈육(등심)","1125557","돈육(등심)","","2024","돈육/냉장/무항생제/등심/짜장,카레용/1*1*1(cm)/5kg"
"축산물","돈육","돈육(등심)","1125558","돈육(등심)","","2024","돈육/냉장/등심/짜장,카레용/1*1*1(cm)/0.3kg"
"축산물","돈육","돈육(등심)","1125559","돈육(등심)","","2024","돈육/냉장/등심/짜장,카레용/1*1*1(cm)/1kg"
"축산물","돈육","돈육(등심)","1125560","돈육(등심)","","2024","돈육/냉장/등심/짜장,카레용/1*1*1(cm)/3kg"
"축산물","돈육","돈육(등심)","1125561","돈육(등심)","","2024","돈육/냉장/등심/짜장,카레용/1*1*1(cm)/5kg"
"축산물","돈육","돈육(후지)","1125562","돈육(후지)","","2024","돈육/냉장/뒷다리/불고기용/0.2*3*4(cm)/3kg"
"축산물","돈육","돈육(후지)","1125563","돈육(후지)","","2024","돈육/냉장/뒷다리/불고기용/0.2*3*4(cm)/5kg"
"축산물","돈육","돈육(등심)","1125564","돈육(등심)","","2024","돈육/냉장/등심/탕수육용/1*1*4(cm)/0.3kg"
"축산물","돈육","돈육(후지)","1125565","돈육(후지)","","2024","돈육/냉장/무항생제/뒷다리/다짐육/3kg"
"축산물","돈육","돈육(등심)","1125566","돈육(등심)","","2024","돈육/냉장/등심/탕수육용/1*1*4(cm)/0.5kg"
"축산물","돈육","돈육(등심)","1125567","돈육(등심)","","2024","돈육/냉장/등심/탕수육용/1*1*4(cm)/1kg"
"축산물","돈육","돈육(등심)","1125568","돈육(등심)","","2024","돈육/냉장/등심/탕수육용/1*1*4(cm)/3kg"
"축산물","돈육","돈육(등심)","1125569","돈육(등심)","","2024","돈육/냉장/무항생제/등심/짜장,카레용/1*1*1(cm)/3kg"
"축산물","돈육","돈육(등심)","1125570","돈육(등심)","","2024","돈육/냉장/등심/짜장,카레용/1*1*1(cm)/0.5kg"
"축산물","돈육","돈육(후지)","1125571","돈육(후지)","","2024","돈육/냉장/무항생제/뒷다리/불고기용/0.2*3*4(cm)/3kg"
"축산물","돈육","돈육(후지)","1125572","돈육(후지)","","2024","돈육/냉장/무항생제/뒷다리/불고기용/0.2*3*4(cm)/5kg"
"축산물","돈육","돈육(등심)","1125573","돈육(등심)","","2024","돈육/냉장/무항생제/등심/탕수육용/1*1*4(cm)/0.3kg"
"축산물","돈육","돈육(등심)","1125574","돈육(등심)","","2024","돈육/냉장/무항생제/등심/탕수육용/1*1*4(cm)/0.5kg"
"축산물","돈육","돈육(등심)","1125575","돈육(등심)","","2024","돈육/냉장/무항생제/등심/탕수육용/1*1*4(cm)/1kg"
"축산물","돈육","돈육(등심)","1125576","돈육(등심)","","2024","돈육/냉장/무항생제/등심/탕수육용/1*1*4(cm)/3kg"
"축산물","돈육","돈육(등심)","1125577","돈육(등심)","","2024","돈육/냉장/무항생제/등심/탕수육용/1*1*4(cm)/5kg"
"축산물","돈육","돈육(후지)","1125578","돈육(후지)","","2024","돈육/냉장/무항생제/뒷다리/다짐육/5kg"
"축산물","돈육","돈육(등심)","1125579","돈육(등심)","","2024","돈육/냉장/등심/잡채용/0.3*0.3*5(cm)/0.5kg"
"축산물","돈육","돈육(등심)","1125580","돈육(등심)","","2024","돈육/냉장/등심/잡채용/0.3*0.3*5(cm)/1kg"
"축산물","돈육","돈육(등심)","1125581","돈육(등심)","","2024","돈육/냉장/등심/잡채용/0.3*0.3*5(cm)/3kg"
"축산물","돈육","돈육(등심)","1125582","돈육(등심)","","2024","돈육/냉장/등심/잡채용/0.3*0.3*5(cm)/5kg"
"축산물","돈육","돈육(등심)","1125583","돈육(등심)","","2024","돈육/냉장/등심/다짐육/1kg"
"축산물","돈육","돈육(등갈비)","1125584","돈육(등갈비)","","2024","돈육/냉장/무항생제/등갈비/1대씩 절단/5kg"
"축산물","돈육","돈육(등갈비)","1125585","돈육(등갈비)","수덕푸드","2024","돈육/냉장/무항생제/등갈비/찜,구이용/ 1/2 절단/1kg"
"축산물","돈육","돈육(등갈비)","1125586","돈육(등갈비)","수덕푸드","2024","돈육/냉장/무항생제/등갈비/찜,구이용/ 1/2 절단/3kg"
"축산물","한우","한우(설도)","1125587","한우(설도)","","2024년","한우/냉장/무항생제/설도/짜장,카레용/1*1*1 (cm)/5kg"
"축산물","돈육","돈육(목심)","1125588","돈육(목심)","","2024","돈육/냉장/목살/구이용/0.7*4*5(cm)/3kg"
"축산물","돈육","돈육(등심)","1125589","돈육(등심)","","2024","돈육/냉장/등심/탕수육용/1*1*4(cm)/5kg"
"축산물","돈육","돈육(등심)","1125590","돈육(등심)","","2024","돈육/냉장/등심/잡채용/0.3*0.3*5(cm)/0.3kg"
"축산물","돈육","돈육(후지)","1125591","돈육(후지)","","2024","돈육/냉장/뒷다리/다짐육/3kg"
"축산물","돈육","돈육(후지)","1125592","돈육(후지)","","2024","돈육/냉장/뒷다리/다짐육/5kg"
"축산물","돈육","돈육(등심)","1125593","돈육(등심)","","2024","돈육/냉장/무항생제/등심/다짐육/0.3kg"
"축산물","돈육","돈육(등심)","1125594","돈육(등심)","","2024","돈육/냉장/무항생제/등심/다짐육/0.5kg"
"축산물","돈육","돈육(등심)","1125595","돈육(등심)","","2024","돈육/냉장/무항생제/등심/다짐육/1kg"
"축산물","돈육","돈육(등심)","1125596","돈육(등심)","","2024","돈육/냉장/무항생제/등심/다짐육/3kg"
"축산물","돈육","돈육(등심)","1125597","돈육(등심)","","2024","돈육/냉장/무항생제/등심/다짐육/5kg"
"축산물","돈육","돈육(등심)","1125598","돈육(등심)","","2024","돈육/냉장/등심/다짐육/0.3kg"
"축산물","돈육","돈육(등심)","1125599","돈육(등심)","","2024","돈육/냉장/등심/다짐육/0.5kg"
"축산물","돈육","돈육(등심)","1125600","돈육(등심)","","2024","돈육/냉장/등심/다짐육/3kg"
"축산물","돈육","돈육(등심)","1125601","돈육(등심)","","2024","돈육/냉장/등심/다짐육/5kg"
"축산물","돈육","돈육(등갈비)","1125602","돈육(등갈비)","","2024","돈육/냉장/무항생제/등갈비/1대씩 절단/3kg"
"축산물","돈육","돈육(목심)","1125603","돈육(목심)","","2024","돈육/냉장/무항생제/목살/구이용/0.7cm슬라이스/3kg"
"축산물","돈육","돈육(목심)","1125604","돈육(목심)","","2024","돈육/냉장/무항생제/목살/구이용/0.7cm슬라이스/5kg"
"축산물","한우","한우(설도)","1125605","한우(설도)","","2024년","한우/냉장/무항생제/설도/짜장,카레용/1*1*1 (cm)/3kg"
"축산물","돈육","돈육(등갈비)","1125606","돈육(등갈비)","수덕푸드","2024","돈육/냉장/무항생제/등갈비/찜,구이용/ 1/2 절단/5kg"
"축산물","돈육","돈육(목심)","1125607","돈육(목심)","","2024","돈육/냉장/목살/구이용/0.7*4*5(cm)/5kg"
"축산물","돈육","돈육(등갈비)","1125608","돈육(등갈비)","수덕푸드","2024","돈육/냉장/등갈비/1대씩 절단/0.5kg"
"축산물","한우","한우(설도)","1125609","한우(설도)","","2024년","한우/냉장/2등급/설도/짜장,카레용/1*1*1 (cm)/3kg"
"축산물","돈육","돈육(등갈비)","1125610","돈육(등갈비)","수덕푸드","2024","돈육/냉장/등갈비/1대씩 절단/1kg"
"축산물","한우","한우(설도)","1125611","한우(설도)","","2024년","한우/냉장/2등급/설도/짜장,카레용/1*1*1 (cm)/5kg"
"축산물","돈육","돈육(등갈비)","1125612","돈육(등갈비)","수덕푸드","2024","돈육/냉장/등갈비/1대씩 절단/3kg"
"축산물","돈육","돈육(등갈비)","1125613","돈육(등갈비)","수덕푸드","2024","돈육/냉장/등갈비/1대씩 절단/0.3kg"
"축산물","한우","한우(설도)","1125614","한우(설도)","","2024년","한우/냉장/1등급/설도/다짐육/3kg"
"수산물","어류","달고기","1125615","달고기살","","별도표기","달고기순살(유피)(뼈제거 99%),토막당 20g내외/500g"
"축산물","한우","한우(설도)","1125616","한우(설도)","","2024년","한우/냉장/무항생제/설도/다짐육/5kg"
"수산물","어류","달고기","1125617","달고기살","","별도표기","달고기순살(무피)(뼈제거 99%),토막당 40g내외/1kg"
"수산물","건어물","디포리","1125618","디포리","","별도표기","디포리/500g"
"축산물","한우","한우(설도)","1125619","한우(설도)","","2024년","한우/냉장/2등급/설도/다짐육/3kg"
"축산물","한우","한우(설도)","1125620","한우(설도)","","2024년","한우/냉장/2등급/설도/다짐육/5kg"
"수산물","어류","명태","1125621","동태살(99%가시제거)","","별도표기","명태(동태순살)(뼈제거 99%),토막당 40g내외/수입산/500g"
"수산물","건어물","건오징어","1125622","반건오징어채","","별도표기","반건오징어채(몸통, 다리 포함)/500g"
"수산물","갑각류","새우","1125623","백새우살","","2023/2024","백새우살 , 냉동/500g"
"수산물","건어물","건명태","1125624","북어채/중국가공","","별도표기","북어채 중국가공/수입산/500g"
"수산물","어류","붉은메기","1125625","홍메기살(킹구살)","","별도표기","붉은메기 냉동(킹구포) 절단,토막당 40g내외/500g"
"수산물","어류","삼치","1125626","삼치살(99%가시제거)","","별도표기","삼치순살(뼈제거 99%),토막당 40g내외/500g"
"수산물","어류","아귀","1125627","아귀살","","별도표기","아귀순살(뼈제거 99%),토막당 40g내외/500g"
"수산물","연체류","오징어","1125628","오징어(채)","","별도표기","오징어 선동(껍질유), 기본채, 다리.귀포함/500g"
"축산물","돈육","돈육(목심)","1125629","돈육(목심)","","2024","돈육/냉장/무항생제/목살/수육용/200~300g 덩어리/3kg"
"축산물","돈육","돈육(목심)","1125630","돈육(목심)","","2024","돈육/냉장/무항생제/목살/수육용/200~300g 덩어리/5kg"
"축산물","돈육","돈육(등갈비)","1125631","돈육(등갈비)","수덕푸드","2024","돈육/냉장/등갈비/1대씩 절단/5kg"
"축산물","돈육","돈육(목심)","1125632","돈육(목심)","","2024","돈육/냉장/목살/수육용/200~300g 덩어리/3kg"
"축산물","돈육","돈육(목심)","1125633","돈육(목심)","","2024","돈육/냉장/목살/수육용/200~300g 덩어리/5kg"
"축산물","한우","한우(설도)","1125634","한우(설도)","","2024년","한우/냉장/1등급/설도/다짐육/5kg"
"축산물","한우","한우(설도)","1125635","한우(설도)","","2024년","한우/냉장/무항생제/설도/다짐육/3kg"
"수산물","어류","달고기","1125636","달고기살","","별도표기","달고기순살(무피)(뼈제거 99%),토막당 40g내외/500g"
"수산물","건어물","건명태","1125637","명엽채","","별도표기","명태 맛포 명엽채/수입산/500g"
"수산물","건어물","건오징어","1125638","반건오징어몸통채","","별도표기","반건오징어채(몸통)/500g"
"수산물","갑각류","새우","1125639","백새우살","","2023/2024","백새우살 , 냉동/1kg"
"수산물","건어물","건명태","1125640","북어채/국내가공","","별도표기","북어채(황태채) 국내가공/수입산/500g"
"수산물","어류","방어","1125920","방어살","","2023년","방어순살(뼈제거 99%),토막당 40g내외/1kg"
"수산물","어류","연어살","1125641","연어살","","별도표기","연어살 냉동(손질) 강정용, 커틀릿용,토막당 40g내외/칠레산/500g"
"수산물","건어물","미역","1125642","미역줄기","","별도표기","염장 미역줄기(소금 30%이하)/500g/"
"수산물","연체류","오징어","1125643","오징어(몸채,껍질제거)","","별도표기","오징어 선동(껍질제거), 몸통채/500g"
"수산물","건어물","건오징어","1125644","진미채(백진미,국내산)","","별도표기","조미포 백진미채/500g"
"수산물","건어물","건오징어","1125645","진미채(백진미,페루산)","","별도표기","조미포 백진미채/수입산/500g"
"수산물","건어물","건오징어","1125646","진미채(참진미,국내산)","","별도표기","조미포 참진미채/500g"
"축산물","돈육","돈육(등갈비)","1125647","돈육(등갈비)","수덕푸드","2024","돈육/냉장/등갈비/1대씩 절단(1/2크기)/0.3kg"
"축산물","돈육","돈육(등갈비)","1125648","돈육(등갈비)","","2024","돈육/냉장/등갈비/1대씩 절단(1/2크기)/0.5kg"
"수산물","연체류","오징어","1125649","오징어(몸채)","","별도표기","오징어 선동(껍질유), 몸통채/500g"
"수산물","연체류","오징어","1125650","오징어(채,껍질제거)","","별도표기","오징어 선동(껍질제거), 기본채, 다리.귀포함/500g"
"수산물","건어물","건오징어","1125651","진미채(참진미,페루산)","","별도표기","조미포 참진미채/수입산/500g"
"수산물","연체류","쭈꾸미","1125652","주꾸미(국내산)","","별도표기","주꾸미 냉동(손질) 냉동, 기본채/500g"
"축산물","돈육","돈육(등갈비)","1125653","돈육(등갈비)","","2024","돈육/냉장/등갈비/1대씩 절단(1/2크기)/1kg"
"수산물","연체류","쭈꾸미","1125654","주꾸미(베트남산)","","별도표기","주꾸미 냉동(손질) 냉동, 기본채/수입산/500g"
"축산물","돈육","돈육(등갈비)","1125655","돈육(등갈비)","","2024","돈육/냉장/등갈비/1대씩 절단(1/2크기)/3kg"
"수산물","건어물","건명태","1125656","코다리살(99%가시제거)","","별도표기","코다리순살(뼈제거 99%),토막당 40g내외/수입산/500g"
"수산물","건어물","건명태","1125657","건명태","","별도표기","1119814"
"수산물","건어물","쥐치","1125669","쥐치포(절단)","","별도표기","쥐치포(절단)/수입산/500g"
"축산물","돈육","돈육(등갈비)","1125670","돈육(등갈비)","","2024","돈육/냉장/등갈비/1대씩 절단(1/2크기)/5kg"
"축산물","한우","한우(양지)","1125671","한우(양지)","","2024","한우/냉장/1등급/양지/국거리/200g-300g 덩어리/3kg"
"축산물","한우","한우(양지)","1125672","한우(양지)","","2024","한우/냉장/1등급/양지/국거리/200g-300g 덩어리/5kg"
"축산물","한우","한우(양지)","1125673","한우(양지)","","2024","한우/냉장/무항생제/양지/국거리/200g-300g 덩어리/3kg"
"축산물","한우","한우(양지)","1125674","한우(양지)","","2024","한우/냉장/무항생제/양지/국거리/200g-300g 덩어리/5kg"
"축산물","한우","한우(양지)","1125675","한우(양지)","","2024","한우/냉장/2등급/양지/국거리/200g-300g 덩어리/5kg"
"축산물","한우","한우(양지)","1125676","한우(양지)","","2024","한우/냉장/1등급/양지/국거리/0.3*2*3(cm)/3kg"
"축산물","한우","한우(양지)","1125677","한우(양지)","","2024","한우/냉장/1등급/양지/국거리/0.3*2*3(cm)/5kg"
"축산물","한우","한우(양지)","1125678","한우(양지)","","2024","한우/냉장/무항생제/양지/국거리/0.3*2*3(cm)/3kg"
"축산물","한우","한우(양지)","1125679","한우(양지)","","2024","한우/냉장/2등급/양지/국거리/0.3*2*3(cm)/3kg"
"축산물","한우","한우(양지)","1125680","한우(양지)","","2024","한우/냉장/2등급/양지/국거리/0.3*2*3(cm)/5kg"
"축산물","한우","한우(우둔)","1125681","한우(우둔)","","2024","한우/냉장/1등급/우둔/불고기/0.2*3*4 (cm)/3kg"
"축산물","한우","한우(우둔)","1125682","한우(우둔)","","2024","한우/냉장/1등급/우둔/불고기/0.2*3*4 (cm)/5kg"
"축산물","한우","한우(우둔)","1125683","한우(우둔)","","2024","한우/냉장/무항생제/우둔/불고기/0.2*3*4 (cm)/3kg"
"축산물","한우","한우(우둔)","1125684","한우(우둔)","","2024","한우/냉장/무항생제/우둔/불고기/0.2*3*4 (cm)/5kg"
"축산물","한우","한우(우둔)","1125685","한우(우둔)","","2024","한우/냉장/2등급/우둔/불고기/0.2*3*4 (cm)/3kg"
"축산물","한우","한우(우둔)","1125686","한우(우둔)","","2024","한우/냉장/2등급/우둔/불고기/0.2*3*4 (cm)/5kg"
"축산물","한우","한우(우둔)","1125687","한우(우둔)","","2024","한우/냉장/1등급/우둔/다짐육/0.5cm 다짐육/3kg"
"축산물","한우","한우(우둔)","1125688","한우(우둔)","","2024","한우/냉장/1등급/우둔/다짐육/0.5cm 다짐육/5kg"
"축산물","한우","한우(우둔)","1125689","한우(우둔)","","2024","한우/냉장/무항생제/우둔/다짐육/0.5cm 다짐육/3kg"
"축산물","한우","한우(우둔)","1125690","한우(우둔)","","2024","한우/냉장/무항생제/우둔/다짐육/0.5cm 다짐육/5kg"
"축산물","한우","한우(우둔)","1125691","한우(우둔)","","2024","한우/냉장/2등급/우둔/다짐육/0.5cm 다짐육/3kg"
"축산물","한우","한우(우둔)","1125692","한우(우둔)","","2024","한우/냉장/2등급/우둔/다짐육/0.5cm 다짐육/5kg"
"축산물","한우","한우(양지)","1125693","한우(양지)","","2024","한우/냉장/2등급/양지/국거리/200g-300g 덩어리/3kg"
"축산물","한우","한우(양지)","1125694","한우(양지)","","2024","한우/냉장/무항생제/양지/국거리/0.3*2*3(cm)/5kg"
"축산물","한우","한우(우둔)","1125695","한우(우둔)","","2024","한우/냉장/무항생제/우둔/잡채용/0.3*0.3*5 (cm)/3kg"
"축산물","한우","한우(우둔)","1125696","한우(우둔)","","2024","한우/냉장/2등급/우둔/잡채용/0.3*0.3*5 (cm)/3kg"
"축산물","한우","한우(우둔)","1125697","한우(우둔)","","2024","한우/냉장/무항생제/우둔/짜장,카레용/1*1*1(cm)/3kg"
"축산물","한우","한우(우둔)","1125698","한우(우둔)","","2024","한우/냉장/2등급/우둔/짜장,카레용/1*1*1(cm)/5kg"
"축산물","한우","한우(전각)","1125699","한우(전각)","","2024","한우/냉장/1등급/앞다리(전각)/국거리,세절/0.3*2*3 (cm)/1kg"
"축산물","한우","한우(전각)","1125700","한우(전각)","","2024","한우/냉장/무항생제/앞다리(전각)/국거리,세절/0.3*2*3 (cm)/1kg"
"축산물","한우","한우(전각)","1125701","한우(전각)","","2024","한우/냉장/무항생제/앞다리(전각)/국거리,세절/0.3*2*3 (cm)/5kg"
"축산물","한우","한우(전각)","1125702","한우(전각)","","2024","한우/냉장/2등급/앞다리(전각)/국거리,세절/0.3*2*3 (cm)/3kg"
"축산물","한우","한우(전각)","1125703","한우(전각)","","2024","한우/냉장/2등급/앞다리(전각)/국거리,세절/0.3*2*3 (cm)/5kg"
"축산물","한우","한우(전각)","1125704","한우(전각)","","2024","한우/냉장/1등급/앞다리(전각)/불고기/0.2*3*4 (cm)/3kg"
"수산물","건어물","미역","1126144","건미역","","2024","건실미역/500g"
"축산물","한우","한우(전각)","1125705","한우(전각)","","2024","한우/냉장/무항생제/앞다리(전각)/불고기/0.2*3*4 (cm)/5kg"
"축산물","한우","한우(전각)","1125706","한우(전각)","","2024","한우/냉장/2등급/앞다리(전각)/불고기/0.2*3*4 (cm)/3kg"
"축산물","한우","한우(목심)","1125707","한우(목심)","","2024","한우/냉장/무항생제/목심/샤브용/0.2*4*5 (cm)/3kg"
"축산물","한우","한우(목심)","1125708","한우(목심)","","2024","한우/냉장/무항생제/목심/샤브용/0.2*4*5 (cm)/5kg"
"축산물","한우","한우(목심)","1125709","한우(목심)","","2024","한우/냉장/무항생제/목심/불고기/0.2*3*4 (cm)/5kg"
"축산물","한우","한우(목심)","1125710","한우(목심)","","2024","한우/냉장/2등급/목심/불고기/0.2*3*4 (cm)/3kg"
"축산물","한우","한우(목심)","1125711","한우(목심)","","2024","한우/냉장/2등급/목심/불고기/0.2*3*4 (cm)/5kg"
"축산물","한우","한우(등심)","1125712","한우(등심)","","2024","한우/냉장/무항생제/등심/구이,스테이크용/0.7cm 구이용 슬라이스/3kg"
"축산물","한우","한우(우둔)","1125713","한우(우둔)","","2024","한우/냉장/1등급/우둔/잡채용/0.3*0.3*5 (cm)/3kg"
"축산물","한우","한우(우둔)","1125714","한우(우둔)","","2024","한우/냉장/1등급/우둔/잡채용/0.3*0.3*5 (cm)/5kg"
"축산물","한우","한우(우둔)","1125715","한우(우둔)","","2024","한우/냉장/무항생제/우둔/잡채용/0.3*0.3*5 (cm)/5kg"
"축산물","한우","한우(우둔)","1125716","한우(우둔)","","2024","한우/냉장/2등급/우둔/잡채용/0.3*0.3*5 (cm)/5kg"
"축산물","한우","한우(우둔)","1125717","한우(우둔)","","2024","한우/냉장/1등급/우둔/짜장,카레용/1*1*1(cm)/3kg"
"축산물","한우","한우(우둔)","1125718","한우(우둔)","","2024","한우/냉장/1등급/우둔/짜장,카레용/1*1*1(cm)/5kg"
"축산물","한우","한우(우둔)","1125719","한우(우둔)","","2024","한우/냉장/무항생제/우둔/짜장,카레용/1*1*1(cm)/5kg"
"축산물","한우","한우(우둔)","1125720","한우(우둔)","","2024","한우/냉장/2등급/우둔/짜장,카레용/1*1*1(cm)/3kg"
"축산물","한우","한우(전각)","1125721","한우(전각)","","2024","한우/냉장/1등급/앞다리(전각)/국거리,세절/0.3*2*3 (cm)/0.3kg"
"축산물","한우","한우(전각)","1125722","한우(전각)","","2024","한우/냉장/1등급/앞다리(전각)/국거리,세절/0.3*2*3 (cm)/0.5kg"
"축산물","한우","한우(전각)","1125723","한우(전각)","","2024","한우/냉장/1등급/앞다리(전각)/국거리,세절/0.3*2*3 (cm)/3kg"
"축산물","한우","한우(전각)","1125724","한우(전각)","","2024","한우/냉장/무항생제/앞다리(전각)/국거리,세절/0.3*2*3 (cm)/0.3kg"
"축산물","한우","한우(전각)","1125725","한우(전각)","","2024","한우/냉장/무항생제/앞다리(전각)/국거리,세절/0.3*2*3 (cm)/0.5kg"
"축산물","한우","한우(전각)","1125726","한우(전각)","","2024","한우/냉장/무항생제/앞다리(전각)/국거리,세절/0.3*2*3 (cm)/3kg"
"축산물","한우","한우(전각)","1125727","한우(전각)","","2024","한우/냉장/2등급/앞다리(전각)/국거리,세절/0.3*2*3 (cm)/0.3kg"
"축산물","한우","한우(전각)","1125728","한우(전각)","","2024","한우/냉장/2등급/앞다리(전각)/국거리,세절/0.3*2*3 (cm)/0.5kg"
"축산물","한우","한우(전각)","1125729","한우(전각)","","2024","한우/냉장/2등급/앞다리(전각)/국거리,세절/0.3*2*3 (cm)/1kg"
"축산물","한우","한우(전각)","1125730","한우(전각)","","2024","한우/냉장/1등급/앞다리(전각)/불고기/0.2*3*4 (cm)/5kg"
"축산물","한우","한우(전각)","1125731","한우(전각)","","2024","한우/냉장/무항생제/앞다리(전각)/불고기/0.2*3*4 (cm)/3kg"
"축산물","한우","한우(전각)","1125732","한우(전각)","","2024","한우/냉장/2등급/앞다리(전각)/불고기/0.2*3*4 (cm)/5kg"
"축산물","한우","한우(목심)","1125733","한우(목심)","","2024","한우/냉장/1등급/목심/샤브용/0.2*4*5 (cm)/3kg"
"축산물","한우","한우(목심)","1125734","한우(목심)","","2024","한우/냉장/1등급/목심/샤브용/0.2*4*5 (cm)/5kg"
"축산물","한우","한우(목심)","1125735","한우(목심)","","2024","한우/냉장/2등급/목심/샤브용/0.2*4*5 (cm)/3kg"
"축산물","한우","한우(목심)","1125736","한우(목심)","","2024","한우/냉장/2등급/목심/샤브용/0.2*4*5 (cm)/5kg"
"축산물","한우","한우(목심)","1125737","한우(목심)","","2024","한우/냉장/1등급/목심/불고기/0.2*3*4 (cm)/3kg"
"축산물","한우","한우(목심)","1125738","한우(목심)","","2024","한우/냉장/1등급/목심/불고기/0.2*3*4 (cm)/5kg"
"축산물","한우","한우(목심)","1125739","한우(목심)","","2024","한우/냉장/무항생제/목심/불고기/0.2*3*4 (cm)/3kg"
"축산물","한우","한우(등심)","1125740","한우(등심)","","2024","한우/냉장/1등급/등심/구이,스테이크용/0.7cm 구이용 슬라이스/3kg"
"축산물","한우","한우(등심)","1125741","한우(등심)","","2024","한우/냉장/1등급/등심/구이,스테이크용/0.7cm 구이용 슬라이스/5kg"
"축산물","한우","한우(등심)","1125742","한우(등심)","","2024","한우/냉장/무항생제/등심/구이,스테이크용/0.7cm 구이용 슬라이스/5kg"
"축산물","한우","한우(등심)","1125743","한우(등심)","","2024","한우/냉장/2등급/등심/구이,스테이크용/0.7cm 구이용 슬라이스/3kg"
"축산물","한우","한우(등심)","1125744","한우(등심)","","2024","한우/냉장/2등급/등심/구이,스테이크용/0.7cm 구이용 슬라이스/5kg"
"축산물","한우","한우(등심)","1125745","한우(등심)","","2024","한우/냉장/1등급/등심/불고기/0.3*3*4(cm)/0.3kg"
"축산물","한우","한우(등심)","1125746","한우(등심)","","2024","한우/냉장/1등급/등심/불고기/0.3*3*4(cm)/0.5kg"
"축산물","한우","한우(등심)","1125747","한우(등심)","","2024","한우/냉장/무항생제/등심/불고기/0.3*3*4(cm)/0.3kg"
"축산물","한우","한우(등심)","1125748","한우(등심)","","2024","한우/냉장/무항생제/등심/불고기/0.3*3*4(cm)/1kg"
"축산물","한우","한우(등심)","1125749","한우(등심)","","2024","한우/냉장/무항생제/등심/불고기/0.3*3*4(cm)/3kg"
"축산물","한우","한우(등심)","1125750","한우(등심)","","2024","한우/냉장/무항생제/등심/불고기/0.3*3*4(cm)/5kg"
"축산물","한우","한우(등심)","1125751","한우(등심)","","2024","한우/냉장/2등급/등심/불고기/0.3*3*4(cm)/3kg"
"축산물","한우","한우(사태)","1125752","한우(사태)","","2024","한우/냉장/무항생제/사태/장조림/2*2*2(cm)/5kg"
"축산물","한우","한우(등심)","1125753","한우(등심)","","2024","한우/냉장/1등급/등심/불고기/0.3*3*4(cm)/1kg"
"축산물","한우","한우(등심)","1125754","한우(등심)","","2024","한우/냉장/1등급/등심/불고기/0.3*3*4(cm)/3kg"
"축산물","한우","한우(등심)","1125755","한우(등심)","","2024","한우/냉장/1등급/등심/불고기/0.3*3*4(cm)/5kg"
"축산물","한우","한우(등심)","1125756","한우(등심)","","2024","한우/냉장/무항생제/등심/불고기/0.3*3*4(cm)/0.5kg"
"축산물","한우","한우(등심)","1125757","한우(등심)","","2024","한우/냉장/2등급/등심/불고기/0.3*3*4(cm)/0.3kg"
"축산물","한우","한우(등심)","1125758","한우(등심)","","2024","한우/냉장/2등급/등심/불고기/0.3*3*4(cm)/0.5kg"
"축산물","한우","한우(등심)","1125759","한우(등심)","","2024","한우/냉장/2등급/등심/불고기/0.3*3*4(cm)/1kg"
"축산물","한우","한우(등심)","1125760","한우(등심)","","2024","한우/냉장/2등급/등심/불고기/0.3*3*4(cm)/5kg"
"축산물","한우","한우(사태)","1125761","한우(사태)","","2024","한우/냉장/1등급/사태/장조림/2*2*2(cm)/3kg"
"축산물","한우","한우(사태)","1125762","한우(사태)","","2024","한우/냉장/1등급/사태/장조림/2*2*2(cm)/5kg"
"축산물","한우","한우(사태)","1125763","한우(사태)","","2024","한우/냉장/무항생제/사태/장조림/2*2*2(cm)/3kg"
"축산물","한우","한우(사태)","1125764","한우(사태)","","2024","한우/냉장/2등급/사태/장조림/2*2*2(cm)/3kg"
"축산물","한우","한우(사태)","1125765","한우(사태)","","2024","한우/냉장/1등급/사태/수육용/200g~300g 덩어리/5kg"
"축산물","한우","한우(사태)","1125766","한우(사태)","","2024","한우/냉장/무항생제/사태/수육용/200g~300g 덩어리/3kg"
"축산물","한우","한우(설도)","1125767","한우(설도)","","2024","한우/냉장/1등급/설도/짜장,카레용/1*1*1 (cm)/5kg"
"축산물","한우","한우(설도)","1125768","한우(설도)","","2024","한우/냉장/무항생제/설도/짜장,카레용/1*1*1 (cm)/5kg"
"축산물","한우","한우(설도)","1125769","한우(설도)","","2024","한우/냉장/1등급/설도/다짐육/5kg"
"축산물","한우","한우(설도)","1125770","한우(설도)","","2024","한우/냉장/무항생제/설도/다짐육/5kg"
"축산물","한우","한우(설도)","1125771","한우(설도)","","2024","한우/냉장/2등급/설도/다짐육/3kg"
"축산물","한우","한우(설도)","1125772","한우(설도)","","2024","한우/냉장/1등급/설도/채썰기/0.4*0.4*5(cm)/5kg"
"축산물","한우","한우(사태)","1125773","한우(사태)","","2024","한우/냉장/2등급/사태/장조림/2*2*2(cm)/5kg"
"축산물","한우","한우(사태)","1125774","한우(사태)","","2024","한우/냉장/1등급/사태/수육용/200g~300g 덩어리/3kg"
"축산물","한우","한우(사태)","1125775","한우(사태)","","2024","한우/냉장/무항생제/사태/수육용/200g~300g 덩어리/5kg"
"축산물","한우","한우(사태)","1125776","한우(사태)","","2024","한우/냉장/2등급/사태/수육용/200g~300g 덩어리/3kg"
"축산물","한우","한우(사태)","1125777","한우(사태)","","2024","한우/냉장/2등급/사태/수육용/200g~300g 덩어리/5kg"
"축산물","한우","한우(설도)","1125778","한우(설도)","","2024","한우/냉장/1등급/설도/짜장,카레용/1*1*1 (cm)/3kg"
"축산물","한우","한우(설도)","1125779","한우(설도)","","2024","한우/냉장/무항생제/설도/짜장,카레용/1*1*1 (cm)/3kg"
"축산물","한우","한우(설도)","1125780","한우(설도)","","2024","한우/냉장/2등급/설도/짜장,카레용/1*1*1 (cm)/3kg"
"축산물","한우","한우(설도)","1125781","한우(설도)","","2024","한우/냉장/2등급/설도/짜장,카레용/1*1*1 (cm)/5kg"
"축산물","한우","한우(설도)","1125782","한우(설도)","","2024","한우/냉장/1등급/설도/다짐육/3kg"
"축산물","한우","한우(설도)","1125783","한우(설도)","","2024","한우/냉장/무항생제/설도/다짐육/3kg"
"축산물","한우","한우(설도)","1125784","한우(설도)","","2024","한우/냉장/2등급/설도/다짐육/5kg"
"축산물","한우","한우(설도)","1125785","한우(설도)","","2024","한우/냉장/1등급/설도/채썰기/0.4*0.4*5(cm)/3kg"
"축산물","한우","한우(설도)","1125786","한우(설도)","","2024","한우/냉장/무항생제/설도/채썰기/0.4*0.4*5(cm)/3kg"
"축산물","한우","한우(설도)","1125787","한우(설도)","","2024","한우/냉장/무항생제/설도/채썰기/0.4*0.4*5(cm)/5kg"
"축산물","한우","한우(설도)","1125788","한우(설도)","","2024","한우/냉장/2등급/설도/채썰기/0.4*0.4*5(cm)/3kg"
"축산물","한우","한우(설도)","1125789","한우(설도)","","2024","한우/냉장/2등급/설도/채썰기/0.4*0.4*5(cm)/5kg"
"축산물","한우","한우(설도)","1125790","한우(설도)","","2024","한우/냉장/1등급/설도/불고기/0.2*3*4(cm)/3kg"
"축산물","한우","한우(설도)","1125791","한우(설도)","","2024","한우/냉장/무항생제/설도/불고기/0.2*3*4(cm)/3kg"
"축산물","한우","한우(설도)","1125792","한우(설도)","","2024","한우/냉장/2등급/설도/불고기/0.2*3*4(cm)/3kg"
"축산물","한우","한우(설도)","1125793","한우(설도)","","2024","한우/냉장/1등급/설도/불고기/0.2*3*4(cm)/5kg"
"축산물","한우","한우(설도)","1125794","한우(설도)","","2024","한우/냉장/무항생제/설도/불고기/0.2*3*4(cm)/5kg"
"축산물","한우","한우(설도)","1125795","한우(설도)","","2024","한우/냉장/1등급/설도/샤브용/0.2*4*5 (cm)/3kg"
"축산물","한우","한우(설도)","1125796","한우(설도)","","2024","한우/냉장/무항생제/설도/샤브용/0.2*4*5 (cm)/3kg"
"축산물","한우","한우(설도)","1125797","한우(설도)","","2024","한우/냉장/2등급/설도/샤브용/0.2*4*5 (cm)/0.5kg"
"축산물","한우","한우(설도)","1125798","한우(설도)","","2024","한우/냉장/2등급/설도/샤브용/0.2*4*5 (cm)/1kg"
"축산물","한우","한우(설도)","1125799","한우(설도)","","2024년","한우/냉장/무항생제/설도/채썰기/0.4*0.4*5(cm)/3kg"
"축산물","한우","한우(설도)","1125800","한우(설도)","","2024년","한우/냉장/무항생제/설도/채썰기/0.4*0.4*5(cm)/5kg"
"축산물","돈육","돈육(목심)","1125801","돈육(목심)","","2024","돈육/냉장/무항생제/목살/스테이크용/0.7cm슬라이스/0.3kg"
"축산물","돈육","돈육(목심)","1125802","돈육(목심)","","2024","돈육/냉장/무항생제/목살/스테이크용/0.7cm슬라이스/5kg"
"축산물","돈육","돈육(목심)","1125803","돈육(목심)","","2024","돈육/냉장/목살/스테이크용/0.7cm슬라이스/0.5kg"
"축산물","돈육","돈육(목심)","1125804","돈육(목심)","","2024","돈육/냉장/목살/스테이크용/0.7cm슬라이스/3kg"
"축산물","돈육","돈육(목심)","1125805","돈육(목심)","","2024","돈육/냉장/목살/스테이크용/0.7cm슬라이스/5kg"
"축산물","한우","한우(설도)","1125806","한우(설도)","","2024년","한우/냉장/무항생제/설도/불고기/0.2*3*4(cm)/3kg"
"축산물","돈육","돈육(목심)","1125807","돈육(목심)","","2024년","돈육/냉장/목살/불고기용/0.3*3*4(cm)/0.3kg"
"축산물","한우","한우(설도)","1125808","한우(설도)","","2024년","한우/냉장/2등급/설도/불고기/0.2*3*4(cm)/5kg"
"축산물","돈육","돈육(목심)","1125809","돈육(목심)","","2024년","돈육/냉장/무항생제/목살/불고기용/0.3*3*4(cm)/3kg"
"축산물","돈육","돈육(사태)","1125810","돈육(사태)","","2024","돈육/냉장/무항생제/사태/수육,찜용/200g~300g 덩어리/3kg"
"수산물","건어물","톳","1126145","건톳","","2024/2025","건톳/500g"
"축산물","돈육","돈육(사태)","1125811","돈육(사태)","","2024","돈육/냉장/무항생제/사태/장조림용/2*2*2(cm)/3kg"
"축산물","한우","한우(설도)","1125812","한우(설도)","","2024년","한우/냉장/무항생제/설도/샤브용/0.2*4*5 (cm)/3kg"
"축산물","한우","한우(설도)","1125813","한우(설도)","","2024","한우/냉장/2등급/설도/불고기/0.2*3*4(cm)/5kg"
"축산물","한우","한우(설도)","1125814","한우(설도)","","2024","한우/냉장/1등급/설도/샤브용/0.2*4*5 (cm)/0.3kg"
"축산물","한우","한우(설도)","1125815","한우(설도)","","2024","한우/냉장/1등급/설도/샤브용/0.2*4*5 (cm)/0.5kg"
"축산물","한우","한우(설도)","1125816","한우(설도)","","2024","한우/냉장/1등급/설도/샤브용/0.2*4*5 (cm)/1kg"
"축산물","한우","한우(설도)","1125817","한우(설도)","","2024","한우/냉장/1등급/설도/샤브용/0.2*4*5 (cm)/5kg"
"축산물","한우","한우(설도)","1125818","한우(설도)","","2024","한우/냉장/무항생제/설도/샤브용/0.2*4*5 (cm)/0.3kg"
"축산물","한우","한우(설도)","1125819","한우(설도)","","2024","한우/냉장/무항생제/설도/샤브용/0.2*4*5 (cm)/0.5kg"
"축산물","한우","한우(설도)","1125820","한우(설도)","","2024","한우/냉장/무항생제/설도/샤브용/0.2*4*5 (cm)/1kg"
"축산물","한우","한우(설도)","1125821","한우(설도)","","2024","한우/냉장/무항생제/설도/샤브용/0.2*4*5 (cm)/5kg"
"축산물","한우","한우(설도)","1125822","한우(설도)","","2024","한우/냉장/2등급/설도/샤브용/0.2*4*5 (cm)/0.3kg"
"축산물","한우","한우(설도)","1125823","한우(설도)","","2024","한우/냉장/2등급/설도/샤브용/0.2*4*5 (cm)/3kg"
"축산물","한우","한우(설도)","1125824","한우(설도)","","2024","한우/냉장/2등급/설도/샤브용/0.2*4*5 (cm)/5kg"
"축산물","돈육","돈육(전지)","1125825","돈육(전지)","","2024","돈육/냉장/무항생제/앞다리/불고기용/0.3*3*4(cm)/3kg"
"축산물","한우","한우(전각)","1125826","한우(전각)","","2024","한우/냉장/1등급/앞다리(전각)/국거리,세절/0.3*2*3 (cm)/5kg"
"축산물","한우","한우(설도)","1125827","한우(설도)","","2024년","한우/냉장/1등급/설도/채썰기/0.4*0.4*5(cm)/3kg"
"축산물","한우","한우(설도)","1125828","한우(설도)","","2024년","한우/냉장/1등급/설도/채썰기/0.4*0.4*5(cm)/5kg"
"축산물","돈육","돈육(목심)","1125829","돈육(목심)","","2024","돈육/냉장/무항생제/목살/스테이크용/0.7cm슬라이스/0.5kg"
"축산물","한우","한우(설도)","1125830","한우(설도)","","2024년","한우/냉장/2등급/설도/채썰기/0.4*0.4*5(cm)/3kg"
"축산물","돈육","돈육(목심)","1125831","돈육(목심)","","2024","돈육/냉장/무항생제/목살/스테이크용/0.7cm슬라이스/1kg"
"축산물","한우","한우(설도)","1125832","한우(설도)","","2024년","한우/냉장/2등급/설도/채썰기/0.4*0.4*5(cm)/5kg"
"축산물","돈육","돈육(목심)","1125833","돈육(목심)","","2024","돈육/냉장/무항생제/목살/스테이크용/0.7cm슬라이스/3kg"
"축산물","돈육","돈육(목심)","1125834","돈육(목심)","","2024","돈육/냉장/목살/스테이크용/0.7cm슬라이스/0.3kg"
"축산물","돈육","돈육(목심)","1125835","돈육(목심)","","2024","돈육/냉장/목살/스테이크용/0.7cm슬라이스/1kg"
"축산물","한우","한우(설도)","1125836","한우(설도)","","2024년","한우/냉장/1등급/설도/불고기/0.2*3*4(cm)/3kg"
"축산물","한우","한우(설도)","1125837","한우(설도)","","2024년","한우/냉장/1등급/설도/불고기/0.2*3*4(cm)/5kg"
"축산물","돈육","돈육(목심)","1125838","돈육(목심)","","2024년","돈육/냉장/무항생제/목살/불고기용/0.3*3*4(cm)/0.3kg"
"축산물","한우","한우(설도)","1125839","한우(설도)","","2024년","한우/냉장/무항생제/설도/불고기/0.2*3*4(cm)/5kg"
"축산물","돈육","돈육(목심)","1125840","돈육(목심)","","2024년","돈육/냉장/무항생제/목살/불고기용/0.3*3*4(cm)/0.5kg"
"축산물","돈육","돈육(목심)","1125841","돈육(목심)","","2024년","돈육/냉장/무항생제/목살/불고기용/0.3*3*4(cm)/1kg"
"축산물","돈육","돈육(목심)","1125842","돈육(목심)","","2024년","돈육/냉장/목살/불고기용/0.3*3*4(cm)/0.5kg"
"축산물","돈육","돈육(목심)","1125843","돈육(목심)","","2024년","돈육/냉장/목살/불고기용/0.3*3*4(cm)/1kg"
"축산물","돈육","돈육(목심)","1125844","돈육(목심)","","2024년","돈육/냉장/목살/불고기용/0.3*3*4(cm)/3kg"
"축산물","한우","한우(설도)","1125845","한우(설도)","","2024년","한우/냉장/2등급/설도/불고기/0.2*3*4(cm)/3kg"
"축산물","돈육","돈육(목심)","1125846","돈육(목심)","","2024년","돈육/냉장/목살/불고기용/0.3*3*4(cm)/5kg"
"축산물","돈육","돈육(목심)","1125847","돈육(목심)","","2024년","돈육/냉장/무항생제/목살/불고기용/0.3*3*4(cm)/5kg"
"축산물","한우","한우(설도)","1125848","한우(설도)","","2024년","한우/냉장/1등급/설도/샤브용/0.2*4*5 (cm)/3kg"
"축산물","한우","한우(설도)","1125849","한우(설도)","","2024년","한우/냉장/1등급/설도/샤브용/0.2*4*5 (cm)/5kg"
"축산물","돈육","돈육(사태)","1125850","돈육(사태)","","2024","돈육/냉장/사태/수육,찜용/200g~300g 덩어리/3kg"
"축산물","돈육","돈육(사태)","1125851","돈육(사태)","","2024","돈육/냉장/사태/수육,찜용/200g~300g 덩어리/5kg"
"축산물","돈육","돈육(사태)","1125852","돈육(사태)","","2024","돈육/냉장/무항생제/사태/수육,찜용/200g~300g 덩어리/5kg"
"축산물","돈육","돈육(사태)","1125853","돈육(사태)","","2024","돈육/냉장/무항생제/사태/장조림용/2*2*2(cm)/5kg"
"축산물","돈육","돈육(사태)","1125854","돈육(사태)","","2024","돈육/냉장/사태/장조림용/2*2*2(cm)/3kg"
"축산물","돈육","돈육(사태)","1125855","돈육(사태)","","2024","돈육/냉장/사태/장조림용/2*2*2(cm)/5kg"
"축산물","돈육","돈육(삼겹)","1125856","돈육(삼겹)","","2024","돈육/냉장/삼겹/구이용/절단 0.7*4*5(cm)/3kg"
"축산물","한우","한우(설도)","1125857","한우(설도)","","2024년","한우/냉장/2등급/설도/샤브용/0.2*4*5 (cm)/3kg"
"축산물","한우","한우(설도)","1125858","한우(설도)","","2024년","한우/냉장/2등급/설도/샤브용/0.2*4*5 (cm)/5kg"
"축산물","돈육","돈육(삼겹)","1125859","돈육(삼겹)","","2024","돈육/냉장/무항생제/삼겹살/구이용/0.7cm슬라이스/0.3kg"
"축산물","돈육","돈육(삼겹)","1125860","돈육(삼겹)","","2024","돈육/냉장/무항생제/삼겹살/구이용/0.7cm슬라이스/5kg"
"축산물","한우","한우(안심)","1125861","한우(안심)","","2024년","한우/냉장/1등급/안심/구이,스테이크용/0.7cm 구이용 슬라이스/3kg"
"축산물","한우","한우(안심)","1125862","한우(안심)","","2024년","한우/냉장/1등급/안심/구이,스테이크용/0.7cm 구이용 슬라이스/5kg"
"축산물","돈육","돈육(삼겹)","1125863","돈육(삼겹)","","2024","돈육/냉장/삼겹/구이용/0.7cm 길게 슬라이스/0.5kg"
"축산물","돈육","돈육(삼겹)","1125864","돈육(삼겹)","","2024","돈육/냉장/삼겹/구이용/0.7cm 길게 슬라이스/1kg"
"축산물","한우","한우(안심)","1125865","한우(안심)","","2024년","한우/냉장/무항생제/안심/구이,스테이크용/0.7cm 구이용 슬라이스/5kg"
"축산물","한우","한우(안심)","1125866","한우(안심)","","2024년","한우/냉장/2등급/안심/구이,스테이크용/0.7cm 구이용 슬라이스/3kg"
"축산물","한우","한우(안심)","1125867","한우(안심)","","2024년","한우/냉장/1등급/안심/불고기/0.3*3*4(cm)/0.3kg"
"축산물","돈육","돈육(삼겹)","1125868","돈육(삼겹)","","2024","돈육/냉장/무항생제/삼겹/수육용/200g~300g 덩어리/5kg"
"축산물","한우","한우(안심)","1125869","한우(안심)","","2024년","한우/냉장/1등급/안심/불고기/0.3*3*4(cm)/1kg"
"수산물","갑각류","게","1125870","꽃게(숫게)","","2023년","꽃게 냉동(손질) 4절단/500g"
"축산물","돈육","돈육(삼겹)","1125871","돈육(삼겹)","","2024","돈육/냉장/삼겹/수육용/200g~300g 덩어리/3kg"
"수산물","갑각류","게","1125872","꽃게(암게)","","2023년","꽃게 냉동(손질) 4절단, 암게/500g"
"축산물","한우","한우(설도)","1125873","한우(설도)","","2024년","한우/냉장/무항생제/설도/샤브용/0.2*4*5 (cm)/5kg"
"축산물","돈육","돈육(삼겹)","1125874","돈육(삼겹)","","2024","돈육/냉장/삼겹/구이용/절단 0.7*4*5(cm)/5kg"
"축산물","돈육","돈육(삼겹)","1125875","돈육(삼겹)","","2024","돈육/냉장/무항생제/삼겹/구이용/절단 0.7*4*5(cm)/3kg"
"축산물","돈육","돈육(삼겹)","1125876","돈육(삼겹)","","2024","돈육/냉장/무항생제/삼겹/구이용/절단 0.7*4*5(cm)/5kg"
"축산물","돈육","돈육(삼겹)","1125877","돈육(삼겹)","","2024","돈육/냉장/무항생제/삼겹살/구이용/0.7cm슬라이스/0.5kg"
"축산물","돈육","돈육(삼겹)","1125878","돈육(삼겹)","","2024","돈육/냉장/무항생제/삼겹살/구이용/0.7cm슬라이스/1kg"
"축산물","돈육","돈육(삼겹)","1125879","돈육(삼겹)","","2024","돈육/냉장/삼겹/구이용/0.7cm 길게 슬라이스/0.3kg"
"축산물","돈육","돈육(삼겹)","1125880","돈육(삼겹)","","2024","돈육/냉장/삼겹/구이용/0.7cm 길게 슬라이스/3kg"
"축산물","돈육","돈육(삼겹)","1125881","돈육(삼겹)","","2024","돈육/냉장/삼겹/구이용/0.7cm 길게 슬라이스/5kg"
"축산물","한우","한우(안심)","1125882","한우(안심)","","2024년","한우/냉장/무항생제/안심/구이,스테이크용/0.7cm 구이용 슬라이스/3kg"
"축산물","한우","한우(안심)","1125883","한우(안심)","","2024년","한우/냉장/2등급/안심/구이,스테이크용/0.7cm 구이용 슬라이스/5kg"
"축산물","돈육","돈육(삼겹)","1125884","돈육(삼겹)","","2024","돈육/냉장/무항생제/삼겹/수육용/200g~300g 덩어리/3kg"
"축산물","한우","한우(안심)","1125885","한우(안심)","","2024년","한우/냉장/1등급/안심/불고기/0.3*3*4(cm)/0.5kg"
"수산물","건어물","톳","1125886","건톳","","2023년","건톳/300g"
"수산물","건어물","톳","1125887","건톳","","2023년","건톳/500g"
"축산물","한우","한우(안심)","1125888","한우(안심)","","2024년","한우/냉장/1등급/안심/불고기/0.3*3*4(cm)/3kg"
"축산물","돈육","돈육(삼겹)","1125889","돈육(삼겹)","","2024","돈육/냉장/삼겹/수육용/200g~300g 덩어리/5kg"
"수산물","갑각류","게","1125890","꽃게(숫게)","","2023년","꽃게 냉동(손질) 4절단/1kg"
"축산물","한우","한우(안심)","1125891","한우(안심)","","2024년","한우/냉장/1등급/안심/불고기/0.3*3*4(cm)/5kg"
"축산물","한우","한우(안심)","1125892","한우(안심)","","2024년","한우/냉장/무항생제/안심/불고기/0.3*3*4(cm)/0.3kg"
"수산물","갑각류","게","1125893","꽃게(암게)","","2023년","꽃게 냉동(손질) 4절단, 암게/1kg"
"축산물","돈육","돈육(삼겹)","1125894","돈육(삼겹)","","2024","돈육/냉장/무항생제/삼겹/불고기용/0.3*3*4(cm)/3kg"
"축산물","한우","한우(안심)","1125895","한우(안심)","","2024년","한우/냉장/무항생제/안심/불고기/0.3*3*4(cm)/0.5kg"
"축산물","돈육","돈육(삼겹)","1125896","돈육(삼겹)","","2024","돈육/냉장/무항생제/삼겹/불고기용/0.3*3*4(cm)/5kg"
"수산물","패류","논우렁이","1125897","논우렁이","","2023년","논우렁이 냉동(살)/500g"
"축산물","한우","한우(안심)","1125898","한우(안심)","","2024년","한우/냉장/무항생제/안심/불고기/0.3*3*4(cm)/5kg"
"축산물","돈육","돈육(삼겹)","1125899","돈육(삼겹)","","2024","돈육/냉장/삼겹/불고기용/0.3*3*4(cm)/5kg"
"축산물","한우","한우(안심)","1125900","한우(안심)","","2024년","한우/냉장/2등급/안심/불고기/0.3*3*4(cm)/0.3kg"
"수산물","건어물","멸치","1125901","건멸치(국물용)","","2023년","대멸치(다시)/국물용/300g"
"축산물","한우","한우(안심)","1125902","한우(안심)","","2024년","한우/냉장/2등급/안심/불고기/0.3*3*4(cm)/0.5kg"
"수산물","어류","명란(알)","1125903","젓갈(명란젓)","","2023년","명란(알) 양념명란젓 中/수입산/500g"
"축산물","한우","한우(안심)","1125904","한우(안심)","","2024년","한우/냉장/2등급/안심/불고기/0.3*3*4(cm)/1kg"
"축산물","한우","한우(안심)","1125905","한우(안심)","","2024년","한우/냉장/2등급/안심/불고기/0.3*3*4(cm)/3kg"
"축산물","한우","한우(안심)","1125906","한우(안심)","","2024년","한우/냉장/2등급/안심/불고기/0.3*3*4(cm)/5kg"
"수산물","어류","방어","1125907","방어살","","2023년","방어순살(뼈제거 99%),토막당 40g내외/500g"
"수산물","어류","붕장어","1125908","붕장어포","","2023년","붕장어 냉동(살) 절단,토막당 40g내외/1kg"
"축산물","돈육","돈육(안심)","1125909","돈육(안심)","","2024","돈육/냉장/안심/잡채용/0.3*0.3*5(cm)/3kg"
"수산물","건어물","멸치","1125910","건멸치(지리)","","2023년","세멸치(지리)/볶음조림용/300g/"
"수산물","건어물","멸치","1125911","건멸치(지가이리)","","2023년","소멸치(지가이리)/볶음조림용/300g/"
"축산물","돈육","돈육(안심)","1125912","돈육(안심)","","2024","돈육/냉장/무항생제/안심/잡채용/0.3*0.3*5(cm)/3kg"
"축산물","한우","한우(안심)","1125913","한우(안심)","","2024년","한우/냉장/무항생제/안심/불고기/0.3*3*4(cm)/1kg"
"수산물","패류","논우렁이","1125914","논우렁이","","2023년","논우렁이 냉동(살)/1kg"
"축산물","한우","한우(안심)","1125915","한우(안심)","","2024년","한우/냉장/무항생제/안심/불고기/0.3*3*4(cm)/3kg"
"축산물","돈육","돈육(삼겹)","1125916","돈육(삼겹)","","2024","돈육/냉장/삼겹/불고기용/0.3*3*4(cm)/3kg"
"수산물","어류","대구","1125917","대구살","","2023년","대구 냉동(포) 절단, 토막당 20g내외/수입산/1kg"
"수산물","어류","대구","1125918","대구살","","2023년","대구 냉동(포) 절단, 토막당 20g내외/수입산/500g"
"수산물","건어물","멸치","1125919","건멸치(국물용)","","2023년","대멸치(다시)/국물용/500g"
"수산물","어류","붕장어","1125921","붕장어포","","2023년","붕장어 냉동(살) 절단,토막당 40g내외/500g"
"축산물","돈육","돈육(안심)","1125922","돈육(안심)","","2024","돈육/냉장/안심/잡채용/0.3*0.3*5(cm)/5kg"
"수산물","건어물","멸치","1125923","건멸치(지리)","","2023년","세멸치(지리)/볶음조림용/500g"
"축산물","한우","한우(양지)","1125924","한우(양지)","","2024년","한우/냉장/1등급/양지/국거리/0.3*2*3(cm)/3kg"
"축산물","한우","한우(양지)","1125925","한우(양지)","","2024년","한우/냉장/1등급/양지/국거리/0.3*2*3(cm)/5kg"
"수산물","건어물","멸치","1125926","건멸치(지가이리)","","2023년","소멸치(지가이리)/볶음조림용/500g"
"축산물","돈육","돈육(안심)","1125927","돈육(안심)","","2024","돈육/냉장/무항생제/안심/잡채용/0.3*0.3*5(cm)/5kg"
"수산물","젓갈류","오징어젓","1125928","젓갈(오징어젓)","","2023년","오징어 젓(오징어젓,양념) 오징어젓/500g"
"축산물","한우","한우(양지)","1125929","한우(양지)","","2024년","한우/냉장/1등급/양지/국거리/200g-300g 덩어리/1kg"
"축산물","한우","한우(양지)","1125930","한우(양지)","","2024년","한우/냉장/1등급/양지/국거리/200g-300g 덩어리/3kg"
"축산물","한우","한우(양지)","1125931","한우(양지)","","2024년","한우/냉장/1등급/양지/국거리/200g-300g 덩어리/5kg"
"축산물","돈육","돈육(안심)","1125932","돈육(안심)","","2024","돈육/냉장/안심/장조림용/2*2*2(cm)/5kg"
"축산물","한우","한우(양지)","1125933","한우(양지)","","2024년","한우/냉장/1등급/양지/국거리/200g-300g 덩어리/0.3kg"
"축산물","한우","한우(양지)","1125934","한우(양지)","","2024년","한우/냉장/1등급/양지/국거리/200g-300g 덩어리/0.5kg"
"축산물","돈육","돈육(안심)","1125935","돈육(안심)","","2024","돈육/냉장/안심/장조림용/2*2*2(cm)/3kg"
"축산물","한우","한우(양지)","1125936","한우(양지)","","2024년","한우/냉장/무항생제/양지/국거리/200g-300g 덩어리/0.5kg"
"수산물","어류","임연수어","1125937","임연수살(99%가시제거)","","2023년","임연수어순살(뼈제거 99%)/수입산/1kg"
"수산물","어류","임연수어","1125938","임연수살(99%가시제거)","","2023년","임연수어순살(뼈제거 99%)/수입산/500g"
"수산물","패류","전복","1125939","전복살(냉동)","","2023년","전복 냉동(살) 12미/650g/수입산/1kg."
"수산물","어류","조기","1125940","조기포","","2023년","조기 냉동(포) 40g/수입산/1kg"
"수산물","어류","조기","1125941","조기포","","2023년","조기 냉동(포) 40g/수입산/500g"
"축산물","한우","한우(양지)","1125942","한우(양지)","","2024년","한우/냉장/2등급/양지/국거리/200g-300g 덩어리/1kg"
"축산물","돈육","돈육(안심)","1125943","돈육(안심)","","2024","돈육/냉장/안심/짜장,카레용/1*1*1(cm)/5kg"
"수산물","갑각류","새우","1125944","새우(30미/500g/pac)","","2023년","흰다리새우 냉동 30미/500g/수입산/500g"
"수산물","갑각류","새우","1125945","흰다리새우살","","2023년","흰다리새우살, 냉동, 71/90, 6~7g/수입산/1kg"
"축산물","돈육","돈육(안심)","1125946","돈육(안심)","","2024","돈육/냉장/안심/다짐육/0.3kg"
"축산물","돈육","돈육(안심)","1125947","돈육(안심)","","2024","돈육/냉장/안심/다짐육/5kg"
"축산물","한우","한우(양지)","1125948","한우(양지)","","2024년","한우/냉장/무항생제/양지/국거리/0.3*2*3(cm)/3kg"
"축산물","돈육","돈육(안심)","1125949","돈육(안심)","","2024","돈육/냉장/무항생제/안심/다짐육/0.5kg"
"축산물","한우","한우(양지)","1125950","한우(양지)","","2024년","한우/냉장/2등급/양지/국거리/0.3*2*3(cm)/5kg"
"축산물","돈육","돈육(안심)","1125951","돈육(안심)","","2024","돈육/냉장/안심/짜장,카레용/1*1*1(cm)/0.5kg"
"축산물","돈육","돈육(안심)","1125952","돈육(안심)","","2024","돈육/냉장/무항생제/안심/짜장,카레용/1*1*1(cm)/0.5kg"
"축산물","한우","한우(양지)","1125953","한우(양지)","","2024년","한우/냉장/무항생제/양지/국거리/200g-300g 덩어리/0.3kg"
"축산물","한우","한우(양지)","1125954","한우(양지)","","2024년","한우/냉장/무항생제/양지/국거리/200g-300g 덩어리/1kg"
"축산물","한우","한우(양지)","1125955","한우(양지)","","2024년","한우/냉장/무항생제/양지/국거리/200g-300g 덩어리/3kg"
"축산물","한우","한우(양지)","1125956","한우(양지)","","2024년","한우/냉장/무항생제/양지/국거리/200g-300g 덩어리/5kg"
"수산물","패류","전복","1125957","전복살(냉동)","","2023년","전복 냉동(살) 12미/650g/수입산/500g/"
"축산물","한우","한우(양지)","1125958","한우(양지)","","2024년","한우/냉장/2등급/양지/국거리/200g-300g 덩어리/0.3kg"
"축산물","한우","한우(양지)","1125959","한우(양지)","","2024년","한우/냉장/2등급/양지/국거리/200g-300g 덩어리/0.5kg"
"수산물","건어물","멸치","1125960","건멸치(가이리)","","2023년","중멸치(가이리)/볶음조림용/300g"
"축산물","한우","한우(양지)","1125961","한우(양지)","","2024년","한우/냉장/2등급/양지/국거리/200g-300g 덩어리/3kg"
"수산물","건어물","멸치","1125962","건멸치(가이리)","","2023년","중멸치(가이리)/볶음조림용/500g/"
"축산물","한우","한우(양지)","1125963","한우(양지)","","2024년","한우/냉장/2등급/양지/국거리/200g-300g 덩어리/5kg"
"축산물","돈육","돈육(안심)","1125964","돈육(안심)","","2024","돈육/냉장/안심/짜장,카레용/1*1*1(cm)/3kg"
"수산물","갑각류","새우","1125965","칵테일새우살,71-90","","2023년","칵테일새우 자숙(탈각) 71/90, 6~7g/수입산/500g"
"수산물","갑각류","새우","1125966","칵테일새우살,71-90","","2023년","칵테일새우 자숙(탈각) 71/90, 6~7g/수입산/1kg"
"축산물","돈육","돈육(안심)","1125967","돈육(안심)","","2024","돈육/냉장/무항생제/안심/장조림용/2*2*2(cm)/3kg"
"축산물","돈육","돈육(안심)","1125968","돈육(안심)","","2024","돈육/냉장/무항생제/안심/장조림용/2*2*2(cm)/5kg"
"수산물","갑각류","새우","1125969","새우(40미/500g/pac)","","2023년","흰다리새우 냉동 40미/500g/수입산/500g"
"수산물","갑각류","새우","1125970","흰다리새우살","","2023년","흰다리새우살, 냉동, 71/90, 6~7g/수입산/500g"
"축산물","돈육","돈육(안심)","1125971","돈육(안심)","","2024","돈육/냉장/안심/다짐육/0.5kg"
"축산물","돈육","돈육(안심)","1125972","돈육(안심)","","2024","돈육/냉장/안심/다짐육/3kg"
"축산물","한우","한우(양지)","1125973","한우(양지)","","2024년","한우/냉장/무항생제/양지/국거리/0.3*2*3(cm)/5kg"
"축산물","돈육","돈육(안심)","1125974","돈육(안심)","","2024","돈육/냉장/무항생제/안심/다짐육/0.3kg"
"축산물","돈육","돈육(안심)","1125975","돈육(안심)","","2024","돈육/냉장/무항생제/안심/다짐육/5kg"
"축산물","한우","한우(양지)","1125976","한우(양지)","","2024년","한우/냉장/2등급/양지/국거리/0.3*2*3(cm)/3kg"
"축산물","돈육","돈육(안심)","1125977","돈육(안심)","","2024","돈육/냉장/안심/짜장,카레용/1*1*1(cm)/0.3kg"
"축산물","돈육","돈육(안심)","1125978","돈육(안심)","","2024","돈육/냉장/무항생제/안심/짜장,카레용/1*1*1(cm)/0.3kg"
"축산물","돈육","돈육(안심)","1125979","돈육(안심)","","2024","돈육/냉장/무항생제/안심/짜장,카레용/1*1*1(cm)/1kg"
"축산물","한우","한우(우둔)","1125980","한우(우둔)","","2024년","한우/냉장/1등급/우둔/불고기/0.2*3*4 (cm)/3kg"
"축산물","한우","한우(우둔)","1125981","한우(우둔)","","2024년","한우/냉장/1등급/우둔/불고기/0.2*3*4 (cm)/5kg"
"축산물","돈육","돈육(전지)","1125982","돈육(전지)","","2024","돈육/냉장/앞다리/다짐육/3kg"
"축산물","돈육","돈육(전지)","1125983","돈육(전지)","","2024","돈육/냉장/무항생제/앞다리/다짐육/0.5 다짐육(cm)/3kg"
"축산물","돈육","돈육(전지)","1125984","돈육(전지)","","2024","돈육/냉장/무항생제/앞다리/다짐육/0.5 다짐육(cm)/5kg"
"축산물","돈육","돈육(전지)","1125985","돈육(전지)","","2024","돈육/냉장/앞다리/불고기용/0.2*4*5(cm)/3kg"
"수산물","건어물","가다랭이","1125986","가다랭이포/국물용","","2023년","가다랭이포 반건품, 국물용/수입산/500g"
"축산물","돈육","돈육(전지)","1125987","돈육(전지)","","2024","돈육/냉장/무항생제/앞다리/수육용/200g~300g 덩어리/5kg"
"축산물","돈육","돈육(전지)","1125988","돈육(전지)","","2024","돈육/냉장/앞다리/수육용/200g~300g 덩어리/3kg"
"수산물","어류","갈치","1125989","갈치포","","2023년","갈치 냉동(포) 절단,토막당 20g내외/수입산/500g"
"수산물","어류","갈치","1125990","갈치포","","2023년","갈치 냉동(포) 절단,토막당 20g내외/500g"
"축산물","돈육","돈육(전지)","1125991","돈육(전지)","","2024","돈육/냉장/무항생제/앞다리/찌개용/0.3*2*3(cm)/3kg"
"축산물","돈육","돈육(전지)","1125992","돈육(전지)","","2024","돈육/냉장/무항생제/앞다리/찌개용/0.3*2*3(cm)/5kg"
"축산물","돈육","돈육(안심)","1125993","돈육(안심)","","2024","돈육/냉장/무항생제/안심/짜장,카레용/1*1*1(cm)/3kg"
"축산물","돈육","돈육(안심)","1125994","돈육(안심)","","2024","돈육/냉장/무항생제/안심/짜장,카레용/1*1*1(cm)/5kg"
"축산물","돈육","돈육(전지)","1125995","돈육(전지)","","2024","돈육/냉장/앞다리/다짐육/5kg"
"축산물","한우","한우(우둔)","1125996","한우(우둔)","","2024년","한우/냉장/무항생제/우둔/불고기/0.2*3*4 (cm)/3kg"
"축산물","한우","한우(우둔)","1125997","한우(우둔)","","2024년","한우/냉장/무항생제/우둔/불고기/0.2*3*4 (cm)/5kg"
"축산물","돈육","돈육(전지)","1125998","돈육(전지)","","2024","돈육/냉장/앞다리/불고기용/0.2*4*5(cm)/5kg"
"축산물","돈육","돈육(전지)","1125999","돈육(전지)","","2024","돈육/냉장/무항생제/앞다리/불고기용/0.3*3*4(cm)/3kg"
"축산물","돈육","돈육(전지)","1126000","돈육(전지)","","2024","돈육/냉장/무항생제/앞다리/불고기용/0.3*3*4(cm)/5kg"
"축산물","돈육","돈육(전지)","1126001","돈육(전지)","","2024","돈육/냉장/무항생제/앞다리/수육용/200g~300g 덩어리/3kg"
"수산물","건어물","가다랭이","1126002","가다랭이포/고명용","","2023년","가다랭이포 반건품, 고명용/수입산/500g"
"수산물","어류","가자미","1126003","가자미살(99%가시제거)","","2023년","가자미순살(뼈제거 99%),토막당 40g내외/수입산/500g"
"축산물","돈육","돈육(전지)","1126004","돈육(전지)","","2024","돈육/냉장/앞다리/수육용/200g~300g 덩어리/5kg"
"수산물","건어물","건다시마","1126005","건다시마(다시마절단)","","2023년","건다시마, 절단/500g"
"수산물","건어물","건다시마","1126006","건다시마","","2023년","건다시마, 국물용/300g"
"수산물","건어물","미역","1126007","건미역","","2023년","건미역(기장)/300g"
"수산물","건어물","미역","1126008","건미역","","2023년","건미역(기장)/500g"
"축산물","한우","한우(우둔)","1126009","한우(우둔)","","2024년","한우/냉장/1등급/우둔/다짐육/0.5cm 다짐육/3kg"
"수산물","건어물","미역","1126010","건미역","","2023년","건실미역/500g"
"축산물","돈육","돈육(후지)","1126011","돈육(후지)","","2024","돈육/냉장/뒷다리/다짐육/3kg"
"수산물","건어물","건새우","1126012","건새우(건홍새우)","","2023년","건홍새우/수입산/500g"
"수산물","건어물","꼴뚜기","1126013","건꼴뚜기","","2023년","건꼴뚜기 자건품/500g"
"수산물","건어물","건다시마","1126014","건다시마(기장)","","2023년","건다시마 국물용, 기장/500g"
"축산물","한우","한우(우둔)","1126015","한우(우둔)","","2024년","한우/냉장/2등급/우둔/불고기/0.2*3*4 (cm)/3kg"
"축산물","돈육","돈육(전지)","1126016","돈육(전지)","","2024","돈육/냉장/앞다리/찌개용/0.3*2*3(cm)/3kg"
"축산물","돈육","돈육(전지)","1126017","돈육(전지)","","2024","돈육/냉장/앞다리/찌개용/0.3*2*3(cm)/5kg"
"축산물","한우","한우(우둔)","1126018","한우(우둔)","","2024년","한우/냉장/2등급/우둔/불고기/0.2*3*4 (cm)/5kg"
"수산물","건어물","건다시마","1126019","건다시마","","2023년","건다시마, 국물용/500g"
"수산물","건어물","미역","1126020","건미역(절단)","","2023년","건미역(절단)/500g"
"축산물","한우","한우(우둔)","1126021","한우(우둔)","","2024년","한우/냉장/1등급/우둔/다짐육/0.5cm 다짐육/5kg"
"수산물","건어물","미역","1126022","건미역","","2023년","건실미역/300g"
"축산물","돈육","돈육(후지)","1126023","돈육(후지)","","2024","돈육/냉장/뒷다리/다짐육/5kg"
"수산물","건어물","건파래","1126024","건파래찢은것","","2023년","건파래(파쇄)/500g"
"축산물","한우","한우(우둔)","1126025","한우(우둔)","","2024년","한우/냉장/무항생제/우둔/다짐육/0.5cm 다짐육/3kg"
"축산물","돈육","돈육(후지)","1126026","돈육(후지)","","2024","돈육/냉장/뒷다리/불고기용/0.2*3*4(cm)/3kg"
"수산물","건어물","건새우","1126027","건새우(건홍새우)","","2023년","건홍새우/500g"
"축산물","돈육","돈육(후지)","1126028","돈육(후지)","","2024","돈육/냉장/뒷다리/불고기용/0.2*3*4(cm)/5kg"
"수산물","어류","고등어","1126029","고등어살(99%가시제거)","","2023년","고등어순살(뼈제거 99%),토막당 40g내외/수입산/500g"
"축산물","한우","한우(우둔)","1126030","한우(우둔)","","2024년","한우/냉장/2등급/우둔/다짐육/0.5cm 다짐육/5kg"
"수산물","갑각류","게","1126031","꽃게(암게)","","2023년","꽃게 냉동(손질) 4절단, 암게/500g"
"수산물","연체류","낙지","1126032","낙지채","","2023년","낙지 냉동(손질) 기본채/500g"
"축산물","한우","한우(우둔)","1126033","한우(우둔)","","2024년","한우/냉장/무항생제/우둔/다짐육/0.5cm 다짐육/5kg"
"수산물","건어물","건홍합","1126034","건홍합살","","2023년","건홍합살 자건품/500g"
"수산물","어류","고등어","1126035","고등어살(99%가시제거)","","2023년","고등어순살(뼈제거 99%),토막당 40g내외/500g"
"축산물","한우","한우(우둔)","1126036","한우(우둔)","","2024년","한우/냉장/2등급/우둔/다짐육/0.5cm 다짐육/3kg"
"수산물","갑각류","게","1126037","꽃게(숫게)","","2023년","꽃게 냉동(손질) 4절단/500g"
"수산물","건어물","건새우","1126038","건새우(두절건새우)","","2023년","꽃새우(독새우) 자건품 두절새우, 3cm내외/500g"
"수산물","연체류","낙지","1126039","낙지채","","2023년","낙지 냉동(손질) 기본채/수입산/500g"
"축산물","한우","한우(우둔)","1126040","한우(우둔)","","2024년","한우/냉장/1등급/우둔/잡채용/0.3*0.3*5 (cm)/3kg"
"수산물","어류","날치","1126041","날치알","","2023년","날치알(냉동) 골드 500g/PAC 빙어알 혼합/수입산/500g"
"수산물","어류","날치","1126042","날치알","","2023년","날치알(냉동) 레드 500g/PAC 빙어알 혼합/수입산/500g"
"수산물","어류","날치","1126043","날치알","","2023년","날치알(냉동) 레드 800g/PAC 빙어알 혼합/수입산/800g"
"수산물","어류","명란(알)","1126044","명태곤이","","2023년","냉동 명태곤이/수입산/500g"
"수산물","패류","논우렁이","1126045","논우렁이","","2023년","논우렁이 냉동(살)/500g"
"수산물","어류","달고기","1126046","달고기살","","2023년","달고기순살(무피)(뼈제거 99%),토막당 40g내외/500g"
"축산물","돈육","돈육(후지)","1126047","돈육(후지)","","2024","돈육/냉장/무항생제/뒷다리/다짐육/5kg"
"수산물","어류","대구","1126048","대구살","","2023년","대구 냉동(포) 절단, 토막당 20g내외/수입산/1kg"
"축산물","돈육","돈육(후지)","1126049","돈육(후지)","","2024","돈육/냉장/뒷다리/찌개용/0.3*2*3(cm)/3kg"
"축산물","돈육","돈육(후지)","1126050","돈육(후지)","","2024","돈육/냉장/무항생제/뒷다리/찌개용/0.3*2*3(cm)/5kg"
"수산물","건어물","건명태","1126051","북어채/중국가공","","2023년","북어채 중국가공/수입산/500g"
"수산물","건어물","건명태","1126052","북어채/국내가공","","2023년","북어채(황태채) 국내가공/수입산/500g"
"축산물","한우","한우(우둔)","1126053","한우(우둔)","","2024년","한우/냉장/1등급/우둔/잡채용/0.3*0.3*5 (cm)/5kg"
"수산물","어류","날치","1126054","날치알","","2023년","날치알(냉동) 골드 800g/PAC 빙어알 혼합/수입산/800g"
"수산물","어류","날치","1126055","날치알","","2023년","날치알(냉동) 레드 900g/PAC 빙어알 혼합/수입산/900g"
"수산물","어류","명란(알)","1126056","명란","","2023년","냉동 명란/수입산/500g"
"축산물","한우","한우(우둔)","1126057","한우(우둔)","","2024년","한우/냉장/무항생제/우둔/잡채용/0.3*0.3*5 (cm)/3kg"
"축산물","돈육","돈육(후지)","1126058","돈육(후지)","","2024","돈육/냉장/무항생제/뒷다리/다짐육/3kg"
"축산물","한우","한우(우둔)","1126059","한우(우둔)","","2024년","한우/냉장/무항생제/우둔/잡채용/0.3*0.3*5 (cm)/5kg"
"수산물","어류","달고기","1126060","달고기살","","2023년","달고기순살(유피)(뼈제거 99%),토막당 40g내외/500g"
"수산물","어류","대구","1126061","대구살","","2023년","대구 냉동(포) 절단, 토막당 20g내외/수입산/500g"
"축산물","돈육","돈육(후지)","1126062","돈육(후지)","","2024","돈육/냉장/뒷다리/찌개용/0.3*2*3(cm)/5kg"
"수산물","건어물","디포리","1126063","디포리","","2023년","디포리/500g"
"축산물","한우","한우(우둔)","1126064","한우(우둔)","","2024년","한우/냉장/2등급/우둔/잡채용/0.3*0.3*5 (cm)/3kg"
"수산물","건어물","건명태","1126065","명엽채","","2023년","명태 맛포 명엽채/수입산/500g"
"축산물","한우","한우(우둔)","1126066","한우(우둔)","","2024년","한우/냉장/2등급/우둔/잡채용/0.3*0.3*5 (cm)/5kg"
"수산물","어류","명태","1126067","동태살(99%가시제거)","","2023년","명태(동태순살)(뼈제거 99%),토막당 20g내외/수입산/500g"
"축산물","돈육","돈육(후지)","1126068","돈육(후지)","","2024","돈육/냉장/무항생제/뒷다리/불고기용/0.2*3*4(cm)/3kg"
"축산물","돈육","돈육(후지)","1126069","돈육(후지)","","2024","돈육/냉장/무항생제/뒷다리/불고기용/0.2*3*4(cm)/5kg"
"수산물","건어물","건오징어","1126070","반건오징어몸통채","","2023년","반건오징어채(몸통)/500g"
"수산물","건어물","건오징어","1126071","반건오징어채","","2023년","반건오징어채(몸통, 다리 포함)/500g"
"축산물","돈육","돈육(후지)","1126072","돈육(후지)","","2024","돈육/냉장/무항생제/뒷다리/찌개용/0.3*2*3(cm)/3kg"
"수산물","어류","방어","1126073","방어살","","2023년","방어순살(뼈제거 99%),토막당 40g내외/500g"
"축산물","한우","한우(갈비)","1126074","한우(갈비)","","2024","한우/냉동/2등급/갈비/찜용/2.5*3 (cm)/3kg"
"축산물","한우","한우(갈비)","1126075","한우(갈비)","","2024","한우/냉동/무항생제/갈비/찜용/2.5*3 (cm)/3kg"
"축산물","한우","한우(갈비)","1126076","한우(갈비)","","2024","한우/냉동/무항생제/갈비/찜용/2.5*3 (cm)/5kg"
"축산물","한우","한우(우둔)","1126077","한우(우둔)","","2024년","한우/냉장/1등급/우둔/짜장,카레용/1*1*1(cm)/5kg"
"축산물","한우","한우(우둔)","1126078","한우(우둔)","","2024년","한우/냉장/무항생제/우둔/짜장,카레용/1*1*1(cm)/5kg"
"수산물","어류","삼치","1126079","삼치살(99%가시제거)","","2023년","삼치순살(뼈제거 99%),토막당 40g내외/500g"
"수산물","어류","연어살","1126080","연어살","","2023년","연어살 냉동(손질) 강정용, 커틀릿용,토막당 40g내외/칠레산/500g"
"수산물","건어물","미역","1126081","미역줄기","","2023년","염장 미역줄기(소금 30%이하)/500g"
"수산물","연체류","오징어","1126082","오징어(채)","","2023년","오징어 선동(껍질유), 기본채, 다리.귀포함/500g"
"수산물","연체류","오징어","1126083","오징어(채,껍질제거)","","2023년","오징어 선동(껍질제거), 기본채, 다리.귀포함/500g"
"수산물","연체류","오징어","1126084","오징어(몸채,껍질제거)","","2023년","오징어 선동(껍질제거), 몸통채/500g"
"수산물","패류","전복","1126085","전복살(냉동)","","2023년","전복 냉동(살) 12미/650g/수입산/500g/"
"축산물","한우","한우(우둔)","1126086","한우(우둔)","","2024년","한우/냉장/2등급/우둔/짜장,카레용/1*1*1(cm)/3kg"
"축산물","한우","한우(우둔)","1126087","한우(우둔)","","2024년","한우/냉장/2등급/우둔/짜장,카레용/1*1*1(cm)/5kg"
"축산물","한우","한우(등심)","1126088","한우(등심)","","2024","한우/냉장/1등급/등심/구이,스테이크용/0.7cm 구이용 슬라이스/5kg"
"축산물","한우","한우(전각)","1126089","한우(전각)","","2024년","한우/냉장/무항생제/앞다리(전각)/불고기/0.2*3*4 (cm)/5kg"
"축산물","한우","한우(등심)","1126090","한우(등심)","","2024","한우/냉장/2등급/등심/구이,스테이크용/0.7cm 구이용 슬라이스/3kg"
"축산물","한우","한우(등심)","1126091","한우(등심)","","2024","한우/냉장/무항생제/등심/구이,스테이크용/0.7cm 구이용 슬라이스/3kg"
"축산물","한우","한우(등심)","1126092","한우(등심)","","2024","한우/냉장/1등급/등심/불고기/0.3*3*4(cm)/3kg"
"축산물","한우","한우(갈비)","1126093","한우(갈비)","","2024","한우/냉동/1등급/갈비/찜용/2.5*3 (cm)/3kg"
"축산물","한우","한우(갈비)","1126094","한우(갈비)","","2024","한우/냉동/1등급/갈비/찜용/2.5*3 (cm)/5kg"
"축산물","한우","한우(갈비)","1126095","한우(갈비)","","2024","한우/냉동/2등급/갈비/찜용/2.5*3 (cm)/5kg"
"축산물","한우","한우(우둔)","1126096","한우(우둔)","","2024년","한우/냉장/1등급/우둔/짜장,카레용/1*1*1(cm)/3kg"
"수산물","어류","붉은메기","1126097","홍메기살(킹구살)","","2023년","붉은메기 냉동(킹구포) 절단,토막당 40g내외/500g"
"수산물","어류","붕장어","1126098","붕장어포","","2023년","붕장어 냉동(살) 절단,토막당 40g내외/500g"
"축산물","한우","한우(우둔)","1126099","한우(우둔)","","2024년","한우/냉장/무항생제/우둔/짜장,카레용/1*1*1(cm)/3kg"
"수산물","어류","아귀","1126100","아귀살","","2023년","아귀순살(뼈제거 99%),토막당 40g내외/500g"
"수산물","연체류","오징어","1126101","오징어(몸채)","","2023년","오징어 선동(껍질유), 몸통채/500g"
"수산물","어류","임연수어","1126102","임연수살(99%가시제거)","","2023년","임연수어순살(뼈제거 99%)/수입산/500g"
"축산물","한우","한우(등심)","1126103","한우(등심)","","2024","한우/냉장/1등급/등심/구이,스테이크용/0.7cm 구이용 슬라이스/3kg"
"축산물","한우","한우(전각)","1126104","한우(전각)","","2024년","한우/냉장/무항생제/앞다리(전각)/불고기/0.2*3*4 (cm)/3kg"
"축산물","한우","한우(등심)","1126105","한우(등심)","","2024","한우/냉장/2등급/등심/구이,스테이크용/0.7cm 구이용 슬라이스/5kg"
"축산물","한우","한우(등심)","1126106","한우(등심)","","2024","한우/냉장/무항생제/등심/구이,스테이크용/0.7cm 구이용 슬라이스/5kg"
"수산물","어류","조기","1126107","조기포","","2023년","조기 냉동(포) 40g/수입산/500g"
"수산물","건어물","건오징어","1126108","진미채(백진미,국내산)","","2023년","조미포 백진미채/500g"
"축산물","한우","한우(전각)","1126109","한우(전각)","","2024년","한우/냉장/무항생제/앞다리(전각)/국거리,세절/0.3*2*3 (cm)/5kg"
"수산물","건어물","쥐치","1126110","쥐치포(절단)","","2023년","쥐치포(절단)/수입산/500g"
"수산물","건어물","건명태","1126111","코다리살(99%가시제거)","","2023년","코다리순살(뼈제거 99%),토막당 40g내외/수입산/500g"
"축산물","한우","한우(전각)","1126112","한우(전각)","","2024년","한우/냉장/2등급/앞다리(전각)/국거리,세절/0.3*2*3 (cm)/3kg"
"축산물","한우","한우(등심)","1126113","한우(등심)","","2024","한우/냉장/1등급/등심/불고기/0.3*3*4(cm)/5kg"
"축산물","한우","한우(등심)","1126114","한우(등심)","","2024","한우/냉장/무항생제/등심/불고기/0.3*3*4(cm)/3kg"
"축산물","한우","한우(전각)","1126115","한우(전각)","","2024년","한우/냉장/무항생제/앞다리(전각)/국거리,세절/0.3*2*3 (cm)/3kg"
"수산물","건어물","건오징어","1126116","진미채(백진미,페루산)","","2023년","조미포 백진미채/수입산/500g"
"수산물","건어물","건오징어","1126117","진미채(참진미,국내산)","","2023년","조미포 참진미채/500g"
"축산물","한우","한우(전각)","1126118","한우(전각)","","2024년","한우/냉장/2등급/앞다리(전각)/불고기/0.2*3*4 (cm)/3kg"
"수산물","건어물","건오징어","1126119","진미채(참진미,페루산)","","2023년","조미포 참진미채/수입산/500g"
"축산물","한우","한우(전각)","1126120","한우(전각)","","2024년","한우/냉장/2등급/앞다리(전각)/불고기/0.2*3*4 (cm)/5kg"
"수산물","연체류","쭈꾸미","1126121","주꾸미(국내산)","","2023년","주꾸미 냉동(손질) 냉동, 기본채/500g"
"수산물","연체류","쭈꾸미","1126122","주꾸미(베트남산)","","2023년","주꾸미 냉동(손질) 냉동, 기본채/수입산/500g"
"수산물","갑각류","새우","1126123","새우(30미/500g/pac)","","2023년","흰다리새우 냉동 30미/500g/수입산/500g"
"축산물","한우","한우(전각)","1126124","한우(전각)","","2024년","한우/냉장/2등급/앞다리(전각)/국거리,세절/0.3*2*3 (cm)/5kg"
"수산물","건어물","멸치","1126125","건멸치(국물용)","","2023년","대멸치(다시)/국물용/300g"
"수산물","건어물","멸치","1126126","건멸치(국물용)","","2023년","대멸치(다시)/국물용/500g"
"수산물","갑각류","새우","1126127","백새우살","","2023년","백새우살 , 냉동/1kg"
"수산물","갑각류","새우","1126128","백새우살","","2023년","백새우살 , 냉동/500g"
"수산물","건어물","멸치","1126129","건멸치(지리)","","2023년","세멸치(지리)/볶음조림용/300g/"
"수산물","건어물","멸치","1126130","건멸치(지리)","","2023년","세멸치(지리)/볶음조림용/500g"
"수산물","젓갈류","오징어젓","1126131","젓갈(오징어젓)","","2023년","오징어 젓(오징어젓,양념) 오징어젓/500g"
"수산물","갑각류","새우","1126132","칵테일새우살,71-90","","2023년","칵테일새우 자숙(탈각) 71/90, 6~7g/수입산/500g"
"수산물","건어물","건명태","1126133","북어","","2023년","통북어, 30cm이상(머리포함)/수입산/500g"
"수산물","어류","명란(알)","1126134","젓갈(명란젓)","","2023년","명란(알) 양념명란젓 中/수입산/500g"
"수산물","건어물","멸치","1126135","건멸치(지가이리)","","2023년","소멸치(지가이리)/볶음조림용/300g"
"수산물","건어물","멸치","1126136","건멸치(지가이리)","","2023년","소멸치(지가이리)/볶음조림용/500g"
"수산물","건어물","멸치","1126137","건멸치(가이리)","","2023년","중멸치(가이리)/볶음조림용/300g"
"수산물","건어물","멸치","1126138","건멸치(가이리)","","2023년","중멸치(가이리)/볶음조림용/500g"
"수산물","갑각류","새우","1126139","칵테일새우살,71-90","","2023년","칵테일새우 자숙(탈각) 71/90, 6~7g/수입산/1kg"
"수산물","어류","가자미","1126140","가자미살(99%가시제거)","","2024","가자미순살(뼈제거 99%),토막당 40g내외/수입산/500g"
"수산물","어류","갈치","1126141","갈치포","","2023/2024","갈치 냉동(포) 절단,토막당 20g내외/1kg"
"수산물","건어물","건다시마","1126142","건다시마(기장)","","2024","건다시마 국물용, 기장/500g"
"수산물","건어물","미역","1126143","건미역","","2024","건실미역/300g"
"수산물","건어물","건파래","1126146","건파래찢은것","","2024","건파래(파쇄)/500g"
"수산물","건어물","건홍합","1126147","건홍합살","","2024","건홍합살 자건품/500g"
"수산물","갑각류","게","1126148","꽃게(숫게)","","2024","꽃게 냉동(손질) 4절단/500g"
"수산물","갑각류","게","1126149","꽃게(암게)","","2024","꽃게 냉동(손질) 4절단, 암게/500g"
"수산물","건어물","건새우","1126150","건새우(두절건새우)","","2024","꽃새우(독새우) 자건품 두절새우, 3cm내외/500g"
"축산물","한우","한우(목심)","1126151","한우(목심)","","2024","한우/냉장/1등급/목심/불고기/0.2*3*4 (cm)/3kg"
"수산물","연체류","낙지","1126152","낙지채","","2024","낙지 냉동(손질) 기본채/수입산/500g"
"수산물","갑각류","새우","1126153","흰다리새우살","","2023년","흰다리새우살, 냉동, 71/90, 6~7g/수입산/1kg"
"수산물","갑각류","새우","1126154","흰다리새우살","","2023년","흰다리새우살, 냉동, 71/90, 6~7g/수입산/500g"
"수산물","어류","갈치","1126155","갈치포","","2024","갈치 냉동(포) 절단,토막당 40g내외/수입산/500g"
"수산물","어류","갈치","1126156","갈치포","","2023/2024","갈치 냉동(포) 절단,토막당 20g내외/500g"
"축산물","한우","한우(등심)","1126157","한우(등심)","","2024","한우/냉장/무항생제/등심/불고기/0.3*3*4(cm)/5kg"
"수산물","건어물","꼴뚜기","1126158","건꼴뚜기","","2024","건꼴뚜기 자건품/500g"
"수산물","건어물","건다시마","1126159","건다시마","","2024","건다시마, 국물용/500g"
"수산물","건어물","건다시마","1126160","건다시마(다시마절단)","","2023/2024","건다시마, 절단/500g/"
"수산물","건어물","미역","1126161","건미역","","2024","건미역(기장)/500g"
"축산물","한우","한우(전각)","1126162","한우(전각)","","2024년","한우/냉장/1등급/앞다리(전각)/국거리,세절/0.3*2*3 (cm)/3kg"
"축산물","한우","한우(등심)","1126163","한우(등심)","","2024","한우/냉장/2등급/등심/불고기/0.3*3*4(cm)/3kg"
"축산물","한우","한우(전각)","1126164","한우(전각)","","2024년","한우/냉장/1등급/앞다리(전각)/국거리,세절/0.3*2*3 (cm)/5kg"
"수산물","건어물","미역","1126165","건미역(절단)","","2024","건미역(절단)/500g"
"축산물","한우","한우(등심)","1126166","한우(등심)","","2024","한우/냉장/2등급/등심/불고기/0.3*3*4(cm)/5kg"
"수산물","건어물","건새우","1126167","건새우(건홍새우)","","2024","건홍새우/수입산/500g"
"수산물","건어물","건새우","1126168","건새우(건홍새우)","","2024","건홍새우/500g"
"수산물","어류","고등어","1126169","고등어살(99%가시제거)","","2024","고등어순살(뼈제거 99%),토막당 40g내외/500g"
"수산물","어류","고등어","1126170","고등어살(99%가시제거)","","2024","고등어순살(뼈제거 99%),토막당 40g내외/수입산/500g"
"축산물","한우","한우(목심)","1126171","한우(목심)","","2024","한우/냉장/1등급/목심/불고기/0.2*3*4 (cm)/5kg"
"수산물","연체류","낙지","1126172","낙지채","","2024","낙지 냉동(손질) 기본채/500g"
"수산물","어류","날치","1126173","날치알","","2023/2024","날치알(냉동) 골드 800g/PAC 빙어알 혼합/수입산/800g"
"수산물","어류","날치","1126174","날치알","","2023/2024","날치알(냉동) 레드 900g/PAC 빙어알 혼합/수입산/900g"
"수산물","어류","명란(알)","1126175","명태곤이","","2024","냉동 명태곤이/수입산/500g"
"축산물","한우","한우(목심)","1126176","한우(목심)","","2024","한우/냉장/1등급/목심/샤브용/0.2*4*5 (cm)/3kg"
"수산물","어류","달고기","1126177","달고기살","","2024","달고기순살(유피)(뼈제거 99%),토막당 40g내외/500g"
"축산물","한우","한우(목심)","1126178","한우(목심)","","2024","한우/냉장/무항생제/목심/샤브용/0.2*4*5 (cm)/3kg"
"축산물","한우","한우(전각)","1126179","한우(전각)","","2024년","한우/냉장/1등급/앞다리(전각)/불고기/0.2*3*4 (cm)/3kg"
"축산물","한우","한우(목심)","1126180","한우(목심)","","2024","한우/냉장/2등급/목심/샤브용/0.2*4*5 (cm)/3kg"
"축산물","가금류","닭고기","1126181","닭고기/가슴살(껍질무)/한국육계유통","체리부로","2024년","닭고기/무항생제/가슴살(껍질무)/뼈없음/구이,볶음용,육수용/1㎝×5㎝/500g"
"수산물","건어물","건오징어","1126182","반건오징어몸통채","","2025","반건오징어채(몸통)/500g"
"축산물","한우","한우(목심)","1126183","한우(목심)","","2024","한우/냉장/2등급/목심/불고기/0.2*3*4 (cm)/3kg"
"축산물","한우","한우(목심)","1126184","한우(목심)","","2024","한우/냉장/2등급/목심/불고기/0.2*3*4 (cm)/5kg"
"축산물","한우","한우(채끝)","1126185","한우(채끝)","","2024년","한우/냉장/1등급/채끝/구이,스테이크용/0.7cm 구이용 슬라이스/5kg"
"수산물","갑각류","새우","1126186","백새우살","","2024","백새우살 , 냉동/500g"
"축산물","한우","한우(채끝)","1126187","한우(채끝)","","2024년","한우/냉장/무항생제/채끝/구이,스테이크용/0.7cm 구이용 슬라이스/3kg"
"축산물","한우","한우(채끝)","1126188","한우(채끝)","","2024년","한우/냉장/무항생제/채끝/구이,스테이크용/0.7cm 구이용 슬라이스/5kg"
"축산물","한우","한우(채끝)","1126189","한우(채끝)","","2024년","한우/냉장/2등급/채끝/구이,스테이크용/0.7cm 구이용 슬라이스/5kg"
"축산물","한우","한우(채끝)","1126190","한우(채끝)","","2024년","한우/냉장/1등급/채끝/불고기/0.3*3*4(cm)/1kg"
"축산물","한우","한우(채끝)","1126191","한우(채끝)","","2024년","한우/냉장/1등급/채끝/불고기/0.3*3*4(cm)/3kg"
"축산물","한우","한우(채끝)","1126192","한우(채끝)","","2024년","한우/냉장/무항생제/채끝/불고기/0.3*3*4(cm)/0.3kg"
"수산물","어류","날치","1126193","날치알","","2024","날치알(냉동) 골드 500g/PAC 빙어알 혼합/수입산/500g"
"수산물","어류","날치","1126194","날치알","","2023/2024","날치알(냉동) 레드 500g/PAC 빙어알 혼합/수입산/500g"
"수산물","어류","날치","1126195","날치알","","2023/2024","날치알(냉동) 레드 800g/PAC 빙어알 혼합/수입산/800g"
"수산물","어류","명란(알)","1126196","명란","","2024","냉동 명란/수입산/500g"
"축산물","한우","한우(목심)","1126197","한우(목심)","","2024","한우/냉장/1등급/목심/샤브용/0.2*4*5 (cm)/5kg"
"수산물","패류","논우렁이","1126198","논우렁이","","2024","논우렁이 냉동(살)/500g"
"수산물","어류","달고기","1126199","달고기살","","2024","달고기순살(무피)(뼈제거 99%),토막당 40g내외/500g"
"축산물","한우","한우(목심)","1126200","한우(목심)","","2024","한우/냉장/무항생제/목심/샤브용/0.2*4*5 (cm)/5kg"
"수산물","건어물","디포리","1126201","디포리","","2024","디포리/500g"
"축산물","한우","한우(전각)","1126202","한우(전각)","","2024년","한우/냉장/1등급/앞다리(전각)/불고기/0.2*3*4 (cm)/5kg"
"축산물","한우","한우(목심)","1126203","한우(목심)","","2024","한우/냉장/2등급/목심/샤브용/0.2*4*5 (cm)/5kg"
"수산물","건어물","건명태","1126204","명엽채","","2024","명태 맛포 명엽채/수입산/500g"
"축산물","가금류","닭고기","1126205","닭고기/가슴살(껍질무)/한국육계유통","체리부로","2024년","닭고기/무항생제/가슴살(껍질무)/뼈없음/구이,볶음용,육수용/1㎝×5㎝/300g"
"수산물","어류","명태","1126206","동태살(99%가시제거)","","2024","명태(동태순살)(뼈제거 99%),토막당 40g내외/수입산/500g"
"축산물","한우","한우(채끝)","1126207","한우(채끝)","","2024년","한우/냉장/1등급/채끝/구이,스테이크용/0.7cm 구이용 슬라이스/3kg"
"수산물","건어물","건오징어","1126208","반건오징어채","","2025","반건오징어채(몸통, 다리 포함)/500g"
"수산물","어류","방어","1126209","방어살","","2024","방어순살(뼈제거 99%),토막당 40g내외/500g"
"수산물","갑각류","새우","1126210","백새우살","","2024","백새우살 , 냉동/1kg"
"수산물","건어물","건명태","1126211","북어채/중국가공","","2024","북어채 중국가공/수입산/500g"
"축산물","한우","한우(목심)","1126212","한우(목심)","","2024","한우/냉장/무항생제/목심/불고기/0.2*3*4 (cm)/3kg"
"축산물","한우","한우(목심)","1126213","한우(목심)","","2024","한우/냉장/무항생제/목심/불고기/0.2*3*4 (cm)/5kg"
"축산물","한우","한우(채끝)","1126214","한우(채끝)","","2024년","한우/냉장/2등급/채끝/구이,스테이크용/0.7cm 구이용 슬라이스/3kg"
"축산물","한우","한우(채끝)","1126215","한우(채끝)","","2024년","한우/냉장/1등급/채끝/불고기/0.3*3*4(cm)/0.3kg"
"축산물","한우","한우(채끝)","1126216","한우(채끝)","","2024년","한우/냉장/1등급/채끝/불고기/0.3*3*4(cm)/0.5kg"
"축산물","가금류","닭고기","1126217","닭고기/가슴살(껍질무)/한국육계유통","체리부로","2024년","닭고기/무항생제/가슴살(껍질무)/뼈없음/찜,불고기,후라이드,치킨,육개장등/1㎝×1㎝(10g)/500g"
"축산물","가금류","닭고기","1126218","닭고기/가슴살(껍질무)/한국육계유통","체리부로","2024년","닭고기/무항생제/가슴살(껍질무)/뼈없음/찜,불고기,후라이드,치킨,육개장등/1㎝×1㎝(10g)/300g"
"축산물","한우","한우(채끝)","1126219","한우(채끝)","","2024년","한우/냉장/1등급/채끝/불고기/0.3*3*4(cm)/5kg"
"축산물","가금류","닭고기","1126220","닭고기/가슴살(껍질무)/한국육계유통","체리부로","2024년","닭고기/무항생제/가슴살(껍질무)/뼈없음/찜,불고기,후라이드,치킨,육개장등/2㎝×2㎝(15g)/500g"
"축산물","한우","한우(채끝)","1126221","한우(채끝)","","2024년","한우/냉장/2등급/채끝/불고기/0.3*3*4(cm)/1kg"
"축산물","한우","한우(채끝)","1126222","한우(채끝)","","2024년","한우/냉장/2등급/채끝/불고기/0.3*3*4(cm)/3kg"
"축산물","한우","한우(채끝)","1126223","한우(채끝)","","2024년","한우/냉장/2등급/채끝/불고기/0.3*3*4(cm)/5kg"
"축산물","가금류","닭고기","1126224","닭고기/가슴살(껍질무)/한국육계유통","체리부로","2024년","닭고기/무항생제/가슴살(껍질무)/뼈없음/육수용/2㎝×5㎝/300g"
"축산물","가금류","닭고기","1126225","닭고기/가슴살(껍질무)/한국육계유통","체리부로","2024년","닭고기/무항생제/가슴살(껍질무)/뼈없음/찜,불고기,후라이드,치킨,육개장등/3㎝×3㎝(20g~25g)/500g"
"축산물","가금류","닭고기","1126226","닭고기/가슴살(껍질무)/한국육계유통","체리부로","2024년","닭고기/무항생제/가슴살(껍질무)/뼈없음/후라이드,치킨,볶음,구이 등/40g 커틀렛/300g"
"축산물","가금류","닭고기","1126227","닭고기/가슴살(껍질무)/한국육계유통","체리부로","2024년","닭고기/무항생제/가슴살(껍질무)/뼈없음/후라이드,치킨,볶음,구이 등/다짐육(민찌)/500g"
"축산물","가금류","닭고기","1126228","닭고기/가슴살(껍질무)/한국육계유통","체리부로","2024년","닭고기/무항생제/가슴살(껍질무)/뼈없음/후라이드,치킨,볶음,구이 등/다짐육(민찌)/300g"
"수산물","어류","붉은메기","1126229","홍메기살(킹구살)","","2024","붉은메기 냉동(킹구포) 절단,토막당 40g내외/500g"
"수산물","어류","붕장어","1126230","붕장어포","","2024","붕장어 냉동(살) 절단,토막당 20g내외/500g"
"축산물","가금류","닭고기","1126231","닭고기/가슴살(껍질유)/한국육계유통","체리부로","2024년","닭고기/무항생제/가슴살(껍질유)/뼈없음/구이,볶음용,육수용/1㎝×5㎝/500g"
"축산물","가금류","닭고기","1126232","닭고기/가슴살(껍질유)/한국육계유통","체리부로","2024년","닭고기/무항생제/가슴살(껍질유)/뼈없음/구이,볶음용,육수용/1㎝×5㎝/300g"
"축산물","한우","한우(채끝)","1126233","한우(채끝)","","2024년","한우/냉장/무항생제/채끝/불고기/0.3*3*4(cm)/0.5kg"
"축산물","한우","한우(채끝)","1126234","한우(채끝)","","2024년","한우/냉장/무항생제/채끝/불고기/0.3*3*4(cm)/1kg"
"축산물","한우","한우(채끝)","1126235","한우(채끝)","","2024년","한우/냉장/무항생제/채끝/불고기/0.3*3*4(cm)/3kg"
"축산물","한우","한우(채끝)","1126236","한우(채끝)","","2024년","한우/냉장/무항생제/채끝/불고기/0.3*3*4(cm)/5kg"
"축산물","가금류","닭고기","1126237","닭고기/가슴살(껍질무)/한국육계유통","체리부로","2024년","닭고기/무항생제/가슴살(껍질무)/뼈없음/찜,불고기,후라이드,치킨,육개장등/2㎝×2㎝(15g)/300g"
"축산물","한우","한우(채끝)","1126238","한우(채끝)","","2024년","한우/냉장/2등급/채끝/불고기/0.3*3*4(cm)/0.3kg"
"축산물","한우","한우(채끝)","1126239","한우(채끝)","","2024년","한우/냉장/2등급/채끝/불고기/0.3*3*4(cm)/0.5kg"
"축산물","가금류","닭고기","1126240","닭고기/가슴살(껍질무)/한국육계유통","체리부로","2024년","닭고기/무항생제/가슴살(껍질무)/뼈없음/육수용/2㎝×5㎝/500g"
"축산물","가금류","닭고기","1126241","닭고기/가슴살(껍질무)/한국육계유통","체리부로","2024년","닭고기/무항생제/가슴살(껍질무)/뼈없음/찜,불고기,후라이드,치킨,육개장등/3㎝×3㎝(20g~25g)/300g"
"축산물","가금류","닭고기","1126242","닭고기/가슴살(껍질무)/한국육계유통","체리부로","2024년","닭고기/무항생제/가슴살(껍질무)/뼈없음/후라이드,치킨,볶음,구이 등/40g 커틀렛/500g"
"수산물","건어물","건명태","1126243","북어채/국내가공","","2024","북어채(황태채) 국내가공/수입산/500g"
"축산물","가금류","닭고기","1126244","닭고기/가슴살(껍질무)/한국육계유통","체리부로","2024년","닭고기/무항생제/가슴살(껍질무)/뼈없음/찜,불고기,후라이드,치킨,육개장등/통,120g~140g/500g"
"축산물","가금류","닭고기","1126245","닭고기/가슴살(껍질무)/한국육계유통","체리부로","2024년","닭고기/무항생제/가슴살(껍질무)/뼈없음/찜,불고기,후라이드,치킨,육개장등/통,120g~140g/300g"
"수산물","어류","삼치","1126246","삼치살(99%가시제거)","","2024","삼치순살(뼈제거 99%),토막당 40g내외/500g"
"수산물","어류","아귀","1126247","아귀살","","2024","아귀순살(뼈제거 99%),토막당 40g내외/500g"
"축산물","가금류","닭고기","1126248","닭고기/가슴살(껍질유)/한국육계유통","체리부로","2024년","닭고기/무항생제/가슴살(껍질유)/뼈없음/닭찜,후라이드,치킨 등/1㎝×1㎝(10g)/300g"
"축산물","가금류","닭고기","1126249","닭고기/가슴살(껍질유)/한국육계유통","체리부로","2024년","닭고기/무항생제/가슴살(껍질유)/뼈없음/볶음용,스테이크,샐러드 등/2㎝×2㎝(15g)/500g"
"축산물","가금류","닭고기","1126250","닭고기/가슴살(껍질유)/한국육계유통","체리부로","2024년","닭고기/무항생제/가슴살(껍질유)/뼈없음/볶음용,스테이크,샐러드 등/2㎝×2㎝(15g)/300g"
"수산물","어류","임연수어","1126251","임연수살(99%가시제거)","","2024","임연수어순살(뼈제거 99%),토막당 40g내외/수입산/500g"
"수산물","어류","조기","1126252","조기포","","2024","조기 냉동(포) 30~40g/수입산/500g"
"수산물","어류","연어살","1126253","연어살","","2024","연어살 냉동(손질) 강정용, 커틀릿용,토막당 40g내외/칠레산/500g"
"축산물","가금류","닭고기","1126254","닭고기/가슴살(껍질유)/한국육계유통","체리부로","2024년","닭고기/무항생제/가슴살(껍질유)/뼈없음/닭찜,후라이드,치킨 등/1㎝×1㎝(10g)/500g"
"수산물","건어물","미역","1126255","미역줄기","","2024","염장 미역줄기(소금 30%이하)/500g"
"수산물","연체류","오징어","1126256","오징어(채)","","2024","오징어 선동(껍질유), 기본채, 다리.귀포함/500g"
"수산물","연체류","오징어","1126257","오징어(몸채)","","2024","오징어 선동(껍질유), 몸통채/500g"
"수산물","연체류","오징어","1126258","오징어(채,껍질제거)","","2024","오징어 선동(껍질제거), 기본채, 다리.귀포함/500g"
"수산물","연체류","오징어","1126259","오징어(몸채,껍질제거)","","2024","오징어 선동(껍질제거), 몸통채/500g"
"수산물","패류","전복","1126260","전복살(냉동)","","2023/2024","전복 냉동(살) 12미/650g/수입산/500g/"
"축산물","가금류","닭고기","1126261","닭고기/가슴살(껍질유)/한국육계유통","체리부로","2024년","닭고기/무항생제/가슴살(껍질유)/뼈없음/육수용/2㎝×5㎝/500g"
"수산물","건어물","건오징어","1126262","진미채(백진미,국내산)","","2024","조미포 백진미채/500g"
"수산물","건어물","건오징어","1126263","진미채(참진미,국내산)","","2024","조미포 참진미채/500g"
"수산물","연체류","쭈꾸미","1126264","주꾸미(국내산)","","2024","주꾸미 냉동(손질) 냉동, 기본채/500g"
"축산물","가금류","닭고기","1126265","닭고기/가슴살(껍질유)/한국육계유통","체리부로","2024년","닭고기/무항생제/가슴살(껍질유)/뼈없음/볶음용,스테이크,샐러드 등/3㎝×3㎝(20g~25g)/500g"
"축산물","가금류","닭고기","1126266","닭고기/가슴살(껍질유)/한국육계유통","체리부로","2024년","닭고기/무항생제/가슴살(껍질유)/뼈없음/볶음용,스테이크,샐러드 등/3㎝×3㎝(20g~25g)/300g"
"수산물","갑각류","새우","1126267","칵테일새우살,71-90","","2023/2024","칵테일새우 자숙(탈각) 71/90, 6~7g/수입산/500g/"
"수산물","건어물","건명태","1126268","북어","","2024","통북어, 30cm이상(머리포함)/수입산/500g"
"축산물","가금류","닭고기","1126269","닭고기/가슴살(껍질유)/한국육계유통","체리부로","2024년","닭고기/무항생제/가슴살(껍질유)/뼈없음/후라이드,닭찜,볶음,구이 등/다짐육(민찌)/500g"
"수산물","어류","대구","1126270","대구살","","2023년","대구 냉동(포) 절단, 토막당 20g내외/수입산/1kg"
"수산물","어류","대구","1126271","대구살","","2023년","대구 냉동(포) 절단, 토막당 20g내외/수입산/500g"
"수산물","건어물","멸치","1126272","건멸치(국물용)","","2024","대멸치(다시)/국물용/500g"
"축산물","가금류","닭고기","1126273","닭고기/가슴살(껍질유)/한국육계유통","체리부로","2024년","닭고기/무항생제/가슴살(껍질유)/뼈없음/육수용/2㎝×5㎝/300g"
"수산물","건어물","건오징어","1126274","진미채(백진미,수입산)","","2024","조미포 백진미채/수입산/500g"
"수산물","건어물","건오징어","1126275","진미채(참진미,페루산)","","2024","조미포 참진미채/페루산/500g"
"수산물","연체류","쭈꾸미","1126276","주꾸미(베트남산)","","2024","주꾸미 냉동(손질) 냉동, 기본채/수입산/500g"
"수산물","건어물","쥐치","1126277","쥐치포(절단)","","2024","쥐치포(절단)/수입산/500g"
"수산물","건어물","건명태","1126278","코다리살(99%가시제거)","","2024","코다리순살(뼈제거 99%),토막당 40g내외/수입산/1kg"
"축산물","가금류","닭고기","1126279","닭고기/가슴살(껍질유)/한국육계유통","체리부로","2024년","닭고기/무항생제/가슴살(껍질유)/뼈없음/후라이드,닭찜,볶음,구이 등/40g 커틀렛/500g"
"축산물","가금류","닭고기","1126280","닭고기/가슴살(껍질유)/한국육계유통","체리부로","2024년","닭고기/무항생제/가슴살(껍질유)/뼈없음/후라이드,닭찜,볶음,구이 등/40g 커틀렛/300g"
"수산물","갑각류","새우","1126281","흰다리새우살","","2024","흰다리새우살, 냉동, 71/90, 6~7g/수입산/1kg"
"수산물","갑각류","새우","1126282","흰다리새우살","","2024","흰다리새우살, 냉동, 71/90, 6~7g/수입산/500g"
"축산물","가금류","닭고기","1126283","닭고기/가슴살(껍질유)/한국육계유통","체리부로","2024년","닭고기/무항생제/가슴살(껍질유)/뼈없음/후라이드,닭찜,볶음,구이 등/다짐육(민찌)/300g"
"수산물","건어물","멸치","1126284","건멸치(국물용)","","2024","대멸치(다시)/국물용/300g"
"수산물","건어물","멸치","1126285","건멸치(지리)","","2024","세멸치(지리)/볶음조림용/500g"
"축산물","가금류","닭고기","1126286","닭고기/가슴살(껍질유)/한국육계유통","체리부로","2024년","닭고기/무항생제/가슴살(껍질유)/뼈없음/닭찜,후라이드,치킨 등/통,120g~140g/500g"
"수산물","건어물","멸치","1126287","건멸치(지가이리)","","2024","소멸치(지가이리)/볶음조림용/500g"
"축산물","한우","한우(사골)","1126288","한우(사골)","","2024","한우/냉동/2등급/사골/탕,국용/3cm 절단/3kg"
"축산물","한우","한우(사골)","1126289","한우(사골)","","2024","한우/냉동/2등급/사골/탕,국용/3cm 절단/5kg"
"축산물","한우","한우(사태)","1126290","한우(사태)","","2024","한우/냉장/1등급/사태/수육용/200g~300g 덩어리/5kg"
"축산물","가금류","닭고기","1126291","닭고기/안심/한국육계유통","체리부로","2024년","닭고기/무항생제/안심/뼈없음/후라이드,치킨,닭찜,스테이크,구이 등/다짐육(민찌)/300g"
"축산물","한우","한우(사태)","1126292","한우(사태)","","2024","한우/냉장/무항생제/사태/장조림/2*2*2(cm)/5kg"
"수산물","건어물","멸치","1126293","건멸치(지리)","","2024","세멸치(지리)/볶음조림용/300g"
"수산물","건어물","멸치","1126294","건멸치(지가이리)","","2024","소멸치(지가이리)/볶음조림용/300g"
"축산물","가금류","닭고기","1126295","닭고기/가슴살(껍질유)/한국육계유통","체리부로","2024년","닭고기/무항생제/가슴살(껍질유)/뼈없음/닭찜,후라이드,치킨 등/통,120g~140g/300g"
"수산물","건어물","멸치","1126296","건멸치(가이리)","","2024","중멸치(가이리)/볶음조림용/300g"
"수산물","건어물","멸치","1126297","건멸치(가이리)","","2024","중멸치(가이리)/볶음조림용/500g"
"축산물","가금류","닭고기","1126298","닭고기/북채(닭다리)/한국육계유통","체리부로","2024년","닭고기/무항생제/북채(닭다리)/뼈있음/닭찜,볶음탕,후라이드,치킨 등/개당95g~100g/500g"
"축산물","가금류","닭고기","1126299","닭고기/북채(닭다리)/한국육계유통","체리부로","2024년","닭고기/무항생제/북채(닭다리)/뼈있음/닭찜,볶음탕,후라이드,치킨 등/개당95g~100g/300g"
"축산물","한우","한우(사태)","1126300","한우(사태)","","2024","한우/냉장/1등급/사태/수육용/200g~300g 덩어리/3kg"
"축산물","가금류","닭고기","1126301","닭고기/봉(윗날개)/한국육계유통","체리부로","2024년","닭고기/무항생제/봉(윗날개)/뼈있음/닭찜,볶음탕,후라이드,치킨 등/개당40g/500g"
"축산물","가금류","닭고기","1126302","닭고기/봉(윗날개)/한국육계유통","체리부로","2024년","닭고기/무항생제/봉(윗날개)/뼈있음/닭찜,볶음탕,후라이드,치킨 등/개당40g/300g"
"축산물","한우","한우(사태)","1126303","한우(사태)","","2024","한우/냉장/1등급/사태/장조림/2*2*2(cm)/3kg"
"축산물","한우","한우(사태)","1126304","한우(사태)","","2024","한우/냉장/1등급/사태/장조림/2*2*2(cm)/5kg"
"축산물","가금류","닭고기","1126305","닭고기/안심/한국육계유통","체리부로","2024년","닭고기/무항생제/안심/뼈없음/후라이드,치킨,닭찜,스테이크,구이 등/다짐육(민찌)/500g"
"축산물","한우","한우(사태)","1126306","한우(사태)","","2024","한우/냉장/무항생제/사태/장조림/2*2*2(cm)/3kg"
"축산물","한우","한우(사태)","1126307","한우(사태)","","2024","한우/냉장/2등급/사태/장조림/2*2*2(cm)/3kg"
"축산물","가금류","닭고기","1126308","닭고기/안심/한국육계유통","체리부로","2024년","닭고기/무항생제/안심/뼈없음/후라이드,치킨,닭찜,스테이크,구이 등/10g 3등분/500g"
"축산물","가금류","닭고기","1126309","닭고기/안심/한국육계유통","체리부로","2024년","닭고기/무항생제/안심/뼈없음/후라이드,치킨,닭찜,스테이크,구이 등/15~20g/500g"
"축산물","가금류","닭고기","1126310","닭고기/안심/한국육계유통","체리부로","2024년","닭고기/무항생제/안심/뼈없음/후라이드,치킨,닭찜,스테이크,구이 등/15~20g/300g"
"축산물","한우","한우(사태)","1126311","한우(사태)","","2024","한우/냉장/무항생제/사태/수육용/200g~300g 덩어리/3kg"
"축산물","가금류","닭고기","1126312","닭고기/윙(아랫날개)/한국육계유통","체리부로","2024년","닭고기/무항생제/윙(아랫날개)/뼈있음/닭찜,후라이드,치킨,숯불구이 등/개당25~30g/500g"
"축산물","한우","한우(사태)","1126313","한우(사태)","","2024","한우/냉장/2등급/사태/장조림/2*2*2(cm)/5kg"
"축산물","가금류","닭고기","1126314","닭고기/안심/한국육계유통","체리부로","2024년","닭고기/무항생제/안심/뼈없음/후라이드,치킨,닭찜,스테이크,구이 등/10g 3등분/300g"
"축산물","한우","한우(사태)","1126315","한우(사태)","","2024","한우/냉장/무항생제/사태/수육용/200g~300g 덩어리/5kg"
"축산물","한우","한우(사태)","1126316","한우(사태)","","2024","한우/냉장/2등급/사태/수육용/200g~300g 덩어리/3kg"
"축산물","가금류","닭고기","1126317","닭고기/안심/한국육계유통","체리부로","2024년","닭고기/무항생제/안심/뼈없음/후라이드,치킨,닭찜,스테이크,구이 등/30g/500g"
"축산물","한우","한우(사태)","1126318","한우(사태)","","2024","한우/냉장/2등급/사태/수육용/200g~300g 덩어리/5kg"
"축산물","가금류","닭고기","1126319","닭고기/안심/한국육계유통","체리부로","2024년","닭고기/무항생제/안심/뼈없음/후라이드,치킨,닭찜,스테이크,구이 등/30g/300g"
"축산물","가금류","닭고기","1126320","닭고기/윙(아랫날개)/한국육계유통","체리부로","2024년","닭고기/무항생제/윙(아랫날개)/뼈있음/닭찜,후라이드,치킨,숯불구이 등/개당25~30g/300g"
"축산물","한우","한우(설도)","1126321","한우(설도)","","2024","한우/냉장/1등급/설도/다짐육/3kg"
"축산물","한우","한우(설도)","1126322","한우(설도)","","2024","한우/냉장/1등급/설도/다짐육/5kg"
"축산물","한우","한우(설도)","1126323","한우(설도)","","2024","한우/냉장/무항생제/설도/다짐육/3kg"
"축산물","한우","한우(설도)","1126324","한우(설도)","","2024","한우/냉장/무항생제/설도/다짐육/5kg"
"축산물","한우","한우(설도)","1126325","한우(설도)","","2024","한우/냉장/2등급/설도/다짐육/5kg"
"축산물","한우","한우(설도)","1126326","한우(설도)","","2024","한우/냉장/1등급/설도/샤브용/0.2*4*5 (cm)/5kg"
"수산물","건어물","가다랭이","1126327","가다랭이포/고명용","","2023년","가다랭이포 반건품, 고명용/수입산/500g"
"축산물","한우","한우(설도)","1126328","한우(설도)","","2024","한우/냉장/무항생제/설도/샤브용/0.2*4*5 (cm)/5kg"
"수산물","어류","가자미","1126329","가자미살(99%가시제거)","","2023년","가자미순살(뼈제거 99%)/수입산/500g"
"수산물","어류","갈치","1126330","갈치포","","2023년","갈치 냉동(포) 절단/수입산/500g"
"수산물","어류","갈치","1126331","갈치포","","2023년","갈치 냉동(포) 절단,토막당 20g내외/500g"
"축산물","한우","한우(설도)","1126332","한우(설도)","","2024","한우/냉장/1등급/설도/짜장,카레용/1*1*1 (cm)/0.5kg"
"축산물","가금류","닭고기","1126333","닭고기/절단육(껍질무)/한국육계유통","체리부로","2024년","닭고기/무항생제/절단육(껍질무)/뼈있음/닭찜,후라이드,치킨,숯불구이 등/30g/500g"
"축산물","가금류","닭고기","1126334","닭고기/절단육(껍질무)/한국육계유통","체리부로","2024년","닭고기/무항생제/절단육(껍질무)/뼈있음/닭찜,후라이드,치킨,숯불구이 등/30g/300g"
"축산물","한우","한우(설도)","1126335","한우(설도)","","2024","한우/냉장/2등급/설도/다짐육/3kg"
"수산물","건어물","가다랭이","1126336","가다랭이포/국물용","","2023년","가다랭이포 반건품, 국물용/수입산/500g"
"축산물","한우","한우(설도)","1126337","한우(설도)","","2024","한우/냉장/1등급/설도/샤브용/0.2*4*5 (cm)/3kg"
"축산물","한우","한우(설도)","1126338","한우(설도)","","2024","한우/냉장/무항생제/설도/샤브용/0.2*4*5 (cm)/3kg"
"수산물","어류","갈치","1126339","갈치포","","2023년","갈치 냉동(포) 절단,토막당 20g내외/1kg"
"축산물","한우","한우(설도)","1126340","한우(설도)","","2024","한우/냉장/2등급/설도/샤브용/0.2*4*5 (cm)/3kg"
"축산물","한우","한우(설도)","1126341","한우(설도)","","2024","한우/냉장/2등급/설도/샤브용/0.2*4*5 (cm)/5kg"
"수산물","건어물","꼴뚜기","1126342","건꼴뚜기","","2023년","건꼴뚜기 자건품/500g"
"축산물","한우","한우(설도)","1126343","한우(설도)","","2024","한우/냉장/1등급/설도/짜장,카레용/1*1*1 (cm)/0.3kg"
"축산물","한우","한우(설도)","1126344","한우(설도)","","2024","한우/냉장/무항생제/설도/짜장,카레용/1*1*1 (cm)/0.3kg"
"축산물","한우","한우(설도)","1126345","한우(설도)","","2024","한우/냉장/무항생제/설도/짜장,카레용/1*1*1 (cm)/3kg"
"축산물","한우","한우(설도)","1126346","한우(설도)","","2024","한우/냉장/2등급/설도/짜장,카레용/1*1*1 (cm)/0.3kg"
"축산물","한우","한우(설도)","1126347","한우(설도)","","2024","한우/냉장/2등급/설도/짜장,카레용/1*1*1 (cm)/1kg"
"축산물","한우","한우(설도)","1126348","한우(설도)","","2024","한우/냉장/2등급/설도/짜장,카레용/1*1*1 (cm)/5kg"
"축산물","한우","한우(설도)","1126349","한우(설도)","","2024","한우/냉장/무항생제/설도/채썰기/0.4*0.4*5(cm)/0.3kg"
"축산물","한우","한우(설도)","1126350","한우(설도)","","2024","한우/냉장/무항생제/설도/채썰기/0.4*0.4*5(cm)/0.5kg"
"축산물","한우","한우(설도)","1126351","한우(설도)","","2024","한우/냉장/무항생제/설도/채썰기/0.4*0.4*5(cm)/3kg"
"축산물","한우","한우(설도)","1126352","한우(설도)","","2024","한우/냉장/무항생제/설도/채썰기/0.4*0.4*5(cm)/5kg"
"축산물","한우","한우(설도)","1126353","한우(설도)","","2024","한우/냉장/1등급/설도/짜장,카레용/1*1*1 (cm)/3kg"
"축산물","한우","한우(설도)","1126354","한우(설도)","","2024","한우/냉장/1등급/설도/짜장,카레용/1*1*1 (cm)/5kg"
"축산물","한우","한우(설도)","1126355","한우(설도)","","2024","한우/냉장/1등급/설도/짜장,카레용/1*1*1 (cm)/1kg"
"축산물","한우","한우(설도)","1126356","한우(설도)","","2024","한우/냉장/무항생제/설도/짜장,카레용/1*1*1 (cm)/0.5kg"
"축산물","한우","한우(설도)","1126357","한우(설도)","","2024","한우/냉장/무항생제/설도/짜장,카레용/1*1*1 (cm)/1kg"
"축산물","한우","한우(설도)","1126358","한우(설도)","","2024","한우/냉장/무항생제/설도/짜장,카레용/1*1*1 (cm)/5kg"
"축산물","한우","한우(설도)","1126359","한우(설도)","","2024","한우/냉장/2등급/설도/짜장,카레용/1*1*1 (cm)/0.5kg"
"축산물","한우","한우(설도)","1126360","한우(설도)","","2024","한우/냉장/2등급/설도/짜장,카레용/1*1*1 (cm)/3kg"
"축산물","한우","한우(설도)","1126361","한우(설도)","","2024","한우/냉장/1등급/설도/채썰기/0.4*0.4*5(cm)/0.3kg"
"축산물","한우","한우(설도)","1126362","한우(설도)","","2024","한우/냉장/1등급/설도/채썰기/0.4*0.4*5(cm)/0.5kg"
"축산물","한우","한우(설도)","1126363","한우(설도)","","2024","한우/냉장/1등급/설도/채썰기/0.4*0.4*5(cm)/3kg"
"축산물","한우","한우(설도)","1126364","한우(설도)","","2024","한우/냉장/1등급/설도/채썰기/0.4*0.4*5(cm)/5kg"
"축산물","한우","한우(설도)","1126365","한우(설도)","","2024","한우/냉장/1등급/설도/채썰기/0.4*0.4*5(cm)/1kg"
"축산물","한우","한우(설도)","1126366","한우(설도)","","2024","한우/냉장/무항생제/설도/채썰기/0.4*0.4*5(cm)/1kg"
"축산물","한우","한우(설도)","1126367","한우(설도)","","2024","한우/냉장/2등급/설도/채썰기/0.4*0.4*5(cm)/0.3kg"
"축산물","한우","한우(설도)","1126368","한우(설도)","","2024","한우/냉장/2등급/설도/채썰기/0.4*0.4*5(cm)/0.5kg"
"축산물","한우","한우(설도)","1126369","한우(설도)","","2024","한우/냉장/2등급/설도/채썰기/0.4*0.4*5(cm)/3kg"
"축산물","한우","한우(설도)","1126370","한우(설도)","","2024","한우/냉장/2등급/설도/채썰기/0.4*0.4*5(cm)/5kg"
"축산물","한우","한우(설도)","1126371","한우(설도)","","2024","한우/냉장/1등급/설도/불고기/0.2*3*4(cm)/1kg"
"축산물","한우","한우(설도)","1126372","한우(설도)","","2024","한우/냉장/1등급/설도/불고기/0.2*3*4(cm)/3kg"
"축산물","한우","한우(설도)","1126373","한우(설도)","","2024","한우/냉장/2등급/설도/채썰기/0.4*0.4*5(cm)/1kg"
"축산물","한우","한우(설도)","1126374","한우(설도)","","2024","한우/냉장/1등급/설도/불고기/0.2*3*4(cm)/0.3kg"
"축산물","한우","한우(설도)","1126375","한우(설도)","","2024","한우/냉장/1등급/설도/불고기/0.2*3*4(cm)/0.5kg"
"축산물","한우","한우(설도)","1126376","한우(설도)","","2024","한우/냉장/1등급/설도/불고기/0.2*3*4(cm)/5kg"
"축산물","한우","한우(설도)","1126377","한우(설도)","","2024","한우/냉장/무항생제/설도/불고기/0.2*3*4(cm)/0.5kg"
"축산물","가금류","닭고기","1126378","닭고기/절단육(껍질유)/한국육계유통","체리부로","2024년","닭고기/무항생제/절단육(껍질유)/뼈없음/닭찜,후라이드,치킨,숯불구이 등/30g/500g"
"축산물","한우","한우(설도)","1126379","한우(설도)","","2024","한우/냉장/무항생제/설도/불고기/0.2*3*4(cm)/1kg"
"축산물","한우","한우(설도)","1126380","한우(설도)","","2024","한우/냉장/무항생제/설도/불고기/0.2*3*4(cm)/3kg"
"축산물","한우","한우(설도)","1126381","한우(설도)","","2024","한우/냉장/무항생제/설도/불고기/0.2*3*4(cm)/5kg"
"축산물","한우","한우(설도)","1126382","한우(설도)","","2024","한우/냉장/2등급/설도/불고기/0.2*3*4(cm)/0.3kg"
"축산물","한우","한우(설도)","1126383","한우(설도)","","2024","한우/냉장/2등급/설도/불고기/0.2*3*4(cm)/1kg"
"축산물","한우","한우(설도)","1126384","한우(설도)","","2024","한우/냉장/2등급/설도/불고기/0.2*3*4(cm)/3kg"
"축산물","가금류","닭고기","1126385","닭고기/정육(껍질무)/한국육계유통","체리부로","2024년","닭고기/무항생제/정육(껍질무)/뼈없음/다리살/1㎝×5㎝/500g"
"축산물","가금류","닭고기","1126386","닭고기/정육(껍질무)/한국육계유통","체리부로","2024년","닭고기/무항생제/정육(껍질무)/뼈없음/다리살/1㎝×5㎝/300g"
"축산물","가금류","닭고기","1126387","닭고기/정육(껍질무)/한국육계유통","체리부로","2024년","닭고기/무항생제/정육(껍질무)/뼈없음/다리살/1㎝×1㎝(10g)/300g"
"축산물","가금류","닭고기","1126388","닭고기/정육(껍질무)/한국육계유통","체리부로","2024년","닭고기/무항생제/정육(껍질무)/뼈없음/다리살/2㎝×2㎝(15g)/300g"
"축산물","한우","한우(안심)","1126389","한우(안심)","","2024","한우/냉장/1등급/안심/구이,스테이크용/0.7cm 구이용 슬라이스/3kg"
"축산물","한우","한우(양지)","1126441","한우(양지)","","2024","한우/냉장/2등급/양지/국거리/200g-300g 덩어리/3kg"
"축산물","한우","한우(안심)","1126390","한우(안심)","","2024","한우/냉장/1등급/안심/구이,스테이크용/0.7cm 구이용 슬라이스/5kg"
"축산물","가금류","닭고기","1126391","닭고기/정육(껍질무)/한국육계유통","체리부로","2024년","닭고기/무항생제/정육(껍질무)/뼈없음/다리살/2㎝×5㎝/500g"
"축산물","한우","한우(안심)","1126392","한우(안심)","","2024","한우/냉장/무항생제/안심/구이,스테이크용/0.7cm 구이용 슬라이스/3kg"
"축산물","한우","한우(설도)","1126393","한우(설도)","","2024","한우/냉장/무항생제/설도/불고기/0.2*3*4(cm)/0.3kg"
"축산물","가금류","닭고기","1126394","닭고기/절단육(껍질유)/한국육계유통","체리부로","2024년","닭고기/무항생제/절단육(껍질유)/뼈없음/닭찜,후라이드,치킨,숯불구이 등/30g/300g"
"축산물","한우","한우(설도)","1126395","한우(설도)","","2024","한우/냉장/2등급/설도/불고기/0.2*3*4(cm)/0.5kg"
"축산물","한우","한우(설도)","1126396","한우(설도)","","2024","한우/냉장/2등급/설도/불고기/0.2*3*4(cm)/5kg"
"축산물","가금류","닭고기","1126397","닭고기/정육(껍질무)/한국육계유통","체리부로","2024년","닭고기/무항생제/정육(껍질무)/뼈없음/다리살/1㎝×1㎝(10g)/500g"
"축산물","가금류","닭고기","1126398","닭고기/정육(껍질무)/한국육계유통","체리부로","2024년","닭고기/무항생제/정육(껍질무)/뼈없음/다리살/2㎝×2㎝(15g)/500g"
"축산물","가금류","닭고기","1126399","닭고기/정육(껍질무)/한국육계유통","체리부로","2024년","닭고기/무항생제/정육(껍질무)/뼈없음/다리살/2㎝×5㎝/300g"
"축산물","한우","한우(안심)","1126400","한우(안심)","","2024","한우/냉장/2등급/안심/구이,스테이크용/0.7cm 구이용 슬라이스/5kg"
"축산물","가금류","닭고기","1126401","닭고기/정육(껍질무)/한국육계유통","체리부로","2024년","닭고기/무항생제/정육(껍질무)/뼈없음/다리살/2㎝×2㎝(20g~25g)/300g"
"축산물","가금류","닭고기","1126402","닭고기/정육(껍질무)/한국육계유통","체리부로","2024년","닭고기/무항생제/정육(껍질무)/뼈없음/다리살/통,130g~150g/500g"
"수산물","건어물","건다시마","1126403","건다시마(기장)","","2023년","건다시마 국물용, 기장/500g"
"수산물","건어물","미역","1126404","건미역(절단)","","2023년","건미역(절단)/500g"
"수산물","건어물","건파래","1126405","건파래찢은것","","2023년","건파래(파쇄)/500g"
"수산물","어류","고등어","1126406","고등어살(99%가시제거)","","2023년","고등어순살(뼈제거 99%)/수입산/500g"
"수산물","건어물","건새우","1126407","건새우(두절건새우)","","2023년","꽃새우(독새우) 자건품 두절새우, 3cm내외/500g"
"수산물","연체류","낙지","1126408","낙지채","","2023년","낙지 냉동(손질) 기본채/500g"
"수산물","연체류","낙지","1126409","낙지채","","2023년","낙지 냉동(손질) 기본채/수입산/500g"
"수산물","연체류","낙지","1126410","낙지채","","2023년","낙지 냉동(손질) 기본채/수입산/1kg"
"수산물","어류","날치","1126411","날치알","","2023년","날치알(냉동) 골드 800g/PAC 빙어알 혼합/수입산/800g"
"수산물","어류","날치","1126412","날치알","","2023년","날치알(냉동) 골드 500g/PAC 빙어알 혼합/수입산/500g"
"축산물","한우","한우(안심)","1126413","한우(안심)","","2024","한우/냉장/무항생제/안심/구이,스테이크용/0.7cm 구이용 슬라이스/5kg"
"축산물","가금류","닭고기","1126414","닭고기/정육(껍질무)/한국육계유통","체리부로","2024년","닭고기/무항생제/정육(껍질무)/뼈없음/다리살/2㎝×2㎝(20g~25g)/500g"
"축산물","한우","한우(안심)","1126415","한우(안심)","","2024","한우/냉장/2등급/안심/구이,스테이크용/0.7cm 구이용 슬라이스/3kg"
"축산물","가금류","닭고기","1126416","닭고기/정육(껍질무)/한국육계유통","체리부로","2024년","닭고기/무항생제/정육(껍질무)/뼈없음/다리살/스테이크용/40g/500g"
"축산물","가금류","닭고기","1126417","닭고기/정육(껍질무)/한국육계유통","체리부로","2024년","닭고기/무항생제/정육(껍질무)/뼈없음/다리살/40g/300g"
"축산물","가금류","닭고기","1126418","닭고기/정육(껍질무)/한국육계유통","체리부로","2024년","닭고기/무항생제/정육(껍질무)/뼈없음/다리살/다짐육(민찌)/500g"
"축산물","가금류","닭고기","1126419","닭고기/정육(껍질무)/한국육계유통","체리부로","2024년","닭고기/무항생제/정육(껍질무)/뼈없음/다리살/다짐육(민찌)/300g"
"수산물","건어물","건다시마","1126420","건다시마","","2023년","건다시마, 국물용/500g"
"수산물","건어물","건다시마","1126421","건다시마(다시마절단)","","2023년","건다시마, 절단/500g"
"수산물","건어물","미역","1126422","건미역","","2023년","건미역(기장)/500g/"
"수산물","건어물","미역","1126423","건미역","","2023년","건실미역/300g"
"수산물","건어물","미역","1126424","건미역","","2023년","건실미역/500g"
"수산물","건어물","톳","1126425","건톳","","2023년","건톳/500g"
"수산물","건어물","건새우","1126426","건새우(건홍새우)","","2023년","건홍새우/수입산/500g"
"수산물","건어물","건새우","1126427","건새우(건홍새우)","","2023년","건홍새우/500g"
"수산물","건어물","건홍합","1126428","건홍합살","","2023년","건홍합살 자건품/500g"
"수산물","어류","고등어","1126429","고등어살(99%가시제거)","","2023년","고등어순살(뼈제거 99%)/500g"
"축산물","가금류","닭고기","1126430","닭고기/정육(껍질무)/한국육계유통","체리부로","2024년","닭고기/무항생제/정육(껍질무)/뼈없음/다리살/통,130g~150g/300g"
"수산물","갑각류","게","1126431","꽃게(숫게)","","2023년","꽃게 냉동(손질) 4절단/500g"
"수산물","갑각류","게","1126432","꽃게(암게)","","2023년","꽃게 냉동(손질) 4절단, 암게/500g"
"수산물","어류","날치","1126433","날치알","","2023년","날치알(냉동) 레드 500g/PAC 빙어알 혼합/수입산/500g"
"수산물","어류","날치","1126434","날치알","","2023년","날치알(냉동) 레드 800g/PAC 빙어알 혼합/수입산/800g"
"수산물","어류","대구","1126435","대구살","","2023년","대구 냉동(포) 절단, 토막당 20g내외/수입산/1kg"
"수산물","어류","대구","1126436","대구살","","2023년","대구 냉동(포) 절단, 토막당 20g내외/수입산/500g"
"축산물","한우","한우(안심)","1126437","한우(안심)","","2024","한우/냉장/1등급/안심/불고기/0.3*3*4(cm)/3kg"
"축산물","한우","한우(안심)","1126438","한우(안심)","","2024","한우/냉장/2등급/안심/불고기/0.3*3*4(cm)/3kg"
"축산물","한우","한우(안심)","1126439","한우(안심)","","2024","한우/냉장/2등급/안심/불고기/0.3*3*4(cm)/5kg"
"축산물","한우","한우(양지)","1126440","한우(양지)","","2024","한우/냉장/1등급/양지/국거리/200g-300g 덩어리/5kg"
"축산물","한우","한우(양지)","1126442","한우(양지)","","2024","한우/냉장/2등급/양지/국거리/200g-300g 덩어리/5kg"
"수산물","건어물","건오징어","1126443","반건오징어몸통채","","2023년","반건오징어채(몸통)/500g"
"수산물","건어물","건오징어","1126444","반건오징어채","","2023년","반건오징어채(몸통, 다리 포함)/500g"
"수산물","갑각류","새우","1126445","백새우살","","2023년","백새우살 , 냉동/500g"
"수산물","건어물","건명태","1126446","북어채/국내가공","","2023년","북어채(황태채) 국내가공/수입산/500g"
"수산물","어류","붉은메기","1126447","홍메기살(킹구살)","","2023년","붉은메기 냉동(킹구포)/500g"
"수산물","어류","삼치","1126448","삼치살(99%가시제거)","","2023년","삼치순살(뼈제거 99%)/500g"
"수산물","어류","아귀","1126449","아귀살","","2023년","아귀순살(뼈제거 99%)/500g"
"축산물","한우","한우(양지)","1126450","한우(양지)","","2024","한우/냉장/1등급/양지/국거리/0.3*2*3(cm)/3kg"
"축산물","한우","한우(양지)","1126451","한우(양지)","","2024","한우/냉장/1등급/양지/국거리/0.3*2*3(cm)/5kg"
"축산물","한우","한우(양지)","1126452","한우(양지)","","2024","한우/냉장/무항생제/양지/국거리/0.3*2*3(cm)/3kg"
"수산물","어류","날치","1126453","날치알","","2023년","날치알(냉동) 레드 900g/PAC 빙어알 혼합/수입산/900g"
"수산물","어류","명란(알)","1126454","명란","","2023년","냉동 명란/수입산/500g"
"수산물","건어물","건명태","1126455","명태곤이","","2023년","냉동 명태곤이/수입산/500g/삭제"
"수산물","패류","논우렁이","1126456","논우렁이","","2023년","논우렁이 냉동(살)/500g"
"수산물","어류","달고기","1126457","달고기살","","2023년","달고기순살(무피)(뼈제거 99%)/500g"
"수산물","어류","달고기","1126458","달고기살","","2023년","달고기순살(유피)(뼈제거 99%)/500g"
"수산물","건어물","디포리","1126459","디포리","","2023년","디포리/500g"
"수산물","건어물","건명태","1126460","명엽채","","2023년","명태 맛포 명엽채/수입산/500g"
"축산물","한우","한우(안심)","1126461","한우(안심)","","2024","한우/냉장/1등급/안심/불고기/0.3*3*4(cm)/5kg"
"축산물","한우","한우(안심)","1126462","한우(안심)","","2024","한우/냉장/무항생제/안심/불고기/0.3*3*4(cm)/3kg"
"축산물","한우","한우(안심)","1126463","한우(안심)","","2024","한우/냉장/무항생제/안심/불고기/0.3*3*4(cm)/5kg"
"축산물","한우","한우(양지)","1126464","한우(양지)","","2024","한우/냉장/1등급/양지/국거리/200g-300g 덩어리/3kg"
"수산물","어류","명태","1126465","동태살(99%가시제거)","","2023년","명태(동태순살)(뼈제거 99%)/수입산/500g"
"수산물","어류","방어","1126466","방어살","","2023년","방어순살(뼈제거 99%)/500g"
"수산물","건어물","건명태","1126467","북어채/중국가공","","2023","북어채 중국가공/수입산/500g"
"수산물","어류","붕장어","1126468","붕장어포","","2023년","붕장어 냉동(살)/500g"
"축산물","한우","한우(양지)","1126469","한우(양지)","","2024","한우/냉장/무항생제/양지/국거리/200g-300g 덩어리/3kg"
"축산물","한우","한우(양지)","1126470","한우(양지)","","2024","한우/냉장/무항생제/양지/국거리/200g-300g 덩어리/5kg"
"수산물","어류","연어살","1126471","연어살","","2023년","연어살 냉동(손질) 강정용, 커틀릿용/칠레산/500g"
"수산물","건어물","미역","1126472","미역줄기","","2023년","염장 미역줄기(소금 30%이하)/500g"
"수산물","연체류","오징어","1126473","오징어(채)","","2023년","오징어 선동(껍질유), 기본채, 다리.귀포함/500g"
"축산물","한우","한우(양지)","1126474","한우(양지)","","2024","한우/냉장/2등급/양지/국거리/0.3*2*3(cm)/5kg"
"수산물","연체류","오징어","1126475","오징어(몸채,껍질제거)","","2023년","오징어 선동(껍질제거), 몸통채/500g"
"축산물","한우","한우(우둔)","1126476","한우(우둔)","","2024","한우/냉장/1등급/우둔/불고기/0.2*3*4 (cm)/3kg"
"축산물","한우","한우(우둔)","1126477","한우(우둔)","","2024","한우/냉장/1등급/우둔/불고기/0.2*3*4 (cm)/5kg"
"수산물","패류","전복","1126478","전복살(냉동)","","2023년","전복 냉동(살) 12미/650g/수입산/500g/"
"축산물","한우","한우(우둔)","1126479","한우(우둔)","","2024","한우/냉장/무항생제/우둔/불고기/0.2*3*4 (cm)/3kg"
"수산물","건어물","건오징어","1126480","진미채(백진미,페루산)","","2023년","조미포 백진미채/수입산/500g"
"수산물","건어물","건오징어","1126481","진미채(참진미,국내산)","","2023년","조미포 참진미채/500g"
"수산물","건어물","건오징어","1126482","진미채(참진미,페루산)","","2023년","조미포 참진미채/수입산/500g"
"축산물","한우","한우(우둔)","1126483","한우(우둔)","","2024","한우/냉장/2등급/우둔/불고기/0.2*3*4 (cm)/3kg"
"수산물","연체류","쭈꾸미","1126484","주꾸미(국내산)","","2023년","주꾸미 냉동(손질) 냉동, 기본채/500g"
"축산물","한우","한우(우둔)","1126485","한우(우둔)","","2024","한우/냉장/2등급/우둔/불고기/0.2*3*4 (cm)/5kg"
"축산물","한우","한우(우둔)","1126486","한우(우둔)","","2024","한우/냉장/1등급/우둔/다짐육/0.5cm 다짐육/3kg"
"축산물","한우","한우(우둔)","1126487","한우(우둔)","","2024","한우/냉장/1등급/우둔/다짐육/0.5cm 다짐육/5kg"
"수산물","건어물","건명태","1126488","코다리살(99%가시제거)","","2023","코다리순살(뼈제거 99%)/수입산/500g"
"수산물","건어물","건명태","1126489","북어","","2023년","통북어, 30cm이상(머리포함)/수입산/500g"
"축산물","한우","한우(우둔)","1126490","한우(우둔)","","2024","한우/냉장/무항생제/우둔/다짐육/0.5cm 다짐육/3kg"
"수산물","갑각류","새우","1126491","흰다리새우살","","2023년","흰다리새우살, 냉동, 71/90, 6~7g/수입산/1kg"
"축산물","한우","한우(우둔)","1126492","한우(우둔)","","2024","한우/냉장/2등급/우둔/다짐육/0.5cm 다짐육/3kg"
"축산물","한우","한우(양지)","1126493","한우(양지)","","2024","한우/냉장/무항생제/양지/국거리/0.3*2*3(cm)/5kg"
"수산물","연체류","오징어","1126494","오징어(몸채)","","2023년","오징어 선동(껍질유), 몸통채/500g"
"축산물","한우","한우(양지)","1126495","한우(양지)","","2024","한우/냉장/2등급/양지/국거리/0.3*2*3(cm)/3kg"
"수산물","연체류","오징어","1126496","오징어(채,껍질제거)","","2023년","오징어 선동(껍질제거), 기본채, 다리.귀포함/500g"
"수산물","어류","임연수어","1126497","임연수살(99%가시제거)","","2023년","임연수어순살(뼈제거 99%)/수입산/500g"
"수산물","어류","조기","1126498","조기포","","2023년","조기 냉동(포) 30~40g/수입산/500g"
"농산물","엽경채류","아욱","1127119","아욱","","2024년","아욱/0.3kg"
"수산물","건어물","건오징어","1126499","진미채(백진미,국내산)","","2023년","조미포 백진미채/500g"
"축산물","한우","한우(우둔)","1126500","한우(우둔)","","2024","한우/냉장/무항생제/우둔/불고기/0.2*3*4 (cm)/5kg"
"수산물","연체류","쭈꾸미","1126501","주꾸미(베트남산)","","2023년","주꾸미 냉동(손질) 냉동, 기본채/수입산/500g"
"수산물","갑각류","새우","1126502","칵테일새우살,71-90","","2023년","칵테일새우 자숙(탈각) 71/90, 6~7g/수입산/500g"
"축산물","한우","한우(우둔)","1126503","한우(우둔)","","2024","한우/냉장/무항생제/우둔/다짐육/0.5cm 다짐육/5kg"
"수산물","갑각류","새우","1126504","흰다리새우살","","2023년","흰다리새우살, 냉동, 71/90, 6~7g/수입산/500g"
"축산물","한우","한우(우둔)","1126505","한우(우둔)","","2024","한우/냉장/2등급/우둔/다짐육/0.5cm 다짐육/5kg"
"축산물","한우","한우(우둔)","1126506","한우(우둔)","","2024","한우/냉장/1등급/우둔/잡채용/0.3*0.3*5 (cm)/5kg"
"수산물","건어물","멸치","1126507","건멸치(지리)","","2023년","세멸치(지리)/볶음조림용/500g"
"축산물","한우","한우(우둔)","1126508","한우(우둔)","","2024","한우/냉장/2등급/우둔/잡채용/0.3*0.3*5 (cm)/3kg"
"축산물","한우","한우(우둔)","1126509","한우(우둔)","","2024","한우/냉장/2등급/우둔/잡채용/0.3*0.3*5 (cm)/5kg"
"수산물","건어물","멸치","1126510","건멸치(지가이리)","","2023년","소멸치(지가이리)/볶음조림용/500g"
"수산물","건어물","멸치","1126511","건멸치(가이리)","","2023년","중멸치(가이리)/볶음조림용/500g"
"축산물","한우","한우(우둔)","1126512","한우(우둔)","","2024","한우/냉장/무항생제/우둔/잡채용/0.3*0.3*5 (cm)/3kg"
"축산물","한우","한우(우둔)","1126513","한우(우둔)","","2024","한우/냉장/1등급/우둔/잡채용/0.3*0.3*5 (cm)/3kg"
"수산물","건어물","멸치","1126514","건멸치(국물용)","","2023년","대멸치(다시)/국물용/300g"
"수산물","건어물","멸치","1126515","건멸치(국물용)","","2023년","대멸치(다시)/국물용/500g"
"수산물","건어물","멸치","1126516","건멸치(지리)","","2023년","세멸치(지리)/볶음조림용/300g"
"수산물","건어물","멸치","1126517","건멸치(지가이리)","","2023년","소멸치(지가이리)/볶음조림용/300g"
"수산물","건어물","멸치","1126518","건멸치(가이리)","","2023년","중멸치(가이리)/볶음조림용/300g"
"수산물","건어물","쥐치","1126519","쥐치포(절단)","","2024년","쥐치포(절단)/수입산/300g"
"축산물","한우","한우(우둔)","1126520","한우(우둔)","","2024","한우/냉장/무항생제/우둔/잡채용/0.3*0.3*5 (cm)/5kg"
"축산물","한우","한우(우둔)","1126521","한우(우둔)","","2024","한우/냉장/1등급/우둔/짜장,카레용/1*1*1(cm)/0.3kg"
"축산물","한우","한우(우둔)","1126522","한우(우둔)","","2024","한우/냉장/1등급/우둔/짜장,카레용/1*1*1(cm)/1kg"
"축산물","한우","한우(우둔)","1126523","한우(우둔)","","2024","한우/냉장/1등급/우둔/짜장,카레용/1*1*1(cm)/3kg"
"축산물","한우","한우(우둔)","1126524","한우(우둔)","","2024","한우/냉장/1등급/우둔/짜장,카레용/1*1*1(cm)/5kg"
"축산물","한우","한우(우둔)","1126525","한우(우둔)","","2024","한우/냉장/무항생제/우둔/짜장,카레용/1*1*1(cm)/0.3kg"
"축산물","한우","한우(우둔)","1126526","한우(우둔)","","2024","한우/냉장/무항생제/우둔/짜장,카레용/1*1*1(cm)/3kg"
"축산물","한우","한우(우둔)","1126527","한우(우둔)","","2024","한우/냉장/2등급/우둔/짜장,카레용/1*1*1(cm)/0.5kg"
"축산물","한우","한우(우둔)","1126528","한우(우둔)","","2024","한우/냉장/2등급/우둔/짜장,카레용/1*1*1(cm)/3kg"
"축산물","한우","한우(우둔)","1126529","한우(우둔)","","2024","한우/냉장/2등급/우둔/짜장,카레용/1*1*1(cm)/5kg"
"축산물","한우","한우(잡뼈)","1126530","한우(잡뼈)","","2024","한우/냉동/2등급/잡뼈/탕,국용/3cm 절단/3kg"
"축산물","한우","한우(잡뼈)","1126531","한우(잡뼈)","","2024","한우/냉동/2등급/잡뼈/탕,국용/3cm 절단/5kg"
"축산물","한우","한우(전각)","1126532","한우(전각)","","2024","한우/냉장/1등급/앞다리(전각)/국거리,세절/0.3*2*3 (cm)/3kg"
"수산물","건어물","쥐치","1126533","쥐치포(절단)","","2024년","쥐치포(절단)/수입산/500g"
"축산물","한우","한우(우둔)","1126534","한우(우둔)","","2024","한우/냉장/1등급/우둔/짜장,카레용/1*1*1(cm)/0.5kg"
"축산물","한우","한우(우둔)","1126535","한우(우둔)","","2024","한우/냉장/무항생제/우둔/짜장,카레용/1*1*1(cm)/0.5kg"
"축산물","한우","한우(우둔)","1126536","한우(우둔)","","2024","한우/냉장/무항생제/우둔/짜장,카레용/1*1*1(cm)/1kg"
"축산물","가금류","닭고기","1126537","닭고기/정육(껍질유)/한국육계유통","체리부로","2024년","닭고기/무항생제/정육(껍질유)/뼈없음/다리살/1㎝×5㎝/300g"
"축산물","한우","한우(우둔)","1126538","한우(우둔)","","2024","한우/냉장/무항생제/우둔/짜장,카레용/1*1*1(cm)/5kg"
"축산물","한우","한우(우둔)","1126539","한우(우둔)","","2024","한우/냉장/2등급/우둔/짜장,카레용/1*1*1(cm)/0.3kg"
"축산물","가금류","닭고기","1126540","닭고기/정육(껍질유)/한국육계유통","체리부로","2024년","닭고기/무항생제/정육(껍질유)/뼈없음/다리살/1㎝×5㎝/500g"
"축산물","한우","한우(우둔)","1126541","한우(우둔)","","2024","한우/냉장/2등급/우둔/짜장,카레용/1*1*1(cm)/1kg"
"축산물","한우","한우(전각)","1126542","한우(전각)","","2024","한우/냉장/무항생제/앞다리(전각)/국거리,세절/0.3*2*3 (cm)/5kg"
"축산물","한우","한우(전각)","1126543","한우(전각)","","2024","한우/냉장/2등급/앞다리(전각)/국거리,세절/0.3*2*3 (cm)/5kg"
"축산물","한우","한우(전각)","1126544","한우(전각)","","2024","한우/냉장/무항생제/앞다리(전각)/불고기/0.2*3*4 (cm)/3kg"
"축산물","한우","한우(전각)","1126545","한우(전각)","","2024","한우/냉장/2등급/앞다리(전각)/불고기/0.2*3*4 (cm)/5kg"
"축산물","한우","한우(채끝)","1126546","한우(채끝)","","2024","한우/냉장/1등급/채끝/불고기/0.3*3*4(cm)/3kg"
"축산물","한우","한우(채끝)","1126547","한우(채끝)","","2024","한우/냉장/1등급/채끝/불고기/0.3*3*4(cm)/5kg"
"축산물","한우","한우(채끝)","1126548","한우(채끝)","","2024","한우/냉장/2등급/채끝/불고기/0.3*3*4(cm)/3kg"
"축산물","한우","한우(채끝)","1126549","한우(채끝)","","2024","한우/냉장/2등급/채끝/불고기/0.3*3*4(cm)/5kg"
"축산물","가금류","닭고기","1126550","닭고기/정육(껍질유)/한국육계유통","체리부로","2024년","닭고기/무항생제/정육(껍질유)/뼈없음/다리살/1㎝×1㎝(10g)/300g"
"축산물","가금류","닭고기","1126551","닭고기/정육(껍질유)/한국육계유통","체리부로","2024년","닭고기/무항생제/정육(껍질유)/뼈없음/다리살/2㎝×2㎝(15g)/300g"
"축산물","가금류","닭고기","1126552","닭고기/정육(껍질유)/한국육계유통","체리부로","2024년","닭고기/무항생제/정육(껍질유)/뼈없음/다리살/2㎝×5㎝/300g"
"축산물","한우","한우(전각)","1126553","한우(전각)","","2024","한우/냉장/1등급/앞다리(전각)/국거리,세절/0.3*2*3 (cm)/5kg"
"축산물","한우","한우(전각)","1126554","한우(전각)","","2024","한우/냉장/무항생제/앞다리(전각)/국거리,세절/0.3*2*3 (cm)/3kg"
"축산물","한우","한우(전각)","1126555","한우(전각)","","2024","한우/냉장/2등급/앞다리(전각)/국거리,세절/0.3*2*3 (cm)/3kg"
"축산물","한우","한우(전각)","1126556","한우(전각)","","2024","한우/냉장/1등급/앞다리(전각)/불고기/0.2*3*4 (cm)/3kg"
"축산물","한우","한우(전각)","1126557","한우(전각)","","2024","한우/냉장/1등급/앞다리(전각)/불고기/0.2*3*4 (cm)/5kg"
"축산물","한우","한우(전각)","1126558","한우(전각)","","2024","한우/냉장/무항생제/앞다리(전각)/불고기/0.2*3*4 (cm)/5kg"
"축산물","한우","한우(전각)","1126559","한우(전각)","","2024","한우/냉장/2등급/앞다리(전각)/불고기/0.2*3*4 (cm)/3kg"
"수산물","건어물","톳","1126560","건톳","","2023년","건톳/300g"
"축산물","한우","한우(채끝)","1126561","한우(채끝)","","2024","한우/냉장/무항생제/채끝/불고기/0.3*3*4(cm)/3kg"
"축산물","한우","한우(채끝)","1126562","한우(채끝)","","2024","한우/냉장/무항생제/채끝/불고기/0.3*3*4(cm)/5kg"
"축산물","한우","한우(채끝)","1126563","한우(채끝)","","2024","한우/냉장/1등급/채끝/구이,스테이크용/0.7cm 구이용 슬라이스/3kg"
"축산물","한우","한우(채끝)","1126564","한우(채끝)","","2024","한우/냉장/1등급/채끝/구이,스테이크용/0.7cm 구이용 슬라이스/5kg"
"축산물","한우","한우(채끝)","1126565","한우(채끝)","","2024","한우/냉장/무항생제/채끝/구이,스테이크용/0.7cm 구이용 슬라이스/3kg"
"축산물","한우","한우(채끝)","1126566","한우(채끝)","","2024","한우/냉장/무항생제/채끝/구이,스테이크용/0.7cm 구이용 슬라이스/5kg"
"축산물","가금류","닭고기","1126567","닭고기/정육(껍질유)/한국육계유통","체리부로","2024년","닭고기/무항생제/정육(껍질유)/뼈없음/다리살/1㎝×1㎝(10g)/500g"
"축산물","한우","한우(채끝)","1126568","한우(채끝)","","2024","한우/냉장/2등급/채끝/구이,스테이크용/0.7cm 구이용 슬라이스/3kg"
"축산물","한우","한우(채끝)","1126569","한우(채끝)","","2024","한우/냉장/2등급/채끝/구이,스테이크용/0.7cm 구이용 슬라이스/5kg"
"축산물","가금류","닭고기","1126570","닭고기/정육(껍질유)/한국육계유통","체리부로","2024년","닭고기/무항생제/정육(껍질유)/뼈없음/다리살/2㎝×2㎝(15g)/500g"
"축산물","가금류","닭고기","1126571","닭고기/정육(껍질유)/한국육계유통","체리부로","2024년","닭고기/무항생제/정육(껍질유)/뼈없음/다리살/2㎝×5㎝/500g"
"축산물","가금류","닭고기","1126572","닭고기/정육(껍질유)/한국육계유통","체리부로","2024년","닭고기/무항생제/정육(껍질유)/뼈없음/다리살/3㎝×3㎝(20g~25g)/500g"
"축산물","가금류","닭고기","1126573","닭고기/정육(껍질유)/한국육계유통","체리부로","2024년","닭고기/무항생제/정육(껍질유)/뼈없음/다리살/3㎝×3㎝(20g~25g)/300g"
"축산물","가금류","닭고기","1126574","닭고기/정육(껍질유)/한국육계유통","체리부로","2024년","닭고기/무항생제/정육(껍질유)/뼈없음/스테이크용/40g/500g"
"축산물","돈육","돈육(안심)","1126575","돈육(안심)","","2024","돈육/냉장/무항생제/안심/다짐육/3kg"
"축산물","돈육","돈육(삼겹)","1126576","돈육(삼겹)","","2024","돈육/냉장/무항생제/삼겹살/구이용/0.7cm슬라이스/3kg"
"축산물","가금류","닭고기","1126577","닭고기/정육(껍질유)/한국육계유통","체리부로","2024년","닭고기/무항생제/정육(껍질유)/뼈없음/다리살/다짐육(민찌)/300g"
"축산물","가금류","닭고기","1126578","닭고기/정육(껍질유)/한국육계유통","체리부로","2024년","닭고기/무항생제/정육(껍질유)/뼈없음/다리살/스테이크용/통,140g~160g/300g"
"농산물","양곡부류","백미","1126579","백미/인수","인수영농조합법인","2023년산","일반미(유기농)/3kg"
"축산물","한우","한우(갈비)","1126580","한우(갈비)","","2024","한우/냉동/1등급/갈비/찜용/2.5*3 (cm)/3kg"
"축산물","한우","한우(갈비)","1126581","한우(갈비)","","2024","한우/냉동/1등급/갈비/찜용/2.5*3 (cm)/5kg"
"축산물","한우","한우(갈비)","1126582","한우(갈비)","","2024","한우/냉동/무항생제/갈비/찜용/2.5*3 (cm)/3kg"
"축산물","한우","한우(갈비)","1126583","한우(갈비)","","2024","한우/냉동/2등급/갈비/찜용/2.5*3 (cm)/3kg"
"축산물","한우","한우(등심)","1126584","한우(등심)","","2024","한우/냉장/무항생제/등심/불고기/0.3*3*4(cm)/3kg"
"축산물","한우","한우(등심)","1126585","한우(등심)","","2024","한우/냉장/무항생제/등심/불고기/0.3*3*4(cm)/5kg"
"축산물","한우","한우(등심)","1126586","한우(등심)","","2024","한우/냉장/2등급/등심/불고기/0.3*3*4(cm)/5kg"
"농산물","양곡부류","백미","1126587","백미/인수","인수영농조합법인","2023년산","일반미(유기농)/1kg"
"농산물","양곡부류","찹쌀현미","1126588","찹쌀현미/인수","인수영농조합법인","2023년산","찹쌀현미(유기농)/1kg/"
"농산물","양곡부류","찹쌀현미","1126589","찹쌀현미/인수","인수영농조합법인","2023년산","찹쌀현미(유기농)/3kg"
"농산물","양곡부류","찹쌀","1126590","찹쌀/인수","인수영농조합법인","2023년산","찹쌀(유기농)/3kg"
"농산물","양곡부류","백미","1126591","칠분도미/인수","인수영농조합법인","2023년산","칠분도미(유기농)/3kg"
"농산물","과일류","키위","1126592","키위(제스프리)","","당해년도","키위/제스프리/1과100g/수입산/1kg"
"축산물","가금류","닭고기","1126593","닭고기/정육(껍질유)/한국육계유통","체리부로","2024년","닭고기/무항생제/정육(껍질유)/뼈없음/다리살/스테이크용/40g/300g"
"축산물","가금류","닭고기","1126594","닭고기/정육(껍질유)/한국육계유통","체리부로","2024년","닭고기/무항생제/정육(껍질유)/뼈없음/다리살/다짐육(민찌)/500g"
"축산물","가금류","닭고기","1126595","닭고기/정육(껍질유)/한국육계유통","체리부로","2024년","닭고기/무항생제/정육(껍질유)/뼈없음/다리살/통,140g~160g/500g"
"축산물","가금류","닭고기","1126596","닭고기/통날개/한국육계유통","체리부로","2024년","닭고기/무항생제/통날개/뼈있음/후라이드,닭찜,볶음,구이 등/개당70g~80g/500g"
"축산물","가금류","닭고기","1126597","닭고기/통날개/한국육계유통","체리부로","2024년","닭고기/무항생제/통날개/뼈있음/후라이드,닭찜,볶음,구이 등/개당70g~80g/300g"
"축산물","한우","한우(갈비)","1126598","한우(갈비)","","2024","한우/냉동/무항생제/갈비/찜용/2.5*3 (cm)/5kg"
"축산물","한우","한우(갈비)","1126599","한우(갈비)","","2024","한우/냉동/2등급/갈비/찜용/2.5*3 (cm)/5kg"
"축산물","한우","한우(등심)","1126600","한우(등심)","","2024","한우/냉장/1등급/등심/구이,스테이크용/0.7cm 구이용 슬라이스/3kg"
"축산물","한우","한우(등심)","1126601","한우(등심)","","2024","한우/냉장/1등급/등심/구이,스테이크용/0.7cm 구이용 슬라이스/5kg"
"축산물","한우","한우(등심)","1126602","한우(등심)","","2024","한우/냉장/무항생제/등심/구이,스테이크용/0.7cm 구이용 슬라이스/3kg"
"축산물","한우","한우(등심)","1126603","한우(등심)","","2024","한우/냉장/무항생제/등심/구이,스테이크용/0.7cm 구이용 슬라이스/5kg"
"축산물","한우","한우(등심)","1126604","한우(등심)","","2024","한우/냉장/2등급/등심/구이,스테이크용/0.7cm 구이용 슬라이스/3kg"
"축산물","한우","한우(등심)","1126605","한우(등심)","","2024","한우/냉장/2등급/등심/구이,스테이크용/0.7cm 구이용 슬라이스/5kg"
"축산물","한우","한우(등심)","1126606","한우(등심)","","2024","한우/냉장/1등급/등심/불고기/0.3*3*4(cm)/3kg"
"축산물","한우","한우(등심)","1126607","한우(등심)","","2024","한우/냉장/1등급/등심/불고기/0.3*3*4(cm)/5kg"
"축산물","한우","한우(등심)","1126608","한우(등심)","","2024","한우/냉장/2등급/등심/불고기/0.3*3*4(cm)/3kg"
"농산물","양곡부류","찹쌀","1126609","찹쌀/인수","인수영농조합법인","2023년산","찹쌀(유기농)/10kg"
"농산물","양곡부류","찹쌀현미","1126610","찹쌀현미/인수","인수영농조합법인","2023년산","찹쌀현미(유기농)/10kg"
"농산물","양곡부류","백미","1126611","칠분도미/인수","인수영농조합법인","2023년산","칠분도미(유기농)/1kg/"
"농산물","양곡부류","현미","1126612","현미/인수","인수영농조합법인","2023년산","현미(유기농)/10kg"
"농산물","양곡부류","현미","1126613","현미/인수","인수영농조합법인","2023년산","현미(유기농)/3kg"
"축산물","한우","한우(목심)","1126614","한우(목심)","","2024","한우/냉장/1등급/목심/샤브용/0.2*4*5 (cm)/5kg"
"축산물","한우","한우(목심)","1126615","한우(목심)","","2024","한우/냉장/2등급/목심/샤브용/0.2*4*5 (cm)/5kg"
"축산물","한우","한우(목심)","1126616","한우(목심)","","2024","한우/냉장/1등급/목심/불고기/0.2*3*4 (cm)/3kg"
"축산물","한우","한우(목심)","1126617","한우(목심)","","2024","한우/냉장/무항생제/목심/불고기/0.2*3*4 (cm)/3kg"
"축산물","한우","한우(목심)","1126618","한우(목심)","","2024","한우/냉장/무항생제/목심/불고기/0.2*3*4 (cm)/5kg"
"축산물","한우","한우(사태)","1126619","한우(사태)","","2024","한우/냉장/1등급/사태/수육용/200g~300g 덩어리/5kg"
"축산물","한우","한우(사태)","1126620","한우(사태)","","2024","한우/냉장/2등급/사태/장조림/2*2*2(cm)/3kg"
"축산물","한우","한우(사태)","1126621","한우(사태)","","2024","한우/냉장/무항생제/사태/수육용/200g~300g 덩어리/5kg"
"축산물","한우","한우(사태)","1126622","한우(사태)","","2024","한우/냉장/2등급/사태/수육용/200g~300g 덩어리/5kg"
"축산물","한우","한우(설도)","1126623","한우(설도)","","2024","한우/냉장/무항생제/설도/다짐육/5kg"
"축산물","한우","한우(설도)","1126624","한우(설도)","","2024","한우/냉장/1등급/설도/불고기/0.2*3*4(cm)/3kg"
"축산물","한우","한우(설도)","1126625","한우(설도)","","2024","한우/냉장/1등급/설도/불고기/0.2*3*4(cm)/5kg"
"축산물","한우","한우(설도)","1126626","한우(설도)","","2024","한우/냉장/무항생제/설도/불고기/0.2*3*4(cm)/3kg"
"축산물","한우","한우(설도)","1126627","한우(설도)","","2024","한우/냉장/무항생제/설도/불고기/0.2*3*4(cm)/5kg"
"축산물","한우","한우(설도)","1126628","한우(설도)","","2024","한우/냉장/무항생제/설도/샤브용/0.2*4*5 (cm)/5kg"
"축산물","한우","한우(설도)","1126629","한우(설도)","","2024","한우/냉장/2등급/설도/샤브용/0.2*4*5 (cm)/3kg"
"축산물","한우","한우(설도)","1126630","한우(설도)","","2024","한우/냉장/2등급/설도/샤브용/0.2*4*5 (cm)/5kg"
"축산물","한우","한우(설도)","1126631","한우(설도)","","2024","한우/냉장/1등급/설도/짜장,카레용/1*1*1 (cm)/0.3kg"
"축산물","한우","한우(설도)","1126632","한우(설도)","","2024","한우/냉장/1등급/설도/짜장,카레용/1*1*1 (cm)/3kg"
"축산물","한우","한우(목심)","1126633","한우(목심)","","2024","한우/냉장/1등급/목심/샤브용/0.2*4*5 (cm)/3kg"
"축산물","한우","한우(목심)","1126634","한우(목심)","","2024","한우/냉장/무항생제/목심/샤브용/0.2*4*5 (cm)/3kg"
"축산물","한우","한우(목심)","1126635","한우(목심)","","2024","한우/냉장/무항생제/목심/샤브용/0.2*4*5 (cm)/5kg"
"축산물","한우","한우(목심)","1126636","한우(목심)","","2024","한우/냉장/2등급/목심/샤브용/0.2*4*5 (cm)/3kg"
"축산물","한우","한우(목심)","1126637","한우(목심)","","2024","한우/냉장/1등급/목심/불고기/0.2*3*4 (cm)/5kg"
"축산물","한우","한우(목심)","1126638","한우(목심)","","2024","한우/냉장/2등급/목심/불고기/0.2*3*4 (cm)/3kg"
"축산물","한우","한우(목심)","1126639","한우(목심)","","2024","한우/냉장/2등급/목심/불고기/0.2*3*4 (cm)/5kg"
"축산물","한우","한우(사골)","1126640","한우(사골)","","2024","한우/냉동/2등급/사골/탕,국용/3cm 절단/3kg"
"축산물","한우","한우(사골)","1126641","한우(사골)","","2024","한우/냉동/2등급/사골/탕,국용/3cm 절단/5kg"
"축산물","한우","한우(사태)","1126642","한우(사태)","","2024","한우/냉장/1등급/사태/수육용/200g~300g 덩어리/3kg"
"축산물","한우","한우(사태)","1126643","한우(사태)","","2024","한우/냉장/1등급/사태/장조림/2*2*2(cm)/3kg"
"축산물","한우","한우(사태)","1126644","한우(사태)","","2024","한우/냉장/1등급/사태/장조림/2*2*2(cm)/5kg"
"축산물","한우","한우(사태)","1126645","한우(사태)","","2024","한우/냉장/무항생제/사태/장조림/2*2*2(cm)/3kg"
"축산물","한우","한우(사태)","1126646","한우(사태)","","2024","한우/냉장/무항생제/사태/장조림/2*2*2(cm)/5kg"
"축산물","한우","한우(사태)","1126647","한우(사태)","","2024","한우/냉장/2등급/사태/장조림/2*2*2(cm)/5kg"
"축산물","한우","한우(사태)","1126648","한우(사태)","","2024","한우/냉장/무항생제/사태/수육용/200g~300g 덩어리/3kg"
"축산물","한우","한우(사태)","1126649","한우(사태)","","2024","한우/냉장/2등급/사태/수육용/200g~300g 덩어리/3kg"
"축산물","한우","한우(설도)","1126650","한우(설도)","","2024","한우/냉장/1등급/설도/다짐육/3kg"
"축산물","한우","한우(설도)","1126651","한우(설도)","","2024","한우/냉장/1등급/설도/다짐육/5kg"
"축산물","한우","한우(설도)","1126652","한우(설도)","","2024","한우/냉장/무항생제/설도/다짐육/3kg"
"축산물","한우","한우(설도)","1126653","한우(설도)","","2024","한우/냉장/2등급/설도/다짐육/3kg"
"축산물","한우","한우(설도)","1126654","한우(설도)","","2024","한우/냉장/2등급/설도/다짐육/5kg"
"축산물","한우","한우(설도)","1126655","한우(설도)","","2024","한우/냉장/2등급/설도/불고기/0.2*3*4(cm)/3kg"
"축산물","한우","한우(설도)","1126656","한우(설도)","","2024","한우/냉장/2등급/설도/불고기/0.2*3*4(cm)/5kg"
"축산물","한우","한우(설도)","1126657","한우(설도)","","2024","한우/냉장/1등급/설도/샤브용/0.2*4*5 (cm)/3kg"
"축산물","한우","한우(설도)","1126658","한우(설도)","","2024","한우/냉장/1등급/설도/샤브용/0.2*4*5 (cm)/5kg"
"축산물","한우","한우(설도)","1126659","한우(설도)","","2024","한우/냉장/무항생제/설도/샤브용/0.2*4*5 (cm)/3kg"
"축산물","한우","한우(설도)","1126660","한우(설도)","","2024","한우/냉장/1등급/설도/짜장,카레용/1*1*1 (cm)/0.5kg"
"축산물","한우","한우(설도)","1126661","한우(설도)","","2024","한우/냉장/1등급/설도/짜장,카레용/1*1*1 (cm)/1kg"
"축산물","한우","한우(설도)","1126662","한우(설도)","","2024","한우/냉장/1등급/설도/짜장,카레용/1*1*1 (cm)/5kg"
"축산물","한우","한우(설도)","1126663","한우(설도)","","2024","한우/냉장/무항생제/설도/짜장,카레용/1*1*1 (cm)/3kg"
"축산물","한우","한우(설도)","1126664","한우(설도)","","2024","한우/냉장/2등급/설도/짜장,카레용/1*1*1 (cm)/0.3kg"
"축산물","한우","한우(설도)","1126665","한우(설도)","","2024","한우/냉장/2등급/설도/짜장,카레용/1*1*1 (cm)/0.5kg"
"축산물","한우","한우(설도)","1126666","한우(설도)","","2024","한우/냉장/2등급/설도/짜장,카레용/1*1*1 (cm)/1kg"
"축산물","한우","한우(설도)","1126667","한우(설도)","","2024","한우/냉장/2등급/설도/짜장,카레용/1*1*1 (cm)/3kg"
"축산물","한우","한우(설도)","1126668","한우(설도)","","2024","한우/냉장/2등급/설도/짜장,카레용/1*1*1 (cm)/5kg"
"축산물","한우","한우(설도)","1126669","한우(설도)","","2024","한우/냉장/1등급/설도/채썰기/0.4*0.4*5(cm)/0.3kg"
"축산물","한우","한우(설도)","1126670","한우(설도)","","2024","한우/냉장/1등급/설도/채썰기/0.4*0.4*5(cm)/0.5kg"
"축산물","한우","한우(설도)","1126671","한우(설도)","","2024","한우/냉장/1등급/설도/채썰기/0.4*0.4*5(cm)/5kg"
"축산물","한우","한우(설도)","1126672","한우(설도)","","2024","한우/냉장/무항생제/설도/채썰기/0.4*0.4*5(cm)/0.5kg"
"축산물","한우","한우(설도)","1126673","한우(설도)","","2024","한우/냉장/무항생제/설도/짜장,카레용/1*1*1 (cm)/0.3kg"
"축산물","한우","한우(설도)","1126674","한우(설도)","","2024","한우/냉장/무항생제/설도/짜장,카레용/1*1*1 (cm)/0.5kg"
"축산물","한우","한우(설도)","1126675","한우(설도)","","2024","한우/냉장/무항생제/설도/짜장,카레용/1*1*1 (cm)/1kg"
"축산물","한우","한우(설도)","1126676","한우(설도)","","2024","한우/냉장/무항생제/설도/짜장,카레용/1*1*1 (cm)/5kg"
"축산물","한우","한우(설도)","1126677","한우(설도)","","2024","한우/냉장/1등급/설도/채썰기/0.4*0.4*5(cm)/1kg"
"축산물","한우","한우(설도)","1126678","한우(설도)","","2024","한우/냉장/1등급/설도/채썰기/0.4*0.4*5(cm)/3kg"
"축산물","한우","한우(설도)","1126679","한우(설도)","","2024","한우/냉장/무항생제/설도/채썰기/0.4*0.4*5(cm)/0.3kg"
"축산물","한우","한우(설도)","1126680","한우(설도)","","2024","한우/냉장/무항생제/설도/채썰기/0.4*0.4*5(cm)/3kg"
"축산물","한우","한우(설도)","1126681","한우(설도)","","2024","한우/냉장/무항생제/설도/채썰기/0.4*0.4*5(cm)/5kg"
"축산물","한우","한우(설도)","1126682","한우(설도)","","2024","한우/냉장/2등급/설도/채썰기/0.4*0.4*5(cm)/0.3kg"
"축산물","한우","한우(설도)","1126683","한우(설도)","","2024","한우/냉장/2등급/설도/채썰기/0.4*0.4*5(cm)/1kg"
"축산물","돈육","돈육(등뼈)","1126684","돈육(등뼈)","","2024","돈육/냉동/무항생제/등뼈/찜,탕용/3cm 절단/1kg"
"수산물","건어물","건명태","1126685","북어","","별도표기","통북어, 30cm이상(머리포함)/수입산/300g"
"축산물","돈육","돈육(등뼈)","1126686","돈육(등뼈)","","2024","돈육/냉동/무항생제/등뼈/찜,탕용/3cm 절단/3kg"
"축산물","돈육","돈육(등뼈)","1126687","돈육(등뼈)","","2024","돈육/냉동/등뼈/찜용,탕용/30g내외/1kg"
"축산물","돈육","돈육(등뼈)","1126688","돈육(등뼈)","","2024","돈육/냉동/등뼈/찜용,탕용/30g내외/5kg"
"축산물","한우","한우(안심)","1126689","한우(안심)","","2024","한우/냉장/2등급/안심/구이,스테이크용/0.7cm 구이용 슬라이스/5kg"
"축산물","한우","한우(안심)","1126690","한우(안심)","","2024","한우/냉장/2등급/안심/구이,스테이크용/0.7cm 구이용 슬라이스/0.5kg"
"축산물","한우","한우(안심)","1126691","한우(안심)","","2024","한우/냉장/2등급/안심/구이,스테이크용/0.7cm 구이용 슬라이스/1kg"
"축산물","한우","한우(안심)","1126692","한우(안심)","","2024","한우/냉장/2등급/안심/구이,스테이크용/0.7cm 구이용 슬라이스/3kg"
"축산물","한우","한우(설도)","1126693","한우(설도)","","2024","한우/냉장/무항생제/설도/채썰기/0.4*0.4*5(cm)/1kg"
"축산물","한우","한우(설도)","1126694","한우(설도)","","2024","한우/냉장/2등급/설도/채썰기/0.4*0.4*5(cm)/0.5kg"
"축산물","한우","한우(설도)","1126695","한우(설도)","","2024","한우/냉장/2등급/설도/채썰기/0.4*0.4*5(cm)/3kg"
"축산물","한우","한우(설도)","1126696","한우(설도)","","2024","한우/냉장/2등급/설도/채썰기/0.4*0.4*5(cm)/5kg"
"축산물","돈육","돈육(등뼈)","1126697","돈육(등뼈)","","2024","돈육/냉동/무항생제/등뼈/찜,탕용/3cm 절단/5kg"
"축산물","돈육","돈육(등뼈)","1126698","돈육(등뼈)","","2024","돈육/냉동/등뼈/찜용,탕용/30g내외/3kg"
"축산물","한우","한우(안심)","1126699","한우(안심)","","2024","한우/냉장/1등급/안심/구이,스테이크용/0.7cm 구이용 슬라이스/0.3kg"
"축산물","한우","한우(안심)","1126700","한우(안심)","","2024","한우/냉장/1등급/안심/구이,스테이크용/0.7cm 구이용 슬라이스/0.5kg"
"축산물","한우","한우(안심)","1126701","한우(안심)","","2024","한우/냉장/1등급/안심/구이,스테이크용/0.7cm 구이용 슬라이스/1kg"
"축산물","한우","한우(안심)","1126702","한우(안심)","","2024","한우/냉장/1등급/안심/구이,스테이크용/0.7cm 구이용 슬라이스/3kg"
"축산물","한우","한우(안심)","1126703","한우(안심)","","2024","한우/냉장/1등급/안심/구이,스테이크용/0.7cm 구이용 슬라이스/5kg"
"축산물","한우","한우(안심)","1126704","한우(안심)","","2024","한우/냉장/2등급/안심/구이,스테이크용/0.7cm 구이용 슬라이스/0.3kg"
"축산물","한우","한우(안심)","1126705","한우(안심)","","2024","한우/냉장/1등급/안심/불고기/0.3*3*4(cm)/3kg"
"축산물","한우","한우(안심)","1126706","한우(안심)","","2024","한우/냉장/무항생제/안심/불고기/0.3*3*4(cm)/0.3kg"
"축산물","한우","한우(안심)","1126707","한우(안심)","","2024","한우/냉장/무항생제/안심/불고기/0.3*3*4(cm)/5kg"
"축산물","한우","한우(안심)","1126708","한우(안심)","","2024","한우/냉장/2등급/안심/불고기/0.3*3*4(cm)/1kg"
"축산물","한우","한우(안심)","1126709","한우(안심)","","2024","한우/냉장/2등급/안심/불고기/0.3*3*4(cm)/5kg"
"축산물","한우","한우(채끝)","1126710","한우(채끝)","","2024","한우/냉장/1등급/채끝/불고기/0.3*3*4(cm)/0.3kg"
"축산물","한우","한우(채끝)","1126711","한우(채끝)","","2024","한우/냉장/1등급/채끝/불고기/0.3*3*4(cm)/0.5kg"
"축산물","한우","한우(채끝)","1126712","한우(채끝)","","2024","한우/냉장/1등급/채끝/불고기/0.3*3*4(cm)/5kg"
"축산물","한우","한우(안심)","1126713","한우(안심)","","2024","한우/냉장/1등급/안심/불고기/0.3*3*4(cm)/0.3kg"
"축산물","한우","한우(안심)","1126714","한우(안심)","","2024","한우/냉장/1등급/안심/불고기/0.3*3*4(cm)/0.5kg"
"축산물","한우","한우(안심)","1126715","한우(안심)","","2024","한우/냉장/1등급/안심/불고기/0.3*3*4(cm)/1kg"
"축산물","한우","한우(안심)","1126716","한우(안심)","","2024","한우/냉장/1등급/안심/불고기/0.3*3*4(cm)/5kg"
"축산물","한우","한우(안심)","1126717","한우(안심)","","2024","한우/냉장/무항생제/안심/불고기/0.3*3*4(cm)/0.5kg"
"축산물","한우","한우(안심)","1126718","한우(안심)","","2024","한우/냉장/무항생제/안심/불고기/0.3*3*4(cm)/1kg"
"축산물","한우","한우(안심)","1126719","한우(안심)","","2024","한우/냉장/무항생제/안심/불고기/0.3*3*4(cm)/3kg"
"축산물","한우","한우(안심)","1126720","한우(안심)","","2024","한우/냉장/2등급/안심/불고기/0.3*3*4(cm)/0.3kg"
"축산물","한우","한우(안심)","1126721","한우(안심)","","2024","한우/냉장/2등급/안심/불고기/0.3*3*4(cm)/0.5kg"
"축산물","한우","한우(안심)","1126722","한우(안심)","","2024","한우/냉장/2등급/안심/불고기/0.3*3*4(cm)/3kg"
"축산물","한우","한우(채끝)","1126723","한우(채끝)","","2024","한우/냉장/1등급/채끝/불고기/0.3*3*4(cm)/1kg"
"축산물","한우","한우(채끝)","1126724","한우(채끝)","","2024","한우/냉장/1등급/채끝/불고기/0.3*3*4(cm)/3kg"
"축산물","한우","한우(채끝)","1126725","한우(채끝)","","2024","한우/냉장/무항생제/채끝/불고기/0.3*3*4(cm)/0.3kg"
"축산물","한우","한우(채끝)","1126726","한우(채끝)","","2024","한우/냉장/무항생제/채끝/불고기/0.3*3*4(cm)/3kg"
"축산물","한우","한우(채끝)","1126727","한우(채끝)","","2024","한우/냉장/무항생제/채끝/불고기/0.3*3*4(cm)/5kg"
"축산물","한우","한우(채끝)","1126728","한우(채끝)","","2024","한우/냉장/2등급/채끝/불고기/0.3*3*4(cm)/0.3kg"
"축산물","한우","한우(채끝)","1126729","한우(채끝)","","2024","한우/냉장/2등급/채끝/불고기/0.3*3*4(cm)/0.5kg"
"축산물","한우","한우(채끝)","1126730","한우(채끝)","","2024","한우/냉장/2등급/채끝/불고기/0.3*3*4(cm)/1kg"
"축산물","한우","한우(채끝)","1126731","한우(채끝)","","2024","한우/냉장/2등급/채끝/불고기/0.3*3*4(cm)/3kg"
"축산물","한우","한우(채끝)","1126732","한우(채끝)","","2024","한우/냉장/2등급/채끝/불고기/0.3*3*4(cm)/5kg"
"축산물","한우","한우(채끝)","1126733","한우(채끝)","","2024","한우/냉장/무항생제/채끝/불고기/0.3*3*4(cm)/0.5kg"
"축산물","한우","한우(채끝)","1126734","한우(채끝)","","2024","한우/냉장/무항생제/채끝/불고기/0.3*3*4(cm)/1kg"
"축산물","한우","한우(채끝)","1126735","한우(채끝)","","2024","한우/냉장/1등급/채끝/구이,스테이크용/0.7cm 구이용 슬라이스/0.5kg"
"축산물","한우","한우(채끝)","1126736","한우(채끝)","","2024","한우/냉장/1등급/채끝/구이,스테이크용/0.7cm 구이용 슬라이스/1kg"
"축산물","한우","한우(채끝)","1126737","한우(채끝)","","2024","한우/냉장/무항생제/채끝/구이,스테이크용/0.7cm 구이용 슬라이스/1kg"
"축산물","한우","한우(채끝)","1126738","한우(채끝)","","2024","한우/냉장/2등급/채끝/구이,스테이크용/0.7cm 구이용 슬라이스/0.3kg"
"축산물","한우","한우(채끝)","1126739","한우(채끝)","","2024","한우/냉장/2등급/채끝/구이,스테이크용/0.7cm 구이용 슬라이스/0.5kg"
"축산물","한우","한우(채끝)","1126740","한우(채끝)","","2024","한우/냉장/2등급/채끝/구이,스테이크용/0.7cm 구이용 슬라이스/3kg"
"축산물","한우","한우(잡뼈)","1126741","한우(잡뼈)","","2024","한우/냉동/2등급/잡뼈/탕,국용/3cm 절단/5kg"
"축산물","한우","한우(전각)","1126742","한우(전각)","","2024","한우/냉장/무항생제/앞다리(전각)/국거리,세절/0.3*2*3 (cm)/3kg"
"축산물","한우","한우(전각)","1126743","한우(전각)","","2024","한우/냉장/무항생제/앞다리(전각)/국거리,세절/0.3*2*3 (cm)/5kg"
"축산물","한우","한우(전각)","1126744","한우(전각)","","2024","한우/냉장/2등급/앞다리(전각)/국거리,세절/0.3*2*3 (cm)/5kg"
"축산물","한우","한우(전각)","1126745","한우(전각)","","2024","한우/냉장/1등급/앞다리(전각)/불고기/0.2*3*4 (cm)/3kg"
"축산물","한우","한우(전각)","1126746","한우(전각)","","2024","한우/냉장/1등급/앞다리(전각)/불고기/0.2*3*4 (cm)/5kg"
"축산물","한우","한우(전각)","1126747","한우(전각)","","2024","한우/냉장/무항생제/앞다리(전각)/불고기/0.2*3*4 (cm)/5kg"
"축산물","한우","한우(전각)","1126748","한우(전각)","","2024","한우/냉장/2등급/앞다리(전각)/불고기/0.2*3*4 (cm)/5kg"
"축산물","한우","한우(채끝)","1126749","한우(채끝)","","2024","한우/냉장/1등급/채끝/불고기/0.3*3*4(cm)/3kg"
"축산물","한우","한우(채끝)","1126750","한우(채끝)","","2024","한우/냉장/무항생제/채끝/불고기/0.3*3*4(cm)/5kg"
"축산물","한우","한우(채끝)","1126751","한우(채끝)","","2024","한우/냉장/2등급/채끝/불고기/0.3*3*4(cm)/3kg"
"축산물","한우","한우(채끝)","1126752","한우(채끝)","","2024","한우/냉장/2등급/채끝/불고기/0.3*3*4(cm)/5kg"
"축산물","한우","한우(채끝)","1126753","한우(채끝)","","2024","한우/냉장/1등급/채끝/구이,스테이크용/0.7cm 구이용 슬라이스/0.3kg"
"축산물","한우","한우(채끝)","1126754","한우(채끝)","","2024","한우/냉장/1등급/채끝/구이,스테이크용/0.7cm 구이용 슬라이스/3kg"
"축산물","한우","한우(채끝)","1126755","한우(채끝)","","2024","한우/냉장/1등급/채끝/구이,스테이크용/0.7cm 구이용 슬라이스/5kg"
"축산물","한우","한우(채끝)","1126756","한우(채끝)","","2024","한우/냉장/무항생제/채끝/구이,스테이크용/0.7cm 구이용 슬라이스/0.3kg"
"축산물","한우","한우(채끝)","1126757","한우(채끝)","","2024","한우/냉장/무항생제/채끝/구이,스테이크용/0.7cm 구이용 슬라이스/0.5kg"
"축산물","한우","한우(채끝)","1126758","한우(채끝)","","2024","한우/냉장/무항생제/채끝/구이,스테이크용/0.7cm 구이용 슬라이스/3kg"
"축산물","한우","한우(채끝)","1126759","한우(채끝)","","2024","한우/냉장/무항생제/채끝/구이,스테이크용/0.7cm 구이용 슬라이스/5kg"
"축산물","한우","한우(채끝)","1126760","한우(채끝)","","2024","한우/냉장/2등급/채끝/구이,스테이크용/0.7cm 구이용 슬라이스/1kg"
"축산물","한우","한우(채끝)","1126761","한우(채끝)","","2024","한우/냉장/2등급/채끝/구이,스테이크용/0.7cm 구이용 슬라이스/5kg"
"축산물","한우","한우(잡뼈)","1126762","한우(잡뼈)","","2024","한우/냉동/2등급/잡뼈/탕,국용/3cm 절단/3kg"
"축산물","한우","한우(전각)","1126763","한우(전각)","","2024","한우/냉장/1등급/앞다리(전각)/국거리,세절/0.3*2*3 (cm)/3kg"
"축산물","한우","한우(전각)","1126764","한우(전각)","","2024","한우/냉장/1등급/앞다리(전각)/국거리,세절/0.3*2*3 (cm)/5kg"
"축산물","한우","한우(전각)","1126765","한우(전각)","","2024","한우/냉장/2등급/앞다리(전각)/국거리,세절/0.3*2*3 (cm)/3kg"
"축산물","한우","한우(전각)","1126766","한우(전각)","","2024","한우/냉장/무항생제/앞다리(전각)/불고기/0.2*3*4 (cm)/3kg"
"축산물","한우","한우(전각)","1126767","한우(전각)","","2024","한우/냉장/2등급/앞다리(전각)/불고기/0.2*3*4 (cm)/3kg"
"축산물","한우","한우(채끝)","1126768","한우(채끝)","","2024","한우/냉장/1등급/채끝/불고기/0.3*3*4(cm)/5kg"
"축산물","한우","한우(채끝)","1126769","한우(채끝)","","2024","한우/냉장/무항생제/채끝/불고기/0.3*3*4(cm)/3kg"
"축산물","한우","한우(채끝)","1126770","한우(채끝)","","2024","한우/냉장/1등급/채끝/구이,스테이크용/0.7cm 구이용 슬라이스/5kg"
"축산물","한우","한우(채끝)","1126771","한우(채끝)","","2024","한우/냉장/무항생제/채끝/구이,스테이크용/0.7cm 구이용 슬라이스/3kg"
"축산물","한우","한우(채끝)","1126772","한우(채끝)","","2024","한우/냉장/무항생제/채끝/구이,스테이크용/0.7cm 구이용 슬라이스/5kg"
"축산물","한우","한우(채끝)","1126773","한우(채끝)","","2024","한우/냉장/1등급/채끝/구이,스테이크용/0.7cm 구이용 슬라이스/3kg"
"축산물","돈육","돈육(갈비)","1126774","돈육(갈비)","","2024","돈육/냉동/무항생제/갈비/찜,구이용/2.5*3(cm)/5kg"
"축산물","돈육","돈육(등갈비)","1126775","돈육(등갈비)","","2024","돈육/냉장/등갈비/1대씩 절단/3kg"
"축산물","돈육","돈육(등갈비)","1126776","돈육(등갈비)","","2024","돈육/냉장/등갈비/1대씩 절단/5kg"
"축산물","돈육","돈육(등갈비)","1126777","돈육(등갈비)","","2024","돈육/냉장/등갈비/1대씩 절단(1/2크기)/3kg"
"축산물","돈육","돈육(등뼈)","1126778","돈육(등뼈)","","2024","돈육/냉동/등뼈/찜용,탕용/30g내외/3kg"
"축산물","돈육","돈육(등뼈)","1126779","돈육(등뼈)","","2024","돈육/냉동/등뼈/찜용,탕용/30g내외/5kg"
"축산물","돈육","돈육(등뼈)","1126780","돈육(등뼈)","","2024","돈육/냉동/무항생제/등뼈/찜,탕용/3cm 절단/3kg"
"축산물","돈육","돈육(등뼈)","1126781","돈육(등뼈)","","2024","돈육/냉동/무항생제/등뼈/찜,탕용/3cm 절단/5kg"
"축산물","돈육","돈육(등심)","1126782","돈육(등심)","","2024","돈육/냉장/등심/장조림용/2*2*2(cm)/3kg"
"축산물","돈육","돈육(등심)","1126783","돈육(등심)","","2024","돈육/냉장/무항생제/등심/돈까스용/개당40g내외/3kg"
"축산물","돈육","돈육(등심)","1126784","돈육(등심)","","2024","돈육/냉장/무항생제/등심/돈까스용/개당40g내외/5kg"
"축산물","돈육","돈육(등심)","1126785","돈육(등심)","","2024","돈육/냉장/등심/돈까스용/개당40g내외/3kg"
"축산물","돈육","돈육(등심)","1126786","돈육(등심)","","2024","돈육/냉장/등심/돈까스용/개당40g내외/5kg"
"축산물","돈육","돈육(등심)","1126787","돈육(등심)","","2024","돈육/냉장/등심/탕수육용/1*1*4(cm)/5kg"
"축산물","돈육","돈육(등심)","1126788","돈육(등심)","","2024","돈육/냉장/무항생제/등심/잡채용/0.3*0.3*5(cm)/5kg"
"축산물","돈육","돈육(등심)","1126789","돈육(등심)","","2024","돈육/냉장/등심/잡채용/0.3*0.3*5(cm)/5kg"
"축산물","돈육","돈육(등심)","1126790","돈육(등심)","","2024","돈육/냉장/무항생제/등심/짜장,카레용/1*1*1(cm)/0.3kg"
"축산물","돈육","돈육(등심)","1126791","돈육(등심)","","2024","돈육/냉장/무항생제/등심/짜장,카레용/1*1*1(cm)/0.5kg"
"축산물","돈육","돈육(등심)","1126792","돈육(등심)","","2024","돈육/냉장/등심/짜장,카레용/1*1*1(cm)/0.3kg"
"축산물","한우","한우(채끝)","1126793","한우(채끝)","","2024","한우/냉장/2등급/채끝/구이,스테이크용/0.7cm 구이용 슬라이스/3kg"
"축산물","한우","한우(채끝)","1126794","한우(채끝)","","2024","한우/냉장/2등급/채끝/구이,스테이크용/0.7cm 구이용 슬라이스/5kg"
"축산물","돈육","돈육(갈비)","1126795","돈육(갈비)","","2024","돈육/냉동/갈비/찜,탕용/2*3(cm)/5kg"
"축산물","돈육","돈육(등갈비)","1126796","돈육(등갈비)","","2024","돈육/냉장/무항생제/등갈비/1대씩 절단/3kg"
"축산물","돈육","돈육(등갈비)","1126797","돈육(등갈비)","","2024","돈육/냉장/무항생제/등갈비/1대씩 절단/5kg"
"축산물","돈육","돈육(등갈비)","1126798","돈육(등갈비)","","2024","돈육/냉장/무항생제/등갈비/찜,구이용/ 1/2 절단/0.3kg"
"축산물","돈육","돈육(등갈비)","1126799","돈육(등갈비)","","2024","돈육/냉장/무항생제/등갈비/찜,구이용/ 1/2 절단/0.5kg"
"축산물","돈육","돈육(등갈비)","1126800","돈육(등갈비)","","2024","돈육/냉장/무항생제/등갈비/찜,구이용/ 1/2 절단/1kg"
"축산물","돈육","돈육(등갈비)","1126801","돈육(등갈비)","","2024","돈육/냉장/무항생제/등갈비/찜,구이용/ 1/2 절단/3kg"
"축산물","돈육","돈육(등갈비)","1126802","돈육(등갈비)","","2024","돈육/냉장/무항생제/등갈비/찜,구이용/ 1/2 절단/5kg"
"축산물","돈육","돈육(등갈비)","1126803","돈육(등갈비)","","2024","돈육/냉장/등갈비/1대씩 절단(1/2크기)/0.3kg"
"축산물","돈육","돈육(등갈비)","1126804","돈육(등갈비)","","2024","돈육/냉장/등갈비/1대씩 절단(1/2크기)/0.5kg"
"축산물","돈육","돈육(등갈비)","1126805","돈육(등갈비)","","2024","돈육/냉장/등갈비/1대씩 절단(1/2크기)/1kg"
"축산물","돈육","돈육(등갈비)","1126806","돈육(등갈비)","","2024","돈육/냉장/등갈비/1대씩 절단(1/2크기)/5kg"
"축산물","돈육","돈육(등심)","1126807","돈육(등심)","","2024","돈육/냉장/무항생제/등심/장조림용/2*2*2(cm)/3kg"
"축산물","돈육","돈육(등심)","1126808","돈육(등심)","","2024","돈육/냉장/무항생제/등심/장조림용/2*2*2(cm)/5kg"
"축산물","돈육","돈육(등심)","1126809","돈육(등심)","","2024","돈육/냉장/등심/장조림용/2*2*2(cm)/5kg"
"축산물","돈육","돈육(등심)","1126810","돈육(등심)","","2024","돈육/냉장/무항생제/등심/탕수육용/1*1*4(cm)/3kg"
"축산물","돈육","돈육(등심)","1126811","돈육(등심)","","2024","돈육/냉장/무항생제/등심/탕수육용/1*1*4(cm)/5kg"
"축산물","돈육","돈육(등심)","1126812","돈육(등심)","","2024","돈육/냉장/등심/탕수육용/1*1*4(cm)/3kg"
"축산물","돈육","돈육(등심)","1126813","돈육(등심)","","2024","돈육/냉장/무항생제/등심/잡채용/0.3*0.3*5(cm)/3kg"
"축산물","돈육","돈육(등심)","1126814","돈육(등심)","","2024","돈육/냉장/등심/잡채용/0.3*0.3*5(cm)/3kg"
"축산물","돈육","돈육(등심)","1126815","돈육(등심)","","2024","돈육/냉장/무항생제/등심/짜장,카레용/1*1*1(cm)/1kg"
"축산물","돈육","돈육(등심)","1126816","돈육(등심)","","2024","돈육/냉장/무항생제/등심/짜장,카레용/1*1*1(cm)/3kg"
"축산물","돈육","돈육(등심)","1126817","돈육(등심)","","2024","돈육/냉장/무항생제/등심/짜장,카레용/1*1*1(cm)/5kg"
"축산물","돈육","돈육(등심)","1126818","돈육(등심)","","2024","돈육/냉장/등심/짜장,카레용/1*1*1(cm)/0.5kg"
"축산물","돈육","돈육(등심)","1126819","돈육(등심)","","2024","돈육/냉장/등심/짜장,카레용/1*1*1(cm)/3kg"
"축산물","돈육","돈육(등심)","1126820","돈육(등심)","","2024","돈육/냉장/등심/짜장,카레용/1*1*1(cm)/5kg"
"축산물","돈육","돈육(등심)","1126821","돈육(등심)","","2024","돈육/냉장/무항생제/등심/다짐육/0.3kg"
"축산물","돈육","돈육(등심)","1126822","돈육(등심)","","2024","돈육/냉장/무항생제/등심/다짐육/1kg"
"축산물","돈육","돈육(등심)","1126823","돈육(등심)","","2024","돈육/냉장/무항생제/등심/다짐육/5kg"
"축산물","돈육","돈육(등심)","1126824","돈육(등심)","","2024","돈육/냉장/등심/다짐육/0.3kg"
"축산물","돈육","돈육(등심)","1126825","돈육(등심)","","2024","돈육/냉장/등심/다짐육/5kg"
"축산물","돈육","돈육(목심)","1126826","돈육(목심)","","2024","돈육/냉장/무항생제/목살/구이용/0.7cm슬라이스/3kg"
"축산물","돈육","돈육(목심)","1126827","돈육(목심)","","2024","돈육/냉장/무항생제/목살/구이용/0.7cm슬라이스/5kg"
"축산물","돈육","돈육(목심)","1126828","돈육(목심)","","2024","돈육/냉장/목살/구이용/0.7*4*5(cm)/3kg"
"축산물","돈육","돈육(목심)","1126829","돈육(목심)","","2024","돈육/냉장/목살/구이용/0.7*4*5(cm)/5kg"
"축산물","돈육","돈육(목심)","1126830","돈육(목심)","","2024","돈육/냉장/목살/스테이크용/0.7cm슬라이스/3kg"
"축산물","돈육","돈육(목심)","1126831","돈육(목심)","","2024","돈육/냉장/목살/수육용/200~300g 덩어리/3kg"
"축산물","돈육","돈육(목심)","1126832","돈육(목심)","","2024","돈육/냉장/무항생제/목살/불고기용/0.3*3*4(cm)/0.5kg"
"축산물","돈육","돈육(등심)","1126833","돈육(등심)","","2024","돈육/냉장/등심/짜장,카레용/1*1*1(cm)/1kg"
"축산물","돈육","돈육(등심)","1126834","돈육(등심)","","2024","돈육/냉장/무항생제/등심/다짐육/0.5kg"
"축산물","돈육","돈육(등심)","1126835","돈육(등심)","","2024","돈육/냉장/무항생제/등심/다짐육/3kg"
"축산물","돈육","돈육(등심)","1126836","돈육(등심)","","2024","돈육/냉장/등심/다짐육/0.5kg"
"축산물","돈육","돈육(등심)","1126837","돈육(등심)","","2024","돈육/냉장/등심/다짐육/1kg"
"축산물","돈육","돈육(등심)","1126838","돈육(등심)","","2024","돈육/냉장/등심/다짐육/3kg"
"축산물","돈육","돈육(목심)","1126839","돈육(목심)","","2024","돈육/냉장/무항생제/목살/스테이크용/0.7cm슬라이스/3kg"
"축산물","돈육","돈육(목심)","1126840","돈육(목심)","","2024","돈육/냉장/무항생제/목살/스테이크용/0.7cm슬라이스/5kg"
"축산물","돈육","돈육(목심)","1126841","돈육(목심)","","2024","돈육/냉장/목살/스테이크용/0.7cm슬라이스/5kg"
"축산물","돈육","돈육(목심)","1126842","돈육(목심)","","2024","돈육/냉장/목살/수육용/200~300g 덩어리/5kg"
"축산물","돈육","돈육(목심)","1126843","돈육(목심)","","2024","돈육/냉장/무항생제/목살/수육용/200~300g 덩어리/3kg"
"축산물","돈육","돈육(목심)","1126844","돈육(목심)","","2024","돈육/냉장/무항생제/목살/수육용/200~300g 덩어리/5kg"
"축산물","돈육","돈육(목심)","1126845","돈육(목심)","","2024","돈육/냉장/무항생제/목살/불고기용/0.3*3*4(cm)/0.3kg"
"축산물","돈육","돈육(목심)","1126846","돈육(목심)","","2024","돈육/냉장/목살/불고기용/0.3*3*4(cm)/0.3kg"
"축산물","돈육","돈육(목심)","1126847","돈육(목심)","","2024","돈육/냉장/목살/불고기용/0.3*3*4(cm)/1kg"
"축산물","돈육","돈육(목심)","1126848","돈육(목심)","","2024","돈육/냉장/목살/불고기용/0.3*3*4(cm)/3kg"
"축산물","돈육","돈육(사태)","1126849","돈육(사태)","","2024","돈육/냉장/무항생제/사태/수육,찜용/200g~300g 덩어리/3kg"
"축산물","돈육","돈육(사태)","1126850","돈육(사태)","","2024","돈육/냉장/사태/수육,찜용/200g~300g 덩어리/3kg"
"축산물","돈육","돈육(사태)","1126851","돈육(사태)","","2024","돈육/냉장/무항생제/사태/장조림용/2*2*2(cm)/3kg"
"축산물","돈육","돈육(사태)","1126852","돈육(사태)","","2024","돈육/냉장/무항생제/사태/장조림용/2*2*2(cm)/5kg"
"축산물","돈육","돈육(목심)","1126853","돈육(목심)","","2024","돈육/냉장/무항생제/목살/불고기용/0.3*3*4(cm)/1kg"
"축산물","돈육","돈육(목심)","1126854","돈육(목심)","","2024","돈육/냉장/무항생제/목살/불고기용/0.3*3*4(cm)/3kg"
"축산물","돈육","돈육(목심)","1126855","돈육(목심)","","2024","돈육/냉장/무항생제/목살/불고기용/0.3*3*4(cm)/5kg"
"축산물","돈육","돈육(목심)","1126856","돈육(목심)","","2024","돈육/냉장/목살/불고기용/0.3*3*4(cm)/0.5kg"
"축산물","돈육","돈육(목심)","1126857","돈육(목심)","","2024","돈육/냉장/목살/불고기용/0.3*3*4(cm)/5kg"
"축산물","돈육","돈육(사태)","1126858","돈육(사태)","","2024","돈육/냉장/무항생제/사태/수육,찜용/200g~300g 덩어리/5kg"
"축산물","돈육","돈육(사태)","1126859","돈육(사태)","","2024","돈육/냉장/사태/수육,찜용/200g~300g 덩어리/5kg"
"축산물","돈육","돈육(사태)","1126860","돈육(사태)","","2024","돈육/냉장/사태/장조림용/2*2*2(cm)/5kg"
"축산물","돈육","돈육(삼겹)","1126861","돈육(삼겹)","","2024","돈육/냉장/삼겹/구이용/절단 0.7*4*5(cm)/3kg"
"축산물","돈육","돈육(삼겹)","1126862","돈육(삼겹)","","2024","돈육/냉장/삼겹/구이용/절단 0.7*4*5(cm)/5kg"
"축산물","돈육","돈육(삼겹)","1126863","돈육(삼겹)","","2024","돈육/냉장/무항생제/삼겹/구이용/절단 0.7*4*5(cm)/5kg"
"축산물","돈육","돈육(삼겹)","1126864","돈육(삼겹)","","2024","돈육/냉장/무항생제/삼겹/수육용/200g~300g 덩어리/3kg"
"축산물","돈육","돈육(삼겹)","1126865","돈육(삼겹)","","2024","돈육/냉장/무항생제/삼겹/수육용/200g~300g 덩어리/5kg"
"축산물","돈육","돈육(삼겹)","1126866","돈육(삼겹)","","2024","돈육/냉장/삼겹/수육용/200g~300g 덩어리/5kg"
"축산물","돈육","돈육(삼겹)","1126867","돈육(삼겹)","","2024","돈육/냉장/삼겹/불고기용/0.3*3*4(cm)/3kg"
"축산물","돈육","돈육(삼겹)","1126868","돈육(삼겹)","","2024","돈육/냉장/무항생제/삼겹/불고기용/0.3*3*4(cm)/3kg"
"축산물","돈육","돈육(삼겹)","1126869","돈육(삼겹)","","2024","돈육/냉장/무항생제/삼겹살/구이용/0.7cm슬라이스/1kg"
"축산물","돈육","돈육(삼겹)","1126870","돈육(삼겹)","","2024","돈육/냉장/무항생제/삼겹살/구이용/0.7cm슬라이스/5kg"
"축산물","돈육","돈육(삼겹)","1126871","돈육(삼겹)","","2024","돈육/냉장/삼겹/구이용/0.7cm 길게 슬라이스/0.3kg"
"축산물","돈육","돈육(삼겹)","1126872","돈육(삼겹)","","2024","돈육/냉장/삼겹/구이용/0.7cm 길게 슬라이스/1kg"
"축산물","돈육","돈육(사태)","1126873","돈육(사태)","","2024","돈육/냉장/사태/장조림용/2*2*2(cm)/3kg"
"축산물","돈육","돈육(삼겹)","1126874","돈육(삼겹)","","2024","돈육/냉장/무항생제/삼겹/구이용/절단 0.7*4*5(cm)/3kg"
"축산물","돈육","돈육(삼겹)","1126875","돈육(삼겹)","","2024","돈육/냉장/삼겹/수육용/200g~300g 덩어리/3kg"
"축산물","돈육","돈육(삼겹)","1126876","돈육(삼겹)","","2024","돈육/냉장/삼겹/불고기용/0.3*3*4(cm)/5kg"
"축산물","돈육","돈육(삼겹)","1126877","돈육(삼겹)","","2024","돈육/냉장/무항생제/삼겹/불고기용/0.3*3*4(cm)/5kg"
"축산물","돈육","돈육(삼겹)","1126878","돈육(삼겹)","","2024","돈육/냉장/무항생제/삼겹살/구이용/0.7cm슬라이스/0.3kg"
"축산물","돈육","돈육(삼겹)","1126879","돈육(삼겹)","","2024","돈육/냉장/무항생제/삼겹살/구이용/0.7cm슬라이스/0.5kg"
"축산물","돈육","돈육(삼겹)","1126880","돈육(삼겹)","","2024","돈육/냉장/무항생제/삼겹살/구이용/0.7cm슬라이스/3kg"
"축산물","돈육","돈육(삼겹)","1126881","돈육(삼겹)","","2024","돈육/냉장/삼겹/구이용/0.7cm 길게 슬라이스/0.5kg"
"축산물","돈육","돈육(안심)","1126882","돈육(안심)","","2024","돈육/냉장/무항생제/안심/잡채용/0.3*0.3*5(cm)/5kg"
"축산물","돈육","돈육(안심)","1126883","돈육(안심)","","2024","돈육/냉장/안심/잡채용/0.3*0.3*5(cm)/3kg"
"축산물","돈육","돈육(안심)","1126884","돈육(안심)","","2024","돈육/냉장/안심/잡채용/0.3*0.3*5(cm)/5kg"
"축산물","돈육","돈육(안심)","1126885","돈육(안심)","","2024","돈육/냉장/무항생제/안심/짜장,카레용/1*1*1(cm)/0.5kg"
"축산물","돈육","돈육(안심)","1126886","돈육(안심)","","2024","돈육/냉장/무항생제/안심/짜장,카레용/1*1*1(cm)/1kg"
"축산물","돈육","돈육(안심)","1126887","돈육(안심)","","2024","돈육/냉장/안심/짜장,카레용/1*1*1(cm)/0.3kg"
"축산물","돈육","돈육(안심)","1126888","돈육(안심)","","2024","돈육/냉장/안심/짜장,카레용/1*1*1(cm)/1kg"
"축산물","돈육","돈육(안심)","1126889","돈육(안심)","","2024","돈육/냉장/무항생제/안심/다짐육/0.3kg"
"축산물","돈육","돈육(안심)","1126890","돈육(안심)","","2024","돈육/냉장/무항생제/안심/다짐육/5kg"
"축산물","돈육","돈육(안심)","1126891","돈육(안심)","","2024","돈육/냉장/안심/다짐육/0.3kg"
"축산물","돈육","돈육(안심)","1126892","돈육(안심)","","2024","돈육/냉장/안심/다짐육/3kg"
"축산물","돈육","돈육(삼겹)","1126893","돈육(삼겹)","","2024","돈육/냉장/삼겹/구이용/0.7cm 길게 슬라이스/3kg"
"축산물","돈육","돈육(삼겹)","1126894","돈육(삼겹)","","2024","돈육/냉장/삼겹/구이용/0.7cm 길게 슬라이스/5kg"
"축산물","돈육","돈육(안심)","1126895","돈육(안심)","","2024","돈육/냉장/무항생제/안심/장조림용/2*2*2(cm)/3kg"
"축산물","돈육","돈육(안심)","1126896","돈육(안심)","","2024","돈육/냉장/무항생제/안심/장조림용/2*2*2(cm)/5kg"
"축산물","돈육","돈육(안심)","1126897","돈육(안심)","","2024","돈육/냉장/안심/장조림용/2*2*2(cm)/3kg"
"축산물","돈육","돈육(안심)","1126898","돈육(안심)","","2024","돈육/냉장/안심/장조림용/2*2*2(cm)/5kg"
"축산물","돈육","돈육(안심)","1126899","돈육(안심)","","2024","돈육/냉장/무항생제/안심/잡채용/0.3*0.3*5(cm)/3kg"
"축산물","돈육","돈육(안심)","1126900","돈육(안심)","","2024","돈육/냉장/무항생제/안심/짜장,카레용/1*1*1(cm)/0.3kg"
"축산물","돈육","돈육(안심)","1126901","돈육(안심)","","2024","돈육/냉장/무항생제/안심/짜장,카레용/1*1*1(cm)/3kg"
"축산물","돈육","돈육(안심)","1126902","돈육(안심)","","2024","돈육/냉장/무항생제/안심/짜장,카레용/1*1*1(cm)/5kg"
"축산물","돈육","돈육(안심)","1126903","돈육(안심)","","2024","돈육/냉장/안심/짜장,카레용/1*1*1(cm)/0.5kg"
"축산물","돈육","돈육(안심)","1126904","돈육(안심)","","2024","돈육/냉장/안심/짜장,카레용/1*1*1(cm)/3kg"
"축산물","돈육","돈육(안심)","1126905","돈육(안심)","","2024","돈육/냉장/안심/짜장,카레용/1*1*1(cm)/5kg"
"축산물","돈육","돈육(안심)","1126906","돈육(안심)","","2024","돈육/냉장/무항생제/안심/다짐육/0.5kg"
"축산물","돈육","돈육(안심)","1126907","돈육(안심)","","2024","돈육/냉장/무항생제/안심/다짐육/1kg"
"축산물","돈육","돈육(안심)","1126908","돈육(안심)","","2024","돈육/냉장/무항생제/안심/다짐육/3kg"
"축산물","돈육","돈육(안심)","1126909","돈육(안심)","","2024","돈육/냉장/안심/다짐육/0.5kg"
"축산물","돈육","돈육(안심)","1126910","돈육(안심)","","2024","돈육/냉장/안심/다짐육/1kg"
"축산물","돈육","돈육(전지)","1126911","돈육(전지)","","2024","돈육/냉장/앞다리/불고기용/0.2*4*5(cm)/3kg"
"축산물","돈육","돈육(전지)","1126912","돈육(전지)","","2024","돈육/냉장/앞다리/불고기용/0.2*4*5(cm)/5kg"
"축산물","돈육","돈육(안심)","1126913","돈육(안심)","","2024","돈육/냉장/안심/다짐육/5kg"
"축산물","돈육","돈육(전지)","1126914","돈육(전지)","","2024","돈육/냉장/앞다리/다짐육/3kg"
"축산물","돈육","돈육(전지)","1126915","돈육(전지)","","2024","돈육/냉장/앞다리/다짐육/5kg"
"축산물","돈육","돈육(전지)","1126916","돈육(전지)","","2024","돈육/냉장/앞다리/찌개용/0.3*2*3(cm)/3kg"
"축산물","돈육","돈육(전지)","1126917","돈육(전지)","","2024","돈육/냉장/무항생제/앞다리/불고기용/0.3*3*4(cm)/3kg"
"축산물","돈육","돈육(전지)","1126918","돈육(전지)","","2024","돈육/냉장/무항생제/앞다리/찌개용/0.3*2*3(cm)/3kg"
"축산물","돈육","돈육(전지)","1126919","돈육(전지)","","2024","돈육/냉장/무항생제/앞다리/찌개용/0.3*2*3(cm)/5kg"
"축산물","돈육","돈육(후지)","1126920","돈육(후지)","","2024","돈육/냉장/뒷다리/다짐육/3kg"
"축산물","돈육","돈육(후지)","1126921","돈육(후지)","","2024","돈육/냉장/뒷다리/다짐육/5kg"
"축산물","돈육","돈육(후지)","1126922","돈육(후지)","","2024","돈육/냉장/무항생제/뒷다리/다짐육/3kg"
"축산물","돈육","돈육(후지)","1126923","돈육(후지)","","2024","돈육/냉장/무항생제/뒷다리/불고기용/0.2*3*4(cm)/5kg"
"축산물","돈육","돈육(후지)","1126924","돈육(후지)","","2024","돈육/냉장/무항생제/뒷다리/찌개용/0.3*2*3(cm)/5kg"
"축산물","한우","한우(안심)","1126925","한우(안심)","","2024","한우/냉장/1등급/안심/구이,스테이크용/0.7cm 구이용 슬라이스/3kg"
"축산물","한우","한우(안심)","1126926","한우(안심)","","2024","한우/냉장/무항생제/안심/구이,스테이크용/0.7cm 구이용 슬라이스/3kg"
"축산물","한우","한우(안심)","1126927","한우(안심)","","2024","한우/냉장/2등급/안심/구이,스테이크용/0.7cm 구이용 슬라이스/3kg"
"축산물","한우","한우(안심)","1126928","한우(안심)","","2024","한우/냉장/무항생제/안심/불고기/0.3*3*4(cm)/3kg"
"축산물","한우","한우(안심)","1126929","한우(안심)","","2024","한우/냉장/2등급/안심/불고기/0.3*3*4(cm)/5kg"
"축산물","한우","한우(양지)","1126930","한우(양지)","","2023","한우/냉장/1등급/양지/국거리/0.3*2*3(cm)/5kg"
"축산물","한우","한우(양지)","1126931","한우(양지)","","2024","한우/냉장/1등급/양지/국거리/200g-300g 덩어리/3kg"
"축산물","한우","한우(양지)","1126932","한우(양지)","","2023","한우/냉장/2등급/양지/국거리/0.3*2*3(cm)/3kg"
"축산물","돈육","돈육(전지)","1126933","돈육(전지)","","2024","돈육/냉장/앞다리/찌개용/0.3*2*3(cm)/5kg"
"축산물","돈육","돈육(전지)","1126934","돈육(전지)","","2024","돈육/냉장/무항생제/앞다리/다짐육/0.5 다짐육(cm)/3kg"
"축산물","돈육","돈육(전지)","1126935","돈육(전지)","","2024","돈육/냉장/무항생제/앞다리/다짐육/0.5 다짐육(cm)/5kg"
"축산물","돈육","돈육(전지)","1126936","돈육(전지)","","2024","돈육/냉장/무항생제/앞다리/불고기용/0.3*3*4(cm)/5kg"
"축산물","돈육","돈육(전지)","1126937","돈육(전지)","","2024","돈육/냉장/무항생제/앞다리/수육용/200g~300g 덩어리/3kg"
"축산물","돈육","돈육(전지)","1126938","돈육(전지)","","2024","돈육/냉장/무항생제/앞다리/수육용/200g~300g 덩어리/5kg"
"축산물","돈육","돈육(전지)","1126939","돈육(전지)","","2024","돈육/냉장/앞다리/수육용/200g~300g 덩어리/3kg"
"축산물","돈육","돈육(전지)","1126940","돈육(전지)","","2024","돈육/냉장/앞다리/수육용/200g~300g 덩어리/5kg"
"축산물","돈육","돈육(후지)","1126941","돈육(후지)","","2024","돈육/냉장/뒷다리/불고기용/0.2*3*4(cm)/3kg"
"축산물","돈육","돈육(후지)","1126942","돈육(후지)","","2024","돈육/냉장/뒷다리/불고기용/0.2*3*4(cm)/5kg"
"축산물","돈육","돈육(후지)","1126943","돈육(후지)","","2024","돈육/냉장/뒷다리/찌개용/0.3*2*3(cm)/3kg"
"축산물","돈육","돈육(후지)","1126944","돈육(후지)","","2024","돈육/냉장/뒷다리/찌개용/0.3*2*3(cm)/5kg"
"축산물","돈육","돈육(후지)","1126945","돈육(후지)","","2024","돈육/냉장/무항생제/뒷다리/다짐육/5kg"
"축산물","돈육","돈육(후지)","1126946","돈육(후지)","","2024","돈육/냉장/무항생제/뒷다리/불고기용/0.2*3*4(cm)/3kg"
"축산물","돈육","돈육(후지)","1126947","돈육(후지)","","2024","돈육/냉장/무항생제/뒷다리/찌개용/0.3*2*3(cm)/3kg"
"축산물","한우","한우(안심)","1126948","한우(안심)","","2024","한우/냉장/1등급/안심/구이,스테이크용/0.7cm 구이용 슬라이스/5kg"
"축산물","한우","한우(안심)","1126949","한우(안심)","","2024","한우/냉장/무항생제/안심/구이,스테이크용/0.7cm 구이용 슬라이스/5kg"
"축산물","한우","한우(안심)","1126950","한우(안심)","","2024","한우/냉장/2등급/안심/구이,스테이크용/0.7cm 구이용 슬라이스/5kg"
"축산물","한우","한우(안심)","1126951","한우(안심)","","2024","한우/냉장/1등급/안심/불고기/0.3*3*4(cm)/3kg"
"축산물","한우","한우(안심)","1126952","한우(안심)","","2024","한우/냉장/1등급/안심/불고기/0.3*3*4(cm)/5kg"
"축산물","한우","한우(안심)","1126953","한우(안심)","","2024","한우/냉장/무항생제/안심/불고기/0.3*3*4(cm)/5kg"
"축산물","한우","한우(안심)","1126954","한우(안심)","","2024","한우/냉장/2등급/안심/불고기/0.3*3*4(cm)/3kg"
"축산물","한우","한우(양지)","1126955","한우(양지)","","2024","한우/냉장/1등급/양지/국거리/0.3*2*3(cm)/3kg"
"축산물","한우","한우(양지)","1126956","한우(양지)","","2024","한우/냉장/1등급/양지/국거리/200g-300g 덩어리/5kg"
"축산물","한우","한우(양지)","1126957","한우(양지)","","2023","한우/냉장/2등급/양지/국거리/0.3*2*3(cm)/5kg"
"축산물","한우","한우(양지)","1126958","한우(양지)","","2023","한우/냉장/2등급/양지/국거리/200g-300g 덩어리/3kg"
"축산물","한우","한우(양지)","1126959","한우(양지)","","2023","한우/냉장/2등급/양지/국거리/200g-300g 덩어리/5kg"
"축산물","한우","한우(양지)","1126960","한우(양지)","","2024","한우/냉장/무항생제/양지/국거리/0.3*2*3(cm)/3kg"
"축산물","한우","한우(양지)","1126961","한우(양지)","","2023","한우/냉장/무항생제/양지/국거리/200g-300g 덩어리/3kg"
"축산물","한우","한우(우둔)","1126962","한우(우둔)","","2024","한우/냉장/1등급/우둔/다짐육/0.5cm 다짐육/3kg"
"축산물","한우","한우(우둔)","1126963","한우(우둔)","","2024","한우/냉장/1등급/우둔/다짐육/0.5cm 다짐육/5kg"
"축산물","한우","한우(우둔)","1126964","한우(우둔)","","2024","한우/냉장/1등급/우둔/잡채용/0.3*0.3*5 (cm)/3kg"
"축산물","한우","한우(우둔)","1126965","한우(우둔)","","2024","한우/냉장/1등급/우둔/불고기/0.2*3*4 (cm)/3kg"
"축산물","한우","한우(우둔)","1126966","한우(우둔)","","2024","한우/냉장/1등급/우둔/불고기/0.2*3*4 (cm)/5kg"
"축산물","한우","한우(우둔)","1126967","한우(우둔)","","2024","한우/냉장/무항생제/우둔/불고기/0.2*3*4 (cm)/3kg"
"축산물","한우","한우(우둔)","1126968","한우(우둔)","","2024","한우/냉장/무항생제/우둔/불고기/0.2*3*4 (cm)/5kg"
"축산물","한우","한우(우둔)","1126969","한우(우둔)","","2024","한우/냉장/무항생제/우둔/다짐육/0.5cm 다짐육/3kg"
"축산물","한우","한우(우둔)","1126970","한우(우둔)","","2024","한우/냉장/무항생제/우둔/다짐육/0.5cm 다짐육/5kg"
"축산물","한우","한우(우둔)","1126971","한우(우둔)","","2024","한우/냉장/무항생제/우둔/잡채용/0.3*0.3*5 (cm)/3kg"
"축산물","한우","한우(우둔)","1126972","한우(우둔)","","2024","한우/냉장/2등급/우둔/잡채용/0.3*0.3*5 (cm)/3kg"
"축산물","한우","한우(양지)","1126973","한우(양지)","","2024","한우/냉장/무항생제/양지/국거리/0.3*2*3(cm)/5kg"
"축산물","한우","한우(양지)","1126974","한우(양지)","","2023","한우/냉장/무항생제/양지/국거리/200g-300g 덩어리/5kg"
"축산물","한우","한우(우둔)","1126975","한우(우둔)","","2024","한우/냉장/1등급/우둔/잡채용/0.3*0.3*5 (cm)/5kg"
"축산물","한우","한우(우둔)","1126976","한우(우둔)","","2024","한우/냉장/2등급/우둔/불고기/0.2*3*4 (cm)/3kg"
"축산물","한우","한우(우둔)","1126977","한우(우둔)","","2024","한우/냉장/2등급/우둔/불고기/0.2*3*4 (cm)/5kg"
"축산물","한우","한우(우둔)","1126978","한우(우둔)","","2024","한우/냉장/2등급/우둔/다짐육/0.5cm 다짐육/3kg"
"축산물","한우","한우(우둔)","1126979","한우(우둔)","","2024","한우/냉장/2등급/우둔/다짐육/0.5cm 다짐육/5kg"
"축산물","한우","한우(우둔)","1126980","한우(우둔)","","2024","한우/냉장/무항생제/우둔/잡채용/0.3*0.3*5 (cm)/5kg"
"축산물","한우","한우(우둔)","1126981","한우(우둔)","","2024","한우/냉장/1등급/우둔/짜장,카레용/1*1*1(cm)/3kg"
"축산물","한우","한우(우둔)","1126982","한우(우둔)","","2024","한우/냉장/1등급/우둔/짜장,카레용/1*1*1(cm)/5kg"
"축산물","한우","한우(우둔)","1126983","한우(우둔)","","2024","한우/냉장/2등급/우둔/짜장,카레용/1*1*1(cm)/5kg"
"축산물","한우","한우(우둔)","1126984","한우(우둔)","","2024","한우/냉장/무항생제/우둔/짜장,카레용/1*1*1(cm)/3kg"
"축산물","한우","한우(우둔)","1126985","한우(우둔)","","2024","한우/냉장/무항생제/우둔/짜장,카레용/1*1*1(cm)/5kg"
"축산물","한우","한우(안심)","1126986","한우(안심)","","2024","한우/냉장/무항생제/안심/구이,스테이크용/0.7cm 구이용 슬라이스/0.3kg"
"축산물","한우","한우(안심)","1126987","한우(안심)","","2024","한우/냉장/무항생제/안심/구이,스테이크용/0.7cm 구이용 슬라이스/0.5kg"
"축산물","한우","한우(안심)","1126988","한우(안심)","","2024","한우/냉장/무항생제/안심/구이,스테이크용/0.7cm 구이용 슬라이스/3kg"
"축산물","한우","한우(안심)","1126989","한우(안심)","","2024","한우/냉장/무항생제/안심/구이,스테이크용/0.7cm 구이용 슬라이스/5kg"
"농산물","양곡부류","찹쌀","1126990","찹쌀/고산","","2023년","찹쌀/1kg/일반"
"농산물","양곡부류","기능성쌀","1126991","기능성쌀/고산","","","카레라이스/일반/1kg"
"농산물","양곡부류","동부콩","1126992","동부콩/한결","한결영농조합법인","2023","동부콩/1kg/일반"
"축산물","한우","한우(우둔)","1126993","한우(우둔)","","2024","한우/냉장/2등급/우둔/잡채용/0.3*0.3*5 (cm)/5kg"
"축산물","한우","한우(우둔)","1126994","한우(우둔)","","2024","한우/냉장/2등급/우둔/짜장,카레용/1*1*1(cm)/3kg"
"축산물","한우","한우(안심)","1126995","한우(안심)","","2024","한우/냉장/무항생제/안심/구이,스테이크용/0.7cm 구이용 슬라이스/1kg"
"농산물","양곡부류","기능성찹쌀","1126996","기능성쌀/고산","준바이오","","칼슘찹쌀/1kg/일반/"
"농산물","양곡부류","흑미","1126997","흑미/고산","고산농협","2023","흑미/1kg/일반"
"농산물","양곡부류","쥐눈이콩(검정약콩)","1126998","쥐눈이콩(검정약콩)/고산","","2023년","쥐눈이콩(검정약콩)/1kg/일반"
"농산물","양곡부류","찹쌀현미","1126999","찹쌀현미/고산","","2023년","찹쌀현미/1kg/일반"
"수산물","어류","날치","1127000","날치알","","2023년","날치알(냉동) 골드 900g/PAC 빙어알 혼합/수입산/900g"
"수산물","어류","가자미","1127013","가자미살(99%가시제거)","","2024년","가자미순살(뼈제거 99%),토막당 20g내외/수입산/1kg"
"가공식품","농산물가공식품","고춧잎","1127014","고춧잎/하늘촌","","2024년","건고추잎/1kg"
"농산물","과채류","단호박","1127015","단호박(튀김용/절단)","","당해년도","단호박(튀김용/절단)/수입산/"
"가공식품","농산물가공식품","참기름","1127033","참기름/금호식품","햇살비","2023년","참기름(300ml)"
"가공식품","농산물가공식품","고춧잎","1127034","고춧잎/청채마루","","2024","건고추잎/0.3kg"
"농산물","버섯류","표고버섯","1127035","표고버섯(유기농)","","2024년","표고버섯(유기농)/0.3kg"
"농산물","버섯류","표고버섯","1127036","표고버섯(유기농)","","2025","표고버섯(유기농)/0.3kg"
"농산물","버섯류","표고버섯","1127037","표고버섯(유기농)","","2024년","표고버섯(유기농)/0.3kg"
"농산물","버섯류","표고버섯","1127038","표고버섯(슬라이스)","","2024년","표고버섯(슬라이스)/0.3kg/"
"가공식품","농산물가공식품","배가공품","1127039","조각배/프레시아트","","2023년","배(20g)/1kg"
"가공식품","농산물가공식품","배가공품","1127040","조각배/프레시아트","","2023년","배(25g)/1kg"
"가공식품","농산물가공식품","배가공품","1127041","조각배/프레시아트","","2023년","배(30g)/1kg"
"농산물","과일류","체리","1127042","체리,8~10g","","당해년도","체리,8~10g/수입산/1kg"
"가공식품","농산물가공식품","파인애플가공품","1127043","파인애플/골든골드","㈜골든골드","2024년","파인애플(580g, 원통)/수입산/2kg"
"수산물","어류","연어살","1127044","연어살","","2023년","연어살 냉동(손질) 강정용, 커틀릿용,토막당 40g내외/노르웨이산/1kg"
"수산물","어류","연어살","1127045","연어살","","2023년","연어살 냉동(손질) 강정용, 커틀릿용,토막당 40g내외/노르웨이산/500g"
"수산물","어류","연어살","1127046","연어살","","별도표기","연어살 냉동(손질) 강정용, 커틀릿용,토막당 40g내외/노르웨이산/500g"
"수산물","어류","연어살","1127047","연어살","","2024년","연어살 냉동(손질) 강정용, 커틀릿용,토막당 20g내외/노르웨이산/1kg"
"수산물","어류","연어살","1127048","연어살","","별도표기","연어살 냉동(손질) 강정용, 커틀릿용,토막당 20g내외/노르웨이산/500g"
"수산물","어류","연어살","1127049","연어살","","2023년","연어살 냉동(손질) 강정용, 커틀릿용/노르웨이산/500g"
"축산물","가금류","닭고기","1127050","닭고기/절단육(껍질무)/마니커","닭터의자연","2024년","닭고기/무항생제/절단육(껍질무)/뼈있음/조각당 40g내외/진공포장/500g"
"축산물","가금류","닭고기","1127051","닭고기/절단육(껍질유)/마니커","닭터의자연","2024년","닭고기/무항생제/절단육(껍질유)/뼈있음/조각당 40g내외/진공포장/500g"
"축산물","가금류","닭고기","1127052","닭고기/절단육(껍질유)/마니커","닭터의자연","2024년","닭고기/무항생제/절단육(껍질유)/뼈있음/조각당 50g내외/진공포장/500g"
"농산물","엽경채류","양배추","1127053","양배추(피)","","2023","양배추(피)/통/"
"농산물","버섯류","표고버섯","1127054","표고버섯(슬라이스)","","2024년","표고버섯(슬라이스)/0.3kg/"
"농산물","버섯류","표고버섯","1127055","표고버섯(슬라이스)","","2025","표고버섯(슬라이스)/0.3kg/"
"가공식품","농산물가공식품","냉이가공품","1127056","냉이/청채마루","","2025","냉이(손질)/무농약/0.3kg"
"가공식품","농산물가공식품","연근가공품","1127057","연근/하늘농가","하늘농가","2024년","간연근(탕수용)/0.3kg"
"농산물","과일류","체리","1127058","체리,11~13g","","당해년도","체리,11~13g/수입산/1kg"
"수산물","어류","연어살","1127059","연어살","","2023년","연어살 냉동(손질) 강정용, 커틀릿용,토막당 40g내외/노르웨이산/1kg"
"수산물","어류","연어살","1127060","연어살","","2023년","연어살 냉동(손질) 강정용, 커틀릿용,토막당 40g내외/노르웨이산/500g"
"수산물","어류","연어살","1127061","연어살","","별도표기","연어살 냉동(손질) 강정용, 커틀릿용,토막당 40g내외/노르웨이산/1kg"
"수산물","어류","연어살","1127062","연어살","","2024년","연어살 냉동(손질) 강정용, 커틀릿용,토막당 20g내외/노르웨이산/500g"
"수산물","어류","연어살","1127063","연어살","","별도표기","연어살 냉동(손질) 강정용, 커틀릿용,토막당 20g내외/노르웨이산/1kg"
"수산물","어류","연어살","1127064","연어살","","2023년","연어살 냉동(손질) 강정용, 커틀릿용,토막당 40g내외/노르웨이산/500g"
"수산물","어류","연어살","1127065","연어살","","2023년","연어살 냉동(손질) 강정용, 커틀릿용,토막당 40g내외/노르웨이산/1kg"
"수산물","어류","연어살","1127066","연어살","","2023/2024","연어살 냉동(손질) 강정용, 커틀릿용,토막당 20g내외/노르웨이산/1kg"
"수산물","어류","연어살","1127067","연어살","","2023/2024","연어살 냉동(손질) 강정용, 커틀릿용,토막당 20g내외/노르웨이산/500g"
"수산물","어류","연어살","1127068","연어살","","2023년","연어살 냉동(손질) 강정용, 커틀릿용/노르웨이산/1kg"
"축산물","가금류","닭고기","1127069","닭고기/절단육(껍질무)/마니커","닭터의자연","2024년","닭고기/무항생제/절단육(껍질무)/뼈있음/조각당 30g내외/진공포장/500g"
"축산물","가금류","닭고기","1127070","닭고기/절단육(껍질무)/마니커","닭터의자연","2024년","닭고기/무항생제/절단육(껍질무)/뼈있음/조각당 50g내외/진공포장/500g"
"축산물","가금류","닭고기","1127071","닭고기/절단육(껍질유)/마니커","닭터의자연","2024년","닭고기/무항생제/절단육(껍질유)/뼈있음/조각당 30g내외/진공포장/500g"
"농산물","엽경채류","근대","1127072","근대(적)","","2024년","근대(적)/0.3kg"
"농산물","엽경채류","근대","1127073","근대(청)","","당해년도","근대(청)/0.3kg"
"농산물","양채류","양상추","1127074","깐양상추","","2024년","깐양상추/0.4kg"
"농산물","엽경채류","깻잎","1127075","깻잎","","2024년","깻잎/0.1kg"
"농산물","엽경채류","깻잎나물가공품","1127076","깻잎나물(순)","","2024년","깻잎나물(순)/0.5kg/"
"농산물","엽경채류","깻잎나물가공품","1127077","깻잎나물(잎)","","2024년","깻잎나물(잎)/0.5kg//"
"농산물","엽경채류","냉이","1127078","냉이(생것)","","2024년","냉이(생것)/0.3kg"
"농산물","버섯류","느타리버섯","1127079","느타리버섯","","2024년","느타리버섯/0.3kg"
"농산물","엽경채류","달래","1127080","달래","","2024년","달래/0.3kg"
"농산물","엽경채류","돌나물","1127081","돌나물(손질)","","당해년도","돌나물(손질)/0.3kg"
"농산물","양채류","라디초","1127082","라디초","","2024년","라디초/0.35kg"
"농산물","양채류","로메인","1127083","로메인","","2024년","로메인/0.3kg"
"농산물","버섯류","만가닥버섯","1127084","만가닥버섯","","2024년","만가닥버섯/0.3kg"
"농산물","버섯류","맛타리버섯","1127085","맛타리버섯","","당해년도","맛타리버섯/0.3kg"
"농산물","엽경채류","새싹","1127086","모듬베이비순","","2024년","모듬베이비순/0.2kg"
"농산물","엽경채류","방풍나물","1127087","방풍나물","","2024년","방풍나물/0.3kg"
"농산물","버섯류","새송이버섯","1127088","볶음새송이","","2024년","볶음새송이/0.3kg"
"농산물","엽경채류","부추","1127089","부추","","2024년","부추/0.3kg"
"농산물","엽경채류","붉은양배추","1127090","붉은양배추","","2024년","붉은양배추/1.5kg"
"농산물","양채류","비트","1127091","비트(알)","","2024년","비트(알)/0.4kg"
"농산물","양채류","샐러리","1127092","샐러리","","2024년","샐러리/0.5kg"
"농산물","조미채소류","대파","1127093","대파(깐것)","","2024년","대파(깐것)/0.5kg"
"농산물","조미채소류","대파","1127094","대파(흙)","","2024년","대파(흙)/0.5kg"
"농산물","엽경채류","돌나물","1127095","돌나물","","당해년도","돌나물/0.3kg"
"농산물","엽경채류","미나리","1127096","돌미나리","","2024년","돌미나리/0.3kg"
"농산물","기타채소","두릅","1127097","두릅","","2024년","두릅/0.3kg"
"농산물","양채류","래디쉬","1127098","래디쉬","","2024년","래디쉬/0.3kg"
"농산물","엽경채류","새싹","1127099","모듬새싹","","당해년도","모듬새싹/0.2kg"
"농산물","엽경채류","봄동","1127100","봄동","","2024년","봄동/1kg"
"농산물","양채류","브로콜리","1127101","브로콜리","","2024년","브로콜리/0.35kg"
"농산물","엽경채류","새싹","1127102","비타민","","2024년","비타민/0.3kg"
"농산물","버섯류","새송이버섯","1127103","새송이버섯","","2024년","새송이버섯/0.3kg"
"농산물","버섯류","양송이버섯","1127104","양송이버섯","","2024년","양송이버섯/0.3kg"
"농산물","엽경채류","부추","1127105","영양부추","","2024년","영양부추/0.3kg"
"농산물","기타채소","유채","1127106","유채(생것,손질)","","당해년도","유채(생것, 손질)/0.5kg"
"농산물","엽경채류","상추","1127107","적상추","","2024년","적상추/0.3kg"
"농산물","조미채소류","실파","1127108","쪽파(깐것)","","2024년","실파/쪽파(깐것)/0.2kg"
"농산물","엽경채류","청경채","1127109","청경채","","2024년","청경채/0.3kg"
"농산물","버섯류","새송이버섯","1127110","볶음새송이","","2024년","볶음새송이/0.3kg/"
"농산물","엽경채류","상추","1127111","청상추","","2024년","청상추/0.3kg"
"농산물","엽경채류","생취나물","1127112","취나물(생것/손질)","","당해년도","취나물(생것/손질)/0.3kg"
"농산물","엽경채류","섬초","1127113","섬초","","2024년","섬초/0.5kg/"
"농산물","엽경채류","세발나물","1127114","세발나물","","2024년","세발나물/0.3kg"
"농산물","엽경채류","시금치","1127115","시금치","","2024년","시금치/0.3kg"
"농산물","엽경채류","쌈배추","1127116","쌈배추(알배기)","","2024년","쌈배추(알배기)/0.5kg"
"농산물","엽경채류","쌈추","1127117","쌈추","","2024년","쌈추/0.3kg"
"농산물","엽경채류","쑥갓","1127118","쑥갓","","2024년","쑥갓/0.3kg"
"농산물","버섯류","애느타리버섯","1127120","애느타리버섯","","2024년","애느타리버섯/0.3kg"
"농산물","엽경채류","얼갈이","1127121","얼갈이(생것)","","2024년","얼갈이(생것)/0.3kg"
"농산물","엽경채류","열무","1127122","열무(생것)","","2024년","열무(생것)/0.3kg"
"농산물","기타채소","유채","1127123","유채(생것)","","2024년","유채(생것)/0.5kg"
"농산물","조미채소류","실파","1127124","쪽파(흙)","","2024년","실파/쪽파(흙)/0.2kg"
"농산물","엽경채류","참나물","1127125","참나물(생것)","","2024년","참나물(생것)/0.3kg"
"농산물","엽경채류","생취나물","1127126","취나물(생것)","","2024년","취나물(생것)/0.3kg"
"농산물","엽경채류","취나물(참취)","1127127","취나물(참취)","","2024년","취나물(참취)/0.3kg"
"농산물","양채류","치커리","1127128","치커리(청색)","","2024년","치커리(청색)/0.3kg"
"농산물","버섯류","새송이버섯","1127129","볶음새송이","","2024년","볶음새송이/0.3kg/"
"농산물","양채류","케일","1127130","케일","","2024년","케일/0.3kg"
"농산물","양채류","콜라비","1127131","콜라비","","2024년","콜라비/0.5kg"
"농산물","양채류","콜리플라워","1127132","콜리플라워","","2024년","콜리플라워/0.5kg"
"농산물","양채류","치커리","1127133","치커리(적색)","","2024년","치커리(적색)/0.3kg"
"농산물","버섯류","팽이버섯","1127134","팽이버섯","","2024년","팽이버섯/0.3kg"
"농산물","양채류","로메인","1127135","포기로메인","","2024년","포기로메인/0.3kg"
"농산물","버섯류","표고버섯","1127136","표고버섯(생)","","2024년","표고버섯(생)/0.3kg"
"농산물","엽경채류","냉이","1127137","냉이(손질)","","","냉이(손질)/0.3kg"
"농산물","엽경채류","쑥갓","1127138","쑥(손질)","","2024년","쑥(손질)/0.3kg"
"농산물","양채류","파슬리","1127153","파슬리","","2024년","파슬리/0.3kg"
"농산물","버섯류","팽이버섯","1127154","황금팽이버섯","","당해년도","황금팽이버섯/0.3kg"
"농산물","엽경채류","포항초","1127155","포항초","","2024년","포항초/0.5kg/"
"농산물","조미채소류","마늘","1127156","풋마늘","","당해년도","풋마늘/0.3kg"
"농산물","버섯류","팽이버섯","1127157","숯팽이버섯","","2024년","숯팽이버섯/0.3kg"
"농산물","양채류","샐러리","1127158","샐러리(줄기)","","2024년","샐러리(줄기)/0.5kg"
"농산물","엽경채류","미나리","1127159","단미나리","","2024년","단미나리/0.3kg"
"농산물","엽경채류","부추","1127160","호부추","","2024년","호부추/0.3kg"
"농산물","엽경채류","새싹","1127161","무순","","2024년","무순/0.1kg"
"농산물","엽경채류","참나물","1127162","참나물(생것/손질)","","2024년","참나물(생것/손질)/0.3kg"
"수산물","어류","명란(알)","1127163","명란","","별도표기","냉동 명란/수입산/1kg"
"농산물","엽경채류","깻잎나물","1127164","깻잎나물(순)","","2024년","깻잎나물(순)/0.5kg"
"농산물","엽경채류","깻잎나물","1127165","깻잎나물(잎)","","2024년","깻잎나물(잎)/0.5kg"
"수산물","어류","갈치","1127166","갈치","","2023/2024","갈치 냉동(손질) 절단, 토막당 40g/1kg"
"수산물","어류","갈치","1127167","갈치","","2023/2024","갈치 냉동(손질) 절단, 토막당 30~50g/1kg"
"수산물","어류","갈치","1127168","갈치","","2023/2024","갈치 냉동(손질) 절단, 토막당 30~50g/1kg"
"수산물","어류","갈치","1127169","갈치","","2023/2024","갈치 냉동(손질) 절단, 토막당 30~50g/1kg"
"수산물","어류","갈치","1127170","갈치","","2023/2024","갈치 냉동(손질) 절단, 토막당 30~50g/1kg"
"수산물","어류","갈치","1127171","갈치","","2023/2024","갈치 냉동(손질) 절단, 토막당 40g/500g"
"수산물","어류","갈치","1127172","갈치","","2023/2024","갈치 냉동(손질) 절단, 토막당 40g/500g"
"수산물","건어물","멸치","1127173","건미역","","2023/2024","건실미역/300g/"
"수산물","어류","명란(알)","1127174","명태곤이","","2023년","냉동 명태곤이/수입산/500g"
"수산물","어류","갈치","1127175","갈치","","2023/2024","갈치 냉동(손질) 절단, 토막당 40g/1kg"
"수산물","어류","갈치","1127176","갈치","","별도표기","갈치 냉동(손질) 절단, 토막당 30~50g/1kg"
"수산물","어류","갈치","1127177","갈치","","2023/2024","갈치 냉동(손질) 절단, 토막당 30~50g/1kg"
"수산물","건어물","미역","1127178","건미역","","2023년","건미역(기장)/500g"
"수산물","건어물","미역","1127179","건미역","","2024","건미역(기장)/300g"
"수산물","연체류","오징어","1127180","오징어(몸채,껍질제거)","","별도표기","오징어 선동(껍질제거), 몸통채/500g"
"수산물","건어물","멸치","1127181","건멸치(지가이리)","","2024년","소멸치(지가이리)/볶음조림용/300g"
"수산물","건어물","건다시마","1127182","건다시마","","2024","건다시마, 국물용/300g"
"수산물","건어물","멸치","1127183","건멸치(지가이리)","","2024년","소멸치(지가이리)/볶음조림용/300g"
"수산물","건어물","멸치","1127184","건멸치(지리)","","2024년","세멸치(지리)/볶음조림용/300g"
"수산물","건어물","멸치","1127185","건멸치(지리)","","2023년","세멸치(지리)/볶음조림용/300g"
"수산물","건어물","멸치","1127186","건멸치(가이리)","","2023년","중멸치(가이리)/볶음조림용/500g"
"수산물","건어물","건다시마","1127187","건다시마(다시마절단)","","2023년","건다시마, 절단/300g"
"수산물","건어물","멸치","1127188","건멸치(지리)","","2023년","세멸치(지리)/볶음조림용/300g"
"수산물","건어물","멸치","1127189","건멸치(가이리)","","2023년","중멸치(가이리)/볶음조림용/500g"
"수산물","건어물","미역","1127190","건미역","","별도표기","건미역(기장)/300g"
"수산물","건어물","건새우","1127191","건새우(건홍새우)","","2024","건홍새우/300g"
"수산물","건어물","건명태","1127192","북어채/국내가공","","2024","북어채(황태채) 국내가공/수입산/300g"
"수산물","어류","갈치","1127193","갈치","","2023/2024","갈치 냉동(손질) 절단, 토막당 30~50g/500g"
"수산물","어류","갈치","1127194","갈치","","별도표기","갈치 냉동(손질) 절단, 토막당 30~50g/500g"
"수산물","어류","갈치","1127195","갈치","","2023/2024","갈치 냉동(손질) 절단, 토막당 30~50g/500g"
"수산물","어류","갈치","1127196","갈치","","2023/2024","갈치 냉동(손질) 절단, 토막당 30~50g/500g"
"수산물","어류","갈치","1127197","갈치","","2023/2024","갈치 냉동(손질) 절단, 토막당 30~50g/500g"
"수산물","어류","갈치","1127198","갈치","","2023/2024","갈치 냉동(손질) 절단, 토막당 30~50g/500g"
"수산물","건어물","미역","1127199","건미역","","2023년","건미역(기장)/300g"
"수산물","어류","고등어","1127200","고등어살(99%가시제거)","","별도표기","고등어순살(뼈제거 99%),토막당 40g내외/수입산/500g"
"수산물","연체류","오징어","1127201","오징어(몸채,껍질제거)","","2024년","오징어 선동(껍질제거), 몸통채/500g"
"수산물","건어물","미역","1127202","미역줄기","","별도표기","염장 미역줄기(소금 30%이하)/500g"
"수산물","건어물","멸치","1127203","건멸치(지가이리)","","2024년","소멸치(지가이리)/볶음조림용/300g"
"수산물","건어물","멸치","1127204","건멸치(지리)","","2024년","세멸치(지리)/볶음조림용/300g"
"수산물","건어물","미역","1127205","건미역","","별도표기","건미역(기장)/300g"
"수산물","건어물","건다시마","1127206","건다시마(다시마절단)","","2024","건다시마, 절단/300g"
"수산물","건어물","멸치","1127207","건멸치(지리)","","2023년","세멸치(지리)/볶음조림용/300g"
"수산물","건어물","미역","1127208","건미역","","별도표기","건미역(기장)/500g"
"수산물","건어물","미역","1127209","건미역","","2023년","건미역(기장)/500g"
"수산물","건어물","건다시마","1127210","건다시마(다시마절단)","","2024","건다시마, 절단/500g"
"수산물","건어물","건새우","1127211","건새우(건홍새우)","","2024","건홍새우/수입산/300g"
"수산물","건어물","건명태","1127212","북어채/국내가공","","별도표기","북어채(황태채) 국내가공/수입산/300g"
"수산물","건어물","건새우","1127213","건새우(두절건새우)","","2024","꽃새우(독새우) 자건품 두절새우, 3cm내외/300g"
"수산물","건어물","건오징어","1127214","반건오징어몸통채","","2023년","반건오징어채(몸통)/300g"
"수산물","건어물","건명태","1127215","북어채/국내가공","","별도표기","북어채(황태채) 국내가공/수입산/300g"
"농산물","근채류","무","1127216","무(세척)","","2024년","세척무/개/"
"농산물","근채류","무","1127217","무(흙)","","2024년","무(흙)/개/"
"농산물","근채류","무","1127233","무(깐것)","","2023년","깐무/개/테스트용(사용 금지)"
"농산물","양곡부류","찹쌀현미","1127234","현미/고산","","2023년","찰발아현미/1kg/무농약"
"농산물","양곡부류","현미","1127235","현미/고산","","2023년","현미쌀/1kg/무농약"
"농산물","양곡부류","백미","1127236","칠분도미/한결","","2023년","칠분도미(유기농)/10kg"
"축산물","가금류","오리(훈제)","1127237","오리(훈제)","정다운","2024","오리 훈제슬라이스 / 무항생제 / 1kg//"
"축산물","가금류","오리(훈제)","1127238","오리(훈제)","정다운","2024","오리 훈제슬라이스 / 일반 / 1kg //"
"축산물","가금류","오리(훈제)","1127239","오리(훈제)","주원산오리","2024년","오리 훈제슬라이스(5無) / 무항생제 / 1kg /"
"축산물","가금류","오리(훈제)","1127240","오리(훈제)","주원산오리","2024년","오리(훈제)/훈제슬라이스/1kg /"
"농산물","양곡부류","백미","1127241","백미/영광","","2023년","일반미(신동진)/10kg/일반"
"농산물","양곡부류","백미","1127242","백미/옥과","","별도표기","일반미(무농약)/10kg"
"농산물","양곡부류","백미","1127243","백미/삼기","","2023년","일반미(무농약)/10kg"
"축산물","가금류","닭고기","1127244","닭고기/가슴살(껍질무)/한강식품","자연품은","2024년","닭고기/무항생제/가슴살(껍질무)/뼈없음/다용도/15g썰기/1kg"
"축산물","가금류","닭고기","1127245","닭고기/가슴살(껍질무)/한강식품","자연품은","2024년","닭고기/무항생제/가슴살(껍질무)/뼈없음/다용도/15g썰기/500g"
"축산물","가금류","닭고기","1127246","닭고기/가슴살(껍질무)/한강식품","자연품은","2024년","닭고기/무항생제/가슴살(껍질무)/뼈없음/다용도/통/500g"
"축산물","가금류","닭고기","1127247","닭고기/안심/한강식품","자연품은","2024년","닭고기/무항생제/안심/뼈없음/다용도/15g썰기/500g"
"축산물","가금류","닭고기","1127248","닭고기/안심/한강식품","자연품은","2024년","닭고기/무항생제/안심/뼈없음/다용도/통/1kg"
"축산물","가금류","닭고기","1127249","닭고기/정육(껍질무)/한강식품","자연품은","2024년","닭고기/무항생제/정육(껍질무)/뼈없음/다용도/15g썰기/1kg"
"축산물","가금류","닭고기","1127250","닭고기/정육(껍질무)/한강식품","자연품은","2024년","닭고기/무항생제/정육(껍질무)/뼈없음/다용도/통/500g"
"축산물","가금류","닭고기","1127251","닭고기/정육(껍질무)/한강식품","자연품은","2024년","닭고기/무항생제/정육(껍질무)/뼈없음/다용도/통/1kg"
"축산물","가금류","닭고기","1127252","닭고기/정육(껍질무)/한강식품","자연품은","2024년","닭고기/무항생제/정육(껍질무)/뼈없음/다용도15g썰기/500g"
"농산물","양곡부류","백미","1127253","백미/영광","","2023년","일반미/10kg/유기농"
"농산물","양곡부류","백미","1127254","칠분도미/영광","","2023년","칠분도미/10kg/유기농"
"농산물","양곡부류","현미","1127255","현미/영광","","2023년","현미쌀/1kg/유기농"
"농산물","양곡부류","백미","1127256","백미/인수","인수영농조합법인","2024년산","일반미(유기농)/10kg"
"농산물","양곡부류","찹쌀","1127257","찹쌀/인수","인수영농조합법인","2024","찹쌀(유기농)/1kg"
"농산물","양곡부류","찹쌀현미","1127258","찹쌀현미/인수","인수영농조합법인","2024년산","찹쌀현미(유기농)/1kg"
"축산물","가금류","오리(훈제)","1127273","오리(훈제)","정다운","2024","오리 훈제슬라이스 / 무항생제 / 1kg///"
"농산물","양곡부류","백미","1127274","백미/고산","","2023년","일반미(무농약)/10kg/무농약"
"축산물","가금류","닭고기","1127275","닭고기/가슴살(껍질무)/한강식품","자연품은","2024년","닭고기/무항생제/가슴살(껍질무)/뼈없음/다용도/통/1kg"
"축산물","가금류","닭고기","1127276","닭고기/봉(윗날개)/한강식품","자연품은","2024년","닭고기/무항생제/봉(윗날개)/뼈있음/1kg//"
"축산물","가금류","닭고기","1127277","닭고기/안심/한강식품","자연품은","2024년","닭고기/무항생제/안심/뼈없음/다용도/15g썰기/1kg"
"축산물","가금류","닭고기","1127278","닭고기/안심/한강식품","자연품은","2024년","닭고기/무항생제/안심/뼈없음/다용도/통/500g"
"축산물","가금류","닭고기","1127279","닭고기/정육(껍질유)/한강식품","자연품은","2024년","닭고기/무항생제/정육(껍질유)/뼈없음/다용도/15g썰기/1kg"
"수산물","어류","가자미","1127280","가자미살(99%가시제거)","","2024년","가자미순살(뼈제거 99%),토막당 20g내외/수입산/1kg/"
"농산물","양곡부류","백미","1127281","백미/나주","","2023년","일반미(유기농)/백미유기농천명10kg/"
"농산물","과일류","오렌지(수입)","1127282","오렌지","","당해년도","오렌지/수입산/1과 250g/1kg"
"농산물","과일류","오렌지(수입)","1127283","오렌지","","당해년도","오렌지/수입산/1과 250g/1kg"
"가공식품","농산물가공식품","살구가공품","1127284","살구/율성맑은아침","","2023년","건살구/수입산/0.1kg"
"축산물","가금류","닭고기","1127293","닭고기/정육(껍질유)/한강식품","자연품은","2024년","닭고기/무항생제/정육(껍질유)/뼈없음/다용도/15g썰기/500g//"
"축산물","가금류","닭고기","1127294","닭고기/정육(껍질유)/한강식품","자연품은","2024년","닭고기/무항생제/정육(껍질유)/뼈없음/다용도/통/1kg"
"축산물","가금류","닭고기","1127295","닭고기/정육(껍질유)/한강식품","자연품은","2024년","닭고기/무항생제/정육(껍질유)/뼈없음/다용도/통/500g/"
"축산물","가금류","닭고기","1127296","닭고기/정육(껍질무)/마니커","닭터의자연","2024년","닭고기/무항생제/정육(껍질무)/뼈없음/다짐육(민찌)/진공포장/300g"
"농산물","과일류","오렌지(수입)","1127297","오렌지","","당해년도","오렌지/수입산/1과 200g/1kg"
"농산물","과일류","오렌지(수입)","1127298","오렌지(블랙라벨고당도)72과","","당해년도","오렌지(블랙라벨 고당도)/수입산/1과 250g/1kg"
"농산물","과일류","오렌지(수입)","1127299","오렌지","","당해년도","오렌지/수입산/1과 200g/1kg"
"농산물","과일류","오렌지(수입)","1127300","오렌지(블랙라벨고당도)72과","","당해년도","오렌지(블랙라벨 고당도)/수입산/1과 250g/1kg"
"농산물","양곡부류","혼합곡","1127301","혼합곡/고산","","2023년","혼합곡(14곡)/1kg/무농약"
"농산물","양곡부류","백미","1127302","백미/나주","","2023년","일반미(유기농)/백미유기농천명10kg"
"가공식품","농산물가공식품","두부","1127303","두부/푸른들","","당해년도","모두부300g/"
"가공식품","농산물가공식품","두부","1127304","두부/푸른들","","당해년도","모두부300g"
"농산물","엽경채류","미나리","1127313","미나리","","2024","미나리/0.3kg//"
"축산물","가금류","닭고기","1127314","닭고기/절단육(껍질유)/한국육계유통","체리부로","2024년","닭고기/무항생제/절단육(껍질유)/뼈있음/닭찜,후라이드,치킨,숯불구이 등/30g/1kg"
"축산물","가금류","닭고기","1127315","닭고기/절단육(껍질유)/한국육계유통","체리부로","2024년","닭고기/무항생제/절단육(껍질유)/뼈있음/닭찜,후라이드,치킨,숯불구이 등/30g/500g"
"축산물","가금류","닭고기","1127316","닭고기/절단육(껍질유)/한국육계유통","체리부로","2024년","닭고기/무항생제/절단육(껍질유)/뼈있음/닭찜,후라이드,치킨,숯불구이 등/30g/300g"
"농산물","근채류","당근","1127317","당근(흙)","","2024","당근(흙)/1kg_"
"농산물","엽경채류","섬초","1127318","섬초","","2024년","섬초/0.5kg"
"농산물","엽경채류","포항초","1127319","포항초","","2024년","포항초/0.5kg"
"축산물","돈육","돈육(전지)","1127320","돈육(전지)","","2024년","돈육/냉장/앞다리/짜장,카레용/1*1*1(cm)/0.3kg"
"축산물","돈육","돈육(전지)","1127321","돈육(전지)","","2024년","돈육/냉장/앞다리/짜장,카레용/1*1*1(cm)/0.5kg"
"축산물","돈육","돈육(전지)","1127322","돈육(전지)","","2024년","돈육/냉장/앞다리/짜장,카레용/1*1*1(cm)/1kg"
"축산물","돈육","돈육(전지)","1127323","돈육(전지)","","2024년","돈육/냉장/앞다리/짜장,카레용/1*1*1(cm)/5kg"
"농산물","근채류","무","1127333","무(세척)_일반","","2024","세척무/개/일반"
"가공식품","농산물가공식품","두부","1127334","두부/안동농협","","당해년도","두부(부침용, 1모 350g)/0.35kg"
"가공식품","농산물가공식품","두부","1127335","두부/안동농협","","당해년도","두부(찌개용, 1모 350g)/0.35kg"
"축산물","돈육","돈육(전지)","1127336","돈육(전지)","","2024년","돈육/냉장/앞다리/짜장,카레용/1*1*1(cm)/3kg"
"농산물","근채류","무","1127337","깐무","","당해년도","깐무/1.5kg"
"농산물","근채류","무","1127338","무(흙)","","당해년도","무(흙)/2kg"
"농산물","근채류","무","1127339","세척무","","당해년도","세척무/2kg"
"농산물","엽경채류","배추","1127340","배추","","당해년도","배추/3kg"
"농산물","엽경채류","배추","1127341","배추(1/2절단)","","당해년도","배추(1/2절단)/1.5kg"
"농산물","엽경채류","양배추","1127342","깐양배추(1/2절단)","","당해년도","깐양배추(1/2절단)/1kg"
"농산물","엽경채류","양배추","1127343","양배추(피)","","당해년도","양배추(피)/2.5kg"
"농산물","엽경채류","양배추","1127344","깐양배추","","당해년도","깐양배추/2kg"
"축산물","가금류","오리(훈제)","1127345","오리(훈제)/훈제슬라이스(5無)/주원산오리","주원산오리","2024년","오리(훈제)/무항생제/훈제슬라이스(5無)/뼈없음/1kg"
"농산물","엽경채류","붉은양배추","1127346","붉은양배추(적채)(1/2절단)","","당해년도","붉은양배추(적채)(1/2절단)/0.8kg"
"농산물","엽경채류","붉은양배추","1127347","붉은양배추","","당해년도","붉은양배추(적채)/1.5kg"
"농산물","조미채소류","마늘","1127348","다진마늘(간것)","","2023년","다진마늘(간것)/0.2kg//"
"농산물","양곡부류","찹쌀","1127349","찹쌀/고산","","2023년","찹쌀/1kg/무농약"
"가공식품","농산물가공식품","두부","1127350","두부/푸른들","","당해년도","모두부300g/찌개용"
"농산물","엽경채류","양배추","1127353","깐양배추(1/2절단)","","당해년도","깐양배추(1/2절단)/1kg//"
"축산물","가금류","오리(훈제)","1127354","오리(훈제)/훈제슬라이스/정다운","정다운","2024년","오리(훈제)/무항생제/훈제슬라이스/뼈없음/1kg"
"축산물","가금류","오리(훈제)","1127355","오리(훈제)/훈제슬라이스/주원산오리","주원산오리","2024년","오리(훈제)/훈제슬라이스/뼈없음/1kg"
"축산물","가금류","오리(훈제)","1127356","오리(훈제)/훈제슬라이스/정다운","정다운","2024년","오리(훈제)/훈제슬라이스/뼈없음/1kg"
"농산물","조미채소류","마늘","1127357","다진마늘(간것)","","2024년","다진마늘(간것)/0.2kg"
"농산물","양곡부류","찹쌀현미","1127358","찹쌀현미/고산","","2023년","찹쌀현미/1kg/무농약"
"농산물","과일류","레몬","1127373","아아","","1234","1234"
"농산물","과일류","레몬","1127374","아이스아메리","","1234","555"
"가공식품","농산물가공식품","두부","1127375","두부/푸른들","","당해년도","모두부300g/부침용"
"수산물","건어물","미역","1127376","건미역","","2023년","건미역/300g/"
"수산물","건어물","미역","1127377","건미역","","2023년","건미역/500g/"
"농산물","엽경채류","열무","1127393","열무","","2024","열무(생것, 나물용)/0.3kg"
"농산물","조미채소류","마늘","1127394","마늘(깐것/꼭지제거)","","2024년","마늘(깐것/꼭지제거)/0.3kg"
"농산물","과채류","애호박","1127413","애호박/인큐","","당해년도","애호박/인큐/0.3kg"
"농산물","과채류","애호박","1127414","애호박/인큐(비닐제거)","","2024년","애호박/인큐(비닐제거)/0.3kg"
"농산물","조미채소류","마늘","1127415","마늘(깐것)","","2024년","마늘(깐것)/0.3kg"
"가공식품","농산물가공식품","숙주가공품","1127433","숙주/만나","","2025년","숙주나물/무농약/0.5kg"
"가공식품","농산물가공식품","콩나물가공품","1127434","콩나물/만나","","2025년","두절콩나물/무농약/0.5kg"
"가공식품","농산물가공식품","콩나물가공품","1127435","콩나물/만나","","2025년","새싹콩나물(어린)/무농약/0.5kg"
"가공식품","농산물가공식품","콩나물가공품","1127436","콩나물/만나","","2025년","콩나물/무농약/0.5kg"
"가공식품","농산물가공식품","콩나물가공품","1127437","콩나물/엄마야누나야","","2023년","두절콩나물/무농약/0.5kg"
"가공식품","농산물가공식품","콩나물가공품","1127438","콩나물/엄마야누나야","","2023년","콩나물(손질)/무농약/0.5kg"
"가공식품","농산물가공식품","숙주가공품","1127439","숙주/풀목산","풀목산숙주나물","2024년","숙주나물/무농약/0.5kg"
"가공식품","농산물가공식품","콩나물가공품","1127440","콩나물/풀목산","풀목산 두절콩나물","2024년","두절콩나물/무농약/0.5kg"
"가공식품","농산물가공식품","콩나물가공품","1127441","콩나물/풀목산","풀목산 어린콩나물","2024년","콩나물(어린콩나물)/무농약/0.5kg"
"가공식품","농산물가공식품","콩나물가공품","1127442","콩나물/풀목산","풀목산 콩나물","2024년","콩나물/무농약/0.5kg"
"농산물","엽경채류","양배추","1127443","양배추(깐것)","","2024","깐양배추(1/2절단)/0.5kg/"
"가공식품","농산물가공식품","숙주가공품","1127453","숙주/엄마야누나야","","2023년","숙주나물(손질)/무농약/0.5kg"
"가공식품","농산물가공식품","콩나물가공품","1127454","콩나물/엄마야누나야","","2023년","새싹콩나물(어린콩나물)/무농약/0.5kg"
"가공식품","농산물가공식품","콩나물가공품","1127455","콩나물/엄마야누나야","","2023년","콩나물(칼슘콩나물)/무농약/0.5kg"
"가공식품","농산물가공식품","콩나물가공품","1127456","콩나물/풀목산","풀목산 칼슘콩나물","2024년","콩나물(칼슘콩나물)/무농약/0.5kg"
"가공식품","농산물가공식품","순두부","1127473","순두부/한둘","","당해년도","한둘 국산콩 순두부/3.5kg"
"농산물","양곡부류","흑미","1127493","찰흑미/고산","고산농협","","찰흑미/1kg/무농약"
"농산물","조미채소류","마늘","1127494","마늘(중,꼭지미제거)","","2023년","마늘(중, 17mm 이하(14mm이상), 꼭지미제거)/0.3kg/"
"농산물","버섯류","양송이버섯","1127495","양송이버섯","","2025","양송이버섯(브라운)/0.3kg/"
"농산물","조미채소류","마늘","1127513","마늘(중,꼭지미제거)","","2024","마늘(중, 17mm 이하(14mm이상), 꼭지미제거)/0.3kg/"
"농산물","조미채소류","마늘","1127514","마늘(중,꼭지미제거)","","2024","마늘(중, 17mm 이하(14mm이상), 꼭지미제거)"
"농산물","조미채소류","마늘","1127515","마늘(중,꼭지미제거)","","2023년","마늘(중, 17mm 이하(14mm이상), 꼭지미제거)/0.3kg"
"농산물","버섯류","양송이버섯","1127516","양송이버섯","","2024","양송이버섯(브라운)/0.3kg"
"농산물","버섯류","양송이버섯","1127517","양송이버섯","","2024","양송이버섯(브라운)/0.3kg/"
"농산물","엽경채류","새싹","1127518","새싹","","2024","베이비채소/0.2kg"
"축산물","한우","한우(전각)","1127519","한우(전각)","","2024년","한우/냉장/무항생제/앞다리(전각)/찜용/2x2x2 (cm)/3kg"
"축산물","한우","한우(전각)","1127520","한우(전각)","","2024","한우/냉장/무항생제/앞다리(전각)/찜용/2x2x2 (cm)/3kg"
"가공식품","농산물가공식품","냉이가공품","1127521","냉이/하늘농가","","2024","냉이(손질/데친)/0.3kg"
"가공식품","농산물가공식품","쑥가공품","1127522","쑥/하늘농가","하늘농가","2024년","친환경쑥(생데친)/무농약/0.3kg"
"가공식품","농산물가공식품","어수리","1127523","어수리/하늘농가","","2024","어수리나물(데친)/0.3kg"
"가공식품","농산물가공식품","깻잎가공품","1127524","깻잎/하늘농가","","2024","순바라깻잎(다듬은것/생것)/0.3kg"
"가공식품","농산물가공식품","공심채","1127525","공심채/하늘농가","","2024","공심채/생/0.3kg"
"가공식품","농산물가공식품","눈개승마","1127526","눈개승마/하늘농가","하늘농가","2024년","눈개승마(생데친)/0.3kg"
"가공식품","농산물가공식품","기타","1127527","파파야/하늘농가","하늘농가","2024년","국산그린파파야(반달채)/0.3kg"
"가공식품","농산물가공식품","견과류기타","1127528","건파파야/율성맑은아침","","2023년","건파파야/수입산/0.1kg"
"가공식품","농산물가공식품","고구마순","1127529","고구마순/하늘촌","","2024년","고구마순(햇것,다듬은것)/1kg"
"가공식품","농산물가공식품","고구마순","1127530","고구마순/하늘촌","","2024년","고구마순(햇것,다듬은것)/무농약/1kg"
"가공식품","농산물가공식품","고추나물","1127531","고추나물/하늘촌","","2024","고추나물(다듬은것)/1kg"
"가공식품","농산물가공식품","깻잎가공품","1127532","깻잎/하늘촌","","2025","순바라깻잎(다듬은것)/1kg"
"축산물","한우","한우(전각)","1127533","한우(전각)","","2024","한우/냉장/무항생제/앞다리(전각)/찜용/2x2x2 (cm)/3kg"
"축산물","한우","한우(전각)","1127534","한우(전각)","","2024","한우/냉장/무항생제/앞다리(전각)/찜용/2x2x2 (cm)/3kg"
"가공식품","농산물가공식품","비름나물가공품","1127535","비름나물/하늘농가","","2024","비름나물(데친)/0.3kg"
"가공식품","농산물가공식품","공심채","1127536","공심채/하늘농가","","2024","공심채(데친)/0.3kg"
"가공식품","농산물가공식품","기타","1127537","궁채나물/하늘농가","","2024","수입궁채나물(건데친)/수입산/0.3kg"
"가공식품","농산물가공식품","견과류기타","1127538","건파인/율성맑은아침","","2023년","건파인/수입산/0.1kg"
"가공식품","농산물가공식품","고구마순","1127539","고구마순/하늘촌","","2024년","고구마순(햇것,데친)/1kg"
"가공식품","농산물가공식품","고구마순","1127540","고구마순/하늘촌","","2024년","고구마순(햇것,데친)/무농약/1kg"
"가공식품","농산물가공식품","비름나물가공품","1127541","비름나물/하늘촌","","2024","비름(데친)/1kg"
"가공식품","농산물가공식품","깻잎가공품","1127542","깻잎/하늘촌","","2025","잎바라깻잎(데친)/1kg"
"가공식품","농산물가공식품","노각","1127543","노각/하늘촌","","2024","깐노각/1kg"
"가공식품","농산물가공식품","노각","1127544","노각/하늘촌","","2024","깐노각채/1kg"
"가공식품","농산물가공식품","노각","1127545","노각/하늘촌","","2024","피노각/1kg"
"가공식품","농산물가공식품","고구마순","1127546","고구마순/청채마루","","2025","햇/고구마순(반깐것,생것)/0.3kg"
"가공식품","농산물가공식품","머위나물","1127547","머위나물/청채마루","","2025","햇/머위대나물(데친,채)/0.3kg"
"가공식품","농산물가공식품","고구마순","1127548","고구마순/청채마루","","2025","햇/고구마순(생것)/무농약/0.3kg"
"가공식품","농산물가공식품","모듬과일","1127549","모듬과일/프레시아트","","2024년","모듬과일(1번, 40g)/수입산/1kg"
"가공식품","농산물가공식품","모듬과일","1127550","모듬과일/프레시아트","","2024년","모듬과일(1번, 80g)/수입산/1kg"
"가공식품","농산물가공식품","모듬과일","1127551","모듬과일/프레시아트","","2024년","모듬과일(2번, 60g)/수입산/1kg"
"가공식품","농산물가공식품","모듬과일","1127552","모듬과일/프레시아트","","2024년","모듬과일(2번, 80g)/수입산/1kg"
"가공식품","농산물가공식품","깻잎가공품","1127553","깻잎/하늘촌","","2025","잎바라깻잎(다듬은것)/1kg"
"가공식품","농산물가공식품","고구마순","1127554","고구마순/청채마루","","2025","햇/고구마순(반깐것,데친)/0.3kg"
"가공식품","농산물가공식품","고구마순","1127555","고구마순/청채마루","","2025","햇/고구마순(생것)/0.3kg"
"가공식품","농산물가공식품","고구마순","1127556","고구마순/청채마루","","2025","햇/고구마순(데친)/0.3kg"
"가공식품","농산물가공식품","노각","1127557","노각/청채마루","","2025","깐노각/0.3kg"
"가공식품","농산물가공식품","노각","1127558","노각/청채마루","","2025","깐노각/일자채/0.3kg"
"가공식품","농산물가공식품","노각","1127559","노각/청채마루","","2025","피노각/0.3kg"
"가공식품","농산물가공식품","늙은호박","1127560","늙은호박/청채마루","","2024년","늙은호박(깐것)/0.3kg"
"가공식품","농산물가공식품","비름나물가공품","1127561","비름나물/청채마루","","2025","비름나물(데친)/0.3kg"
"가공식품","농산물가공식품","쑥가공품","1127562","쑥/청채마루","","2025","쑥/0.3kg"
"가공식품","농산물가공식품","쑥가공품","1127563","쑥/청채마루","","2025","쑥/무농약/0.3kg"
"가공식품","농산물가공식품","머위나물","1127564","머위나물/청채마루","","2025","햇/머위대나물(데친)/0.3kg"
"가공식품","농산물가공식품","우엉가공품","1127565","우엉/청채마루","","2024년","세척통우엉/무농약/0.3kg"
"가공식품","농산물가공식품","깻잎가공품","1127566","깻잎/청채마루","","2025","순바라깻잎(생것)/0.3kg"
"가공식품","농산물가공식품","고구마순","1127567","고구마순/청채마루","","2025","햇/고구마순(데친)/무농약/0.3kg"
"가공식품","농산물가공식품","모듬과일","1127568","모듬과일/프레시아트","","2024년","도시락과일(100g)/수입산/1kg"
"가공식품","농산물가공식품","모듬과일","1127569","모듬과일/프레시아트","","2024년","도시락과일(150g)/수입산/1kg"
"가공식품","농산물가공식품","모듬과일","1127570","모듬과일/프레시아트","","2024년","모듬과일(1번, 60g)/수입산/1kg"
"가공식품","농산물가공식품","모듬과일","1127571","모듬과일/프레시아트","","2024년","모듬과일(2번, 40g)/수입산/1kg"
"가공식품","농산물가공식품","모듬과일","1127572","모듬과일/프레시아트","","2024년","모듬과일(3번, 40g)/수입산/1kg"
"가공식품","농산물가공식품","모듬과일","1127573","모듬과일/프레시아트","","2024년","모듬과일(3번, 60g)/수입산/1kg"
"가공식품","농산물가공식품","모듬과일","1127574","모듬과일/프레시아트","","2024년","모듬과일(3번, 80g)/수입산/1kg"
"가공식품","농산물가공식품","파인애플가공품","1127575","파인애플/프레시아트","","2024","파인애플(꼬치, 40g)/수입산/1kg"
"가공식품","농산물가공식품","파인애플가공품","1127576","파인애플/프레시아트","","2024","파인애플(꼬치, 50g)/수입산/1kg"
"가공식품","농산물가공식품","파인애플가공품","1127577","파인애플/프레시아트","","2024","파인애플(꼬치, 60g)/수입산/1kg"
"가공식품","농산물가공식품","파인애플가공품","1127578","파인애플/프레시아트","","2024","파인애플(링, 40g)/수입산/1kg"
"가공식품","농산물가공식품","파인애플가공품","1127579","파인애플/프레시아트","","2024","파인애플(링, 60g)/수입산/1kg"
"가공식품","농산물가공식품","파인애플가공품","1127580","파인애플/프레시아트","","2024","파인애플(스틱, 40g)/수입산/1kg"
"가공식품","농산물가공식품","파인애플가공품","1127581","파인애플/프레시아트","","2024","파인애플(스틱, 50g)/수입산/1kg"
"가공식품","농산물가공식품","파인애플가공품","1127582","파인애플/프레시아트","","2024","파인애플(스틱, 60g)/수입산/1kg"
"가공식품","농산물가공식품","파인애플가공품","1127583","파인애플/프레시아트","","2024","파인애플(스틱, 80g)/수입산/1kg"
"가공식품","농산물가공식품","파인애플가공품","1127584","파인애플/프레시아트","","2024","파인애플(조각과일, 20g)/수입산/1kg"
"가공식품","농산물가공식품","파인애플가공품","1127585","파인애플/프레시아트","","2024","파인애플(조각과일, 25g)/수입산/1kg"
"가공식품","농산물가공식품","파인애플가공품","1127586","파인애플/프레시아트","","2024","파인애플(조각과일, 30g)/수입산/1kg"
"가공식품","농산물가공식품","파인애플가공품","1127587","파인애플/프레시아트","","2024","파인애플(조각과일, 35g)/수입산/1kg"
"가공식품","농산물가공식품","참외가공품","1127588","조각참외/프레시아트","","2024","조각참외(30g)/1kg"
"가공식품","농산물가공식품","참외가공품","1127589","조각참외/프레시아트","","2024","조각참외(40g)/1kg"
"가공식품","농산물가공식품","참외가공품","1127590","조각참외/프레시아트","","2024","조각참외(50g)/1kg"
"가공식품","농산물가공식품","기타","1127591","궁채나물/청채마루","","2024","수입궁채나물(건데친)/수입산/0.3kg"
"가공식품","농산물가공식품","콩비지","1127592","콩비지/한둘","","당해년도","한둘 국산 순콩비지/3.5kg"
"가공식품","농산물가공식품","파인애플가공품","1127593","파인애플/프레시아트","","2024","파인애플(링, 50g)/수입산/1kg"
"가공식품","농산물가공식품","파인애플가공품","1127594","파인애플/프레시아트","","2024","파인애플(통)/수입산/1kg"
"가공식품","농산물가공식품","파인애플가공품","1127595","파인애플/프레시아트","","2024","파인애플(샐러드용)/수입산/1kg"
"가공식품","농산물가공식품","참외가공품","1127596","조각참외/프레시아트","","2024","조각참외(샐러드용)/1kg"
"축산물","가금류","닭고기","1127597","닭고기/다리살훈제슬라이스/하림","","해당년도","닭고기/다리살훈제슬라이스/뼈없음/구이용/조각당 7mm/1kg"
"농산물","과일류","블루베리","1127598","블루베리","","당해년도","블루베리/0.1kg"
"농산물","과일류","블루베리","1127599","블루베리","","2024","블루베리/0.5kg"
"수산물","어류","갈치","1127600","갈치","","별도표기","갈치 냉동(손질) 절단, 토막당 40g/500g"
"수산물","어류","갈치","1127601","갈치","","별도표기","갈치 냉동(손질) 절단, 토막당 40g/1kg"
"농산물","과채류","오이","1127633","백오이","","2024년","백오이/2개들입/"
"농산물","과채류","애호박","1127634","애호박(인큐)","","2024","애호박/인큐/개/"
"농산물","과일과채류","방울토마토","1127635","대추방울토마토(20-30g)","","2025년","대추방울토마토(20~30g)/0.5kg/"
"농산물","엽경채류","부추","1127636","부추","","2024년","부추/0.3kg/"
"농산물","과채류","가지","1127637","가지","","2024","가지/2개들입/"
"농산물","과채류","애호박","1127638","애호박(비닐제거)","","2024","애호박/(비닐제거)/개/"
"농산물","과일과채류","토마토","1127639","완숙토마토(200g)","","2024","완숙토마토,200g/개, 1kg"
"농산물","과채류","애호박","1127640","애호박(인큐)","","2024","애호박/인큐/개/"
"농산물","과일과채류","토마토","1127641","완숙토마토(100-150g)","","2024","완숙토마토(100~150g)/1kg"
"농산물","과일과채류","토마토","1127642","완숙토마토(100-150g)","","2024","완숙토마토(100~150g)/1kg/"
"농산물","조미채소류","양파","1127643","양파(피)","","2024년","양파(피)/1kg/"
"농산물","과일과채류","방울토마토","1127644","방울토마토(배식용)","","2024","방울토마토(배식용)/0.5kg///"
"농산물","엽경채류","미나리","1127645","미나리","","2024","미나리/0.3kg/"
"농산물","과채류","오이","1127646","청오이","","2024년","청오이/2개들입/"
"농산물","과일과채류","방울토마토","1127647","대추방울토마토(20-30g)","","2024","대추방울토마토(20~30g)/0.5kg/"
"농산물","과일과채류","방울토마토","1127648","대추방울토마토(샐러드)","","2024","(대추)방울토마토(샐러드)/0.5kg/"
"농산물","양곡부류","쌀보리","1127649","쌀보리/고산","고산농협","2023년","쌀보리/10kg/무농약"
"농산물","양채류","양상추","1127653","깐양상추","","2024년","깐양상추/0.3kg/+"
"농산물","양채류","피망","1127654","피망","","2024","피망/청/2개들입"
"농산물","과일과채류","방울토마토","1127655","대추방울토마토(10-20g)","","2025년","대추방울토마토(10~20g)/0.5kg/"
"농산물","과채류","애호박","1127656","애호박(비닐제거)","","2024","애호박/(비닐제거)/개/"
"농산물","과채류","가지","1127657","가지","","2024","가지/2개들입"
"농산물","엽경채류","시금치","1127658","시금치","","2024년","시금치/0.3kg/"
"농산물","과일과채류","토마토","1127659","완숙토마토(200g)","","2024","완숙토마토,200g/개, 1kg/"
"농산물","과일과채류","방울토마토","1127660","방울토마토(배식용)","","2024","방울토마토(배식용)/0.5kg"
"농산물","엽경채류","미나리","1127661","미나리","","2024","미나리/0.3kg"
"농산물","과일과채류","방울토마토","1127662","대추방울토마토(20-30g)","","2024","대추방울토마토(20~30g)/0.5kg--"
"농산물","양채류","피망","1127663","피망","","2024년","피망/청/2개들입/"
"농산물","과일과채류","방울토마토","1127664","대추방울토마토(샐러드)","","2024","(대추)방울토마토(샐러드)/0.5kg--"
"농산물","과일과채류","방울토마토","1127665","대추방울토마토(10-20g)","","2024","대추방울토마토(10~20g)/0.5kg--"
"농산물","과일과채류","방울토마토","1127666","대추방울토마토(10-20g)","","2024","대추방울토마토(10~20g)/0.5kg/"
"농산물","엽경채류","근대","1127667","근대","","2024","근대(청)/0.3kg"
"농산물","엽경채류","근대","1127668","근대","","2024","근대(청)/0.3kg/"
"농산물","양곡부류","보리","1127673","쌀보리/고산","고산농협","2023년","쌀보리/1kg/무농약/"
"축산물","가금류","오리(훈제)","1127693","오리(훈제)/훈제슬라이스/정다운","정다운","2024년","오리(훈제)/훈제슬라이스/뼈없음/1kg//"
"축산물","가금류","오리(훈제)","1127713","오리(훈제)/훈제슬라이스/정다운","정다운","2024년","오리(훈제)/무항생제/훈제슬라이스/뼈없음/1kg//"
"가공식품","농산물가공식품","밤가공품","1127733","밤/율성맑은아침","","2024년","생율/유기농/0.1kg"
"가공식품","농산물가공식품","밤가공품","1127753","밤/율성맑은아침","","2024년","생율깍둑/유기농/0.1kg"
"농산물","서류","고구마","1127773","고구마_대체_20240408","","","고구마_대체_20240408"
"가공식품","농산물가공식품","용과가공품","1127793","용과/아나나스푸드","","2024년","용과(40g)/수입산/1kg"
"가공식품","농산물가공식품","용과가공품","1127794","용과/아나나스푸드","","2024년","용과(50g)/수입산/1kg"
"가공식품","농산물가공식품","자몽가공품","1127795","자몽/아나나스푸드","","2024년","자몽(40g)/수입산/1kg"
"가공식품","농산물가공식품","자몽가공품","1127796","자몽/아나나스푸드","","2024년","자몽(50g)/수입산/1kg"
"가공식품","농산물가공식품","딸기가공품","1127797","냉동딸기/푸르원","농업회사법인㈜푸르원","2024년","아이스딸기/1kg"
"가공식품","농산물가공식품","세발나물가공품","1127798","세발나물/하늘농가","하늘농가","2024년","세발나물(데친)/0.3kg"
"가공식품","농산물가공식품","시금치가공품","1127799","시금치/청채마루","","2025","시금치(손질/데친)/0.3kg"
"가공식품","농산물가공식품","사과가공품","1127800","조각사과/아나나스푸드","","2023년","사과(30g) (30g)/1kg"
"가공식품","농산물가공식품","사과가공품","1127801","조각사과/아나나스푸드","","2023년","사과(40g) (40g)/1kg"
"가공식품","농산물가공식품","사과가공품","1127802","조각사과/아나나스푸드","","2023년","사과(50g) (50g)/1kg"
"가공식품","농산물가공식품","사과가공품","1127803","조각사과/프레시아트","","2023년","사과(30g)/1kg"
"가공식품","농산물가공식품","사과가공품","1127804","조각사과/프레시아트","","2023년","사과(40g)/1kg"
"가공식품","농산물가공식품","사과가공품","1127805","조각사과/프레시아트","","2023년","사과(50g)/1kg"
"가공식품","농산물가공식품","사과가공품","1127813","조각사과/아나나스푸드","","2023년","사과(샐러드용) (1kg)/1kg"
"가공식품","농산물가공식품","사과가공품","1127814","조각사과/프레시아트","","2023년","사과(샐러드용)/1kg"
"가공식품","농산물가공식품","노각","1128075","노각/하늘농가","","2024년","피노각/0.3kg"
"축산물","가금류","닭고기","1127833","닭고기/영계(껍질유),삼계탕용/한국육계유통","체리부로","2024년","닭고기/영계(껍질유),삼계탕용/뼈있음/500g"
"농산물","양채류","파프리카","1127834","파프리카(적색),착색양호한것","","당해년도","파프리카(적색),착색양호한것/2들입/0.4kg"
"농산물","양채류","파프리카","1127835","파프리카(주황),착색양호한것","","당해년도","파프리카(주황),착색양호한것/2들입/0.4kg"
"축산물","가금류","닭고기","1127853","닭고기/영계1/2각(껍질유),삼계탕용","체리부로","2024년","닭고기/영계1/2각(껍질유),삼계탕용/뼈있음/500g"
"축산물","가금류","닭고기","1127854","닭고기/영계1/2각(껍질유),삼계탕용/한국육계유통","체리부로","2024년","닭고기/영계1/2각(껍질유),삼계탕용/뼈있음/500g"
"농산물","과채류","오이","1127855","백오이","","당해년도","백오이/2들입/0.4kg"
"농산물","양채류","파프리카","1127856","파프리카(노랑),착색양호한것","","당해년도","파프리카(노랑),착색양호한것/2들입/0.4kg"
"농산물","양채류","양상추","1127873","깐양상추","","2024","깐양상추/0.3kg"
"농산물","과일과채류","참외","1127893","참외(30내)","","2024","참외(30내/10kg), 340g/개,1kg"
"농산물","과일과채류","참외","1127894","참외(40내)","","2024","참외(40내/10kg), 35~40과,1kg"
"농산물","과일과채류","참외","1127895","참외(50내)","","2024","참외(50내/10kg), 41~49과,1kg"
"농산물","과일과채류","참외","1127896","참외(무선별)30~50과","","2024","참외(무선별), 30~50과/10kg,1kg"
"농산물","양채류","브로콜리","1127897","브로콜리","","2024","브로콜리/0.3kg"
"농산물","양채류","브로콜리","1127898","브로콜리","","2024","브로콜리/0.3kg/"
"농산물","양채류","양상추","1127899","깐양상추","","2024","깐양상추/0.3kg/"
"농산물","과일과채류","딸기","1127900","딸기","","","딸기/테스트/든든구"
"농산물","과일과채류","참외","1127913","참외(35내)","","2024","참외(35내/10kg), 30~34과,1kg"
"농산물","과일과채류","참외","1127914","참외(60내)","","2024","참외,60내(51~59과), 170g/개,1kg"
"농산물","과일과채류","참외","1127915","참외(무선별)30~50과","","2024","참외(무선별), 30~50과/10kg,1kg/"
"농산물","과채류","오이","1127916","백오이","","2024","백오이/2개들입/"
"농산물","과채류","오이","1127917","청오이","","2024","청오이/2개들입/"
"농산물","과일과채류","참외","1127933","참외","","당해년도","참외(60내/10kg)51~59과/1kg"
"농산물","과일과채류","참외","1127953","참외","","당해년도","참외(60내/10kg)51~59과/1kg"
"농산물","버섯류","느타리버섯","1127954","느타리버섯","","2024","느타리버섯/0.3kg/"
"가공식품","농산물가공식품","체리가공품","1127955","체리/푸르원","","2024","국산생체리/1kg"
"농산물","서류","고구마","1127956","고구마(스틱)","","2023년","고구마(깐것/굵은채/스틱)/1kg"
"수산물","건어물","미역","1127957","건미역","","2024년","건미역(기장)/300g"
"수산물","건어물","미역","1127958","건미역","","2024년","건실미역/300g"
"수산물","건어물","미역","1127959","미역줄기","","2024년","염장 미역줄기(소금 30%이하)/1kg"
"농산물","버섯류","표고버섯","1127973","표고버섯(유기농)","","2024","표고버섯(유기농)/0.3kg"
"가공식품","농산물가공식품","기타","1127974","완두콩/푸르원","농업회사법인㈜푸르원","2024년","완두콩(생, 깐것)/1kg"
"농산물","서류","고구마","1127975","고구마(맛탕)","","2023년","고구마(깐것/맛탕용)/1kg"
"농산물","서류","고구마","1127976","고구마(어슷)","","2023년","고구마(깐것/어슷썰기)/1kg"
"수산물","건어물","미역","1127977","건미역","","2024년","건미역(기장)/500g"
"수산물","건어물","미역","1127978","건미역(절단)","","2024년","건미역(절단)/500g"
"수산물","건어물","미역","1127979","건미역","","2024년","건실미역/500g"
"수산물","건어물","미역","1127980","미역줄기","","2024년","염장 미역줄기(소금 30%이하)/500g"
"농산물","과일과채류","방울토마토","1127993","방울토마토","","당해년도","방울토마토(10g/과,샐러드용)/0.75kg"
"농산물","과일과채류","방울토마토","1127994","방울토마토","","당해년도","방울토마토(15-20g/과)/0.75kg"
"농산물","과일과채류","방울토마토","1127995","방울토마토","","당해년도","방울토마토(20-30g/과)/0.75kg"
"농산물","과일과채류","방울토마토","1127996","주황(노랑)방울토마토(대추,샐러드용)","","당해년도","주황(노랑)방울토마토(대추,샐러드용)/0.75kg"
"농산물","과채류","애호박","1127997","애호박(비닐제거)","","2024년","애호박/(비닐제거)/개/"
"농산물","과채류","애호박","1127998","애호박(인큐)","","2024년","애호박/(인큐)/개//"
"농산물","과채류","애호박","1127999","자연애호박(벌크)","","2024년","자연애호박/(벌크)/개/"
"농산물","과일과채류","메론","1128000","메론/대천","","당해년도","메론/세지(3수/5kg)/1.6kg"
"농산물","조미채소류","실파","1128001","실파(깐것)","","2024년","실파(깐것)/0.3kg"
"농산물","견과류","밤","1128002","생율(소)","","2024","생율(소)/0.3kg"
"농산물","과일과채류","방울토마토","1128013","방울토마토","","당해년도","방울토마토(대추)/0.75kg"
"가공식품","농산물가공식품","달걀","1128014","달걀/한국양계농협","","당해년도","계란(동물복지유정란, 30구)/무항생제/1.56kg/"
"농산물","과채류","애호박","1128015","애호박(인큐)","","2024년","애호박/(인큐)/개/"
"가공식품","농산물가공식품","달걀","1128033","달걀/한국양계농협","","당해년도","계란(동물복지유정란, 15구)/무항생제/0.78kg/"
"가공식품","농산물가공식품","달걀","1128034","달걀/한국양계농협","","당해년도","계란(동물복지유정란, 15구)/무항생제/0.78kg"
"가공식품","농산물가공식품","달걀","1128035","달걀/한국양계농협","","당해년도","계란(동물복지유정란, 30구)/무항생제/1.56kg"
"농산물","양채류","브로콜리","1128053","브로콜리","","2024","브로콜리/개_테스트"
"가공식품","농산물가공식품","노각","1128054","노각/하늘농가","","2024년","깐노각채/0.3kg"
"가공식품","농산물가공식품","눈개승마","1128055","눈개승마/하늘농가","하늘농가","2024년","삼나물(생데친)/0.3kg"
"가공식품","농산물가공식품","연근가공품","1128056","연근/하늘농가","하늘농가","2024년","간연근(부침용)/무농약/0.3kg"
"가공식품","농산물가공식품","깻잎가공품","1128073","깻잎/하늘농가","","2024","순바라깻잎(데친)/0.3kg"
"가공식품","농산물가공식품","고추나물","1128074","고추나물/하늘농가","","2024년","고추나물(생데친)/0.3kg"
"가공식품","농산물가공식품","노각","1128076","노각/하늘농가","","2024년","깐노각/0.3kg"
"가공식품","농산물가공식품","노각","1128077","노각/하늘농가","","2024년","노각실채/0.3kg"
"가공식품","농산물가공식품","고추나물","1128078","고추나물/청채마루","","2025","고추나물(생것)/0.3kg"
"가공식품","농산물가공식품","노각","1128079","노각/청채마루","","2025","깐노각/반달채/0.3kg"
"가공식품","농산물가공식품","냉이가공품","1128080","냉이/청채마루","","2025","냉이(데친)/0.3kg"
"가공식품","농산물가공식품","수박가공품","1128081","조각수박/프레시아트","","2024년","조각수박(30g)/1kg"
"가공식품","농산물가공식품","수박가공품","1128082","조각수박/프레시아트","","2024년","조각수박(40g)/1kg"
"가공식품","농산물가공식품","수박가공품","1128083","조각수박/프레시아트","","2024년","조각수박(60g)/1kg"
"가공식품","농산물가공식품","수박가공품","1128084","조각수박/프레시아트","","2024년","조각수박(샐러드용)/1kg"
"가공식품","농산물가공식품","방풍나물가공품","1128085","방풍나물/하늘촌","","2024년","방풍나물(데친)/1kg"
"가공식품","농산물가공식품","부지갱이","1128093","부지갱이/청채마루","","2025","부지갱이(생데친)/0.3kg"
"가공식품","농산물가공식품","마늘쫑가공품","1128094","마늘쫑/청채마루","","2025","마늘쫑(손질)/0.3kg"
"가공식품","농산물가공식품","수박가공품","1128095","조각수박/프레시아트","","2024년","조각수박(50g)/1kg"
"가공식품","농산물가공식품","고추나물","1128096","고추나물/하늘촌","","2024","고추나물(데친)/1kg"
"가공식품","농산물가공식품","머위나물","1128097","머위나물/하늘촌","","2024년","머위대나물(데친)/1kg"
"가공식품","농산물가공식품","깻잎가공품","1128098","깻잎/하늘촌","","2025","순바라깻잎(데친)/1kg"
"농산물","버섯류","느타리버섯","1128113","느타리버섯","","2024","느타리버섯/0.3kg_"
"농산물","버섯류","애느타리버섯","1128114","애느타리버섯","","2024","애느타리버섯/0.3kg_"
"농산물","버섯류","새송이버섯","1128115","볶음새송이","","2024년","볶음새송이/0.3kg_"
"농산물","버섯류","표고버섯","1128116","표고버섯(슬라이스)","","2024","표고버섯(슬라이스)/0.3kg_"
"농산물","버섯류","표고버섯","1128117","표고버섯(유기농)","","2024","표고버섯(유기농)/0.3kg_"
"농산물","과일과채류","토마토","1128118","완숙토마토(소스용)","","2024","완숙토마토(소스용)/1kg_"
"농산물","과일과채류","토마토","1128119","완숙토마토(100-150g)","","2024","완숙토마토(100~150g)/1kg_"
"농산물","과일과채류","토마토","1128120","완숙토마토(200g)","","2024","완숙토마토,200g/개, 1kg_"
"농산물","과채류","애호박","1128121","애호박(인큐)","","2024년","애호박/(인큐)/개_"
"농산물","과채류","애호박","1128122","자연애호박(벌크)","","2024년","자연애호박/(벌크)/개_"
"농산물","엽경채류","새싹","1128123","새싹","","2024","베이비채소/0.2kg_"
"농산물","엽경채류","미나리","1128124","미나리","","2024","미나리/0.3kg_"
"농산물","엽경채류","상추","1128125","적상추","","2024","적상추/0.3kg_"
"농산물","엽경채류","아욱","1128126","아욱","","2024","아욱(손질)/0.3kg_"
"농산물","엽경채류","청경채","1128127","청경채","","2024","청경채/0.3kg_"
"농산물","엽경채류","얼갈이","1128128","얼갈이","","2024년","얼갈이(생것)/0.3kg_"
"농산물","버섯류","새송이버섯","1128129","볶음새송이","","2024년","볶음새송이/0.3kg_"
"농산물","버섯류","표고버섯","1128130","표고버섯(배지)","","2024년","표고버섯(배지)/0.3kg_"
"농산물","과일과채류","방울토마토","1128131","대추방울토마토(10-20g)","","2025년","대추방울토마토(10~20g)/0.5kg_"
"농산물","근채류","무","1128132","무(깐것)","","2024년","깐무/개_"
"농산물","버섯류","새송이버섯","1128133","새송이버섯","","2024","새송이버섯/0.3kg_"
"농산물","버섯류","표고버섯","1128134","표고버섯(배지)","","2024","표고버섯(배지)/0.3kg_"
"농산물","과일과채류","방울토마토","1128135","대추방울토마토(샐러드)","","2024","(대추)방울토마토(샐러드)/0.5kg_"
"농산물","과일과채류","방울토마토","1128136","방울토마토(배식용)","","2024","방울토마토(배식용)/0.5kg_"
"농산물","과일과채류","방울토마토","1128137","대추방울토마토(20-30g)","","2024","대추방울토마토(20~30g)/0.5kg_"
"농산물","과일과채류","방울토마토","1128138","대추방울토마토(10-20g)","","2024","대추방울토마토(10~20g)/0.5kg_"
"농산물","과채류","오이","1128139","백오이","","2024","백오이/2개들입_"
"농산물","과채류","애호박","1128140","애호박(비닐제거)","","2024년","애호박/(비닐제거)/개_"
"농산물","엽경채류","근대","1128141","근대","","2024","근대(청)/0.3kg_"
"농산물","엽경채류","상추","1128142","청상추","","2024","청상추/0.3kg_"
"농산물","엽경채류","열무","1128143","열무","","2024","열무(생것, 나물용)/0.3kg_"
"농산물","양채류","브로콜리","1128144","브로콜리","","2024","브로콜리/개_"
"농산물","조미채소류","건고추","1128145","건고추","","2023","건홍고추/0.1kg_"
"농산물","버섯류","새송이버섯","1128146","새송이버섯","","2024년","새송이버섯/0.3kg_"
"농산물","버섯류","팽이버섯","1128147","팽이버섯","","2024년","팽이버섯/0.3kg_"
"농산물","과일과채류","방울토마토","1128148","대추방울토마토(20-30g)","","2025년","대추방울토마토(20~30g)/0.5kg_"
"농산물","과채류","오이","1128149","백오이","","2024년","백오이/2개들입_"
"농산물","과채류","오이","1128150","청오이","","2024년","청오이/2개들입_"
"농산물","과채류","애호박","1128151","애호박(인큐)","","2024","애호박/인큐/개_--"
"농산물","과채류","애호박","1128152","애호박(비닐제거)","","2024","애호박/(비닐제거)/개_--"
"농산물","근채류","무","1128153","무(흙)","","2024년","무(흙)/개_"
"농산물","엽경채류","부추","1128154","부추","","2024년","부추/0.3kg_"
"농산물","엽경채류","양배추","1128155","양배추(피)","","2023","양배추(피)/통_"
"농산물","서류","고구마","1128156","고구마(50~80g)","","2024년","고구마(50~80g)/1kg_"
"농산물","서류","고구마","1128157","고구마(맛탕)","","2023년","고구마(깐것/맛탕용)/1kg_"
"농산물","양채류","피망","1128158","피망","","2024년","피망/청/2개들입_"
"농산물","조미채소류","양파","1128159","양파(피)","","2024년","양파(피)/1kg_"
"농산물","조미채소류","양파","1128160","양파(깐것)","","2024년","양파(깐것)100g이하/1kg_"
"농산물","조미채소류","대파","1128161","대파(깐것)","","2025년","대파(깐것)/0.5kg_"
"농산물","버섯류","느타리버섯","1128162","느타리버섯","","2024","느타리버섯/0.3kg_"
"농산물","버섯류","애느타리버섯","1128163","애느타리버섯","","2024","애느타리버섯/0.3kg_"
"농산물","버섯류","양송이버섯","1128164","양송이버섯","","2024","양송이버섯(화이트)/0.3kg_"
"농산물","버섯류","표고버섯","1128165","표고버섯(유기농)","","2024","표고버섯(유기농)/0.3kg_"
"농산물","과일과채류","참외","1128166","참외(40내)","","2024","참외(40내/10kg), 35~40과,1kg_"
"농산물","과일과채류","참외","1128167","참외(50내)","","2024","참외(50내/10kg), 41~49과,1kg_"
"농산물","조미채소류","마늘","1128168","마늘(꼭지제거)","","2024","마늘(깐것/꼭지제거)/0.3kg_"
"농산물","조미채소류","건고추","1128169","건고추","","2023","건홍고추/0.1kg_"
"농산물","근채류","무","1128170","무(깐것)","","2024","깐무/개_"
"농산물","엽경채류","양배추","1128171","양배추(깐것)","","2024","깐양배추/통_"
"농산물","엽경채류","붉은양배추","1128172","붉은양배추","","2024","붉은양배추/통_"
"농산물","근채류","무","1128173","무(세척)","","2024년","세척무/개_"
"농산물","엽경채류","시금치","1128174","시금치","","2024년","시금치/0.3kg_"
"농산물","엽경채류","쑥갓","1128175","쑥갓","","2024년","쑥갓/0.3kg_"
"농산물","엽경채류","양배추","1128176","양배추(깐것,1/2절단)","","2024","깐양배추(1/2절단)/개_"
"농산물","엽경채류","양배추","1128177","양배추(깐것)","","2024년","깐양배추/통_"
"농산물","엽경채류","얼갈이","1128178","얼갈이","","2024년","얼갈이(생것)/0.3kg_"
"농산물","기타채소","고사리","1128179","고사리","","2024년","고사리(건데친)/0.5kg_"
"농산물","서류","고구마","1128180","고구마(피)","","2024년","고구마(피/세척)/1kg_"
"농산물","서류","고구마","1128181","고구마(깐것)","","2023년","고구마(깐것)/1kg_"
"농산물","서류","고구마","1128182","고구마(스틱)","","2023년","고구마(깐것/굵은채/스틱)/1kg_"
"농산물","서류","고구마","1128183","고구마(어슷)","","2023년","고구마(깐것/어슷썰기)/1kg_"
"농산물","서류","고구마","1128184","고구마(채)","","2023년","고구마(깐것/가는채)/1kg_"
"농산물","양채류","양상추","1128185","깐양상추","","2024년","깐양상추/0.3kg__"
"농산물","조미채소류","마늘","1128186","마늘(꼭지제거)","","2023년","마늘(깐것/꼭지제거)/0.3kg_"
"농산물","조미채소류","양파","1128187","양파(깐것)","","2024년","양파(깐것)/1kg_"
"농산물","조미채소류","대파","1128188","대파(흙)","","2025년","대파(흙)/0.5kg_"
"농산물","조미채소류","대파","1128189","대파(간편대파)","","2024년","간편대파(깐것)/0.5kg_"
"농산물","버섯류","새송이버섯","1128190","새송이버섯","","2024","새송이버섯/0.3kg_"
"농산물","버섯류","표고버섯","1128191","표고버섯(배지)","","2024","표고버섯(배지)/0.3kg_"
"농산물","버섯류","표고버섯","1128192","표고버섯(슬라이스)","","2024","표고버섯(슬라이스)/0.3kg_"
"농산물","버섯류","볶음새송이","1128193","볶음새송이","","2024","볶음새송이/0.3kg_"
"농산물","과일과채류","참외","1128194","참외(무선별)30~50과","","2024","참외(무선별), 30~50과/10kg,1kg_"
"농산물","과일과채류","참외","1128195","참외(30내)","","2024","참외(30내/10kg), 340g/개,1kg_"
"농산물","과일과채류","참외","1128196","참외(35내)","","2024","참외(35내/10kg), 30~34과,1kg_"
"농산물","과일과채류","참외","1128197","참외(60내)","","2024","참외,60내(51~59과), 170g/개,1kg_"
"농산물","조미채소류","마늘","1128198","마늘(깐것)","","2024","마늘(깐것)/0.3kg_"
"농산물","근채류","무","1128199","무(흙)","","2024","무(흙)/개_"
"농산물","근채류","무","1128200","무(세척)","","2024","세척무/개_"
"농산물","엽경채류","양배추","1128201","양배추(깐것)","","2024","깐양배추(1/2절단)/0.5kg_"
"농산물","엽경채류","양배추","1128202","양배추(피)","","2024","양배추(피)/통_"
"농산물","버섯류","표고버섯","1128203","표고버섯(배지)","","2024","표고버섯(배지)/0.3kg_"
"농산물","과채류","애호박","1128204","애호박(인큐)","","2024","애호박/인큐/개_"
"농산물","과채류","애호박","1128205","애호박(비닐제거)","","2024","애호박/(비닐제거)/개_"
"농산물","서류","감자","1128206","감자(피)","","2024","감자(피) 150-250g/1kg_"
"농산물","서류","감자","1128207","감자(깐것)","","2024","감자(깐것) 130-250g/1kg_"
"농산물","양채류","파프리카","1128208","파프리카(녹색)","","2024","파프리카(녹색),착색양호한것/2개들입_"
"농산물","양채류","꽈리고추","1128209","고추(꽈리)","","2024","꽈리고추/0.15kg_"
"농산물","조미채소류","양파","1128210","양파(피)","","2024","양파(피)/1kg_"
"농산물","조미채소류","고추","1128211","고추(풋)","","2024","풋고추/0.15kg_"
"농산물","조미채소류","고추","1128212","고추(오이)","","2024","오이고추/0.2kg_"
"농산물","양채류","비트","1128213","비트(알)","","2024","비트(알)/개_"
"농산물","양채류","브로콜리","1128214","브로콜리","","2024","브로콜리/개_"
"농산물","버섯류","느타리버섯","1128215","느타리버섯","","2024","느타리버섯/0.3kg_"
"농산물","버섯류","새송이버섯","1128216","새송이버섯","","2024","새송이버섯/0.3kg_"
"농산물","양채류","파프리카","1128217","파프리카(노랑)","","2024","파프리카(노랑)/2개들입_//"
"농산물","양채류","파프리카","1128218","파프리카(적색)","","2024","파프리카(적색)/2개들입_"
"농산물","양채류","파프리카","1128219","파프리카(주황)","","2024","파프리카(주황)/2개들입_//"
"농산물","양채류","피망","1128220","피망","","2024","피망/청/2개들입_"
"농산물","조미채소류","양파","1128221","양파(깐것)","","2024","양파(깐것)/1kg_"
"농산물","조미채소류","고추","1128222","고추(청양)","","2024","청양고추/0.15kg_"
"농산물","조미채소류","대파","1128223","대파(흙)","","2024","대파(흙)/0.5kg_"
"농산물","조미채소류","대파","1128224","대파(깐것)","","2024","대파(깐것)/0.5kg_"
"농산물","양채류","양상추","1128225","깐양상추","","2024","깐양상추/0.3kg_"
"농산물","양곡부류","찹쌀","1128233","찹쌀","","","찹쌀/국내산/1kg-대체사입"
"농산물","서류","고구마","1128253","고구마/찜용","","","고구마/일반/국내산-품질저하대체"
"농산물","과일류","키위","1128273","골드키위","","당해년도","골드키위/1과90~100g/1kg"
"농산물","양채류","브로콜리","1128293","브로콜리","","2024","브로콜리/0.3kg_"
"축산물","가금류","닭고기","1128313","닭고기/다리살훈제슬라이스/하림","","해당년도","닭고기/무항생제/다리살훈제슬라이스/뼈없음/구이용/조각당 7mm/1kg"
"가공식품","농산물가공식품","건목이버섯","1128333","건목이버섯/푸르원","농업회사법인㈜푸르원","2024년","건목이버섯/수입산/0.1kg"
"수산물","건어물","건새우","1128334","건새우(두절건새우)","","2023년","꽃새우(독새우) 자건품 두절새우, 3cm내외/300g"
"수산물","건어물","건명태","1128335","코다리살(99%가시제거)","","2023년","코다리순살(뼈제거 99%),토막당 40g내외/수입산/1kg"
"농산물","양곡부류","쌀보리","1128336","쌀보리/한결","","2023년","쌀보리/1kg/일반"
"가공식품","농산물가공식품","삼","1128353","수삼/푸르원","농업회사법인㈜푸르원","2023년","수삼(세척,3년근)/0.5kg"
"수산물","건어물","건새우","1128354","건새우(두절건새우)","","2023년","꽃새우(독새우) 자건품 두절새우, 3cm내외/500g"
"수산물","건어물","건명태","1128355","코다리살(99%가시제거)","","2023년","코다리순살(뼈제거 99%),토막당 40g내외/수입산/500g"
"농산물","양곡부류","쌀보리","1128356","쌀보리/고산","고산농협","2023년","쌀보리/1kg/무농약"
"농산물","양곡부류","쌀보리","1128357","쌀보리/한결","","2023년","쌀보리/1kg/무농약"
"농산물","양곡부류","기능성쌀","1128358","쌀(기능성쌀)/고산","준바이오","","칼슘찹쌀(무농약원료)/1kg/일반"
"농산물","양곡부류","기능성쌀","1128359","쌀(기능성쌀)/고산","준바이오","","칼슘찹쌀/1kg/일반"
"수산물","갑각류","새우","1128373","칵테일새우살,71-90","","2023/2024","칵테일새우 자숙(탈각) 71/90, 6~7g/수입산/1kg."
"농산물","과일과채류","방울토마토","1128374","주황(노랑)방울토마토(대추,샐러드용)","","당해년도","주황(노랑)방울토마토(대추,샐러드용)/0.75kg"
"수산물","갑각류","새우","1128393","칵테일새우살,71-90","","2023/2024","칵테일새우 자숙(탈각) 71/90, 6~7g/수입산/500g."
"가공식품","농산물가공식품","무말랭이가공품","1128394","무말랭이/푸르원","농업회사법인㈜푸르원","2024년","친환경무말랭이/무농약/0.1kg"
"농산물","양채류","브로콜리","1128395","브로콜리","","2024","브로콜리/0.25kg"
"농산물","양채류","브로콜리","1128396","브로콜리","","2024","브로콜리/0.25kg/"
"농산물","양채류","브로콜리","1128397","브로콜리","","2024","브로콜리/0.25kg_"
"농산물","기타채소","겨자","1128398","적겨자(잎)","","2024년","적겨자(잎)/0.3kg"
"가공식품","농산물가공식품","콩나물가공품","1128399","콩나물/무농약","","","콩나물/무농약/국산콩/0.5kg-240523대체사입"
"농산물","엽경채류","양배추","1128400","깐양배추","","","깐양배추/1kg/240523_대체사입"
"농산물","기타채소","겨자","1128413","겨자","","2024년","겨자/0.3kg"
"가공식품","농산물가공식품","콩나물가공품","1128414","콩나물","","","콩나물/무농약/국산콩/0.5kg/240523_대체사입"
"농산물","양채류","파프리카","1128433","파프리카(주황)","","2024","파프리카(주황)/2개들입_"
"농산물","양채류","파프리카","1128453","파프리카(노랑)","","2024","파프리카(노랑)/2개들입_"
"농산물","근채류","무","1128454","무(깐것)","","2024년","깐무/개_"
"농산물","엽경채류","양배추","1128455","양배추(깐것,1/2절단)","","2024년","양배추(깐것,1/2절단)/개/"
"농산물","엽경채류","양배추","1128456","양배추(깐것,1/2절단)","","2024년","양배추(깐것,1/2절단)/개_"
"농산물","엽경채류","양배추","1128457","양배추(깐것)","","2024년","깐양배추/통_"
"농산물","엽경채류","양배추","1128458","양배추(피)","","2024년","양배추(피)/통_"
"농산물","과일류","블루베리","1128459","블루베리","","2024년","블루베리/0.5kg/"
"농산물","근채류","당근","1128460","당근(세척)","","2024년","세척당근/1kg/"
"농산물","근채류","당근","1128461","당근(흙)","","2024년","당근(흙)/1kg/"
"농산물","근채류","당근","1128462","당근(깐것)","","2024년","깐당근/1kg_"
"농산물","근채류","무","1128473","무(깐것)","","2024년","깐무/개/"
"농산물","근채류","무","1128474","무(세척)","","2024년","세척무/개/"
"농산물","근채류","무","1128475","무(흙)","","2024년","무(흙)/개/"
"농산물","근채류","무","1128476","무(흙)","","2024년","무(흙)/개_"
"농산물","근채류","무","1128477","무(세척)","","2024년","세척무/개_"
"농산물","엽경채류","양배추","1128478","양배추(깐것)","","2024년","깐양배추/통/"
"농산물","엽경채류","양배추","1128479","양배추(피)","","2024년","양배추(피)/통/"
"농산물","과일류","블루베리","1128480","블루베리","","2024년","블루베리/0.5kg"
"농산물","과일류","블루베리","1128481","블루베리","","2024년","블루베리/0.5kg_"
"농산물","서류","감자","1128493","식재료명_20240528","","","식재료명_20240528"
"농산물","근채류","당근","1128494","당근(깐것)","","2024년","깐당근/1kg/"
"농산물","근채류","당근","1128495","당근(흙)","","2024년","당근(흙)/1kg_"
"농산물","근채류","당근","1128496","당근(세척)","","2024년","세척당근/1kg_"
"농산물","버섯류","새송이버섯","1128513","볶음새송이","","2024","볶음새송이/0.3kg/"
"농산물","근채류","무","1128514","무(깐것)","","2024년","깐무/개"
"농산물","근채류","무","1128515","무(흙)","","2024년","무(흙)/개"
"농산물","근채류","무","1128533","무(세척)","","2024년","세척무/개"
"농산물","양채류","양상추","1128553","깐양상추","","","깐양상추/0.4kg/240605_대체사입"
"가공식품","농산물가공식품","깻잎가공품","1128573","깻잎/청채마루","","2025","잎바라깻잎(데친)/0.3kg"
"가공식품","농산물가공식품","연근가공품","1128574","연근/청채마루","","2025","간연근/0.3kg"
"농산물","양곡부류","쌀보리","1128593","쌀보리/삼기","","2023년","쌀보리/1kg/무농약"
"농산물","엽경채류","양배추","1128594","양배추(깐것)","","2024년","깐양배추/통/"
"농산물","과일과채류","메론","1128595","메론","","당해년도","메론/세지(3수/5kg)/1.6kg/"
"농산물","과일과채류","수박","1128596","수박(6kg)","","2024","수박(6kg)/통/"
"농산물","과일과채류","수박","1128597","수박(10kg)","","2024","수박(10kg)/통/"
"농산물","엽경채류","붉은양배추","1128598","붉은양배추","","2024","붉은양배추/통/"
"농산물","과채류","가지","1128599","가지","","2024","가지/2개입/0.3kg/"
"농산물","서류","감자","1128600","감자(깐것)","","2024","감자(깐것) 130-250g/1kg/"
"농산물","조미채소류","고추","1128601","고추(풋)","","2024","풋고추/0.15kg/"
"농산물","조미채소류","고추","1128602","고추(오이)","","2024","오이고추/0.2kg/"
"농산물","서류","알감자","1128603","알감자(깐)","","2024","알감자(깐것/조림)/1kg/"
"농산물","과채류","애호박","1128604","애호박(비닐제거)","","2024년","애호박/(비닐제거)/개/"
"농산물","엽경채류","양배추","1128605","양배추(깐것,1/2절단)","","2024","깐양배추(1/2절단)/개/"
"축산물","가금류","닭고기","1128606","닭고기/영계1/2각(껍질유),삼계탕용/하림","","2024년","닭고기/무항생제/영계1/2각(껍질유),삼계탕용/뼈있음/1kg"
"농산물","엽경채류","양배추","1128613","양배추(깐것,1/2절단)","","2024","깐양배추(1/2절단)/개/"
"농산물","엽경채류","양배추","1128614","양배추(피)","","2024","양배추(피)/통/"
"농산물","과일과채류","수박","1128615","수박(7kg)","","2024","수박(7kg)/통/"
"농산물","과일과채류","수박","1128616","수박(8kg)","","2024","수박(8kg)/통/"
"농산물","과일과채류","수박","1128617","수박(9kg)","","2024","수박(9kg)/통/"
"농산물","엽경채류","부추","1128618","부추","","2024년","부추/0.3kg/"
"농산물","서류","감자","1128619","감자(피)","","2024","감자(피) 150-250g/1kg/"
"농산물","조미채소류","고추","1128620","고추(꽈리)","","2024","꽈리고추/0.15kg/"
"농산물","조미채소류","고추","1128621","고추(청양)","","2024","청양고추/0.15kg/"
"농산물","근채류","무","1128622","무(깐것)","","2024년","깐무/개/"
"농산물","근채류","무","1128623","무(흙)","","2024","무(흙)/개/1"
"농산물","근채류","무","1128624","무(세척)","","2024","세척무/개/1"
"농산물","양채류","비트","1128625","비트(알)","","2024","비트(알)/개/"
"농산물","과채류","애호박","1128626","애호박(인큐)","","2024년","애호박/(인큐)/개/"
"농산물","엽경채류","양배추","1128627","양배추(피)","","2024년","양배추(피)/통/"
"농산물","엽경채류","양배추","1128628","양배추(깐것)","","2024년","깐양배추/통/"
"농산물","과채류","오이","1128629","백오이","","2024","백오이/2개들입/"
"농산물","과채류","오이","1128630","청오이","","2024년","청오이/2개들입/"
"축산물","가금류","닭고기","1128631","닭고기/영계(껍질유),삼계탕용/하림","","2024년","닭고기/무항생제/영계(껍질유),삼계탕용/뼈있음/1kg"
"축산물","가금류","닭고기","1128632","닭고기/통닭1/2각(껍질무)/하림","자연실록 ","해당년도 ","닭고기/동물복지/통닭1/2각(껍질무)/뼈있음/다용도/반각500g×2쪽/1kg"
"축산물","가금류","닭고기","1128633","닭고기/통닭1/2각(껍질유)/하림","자연실록 ","해당년도 ","닭고기/동물복지/통닭1/2각(껍질유)/뼈있음/다용도/반각500g×2쪽/1kg"
"농산물","과채류","오이","1128653","백오이","","당해년도","백오이/2들입/0.5kg"
"농산물","양곡부류","백미","1128654","칠분도미/인수","인수영농조합법인","2024년산","칠분도미(유기농)/1kg"
"농산물","조미채소류","고추","1128655","고추(꽈리)","","2024","꽈리고추/0.15kg"
"농산물","조미채소류","고추","1128656","고추(풋)","","2024","풋고추/0.15kg"
"농산물","근채류","무","1128657","무(깐것)","","2024년","깐무/개"
"농산물","근채류","무","1128658","무(세척)","","2024","세척무/개1"
"농산물","과채류","애호박","1128659","애호박(비닐제거)","","2024년","애호박/(비닐제거)/개"
"농산물","엽경채류","양배추","1128660","양배추(깐것)","","2024년","깐양배추/통"
"농산물","과채류","가지","1128673","가지","","2024","가지/2개입/0.3kg"
"농산물","서류","감자","1128674","감자(깐것)","","2024","감자(깐것) 130-250g/1kg"
"농산물","조미채소류","고추","1128675","고추(청양)","","2024","청양고추/0.15kg"
"농산물","조미채소류","고추","1128676","고추(오이)","","2024","오이고추/0.2kg"
"농산물","근채류","무","1128677","무(흙)","","2024","무(흙)/개1"
"농산물","양채류","비트","1128678","비트(알)","","2024","비트(알)/개"
"농산물","서류","알감자","1128679","알감자(깐)","","2024","알감자(깐것/조림)/1kg"
"농산물","서류","알감자","1128680","알감자(피)","","2024","피알감자(조림/세척)/1kg"
"농산물","과채류","애호박","1128681","애호박(인큐)","","2024년","애호박/(인큐)/개"
"농산물","과채류","오이","1128682","백오이","","2024","백오이/2개들입"
"농산물","양채류","샐러리","1128683","샐러리","","2024","샐러리/0.5kg"
"농산물","과일류","복숭아","1128693","복숭아","","당해년도","복숭아/천도,70내,10kg/1kg"
"농산물","과일류","복숭아","1128713","복숭아","","당해년도","복숭아/천도,80내,10kg/1kg"
"농산물","과일류","자두","1128714","자두(후무사)","","당해년도","후무사,100g/과/1kg"
"농산물","과일류","복숭아","1128715","복숭아","","당해년도","복숭아/천도,70내,10kg/1kg"
"농산물","과일류","복숭아","1128716","복숭아","","당해년도","복숭아/천도,80내,10kg/1kg"
"농산물","과일류","자두","1128717","자두(후무사)","","당해년도","후무사,90g~100g/과/1kg"
"농산물","과일류","자두","1128718","자두(후무사)","","당해년도","후무사,100g/과/1kg"
"농산물","양곡부류","퀴노아","1128719","퀴노아/삼기","","","퀴노아/1kg/무농약"
"농산물","양곡부류","렌틸콩","1128720","렌틸콩/삼기","","","렌틸콩/수입산/1kg/일반"
"농산물","양곡부류","병아리콩","1128721","병아리콩/삼기","","","병아리콩/수입산/1kg/일반"
"농산물","양곡부류","칼슘쌀눈","1128722","칼슘쌀눈/한결","","","칼슘쌀눈/1kg/일반"
"농산물","양곡부류","렌틸콩","1128723","렌틸콩/한결","","","렌틸콩/수입산/1kg/일반"
"농산물","양곡부류","렌틸콩","1128724","렌틸콩/한결","","","렌틸콩-거피/수입산/1kg/일반"
"농산물","양곡부류","병아리콩","1128725","병아리콩/한결","","","병아리콩/수입산/1kg/일반"
"농산물","양곡부류","들깨","1128726","생들깨/한결","","","생들깨/1kg/일반"
"농산물","양곡부류","홍미","1128727","홍미/고산","","","홍미/1kg/무농약"
"농산물","과일류","자몽","1128728","자몽","","당해년도","자몽/수입산/1kg"
"농산물","과일류","키위","1128729","골드키위","","2023년도","골드키위/수입산/1과 100g/1kg"
"농산물","과일류","키위","1128730","골드키위","","당해년도","골드키위/수입산/1과 100g/1kg"
"농산물","과일류","자몽","1128731","자몽","","당해년도","자몽/수입산/1kg"
"농산물","과일류","무화과","1128732","무화과","","당해년도","무화과/1kg"
"농산물","과일류","자두","1128733","자두(후무사)","","당해년도","후무사,90g~100g/과/1kg"
"농산물","과일류","복숭아","1128734","복숭아","","당해년도","복숭아/천도,80내,10kg/1kg"
"농산물","과일류","복숭아","1128735","복숭아","","당해년도","복숭아/천도,70내,10kg/1kg"
"농산물","양곡부류","칼슘쌀눈","1128736","칼슘쌀눈/삼기","","","칼슘쌀눈/1kg/일반"
"농산물","양곡부류","퀴노아","1128737","퀴노아/한결","","","퀴노아/수입산/1kg/일반"
"농산물","양곡부류","들깨","1128738","들깨/고산","","","들깨/500g/무농약"
"농산물","양곡부류","들깨","1128739","들깨/고산","","","들깨/500g/일반"
"농산물","과일류","무화과","1128740","무화과","","","무화과/1kg"
"농산물","서류","감자","1128741","감자(깐것)","","2024","감자(깐것) 130-250g/1kg_"
"농산물","엽경채류","양배추","1128742","양배추(깐것)","","2024년","깐양배추/통_"
"농산물","엽경채류","부추","1128743","부추","","2024년","부추/0.3kg_"
"농산물","과일과채류","수박","1128744","수박(6kg)","","2024","수박(6kg)/통_"
"농산물","과일과채류","수박","1128745","수박(8kg)","","2024","수박(8kg)/통_"
"농산물","과일과채류","수박","1128746","수박(10kg)","","2024","수박(10kg)/통_"
"농산물","서류","감자","1128747","감자(피)","","2024","감자(피) 150-250g/1kg_"
"농산물","조미채소류","고추","1128748","고추(청양)","","2024","청양고추/0.15kg_"
"농산물","조미채소류","고추","1128749","고추(풋)","","2024","풋고추/0.15kg_"
"농산물","양채류","비트","1128750","비트(알)","","2024","비트(알)/개_"
"농산물","서류","알감자","1128751","알감자(피)","","2024","피알감자(조림/세척)/1kg_"
"농산물","과채류","애호박","1128752","애호박(비닐제거)","","2024년","애호박/(비닐제거)/개_"
"농산물","서류","감자","1128753","감자(피)","","2024","감자(피) 150-250g/1kg_"
"농산물","엽경채류","양배추","1128754","양배추(깐것,1/2절단)","","2024","깐양배추(1/2절단)/개_"
"농산물","엽경채류","양배추","1128755","양배추(피)","","2024","양배추(피)/통_"
"농산물","조미채소류","양파","1128756","양파(피)","","2024","양파(피)/1kg_"
"농산물","조미채소류","양파","1128757","양파(깐것)","","2024","양파(깐것)100g이하/1kg_"
"농산물","조미채소류","양파","1128758","양파(깐것)","","2024","양파(깐것)/1kg_"
"농산물","과일과채류","메론","1128759","메론","","당해년도","메론/세지(3수/5kg)/1.6kg_"
"농산물","엽경채류","붉은양배추","1128760","붉은양배추","","2024","붉은양배추/통_"
"농산물","과일과채류","수박","1128761","수박(7kg)","","2024","수박(7kg)/통_"
"농산물","과일과채류","수박","1128762","수박(9kg)","","2024","수박(9kg)/통_"
"농산물","과채류","가지","1128763","가지","","2024","가지/2개입/0.3kg_"
"농산물","서류","감자","1128764","감자(깐것)","","2024","감자(깐것) 130-250g/1kg_"
"농산물","조미채소류","고추","1128765","고추(오이)","","2024","오이고추/0.2kg_"
"농산물","근채류","무","1128766","무(깐것)","","2024년","깐무/개_"
"농산물","근채류","무","1128767","무(흙)","","2024","무(흙)/개_1"
"농산물","근채류","무","1128768","무(세척)","","2024","세척무/개_1"
"농산물","엽경채류","쌈배추","1128769","쌈배추","","2024","쌈배추(알배기)/통_"
"농산물","서류","알감자","1128770","알감자(깐)","","2024","알감자(깐것/조림)/1kg_"
"농산물","과채류","애호박","1128771","애호박(인큐)","","2024년","애호박/(인큐)/개_"
"농산물","엽경채류","양배추","1128772","양배추(깐것)","","2024년","깐양배추/통_"
"농산물","과채류","오이","1128773","백오이","","2024","백오이/2개들입_"
"농산물","양채류","샐러리","1128774","샐러리","","2024","샐러리/0.5kg_"
"농산물","서류","고구마","1128775","고구마(세척/찜용),50-70g/개","","2024년","고구마(세척/찜용),50-70g/1kg"
"농산물","엽경채류","깻잎","1128793","깻잎","","2024","깻잎/0.1kg_"
"농산물","조미채소류","고추","1128794","고추(꽈리)","","2024","꽈리고추/0.15kg_"
"농산물","서류","고구마","1128795","고구마(세척/찜용),80-100g/개","","2024년","고구마(세척/찜용),80-100g/1kg"
"수산물","어류","대구","1128813","대구살","","2023년","대구 냉동(깍뚝) 절단, 토막당 40g내외/수입산/1kg"
"수산물","어류","대구","1128814","대구살","","2023년","대구 냉동(포) 전용, 커틀릿용, 토막당 40g내외/수입산/500g"
"수산물","어류","대구","1128815","대구살","","2023년","대구 냉동(포) 전용, 커틀릿용, 토막당 40g내외/수입산/1kg"
"수산물","어류","대구","1128816","대구살","","2023년","대구 냉동(깍뚝) 절단, 토막당 40g내외/수입산/1kg"
"수산물","어류","대구","1128817","대구살","","2023년","대구 냉동(깍뚝) 절단, 토막당 40g내외/수입산/500g"
"수산물","어류","대구","1128818","대구살","","2023년","대구 냉동(포) 전용, 커틀릿용, 토막당 40g내외/수입산/500g"
"수산물","어류","대구","1128819","대구살","","2023년","대구 냉동(깍뚝) 절단, 토막당 50g내외/국내산/500g."
"수산물","어류","대구","1128820","대구살","","2023년","대구 냉동(포) 전용, 커틀릿용, 토막당 40g내외/수입산/1kg."
"수산물","어류","대구","1128821","대구살","","2023년","대구 냉동(포) 전용, 커틀릿용, 토막당 40g내외/수입산/500g."
"수산물","어류","대구","1128822","대구살","","2023년","대구 냉동(깍뚝) 절단, 토막당 40g내외/수입산/500g__"
"수산물","어류","대구","1128823","대구살","","2023년","대구 냉동(포) 전용, 커틀릿용, 토막당 40g내외/수입산/1kg__"
"수산물","어류","대구","1128824","대구살","","2023년","대구 냉동(깍뚝) 절단, 토막당 40g내외/수입산/1kg"
"수산물","어류","대구","1128825","대구살","","2023년","대구 냉동(포) 전용, 커틀릿용, 토막당 40g내외/수입산/1kg"
"수산물","어류","대구","1128826","대구살","","2023년","대구 냉동(깍뚝) 절단, 토막당 40g내외/수입산/1kg"
"수산물","어류","대구","1128827","대구살","","2023년","대구 냉동(깍뚝) 절단, 토막당 40g내외/수입산/500g"
"수산물","어류","대구","1128828","대구살","","2023년","대구 냉동(포) 전용, 커틀릿용, 토막당 40g내외/수입산/500g"
"수산물","어류","대구","1128829","대구살","","2024","대구 냉동(깍뚝) 절단, 토막당 40g내외/수입산/1kg"
"수산물","어류","대구","1128830","대구살","","2024","대구 냉동(깍뚝) 절단, 토막당 40g내외/수입산/500g"
"수산물","어류","대구","1128831","대구살","","2024","대구 냉동(포) 전용, 커틀릿용, 토막당 40g내외/수입산/500g"
"수산물","어류","대구","1128832","대구살","","2023년","대구냉동순살(뼈제거 99%) 전용,컷틀릿용/수입산/1kg"
"수산물","어류","대구","1128833","대구살","","2023년","대구 냉동(깍뚝) 절단, 토막당 40g내외/수입산/500g"
"수산물","어류","대구","1128834","대구살","","2023년","대구 냉동(포) 전용, 커틀릿용, 토막당 40g내외/수입산/1kg"
"수산물","어류","대구","1128835","대구살","","2023년","대구 냉동(깍뚝) 절단, 토막당 50g내외/국내산/1kg."
"수산물","어류","대구","1128836","대구살","","2023년","대구 냉동(깍뚝) 절단, 토막당 40g내외/수입산/1kg__"
"수산물","어류","대구","1128837","대구살","","2023년","대구 냉동(포) 전용, 커틀릿용, 토막당 40g내외/수입산/500g__"
"수산물","어류","대구","1128838","대구살","","2023년","대구 냉동(깍뚝) 절단, 토막당 40g내외/수입산/500g"
"수산물","어류","대구","1128839","대구살","","2023년","대구 냉동(포) 전용, 커틀릿용, 토막당 40g내외/수입산/500g"
"수산물","어류","대구","1128840","대구살","","2023년","대구 냉동(포) 전용, 커틀릿용, 토막당 40g내외/수입산/1kg"
"수산물","어류","대구","1128841","대구살","","2024","대구 냉동(포) 전용, 커틀릿용, 토막당 40g내외/수입산/1kg"
"수산물","어류","대구","1128842","대구살","","2023년","대구냉동순살(뼈제거 99%) 깍뚝절단/수입산/1kg"
"수산물","어류","대구","1128843","대구살","","2023년","대구냉동순살(뼈제거 99%) 깍뚝절단/수입산/500g"
"수산물","어류","대구","1128844","대구살","","2023년","대구냉동순살(뼈제거 99%) 전용,컷틀릿용/수입산/500g"
"농산물","엽경채류","양배추","1128853","양배추(깐것,1/2절단)","","2024년","양배추(깐것,1/2절단)/개"
"농산물","엽경채류","양배추","1128854","양배추(깐것)","","2024년","깐양배추/통"
"농산물","엽경채류","양배추","1128855","양배추(피)","","2024년","양배추(피)/통"
"농산물","근채류","무","1128856","무(흙)","","2024","무(흙)/개"
"농산물","근채류","무","1128857","무(흙)","","2024","무(흙)/개_"
"농산물","근채류","무","1128858","무(세척)","","2024","세척무/개"
"농산물","근채류","무","1128859","무(세척)","","2024","세척무/개/"
"농산물","근채류","무","1128873","무(흙)","","2024","무(흙)/개/"
"농산물","근채류","무","1128874","무(세척)","","2024","세척무/개_"
"농산물","엽경채류","깻잎","1128893","깻잎","","2025","깻잎/0.1kg_"
"농산물","조미채소류","마늘","1128913","마늘(꼭지제거)","","2023년","마늘(깐것/꼭지제거)/0.3kg/"
"농산물","엽경채류","양배추","1128914","양배추(깐것)","","2024년","깐양배추/통"
"농산물","엽경채류","양배추","1128915","양배추(깐것,1/2절단)","","2024","깐양배추(1/2절단)/개"
"농산물","엽경채류","양배추","1128916","양배추(피)","","2024","양배추(피)/통"
"가공식품","농산물가공식품","두부","1128933","두부","","","모두부300g/찌개용/240704_대체사입"
"농산물","과일과채류","방울토마토","1128934","방울토마토","","2024년","방울토마토(대추)/0.75kg"
"농산물","과일류","사과","1128953","사과","","","사과/240704_대체사입"
"농산물","과일류","자두","1128973","자두(후무사)","","당해년도","후무사,100g/과/1kg"
"수산물","패류","전복","1128993","전복살(냉동)","","2023년","전복 냉동(살) 12미/650g/수입산/500g/"
"수산물","패류","전복","1128994","전복살(냉동)","","2023년","전복 냉동(살) 12미/650g/수입산/1kg."
"수산물","패류","전복","1129013","전복살(냉동)","","2023년","전복 냉동(살) 12미/650g/수입산/1kg/"
"농산물","서류","고구마","1129014","고구마(깐것/가는채)","","2023년","고구마(깐것/가는채)/1kg/"
"농산물","조미채소류","고추","1129015","고추(홍)","","2024","홍고추/0.15kg"
"농산물","조미채소류","대파","1129016","대파(간편대파)","","2024년","간편대파(깐것)/0.5kg_"
"농산물","조미채소류","마늘","1129017","마늘(깐것)","","2023년","마늘(깐것)/0.3kg_"
"농산물","버섯류","건표고","1129018","건표고(쵸핑)","","2024","건표고(쵸핑)/0.1kg/"
"농산물","버섯류","건표고","1129019","건표고버섯","","2024","건표고버섯/0.1kg/"
"농산물","버섯류","건표고","1129020","건표고슬라이스","","2024","건표고 슬라이스/0.1kg/"
"농산물","버섯류","건표고","1129021","건표고슬라이스","","2024","건표고 슬라이스/0.1kg/"
"농산물","버섯류","건표고","1129022","건표고슬라이스","","2024","건표고 슬라이스/0.1kg_"
"농산물","양채류","샐러리","1129023","샐러리(줄기)","","2024년","샐러리(줄기)/0.5kg"
"농산물","과일류","포도(국내산)","1129024","포도(켐벨)","","2024","켐벨포도(국내산)/1kg//"
"농산물","과일류","포도(국내산)","1129025","포도(켐벨)","","2024","켐벨포도(국내산)/1kg_"
"농산물","조미채소류","마늘","1129026","마늘(중,꼭지미제거)","","2023년","마늘(중, 17mm 이하(14mm이상), 꼭지미제거)/0.3kg_"
"농산물","과일류","파인애플","1129033","생파인애플","","","생파인애플/필리핀산/240717_대체사입"
"농산물","서류","고구마","1129034","고구마(깐것/가는채)","","2023년","고구마(깐것/가는채)/1kg"
"농산물","서류","고구마","1129035","고구마(깐것/가는채)","","2023년","고구마(깐것/가는채)/1kg_"
"농산물","조미채소류","고추","1129036","고추(홍)","","2024","홍고추/0.15kg/"
"농산물","조미채소류","고추","1129037","고추(홍)","","2024","홍고추/0.15kg_"
"농산물","조미채소류","대파","1129038","대파(간편대파)","","2024년","간편대파(깐것)/0.5kg"
"농산물","조미채소류","대파","1129039","대파(간편대파)","","2024년","간편대파(깐것)/0.5kg/"
"농산물","조미채소류","대파","1129040","대파(깐것)","","2024년","대파(깐것)/0.5kg/"
"농산물","조미채소류","대파","1129041","대파(깐것)","","2024년","대파(깐것)/0.5kg_"
"농산물","조미채소류","대파","1129042","대파(깐것)","","2024년","대파(깐것)/0.5kg"
"농산물","조미채소류","대파","1129043","대파(흙)","","2024년","대파(흙)/0.5kg"
"농산물","조미채소류","대파","1129044","대파(흙)","","2024년","대파(흙)/0.5kg/"
"농산물","조미채소류","대파","1129045","대파(흙)","","2024년","대파(흙)/0.5kg_"
"농산물","엽경채류","양배추","1129046","양배추(피)","","2024년","양배추(피)/통"
"농산물","엽경채류","양배추","1129047","양배추(피)","","2024년","양배추(피)/통_"
"농산물","버섯류","건표고","1129048","건표고(쵸핑)","","2024","건표고(쵸핑)/0.1kg/"
"농산물","버섯류","건표고","1129049","건표고버섯","","2024","건표고버섯/0.1kg/"
"농산물","버섯류","건표고","1129050","건표고(쵸핑)","","2024","건표고(쵸핑)/0.1kg_"
"농산물","버섯류","건표고","1129051","건표고버섯","","2024","건표고버섯/0.1kg_"
"농산물","버섯류","건표고","1129052","건표고슬라이스","","2024","건표고 슬라이스/0.1kg_"
"농산물","버섯류","건표고","1129053","건표고(쵸핑)","","2024","건표고(쵸핑)/0.1kg_"
"농산물","버섯류","건표고","1129054","건표고버섯","","2024","건표고버섯/0.1kg_"
"농산물","엽경채류","양배추","1129055","양배추(깐것,1/2절단)","","2024","깐양배추(1/2절단)/개"
"농산물","양채류","샐러리","1129056","샐러리(줄기)","","2024년","샐러리(줄기)/0.5kg/"
"농산물","양채류","샐러리","1129057","샐러리(줄기)","","2024년","샐러리(줄기)/0.5kg_"
"농산물","과일류","포도(국내산)","1129073","청포도(샤인머스켓)","","2024","샤인머스켓(국내산)/1kg_"
"농산물","엽경채류","양배추","1129074","양배추(깐것,1/2절단)","","2024","깐양배추(1/2절단)/개_"
"농산물","과일류","오렌지(수입)","1129093","생오렌지","","","오렌지/대/수입산/240722_대체사입"
"농산물","과일류","오렌지(수입)","1129094","생오렌지","","","오렌지/생것/수입산/240722_대체사입"
"수산물","어류","갈치","1129113","갈치포","","별도표기","갈치 냉동(포) 절단,토막당 40g내외/수입산/1kg"
"농산물","과일류","포도(국내산)","1129133","포도(켐벨포도)","","당해년도","켐벨포도/1kg"
"농산물","과일류","포도(국내산)","1129134","청포도(샤인머스켓)","","2024","샤인머스켓(국내산)/1kg/"
"농산물","과일류","포도(국내산)","1129135","포도(켐벨)","","2024","켐벨포도(국내산)/1kg/"
"농산물","과일류","포도(국내산)","1129136","청포도(샤인머스켓)","","2024","샤인머스켓(국내산)/1kg"
"농산물","과일류","포도(국내산)","1129153","포도(켐벨)","","2024","켐벨포도(국내산)/1kg"
"농산물","과채류","가지","1129173","가지","","2024","가지/1kg/"
"농산물","조미채소류","양파","1129174","양파(깐것)","","2024","양파(깐것)/1kg"
"농산물","조미채소류","양파","1129175","양파(피)","","2024","양파(피)/1kg"
"농산물","엽경채류","붉은양배추","1129176","붉은양배추","","2024","붉은양배추/통/"
"농산물","과일류","포도(국내산)","1129177","포도","","2024","포도/1kg/"
"농산물","조미채소류","양파","1129193","양파(깐것)","","2024","양파(깐것)100g이하/1kg"
"농산물","버섯류","표고버섯","1129213","표고버섯(슬라이스)","","2024년","표고버섯(슬라이스)/0.3kg_"
"농산물","조미채소류","양파","1129214","깐양파","","2024년","깐양파(깍둑썰기_카레, 피클, 장아찌용)/1kg/"
"농산물","조미채소류","양파","1129215","깐양파","","2024년","깐양파(깍둑썰기_볶음, 찜용)/1kg_"
"농산물","조미채소류","양파","1129216","깐양파","","2023년","깐양파(깍둑썰기_카레, 피클, 장아찌용)/1kg/"
"농산물","조미채소류","양파","1129217","깐양파","","2023년","깐양파(깍둑썰기_카레, 피클, 장아찌용)/1kg_"
"농산물","조미채소류","양파","1129218","깐양파","","2023년","깐양파(깍둑썰기_볶음, 찜용)/1kg/"
"농산물","조미채소류","양파","1129219","양파(깐것)","","2024","양파(깐것)100g이하/1kg_"
"농산물","버섯류","건표고","1129220","건표고버섯","","2025","건표고버섯/0.1kg_"
"농산물","버섯류","양송이버섯","1129221","양송이버섯","","2025","양송이버섯(브라운)/0.3kg_"
"농산물","과일류","사과","1129222","사과(28-31)","","2024","사과(생과, 10kg 28-31과)/1kg_"
"농산물","과일류","사과","1129223","사과(32-36)","","2024","사과(생과, 10kg 32-36과)/1kg_"
"농산물","과일류","사과","1129224","사과(37-44)","","2024","사과(생과, 10kg 37-44과)/1kg_"
"농산물","과일류","사과","1129225","사과(45-50)","","2024","사과(생과, 10kg 45-50과)/1kg_"
"농산물","엽경채류","양배추","1129226","깐양배추","","2024년","깐양배추(나박썰기_짜장, 찜, 볶음용)/1kg/"
"농산물","엽경채류","양배추","1129227","깐양배추","","2024년","깐양배추(나박썰기_짜장, 찜, 볶음용)/1kg_"
"농산물","과일류","포도(국내산)","1129228","청포도(샤인머스켓)","","2024","샤인머스켓(국내산)/1kg//////"
"농산물","과일류","포도(샤인머스켓)","1129229","청포도(샤인머스켓)","","2024년","청포도(샤인머스켓)/1kg"
"농산물","과일류","포도(씨드레스)","1129230","포도(씨드레스)","","2024년","포도(씨드레스)/1kg/"
"농산물","과일류","포도(씨드레스)","1129231","포도(씨드레스)","","2024년","포도(씨드레스)/1kg_"
"농산물","과일류","포도(거봉)","1129232","포도(거봉)","","2024년","포도(거봉)/2kg_"
"농산물","버섯류","표고버섯","1129233","표고버섯(유기농)","","2024년","표고버섯(유기농)/0.3kg_"
"농산물","조미채소류","양파","1129234","깐양파","","2024년","깐양파(깍둑썰기_카레, 피클, 장아찌용)/1kg_"
"농산물","조미채소류","양파","1129235","깐양파","","2024년","깐양파(깍둑썰기_볶음, 찜용)/1kg/"
"농산물","조미채소류","양파","1129236","깐양파","","2023년","깐양파(깍둑썰기_볶음, 찜용)/1kg_"
"농산물","조미채소류","양파","1129237","양파(피)","","2024","양파(피)/1kg_"
"농산물","조미채소류","양파","1129238","양파(깐것)","","2024","양파(깐것)/1kg_"
"농산물","버섯류","건표고","1129239","건표고(쵸핑)","","2025","건표고(쵸핑)/0.1kg/"
"농산물","버섯류","건표고","1129240","건표고(쵸핑)","","2025","건표고(쵸핑)/0.1kg_"
"농산물","버섯류","건표고","1129241","건표고슬라이스","","2025","건표고 슬라이스/0.1kg/"
"농산물","버섯류","건표고","1129242","건표고슬라이스","","2025","건표고 슬라이스/0.1kg_"
"농산물","버섯류","건표고","1129243","건표고버섯","","2025","건표고버섯/0.1kg/"
"농산물","버섯류","양송이버섯","1129244","양송이버섯","","2025","양송이버섯(화이트)/0.3kg_"
"농산물","과일류","배","1129245","배(35-40)","","2023","배(35-40개/15kg 상자 기준)/1.5kg_"
"농산물","과일류","배","1129246","배(29-34)","","2023","배(29-34개/15kg 상자 기준)/1.5kg_"
"농산물","과일류","배","1129247","배(소스용)","","2024","배(소스용)/1kg/"
"농산물","과일류","배","1129248","배(소스용)","","2024","배(소스용)/1kg_"
"농산물","엽경채류","양배추","1129249","깐양배추","","2024년","깐양배추(채썰기_샐러드, 무침용)/1kg/"
"농산물","엽경채류","양배추","1129250","깐양배추","","2024년","깐양배추(채썰기_샐러드, 무침용)/1kg_"
"농산물","과일류","포도(국내산)","1129251","포도(켐벨)","","2024","켐벨포도(국내산)/1kg////////"
"농산물","과일류","포도(샤인머스켓)","1129252","청포도(샤인머스켓)","","2024년","청포도(샤인머스켓)/1kg/"
"농산물","과일류","포도(샤인머스켓)","1129253","청포도(샤인머스켓)","","2024년","청포도(샤인머스켓)/1kg_"
"농산물","과일류","포도(캠벨)","1129254","포도(켐벨)","","2024년","포도(켐벨)/1kg//"
"농산물","과일류","포도(캠벨)","1129255","포도(켐벨)","","2024년","포도(켐벨)/1kg__"
"농산물","과일류","포도(캠벨)","1129256","포도(켐벨)","","2024년","포도(켐벨)/1kg__"
"농산물","과일류","포도(캠벨)","1129257","포도(켐벨)","","2024년","포도(켐벨)/1kg//"
"농산물","과일류","포도(거봉)","1129258","포도(거봉)","","2024년","포도(거봉)/2kg/"
"농산물","과일류","포도(거봉)","1129259","포도(거봉)_유기농","","2024년","포도(거봉)_유기농/2kg_"
"농산물","서류","감자","1129260","깐감자","","2024","깐감자(깍둑썰기_카레, 짜장, 국용)/1kg/"
"농산물","서류","감자","1129261","깐감자","","2024","깐감자(깍둑썰기_카레, 짜장, 국용)/1kg"
"농산물","근채류","무","1129262","깐무","","2024년","깐무(나박썰기_국, 탕용)/1kg/"
"농산물","근채류","무","1129263","깐무","","2024년","깐무(깍둑썰기_깍두기, 치킨무용)/1kg/"
"농산물","근채류","무","1129264","깐무","","2024년","깐무(깍둑썰기_깍두기, 치킨무용)/1kg"
"농산물","근채류","무","1129265","깐무","","2024년","깐무(깍둑썰기_깍두기, 치킨무용)/1kg_"
"농산물","엽경채류","양배추","1129266","깐양배추","","2024년","깐양배추(나박썰기_짜장, 찜, 볶음용)/1kg"
"농산물","엽경채류","양배추","1129267","깐양배추","","2024년","깐양배추(나박썰기_짜장, 찜, 볶음용)/1kg_"
"농산물","엽경채류","양배추","1129268","깐양배추","","2024년","깐양배추(채썰기_샐러드, 무침용)/1kg"
"농산물","엽경채류","양배추","1129269","깐양배추","","2024년","깐양배추(채썰기_샐러드, 무침용)/1kg_"
"농산물","양채류","피망","1129270","피망","","2024","피망/청/2개들입"
"농산물","양채류","피망","1129271","피망","","2024","피망/청/2개들입_"
"농산물","엽경채류","붉은양배추","1129272","붉은양배추","","2024","붉은양배추/통_"
"농산물","과일류","포도(거봉)","1129273","포도(거봉)_유기농","","2024년","포도(거봉)_유기농/2kg"
"농산물","서류","감자","1129274","깐감자","","2024","깐감자(깍둑썰기_카레, 짜장, 국용)/1kg_"
"농산물","서류","감자","1129275","깐감자","","2024","깐감자(깍둑썰기_조림, 찜용)/1kg/"
"농산물","서류","감자","1129276","깐감자","","2024","깐감자(깍둑썰기_조림, 찜용)/1kg"
"농산물","서류","감자","1129277","깐감자","","2024","깐감자(깍둑썰기_조림, 찜용)/1kg_"
"농산물","근채류","무","1129278","깐무","","2024년","깐무(나박썰기_국, 탕용)/1kg"
"농산물","근채류","무","1129279","깐무","","2024년","깐무(나박썰기_국, 탕용)/1kg_"
"농산물","엽경채류","양배추","1129280","깐양배추","","2024년","깐양배추(나박썰기_짜장, 찜, 볶음용)/1kg/"
"농산물","엽경채류","양배추","1129281","깐양배추","","2024년","깐양배추(채썰기_샐러드, 무침용)/1kg/"
"농산물","양채류","파프리카","1129282","파프리카(녹색)","","2024","파프리카(녹색),착색양호한것/2개들입"
"농산물","양채류","파프리카","1129283","파프리카(녹색)","","2024","파프리카(녹색),착색양호한것/2개들입/"
"농산물","양채류","파프리카","1129284","파프리카(녹색)","","2024","파프리카(녹색),착색양호한것/2개들입_"
"농산물","양채류","피망","1129285","피망","","2024","피망/청/2개들입/"
"농산물","과채류","가지","1129286","가지","","2025","가지/2개입/0.3kg/"
"농산물","과채류","가지","1129287","가지","","2025","가지/2개입/0.3kg_"
"농산물","버섯류","표고버섯","1129288","표고버섯(유기농)","","2025","표고버섯(유기농)/0.3kg_"
"농산물","서류","감자","1129289","깐감자","","2024","깐감자(깍둑썰기_조림, 찜용)/1kg/"
"농산물","서류","감자","1129290","깐감자","","2024","깐감자(깍둑썰기_카레, 짜장, 국용)/1kg//"
"농산물","버섯류","양송이버섯","1129291","양송이버섯","","2024","양송이버섯(브라운)/0.3kg_"
"농산물","근채류","당근","1129292","당근(깐것)","","2024년","깐당근/1kg/"
"농산물","조미채소류","생강","1129293","생강(깐것)","","2024","생강(손깐것)/0.3kg_"
"농산물","버섯류","표고버섯","1129294","표고버섯(배지)","","2025","표고버섯(배지)/0.3kg_"
"농산물","버섯류","표고버섯","1129295","표고버섯(슬라이스)","","2025","표고버섯(슬라이스)/0.3kg_"
"농산물","서류","감자","1129296","깐감자","","2024","깐감자(깍둑썰기_조림, 찜용)/1kg_"
"농산물","서류","감자","1129297","깐감자","","2024","깐감자(깍둑썰기_카레, 짜장, 국용)/1kg_"
"농산물","조미채소류","양파","1129298","깐양파","","2024년","깐양파(깍둑썰기_볶음, 찜용)/1kg/"
"농산물","조미채소류","양파","1129299","깐양파","","2023년","깐양파(깍둑썰기_볶음, 찜용)/1kg_"
"농산물","조미채소류","양파","1129300","깐양파","","2024년","깐양파(깍둑썰기_카레, 피클, 장아찌용)/1kg//"
"농산물","조미채소류","양파","1129301","깐양파","","2023년","깐양파(깍둑썰기_카레, 피클, 장아찌용)/1kg_"
"농산물","근채류","당근","1129302","당근(깐것)","","2024년","깐당근/1kg_"
"농산물","근채류","당근","1129303","당근(흙)","","2024년","당근(흙)/1kg/"
"농산물","근채류","당근","1129304","당근(세척)","","2024년","세척당근/1kg/"
"농산물","근채류","당근","1129305","당근(세척)","","2024년","세척당근/1kg_"
"농산물","근채류","당근","1129306","깐당근","","2024년","깐당근(깍둑썰기_카레용)/1kg_"
"농산물","근채류","당근","1129307","깐당근","","2024년","깐당근(채썰기_잡채, 볶음, 무침용)/1kg//"
"농산물","근채류","당근","1129308","깐당근","","2024년","깐당근(채썰기_잡채, 볶음, 무침용)/1kg_"
"농산물","과일류","사과","1129309","사과(32-36)","","2024","사과(생과, 10kg 32-36과)/1kg/"
"농산물","과일류","사과","1129310","사과(32-36)","","2024","사과(생과, 10kg 32-36과)/1kg_"
"농산물","과일류","사과","1129311","사과(37-44)","","2024","사과(생과, 10kg 37-44과)/1kg/"
"농산물","과일류","사과","1129312","사과(45-50)","","2024","사과(생과, 10kg 45-50과)/1kg/"
"농산물","근채류","당근","1129313","당근(흙)","","2024년","당근(흙)/1kg_"
"농산물","근채류","당근","1129314","깐당근","","2024년","깐당근(깍둑썰기_카레용)/1kg//"
"농산물","과일류","사과","1129315","사과(28-31)","","2024","사과(생과, 10kg 28-31과)/1kg/"
"농산물","과일류","사과","1129316","사과(28-31)","","2024","사과(생과, 10kg 28-31과)/1kg_"
"농산물","과일류","사과","1129317","사과(37-44)","","2024","사과(생과, 10kg 37-44과)/1kg_"
"농산물","과일류","사과","1129318","사과(45-50)","","2024","사과(생과, 10kg 45-50과)/1kg_"
"농산물","서류","감자","1129319","깐감자","","2024","깐감자(깍둑썰기_조림, 찜용)/1kg/"
"농산물","서류","감자","1129320","깐감자","","2024","깐감자(깍둑썰기_카레, 짜장, 국용)/1kg/"
"농산물","서류","감자","1129321","깐감자","","2024","깐감자(깍둑썰기_카레, 짜장, 국용)/1kg_"
"농산물","근채류","당근","1129322","깐당근","","2024년","깐당근(깍둑썰기_카레용)/1kg/"
"농산물","근채류","당근","1129323","깐당근","","2024년","깐당근(채썰기_잡채, 볶음, 무침용)/1kg_"
"농산물","과일류","배","1129324","배(29-34)","","2024","배(29-34개/15kg 상자 기준)/1.5kg_"
"농산물","버섯류","새송이버섯","1129325","볶음새송이","","2024년","볶음새송이/0.3kg_"
"농산물","엽경채류","양배추","1129326","양배추(깐것)","","2024년","깐양배추/통/"
"농산물","엽경채류","양배추","1129327","양배추(피)","","2024년","양배추(피)/통/"
"농산물","엽경채류","양배추","1129328","양배추(깐것,1/2절단)","","2024","양배추(깐것,1/2절단)/개/"
"농산물","엽경채류","양배추","1129329","양배추(깐것,1/2절단)","","2024","양배추(깐것,1/2절단)/개_"
"농산물","엽경채류","양배추","1129330","깐양배추","","2024년","깐양배추(나박썰기_짜장, 찜, 볶음용)/1kg_"
"농산물","엽경채류","양배추","1129331","깐양배추","","2024년","깐양배추(채썰기_샐러드, 무침용)/1kg_"
"농산물","조미채소류","양파","1129332","양파(깐것)","","2024","양파(깐것)100g이하/1kg/"
"농산물","서류","감자","1129333","깐감자","","2024","깐감자(깍둑썰기_조림, 찜용)/1kg_"
"농산물","근채류","당근","1129334","깐당근","","2024년","깐당근(깍둑썰기_카레용)/1kg_"
"농산물","근채류","당근","1129335","깐당근","","2024년","깐당근(채썰기_잡채, 볶음, 무침용)/1kg/"
"농산물","과일류","배","1129336","배(35-40)","","2024","배(35-40개/15kg 상자 기준)/1.5kg_"
"농산물","과일류","배","1129337","배(소스용)","","2024","배(소스용)/1kg_"
"농산물","엽경채류","양배추","1129338","양배추(깐것)","","2024년","깐양배추/통_"
"농산물","엽경채류","양배추","1129339","양배추(피)","","2024년","양배추(피)/통_"
"농산물","엽경채류","양배추","1129340","깐양배추","","2024년","깐양배추(나박썰기_짜장, 찜, 볶음용)/1kg/"
"농산물","엽경채류","양배추","1129341","깐양배추","","2024년","깐양배추(채썰기_샐러드, 무침용)/1kg/"
"농산물","조미채소류","양파","1129342","깐양파","","2023년","깐양파(깍둑썰기_볶음, 찜용)/1kg_"
"농산물","버섯류","표고버섯","1129343","표고버섯(슬라이스)","","2024년","표고버섯(슬라이스)/0.3kg_"
"농산물","버섯류","표고버섯","1129344","표고버섯(유기농)","","2024년","표고버섯(유기농)/0.3kg_"
"농산물","조미채소류","양파","1129353","양파(깐것)","","2024","양파(깐것)100g이하/1kg_"
"농산물","조미채소류","양파","1129354","깐양파","","2023년","깐양파(깍둑썰기_카레, 피클, 장아찌용)/1kg/"
"농산물","조미채소류","양파","1129355","깐양파","","2023년","깐양파(깍둑썰기_카레, 피클, 장아찌용)/1kg_"
"농산물","조미채소류","양파","1129356","깐양파","","2023년","깐양파(깍둑썰기_볶음, 찜용)/1kg/"
"가공식품","농산물가공식품","옥수수가공품","1129373","옥수수/푸르원","농업회사법인㈜푸르원","2023년","흑찰옥수수(40g)/무농약/1kg"
"농산물","과일류","포도(씨드레스)","1129374","포도(씨드레스)","","2024년","포도(씨드레스)//1kg"
"가공식품","농산물가공식품","옥수수가공품","1129393","옥수수/푸르원","농업회사법인㈜푸르원","2023년","흑찰옥수수(60g)/무농약/1kg"
"농산물","조미채소류","생강","1129413","생강(깐것)","","2024","생강(손깐것)/0.3kg"
"가공식품","농산물가공식품","애플망고","1129433","조각망고/골든골드","㈜골든골드","2024년","애플생망고(25g, 조각과일)/수입산/2kg"
"가공식품","농산물가공식품","애플망고","1129434","조각망고/골든골드","㈜골든골드","2024년","애플생망고(30g, 조각과일)/수입산/2kg"
"가공식품","농산물가공식품","사과가공품","1129435","한입사과/푸르원","농업회사법인㈜푸르원","2024년","한입사과45g/1kg"
"가공식품","농산물가공식품","사과가공품","1129436","한입사과/푸르원","농업회사법인㈜푸르원","2024년","한입사과50g/1kg"
"가공식품","농산물가공식품","토란","1129437","토란/하늘농가","하늘농가","당해년도","깐알토란/0.3kg"
"가공식품","농산물가공식품","토란","1129438","토란/하늘농가","하늘농가","당해년도","깐알토란(채)/0.3kg"
"농산물","과일류","배","1129439","배","","2023년","배/소스용/25내/1kg"
"축산물","가금류","닭고기","1129440","닭고기/가슴살(껍질무)/올품","주식회사 올품","2024년","닭고기/무항생제/가슴살(껍질무)/뼈없음/카레용(2㎝×2㎝),조각당10g내외/500g"
"축산물","가금류","닭고기","1129441","닭고기/안심/올품","주식회사 올품","2024년","닭고기/무항생제/안심/뼈없음/볶음밥용(1㎝×1㎝)/500g"
"축산물","가금류","닭고기","1129442","닭고기/정육(껍질유)/올품","주식회사 올품","2024년","닭고기/무항생제/정육(껍질유)/뼈없음/카레용(2㎝×2㎝), 조각당10g내외/500g"
"축산물","가금류","닭고기","1129443","닭고기/통닭(껍질유)/올품","주식회사 올품","2024년","닭고기/무항생제/통닭(껍질유)/뼈있음/11호(정선작업)/1수 포장/1kg"
"축산물","가금류","닭고기","1129444","닭고기/정육(껍질무)/올품","주식회사 올품","2024년","닭고기/무항생제/정육(껍질무)/뼈없음/카레용(2㎝×2㎝), 조각당10g내외/500g"
"축산물","가금류","닭고기","1129445","닭고기/통닭1/2각(껍질유)/올품","주식회사 올품","2024년","닭고기/무항생제/통닭1/2각(껍질유)/뼈있음/11호(정선작업)/1수 포장/1kg"
"축산물","가금류","닭고기","1129446","닭고기/절단육(껍질무)/올품","주식회사 올품","2024년","닭고기/무항생제/절단육(껍질무)/뼈있음/조각당 30g내외/1kg"
"축산물","가금류","닭고기","1129447","닭고기/통닭(껍질무)/올품","주식회사 올품","2024년","닭고기/무항생제/통닭(껍질무)/뼈있음/12호(정선작업)/1수 포장/1kg"
"축산물","가금류","닭고기","1129448","닭고기/통닭1/2각(껍질무)/올품","주식회사 올품","2024년","닭고기/무항생제/통닭1/2각(껍질무)/뼈있음/12호(정선작업)/1수 포장/1kg"
"축산물","가금류","닭고기","1129449","닭고기/가슴살(껍질무)/올품","주식회사 올품","2024년","닭고기/무항생제/가슴살(껍질무)/뼈없음/덩어리/1kg"
"축산물","가금류","닭고기","1129450","닭고기/가슴살(껍질무)/올품","주식회사 올품","2024년","닭고기/무항생제/가슴살(껍질무)/뼈없음/카레용(2㎝×2㎝),조각당10g내외/1kg"
"축산물","가금류","닭고기","1129451","닭고기/안심/올품","주식회사 올품","2024년","닭고기/무항생제/안심/뼈없음/덩어리/1kg"
"축산물","가금류","닭고기","1129452","닭고기/안심/올품","주식회사 올품","2024년","닭고기/무항생제/안심/뼈없음/볶음밥용(1㎝×1㎝)/1kg"
"가공식품","농산물가공식품","애플망고","1129453","조각망고/골든골드","㈜골든골드","2024년","애플생망고(40g, 조각과일)/수입산/2kg"
"가공식품","농산물가공식품","애플망고","1129454","조각망고/골든골드","㈜골든골드","2024년","애플생망고(샐러드용)/수입산/2kg"
"가공식품","농산물가공식품","사과가공품","1129455","한입사과/푸르원","농업회사법인㈜푸르원","2024년","한입사과55g/1kg"
"가공식품","농산물가공식품","대추가공품","1129456","대추/푸르원","농업회사법인㈜푸르원","2024년","대추특초/0.5kg"
"가공식품","농산물가공식품","방울토마토가공품","1129457","방울토마토/푸르원","농업회사법인㈜푸르원","2024년","감동마토(스테비아방울토마토)/0.5kg"
"가공식품","농산물가공식품","잣","1129458","깐잣/푸르원","농업회사법인㈜푸르원","당해년도","깐잣/0.5kg"
"가공식품","농산물가공식품","당귀","1129459","당귀/푸르원","농업회사법인㈜푸르원","당해년도","당귀/0.5kg"
"가공식품","농산물가공식품","호두","1129460","깐호두/푸르원","농업회사법인㈜푸르원","당해년도","깐호두/0.5kg"
"가공식품","농산물가공식품","대추가공품","1129461","대추/푸르원","농업회사법인㈜푸르원","2024년","대추채/0.5kg"
"가공식품","농산물가공식품","대추가공품","1129462","대추/푸르원","농업회사법인㈜푸르원","2024년","씨제거대추/0.5kg"
"가공식품","농산물가공식품","토란","1129463","토란/청채마루","","2025","깐알토란/유기농/0.3kg"
"가공식품","농산물가공식품","토란","1129464","토란/하늘촌","","당해년도","깐알토란/1kg"
"농산물","과일류","배","1129465","배","","당해년도","배/소스용/25내/1kg"
"축산물","가금류","닭고기","1129473","닭고기/정육(껍질유)/올품","주식회사 올품","2024년","닭고기/무항생제/정육(껍질유)/뼈없음/덩어리/1kg"
"축산물","가금류","닭고기","1129474","닭고기/정육(껍질유)/올품","주식회사 올품","2024년","닭고기/무항생제/정육(껍질유)/뼈없음/카레용(2㎝×2㎝), 조각당10g내외/1kg"
"축산물","가금류","닭고기","1129475","닭고기/정육(껍질무)/올품","주식회사 올품","2024년","닭고기/무항생제/정육(껍질무)/뼈없음/덩어리/1kg"
"축산물","가금류","닭고기","1129476","닭고기/정육(껍질무)/올품","주식회사 올품","2024년","닭고기/무항생제/정육(껍질무)/뼈없음/카레용(2㎝×2㎝), 조각당10g내외/1kg"
"가공식품","농산물가공식품","두부","1129493","두부/기린원당농협","","2024년","두부(부침용300g,농협)"
"가공식품","농산물가공식품","두부","1129494","두부/기린원당농협","","2024년","두부(찌개용300g,농협)"
"가공식품","농산물가공식품","두부","1129495","두부/기린원당농협","","2024년","두부(부침/찌개용500g,농협)"
"가공식품","농산물가공식품","고춧가루","1129513","고춧가루/영양고추공사","","2024년","빛깔찬 고춧가루 1kg 보통맛"
"가공식품","농산물가공식품","감자전분","1129533","감자전분/류씨네","","당해년도","감자전분(1kg)"
"가공식품","농산물가공식품","고구마전분","1129534","고구마전분/류씨네","","당해년도","고구마전분(1kg)"
"가공식품","농산물가공식품","고춧가루","1129535","고춧가루/류씨네","","당해년도","류씨네 고춧가루(1kg) 보통맛 굵은입자"
"가공식품","농산물가공식품","고춧가루","1129536","고춧가루/류씨네","","당해년도","류씨네 고춧가루(1kg) 순한맛 중간입자"
"가공식품","농산물가공식품","고춧가루","1129537","고춧가루/류씨네","","당해년도","류씨네 고춧가루(1kg) 순한맛 고운입자"
"가공식품","농산물가공식품","들깨가루","1129538","들깨가루/류씨네","","해당년도","형제참들깨가루(무거피, 500g)"
"가공식품","농산물가공식품","들깨가루","1129539","들깨가루/류씨네","","해당년도","류씨네 탈피한들깨가루 플러스(거피, 500g)"
"가공식품","농산물가공식품","들깨가루","1129540","들깨가루/류씨네","","해당년도","류씨네 탈피한들깨가루(거피, 500g)/수입산"
"가공식품","농산물가공식품","참기름","1129541","참기름/류씨네","","당해년도","형제참기름(500ml)"
"가공식품","농산물가공식품","찹쌀가루","1129542","찹쌀가루/류씨네","","당해년도","찹쌀가루(1kg)"
"가공식품","농산물가공식품","참깨","1129543","참깨/류씨네","","해당년도","류씨네 볶음통깨(500g)"
"가공식품","농산물가공식품","참깨","1129544","참깨/류씨네","","해당년도","류씨네 거피 볶음통깨(500g)/수입산"
"가공식품","농산물가공식품","참깨","1129545","참깨/류씨네","","해당년도","볶음통깨(500g)/수입산"
"가공식품","농산물가공식품","고춧가루","1129553","고춧가루/류씨네","","당해년도","류씨네 고춧가루(1kg) 보통맛 중간입자"
"가공식품","농산물가공식품","고춧가루","1129554","고춧가루/류씨네","","당해년도","류씨네 고춧가루(1kg) 보통맛 고운입자"
"가공식품","농산물가공식품","고춧가루","1129555","고춧가루/류씨네","","당해년도","류씨네 고춧가루(1kg) 순한맛 굵은입자"
"가공식품","농산물가공식품","들기름","1129556","들기름/류씨네","","당해년도","형제들기름(500ml)"
"가공식품","농산물가공식품","들깨가루","1129557","들깨가루/류씨네","","해당년도","들깨가루(무거피, 500g)/수입산"
"가공식품","농산물가공식품","들기름","1129558","들기름/류씨네","","당해년도","류씨네참조은들기름(500ml)/수입산"
"가공식품","농산물가공식품","참기름","1129559","참기름/류씨네","","당해년도","류씨네고소한참기름(500ml)/수입산"
"가공식품","농산물가공식품","참깨","1129560","참깨/류씨네","","해당년도","류씨네 거피 볶음통깨 플러스(500g)"
"가공식품","농산물가공식품","고춧가루","1129573","고춧가루/영양고추공사","","2024년","빛깔찬 고춧가루 500g 보통맛"
"가공식품","농산물가공식품","건크렌베리","1129574","건크렌베리/미웰","","2024년","건크렌베리/수입산/0.5kg"
"가공식품","농산물가공식품","견과류기타","1129575","견과류/미웰","","2023년","로스티드피넛/수입산/0.5kg"
"가공식품","농산물가공식품","견과류기타","1129576","견과류기타/미웰","","2024년","아몬드분말/수입산/0.5kg"
"가공식품","농산물가공식품","계피","1129577","계피/미웰","","2024년","계피가루/수입산/0.2kg"
"가공식품","농산물가공식품","대추가공품","1129578","대추/미웰","","2024년","대추원편/수입산/0.5kg"
"가공식품","농산물가공식품","땅콩","1129579","땅콩/미웰","","2024년","볶음땅콩반태/수입산/0.5kg"
"가공식품","농산물가공식품","망고","1129580","망고/미웰","","2023년","건망고말랭이/수입산/0.5kg"
"가공식품","농산물가공식품","정향","1129581","정향/미웰","","2024년","정향(말린 것)/수입산/0.2kg"
"가공식품","농산물가공식품","정향","1129582","정향/미웰","","2024년","정향가루/수입산/0.2kg"
"가공식품","농산물가공식품","팔각","1129583","팔각/미웰","","2024년","팔각향/수입산/0.2kg"
"가공식품","농산물가공식품","해바라기씨","1129584","해바라기씨/미웰","","2024년","해바라기씨(볶음)/수입산/0.5kg"
"가공식품","농산물가공식품","건목이버섯","1129585","건목이버섯/미웰","","2024년","건목이버섯/수입산/0.2kg"
"가공식품","농산물가공식품","건표고가공품","1129586","건표고/미웰","","2024년","건표고 슬라이스/수입산/0.2kg"
"가공식품","농산물가공식품","건표고가공품","1129587","건표고/미웰","","2024년","건표고버섯/수입산/0.2kg"
"가공식품","농산물가공식품","견과류기타","1129588","견과류/미웰","","2023년","브라질너트/수입산/0.5kg"
"가공식품","농산물가공식품","견과류기타","1129589","견과류/미웰","","2023년","피스타치오/수입산/0.5kg"
"가공식품","농산물가공식품","견과류기타","1129590","견과류/미웰","","2023년","견과류믹서(5종/샐러드용)/수입산/0.5kg"
"가공식품","농산물가공식품","견과류믹서","1129591","견과류믹서/미웰","","2024년","견과류믹서(5종/샐러드용)/수입산/0.5kg"
"가공식품","농산물가공식품","견과류믹서","1129592","견과류믹서/미웰","","2024년","견과류믹서(6종/샐러드용)/수입산/0.5kg"
"가공식품","농산물가공식품","감초","1129593","감초/미웰","","2024년","감초/수입산/0.3kg"
"가공식품","농산물가공식품","건블루베리","1129594","건블루베리/미웰","","2024년","건블루베리/수입산/0.5kg"
"가공식품","농산물가공식품","건포도","1129595","건포도/미웰","","2024년","건포도/수입산/0.5kg"
"가공식품","농산물가공식품","땅콩","1129596","땅콩/미웰","","2024년","볶음땅콩분태/수입산/0.5kg"
"가공식품","농산물가공식품","망고","1129597","망고/미웰","","2023년","건망고(슬라이스)/수입산/0.5kg"
"가공식품","농산물가공식품","바나나가공품","1129598","바나나/미웰","","2023년","건바나나칩/수입산/0.5kg"
"가공식품","농산물가공식품","산초","1129599","산초/미웰","","2024년","산초가루/수입산/0.3kg"
"가공식품","농산물가공식품","아몬드","1129600","아몬드/미웰","","2024년","볶음아몬드/수입산/0.5kg"
"가공식품","농산물가공식품","아몬드","1129601","아몬드/미웰","","2024년","아몬드슬라이스/수입산/0.5kg"
"가공식품","농산물가공식품","케쉬넛","1129602","케쉬넛/미웰","","2024년","케슈넛(볶음)/수입산/0.5kg"
"가공식품","농산물가공식품","호박씨","1129603","호박씨/미웰","","2024년","호박씨(볶음)/수입산/0.5kg"
"가공식품","농산물가공식품","견과류기타","1129613","견과류/미웰","","2023년","마카다미아/수입산/0.5kg"
"가공식품","농산물가공식품","견과류기타","1129614","견과류/미웰","","2023년","피스타치오(탈각)/수입산/0.5kg"
"가공식품","농산물가공식품","견과류믹서","1129615","견과류믹서/미웰","","2024년","견과류믹서(5종/조림용)/수입산/0.5kg"
"가공식품","농산물가공식품","고추가공품","1129616","고추/미웰","","2024년","베트남고추/수입산/0.2kg"
"가공식품","농산물가공식품","구기자","1129617","구기자/미웰","","2024년","구기자/수입산/0.5kg"
"가공식품","농산물가공식품","아몬드","1129618","아몬드/미웰","","2024년","생아몬드/수입산/0.5kg"
"가공식품","농산물가공식품","월계수잎","1129619","월계수잎/미웰","","2024년","월계수잎/수입산/0.2kg"
"가공식품","농산물가공식품","케쉬넛","1129620","케쉬넛/미웰","","2024년","케슈넛/수입산/0.5kg"
"가공식품","농산물가공식품","파슬리가공품","1129621","파슬리/미웰","","2024년","파슬리후레이크/수입산/0.2kg"
"가공식품","농산물가공식품","해바라기씨","1129622","해바라기씨/미웰","","2024년","해바라기씨/수입산/0.5kg"
"가공식품","농산물가공식품","호두","1129623","호두/미웰","","2024년","호두살(1/16,수입)/수입산/0.5kg"
"가공식품","농산물가공식품","호두","1129624","호두/미웰","","2024년","호두살(1/2,수입)/수입산/0.5kg"
"가공식품","농산물가공식품","호박씨","1129625","호박씨/미웰","","2024년","호박씨/수입산/0.5kg"
"가공식품","농산물가공식품","건목이버섯","1129626","건목이버섯/미웰","","2024년","건목이버섯/0.2kg"
"가공식품","농산물가공식품","건표고가공품","1129627","건표고/미웰","","2024년","건표고 슬라이스/0.2kg"
"가공식품","농산물가공식품","건표고가공품","1129628","건표고/미웰","","2024년","건표고 슬라이스(친환경)/무농약/0.2kg"
"가공식품","농산물가공식품","건표고가공품","1129629","건표고/미웰","","2024년","건표고버섯(동고)/0.2kg"
"가공식품","농산물가공식품","건표고가공품","1129630","건표고/미웰","","2024년","건표고버섯(향고)/0.2kg"
"가공식품","농산물가공식품","건표고가공품","1129631","건표고/미웰","","2024년","건표고버섯깍둑/0.2kg"
"가공식품","농산물가공식품","건표고가공품","1129632","건표고/미웰","","2024년","건표고버섯분말/0.2kg"
"가공식품","농산물가공식품","견과류믹서","1129633","견과류믹서/미웰","","2024년","견과류믹서(6종/조림용)/수입산/0.5kg"
"가공식품","농산물가공식품","견과류믹서","1129634","견과류믹서/미웰","","2024년","견과류믹서(7종/조림용)/수입산/0.5kg"
"가공식품","농산물가공식품","계피","1129635","계피/미웰","","2024년","통계피/수입산/0.2kg"
"가공식품","농산물가공식품","무화과가공품","1129636","무화과/미웰","","2023년","반건조 떡무화과/수입산/0.5kg"
"가공식품","농산물가공식품","살구가공품","1129637","살구/미웰","","2024","건살구/수입산/0.5kg"
"가공식품","농산물가공식품","오미자","1129638","오미자/미웰","","2024년","오미자/수입산/0.5kg"
"가공식품","농산물가공식품","피칸","1129639","피칸/미웰","","2024년","피칸/수입산/0.5kg"
"가공식품","농산물가공식품","호두","1129640","호두/미웰","","2024년","호두살(1/4,수입)/수입산/0.5kg"
"가공식품","농산물가공식품","가시오가피","1129641","가시오가피/미웰","","2024년","가시오가피/0.3kg"
"가공식품","농산물가공식품","감초","1129642","감초/미웰","","2024년","감초/0.3kg"
"가공식품","농산물가공식품","건표고가공품","1129643","건표고/미웰","","2024년","건표고버섯(친환경)/무농약/0.2kg"
"가공식품","농산물가공식품","건표고가공품","1129644","건표고/미웰","","2024년","건표고버섯깍둑(친환경)/무농약/0.2kg"
"가공식품","농산물가공식품","고추가공품","1129645","고추/미웰","","2024년","건청양고추/0.2kg"
"가공식품","농산물가공식품","고추가공품","1129646","고추/미웰","","2024년","건홍고추/0.2kg"
"가공식품","농산물가공식품","고추가공품","1129647","고추/미웰","","2024년","고추씨/0.5kg"
"가공식품","농산물가공식품","고추가공품","1129648","고추/미웰","","2024년","실고추/0.2kg"
"가공식품","농산물가공식품","당귀","1129649","당귀/미웰","","2024년","당귀/0.2kg"
"가공식품","농산물가공식품","대추가공품","1129650","대추/미웰","","2024년","건대추(상초)/0.3kg"
"가공식품","농산물가공식품","대추가공품","1129651","대추/미웰","","2024년","씨제거대추/0.3kg"
"가공식품","농산물가공식품","땅콩","1129652","땅콩/미웰","","2024년","볶음땅콩반태/0.5kg"
"가공식품","농산물가공식품","고추가공품","1129653","고추/미웰","","2024년","건홍고추(꼭지제거)/0.2kg"
"가공식품","농산물가공식품","구기자","1129654","구기자/미웰","","2024년","구기자/0.5kg"
"가공식품","농산물가공식품","대추가공품","1129655","대추/미웰","","2024년","건대추(특초)/0.3kg"
"가공식품","농산물가공식품","대추가공품","1129656","대추/미웰","","2024년","대추채/0.3kg"
"가공식품","농산물가공식품","땅콩","1129657","땅콩/미웰","","2024년","깐알땅콩/0.5kg"
"가공식품","농산물가공식품","땅콩","1129658","땅콩/미웰","","2024년","생땅콩/0.5kg"
"가공식품","농산물가공식품","밤가공품","1129659","밤/미웰","","2024년","생율/0.5kg"
"가공식품","농산물가공식품","밤가공품","1129660","밤/미웰","","2024년","생율깍둑/0.5kg"
"가공식품","농산물가공식품","삼","1129661","삼/미웰","","2024년","수삼(3년근)/0.2kg"
"가공식품","농산물가공식품","삼","1129662","삼/미웰","","2024년","수삼(4년근)/0.2kg"
"가공식품","농산물가공식품","삼","1129663","삼/미웰","","2024년","수삼(5년근)/0.2kg"
"가공식품","농산물가공식품","삼","1129664","삼/미웰","","2024년","수삼(세척, 5년근)/0.2kg"
"가공식품","농산물가공식품","엄나무","1129665","엄나무/미웰","","2024년","엄나무/0.3kg"
"가공식품","농산물가공식품","엄나무","1129666","엄나무/미웰","","2024년","엄나무(편)/0.3kg"
"가공식품","농산물가공식품","호두","1129667","호두/미웰","","2024년","호두1/4~1/16조각/0.3kg"
"가공식품","농산물가공식품","땅콩","1129673","땅콩/미웰","","2024년","볶음땅콩조각(분태)/0.5kg"
"가공식품","농산물가공식품","산초","1129674","산초/미웰","","2024년","산초가루/0.3kg"
"가공식품","농산물가공식품","삼","1129675","삼/미웰","","2023년","수삼(세척, 3년근)/0.2kg"
"가공식품","농산물가공식품","삼","1129676","삼/미웰","","2024년","수삼(세척, 4년근)/0.2kg"
"가공식품","농산물가공식품","오미자","1129677","오미자/미웰","","2024년","오미자/0.5kg"
"가공식품","농산물가공식품","은행","1129678","은행/미웰","","2024년","은행(속피제거)/0.3kg"
"가공식품","농산물가공식품","잣","1129679","잣/미웰","","2024년","잣/0.2kg"
"가공식품","농산물가공식품","잣","1129680","잣/미웰","","2024년","잣(친환경)/무농약/0.2kg"
"가공식품","농산물가공식품","호두","1129681","호두/미웰","","2024년","호두1/2조각(반태)/0.3kg"
"가공식품","농산물가공식품","황기","1129682","황기/미웰","","2024년","황기/0.2kg"
"가공식품","농산물가공식품","견과류기타","1129693","견과류기타/미웰","","2024년","로스티드피넛/수입산/0.5kg"
"가공식품","농산물가공식품","견과류기타","1129694","견과류기타/미웰","","2024년","마카다미아/수입산/0.3kg"
"가공식품","농산물가공식품","견과류기타","1129695","견과류기타/미웰","","2024년","브라질너트/수입산/0.3kg"
"가공식품","농산물가공식품","견과류기타","1129696","견과류기타/미웰","","2024년","피스타치오/수입산/0.5kg"
"가공식품","농산물가공식품","고춧가루","1129697","고춧가루/영양고추공사","","2024년","빛깔찬 고춧가루 500g//"
"가공식품","농산물가공식품","고춧가루","1129698","고춧가루/영양고추공사/","1","2024년","빛깔찬 고춧가루 500g///"
"가공식품","농산물가공식품","고춧가루","1129699","고춧가루/영양고추공사","","2024년","빛깔찬 고춧가루 1.5"
"가공식품","농산물가공식품","견과류기타","1129713","견과류기타/미웰","","2024년","피스타치오(탈각)/수입산/0.5kg"
"가공식품","농산물가공식품","고춧가루","1129714","고춧가루/영양고추공사","","2024년","빛깔찬 고춧가루 500g/"
"가공식품","농산물가공식품","고춧가루","1129715","고춧가루/영양고추공사.","1","2024년","빛깔찬 고춧가루 15"
"가공식품","농산물가공식품","견과류믹서","1129716","견과류믹서/미웰","","2024년","견과류믹서(7종/샐러드용)/수입산/0.5kg"
"농산물","조미채소류","양파","1129717","깐양파","","2024년","깐양파(깍둑썰기_볶음, 찜용)/1kg//"
"농산물","근채류","당근","1129718","깐당근","","2024년","깐당근(채썰기_잡채, 볶음, 무침용)/1kg//"
"가공식품","농산물가공식품","두부","1129719","두부/기린원당농협","","2024년","두부(부침용3kg,농협)"
"가공식품","농산물가공식품","순두부","1129720","순두부/기린원당농협","","2024년","순두부(1kg,농협)"
"농산물","서류","감자","1129733","깐감자","","2024","깐감자(깍둑썰기_조림, 찜용)/1kg//"
"농산물","서류","감자","1129734","깐감자","","2024","깐감자(깍둑썰기_카레, 짜장, 국용)/1kg//"
"농산물","조미채소류","양파","1129753","깐양파","","2024년","깐양파(깍둑썰기_카레, 피클, 장아찌용)/1kg//"
"농산물","근채류","당근","1129754","깐당근","","2024년","깐당근(깍둑썰기_카레용)/1kg//"
"가공식품","농산물가공식품","두부","1129773","두부/기린원당농협","","2024년","두부(찌개용3kg,농협)"
"가공식품","농산물가공식품","순두부","1129774","순두부/기린원당농협","","2024년","순두부(350g,농협)"
"가공식품","농산물가공식품","연두부","1129793","연두부/기린원당농협","","2024년","연두부(125g,농협)"
"농산물","서류","감자","1129813","깐감자","","2024","깐감자(깍둑썰기_카레, 짜장, 국용)/1kg/"
"농산물","조미채소류","양파","1129814","깐양파","","2024년","깐양파(깍둑썰기_카레, 피클, 장아찌용)/1kg/"
"농산물","근채류","당근","1129815","깐당근","","2024년","깐당근(깍둑썰기_카레용)/1kg/"
"농산물","근채류","당근","1129816","깐당근","","2024년","깐당근(채썰기_잡채, 볶음, 무침용)/1kg/"
"농산물","과일류","포도(씨드레스)","1129833","포도(씨드레스)","","2024년","포도(씨드레스)/1kg"
"가공식품","농산물가공식품","두부","1129834","두부/안동농협","","당해년도","두부(부침용, 1모 500g)/무농약/0.5kg//"
"가공식품","농산물가공식품","두부","1129835","두부/안동농협","","당해년도","두부(부침용, 1모 500g)/무농약/0.5kg"
"농산물","과일류","포도(캠벨)","1129836","포도(켐벨)","","2024년","포도(켐벨)/1kg/"
"농산물","과일류","포도(캠벨)","1129853","포도(켐벨)","","2024년","포도(켐벨)/1kg_"
"농산물","과일류","포도(캠벨)","1129854","포도(켐벨)","","2024년","포도(켐벨)/1kg/"
"농산물","과일류","포도(캠벨)","1129873","포도(켐벨)","","2024년","포도(켐벨)/1kg_"
"농산물","근채류","무","1129893","깐무","","2024년","깐무(나박썰기_국, 탕용)/1kg///"
"농산물","엽경채류","양배추","1129894","깐양배추","","2024년","깐양배추(채썰기_샐러드, 무침용)/1kg//"
"농산물","근채류","무","1129913","깐무","","2024년","깐무(깍둑썰기_깍두기, 치킨무용)/1kg///"
"농산물","엽경채류","양배추","1129914","깐양배추","","2024년","깐양배추(나박썰기_짜장, 찜, 볶음용)/1kg//"
"농산물","과일류","대추","1129915","대추","","2024","생대추(배식용, 9.1~12g)/0.2kg"
"농산물","과일류","대추","1129916","대추","","2024","생대추(배식용, 9.1~12g)/0.2kg_"
"농산물","과일류","배","1129917","배(18-23개)","","2024","배(18-23개/15kg 상자 기준)/1.5kg/"
"농산물","과일류","배","1129918","배(24-28개)","","2024","배(24-28개/15kg 상자 기준)/1.5kg_"
"농산물","과일류","배","1129919","배(24-28)","","2023","배(24-28개/15kg 상자 기준)/1.5kg_"
"농산물","과일류","감귤","1129920","감귤(하우스/140내/10k)","","2024","하우스감귤,63-82g/개(140내/10k)/1kg/"
"농산물","서류","감자","1129921","깐감자","","2024","깐감자(깍둑썰기_조림, 찜용)/1kg_/"
"농산물","근채류","무","1129922","깐무","","2024년","깐무(깍둑썰기_깍두기, 치킨무용)/1kg_/"
"농산물","엽경채류","양배추","1129923","깐양배추","","2024년","깐양배추(채썰기_샐러드, 무침용)/1kg_/"
"축산물","가금류","닭고기","1129933","닭고기/닭목살/하림","","해당년도","닭고기/닭목살/뼈없음/다용도/덩어리/1kg"
"농산물","과일류","대추","1129934","대추","","2024","생대추(배식용, 7.5~9g)/0.2kg"
"농산물","과일류","대추","1129935","대추","","2024","생대추(배식용, 7.5~9g)/0.2kg_"
"농산물","과일류","배","1129936","배(18-23개)","","2024","배(18-23개/15kg 상자 기준)/1.5kg_"
"농산물","과일류","배","1129937","배(24-28개)","","2024","배(24-28개/15kg 상자 기준)/1.5kg/"
"농산물","과일류","배","1129938","배(29-34개)","","2024","배(29-34개/15kg 상자 기준)/1.5kg/"
"농산물","과일류","배","1129939","배(29-34개)","","2024","배(29-34개/15kg 상자 기준)/1.5kg_"
"농산물","과일류","배","1129940","배(35-40개)","","2024","배(35-40개/15kg 상자 기준)/1.5kg/"
"농산물","과일류","배","1129941","배(35-40개)","","2024","배(35-40개/15kg 상자 기준)/1.5kg_"
"농산물","과일류","배","1129942","배(소스용)","","2024","배(소스용)/1kg/"
"농산물","과일류","배","1129943","배(소스용)","","2024","배(소스용)/1kg_"
"농산물","과일류","배","1129944","배(18-23)","","2023","배(18-23개/15kg 상자 기준)/1.5kg_"
"농산물","과일류","감귤","1129945","감귤(하우스/105내/10k)","","2024","하우스감귤,83-106g/개(105내/10k)/1kg/"
"농산물","과일류","감귤","1129946","감귤(하우스/77내/10k)","","2024","하우스감귤,124-135g/개(77내/10k)/1kg/"
"농산물","과일류","감귤","1129947","감귤(하우스/87내/10k)","","2024","하우스감귤,107-123g/개(87내/10k)/1kg/"
"농산물","과일류","감귤","1129948","감귤(노지/172내/10k)","","2024","노지감귤,53-62g/개(172내/10k)/1kg_"
"농산물","과일류","감귤","1129949","감귤(노지/140내/10k)","","2024","노지감귤,63-82g/개(140내/10k)/1kg_"
"농산물","과일류","감귤","1129950","감귤(노지/105내/10k)","","2024","노지감귤,83-106g/개(105내/10k)/1kg_"
"농산물","과일류","감귤","1129951","감귤(노지/87내/10k)","","2024","노지감귤,107-123g/개(87내/10k)/1kg_"
"농산물","과일류","감귤","1129952","감귤(노지/77내/10k)","","2024","노지감귤,124-135g/개(77내/10k)/1kg_"
"농산물","과일류","감귤","1129953","감귤(하우스/140내/10k)","","2024","하우스감귤,63-82g/개(140내/10k)/1kg_"
"농산물","과일류","감귤","1129954","감귤(하우스/105내/10k)","","2024","하우스감귤,83-106g/개(105내/10k)/1kg_"
"농산물","과일류","감귤","1129955","감귤(하우스/87내/10k)","","2024","하우스감귤,107-123g/개(87내/10k)/1kg_"
"농산물","과일류","감귤","1129956","감귤(하우스/77내/10k)","","2024","하우스감귤,124-135g/개(77내/10k)/1kg_"
"농산물","서류","감자","1129957","깐감자","","2024","깐감자(깍둑썰기_카레, 짜장, 국용)/1kg_/"
"농산물","조미채소류","양파","1129958","깐양파","","2024년","깐양파(깍둑썰기_카레, 피클, 장아찌용)/1kg_/"
"농산물","조미채소류","양파","1129959","깐양파","","2024년","깐양파(깍둑썰기_볶음, 찜용)/1kg_/"
"농산물","근채류","당근","1129960","깐당근","","2024년","깐당근(깍둑썰기_카레용)/1kg_/"
"농산물","근채류","당근","1129961","깐당근","","2024년","깐당근(채썰기_잡채, 볶음, 무침용)/1kg_/"
"농산물","근채류","무","1129962","깐무","","2024년","깐무(나박썰기_국, 탕용)/1kg_/"
"농산물","엽경채류","양배추","1129963","깐양배추","","2024년","깐양배추(나박썰기_짜장, 찜, 볶음용)/1kg_/"
"농산물","과일류","사과","1129964","사과","","","사과/240913_시설급추가"
"가공식품","농산물가공식품","고춧가루","1129973","고춧가루/류씨네","","당해년도","류씨네 고춧가루(국산) 500g, 고운입자"
"가공식품","농산물가공식품","고춧가루","1129974","고춧가루/류씨네","","당해년도","류씨네 고춧가루(국산) 500g, 굵은입자"
"가공식품","농산물가공식품","고춧가루","1129975","고춧가루/류씨네","","당해년도","류씨네 고춧가루(국산) 500g, 보통입자"
"가공식품","농산물가공식품","감말랭이","1129976","감말랭이/미웰","","2024년","감말랭이(10-12g)/0.5kg"
"가공식품","농산물가공식품","무화과가공품","1129977","무화과/미웰","","2024년","건무화과/수입산/0.5kg"
"가공식품","농산물가공식품","반건시","1129978","반건시/미웰","","2024년","반건시(50g)/0.5kg"
"가공식품","농산물가공식품","밤가공품","1129979","밤/미웰","","2024년","생율(친환경)/무농약/0.5kg"
"가공식품","농산물가공식품","밤가공품","1129980","밤/미웰","","2024년","생율깍둑(친환경)/무농약/0.5kg"
"가공식품","농산물가공식품","밤가공품","1129981","밤/미웰","","2024년","칼집피밤/군밤용/대(20g기준)/0.5kg"
"가공식품","농산물가공식품","밤가공품","1129982","밤/미웰","","2024년","피밤(찜용/대(20g기준)/0.5kg"
"가공식품","농산물가공식품","밤가공품","1129983","밤/미웰","","2024년","피밤(찜용/특(25g-30g기준)/0.5kg"
"가공식품","농산물가공식품","연자육","1129984","연자육/미웰","","2024년","거피연자육/수입산/0.5kg"
"가공식품","농산물가공식품","치자","1129985","치자/미웰","","2024년","건치자/0.3kg"
"가공식품","농산물가공식품","자두가공품","1129986","건자두/미웰","","2024년","건자두/수입산/0.5kg"
"가공식품","농산물가공식품","후추","1129987","통후추/미웰","","2024년","통후추/수입산/0.3kg"
"가공식품","농산물가공식품","대추가공품","1129988","대추/푸르원","농업회사법인㈜푸르원","2024년","대추(사과맛대추,별초) 12~14g/1kg"
"가공식품","농산물가공식품","대추가공품","1129989","대추/푸르원","농업회사법인㈜푸르원","2024년","대추(사과맛대추,왕초) 30g 내외/1kg"
"가공식품","농산물가공식품","대추가공품","1129990","대추/푸르원","농업회사법인㈜푸르원","2024년","대추(사과맛대추,특초) 10~12g/1kg"
"가공식품","농산물가공식품","키위가공품","1129991","키위/푸르원","","2024년","레드키위 90g/1kg"
"가공식품","농산물가공식품","키위가공품","1129992","키위/푸르원","","2024년","레드키위 100g/1kg"
"가공식품","농산물가공식품","고추가공품","1129993","고추/미웰","","2024년","건청양고추(꼭지제거)/0.2kg"
"가공식품","농산물가공식품","대추가공품","1129994","대추/푸르원","농업회사법인㈜푸르원","2024년","대추상초/0.5kg"
"가공식품","농산물가공식품","대추가공품","1130013","대추/푸르원","농업회사법인㈜푸르원","2024년","대추별초/0.5kg"
"가공식품","농산물가공식품","삼","1130014","수삼/푸르원","농업회사법인㈜푸르원","2023년","수삼(4년근)/0.5kg"
"가공식품","농산물가공식품","삼","1130015","수삼/푸르원","농업회사법인㈜푸르원","2023년","세척수삼(4년근)/0.5kg"
"가공식품","농산물가공식품","밤가공품","1130016","밤/푸르원","농업회사법인㈜푸르원","2024년","쏙쏙피밤/군밤용(칼집20~25g)/0.5kg"
"가공식품","농산물가공식품","밤가공품","1130017","밤/푸르원","농업회사법인㈜푸르원","2024년","쏙쏙피밤/군밤용(칼집30g내외)/0.5kg"
"가공식품","농산물가공식품","아몬드","1130018","아몬드/푸르원","농업회사법인㈜푸르원","2024년","아몬드슬라이스/0.1kg"
"가공식품","농산물가공식품","기타","1130019","피망나물/하늘농가","하늘농가","2024년","국산피망나물(건데친)/0.3kg"
"농산물","과일류","단감","1130020","단감","","당해년도","단감,300g이상/과(35내)/1kg"
"농산물","과일류","연시","1130021","연시","","2024년","연시(90내),110g내외/과/1kg"
"농산물","과일류","연시","1130022","연시","","2024년","연시(100내),100g내외/과/1kg"
"농산물","과일류","연시","1130023","연시","","당해년도","연시(90내),110g내외/과/1kg"
"농산물","과일류","연시","1130024","연시","","당해년도","연시(100내),100g내외/과/1kg"
"농산물","과일류","연시","1130025","연시","","당해년도","연시(90내),110g내외/과/5kg"
"농산물","과일류","배","1130026","배(18-23)","","2023","배(18-23개/15kg 상자 기준)/1.5kg/"
"농산물","과일류","배","1130027","배(24-28)","","2023","배(24-28개/15kg 상자 기준)/1.5kg/"
"농산물","엽경채류","시금치","1130028","시금치","","2024년","시금치/0.3kg///"
"농산물","조미채소류","양파","1130029","양파(깐것)","","2024","양파(깐것)/1kg/"
"농산물","근채류","무(전처리)","1130033","깐무","","2024년","깐무(깍둑썰기_깍두기, 치킨무용)/1kg/"
"농산물","근채류","무(전처리)","1130034","깐무","","2024년","깐무(나박썰기_국, 탕용)/1kg/"
"농산물","엽경채류","양배추(전처리)","1130035","깐양배추","","2024년","깐양배추(채썰기_샐러드, 무침용)/1kg/"
"농산물","근채류","당근(전처리)","1130036","깐당근","","2024년","깐당근(채썰기_잡채, 볶음, 무침용)/1kg/"
"농산물","근채류","당근(전처리)","1130037","깐당근","","2024년","깐당근(깍둑썰기_카레용)/1kg_"
"농산물","근채류","당근(전처리)","1130038","깐당근","","2024년","깐당근(채썰기_잡채, 볶음, 무침용)/1kg_"
"농산물","조미채소류","양파(전처리)","1130039","깐양파","","2024년","깐양파(깍둑썰기_볶음, 찜용)/1kg_"
"농산물","조미채소류","양파(전처리)","1130040","깐양파","","2024년","깐양파(깍둑썰기_카레, 피클, 장아찌용)/1kg_"
"농산물","서류","감자(전처리)","1130041","깐감자","","2024년","깐감자(깍둑썰기_조림, 찜용)/1kg/"
"농산물","서류","감자(전처리)","1130042","깐감자","","2024년","깐감자(깍둑썰기_카레, 짜장, 국용)/1kg_"
"농산물","근채류","무(전처리)","1130053","깐무","","2024년","깐무(깍둑썰기_깍두기, 치킨무용)/1kg_"
"농산물","근채류","무(전처리)","1130054","깐무","","2024년","깐무(나박썰기_국, 탕용)/1kg_"
"농산물","엽경채류","양배추(전처리)","1130055","깐양배추","","2024년","깐양배추(나박썰기_짜장, 찜, 볶음용)/1kg/"
"농산물","엽경채류","양배추(전처리)","1130056","깐양배추","","2024년","깐양배추(나박썰기_짜장, 찜, 볶음용)/1kg_"
"농산물","엽경채류","양배추(전처리)","1130057","깐양배추","","2024년","깐양배추(채썰기_샐러드, 무침용)/1kg_"
"농산물","근채류","당근(전처리)","1130058","깐당근","","2024년","깐당근(깍둑썰기_카레용)/1kg/"
"농산물","조미채소류","양파(전처리)","1130059","깐양파","","2024년","깐양파(깍둑썰기_카레, 피클, 장아찌용)/1kg/"
"농산물","조미채소류","양파(전처리)","1130060","깐양파","","2024년","깐양파(깍둑썰기_볶음, 찜용)/1kg/"
"농산물","서류","감자(전처리)","1130061","깐감자","","2024년","깐감자(깍둑썰기_카레, 짜장, 국용)/1kg/"
"농산물","서류","감자(전처리)","1130062","깐감자","","2024년","깐감자(깍둑썰기_조림, 찜용)/1kg_"
"농산물","과채류","애호박","1130073","애호박(비닐제거)","","2024년","애호박/(비닐제거)/개"
"농산물","과채류","애호박","1130074","애호박(인큐)","","2024년","애호박/(인큐)/개"
"농산물","조미채소류","실파","1130093","쪽파(깐것)","","2024","쪽파(깐것)/0.2kg_"
"농산물","과일류","오렌지","1130094","황금향(200-250g)","","2024","황금향, 200-250g/개, 1kg_"
"농산물","과일류","오렌지","1130095","황금향(300-330g)","","2024","황금향, 300-330g/개, 1kg/"
"농산물","과일류","오렌지","1130096","황금향(300-330g)","","2024","황금향, 300-330g/개, 1kg_"
"농산물","엽경채류","깻잎","1130097","깻잎","","2024","깻잎/0.1kg_"
"농산물","근채류","무","1130098","무(흙)","","2024","무(흙)/개/"
"농산물","근채류","무","1130099","무(깐것)","","2024","깐무/개/"
"농산물","근채류","무","1130100","무(깐것)","","2024","깐무/개_"
"농산물","근채류","무","1130101","무(세척)","","2024","세척무/개"
"농산물","근채류","무","1130102","무(세척)","","2024","세척무/개/"
"농산물","과일류","오렌지(레드향)","1130103","레드향(250g)","","2024","레드향(탄금향) 250g/개, 1kg"
"농산물","과일류","오렌지(레드향)","1130104","레드향(350g)","","2024","레드향(탄금향) 350g/개, 1kg"
"농산물","과일류","오렌지","1130105","황금향(170-199g)","","2024","황금향, 170-199g/개, 1kg_"
"농산물","과일류","오렌지","1130106","황금향(200-250g)","","2024","황금향, 200-250g/개, 1kg_"
"농산물","과일류","오렌지","1130107","황금향(300-330g)","","2024","황금향, 300-330g/개, 1kg"
"농산물","근채류","당근","1130108","당근(깐것)","","2024","깐당근/1kg"
"농산물","근채류","당근","1130109","당근(흙)","","2024","당근(흙)/1kg/"
"농산물","근채류","당근","1130110","당근(흙)","","2024","당근(흙)/1kg_"
"농산물","근채류","당근","1130111","당근(세척)","","2024","세척당근/1kg"
"농산물","근채류","당근","1130112","당근(세척)","","2024","세척당근/1kg/"
"농산물","과일류","오렌지","1130113","황금향(170-199g)","","2024","황금향, 170-199g/개, 1kg_"
"농산물","과일류","오렌지","1130114","황금향(250-300g)","","2024","황금향, 250-300g/개, 1kg/"
"농산물","과일류","오렌지","1130115","황금향(250-300g)","","2024","황금향, 250-300g/개, 1kg_"
"농산물","엽경채류","깻잎","1130116","깻잎","","2024","깻잎/0.1kg"
"농산물","엽경채류","깻잎","1130117","깻잎","","2024","깻잎/0.1kg/"
"농산물","근채류","무","1130118","무(흙)","","2024","무(흙)/개"
"농산물","근채류","무","1130119","무(흙)","","2024","무(흙)/개_"
"농산물","근채류","무","1130120","무(깐것)","","2024","깐무/개"
"농산물","근채류","무","1130121","무(세척)","","2024","세척무/개_"
"농산물","과일류","오렌지(레드향)","1130122","레드향(200g)","","2024","레드향(탄금향) 200g/개, 1kg"
"농산물","과일류","오렌지(레드향)","1130123","레드향(200g)","","2024","레드향(탄금향) 200g/개, 1kg_"
"농산물","과일류","오렌지(레드향)","1130124","레드향(250g)","","2024","레드향(탄금향) 250g/개, 1kg_"
"농산물","과일류","오렌지(레드향)","1130125","레드향(300g)","","2024","레드향(탄금향) 300g/개, 1kg"
"농산물","과일류","오렌지(레드향)","1130126","레드향(300g)","","2024","레드향(탄금향) 300g/개, 1kg_"
"농산물","과일류","오렌지(레드향)","1130127","레드향(350g)","","2024","레드향(탄금향) 350g/개, 1kg_"
"농산물","과일류","오렌지","1130128","황금향(170-199g)","","2024","황금향, 170-199g/개, 1kg"
"농산물","과일류","오렌지","1130129","황금향(200-250g)","","2024","황금향, 200-250g/개, 1kg"
"농산물","과일류","오렌지","1130130","황금향(250-300g)","","2024","황금향, 250-300g/개, 1kg"
"농산물","과일류","오렌지","1130131","황금향(250-300g)","","2024","황금향, 250-300g/개, 1kg_"
"농산물","과일류","오렌지","1130132","황금향(300-330g)","","2024","황금향, 300-330g/개, 1kg_"
"농산물","근채류","당근","1130133","당근(깐것)","","2024","깐당근/1kg/"
"농산물","근채류","당근","1130134","당근(깐것)","","2024","깐당근/1kg_"
"농산물","근채류","당근","1130135","당근(흙)","","2024","당근(흙)/1kg"
"농산물","근채류","당근","1130153","당근(세척)","","2024","세척당근/1kg_"
"농산물","과일류","배","1130173","배(18-23)","","2024","배(18-23개/15kg 상자 기준)/1.5kg_"
"농산물","과일류","배","1130174","배(24-28)","","2024","배(24-28개/15kg 상자 기준)/1.5kg_"
"농산물","조미채소류","마늘","1130175","마늘(깐것)","","2024년","마늘(깐것)/0.3kg_"
"농산물","조미채소류","마늘","1130176","마늘(꼭지제거)","","2024년","마늘(깐것/꼭지제거)/0.3kg/"
"농산물","조미채소류","마늘","1130177","마늘(꼭지제거)","","2024년","마늘(깐것/꼭지제거)/0.3kg_"
"농산물","조미채소류","마늘","1130178","마늘(중,꼭지미제거)","","2024","마늘(중, 17mm 이하(14mm이상), 꼭지미제거)/0.3kg_"
"농산물","조미채소류","마늘","1130193","마늘(깐것)","","2024년","마늘(깐것)/0.3kg/"
"농산물","조미채소류","마늘","1130194","마늘(중,꼭지미제거)","","2024년","마늘(중, 17mm 이하(14mm이상), 꼭지미제거)/0.3kg/"
"농산물","조미채소류","마늘","1130195","마늘(중,꼭지미제거)","","2024년","마늘(중, 17mm 이하(14mm이상), 꼭지미제거)/0.3kg_"
"농산물","엽경채류","세발나물","1130196","세발나물","","2024년","세발나물/0.3kg_"
"가공식품","농산물가공식품","연두부","1130213","연두부/기린원당농협","","2024년","연두부(160g,농협)/삭제"
"농산물","과일류","키위","1130214","키위","","2023년도","키위/수입산/1과 100g/1kg"
"농산물","과일류","키위","1130233","키위","","당해년도","키위/수입산/1과 100g/1kg"
"가공식품","농산물가공식품","연두부","1130234","연두부/기린원당농협","","2024년","연두부(160g,농협)"
"가공식품","농산물가공식품","대추가공품","1130235","건대추/푸르원","농업회사법인㈜푸르원","","건대추(특초)/1kg"
"가공식품","농산물가공식품","피클","1130236","갓피클/푸르원","농업회사법인㈜푸르원","","갓피클/1kg"
"가공식품","농산물가공식품","감가공품","1130253","곶감치즈호두말이/미웰","","2024년","곶감치즈호두말이(20g)/0.2kg"
"가공식품","농산물가공식품","봄동가공품","1130254","봄동/청채마루","","2025","봄동(손질/데친)/1kg"
"가공식품","농산물가공식품","감가공품","1130273","아이스홍시/푸르원","농업회사법인㈜푸르원","","벌크 아이스홍시(50g)/1kg"
"가공식품","농산물가공식품","감가공품","1130274","아이스홍시/푸르원","농업회사법인㈜푸르원","","벌크 아이스홍시(25g)/1kg"
"가공식품","농산물가공식품","블루베리가공품","1130275","냉동블루베리/푸르원","농업회사법인㈜푸르원","","친환경냉동블루베리/무농약/1kg"
"가공식품","농산물가공식품","고구마가공품","1130276","고구마말랭이/푸르원","농업회사법인㈜푸르원","","고구마말랭이/1kg"
"농산물","과일류","연시","1130293","연시","","당해년도","연시(70내),140g내외/과/5kg"
"농산물","과일류","연시","1130294","연시","","당해년도","연시(80내),125g내외/과/5kg"
"농산물","양채류","양상추","1130313","깐양상추","","2024년","깐양상추/0.3kg/"
"농산물","양채류","양상추","1130333","깐양상추","","2024년","깐양상추/0.3kg_"
"농산물","엽경채류","청경채","1130353","청경채","","","청경채/0.3kg_/241111_시설급추가"
"농산물","과일류","레몬","1130373","레몬","","2024","레몬/0.3kg_"
"가공식품","농산물가공식품","밤가공품","1130374","밤/율성맑은아침","","","피밤/대/찜용(35g기준)/유기농/1kg"
"가공식품","농산물가공식품","냉이가공품","1130375","냉이/하늘촌","","2024년","냉이/무농약/1kg"
"가공식품","농산물가공식품","참깨","1130376","참깨/류씨네","","해당년도","류씨네 볶음통깨(100g)"
"농산물","과채류","오이","1130393","백오이","","2024","백오이/2개들입_"
"농산물","과채류","오이","1130394","청오이","","2024","청오이/2개들입_"
"가공식품","농산물가공식품","밤가공품","1130395","밤/율성맑은아침","","","피밤/대/찜용(35g기준)/1kg"
"가공식품","농산물가공식품","참깨","1130396","참깨/류씨네","","해당년도","류씨네 거피 볶음통깨 플러스(100g)"
"가공식품","농산물가공식품","참깨","1130397","참깨/류씨네","","해당년도","거피 볶음통깨(중국산) 100g"
"가공식품","농산물가공식품","키위가공품","1130398","조각키위/프레시아트","","2024년","조각키위(골드, 40g)(개별)/수입산/1kg"
"가공식품","농산물가공식품","사과가공품","1130399","한입사과/푸르원","농업회사법인㈜푸르원","2024년","한입사과40g/1kg"
"가공식품","농산물가공식품","고춧가루","1130400","고춧가루/영양고추공사","","2024년","빛깔찬 고춧가루 500g 김치용 매운맛"
"가공식품","농산물가공식품","고춧가루","1130401","고춧가루/영양고추공사","","2024년","빛깔찬 고춧가루 500g 양념용 보통맛"
"가공식품","농산물가공식품","고춧가루","1130402","고춧가루/영양고추공사","","2024년","빛깔찬 고춧가루 1kg 양념용 매운맛"
"가공식품","농산물가공식품","고춧가루","1130403","고춧가루/영양고추공사","","2024년","빛깔찬 고춧가루 1kg 김치용 보통맛"
"가공식품","농산물가공식품","고춧가루","1130404","고춧가루/영양고추공사","","2024년","빛깔찬 고춧가루 1kg 양념용 순한맛"
"가공식품","농산물가공식품","봄동가공품","1130405","봄동/청채마루","","2025","봄동(꼭지제거/데친)/1kg"
"가공식품","농산물가공식품","두부","1130406","두부/푸른들","","당해년도","두부 1kg"
"가공식품","농산물가공식품","고춧가루","1130413","고춧가루/영양고추공사","","2024년","빛깔찬 고춧가루 500g 김치용 보통맛"
"가공식품","농산물가공식품","고춧가루","1130414","고춧가루/영양고추공사","","2024년","빛깔찬 고춧가루 500g 김치용 순한맛"
"가공식품","농산물가공식품","고춧가루","1130415","고춧가루/영양고추공사","","2024년","빛깔찬 고춧가루 500g 양념용 순한맛"
"가공식품","농산물가공식품","고춧가루","1130416","고춧가루/영양고추공사","","2024년","빛깔찬 고춧가루 500g 양념용 매운맛"
"가공식품","농산물가공식품","고춧가루","1130417","고춧가루/영양고추공사","","2024년","빛깔찬 고춧가루 1kg 김치용 순한맛"
"가공식품","농산물가공식품","고춧가루","1130418","고춧가루/영양고추공사","","2024년","빛깔찬 고춧가루 1kg 양념용 보통맛"
"가공식품","농산물가공식품","고춧가루","1130419","고춧가루/영양고추공사","","2024년","빛깔찬 고춧가루 1kg 김치용 매운맛"
"가공식품","농산물가공식품","봄동가공품","1130420","봄동/청채마루","","2025","봄동(꼭지제거/생것)/1kg"
"가공식품","농산물가공식품","밤가공품","1130421","밤/미웰","","2024년","칼집피밤/군밤용/대(27g기준)/0.5kg"
"가공식품","농산물가공식품","밤가공품","1130422","밤/미웰","","2024년","피밤(찜용/대(30g기준)/0.5kg"
"가공식품","농산물가공식품","건목이버섯","1130423","건백목이버섯/미웰","","2024년","건백목이버섯/수입산/0.2kg"
"가공식품","농산물가공식품","밤가공품","1130424","밤/미웰","","2024년","약단밤(칼집)/수입(8.5g 기준)/0.5kg"
"축산물","가금류","닭고기","1130433","닭고기/닭목살/하림","","해당년도","닭고기/닭목살/뼈없음/다용도/덩어리(130g~150g)/1kg"
"농산물","엽경채류","양배추","1130453","깐양배추","","","깐양배추/2kg/241121_시설급추가"
"수산물","연체류","전복","1130473","전복살(냉동)","","2024년","전복 냉동(살) 12미/650g/수입산/1kg"
"수산물","연체류","전복","1130474","전복살(냉동)","","2024년","전복 냉동(살) 12미/650g/수입산/1kg"
"수산물","연체류","전복","1130475","전복살(냉동)","","2024년","전복 냉동(살) 12미/650g/수입산/1kg"
"수산물","연체류","전복","1130476","전복살(냉동)","","2024년","전복 냉동(살) 12미/650g/수입산/1kg"
"수산물","연체류","전복","1130477","전복살(냉동)","","2023년","전복 냉동(살) 12미/650g/수입산/500g"
"수산물","연체류","전복","1130478","전복살(냉동)","","2023년","전복 냉동(살) 12미/650g/수입산/500g"
"수산물","연체류","전복","1130493","전복살(냉동)","","2023년","전복 냉동(살) 12미/650g/수입산/1kg"
"수산물","연체류","전복","1130494","전복살(냉동)","","별도표기","전복 냉동(살) 12미/650g/수입산/1kg"
"수산물","연체류","전복","1130495","전복살(냉동)","","2023년","전복 냉동(살) 12미/650g/수입산/500g"
"수산물","연체류","전복","1130496","전복살(냉동)","","2024년","전복 냉동(살) 12미/650g/수입산/1kg"
"수산물","연체류","전복","1130497","전복살(냉동)","","2023년","전복 냉동(살) 12미/650g/수입산/500g"
"수산물","연체류","전복","1130498","전복살(냉동)","","2024년","전복 냉동(살) 12미/650g/수입산/1kg"
"수산물","연체류","전복","1130499","전복살(냉동)","","2024","전복 냉동(살) 12미/650g/수입산/500g"
"수산물","연체류","전복","1130500","전복살(냉동)","","별도표기","전복 냉동(살) 12미/650g/수입산/500g"
"수산물","연체류","전복","1130501","전복살(냉동)","","2023년","전복 냉동(살) 12미/650g/수입산/500g"
"수산물","연체류","전복","1130502","전복살(냉동)","","2023년","전복 냉동(살) 12미/650g/수입산/500g"
"수산물","건어물","건오징어","1130513","진미채(백진미,페루산)","","별도표기","조미포 백진미채/수입산/300g...."
"수산물","건어물","건오징어","1130514","진미채(백진미,페루산)","","별도표기","조미포 백진미채/수입산/500g...."
"수산물","어류","대구","1130515","대구살","","2023년","대구 냉동(포) 전용, 커틀릿용, 토막당 40g내외/수입산/1kg"
"수산물","어류","대구","1130533","대구살","","2023년","대구 냉동(포) 전용, 커틀릿용, 토막당 45g내외/수입산/500g"
"농산물","과일류","단감","1130553","단감","","","단감/50내/241202_시설급추가"
"농산물","조미채소류","마늘","1130554","마늘(깐것)","","","마늘(깐것)/0.2kg/241202_시설급추가"
"축산물","가금류","닭고기","1130555","닭고기/가슴살(껍질무)/하림","","","닭고기/무항생제/가슴살(껍질무)/1kg/241202_시설급추가"
"농산물","양곡부류","백미","1130556","백미","","","일반미/경기미/10kg/일반/241202_시설급추가"
"농산물","조미채소류","양파","1130557","양파(피)","","","양파(피)/1kg/241202_시설급추가"
"농산물","서류","고구마","1130558","고구마(피세척)","","","고구마(피세척)/1kg/241202_시설급추가"
"농산물","과채류","애호박","1130573","애호박","","","애호박/인큐/0.3kg/241202_시설급추가"
"농산물","과일류","단감","1130574","단감","","","단감/50내(200-220g)/1kg/241202_시설급추가"
"농산물","과채류","애호박","1130575","애호박/(비닐제거)","","2024년","애호박/(비닐제거)/개//"
"농산물","과일과채류","방울토마토","1130593","대추방울토마토(샐러드)","","2024","(대추)방울토마토(샐러드)/0.5kg_"
"농산물","서류","감자","1130594","감자(깐것)","","2024","감자(깐것) 130-250g/1kg/"
"농산물","서류","감자","1130595","감자(피)","","2024","감자(피) 150-250g/1kg/"
"농산물","서류","감자","1130596","감자(피)","","2024","감자(피) 150-250g/1kg_"
"농산물","양채류","피망","1130597","피망","","2024","피망/청/2개들입"
"농산물","양채류","피망","1130598","피망","","2024","피망/청/2개들입_"
"농산물","근채류","당근","1130613","당근(깐것)","","2024","깐당근/1kg_"
"농산물","근채류","당근","1130614","당근(세척)","","2024","세척당근/1kg_"
"농산물","서류","감자","1130615","감자(깐것)","","2024","감자(깐것) 130-250g/1kg_"
"농산물","조미채소류","실파","1130616","쪽파(흙)","","2024","쪽파(흙)/0.2kg/"
"농산물","조미채소류","실파","1130617","쪽파(흙)","","2024","쪽파(흙)/0.2kg_"
"농산물","양채류","피망","1130618","피망","","2024","피망/청/2개들입/"
"수산물","갑각류","새우","1130633","칵테일새우살,71-90","","2023/2024","칵테일새우 자숙(탈각) 71/90, 6~7g/수입산/1kg...."
"수산물","갑각류","새우","1130634","칵테일새우살,71-90","","2023/2024","칵테일새우 자숙(탈각) 71/90, 6~7g/수입산/500g...."
"농산물","과일류","배","1130635","배(24-28)","","","배(24-28)/1.5kg/241213_품질저하대체사입"
"농산물","양채류","브로콜리","1130653","브로콜리","","2024","브로콜리/개"
"농산물","과일과채류","방울토마토","1130654","대추방울토마토(20-30g)","","2024","대추방울토마토(20~30g)/0.5kg"
"농산물","과일과채류","방울토마토","1130655","대추방울토마토(샐러드)","","2024","(대추)방울토마토(샐러드)/0.5kg"
"농산물","엽경채류","붉은양배추","1130656","붉은양배추","","2024","붉은양배추/통"
"축산물","돈육","돈육(갈비)","1130657","돈육(갈비)","","2024","돈육/냉동/무항생제/갈비/찜,구이용/2.5*3(cm)/0.5kg"
"축산물","돈육","돈육(등뼈)","1130658","돈육(등뼈)","","2024","돈육/냉동/무항생제/등뼈/찜,탕용/3cm 절단/0.3kg"
"축산물","돈육","돈육(등뼈)","1130659","돈육(등뼈)","","2024","돈육/냉동/무항생제/등뼈/찜,탕용/3cm 절단/0.5kg"
"축산물","돈육","돈육(갈비)","1130660","돈육(갈비)","","2024","돈육/냉동/무항생제/갈비/찜,구이용/2.5*3(cm)/0.3kg"
"축산물","돈육","돈육(갈비)","1130661","돈육(갈비)","","2024","돈육/냉동/무항생제/갈비/찜,구이용/2.5*3(cm)/0.5kg"
"축산물","돈육","돈육(등뼈)","1130662","돈육(등뼈)","","2024","돈육/냉동/무항생제/등뼈/찜,탕용/3cm 절단/0.5kg"
"축산물","한우","한우(갈비)","1130663","한우(갈비)","","2024","한우/냉동/1등급/갈비/찜용/2.5*3 (cm)/0.3kg"
"축산물","한우","한우(갈비)","1130664","한우(갈비)","","2024","한우/냉동/1등급/갈비/찜용/2.5*3 (cm)/0.5kg"
"축산물","한우","한우(갈비)","1130665","한우(갈비)","","2024","한우/냉동/2등급/갈비/찜용/2.5*3 (cm)/0.5kg"
"축산물","한우","한우(갈비)","1130666","한우(갈비)","","2024","한우/냉동/무항생제/갈비/찜용/2.5*3 (cm)/0.3kg"
"축산물","한우","한우(갈비)","1130667","한우(갈비)","","2024","한우/냉동/무항생제/갈비/찜용/2.5*3 (cm)/0.5kg"
"축산물","한우","한우(갈비)","1130668","한우(갈비)","","2024","한우/냉동/1등급/갈비/찜용/2.5*3 (cm)/0.3kg"
"축산물","한우","한우(갈비)","1130669","한우(갈비)","","2024","한우/냉동/2등급/갈비/찜용/2.5*3 (cm)/0.5kg"
"축산물","돈육","돈육(갈비)","1130670","돈육(갈비)","","2024년","돈육/냉동/무항생제/갈비/찜,구이용/2.5*3(cm)/0.3kg"
"축산물","돈육","돈육(갈비)","1130671","돈육(갈비)","","2024년","돈육/냉동/무항생제/갈비/찜,구이용/2.5*3(cm)/0.5kg"
"축산물","돈육","돈육(등뼈)","1130672","돈육(등뼈)","","2024년","돈육/냉동/무항생제/등뼈/찜,탕용/3cm 절단/0.5kg"
"농산물","과일과채류","방울토마토","1130673","대추방울토마토(10-20g)","","2024","대추방울토마토(10~20g)/0.5kg"
"농산물","엽경채류","상추","1130674","적상추","","2024","적상추/0.3kg"
"농산물","엽경채류","청경채","1130675","청경채","","2024","청경채/0.3kg"
"축산물","돈육","돈육(갈비)","1130693","돈육(갈비)","","2024","돈육/냉동/무항생제/갈비/찜,구이용/2.5*3(cm)/0.3kg"
"축산물","돈육","돈육(등뼈)","1130694","돈육(등뼈)","","2024","돈육/냉동/무항생제/등뼈/찜,탕용/3cm 절단/0.3kg"
"축산물","한우","한우(갈비)","1130695","한우(갈비)","","2024","한우/냉동/2등급/갈비/찜용/2.5*3 (cm)/0.3kg"
"축산물","한우","한우(갈비)","1130696","한우(갈비)","","2024","한우/냉동/1등급/갈비/찜용/2.5*3 (cm)/0.5kg"
"축산물","한우","한우(갈비)","1130697","한우(갈비)","","2024","한우/냉동/2등급/갈비/찜용/2.5*3 (cm)/0.3kg"
"축산물","한우","한우(갈비)","1130698","한우(갈비)","","2024","한우/냉동/무항생제/갈비/찜용/2.5*3 (cm)/0.5kg"
"축산물","한우","한우(갈비)","1130699","한우(갈비)","","2024","한우/냉동/무항생제/갈비/찜용/2.5*3 (cm)/0.3kg"
"축산물","돈육","돈육(등뼈)","1130700","돈육(등뼈)","","2024년","돈육/냉동/무항생제/등뼈/찜,탕용/3cm 절단/0.3kg"
"축산물","한우","한우(갈비)","1130701","한우(갈비)","","2024년","한우/냉동/1등급/갈비/찜용/2.5*3 (cm)/0.3kg"
"축산물","한우","한우(갈비)","1130702","한우(갈비)","","2024년","한우/냉동/1등급/갈비/찜용/2.5*3 (cm)/0.5kg"
"축산물","한우","한우(갈비)","1130703","한우(갈비)","","2024년","한우/냉동/2등급/갈비/찜용/2.5*3 (cm)/0.5kg"
"축산물","한우","한우(갈비)","1130704","한우(갈비)","","2024","한우/냉동/1등급/갈비/찜용/2.5*3 (cm)/0.3kg"
"축산물","한우","한우(갈비)","1130705","한우(갈비)","","2024","한우/냉동/1등급/갈비/찜용/2.5*3 (cm)/0.5kg"
"축산물","한우","한우(갈비)","1130706","한우(갈비)","","2024","한우/냉동/2등급/갈비/찜용/2.5*3 (cm)/0.3kg"
"축산물","한우","한우(갈비)","1130707","한우(갈비)","","2024","한우/냉동/무항생제/갈비/찜용/2.5*3 (cm)/0.3kg"
"축산물","한우","한우(갈비)","1130708","한우(갈비)","","2024","한우/냉동/무항생제/갈비/찜용/2.5*3 (cm)/0.5kg"
"축산물","한우","한우(사골)","1130709","한우(사골)","","2024","한우/냉동/2등급/사골/탕,국용/3cm 절단/0.3kg"
"축산물","한우","한우(사골)","1130710","한우(사골)","","2024년","한우/냉동/2등급/사골/탕,국용/3cm 절단/0.3kg"
"축산물","한우","한우(사골)","1130711","한우(사골)","","2024","한우/냉동/2등급/사골/탕,국용/3cm 절단/0.5kg"
"축산물","한우","한우(사골)","1130712","한우(사골)","","2024","한우/냉동/2등급/사골/탕,국용/3cm 절단/0.3kg"
"축산물","돈육","돈육(갈비)","1130713","돈육(갈비)","","2024","돈육/냉동/무항생제/갈비/찜,구이용/2.5*3(cm)/0.3kg"
"축산물","돈육","돈육(갈비)","1130714","돈육(갈비)","","2024","돈육/냉동/무항생제/갈비/찜,구이용/2.5*3(cm)/0.5kg"
"축산물","돈육","돈육(등뼈)","1130715","돈육(등뼈)","","2024","돈육/냉동/무항생제/등뼈/찜,탕용/3cm 절단/0.3kg"
"축산물","돈육","돈육(등뼈)","1130716","돈육(등뼈)","","2024","돈육/냉동/무항생제/등뼈/찜,탕용/3cm 절단/0.5kg"
"축산물","한우","한우(갈비)","1130717","한우(갈비)","","2024년","한우/냉동/2등급/갈비/찜용/2.5*3 (cm)/0.3kg"
"축산물","한우","한우(갈비)","1130718","한우(갈비)","","2024년","한우/냉동/무항생제/갈비/찜용/2.5*3 (cm)/0.3kg"
"축산물","한우","한우(갈비)","1130719","한우(갈비)","","2024년","한우/냉동/무항생제/갈비/찜용/2.5*3 (cm)/0.5kg"
"축산물","한우","한우(갈비)","1130720","한우(갈비)","","2024","한우/냉동/2등급/갈비/찜용/2.5*3 (cm)/0.5kg"
"축산물","한우","한우(사골)","1130721","한우(사골)","","2024","한우/냉동/2등급/사골/탕,국용/3cm 절단/0.5kg"
"축산물","한우","한우(사골)","1130722","한우(사골)","","2024년","한우/냉동/2등급/사골/탕,국용/3cm 절단/0.5kg"
"축산물","한우","한우(사골)","1130723","한우(사골)","","2024","한우/냉동/2등급/사골/탕,국용/3cm 절단/0.3kg"
"축산물","한우","한우(사골)","1130724","한우(사골)","","2024","한우/냉동/2등급/사골/탕,국용/3cm 절단/0.5kg"
"축산물","한우","한우(잡뼈)","1130725","한우(잡뼈)","","2024","한우/냉동/2등급/잡뼈/탕,국용/3cm 절단/0.3kg"
"축산물","한우","한우(잡뼈)","1130726","한우(잡뼈)","","2024","한우/냉동/2등급/잡뼈/탕,국용/3cm 절단/0.3kg"
"축산물","한우","한우(잡뼈)","1130727","한우(잡뼈)","","2024","한우/냉동/2등급/잡뼈/탕,국용/3cm 절단/0.5kg"
"축산물","한우","한우(잡뼈)","1130733","한우(잡뼈)","","2024","한우/냉동/2등급/잡뼈/탕,국용/3cm 절단/0.5kg"
"축산물","한우","한우(잡뼈)","1130734","한우(잡뼈)","","2024년","한우/냉동/2등급/잡뼈/탕,국용/3cm 절단/0.3kg"
"축산물","한우","한우(잡뼈)","1130735","한우(잡뼈)","","2024년","한우/냉동/2등급/잡뼈/탕,국용/3cm 절단/0.5kg"
"축산물","한우","한우(잡뼈)","1130736","한우(잡뼈)","","2024","한우/냉동/2등급/잡뼈/탕,국용/3cm 절단/0.5kg"
"축산물","한우","한우(잡뼈)","1130737","한우(잡뼈)","","2024","한우/냉동/2등급/잡뼈/탕,국용/3cm 절단/0.3kg"
"수산물","어류","대구","1130753","대구살","","2023년","대구 냉동(깍뚝) 절단, 토막당 40g내외/국내산/500g"
"수산물","어류","대구","1130754","대구살","","2023년","대구 냉동(깍뚝) 절단, 토막당 40g내외/국내산/1kg"
"농산물","과일과채류","딸기","1130755","딸기","","2024","딸기(25-30개/500g) (팩단위 발주 0.5kg단위)_"
"농산물","엽경채류","시금치","1130756","시금치","","2025년","시금치/0.3kg_"
"수산물","갑각류","새우","1130773","새우(30미/500g/pac)","","별도표기","흰다리새우 냉동 30미/500g/수입산/500g"
"농산물","과일과채류","딸기","1130793","딸기","","2024","딸기(16-25개/500g)(팩단위 발주 0.5kg단위)_"
"농산물","엽경채류","시금치","1130813","시금치","","2025년","시금치/0.3kg/"
"농산물","과일류","오렌지(수입)","1130833","오렌지","","","오렌지/생것/수입산/250114_대체사입"
"농산물","과일류","오렌지(수입)","1130834","오렌지","","","오렌지/생/수입산/250114_산지결품대체"
"농산물","과일류","오렌지(수입)","1130853","오렌지","","","오렌지/생것/수입산/250114_산지결품대체사입"
"수산물","갑각류","새우","1130873","칵테일새우살,71-90","","2024","칵테일새우 자숙(탈각) 71/90, 6~7g/수입산/1kg"
"수산물","갑각류","새우","1130893","칵테일새우살,71-90","","2024","칵테일새우 자숙(탈각) 71/90, 6~7g/수입산/500g"
"농산물","버섯류","표고버섯","1130913","표고버섯(배지)","","2024","표고버섯(배지)/0.3kg"
"농산물","서류","감자","1130933","감자(피)/일반","","","감자(피)/일반/1kg/250120_품질저하대체사입"
"수산물","어류","대구","1130953","대구살","","2023년","대구 냉동(포) 전용, 커틀릿용, 토막당 40g내외/수입산/500g"
"축산물","돈육","돈육(전지)","1130973","돈육(전지)","","","돈육/냉장/전지/수육용/250123_시설급추가"
"가공식품","농산물가공식품","연두부","1130993","연두부/기린원당농협","","","연두부(1kg,농협)"
"가공식품","농산물가공식품","냉동옥수수알","1130994","냉동옥수수알/푸르원","농업회사법인㈜푸르원","","초당옥수수알(100%냉동스위트콘)/1kg"
"가공식품","농산물가공식품","두부","1130995","두부/푸른들","","당해년도","무농약슬라이스두부(90조각 부침) 3kg"
"가공식품","농산물가공식품","시금치가공품","1130996","시금치/청채마루","","2025","남해섬초(데친)/0.3kg"
"가공식품","농산물가공식품","감말랭이","1130997","감말랭이/미웰","","2024년","감말랭이(10-12g)/벌크/0.5kg"
"가공식품","농산물가공식품","땅콩","1130998","땅콩/미웰","","","땅콩가루분말/0.5kg"
"농산물","과일류","오렌지","1130999","천혜향(200g)","","2024","천혜향(200g/개), 1kg_"
"농산물","과일류","오렌지","1131000","천혜향(330g)","","2024","천혜향(330g/개), 1kg_"
"농산물","과일류","오렌지","1131001","한라봉(180g)","","2024","한라봉,180g/개, 1kg_"
"농산물","과일류","오렌지","1131002","한라봉(200g)","","2024","한라봉,200g/개, 1kg_"
"농산물","과일류","오렌지","1131003","한라봉(250g)","","2024","한라봉,250g/개, 1kg_"
"농산물","과일류","오렌지","1131004","한라봉(300g)","","2024","한라봉,300g/개, 1kg_"
"수산물","어류","대구","1131005","대구살","","2023년","대구 냉동(깍뚝) 절단, 토막당 40g내외/수입산/1kg"
"수산물","패류","바지락","1131006","바지락","","","바지락냉동(살)/500g"
"수산물","어류","갈치","1131007","갈치포","","별도표기","갈치 냉동(포) 절단,토막당 40g내외/수입산/1kg1"
"수산물","어류","갈치","1131008","갈치","","2024","갈치 냉동(손질) 절단, 토막당 40g/수입산/1kg"
"수산물","어류","갈치","1131009","갈치","","2024","갈치 냉동(손질) 절단, 토막당 40g/수입산/500g"
"가공식품","농산물가공식품","달걀","1131010","달걀","","","계란(특란,30구)/무항생제/250218_시설급추가"
"농산물","과일류","키위","1131011","키위/참다래","","","키위/참다래/국산/100g/개"
"농산물","과일류","사과","1131012","사과","","2023년","사과(일반공급)소스용/ 37~40과/1kg"
"가공식품","농산물가공식품","방울토마토가공품","1131013","토마토/푸르원","","","스테비아 완숙토마토/1kg"
"가공식품","농산물가공식품","도라지가공품","1131014","도라지/하늘농가","","","국산건도라지/0.3kg"
"가공식품","농산물가공식품","기타","1131015","컬리니/하늘농가","","","국산컬리니(건데친)/0.3kg"
"가공식품","농산물가공식품","두부","1131016","두부/푸른들","","당해년도","국산슬라이스두부(90조각 부침) 3kg"
"가공식품","농산물가공식품","반건시","1131017","반건시/미웰","","2024년","반건시(50g)/10개입/0.5kg"
"가공식품","농산물가공식품","반건시","1131018","반건시/미웰","","2024년","반건시(50g)/개별포장/0.5kg"
"가공식품","농산물가공식품","감말랭이","1131019","감말랭이/미웰","","2024년","감말랭이(30g)/개별포장/0.3kg"
"농산물","과일류","키위","1131020","키위(참다래,110g~115g)","","2024","키위(참다래, 110g~115g)/1kg_"
"농산물","과일류","키위","1131021","키위(참다래,100g)","","2024","키위(참다래, 100g)/1kg_"
"농산물","과일류","오렌지","1131022","천혜향(180g)","","2024","천혜향(180g/개), 1kg_"
"농산물","과일류","오렌지","1131023","천혜향(250g)","","2024","천혜향(250g/개), 1kg_"
"농산물","과일류","오렌지","1131024","천혜향(300g)","","2024","천혜향(300g/개), 1kg_"
"농산물","과일류","오렌지","1131025","천혜향(330g)","","2024","천혜향(330g/개), 1kg/"
"농산물","과일류","오렌지","1131026","한라봉(270g)","","2024","한라봉,270g/개, 1kg_"
"수산물","패류","바지락","1131033","바지락","","","바지락 냉동(살)/500g"
"수산물","패류","바지락","1131034","바지락","","","바지락 냉동(살)/300g"
"수산물","패류","바지락","1131035","바지락살(냉동)","","2024년","바지락 냉동(살)/300g"
"수산물","어류","갈치","1131036","갈치","","2024","갈치 냉동(손질) 절단, 토막당 40g/수입산/1kg"
"수산물","어류","갈치","1131037","갈치","","2024","갈치 냉동(손질) 절단, 토막당 40g/수입산/500g"
"수산물","어류","대구","1131038","대구살","","2023년","대구 냉동(깍뚝) 절단, 토막당 40g내외/수입산/500g"
"수산물","패류","바지락","1131039","바지락","","2024/2025","바지락 냉동(살)/300g"
"수산물","패류","바지락","1131040","바지락","","2024/2025","바지락 냉동(살)/500g"
"농산물","과일류","오렌지","1131041","한라봉","","당해년도","한라봉,180g/과/1kg"
"농산물","과일류","오렌지","1131042","한라봉","","당해년도","한라봉,180g/과/1kg"
"농산물","과일류","사과","1131043","사과","","당해년도","사과(일반공급)소스용/ 37~40과/1kg"
"농산물","과일류","오렌지","1131044","한라봉","","당해년도","한라봉,180g/과/1kg"
"농산물","조미채소류","대파","1131045","대파(깐것)","","","대파(깐것)/0.5kg"
"농산물","조미채소류","대파","1131046","대파(흙)","","","대파(흙)/0.5kg"
"수산물","패류","바지락","1131047","바지락","","","바지락 냉동(살)/300g"
"수산물","패류","바지락","1131048","바지락","","","바지락 냉동(살)/500g"
"농산물","양채류","브로콜리","1131049","브로콜리","","","브로콜리/0.35kg"
"농산물","근채류","비트(알)","1131050","비트(알)","","","비트(알)/0.4kg"
"농산물","양채류","샐러리","1131051","셀러리","","","셀러리/0.5kg"
"농산물","양채류","샐러리","1131052","셀러리(줄기)","","","셀러리(줄기)/0.5kg"
"농산물","과일류","오렌지","1131053","한라봉","","당해년도","한라봉,330g/과/1kg"
"농산물","과일류","사과","1131054","사과","","2024","사과(일반공급)소스용/ 37~40과/1kg"
"농산물","과일류","오렌지","1131055","한라봉","","당해년도","한라봉,330g/과/1kg"
"농산물","과일류","오렌지","1131056","한라봉","","당해년도","한라봉,330g/과/1kg"
"농산물","조미채소류","대파","1131057","대파(깐것)","","","대파(깐것)/0.5kg"
"농산물","조미채소류","풋마늘","1131058","풋마늘","","","풋마늘/0.3kg"
"농산물","조미채소류","쪽파","1131059","쪽파(깐것)","","","쪽파(깐것)/0.2kg--"
"농산물","양채류","로메인","1131060","로메인","","","로메인/0.3kg"
"농산물","양채류","콜리플라워","1131061","콜리플라워","","","콜리플라워/0.5kg"
"농산물","엽경채류","근대","1131062","근대(적)","","","근대(적)/0.3kg"
"농산물","엽경채류","근대","1131063","근대(청)","","","근대(청)/0.3kg"
"농산물","엽경채류","깻잎나물","1131064","깻잎나물(순바라깻잎)","","","깻잎나물(순바라깻잎)/0.5kg"
"농산물","엽경채류","돌나물","1131065","돌나물","","","돌나물/0.3kg"
"농산물","엽경채류","미나리","1131066","단미나리","","","단미나리/0.5kg"
"농산물","엽경채류","부추","1131067","부추","","","부추/0.5kg"
"농산물","엽경채류","부추","1131068","호부추","","","호부추/0.4kg"
"농산물","엽경채류","상추","1131069","청상추","","","청상추/0.3kg"
"농산물","엽경채류","새싹","1131070","비타민","","","비타민/0.3kg"
"농산물","엽경채류","취나물","1131071","취나물(생것/손질)","","","취나물(생것/손질)/0.5kg"
"농산물","엽경채류","시금치","1131072","시금치(섬초)","","","시금치(섬초)"
"농산물","양채류","양상추","1131073","깐양상추","","","깐양상추/0.4kg"
"농산물","양채류","치커리","1131074","치커리(적색)","","","치커리(적색)/0.3kg"
"농산물","양채류","치커리","1131075","치커리(청색)","","","치커리(청색)/0.3kg"
"농산물","양채류","케일","1131076","케일","","","케일/0.3kg"
"농산물","양채류","콜라비","1131077","콜라비","","","콜라비/0.5kg"
"농산물","양채류","파슬리","1131078","파슬리","","","파슬리/0.3kg"
"농산물","엽경채류","열무","1131079","열무(생것)","","","열무(생것)/0.3kg"
"농산물","엽경채류","깻잎나물","1131080","깻잎나물(잎바라깻잎)","","","깻잎나물(잎바라깻잎)/0.5kg"
"농산물","엽경채류","냉이","1131081","냉이(손질)","","","냉이(손질)/0.3kg"
"농산물","엽경채류","달래","1131082","달래","","","달래/0.2kg"
"농산물","엽경채류","미나리","1131083","돌미나리","","","돌미나리/0.3kg"
"농산물","엽경채류","방풍나물","1131084","방풍나물","","","방풍나물/0.3kg"
"농산물","엽경채류","봄동","1131085","봄동","","","봄동/1kg"
"농산물","엽경채류","부추","1131086","영양부추","","","영양부추/0.2kg"
"농산물","엽경채류","상추","1131087","적상추","","","적상추/0.3kg"
"농산물","엽경채류","세발나물","1131088","세발나물","","","세발나물/0.5kg"
"농산물","엽경채류","새싹","1131089","모듬새싹","","","모듬새싹/0.5kg"
"농산물","엽경채류","새싹","1131090","무순","","","무순/0.15kg"
"농산물","엽경채류","취나물","1131091","취나물(생것)","","","취나물(생것)/0.3kg"
"농산물","엽경채류","쌈배추","1131092","쌈배추(알배기)","","","쌈배추(알배기)/0.5kg"
"농산물","엽경채류","시금치","1131093","시금치","","","시금치/0.3kg"
"농산물","엽경채류","청경채","1131094","청경채","","","청경채/0.3kg"
"농산물","엽경채류","취나물(참취)","1131095","취나물(참취)","","","취나물(참취)/0.3kg"
"농산물","기타채소","유채","1131096","유채(생것)","","","유채(생것)/0.5kg"
"농산물","기타채소","유채","1131097","유채(생것,손질)","","","유채(생것, 손질)/0.5kg"
"농산물","조미채소류","풋마늘","1131098","풋마늘","","","풋마늘/0.3kg"
"농산물","양채류","브로콜리","1131099","브로콜리","","","브로콜리/0.35kg"
"농산물","근채류","비트(알)","1131100","비트(알)","","","비트(알)/0.4kg"
"농산물","양채류","샐러리","1131101","셀러리","","","셀러리/0.5kg"
"농산물","양채류","치커리","1131102","치커리(청색)","","","치커리(청색)/0.3kg"
"농산물","양채류","케일","1131103","케일","","","케일/0.3kg"
"농산물","양채류","콜라비","1131104","콜라비","","","콜라비/0.5kg"
"농산물","엽경채류","열무","1131105","열무(생것)","","","열무(생것)/0.3kg"
"농산물","엽경채류","근대","1131106","근대(적)","","","근대(적)/0.3kg"
"농산물","엽경채류","근대","1131107","근대(청)","","","근대(청)/0.3kg"
"농산물","엽경채류","깻잎나물","1131108","깻잎나물(순바라깻잎)","","","깻잎나물(순바라깻잎)/0.5kg"
"농산물","엽경채류","미나리","1131109","단미나리","","","단미나리/0.5kg"
"농산물","엽경채류","부추","1131110","영양부추","","","영양부추/0.2kg"
"농산물","엽경채류","새싹","1131111","모듬새싹","","","모듬새싹/0.5kg"
"농산물","엽경채류","새싹","1131112","무순","","","무순/0.15kg"
"농산물","엽경채류","쌈추","1131113","쌈추","","","쌈추/0.3kg"
"농산물","엽경채류","쑥","1131114","쑥(손질)","","","쑥(손질)/0.3kg"
"농산물","엽경채류","쑥갓","1131115","쑥갓","","","쑥갓/0.3kg"
"농산물","엽경채류","아욱","1131116","아욱","","","아욱/0.3kg"
"농산물","엽경채류","얼갈이","1131117","얼갈이(생것)","","","얼갈이(생것)/0.3kg"
"농산물","엽경채류","참나물","1131118","참나물(생것)","","","참나물(생것)/0.3kg"
"농산물","기타채소","두릅","1131119","두릅","","","두릅/0.5kg"
"농산물","조미채소류","대파","1131120","대파(흙)","","","대파(흙)/0.5kg"
"농산물","조미채소류","쪽파","1131121","쪽파(깐것)","","","쪽파(깐것)/0.2kg--"
"농산물","양채류","로메인","1131122","로메인","","","로메인/0.3kg"
"농산물","양채류","샐러리","1131123","셀러리(줄기)","","","셀러리(줄기)/0.5kg"
"농산물","양채류","양상추","1131124","깐양상추","","","깐양상추/0.4kg"
"농산물","양채류","치커리","1131125","치커리(적색)","","","치커리(적색)/0.3kg"
"농산물","양채류","콜리플라워","1131126","콜리플라워","","","콜리플라워/0.5kg"
"농산물","양채류","파슬리","1131127","파슬리","","","파슬리/0.3kg"
"농산물","엽경채류","깻잎나물","1131128","깻잎나물(잎바라깻잎)","","","깻잎나물(잎바라깻잎)/0.5kg"
"농산물","엽경채류","냉이","1131129","냉이(손질)","","","냉이(손질)/0.3kg"
"농산물","엽경채류","달래","1131130","달래","","","달래/0.3kg"
"농산물","엽경채류","돌나물","1131131","돌나물","","","돌나물/0.3kg"
"농산물","엽경채류","미나리","1131132","돌미나리","","","돌미나리/0.3kg"
"농산물","엽경채류","방풍나물","1131133","방풍나물","","","방풍나물/0.3kg"
"농산물","엽경채류","봄동","1131134","봄동","","","봄동/1kg"
"농산물","엽경채류","부추","1131135","부추","","","부추/0.5kg"
"농산물","엽경채류","부추","1131136","호부추","","","호부추/0.4kg"
"농산물","엽경채류","상추","1131137","적상추","","","적상추/0.3kg"
"농산물","엽경채류","상추","1131138","청상추","","","청상추/0.3kg"
"농산물","엽경채류","세발나물","1131139","세발나물","","","세발나물/0.5kg"
"농산물","엽경채류","취나물","1131140","취나물(생것/손질)","","","취나물(생것/손질)/0.5kg"
"농산물","엽경채류","시금치","1131141","시금치","","","시금치/0.3kg"
"농산물","엽경채류","쌈배추","1131142","쌈배추(알배기)","","","쌈배추(알배기)/0.5kg"
"농산물","엽경채류","쌈추","1131143","쌈추","","","쌈추/0.3kg"
"농산물","엽경채류","아욱","1131144","아욱","","","아욱/0.3kg"
"농산물","기타채소","유채","1131145","유채(생것)","","","유채(생것)/0.5kg"
"수산물","패류","바지락","1131146","바지락","","","바지락 냉동(살)/300g"
"수산물","패류","바지락","1131147","바지락","","","바지락 냉동(살)/500g"
"수산물","건어물","가다랭이","1131148","가다랭이포/고명용","","2023년","가다랭이포 반건품, 고명용/수입산/500g"
"수산물","건어물","꼴뚜기","1131149","건꼴뚜기","","2023년","건꼴뚜기 자건품/300g"
"수산물","건어물","건다시마","1131150","건다시마","","2023년","건다시마, 국물용/500g"
"수산물","건어물","건다시마","1131151","건다시마(다시마절단)","","2023년","건다시마, 절단/500g"
"수산물","건어물","멸치","1131152","건멸치(가이리)","","2023년","중멸치(가이리)/볶음조림용/300g"
"농산물","엽경채류","새싹","1131153","비타민","","","비타민/0.3kg"
"농산물","엽경채류","취나물","1131154","취나물(생것)","","","취나물(생것)/0.3kg"
"농산물","엽경채류","시금치","1131155","시금치(섬초)","","","시금치(섬초)/0.5kg"
"농산물","엽경채류","쑥","1131156","쑥(손질)","","","쑥(손질)/0.3kg"
"농산물","엽경채류","쑥갓","1131157","쑥갓","","","쑥갓/0.3kg"
"농산물","엽경채류","얼갈이","1131158","얼갈이(생것)","","","얼갈이(생것)/0.3kg"
"농산물","엽경채류","참나물","1131159","참나물(생것)","","","참나물(생것)/0.3kg"
"농산물","엽경채류","청경채","1131160","청경채","","","청경채/0.3kg"
"농산물","엽경채류","취나물(참취)","1131161","취나물(참취)","","","취나물(참취)/0.3kg"
"농산물","기타채소","두릅","1131162","두릅","","","두릅/0.5kg"
"농산물","기타채소","유채","1131163","유채(생것,손질)","","","유채(생것, 손질)/0.5kg"
"수산물","건어물","가다랭이","1131164","가다랭이포/고명용","","2023년","가다랭이포 반건품, 고명용/수입산/300g"
"수산물","건어물","가다랭이","1131165","가다랭이포/국물용","","2023년","가다랭이포 반건품, 국물용/수입산/300g"
"수산물","건어물","가다랭이","1131166","가다랭이포/국물용","","2023년","가다랭이포 반건품, 국물용/수입산/500g"
"수산물","어류","가자미","1131167","가자미살(99%가시제거)","","2023년","가자미순살(뼈제거 99%),토막당 40g내외/수입산/500g"
"수산물","어류","가자미","1131168","가자미살(99%가시제거)","","2023년","가자미순살(뼈제거 99%),토막당 40g내외/수입산/1kg"
"수산물","건어물","꼴뚜기","1131169","건꼴뚜기","","2023년","건꼴뚜기 자건품/500g"
"수산물","건어물","건다시마","1131170","건다시마","","2023년","건다시마, 국물용/300g"
"수산물","건어물","건다시마","1131171","건다시마(기장)","","2023년","건다시마 국물용, 기장/300g"
"수산물","건어물","건다시마","1131172","건다시마(기장)","","2023년","건다시마 국물용, 기장/500g"
"수산물","건어물","건다시마","1131173","건다시마(다시마절단)","","2023년","건다시마, 절단/300g"
"수산물","건어물","멸치","1131174","건멸치(가이리)","","2023년","중멸치(가이리)/볶음조림용/500g"
"수산물","건어물","멸치","1131175","건멸치(국물용)","","2023년","대멸치(다시)/국물용/300g"
"수산물","건어물","멸치","1131176","건멸치(지가이리)","","2023년","소멸치(지가이리)/볶음조림용/500g"
"수산물","건어물","멸치","1131177","건멸치(지리)","","2023년","세멸치(지리)/볶음조림용/500g"
"수산물","건어물","미역","1131178","건미역","","2023년","건실미역/300g"
"수산물","건어물","미역","1131179","건미역","","2023년","건실미역/500g"
"수산물","건어물","미역","1131180","건미역","","2023년","건미역(기장)/500g"
"수산물","건어물","미역","1131181","건미역(절단)","","2023년","건미역(절단)/300g"
"수산물","건어물","건새우","1131182","건새우(건홍새우)","","2023년","건홍새우/300g"
"수산물","건어물","건새우","1131183","건새우(건홍새우)","","2023년","건홍새우/500g"
"수산물","건어물","건새우","1131184","건새우(건홍새우)","","2023년","건홍새우/수입산/500g"
"수산물","건어물","톳","1131185","건톳","","2023년","건톳/300g"
"수산물","건어물","건파래","1131186","건파래찢은것","","2024년","건파래(파쇄)/500g"
"수산물","갑각류","게","1131187","꽃게(숫게)","","2023년","꽃게 냉동(손질) 4절단/1kg"
"수산물","갑각류","게","1131188","꽃게(암게)","","2023년","꽃게 냉동(손질) 4절단, 암게/1kg"
"수산물","연체류","낙지","1131189","낙지채","","2023년","낙지 냉동(손질) 기본채/1kg"
"수산물","연체류","낙지","1131190","낙지채","","2023년","낙지 냉동(손질) 기본채/500g"
"수산물","연체류","낙지","1131191","낙지채","","2023년","낙지 냉동(손질) 기본채/수입산/1kg"
"수산물","어류","날치","1131192","날치알","","2023년","날치알(냉동) 골드 800g/PAC 빙어알 혼합/수입산/800g"
"수산물","건어물","멸치","1131193","건멸치(국물용)","","2023년","대멸치(다시)/국물용/500g"
"수산물","건어물","멸치","1131194","건멸치(지가이리)","","2023년","소멸치(지가이리)/볶음조림용/300g"
"수산물","건어물","멸치","1131195","건멸치(지리)","","2023년","세멸치(지리)/볶음조림용/300g"
"수산물","건어물","미역","1131196","건미역","","2023년","건미역(기장)/300g"
"수산물","건어물","미역","1131197","건미역(절단)","","2023년","건미역(절단)/500g"
"수산물","건어물","건새우","1131198","건새우(건홍새우)","","2023년","건홍새우/수입산/300g"
"수산물","건어물","건새우","1131199","건새우(두절건새우)","","2023년","꽃새우(독새우) 자건품 두절새우, 3cm내외/300g"
"수산물","건어물","건새우","1131200","건새우(두절건새우)","","2023년","꽃새우(독새우) 자건품 두절새우, 3cm내외/500g"
"수산물","건어물","톳","1131201","건톳","","2023년","건톳/500g"
"수산물","건어물","건파래","1131202","건파래찢은것","","2024년","건파래(파쇄)/300g"
"수산물","건어물","건홍합","1131203","건홍합살","","2023년","건홍합살 자건품/300g"
"수산물","건어물","건홍합","1131204","건홍합살","","2023년","건홍합살 자건품/500g"
"수산물","어류","고등어","1131205","고등어살(99%가시제거)","","2023년","고등어순살(뼈제거 99%),토막당 40g내외/500g"
"수산물","어류","고등어","1131206","고등어살(99%가시제거)","","2023년","고등어순살(뼈제거 99%),토막당 40g내외/1kg"
"수산물","갑각류","게","1131207","꽃게(숫게)","","2023년","꽃게 냉동(손질) 4절단/500g"
"수산물","갑각류","게","1131208","꽃게(암게)","","2023년","꽃게 냉동(손질) 4절단, 암게/500g"
"수산물","연체류","낙지","1131209","낙지채","","2023년","낙지 냉동(손질) 기본채/수입산/500g"
"수산물","어류","달고기","1131210","달고기살","","2023년","달고기순살(유피)(뼈제거 99%),토막당 40g내외/500g"
"수산물","어류","달고기","1131211","달고기살","","2023년","달고기순살(무피)(뼈제거 99%),토막당 40g내외/500g"
"수산물","건어물","디포리","1131212","디포리","","2023년","디포리/500g"
"수산물","패류","논우렁이","1131213","논우렁이","","2023년","논우렁이 냉동(살)/700g"
"수산물","어류","달고기","1131214","달고기살","","2023년","달고기순살(유피)(뼈제거 99%),토막당 40g내외/1kg"
"수산물","어류","달고기","1131215","달고기살","","2023년","달고기순살(무피)(뼈제거 99%),토막당 40g내외/1kg"
"수산물","어류","대구","1131216","대구살","","2023년","대구 냉동(깍뚝) 절단, 토막당 40g내외/수입산/500g"
"수산물","어류","대구","1131217","대구살","","2023년","대구 냉동(깍뚝) 절단, 토막당 40g내외/수입산/1kg"
"수산물","어류","대구","1131218","대구살","","2023년","대구 냉동(포) 전용, 커틀릿용, 토막당 40g내외/수입산/1kg"
"수산물","어류","대구","1131219","대구살","","2023년","대구 냉동(포) 전용, 커틀릿용, 토막당 40g내외/수입산/500g"
"수산물","어류","명태","1131220","동태살(99%가시제거)","","2023년","명태(동태순살)(뼈제거 99%),토막당 40g내외/수입산/500g"
"수산물","어류","명태","1131221","동태살(99%가시제거)","","2023년","명태(동태순살)(뼈제거 99%),토막당 40g내외/수입산/1kg"
"수산물","건어물","디포리","1131222","디포리","","2023년","디포리/300g"
"수산물","어류","명란(알)","1131223","명란","","2023년","냉동 명란/수입산/1kg"
"수산물","건어물","건명태","1131224","명엽채","","2023년","명태 맛포 명엽채/수입산/500g"
"수산물","어류","명란(알)","1131225","명태곤이","","2023년","냉동 명태곤이/수입산/500g"
"수산물","어류","명란(알)","1131226","명태곤이","","2023년","냉동 명태곤이/수입산/1kg"
"수산물","어류","방어","1131227","방어살","","2023년","방어순살(뼈제거 99%),토막당 40g내외/1kg"
"수산물","건어물","건명태","1131228","북어채/국내가공","","2023년","북어채(황태채) 국내가공/수입산/300g"
"수산물","건어물","건명태","1131229","북어채/국내가공","","2023년","북어채(황태채) 국내가공/수입산/500g"
"수산물","건어물","건명태","1131230","북어채/중국가공","","2023년","북어채 중국가공/수입산/300g"
"수산물","건어물","건명태","1131231","북어채/중국가공","","2023년","북어채 중국가공/수입산/500g"
"수산물","어류","붕장어","1131232","붕장어포","","2023년","붕장어 냉동(살) 절단,토막당 40g내외/500g"
"수산물","어류","명란(알)","1131233","명란","","2023년","냉동 명란/수입산/500g"
"수산물","건어물","건명태","1131234","명엽채","","2023년","명태 맛포 명엽채/수입산/300g"
"수산물","건어물","미역","1131235","미역줄기","","2023년","염장 미역줄기(소금 30%이하)/500g"
"수산물","건어물","미역","1131236","미역줄기","","2023년","염장 미역줄기(소금 30%이하)/1kg"
"수산물","패류","바지락","1131237","바지락","","","바지락 냉동(살)/500g"
"수산물","패류","바지락","1131238","바지락","","","바지락 냉동(살)/1kg"
"수산물","어류","방어","1131253","방어살","","2023년","방어순살(뼈제거 99%),토막당 40g내외/500g"
"수산물","갑각류","새우","1131254","백새우살","","2023년","백새우살 , 냉동/500g"
"수산물","갑각류","새우","1131255","백새우살","","2023년","백새우살 , 냉동/1kg"
"수산물","건어물","건명태","1131256","북어","","2023년","통북어, 30cm이상(머리포함)/수입산/300g"
"수산물","건어물","건명태","1131257","북어","","2023년","통북어, 30cm이상(머리포함)/수입산/500g"
"수산물","어류","삼치","1131258","삼치살(99%가시제거)","","2023년","삼치순살(뼈제거 99%),토막당 40g내외/500g"
"수산물","갑각류","새우","1131259","새우(30미/500g/pac)","","2023년","흰다리새우 냉동 30미/500g/수입산/500g"
"수산물","어류","아귀","1131260","아귀살","","2023년","아귀순살(뼈제거 99%),토막당 40g내외/1kg"
"수산물","어류","연어살","1131261","연어살","","2023년","연어살 냉동(손질) 강정용, 커틀릿용,토막당 40g내외/칠레산/500g"
"수산물","어류","연어살","1131262","연어살","","2023년","연어살 냉동(손질) 강정용, 커틀릿용,토막당 40g내외/칠레산/1kg"
"수산물","연체류","오징어","1131263","오징어(몸채)","","2023년","오징어 선동(껍질유), 몸통채/500g"
"수산물","연체류","오징어","1131264","오징어(채)","","2023년","오징어 선동(껍질유), 기본채, 다리.귀포함/500g"
"수산물","연체류","오징어","1131265","오징어(몸채,껍질제거)","","2023년","오징어 선동(껍질제거), 몸통채/500g"
"수산물","연체류","오징어","1131266","오징어(몸채,껍질제거)","","2023년","오징어 선동(껍질제거), 몸통채/1kg"
"수산물","연체류","오징어","1131267","오징어(채,껍질제거)","","2023년","오징어 선동(껍질제거), 기본채, 다리.귀포함/1kg"
"수산물","연체류","오징어","1131268","오징어(채,껍질제거)","","2023년","오징어 선동(껍질제거), 기본채, 다리.귀포함/500g"
"수산물","연체류","전복","1131269","전복살(냉동)","","2023년","전복 냉동(살) 12미/650g/수입산/500g"
"수산물","연체류","전복","1131270","전복살(냉동)","","2024년","전복 냉동(살) 12미/650g/수입산/1kg"
"수산물","연체류","쭈꾸미","1131271","주꾸미(국내산)","","2023년","주꾸미 냉동(손질) 냉동, 기본채/500g"
"수산물","연체류","쭈꾸미","1131272","주꾸미(국내산)","","2023년","주꾸미 냉동(손질) 냉동, 기본채/1kg"
"수산물","어류","붕장어","1131273","붕장어포","","2023년","붕장어 냉동(살) 절단,토막당 40g내외/1kg"
"수산물","어류","삼치","1131274","삼치살(99%가시제거)","","2023년","삼치순살(뼈제거 99%),토막당 40g내외/1kg"
"수산물","갑각류","새우","1131275","새우(40미/500g/pac)","","2023년","흰다리새우 냉동 40미/500g/수입산/500g"
"수산물","어류","아귀","1131276","아귀살","","2023년","아귀순살(뼈제거 99%),토막당 40g내외/500g"
"수산물","연체류","오징어","1131277","오징어(몸채)","","2023년","오징어 선동(껍질유), 몸통채/1kg"
"수산물","연체류","오징어","1131278","오징어(채)","","2023년","오징어 선동(껍질유), 기본채, 다리.귀포함/1kg"
"수산물","어류","임연수어","1131279","임연수살(99%가시제거)","","2023년","임연수어순살(뼈제거 99%)/수입산/1kg"
"수산물","어류","임연수어","1131280","임연수살(99%가시제거)","","2023년","임연수어순살(뼈제거 99%)/수입산/500g"
"수산물","어류","명란(알)","1131281","젓갈(명란젓)","","2023년","명란(알) 양념명란젓 中/수입산/500g"
"수산물","젓갈류","새우젓","1131282","젓갈(새우젓)","","2023년","새우젓 육젓/500g"
"수산물","젓갈류","새우젓","1131283","젓갈(새우젓)","","2023년","새우젓 추젓/500g"
"수산물","어류","조기","1131284","조기포","","2023년","조기 냉동(포) 40g/수입산/500g"
"수산물","어류","조기","1131285","조기포","","2023년","조기 냉동(포) 40g/수입산/1kg"
"수산물","연체류","쭈꾸미","1131286","주꾸미(베트남산)","","2024년","주꾸미 냉동(손질) 냉동, 기본채/수입산/500g"
"수산물","연체류","쭈꾸미","1131287","주꾸미(베트남산)","","2024년","주꾸미 냉동(손질) 냉동, 기본채/수입산/1kg"
"수산물","연체류","쭈꾸미","1131288","주꾸미(베트남산)","","별도표기","주꾸미 냉동(손질), 기본채/수입산/1kg"
"수산물","갑각류","새우","1131289","칵테일새우살,71-90","","2023년","칵테일새우 자숙(탈각) 71/90, 6~7g/수입산/1kg"
"수산물","건어물","건명태","1131290","코다리살(99%가시제거)","","2023년","코다리순살(뼈제거 99%),토막당 40g내외/수입산/500g"
"수산물","어류","붉은메기","1131291","홍메기살(킹구살)","","2023년","붉은메기 냉동(킹구포) 절단,토막당 40g내외/1kg"
"수산물","갑각류","새우","1131292","흰다리새우살","","2023년","흰다리새우살, 냉동, 71/90, 6~7g/수입산/500g"
"수산물","연체류","쭈꾸미","1131293","주꾸미(베트남산)","","별도표기","주꾸미 냉동(손질) , 기본채/수입산/500g"
"수산물","건어물","쥐치","1131294","쥐치포(절단)","","2023년","쥐치포(절단)/수입산/300g"
"수산물","건어물","쥐치","1131295","쥐치포(절단)","","2023년","쥐치포(절단)/수입산/500g"
"수산물","건어물","건오징어","1131296","진미채(백진미,페루산)","","2023년","조미포 백진미채/수입산/300g"
"수산물","건어물","건오징어","1131297","진미채(백진미,페루산)","","2023년","조미포 백진미채/수입산/500g"
"수산물","갑각류","새우","1131298","칵테일새우살,71-90","","2023년","칵테일새우 자숙(탈각) 71/90, 6~7g/수입산/500g"
"수산물","건어물","건명태","1131299","코다리살(99%가시제거)","","2023년","코다리순살(뼈제거 99%),토막당 40g내외/수입산/1kg"
"수산물","어류","붉은메기","1131300","홍메기살(킹구살)","","2023년","붉은메기 냉동(킹구포) 절단,토막당 40g내외/500g"
"농산물","엽경채류","미나리","1131301","단미나리","","당해년도","단미나리/0.3kg/"
"수산물","갑각류","새우","1131313","흰다리새우살","","2023년","흰다리새우살, 냉동, 71/90, 6~7g/수입산/1kg"
"수산물","어류","갈치","1131314","갈치","","2024","갈치 냉동(손질) 절단, 토막당 40g/수입산/1kg"
"수산물","어류","갈치","1131315","갈치","","2024","갈치 냉동(손질) 절단, 토막당 40g/수입산/500g"
"수산물","패류","바지락","1131316","바지락","","","바지락 냉동(살)/300g"
"수산물","패류","바지락","1131317","바지락","","","바지락 냉동(살)/500g"
"농산물","근채류","연근","1131318","연근(슬라이스)","","당해년도","연근/슬라이스/0.3kg/"
"농산물","근채류","연근","1131319","연근(슬라이스)","","당해년도","연근/슬라이스/0.3kg_"
"농산물","과채류","가지","1131320","가지","","당해년도","가지/2개입/0.3kg/"
"농산물","과채류","가지","1131321","가지","","당해년도","가지/2개입/0.3kg_"
"농산물","엽경채류","미나리","1131322","단미나리","","당해년도","단미나리/0.3kg_"
"수산물","패류","바지락","1131323","바지락","","","바지락 냉동(살)/300g"
"수산물","패류","바지락","1131324","바지락","","","바지락 냉동(살)/500g"
"농산물","조미채소류","실파","1131325","쪽파(깐것)","","","쪽파(깐것)/0.2kg"
"농산물","과채류","단호박","1131326","단호박(4등분)","","당해년도","단호박(4등분)/수입산/1kg"
"농산물","과채류","단호박","1131327","단호박(깍뚝썰기/카레용)","","당해년도","단호박(깍뚝썰기/카레용)/수입산/1kg"
"농산물","과채류","단호박","1131328","단호박(채)","","당해년도","단호박(채)/수입산/1kg"
"농산물","과채류","단호박","1131329","단호박(피)","","당해년도","단호박(피)/수입산/1kg"
"농산물","과일과채류","참외","1131333","참외","","당해년도","참외,60내(51~59과), 270g/과/1kg"
"농산물","과일류","키위","1131353","골드키위","","","골드키위/1kg/250221_산지결품대체"
"농산물","조미채소류","실파","1131373","쪽파(깐것)","","","쪽파(깐것)/0.5kg"
"농산물","과채류","단호박","1131393","단호박(깍뚝썰기/밥용)","","당해년도","단호박(깍뚝썰기/밥용)/수입산/1kg"
"농산물","과채류","단호박","1131394","단호박(껍질없는찜용)","","당해년도","단호박(껍질없는 찜용)/수입산/1kg"
"농산물","과채류","단호박","1131395","단호박(죽용)","","당해년도","단호박(죽용)/수입산/1kg"
"농산물","과채류","단호박","1131396","단호박(튀김용/절단)","","당해년도","단호박(튀김용/절단)/수입산/1kg"
"농산물","양곡부류","백미","1131413","백미/남원","","2024년","일반미(유기농)/10kg"
"농산물","엽경채류","시금치","1131414","시금치","","2025년","시금치/0.3kg/"
"농산물","조미채소류","실파","1131415","쪽파(깐것)","","2025","쪽파(깐것)/0.2kg_"
"농산물","조미채소류","양파","1131416","양파(깐것)","","2024","양파(깐것)/1kg_"
"농산물","조미채소류","양파","1131417","양파(깐것)","","2025년","양파(깐것)100g이하/1kg_"
"농산물","조미채소류","양파","1131418","양파(피)","","2025년","양파(피)/1kg/"
"농산물","양곡부류","백미","1131433","백미/남원","","2024년","일반미(무농약)/10kg"
"농산물","엽경채류","시금치","1131453","시금치","","2025년","시금치/0.3kg_"
"농산물","견과류","밤","1131454","생율(대)","","2024","생율(대)/0.3kg_"
"농산물","견과류","밤","1131455","생율(중)","","2024","생율(중)/0.3kg_"
"농산물","과일류","블루베리","1131456","블루베리","","2024","블루베리/0.5kg_"
"농산물","조미채소류","양파","1131457","양파(깐것)","","2025년","양파(깐것)100g이하/1kg/"
"농산물","조미채소류","양파","1131458","양파(피)","","2025년","양파(피)/1kg_"
"축산물","돈육","돈육(갈비)","1131473","돈육(갈비)","","","돈육/냉장/무항생제/갈비/찜,구이용/2.5*3(cm)/0.3kg"
"축산물","돈육","돈육(갈비)","1131474","돈육(갈비)","","","돈육/냉장/무항생제/갈비/찜,구이용/2.5*3(cm)/0.5kg"
"축산물","돈육","돈육(갈비)","1131475","돈육(갈비)","","","돈육/냉장/무항생제/갈비/찜,구이용/2.5*3(cm)/1kg"
"축산물","돈육","돈육(등갈비)","1131476","돈육(등갈비)","","","돈육/냉장/무항생제/등갈비/찜,구이용/ 1/2 절단/0.3kg"
"축산물","돈육","돈육(등갈비)","1131477","돈육(등갈비)","","","돈육/냉장/무항생제/등갈비/찜,구이용/ 1/2 절단/0.5kg"
"축산물","돈육","돈육(등뼈)","1131478","돈육(등뼈)","","","돈육/냉장/무항생제/등뼈/찜,탕용/3cm 절단/0.3kg"
"축산물","돈육","돈육(등뼈)","1131479","돈육(등뼈)","","","돈육/냉장/무항생제/등뼈/찜,탕용/3cm 절단/0.5kg"
"축산물","돈육","돈육(등뼈)","1131480","돈육(등뼈)","","","돈육/냉장/무항생제/등뼈/찜,탕용/3cm 절단/1kg"
"축산물","돈육","돈육(등심)","1131481","돈육(등심)","","","돈육/냉장/무항생제/등심/돈까스용/개당40g내외/0.3kg"
"축산물","돈육","돈육(등심)","1131482","돈육(등심)","","","돈육/냉장/무항생제/등심/돈까스용/개당40g내외/0.5kg"
"축산물","돈육","돈육(등심)","1131483","돈육(등심)","","","돈육/냉장/무항생제/등심/돈까스용/개당40g내외/1kg"
"축산물","돈육","돈육(등심)","1131484","돈육(등심)","","","돈육/냉장/무항생제/등심/잡채용/0.3*0.3*5(cm)/0.3kg"
"축산물","돈육","돈육(등심)","1131485","돈육(등심)","","","돈육/냉장/무항생제/등심/잡채용/0.3*0.3*5(cm)/0.5kg"
"축산물","돈육","돈육(등심)","1131486","돈육(등심)","","","돈육/냉장/무항생제/등심/잡채용/0.3*0.3*5(cm)/1kg"
"축산물","돈육","돈육(등심)","1131487","돈육(등심)","","","돈육/냉장/무항생제/등심/짜장,카레용/1*1*1(cm)/0.3kg"
"축산물","돈육","돈육(등심)","1131488","돈육(등심)","","","돈육/냉장/무항생제/등심/짜장,카레용/1*1*1(cm)/0.5kg"
"축산물","돈육","돈육(등심)","1131489","돈육(등심)","","","돈육/냉장/무항생제/등심/탕수육용/1*1*4(cm)/0.3kg"
"축산물","돈육","돈육(등심)","1131490","돈육(등심)","","","돈육/냉장/무항생제/등심/탕수육용/1*1*4(cm)/0.5kg"
"축산물","돈육","돈육(등심)","1131491","돈육(등심)","","","돈육/냉장/무항생제/등심/탕수육용/1*1*4(cm)/1kg"
"축산물","돈육","돈육(목심)","1131492","돈육(목심)","","","돈육/냉장/무항생제/목살/구이용/0.7cm슬라이스/0.3kg"
"축산물","돈육","돈육(등갈비)","1131493","돈육(등갈비)","","","돈육/냉장/무항생제/등갈비/찜,구이용/ 1/2 절단/1kg"
"축산물","돈육","돈육(등심)","1131494","돈육(등심)","","","돈육/냉장/무항생제/등심/짜장,카레용/1*1*1(cm)/1kg"
"축산물","돈육","돈육(삼겹)","1131495","돈육(삼겹)","","","돈육/냉장/무항생제/삼겹살/구이용/0.7cm슬라이스/0.5kg"
"축산물","돈육","돈육(삼겹)","1131496","돈육(삼겹)","","","돈육/냉장/무항생제/삼겹살/구이용/0.7cm슬라이스/1kg"
"축산물","돈육","돈육(삼겹)","1131497","돈육(삼겹)","","","돈육/냉장/무항생제/삼겹/수육용/200g~300g 덩어리/0.3kg"
"축산물","돈육","돈육(전지)","1131498","돈육(전지)","","","돈육/냉장/무항생제/앞다리/다짐육/0.5 다짐육(cm)/0.3kg"
"축산물","돈육","돈육(전지)","1131499","돈육(전지)","","","돈육/냉장/무항생제/앞다리/다짐육/0.5 다짐육(cm)/1kg"
"축산물","돈육","돈육(전지)","1131500","돈육(전지)","","","돈육/냉장/무항생제/앞다리/찌개용/0.3*2*3(cm)/0.5kg"
"축산물","돈육","돈육(전지)","1131501","돈육(전지)","","","돈육/냉장/무항생제/앞다리/수육용/200g~300g 덩어리/0.3kg"
"축산물","돈육","돈육(전지)","1131502","돈육(전지)","","","돈육/냉장/무항생제/앞다리/수육용/200g~300g 덩어리/0.5kg"
"축산물","한우","한우(등심)","1131503","한우(등심)","","","한우/냉장/1등급/등심/불고기/0.3*3*4(cm)/0.3kg"
"축산물","한우","한우(등심)","1131504","한우(등심)","","","한우/냉장/1등급/등심/불고기/0.3*3*4(cm)/0.5kg"
"축산물","한우","한우(등심)","1131505","한우(등심)","","","한우/냉장/2등급/등심/불고기/0.3*3*4(cm)/0.3kg"
"축산물","한우","한우(등심)","1131506","한우(등심)","","","한우/냉장/2등급/등심/불고기/0.3*3*4(cm)/0.5kg"
"축산물","한우","한우(등심)","1131507","한우(등심)","","","한우/냉장/무항생제/등심/구이,스테이크용/0.7cm 구이용 슬라이스/0.3kg"
"축산물","한우","한우(등심)","1131508","한우(등심)","","","한우/냉장/무항생제/등심/불고기/0.3*3*4(cm)/0.3kg"
"축산물","한우","한우(등심)","1131509","한우(등심)","","","한우/냉장/무항생제/등심/불고기/0.3*3*4(cm)/0.5kg"
"축산물","한우","한우(목심)","1131510","한우(목심)","","","한우/냉장/1등급/목심/샤브용/0.2*4*5 (cm)/0.3kg"
"축산물","한우","한우(목심)","1131511","한우(목심)","","","한우/냉장/1등급/목심/샤브용/0.2*4*5 (cm)/0.5kg"
"축산물","한우","한우(목심)","1131512","한우(목심)","","","한우/냉장/2등급/목심/샤브용/0.2*4*5 (cm)/0.3kg"
"축산물","돈육","돈육(목심)","1131513","돈육(목심)","","","돈육/냉장/무항생제/목살/구이용/0.7cm슬라이스/0.5kg"
"축산물","돈육","돈육(목심)","1131514","돈육(목심)","","","돈육/냉장/무항생제/목살/구이용/0.7cm슬라이스/1kg"
"축산물","돈육","돈육(목심)","1131515","돈육(목심)","","","돈육/냉장/무항생제/목살/수육용/200~300g 덩어리/0.3kg"
"축산물","돈육","돈육(목심)","1131516","돈육(목심)","","","돈육/냉장/무항생제/목살/수육용/200~300g 덩어리/0.5kg"
"축산물","돈육","돈육(목심)","1131517","돈육(목심)","","","돈육/냉장/무항생제/목살/수육용/200~300g 덩어리/1kg"
"축산물","돈육","돈육(사태)","1131518","돈육(사태)","","","돈육/냉장/무항생제/사태/장조림용/2*2*2(cm)/0.3kg"
"축산물","돈육","돈육(사태)","1131519","돈육(사태)","","","돈육/냉장/무항생제/사태/장조림용/2*2*2(cm)/0.5kg"
"축산물","돈육","돈육(사태)","1131520","돈육(사태)","","","돈육/냉장/무항생제/사태/장조림용/2*2*2(cm)/1kg"
"축산물","돈육","돈육(삼겹)","1131521","돈육(삼겹)","","","돈육/냉장/무항생제/삼겹살/구이용/0.7cm슬라이스/0.3kg"
"축산물","돈육","돈육(삼겹)","1131522","돈육(삼겹)","","","돈육/냉장/무항생제/삼겹/수육용/200g~300g 덩어리/0.5kg"
"축산물","돈육","돈육(삼겹)","1131523","돈육(삼겹)","","","돈육/냉장/무항생제/삼겹/수육용/200g~300g 덩어리/1kg"
"축산물","돈육","돈육(전지)","1131524","돈육(전지)","","","돈육/냉장/무항생제/앞다리/다짐육/0.5 다짐육(cm)/0.5kg"
"축산물","돈육","돈육(전지)","1131525","돈육(전지)","","","돈육/냉장/무항생제/앞다리/불고기용/0.3*3*4(cm)/0.3kg"
"축산물","돈육","돈육(전지)","1131526","돈육(전지)","","","돈육/냉장/무항생제/앞다리/불고기용/0.3*3*4(cm)/0.5kg"
"축산물","돈육","돈육(전지)","1131527","돈육(전지)","","","돈육/냉장/무항생제/앞다리/불고기용/0.3*3*4(cm)/1kg"
"축산물","돈육","돈육(전지)","1131528","돈육(전지)","","","돈육/냉장/무항생제/앞다리/찌개용/0.3*2*3(cm)/0.3kg"
"축산물","돈육","돈육(전지)","1131529","돈육(전지)","","","돈육/냉장/무항생제/앞다리/찌개용/0.3*2*3(cm)/1kg"
"축산물","돈육","돈육(전지)","1131530","돈육(전지)","","","돈육/냉장/무항생제/앞다리/수육용/200g~300g 덩어리/1kg"
"축산물","한우","한우(등심)","1131531","한우(등심)","","","한우/냉장/1등급/등심/구이,스테이크용/0.7cm 구이용 슬라이스/0.3kg"
"축산물","한우","한우(등심)","1131532","한우(등심)","","","한우/냉장/1등급/등심/구이,스테이크용/0.7cm 구이용 슬라이스/0.5kg"
"축산물","한우","한우(등심)","1131533","한우(등심)","","","한우/냉장/1등급/등심/구이,스테이크용/0.7cm 구이용 슬라이스/1kg"
"축산물","한우","한우(등심)","1131534","한우(등심)","","","한우/냉장/1등급/등심/불고기/0.3*3*4(cm)/1kg"
"축산물","한우","한우(등심)","1131535","한우(등심)","","","한우/냉장/2등급/등심/구이,스테이크용/0.7cm 구이용 슬라이스/0.3kg"
"축산물","한우","한우(등심)","1131536","한우(등심)","","","한우/냉장/2등급/등심/구이,스테이크용/0.7cm 구이용 슬라이스/0.5kg"
"축산물","한우","한우(등심)","1131537","한우(등심)","","","한우/냉장/2등급/등심/구이,스테이크용/0.7cm 구이용 슬라이스/1kg"
"축산물","한우","한우(등심)","1131538","한우(등심)","","","한우/냉장/2등급/등심/불고기/0.3*3*4(cm)/1kg"
"축산물","한우","한우(등심)","1131539","한우(등심)","","","한우/냉장/무항생제/등심/구이,스테이크용/0.7cm 구이용 슬라이스/0.5kg"
"축산물","한우","한우(등심)","1131540","한우(등심)","","","한우/냉장/무항생제/등심/구이,스테이크용/0.7cm 구이용 슬라이스/1kg"
"축산물","한우","한우(등심)","1131541","한우(등심)","","","한우/냉장/무항생제/등심/불고기/0.3*3*4(cm)/1kg"
"축산물","한우","한우(목심)","1131542","한우(목심)","","","한우/냉장/1등급/목심/샤브용/0.2*4*5 (cm)/1kg"
"축산물","한우","한우(사골)","1131543","한우(사골)","","","한우/냉동/2등급/사골/탕,국용/3cm 절단/0.3kg"
"축산물","한우","한우(사골)","1131544","한우(사골)","","","한우/냉동/2등급/사골/탕,국용/3cm 절단/0.5kg"
"축산물","한우","한우(사태)","1131545","한우(사태)","","","한우/냉장/1등급/사태/장조림/2*2*2(cm)/0.3kg"
"축산물","한우","한우(사태)","1131546","한우(사태)","","","한우/냉장/2등급/사태/장조림/2*2*2(cm)/0.5kg"
"축산물","한우","한우(사태)","1131547","한우(사태)","","","한우/냉장/2등급/사태/장조림/2*2*2(cm)/1kg"
"축산물","한우","한우(설도)","1131548","한우(설도)","","","한우/냉장/1등급/설도/장조림/2*2*2(cm)/0.3kg"
"축산물","한우","한우(설도)","1131549","한우(설도)","","","한우/냉장/1등급/설도/장조림/2*2*2(cm)/1kg"
"축산물","한우","한우(설도)","1131550","한우(설도)","","","한우/냉장/2등급/설도/불고기/0.2*3*4(cm)/1kg"
"축산물","한우","한우(설도)","1131551","한우(설도)","","","한우/냉장/2등급/설도/채썰기/0.4*0.4*5(cm)/0.3kg"
"축산물","한우","한우(설도)","1131552","한우(설도)","","","한우/냉장/2등급/설도/채썰기/0.4*0.4*5(cm)/1kg"
"축산물","한우","한우(목심)","1131553","한우(목심)","","","한우/냉장/2등급/목심/샤브용/0.2*4*5 (cm)/0.5kg"
"축산물","한우","한우(목심)","1131554","한우(목심)","","","한우/냉장/2등급/목심/샤브용/0.2*4*5 (cm)/1kg"
"축산물","한우","한우(목심)","1131555","한우(목심)","","","한우/냉장/무항생제/목심/샤브용/0.2*4*5 (cm)/0.3kg"
"축산물","한우","한우(목심)","1131556","한우(목심)","","","한우/냉장/무항생제/목심/샤브용/0.2*4*5 (cm)/0.5kg"
"축산물","한우","한우(목심)","1131557","한우(목심)","","","한우/냉장/무항생제/목심/샤브용/0.2*4*5 (cm)/1kg"
"축산물","한우","한우(사골)","1131558","한우(사골)","","","한우/냉동/2등급/사골/탕,국용/3cm 절단/1kg"
"축산물","한우","한우(사태)","1131559","한우(사태)","","","한우/냉장/1등급/사태/장조림/2*2*2(cm)/0.5kg"
"축산물","한우","한우(사태)","1131560","한우(사태)","","","한우/냉장/1등급/사태/장조림/2*2*2(cm)/1kg"
"축산물","한우","한우(사태)","1131561","한우(사태)","","","한우/냉장/2등급/사태/장조림/2*2*2(cm)/0.3kg"
"축산물","한우","한우(사태)","1131562","한우(사태)","","","한우/냉장/무항생제/사태/장조림/2*2*2(cm)/0.3kg"
"축산물","한우","한우(사태)","1131563","한우(사태)","","","한우/냉장/무항생제/사태/장조림/2*2*2(cm)/0.5kg"
"축산물","한우","한우(사태)","1131564","한우(사태)","","","한우/냉장/무항생제/사태/장조림/2*2*2(cm)/1kg"
"축산물","한우","한우(설도)","1131565","한우(설도)","","","한우/냉장/1등급/설도/불고기/0.2*3*4(cm)/0.3kg"
"축산물","한우","한우(설도)","1131566","한우(설도)","","","한우/냉장/1등급/설도/불고기/0.2*3*4(cm)/0.5kg"
"축산물","한우","한우(설도)","1131567","한우(설도)","","","한우/냉장/1등급/설도/불고기/0.2*3*4(cm)/1kg"
"축산물","한우","한우(설도)","1131568","한우(설도)","","","한우/냉장/1등급/설도/채썰기/0.4*0.4*5(cm)/0.3kg"
"축산물","한우","한우(설도)","1131569","한우(설도)","","","한우/냉장/1등급/설도/채썰기/0.4*0.4*5(cm)/0.5kg"
"축산물","한우","한우(설도)","1131570","한우(설도)","","","한우/냉장/1등급/설도/채썰기/0.4*0.4*5(cm)/1kg"
"축산물","한우","한우(설도)","1131571","한우(설도)","","","한우/냉장/1등급/설도/장조림/2*2*2(cm)/0.5kg"
"축산물","한우","한우(설도)","1131572","한우(설도)","","","한우/냉장/2등급/설도/불고기/0.2*3*4(cm)/0.3kg"
"축산물","한우","한우(설도)","1131573","한우(설도)","","","한우/냉장/2등급/설도/불고기/0.2*3*4(cm)/0.5kg"
"축산물","한우","한우(설도)","1131574","한우(설도)","","","한우/냉장/2등급/설도/채썰기/0.4*0.4*5(cm)/0.5kg"
"축산물","한우","한우(설도)","1131575","한우(설도)","","","한우/냉장/2등급/설도/장조림/2*2*2(cm)/0.3kg"
"축산물","한우","한우(설도)","1131576","한우(설도)","","","한우/냉장/2등급/설도/장조림/2*2*2(cm)/0.5kg"
"축산물","한우","한우(설도)","1131577","한우(설도)","","","한우/냉장/2등급/설도/장조림/2*2*2(cm)/1kg"
"축산물","한우","한우(설도)","1131578","한우(설도)","","","한우/냉장/무항생제/설도/불고기/0.2*3*4(cm)/1kg"
"축산물","한우","한우(설도)","1131579","한우(설도)","","","한우/냉장/무항생제/설도/채썰기/0.4*0.4*5(cm)/0.5kg"
"축산물","한우","한우(설도)","1131580","한우(설도)","","","한우/냉장/무항생제/설도/채썰기/0.4*0.4*5(cm)/1kg"
"축산물","한우","한우(설도)","1131581","한우(설도)","","","한우/냉장/무항생제/설도/장조림/2*2*2(cm)/0.3kg"
"축산물","한우","한우(설도)","1131582","한우(설도)","","","한우/냉장/무항생제/설도/장조림/2*2*2(cm)/0.5kg"
"축산물","한우","한우(설도)","1131583","한우(설도)","","","한우/냉장/무항생제/설도/장조림/2*2*2(cm)/1kg"
"축산물","한우","한우(안심)","1131584","한우(안심)","","","한우/냉장/1등급/안심/구이,스테이크용/0.7cm 구이용 슬라이스/0.3kg"
"축산물","한우","한우(안심)","1131585","한우(안심)","","","한우/냉장/1등급/안심/구이,스테이크용/0.7cm 구이용 슬라이스/1kg"
"축산물","한우","한우(안심)","1131586","한우(안심)","","","한우/냉장/1등급/안심/불고기/0.3*3*4(cm)/0.5kg"
"축산물","한우","한우(안심)","1131587","한우(안심)","","","한우/냉장/1등급/안심/불고기/0.3*3*4(cm)/1kg"
"축산물","한우","한우(안심)","1131588","한우(안심)","","","한우/냉장/2등급/안심/구이,스테이크용/0.7cm 구이용 슬라이스/0.3kg"
"축산물","한우","한우(안심)","1131589","한우(안심)","","","한우/냉장/2등급/안심/구이,스테이크용/0.7cm 구이용 슬라이스/0.5kg"
"축산물","한우","한우(안심)","1131590","한우(안심)","","","한우/냉장/2등급/안심/구이,스테이크용/0.7cm 구이용 슬라이스/1kg"
"축산물","한우","한우(안심)","1131591","한우(안심)","","","한우/냉장/2등급/안심/불고기/0.3*3*4(cm)/0.3kg"
"축산물","한우","한우(안심)","1131592","한우(안심)","","","한우/냉장/무항생제/안심/구이,스테이크용/0.7cm 구이용 슬라이스/0.3kg"
"축산물","한우","한우(설도)","1131593","한우(설도)","","","한우/냉장/무항생제/설도/불고기/0.2*3*4(cm)/0.3kg"
"축산물","한우","한우(설도)","1131594","한우(설도)","","","한우/냉장/무항생제/설도/불고기/0.2*3*4(cm)/0.5kg"
"축산물","한우","한우(설도)","1131595","한우(설도)","","","한우/냉장/무항생제/설도/채썰기/0.4*0.4*5(cm)/0.3kg"
"축산물","한우","한우(안심)","1131596","한우(안심)","","","한우/냉장/1등급/안심/구이,스테이크용/0.7cm 구이용 슬라이스/0.5kg"
"축산물","한우","한우(안심)","1131597","한우(안심)","","","한우/냉장/1등급/안심/불고기/0.3*3*4(cm)/0.3kg"
"축산물","한우","한우(안심)","1131598","한우(안심)","","","한우/냉장/2등급/안심/불고기/0.3*3*4(cm)/0.5kg"
"축산물","한우","한우(안심)","1131599","한우(안심)","","","한우/냉장/2등급/안심/불고기/0.3*3*4(cm)/1kg"
"축산물","한우","한우(안심)","1131600","한우(안심)","","","한우/냉장/무항생제/안심/불고기/0.3*3*4(cm)/0.3kg"
"축산물","한우","한우(안심)","1131601","한우(안심)","","","한우/냉장/무항생제/안심/불고기/0.3*3*4(cm)/0.5kg"
"축산물","한우","한우(양지)","1131602","한우(양지)","","","한우/냉장/1등급/양지/국거리/200g-300g 덩어리/0.5kg"
"축산물","한우","한우(양지)","1131603","한우(양지)","","","한우/냉장/1등급/양지/국거리/200g-300g 덩어리/1kg"
"축산물","한우","한우(양지)","1131604","한우(양지)","","","한우/냉장/1등급/양지/국거리/0.3*2*3(cm)/0.3kg"
"축산물","한우","한우(양지)","1131605","한우(양지)","","","한우/냉장/2등급/양지/국거리/200g-300g 덩어리/0.3kg"
"축산물","한우","한우(양지)","1131606","한우(양지)","","","한우/냉장/무항생제/양지/국거리/200g-300g 덩어리/0.5kg"
"축산물","한우","한우(양지)","1131607","한우(양지)","","","한우/냉장/무항생제/양지/국거리/0.3*2*3(cm)/0.3kg"
"축산물","한우","한우(양지)","1131608","한우(양지)","","","한우/냉장/무항생제/양지/국거리/0.3*2*3(cm)/1kg"
"축산물","한우","한우(우둔)","1131609","한우(우둔)","","","한우/냉장/1등급/우둔/다짐육/0.5cm 다짐육/0.5kg"
"축산물","한우","한우(우둔)","1131610","한우(우둔)","","","한우/냉장/1등급/우둔/다짐육/0.5cm 다짐육/1kg"
"축산물","한우","한우(우둔)","1131611","한우(우둔)","","","한우/냉장/1등급/우둔/짜장,카레용/1*1*1(cm)/0.3kg"
"축산물","한우","한우(우둔)","1131612","한우(우둔)","","","한우/냉장/1등급/우둔/짜장,카레용/1*1*1(cm)/1kg"
"축산물","한우","한우(안심)","1131613","한우(안심)","","","한우/냉장/무항생제/안심/구이,스테이크용/0.7cm 구이용 슬라이스/0.5kg"
"축산물","한우","한우(안심)","1131614","한우(안심)","","","한우/냉장/무항생제/안심/구이,스테이크용/0.7cm 구이용 슬라이스/1kg"
"축산물","한우","한우(안심)","1131615","한우(안심)","","","한우/냉장/무항생제/안심/불고기/0.3*3*4(cm)/1kg"
"축산물","한우","한우(양지)","1131616","한우(양지)","","","한우/냉장/1등급/양지/국거리/200g-300g 덩어리/0.3kg"
"축산물","한우","한우(양지)","1131617","한우(양지)","","","한우/냉장/1등급/양지/국거리/0.3*2*3(cm)/0.5kg"
"축산물","한우","한우(양지)","1131618","한우(양지)","","","한우/냉장/1등급/양지/국거리/0.3*2*3(cm)/1kg"
"축산물","한우","한우(양지)","1131619","한우(양지)","","","한우/냉장/2등급/양지/국거리/200g-300g 덩어리/0.5kg"
"축산물","한우","한우(양지)","1131620","한우(양지)","","","한우/냉장/2등급/양지/국거리/200g-300g 덩어리/1kg"
"축산물","한우","한우(양지)","1131621","한우(양지)","","","한우/냉장/2등급/양지/국거리/0.3*2*3(cm)/0.3kg"
"축산물","한우","한우(양지)","1131622","한우(양지)","","","한우/냉장/2등급/양지/국거리/0.3*2*3(cm)/0.5kg"
"축산물","한우","한우(양지)","1131623","한우(양지)","","","한우/냉장/2등급/양지/국거리/0.3*2*3(cm)/1kg"
"축산물","한우","한우(양지)","1131624","한우(양지)","","","한우/냉장/무항생제/양지/국거리/200g-300g 덩어리/0.3kg"
"축산물","한우","한우(양지)","1131625","한우(양지)","","","한우/냉장/무항생제/양지/국거리/200g-300g 덩어리/1kg"
"축산물","한우","한우(양지)","1131626","한우(양지)","","","한우/냉장/무항생제/양지/국거리/0.3*2*3(cm)/0.5kg"
"축산물","한우","한우(우둔)","1131627","한우(우둔)","","","한우/냉장/1등급/우둔/다짐육/0.5cm 다짐육/0.3kg"
"축산물","한우","한우(우둔)","1131628","한우(우둔)","","","한우/냉장/1등급/우둔/짜장,카레용/1*1*1(cm)/0.5kg"
"축산물","한우","한우(우둔)","1131629","한우(우둔)","","","한우/냉장/2등급/우둔/다짐육/0.5cm 다짐육/0.3kg"
"축산물","한우","한우(우둔)","1131630","한우(우둔)","","","한우/냉장/2등급/우둔/다짐육/0.5cm 다짐육/1kg"
"축산물","한우","한우(우둔)","1131631","한우(우둔)","","","한우/냉장/2등급/우둔/짜장,카레용/1*1*1(cm)/0.5kg"
"축산물","한우","한우(우둔)","1131632","한우(우둔)","","","한우/냉장/무항생제/우둔/짜장,카레용/1*1*1(cm)/0.5kg"
"축산물","한우","한우(우둔)","1131633","한우(우둔)","","","한우/냉장/2등급/우둔/다짐육/0.5cm 다짐육/0.5kg"
"축산물","한우","한우(우둔)","1131634","한우(우둔)","","","한우/냉장/2등급/우둔/짜장,카레용/1*1*1(cm)/0.3kg"
"축산물","한우","한우(우둔)","1131635","한우(우둔)","","","한우/냉장/2등급/우둔/짜장,카레용/1*1*1(cm)/1kg"
"축산물","한우","한우(우둔)","1131636","한우(우둔)","","","한우/냉장/무항생제/우둔/다짐육/0.5cm 다짐육/0.3kg"
"축산물","한우","한우(우둔)","1131637","한우(우둔)","","","한우/냉장/무항생제/우둔/다짐육/0.5cm 다짐육/0.5kg"
"축산물","한우","한우(우둔)","1131638","한우(우둔)","","","한우/냉장/무항생제/우둔/다짐육/0.5cm 다짐육/1kg"
"축산물","한우","한우(우둔)","1131639","한우(우둔)","","","한우/냉장/무항생제/우둔/짜장,카레용/1*1*1(cm)/0.3kg"
"축산물","한우","한우(우둔)","1131640","한우(우둔)","","","한우/냉장/무항생제/우둔/짜장,카레용/1*1*1(cm)/1kg"
"축산물","한우","한우(잡뼈)","1131641","한우(잡뼈)","","","한우/냉동/2등급/잡뼈/탕,국용/3cm 절단/1kg"
"축산물","한우","한우(전각)","1131642","한우(전각)","","","한우/냉장/1등급/앞다리(전각)/불고기/0.3*3*4(cm)/0.5kg"
"축산물","한우","한우(전각)","1131643","한우(전각)","","","한우/냉장/무항생제/앞다리(전각)/불고기/0.3*3*4(cm)/1kg"
"축산물","한우","한우(채끝)","1131644","한우(채끝)","","","한우/냉장/1등급/채끝/구이,스테이크용/0.7cm 구이용 슬라이스/1kg"
"축산물","한우","한우(채끝)","1131645","한우(채끝)","","","한우/냉장/1등급/채끝/불고기/0.3*3*4(cm)/0.3kg"
"축산물","한우","한우(채끝)","1131646","한우(채끝)","","","한우/냉장/1등급/채끝/불고기/0.3*3*4(cm)/1kg"
"축산물","한우","한우(채끝)","1131647","한우(채끝)","","","한우/냉장/2등급/채끝/구이,스테이크용/0.7cm 구이용 슬라이스/0.5kg"
"축산물","한우","한우(채끝)","1131648","한우(채끝)","","","한우/냉장/무항생제/채끝/구이,스테이크용/0.7cm 구이용 슬라이스/0.5kg"
"축산물","한우","한우(채끝)","1131649","한우(채끝)","","","한우/냉장/무항생제/채끝/불고기/0.3*3*4(cm)/0.3kg"
"축산물","한우","한우(채끝)","1131650","한우(채끝)","","","한우/냉장/무항생제/채끝/불고기/0.3*3*4(cm)/0.5kg"
"축산물","한우","한우(채끝)","1131651","한우(채끝)","","","한우/냉장/무항생제/채끝/불고기/0.3*3*4(cm)/1kg"
"축산물","한우","한우(잡뼈)","1131653","한우(잡뼈)","","","한우/냉동/2등급/잡뼈/탕,국용/3cm 절단/0.3kg"
"축산물","한우","한우(잡뼈)","1131654","한우(잡뼈)","","","한우/냉동/2등급/잡뼈/탕,국용/3cm 절단/0.5kg"
"축산물","한우","한우(전각)","1131655","한우(전각)","","","한우/냉장/1등급/앞다리(전각)/불고기/0.3*3*4(cm)/0.3kg"
"축산물","한우","한우(전각)","1131656","한우(전각)","","","한우/냉장/1등급/앞다리(전각)/불고기/0.3*3*4(cm)/1kg"
"축산물","한우","한우(전각)","1131657","한우(전각)","","","한우/냉장/2등급/앞다리(전각)/불고기/0.3*3*4(cm)/0.3kg"
"축산물","한우","한우(전각)","1131658","한우(전각)","","","한우/냉장/2등급/앞다리(전각)/불고기/0.3*3*4(cm)/0.5kg"
"축산물","한우","한우(전각)","1131659","한우(전각)","","","한우/냉장/2등급/앞다리(전각)/불고기/0.3*3*4(cm)/1kg"
"축산물","한우","한우(전각)","1131660","한우(전각)","","","한우/냉장/무항생제/앞다리(전각)/불고기/0.3*3*4(cm)/0.3kg"
"축산물","한우","한우(전각)","1131661","한우(전각)","","","한우/냉장/무항생제/앞다리(전각)/불고기/0.3*3*4(cm)/0.5kg"
"축산물","한우","한우(채끝)","1131662","한우(채끝)","","","한우/냉장/1등급/채끝/구이,스테이크용/0.7cm 구이용 슬라이스/0.3kg"
"축산물","한우","한우(채끝)","1131663","한우(채끝)","","","한우/냉장/1등급/채끝/구이,스테이크용/0.7cm 구이용 슬라이스/0.5kg"
"축산물","한우","한우(채끝)","1131664","한우(채끝)","","","한우/냉장/1등급/채끝/불고기/0.3*3*4(cm)/0.5kg"
"축산물","한우","한우(채끝)","1131665","한우(채끝)","","","한우/냉장/2등급/채끝/구이,스테이크용/0.7cm 구이용 슬라이스/0.3kg"
"축산물","한우","한우(채끝)","1131666","한우(채끝)","","","한우/냉장/2등급/채끝/구이,스테이크용/0.7cm 구이용 슬라이스/1kg"
"축산물","한우","한우(채끝)","1131667","한우(채끝)","","","한우/냉장/2등급/채끝/불고기/0.3*3*4(cm)/0.3kg"
"축산물","한우","한우(채끝)","1131668","한우(채끝)","","","한우/냉장/2등급/채끝/불고기/0.3*3*4(cm)/0.5kg"
"축산물","한우","한우(채끝)","1131669","한우(채끝)","","","한우/냉장/2등급/채끝/불고기/0.3*3*4(cm)/1kg"
"축산물","한우","한우(채끝)","1131670","한우(채끝)","","","한우/냉장/무항생제/채끝/구이,스테이크용/0.7cm 구이용 슬라이스/0.3kg"
"축산물","한우","한우(채끝)","1131671","한우(채끝)","","","한우/냉장/무항생제/채끝/구이,스테이크용/0.7cm 구이용 슬라이스/1kg"
"농산물","조미채소류","쪽파","1131673","쪽파(깐것)","","","쪽파(깐것)/0.2kg/-"
"농산물","조미채소류","쪽파","1131674","쪽파(깐것)","","","쪽파(깐것)/0.2kg_-"
"가공식품","농산물가공식품","콩가루","1131693","콩가루/푸르원","","","국산생콩가루/1kg"
"가공식품","농산물가공식품","콩가루","1131694","콩가루/푸르원","","","국산볶음콩가루/1kg"
"농산물","엽경채류","미나리","1131695","단미나리","","당해년도","단미나리/0.3kg"
"농산물","근채류","당근(전처리)","1131696","깐당근","","2024년","깐당근(채썰기_잡채, 볶음, 무침용)/1kg"
"농산물","근채류","무(전처리)","1131697","깐무","","2024년","깐무(나박썰기_국, 탕용)/1kg"
"농산물","엽경채류","양배추(전처리)","1131698","깐양배추","","2024년","깐양배추(나박썰기_짜장, 찜, 볶음용)/1kg"
"농산물","근채류","당근","1131699","당근(깐것)","","2024","깐당근/1kg"
"농산물","근채류","당근","1131700","당근(흙)","","2024","당근(흙)/1kg"
"농산물","근채류","무","1131701","무(깐것)","","2024","깐무/개"
"농산물","근채류","무","1131702","무(세척)","","2024","세척무/개"
"농산물","근채류","무","1131703","무(흙)","","2024","무(흙)/개"
"농산물","엽경채류","양배추","1131704","양배추(깐것)","","2024","깐양배추/통"
"농산물","조미채소류","양파","1131705","양파(깐것)","","2024","양파(깐것)/1kg"
"농산물","조미채소류","양파","1131706","양파(깐것)","","2025년","양파(깐것)100g이하/1kg"
"농산물","조미채소류","양파","1131707","양파(피)","","2025년","양파(피)/1kg"
"농산물","조미채소류","실파","1131708","쪽파(깐것)","","2024","쪽파(깐것)/0.2kg"
"농산물","과일류","키위","1131709","키위(참다래,100g)","","2024","키위(참다래, 100g)/1kg"
"농산물","조미채소류","마늘쫑","1131710","마늘쫑","","","마늘쫑/0.3kg"
"농산물","엽경채류","비름나물","1131711","비름나물(생것/손질)","","","비름나물(생것/손질)/0.3kg"
"농산물","조미채소류","마늘쫑","1131712","마늘쫑","","","마늘쫑/1kg"
"농산물","서류","감자(전처리)","1131713","깐감자","","2024년","깐감자(깍둑썰기_조림, 찜용)/1kg"
"농산물","서류","감자(전처리)","1131714","깐감자","","2024년","깐감자(깍둑썰기_카레, 짜장, 국용)/1kg"
"농산물","근채류","당근(전처리)","1131715","깐당근","","2024년","깐당근(깍둑썰기_카레용)/1kg"
"농산물","근채류","무(전처리)","1131716","깐무","","2024년","깐무(깍둑썰기_깍두기, 치킨무용)/1kg"
"농산물","엽경채류","양배추(전처리)","1131717","깐양배추","","2024년","깐양배추(채썰기_샐러드, 무침용)/1kg"
"농산물","조미채소류","양파(전처리)","1131718","깐양파","","2024년","깐양파(깍둑썰기_볶음, 찜용)/1kg"
"농산물","조미채소류","양파(전처리)","1131719","깐양파","","2024년","깐양파(깍둑썰기_카레, 피클, 장아찌용)/1kg"
"농산물","근채류","당근","1131720","당근(세척)","","2024","세척당근/1kg"
"농산물","엽경채류","붉은양배추","1131721","붉은양배추","","2024","붉은양배추/통"
"농산물","양채류","브로콜리","1131722","브로콜리","","2024","브로콜리/개"
"농산물","과일류","키위","1131723","키위(참다래,110g~115g)","","2024","키위(참다래, 110g~115g)/1kg"
"농산물","조미채소류","실파","1131724","쪽파(흙)","","","쪽파(흙)/0.2kg"
"농산물","양채류","아스파라거스","1131725","아스파라거스","","","아스파라거스/0.3kg"
"농산물","조미채소류","실파","1131726","쪽파(흙)","","","쪽파(흙)/0.5kg"
"농산물","양채류","아스파라거스","1131727","아스파라거스","","","아스파라거스/0.5kg"
"농산물","엽경채류","비름나물","1131728","비름나물(생것/손질)","","","비름나물(생것/손질)/0.3kg"
"농산물","양곡부류","보리","1131729","보리/안동","","2024년","찰보리/유기농/1kg"
"농산물","양곡부류","찹쌀","1131730","찹쌀/안동","","2024년","찹쌀백미/유기농/1kg"
"농산물","양곡부류","찹쌀","1131731","찹쌀/안동","","2024년","찹쌀백미/유기농/4kg"
"농산물","양곡부류","찹쌀현미","1131732","찹쌀현미/안동","","2024년","찹쌀현미/유기농/1kg"
"농산물","양곡부류","백미","1131733","백미/안동","","2024년","일반미/유기농/10kg"
"농산물","양곡부류","백미","1131734","칠분도미/안동","","2024년","칠분도미/유기농/10kg"
"농산물","양곡부류","백미","1131735","구분도미/안동","","2024년","구분도미/유기농/10kg"
"농산물","양곡부류","현미","1131736","현미/안동","","2024년","현미/유기농/10kg"
"농산물","양곡부류","현미","1131737","현미/안동","","2024년","현미/유기농/1kg"
"농산물","양곡부류","보리","1131738","보리/안동","","2024년","늘보리/유기농/1kg"
"농산물","양곡부류","메주콩","1131739","메주콩/안동","","2024년","메주콩/유기농/500g"
"농산물","양곡부류","찹쌀현미","1131753","찹쌀현미/안동","","2024년","찹쌀현미/유기농/4kg"
"농산물","양곡부류","흑미","1131754","흑미/안동","","2024년","흑미/유기농/1kg"
"농산물","양곡부류","혼합곡","1131755","혼합곡/안동","","2024년","혼합14곡/무농약/1kg"
"농산물","양곡부류","서리태","1131756","서리태/안동","","2024년","서리태/유기농/500g"
"가공식품","농산물가공식품","세발나물가공품","1131773","세발나물/하늘농가","하늘농가","2024년","세발나물(데친)/0.5kg"
"농산물","버섯류","애느타리버섯","1131793","애느타리버섯","","2025","애느타리버섯/0.3kg_"
"수산물","건어물","건오징어","1131813","진미채(참진미,수입산)","","2024","조미포 참진미채/수입산/500g"
"수산물","건어물","건오징어","1131814","진미채(백진미,페루산)","","별도표기","조미포 백진미채/수입산/300g"
"수산물","건어물","건오징어","1131815","진미채(백진미,페루산)","","별도표기","조미포 백진미채/수입산/500g"
"농산물","과채류","애호박","1131833","애호박(인큐)","","2024","애호박/인큐/개_"
"농산물","과채류","애호박","1131834","애호박(비닐제거)","","2024","애호박/(비닐제거)/개_"
"농산물","버섯류","새송이버섯","1131835","새송이버섯","","2024년","새송이버섯/0.6kg/"
"농산물","버섯류","새송이버섯","1131836","새송이버섯","","2024년","새송이버섯/0.6kg_"
"수산물","어류","대구","1131853","대구살","","2023년","대구 냉동(깍뚝) 절단, 토막당 40g내외/수입산/1kg"
"수산물","어류","대구","1131873","대구살","","2023년","대구 냉동(깍뚝) 절단, 토막당 40g내외/수입산/500g"
"수산물","어류","대구","1131874","대구살","","2023년","대구 냉동(포) 전용, 커틀릿용, 토막당 40g내외/수입산/1kg"
"수산물","어류","대구","1131875","대구살","","2023년","대구 냉동(포) 전용, 커틀릿용, 토막당 40g내외/수입산/500g"
"농산물","과일류","배","1131893","배(35-40)","","2023","배(35-40개/15kg 상자 기준)/1.5kg_//"
"가공식품","농산물가공식품","감가공품","1131913","아이스홍시/미웰","","","아이스홍시(60g)/1kg"
"가공식품","농산물가공식품","삼","1131914","산삼배양근/미웰","","","산삼배양근/0.2kg"
"가공식품","농산물가공식품","매실액","1131915","매실록/푸르원","","","매실록(무농약매실+유기농설탕))/1kg"
"가공식품","농산물가공식품","호두","1131916","호두/푸르원","","","호두살(1/2,수입)/0.5kg"
"가공식품","농산물가공식품","호두","1131917","호두/푸르원","","","호두살(1/4,수입)/0.5kg"
"가공식품","농산물가공식품","호두","1131918","호두/푸르원","","","호두살(1/16,수입)/0.5kg"
"가공식품","농산물가공식품","감가공품","1131933","아이스홍시/미웰","","","아이스홍시(40g,절단)/1kg"
"가공식품","농산물가공식품","매실액","1131934","매실원액/푸르원","","","매실원액(무농약매실+설탕)/1kg"
"농산물","조미채소류","실파","1131953","쪽파(깐것)","","2025","쪽파(깐것)/0.2kg"
"농산물","양곡부류","기장","1131954","기장/안동","","","기장/무농약/1kg"
"농산물","양곡부류","백미","1131955","백미/안동","","2024년","일반미/무농약/10kg"
"농산물","양곡부류","현미","1131956","발아현미/안동","","","발아현미/무농약/1kg"
"농산물","양곡부류","차수수","1131957","차수수/안동","","","차수수/무농약/1kg"
"수산물","어류","대구","1131958","대구살","","2023년","대구 냉동(깍뚝) 절단, 토막당 40g내외/500g"
"농산물","양곡부류","녹두","1131973","거피녹두/안동","","","거피녹두/유기농/1kg"
"농산물","양곡부류","청차조","1131974","청차조/안동","","","청차조/무농약/1kg"
"농산물","조미채소류","실파","1131975","쪽파(깐것)","","2025","쪽파(깐것)/0.2kg/..."
"수산물","어류","대구","1131976","대구살","","2023년","대구 냉동(포) 전용, 커틀릿용, 토막당 40g내외/1kg"
"수산물","어류","대구","1131977","대구살","","2023년","대구 냉동(포) 전용, 커틀릿용, 토막당 40g내외/500g"
"수산물","어류","대구","1131978","대구살","","2023년","대구 냉동(깍뚝) 절단, 토막당 40g내외/1kg"