id,title,platform,link,changed,old_used_ingredients,new_used_ingredients,added_ingredients,removed_ingredients,llm_raw_ingredients,unmapped_ingredients,error,content_preview
4933,💚태어나서 이렇게 맛있는 배추겉절이는 처음 봅니다  한통 가득 만들어도 남아나질 않습니다,youtube(인플루언서),https://www.youtube.com/watch?v=vmIaOR5MC98,Y,"고춧가루,김치,마늘,멸치,배추,사과,생강,생강가루,설탕,소금,알배추,액젓,쪽파,참깨","고춧가루,마늘,사과,생강가루,설탕,소금,알배추,액젓,쪽파,참깨",,"김치,멸치,배추,생강","알배추, 천일염, 마늘, 생강가루, 쪽파, 고춧가루, 멸치액젓, 설탕, 통깨, 사과",,,"💚태어나서 이렇게 맛있는 배추겉절이는 처음 봅니다  한통 가득 만들어도 남아나질 않습니다
[재료] 
알배추 2통(1.6kg)
천일염 1컵
마늘 1/4컵
생강가루 1/4작은술
쪽파 1/2줌(60g)
고춧가루 1/2컵
멸치액젓 1/4컵(65ml)
설탕 1/2큰술
통깨 1큰술
사과 1/2개(100g)

1작은술 = 5ml
1큰술 = 15ml
1컵 = 200ml
💚맛나요리가 직접 운영하는 믿을 수 있는 쇼핑몰💚
https://mannarecipe.com/

💚맛나요리 김치구매하러 가기💚
https://mannarecipe.com/category/%EA%B0%84%ED%8E%B8%EB%B0%A5%EC%83%81/67/

💚맛나요리 네이버 밴드💚
https://band.us/@mannarecipe"
4934,💚봄동 이렇게 먹었더니 노안 항암에 최고! 온가족이 감탄해서 입이 벌어집니다,youtube(인플루언서),https://www.youtube.com/watch?v=PDb9Nt5TZXg,Y,"감자,고추,다시마,마늘,매실,매실청,미나리,생강,생강가루,소금,쪽파,청양고추,파프리카","감자,다시마,마늘,매실청,미나리,생강가루,소금,쪽파,청양고추,파프리카",,"고추,매실,생강","봄동, 파프리카, 미나리, 청양고추, 쪽파, 감자, 생수, 생강가루, 마늘, 천일염, 매실청, 다시마","봄동, 생수",,"💚봄동 이렇게 먹었더니 노안 항암에 최고! 온가족이 감탄해서 입이 벌어집니다
[재료] 
봄동 800g
파프리카 180g
미나리 한줌(150g)
청양고추 10개
쪽파 50g
감자 1개(150g)+(생수 400ml)
생강가루 1/2작은술
마늘 4쪽
천일염 4큰술(60g)
매실청 4큰술
생수 2L
다시마 20g

1작은술 = 5ml
1큰술 = 15ml
💚맛나요리가 직접 운영하는 믿을 수 있는 쇼핑몰💚
https://mannarecipe.com/

💚맛나요리 김치구매하러 가기💚
https://mannarecipe.com/category/%EA%B0%84%ED%8E%B8%EB%B0%A5%EC%83%81/67/

💚맛나요리 네이버 밴드💚
https://band.us/@mannarecipe"
4935,💚머위순 보이면 무조건 사와서 이렇게 만드세요 한통 가득 만들어도 남아나질 않습니다,youtube(인플루언서),https://www.youtube.com/watch?v=UIjLiA8-KPA,Y,"들기름,땅콩,땅콩가루,매실,매실청,머위,볶은콩가루,소금,유자,유자청,참깨,콩가루","들기름,매실청,머위,볶은콩가루,유자청,참깨",,"땅콩,땅콩가루,매실,소금,유자,콩가루","머위순, 유자청, 들기름, 고운소금, 매실청, 통깨, 볶은콩가루, 볶은땅콩가루","고운소금, 볶은땅콩가루",,"💚머위순 보이면 무조건 사와서 이렇게 만드세요 한통 가득 만들어도 남아나질 않습니다
[재료] 
머위순 200g
유자청 2큰술
들기름 1큰술
고운소금 1/2작은술
매실청 1큰술
통깨 약간

머위순 200g
볶은콩가루 3큰술
볶은땅콩가루 2큰술
고운소금 1/2작은술
통깨 1큰술

1작은술 = 5ml
1큰술 = 15ml
💚맛나요리가 직접 운영하는 믿을 수 있는 쇼핑몰💚
https://mannarecipe.com/

💚맛나요리 김치구매하러 가기💚
https://mannarecipe.com/category/%EA%B0%84%ED%8E%B8%EB%B0%A5%EC%83%81/67/

💚맛나요리 네이버 밴드💚
https://band.us/@mannarecipe"
4936,💚샐러드 드레싱은 무조건 이렇게! 이렇게 했더니 온 가족이 감탄해서 입이 벌어집니다,youtube(인플루언서),https://www.youtube.com/watch?v=B-4j85YOQhg,Y,"꿀,드레싱,레몬,레몬드레싱,매실,매실청,샐러드 드레싱,소금,올리브,올리브유,요거트,유자,유자청,후추","꿀,레몬,마늘,매실청,올리브유,유자청,청주,후추","마늘,청주","드레싱,레몬드레싱,매실,샐러드 드레싱,소금,올리브,요거트,유자","유자청, 올리브오일, 매실청, 고운소금, 후추, 레몬, 꿀, 플레인요구르트, 마늘, 물, 청주, 생수","고운소금, 플레인요구르트, 물, 생수",,"💚대박 한정식집 샐러드 드레싱(소스) 진작 이렇게 할걸! 한통 가득 만들어도 남아나질 않습니다
[유자드레싱재료] 
유자청 2큰술
올리브오일 1큰술
매실청 1큰술
고운소금 1/4작은술
후추약간
💚샐러드 드레싱은 무조건 이렇게! 이렇게 했더니 온 가족이 감탄해서 입이 벌어집니다
[레몬드레싱재료]
올리브오일 3큰술
레몬 1/2개
꿀 1큰술
고운소금 1/4작은술

[요구르트유자드레싱재료]
플레인요구르트 2큰술
유자청 2큰술
매실청 1큰술
올리브오일 1큰술
고운소금 1/4작은술

[마늘소스재료]
마늘 4쪽
고운소금 1/2작은술
올리브오일 4큰술
매실청 3큰술

[브로콜리찌기]
고운소금 1/4작은술
물 50cc

[새우찌기]
청주 2큰술
-사과-
고운소금 1/2작은술
생수 1/2컵
1작은술 = 5ml
1큰술 = 15ml
1컵 = 200ml

💚맛나요리가 직접 운영하는 믿을 수 있는 쇼핑몰💚
https://mannarecipe.com/

💚맛나요리 김치구매하러 가기💚
https://mannare"
4937,💚무 보이면 무조건 사서 이렇게 만드세요 한통 가득 만들어도 남아나지 않습니다/무요리,youtube(인플루언서),https://www.youtube.com/watch?v=cmdLBc_zPsg,Y,"김치,들기름,무,소금,참기름","들기름,무,소금,참기름",,김치,"무, 천일염, 들기름, 참기름",,,"💚무 보이면 무조건 사서 이렇게 만드세요 한통 가득 만들어도 남아나지 않습니다/무요리
[재료] 
무 1kg 
천일염 1큰술
들기름 2큰술
참기름 1큰술
1큰술 = 15ml

💚맛나요리가 직접 운영하는 믿을 수 있는 쇼핑몰💚
https://mannarecipe.com/

💚맛나요리 김치구매하러 가기💚
https://mannarecipe.com/category/%EA%B0%84%ED%8E%B8%EB%B0%A5%EC%83%81/67/

💚맛나요리 네이버 밴드💚
https://band.us/@mannarecipe"
4938,"💚묵은지가 있다면 ""이렇게"" 하세요 온가족이 박수 칩니다",youtube(인플루언서),https://www.youtube.com/watch?v=TDfZJy8Gk30,Y,"간,간장,돼지고기,두부,들깨,들깨가루,라이스페이퍼,마늘,묵은지,버섯,부추,생강,생강가루,소금,애호박,참기름,청주,표고버섯,호박,후추","간장,다시마,다진마늘,두부,들깨가루,떡국떡,라이스페이퍼,마늘,멸치,묵은지,부추,생강가루,애호박,참기름,청주,파,표고버섯,후추","다시마,다진마늘,떡국떡,멸치,파","간,돼지고기,들깨,버섯,생강,소금,호박","라이스페이퍼, 묵은지, 부추, 애호박, 부침용 두부, 간 돼지고기, 표고버섯, 마늘, 후추, 참기름, 청주, 양조간장, 고운소금, 생강가루, 들깨가루, 생수, 해물육수, 다시마, 다시멸치, 대파뿌리, 국간장, 떡국떡, 다진마늘, 대파","간 돼지고기, 고운소금, 생수, 해물육수, 대파뿌리",,"💚묵은지가 있다면 꼭 이렇게 만드세요 한통 가득 만들어도 남아나질 않습니다
재료] 
라이스페이퍼 약간
묵은지 잎 약간
부추 100g
애호박 1/2개(150g)
부침용 두부 1모
간 돼지고기 350g
불린 표고버섯 4개
마늘 6쪽
후추 약간
참기름 1큰술
청주 2큰술
양조간장 2큰술
고운소금 1작은술
생강가루 1/2작은술
들깨가루 3큰술

[묵은지 탕]
생수 1L
해물육수 1알 또는 (다시마 10g+ 다시멸치 10g+ 대파뿌리 약간+ 청주 2큰술)
국간장 2큰술
떡국떡 1공기
묵은지 주머니 만두 6개
다진마늘 1큰술
애호박 약간
대파 약간

1작은술 = 5ml
1큰술 = 15ml
1컵 = 200ml
💚맛나요리가 직접 운영하는 믿을 수 있는 쇼핑몰💚
https://mannarecipe.com/

💚맛나요리 김치구매하러 가기💚
https://mannarecipe.com/category/%EA%B0%84%ED%8E%B8%EB%B0%A5%EC%83%81/67/

💚맛나요리 네이버 밴드💚
ht"
4939,💚된장 소금물로만 담그지 마세요 ○○을 넣어야 맛10배 감칠맛이 폭발해요/집된장 더욱 맛있게 만드는 비법,youtube(인플루언서),https://www.youtube.com/watch?v=0lQB_qy79Ls,Y,"고추,된장,메주,북어,북어채,소금","메주,북어,북어채,소금",,"고추,된장","메주, 물, 천일염, 북어, 북어채, 참옻나무, 숯, 건고추","물, 참옻나무, 숯, 건고추",,"💚장 소금물로만 담그지 마세요 ○○을 넣어야 맛10배 감칠맛이 폭발해요/집된장 더욱 맛있게 만드는 비법
[재료] 
메주 6kg
물 20L
천일염 5kg
북어 4마리(북어채 300g)
참옻나무 300g
숯 약간
건고추 약간

💚맛나요리 메주공구 전화번호: 070-7944-6811로 전화하시거나 여기로 들어가시면 됩니다:
https://mannarecipe.com/product/detail.html?product_no=173&srsltid=AfmBOorK_JDyfOB_yjLrmUXElnJ17Dxymt8ZIJdpWkgW4FlvnabgJWKYbp4&utm_term=UCVXx89z5j3gkQMGScNqmWjw&utm_medium=product_shelf&utm_source=youtube&utm_content=YT-APM2gMAeISEE-upTM7y0GvptRyV_4EbX9pSMe7HDv_U9V-C6mInYlGIE2hX9WWVRG2GyMv-BelffEm3KiLYrmNGrd584a3wynaAoD"
4940,💚뱃살 너무빠져 고민 미역은 무조건 이렇게!/2주에 5kg 빠지는 미역요리/다이어트요리 미역요리,youtube(인플루언서),https://www.youtube.com/watch?v=itI5bsutfGg,Y,"간장,감자,멸치,미역,소고기,쌀가루,액젓,참기름,청주","감자,미역,불고깃감,쌀가루,액젓,참기름,청주",불고깃감,"간장,멸치,소고기","불고기용 소고기, 액젓, 청주, 집간장, 참기름, 미역, 멸치액젓, 감자, 물, 쌀가루","집간장, 물",,"💚뱃살 너무빠져 고민 미역은 무조건 이렇게!/2주에 5kg 빠지는 미역요리/다이어트요리 미역요리
[고기재움 재료]  
불고기용 소고기 300g
액젓 1큰술
청주 1큰술
집간장 1/2큰술
참기름 1큰술

[미역무침 재료]
미역 30g
집간장 1/2큰술
멸치액젓 1큰술
참기름 1큰술
청주 1큰술

감자 2개(600g)
물 1.5L
쌀가루 3큰술

1큰술 = 15ml
💚맛나요리가 직접 운영하는 믿을 수 있는 쇼핑몰💚
https://mannarecipe.com/

💚맛나요리 김치구매하러 가기💚
https://mannarecipe.com/category/%EA%B0%84%ED%8E%B8%EB%B0%A5%EC%83%81/67/

💚맛나요리 네이버 밴드💚
https://band.us/@mannarecipe"
4941,💚멸치볶음 간장대신 이것 넣어 맛 최고입니다/한통 가득 만들어도 남아나질 않습니다,youtube(인플루언서),https://www.youtube.com/watch?v=hUnYfzpVRmg,Y,"간장,고추,김치,다시마,다진마늘,마늘,멸치,빨간고추,설탕,식용유,조청,참기름,참깨,청양고추,청주","다시마,다진마늘,멸치,빨간고추,설탕,식용유,조청,참기름,참깨,청양고추,청주",,"간장,고추,김치,마늘","멸치, 식용유, 간마늘, 조청, 청양고추, 홍고추, 참기름, 설탕, 청주, 통깨, 생수, 다시마",생수,,"💚멸치볶음 간장대신 이것 넣어 맛 최고입니다/한통 가득 만들어도 남아나질 않습니다  
[재료]                         
멸치 500g
식용유 2큰술
간마늘 2큰술
조청 4큰술
청양고추 5개(80g)
홍고추 5개(120g)
참기름 2큰술
설탕 1큰술
청주 2큰술
통깨 2큰술
다시마물 100cc(생수 200cc+다시마 10g)

1큰술 = 15ml
💚맛나요리가 직접 운영하는 믿을 수 있는 쇼핑몰💚
https://mannarecipe.com/

💚맛나요리 김치구매하러 가기💚
https://mannarecipe.com/category/%EA%B0%84%ED%8E%B8%EB%B0%A5%EC%83%81/67/

💚맛나요리 네이버 밴드💚
https://band.us/@mannarecipe"
4942,💚제발 고구마 굽거나 쪄서만 먹지 마세요/한통 가득 만들어도 남아나질 않습니다,youtube(인플루언서),https://www.youtube.com/watch?v=T7OlVCjqCNg,Y,"고구마,귤,꿀,레몬,배추,볶은콩가루,소금,우유,콩가루","귤,꿀,레몬,볶은콩가루,우유",,"고구마,배추,소금,콩가루","찐고구마, 귤, 볶은콩가루, 고운소금, 꿀, 우유, 레몬","찐고구마, 고운소금",,"💚제발 고구마 굽거나 쪄서만 먹지 마세요/한통 가득 만들어도 남아나질 않습니다
[재료]                         
찐고구마 300g
귤 3개(200g)
볶은콩가루 3큰술
고운소금 1/2작은술
꿀 1큰술

[라떼재료] 
찐고구마 300g
우유 500ml
레몬 2큰술

1작은술 = 5ml
1큰술 = 15ml

💚맛나요리 강원도 고랭지 20kg절임배추 판매 https://mannarecipe.com/product/%F0%9F%A5%AC%EC%98%88%EC%95%BD%ED%8A%B9%EA%B0%80%F0%9F%A5%AC-%EA%B9%80%EC%9E%A5-%EC%A0%84%EB%82%A0-%EB%B0%9B%EC%95%84%EB%B3%B4%EC%84%B8%EC%9A%94%F0%9F%92%95-%5B%EB%AA%85%ED%92%88-%EA%B3%A0%EB%9E%AD%EC%A7%80-%EC%A0%88%EC%9E%84%EB%B0%B0%EC%B6%94%5D/151/category/"
4943,💚비싼 시금치대신 잡채에 이것 넣어 너무 맛있어요 불지않는 잡채! 한통 가득 만들어도 남아나질 않습니다/잡채요리,youtube(인플루언서),https://www.youtube.com/watch?v=8BhuUMqF2Yg,Y,"간장,다시마,당면,돼지고기,마늘,생강,생강가루,설탕,식용유,참기름,참깨,청주,후추","간장,다시마,당근,당면,마늘,생강가루,설탕,식용유,양파,참기름,참깨,청양고추,청주,파,파프리카,후추","당근,양파,청양고추,파,파프리카","돼지고기,생강","당면, 다시마, 생수, 식용유, 물엿, 양조간장, 참기름, 통깨, 후추, 잡채용 돼지고기, 흑설탕, 깐마늘, 청주, 생강가루, 양파, 당근, 생표고버섯, 대파, 청양고추, 홍피망, 고운소금, 물","생수, 물엿, 잡채용 돼지고기, 생표고버섯, 고운소금, 물",,"💚비싼   잡채에 이것 넣어 너무 맛있어요 불지않는 잡채! 한통 가득 만들어도 남아나질 않습니다/잡채요리
[재료]
당면 250g
다시마 우린물 2컵반(다시마15g+생수600ml)
식용유 2큰술(잡채 볶기용)
물엿 3큰술
양조간장 3큰술
참기름 2큰술
통깨 1큰술
후추 약간

[돼지고기 재우기 재료]
잡채용 돼지고기 300g
양조간장 4큰술
식용유 1큰술
흑설탕 1작은술
깐마늘 5쪽
청주 2큰술
생강가루 1/2작은술
참기름 1큰술

[채소볶기 재료]
양파 1/2개(100g)
당근 1/2개(200g)
생표고버섯 6개
대파 4대(200g)
청양고추 5개
홍피망 1개
식용유 2큰술
참기름 1큰술
고운소금 1/2작은술
통깨 2큰술
물 1컵

1작은술 = 5ml
1큰술 = 15ml
1컵 = 200ml

💚맛나요리가 직접 운영하는 믿을 수 있는 쇼핑몰💚
https://mannarecipe.com/

💚맛나요리 국산 햇 고춧가루 구매하러 가기💚
https://mannarecipe.com/produ"
4945,💚애호박은 무조건 이렇게! 한통 가득 만들어도 남아나질 않습니다,youtube(인플루언서),https://www.youtube.com/watch?v=VAc_YbIFIes,Y,"간장,고춧가루,달걀,돼지고기,마늘,생강,생강가루,소금,쌀가루,애호박,청주,파,호박","간장,달걀,돼지고기다짐육,마늘,생강가루,애호박,청주,파",돼지고기다짐육,"고춧가루,돼지고기,생강,소금,쌀가루,호박","애호박, 고운소금, 다진 돼지고기, 대파, 생강가루, 마늘, 청주, 양조간장, 계란, 부침 쌀가루","고운소금, 부침 쌀가루",,"💚애호박은 무조건 이렇게! 한통 가득 만들어도 남아나질 않습니다
[재료]
애호박 1개(400g)
고운소금 1/2작은술
다진 돼지고기 250g
대파 약간
생강가루 1/2작은술
마늘 2쪽
청주 1큰술
양조간장 2큰술
계란 1개
부침 쌀가루 3큰술

1작은술 = 5ml
1큰술 = 15ml
💚맛나요리가 직접 운영하는 믿을 수 있는 쇼핑몰💚
https://mannarecipe.com/

💚맛나요리 국산 햇 고춧가루 구매하러 가기💚
https://mannarecipe.com/product/%EC%98%AC%ED%95%B4-8%EC%9B%94-%EC%88%98%ED%99%95-%EA%B5%AD%EC%82%B0-%ED%96%87-%EA%B3%A0%EC%B6%A7%EA%B0%80%EB%A3%A8/19/category/24/display/1/"
40790,들기름 막국수 레시피 만들기 메밀국수 간장 비빔국수 양념장,naver(주제별보기),https://blog.naver.com/bongs1021/223899617214,Y,"간장,깨소금,깻잎,들기름,메밀,메밀면,면,상추,설탕,소금,알룰로스,양파,조미김","간장,깨소금,깻잎,들기름,메밀면,상추,설탕,알룰로스,양파,조미김",,"메밀,면,소금","메밀국수, 조미김, 양파, 상추, 깻잎, 양조간장, 알룰로스, 설탕, 들기름, 깨소금",,,"들기름막국수레시피
간장비빔국수만들기
들기름막국수만들기 들기름 메밀국수만들기
메밀국수레시피 메밀막국수 만들기
막국수양념장
간장비빔국수 양념장
​
여름이 되면 밥에 국에 반찬 차려먹기 보다는 간단하게
면요리 한 그릇이 수월하다.
내가 제일 좋아하는 면요리는 들기름 막국수 레시피 !
간장비빔국수 레시피 만드는 거랑 똑같은데 면을 메밀면으로 하고
들기름을 듬뿍 넣는다는게 약간 다르다.
쯔유 없이도 들기름 막국수 만들기 할 수 있는데
만들기 심플한 만큼 맛도 단순하지만
먹다보면 자꾸만 생각나는 중독성이 있는 맛이다.
​
​
​
들기름 메밀국수 레시피 만들 때 김가루는 필수고 야채는 옵션이다.
간장비빔국수 양념장 비빌 때 김을 같이 비비는데
달짝지근한 간장양념에 젖은 김이 그렇게 고소할 수 없다.
야채는 양파나 상추, 깻잎, 무순 등 원하는대로 선택하면 된다.
입맛 없고 간단하게 한 끼 먹고 싶을 때,
평양냉면처럼 슴슴하지만 자꾸만 생각나는 맛을 느끼고 싶을 때,
들기름 메밀국수 만들기 해보자"
40792,"간단 오이냉국 황금 레시피, 정호영 비율 인정! 다이어트 된다고?",naver(주제별보기),https://blog.naver.com/storypie/223899166971,Y,"고추,다시마,다진마늘,마늘,맛술,미역,빨간고추,설탕,식초,알룰로스,액젓,양파,오이,육수,청양고추","다진마늘,레몬,맛술,미역,빨간고추,설탕,식초,알룰로스,액젓,양파,오이,청양고추",레몬,"고추,다시마,마늘,육수","오이, 자른 미역, 양파, 청양고추, 홍고추, 식초, 설탕, 알룰로스, 다진마늘, 액젓, 깨, 다시마물, 정수물, 맛술, 레몬, 콩담백면, 쌀 소면","깨, 다시마물, 정수물, 콩담백면, 쌀 소면",,"간단 오이냉국 황금 레시피, 정호영 비율 인정! 다이어트 된다고?
간단 오이냉국 레시피 딱 5분 투자하세요. 정호영 오이냉국 황금레시피 비율 너무 간단하고 맛있어서 이맘때 꼭 만들고 있어요. 우리 집에 없는 재료 안 들어가고 냉면육수도 필요 없고요, 식초, 설탕 그리고 액젓으로 간을 맞춰요. 이대로도 맛있지만, 좀 더 쨍하면서 시원한 맛을 주고 싶다면 레몬즙 더하고요. 앞으로 숨이 턱턱 막히는 무더위만 남았어요. 얼음 동동 시원한 오이냉국에 소면까지 넣어서 한 끼 식사 해결해 보시지요!
오이냉국 다이어트  효과 좋은 팁도 알려드릴게요.
​
보기만 해도 시원해지는데 진짜 불 앞에 서기 너무 싫어서 점심 메뉴로 만들었는데요, 소면 대신 면도 삶지 않는 콩담백면 넣었어요. 냉면 먹고 싶은 다이어터 분들! 우리 이제 냉면 대신 오이냉국 다이어트해요! 물론, 소면의 맛과 식감 글루텐의 찰진 그 느낌과 맛은 따라갈 수 없습니다... 만!
​
​
그래도 면 좋아하는 우리에게는 소리 질러야 하는 "
40793,가지무침 레시피 가지나물무침 만드는 법,naver(주제별보기),https://blog.naver.com/peace8012/223899155172,Y,"가지,간장,고추,깻가루,꽈리고추,다진마늘,들기름,마늘,빨간고추,소금,액젓,참깨,황다랑어","가지,간장,깻가루,꽈리고추,다진마늘,들기름,마늘,빨간고추,소금,액젓,참기름,참깨,파","참기름,파","고추,황다랑어","가지, 꽈리고추, 홍고추, 대파, 다진파, 다진마늘, 통마늘, 진간장, 참치액, 소금, 통깨, 깻가루, 들기름, 참기름",다진파,,"가지무침 레시피
가지나물무침 만드는 법
가지나물 레시피
​
​
​
오이 가격도 참 착하지만 요즘 보랏빛
가지도 가격이 너무나 착해서
마트에 가면 보일 때마다 쟁여오는 것 같습니다
이것저것 가지요리도 많이 해먹고
반찬으로도 잘 만들어 먹는 것 같아요
​
가지를 가장 깔끔하면서도 담백하게 먹을 수
있는 방법은 바로 가지나물무침 레시피 아닐까
싶은데요
구수하고 달달한 특유의 맛이 나는 가지가
부드럽게 쪄지면 맛이 더 올라
입안에 넣으면 살살 녹는 듯 씹힌답니다
여기에 짭조름하게 양념을 해두면
밥 한 공기는 거뜬한 맛깔스러운 반찬이된답니다
​
가지는 찜통에 넣고 찌면 부드럽고 골고루
잘 쪄져요
전자레인지를 활용해서 쪄도 상관없긴 하지만
어떨 땐 골고루 잘 안 쪄질 때가 있더라고요
급하게 반찬을 만들어야 하거나 너무 더울 땐 ㅎㅎ
전자레인지를 활용해서 만들 때도 있긴 하지만
그래도 찜기를 활용해서 만들면 훨씬
부드럽고 맛있게 완성할 수 있답니다
​
​
​
​
​
​
가지 사이즈가 작아서 2개"
40802,바삭한 감자전 만들기 감자전 레시피,naver(주제별보기),https://blog.naver.com/peace8012/223898245468,Y,"감자,수수,스팸,옥수수,전분,후추","감자,소금,스위트콘,스팸,전분,청양고추,후추","소금,스위트콘,청양고추","수수,옥수수","감자, 캔 옥수수, 스팸, 전분가루, 물, 후춧가루, 소금, 케첩, 청양고추","물, 케첩",,"​
​
이것넣은 감자전 레시피
감자요리 이렇게도 만들어보세요
바삭한 감자전 만들기
​
​
​
어제는 아이의 저녁 반찬으로 무얼 만들까
정말 고민이 되더라고요
양념에 재워둔 고기도 없고,
마침 그냥 구워먹을 고기도 없고 해서
고민하다가  요즘 한창 햇감자철이니
햇감자 넣은 바삭한 감자전 만들었답니다
​
​
보통 감자는 강판에 갈 거나 믹서기에 갈아서
부치거나 또는 가늘게 채 썰어서
감자채전으로도 많이 먹는데요
오늘은 아이의 반찬도 되고, 또 아이가
좋아하는 맛으로 만들어줄까 싶어서
스팸과 옥수수를 추가로 넣어서 부쳤답니다
​
​
​
​
​
​
곁들이는 재료는 얼마든지 취향대로
변경이 가능해요
야채 좋아하시면 당근이나 양파 등을 감자와
비슷한 모양으로 작게 큐브로 썰어서
섞어주어도 좋고요~
지난번에는 고수 남은 것이 있어서
같이 섞어서 부쳤는데 그것도 엄청 매력 있고
맛있더라고요
​
어때요? 바삭바삭해 보이나요?
바삭하게 부쳐가지고 케첩에 찍어 먹으면 찐 맛!
감자는 케첩과 짝꿍이잖아요"
40804,비엔나 소세지야채볶음 케찹 쏘야볶음 레시피,naver(주제별보기),https://blog.naver.com/kimhy004/223898222214,Y,"굴소스,비엔나소세지,소시지,양파,올리브,올리브유,참깨,파프리카","굴소스,비엔나소세지,양파,올리브유,참깨",,"소시지,올리브,파프리카","비엔나 소세지, 홍파프리카, 노란 파프리카, 양파, 케첩, 굴소스, 물, 올리브오일, 통깨","홍파프리카, 노란 파프리카, 케첩, 물",,"비엔나 소세지야채볶음 레시피
비엔나 케찹 쏘야볶음 레시피
​
​
안녕하세요 들꽃향기입니다.
비엔나 소세지볶음은 아이들이 좋아해서
한 번씩 만들어서 밥상에 올려요.
​
쏘야 레시피는 만드는 과정이 쉽고 간단해서
간단한 반찬 찾을 때 좋고
맥주안주로 드시기에도 좋아요.
​
비엔나 소세지케찹볶음은
굴소스를 살짝만 넣어 간을 하면 되고,
케첩을 넉넉히 넣어서 완성했어요.
소스를 넣을 때 물을 살짝 추가하면
부드럽게 완성할 수 있어요.
​
소세지는 기본적인 짠맛이 있으니
데치는 과정을 거치면 첨가물이 줄어들고
짠맛이 줄어들어요.
​
​
* 재료 *
​
비엔나 소세지 180g,
홍파프리카 30g,
노란 파프리카 35g,
양파 35g,
케첩 3큰술,
굴소스 0.3큰술,
물 1큰술,
올리브오일 2큰술,
통깨
​
* 데치기
물 600ml
(큰술 : 밥 숟가락 기준)
1. 소세지 준비 후 데치기
​
소세지는 칼집을 내준 후
반으로 잘라서 준비했어요.
​
​
냄비에 물 600ml를 넣고
센불에 불을 올"
40806,제육볶음,naver(주제별보기),https://blog.naver.com/dw2434/223898134902,Y,"간장,고추,고추장,고춧가루,까나리,다리,다진마늘,돼지고기,돼지고기앞다리살,마늘,맛술,매실,매실청,생강,설탕,액젓,양파,올리고당,참기름,청주,파,후추","간장,고추장,고춧가루,다진마늘,돼지고기앞다리살,맛술,매실청,생강,설탕,액젓,양파,올리고당,참기름,청주,파,후추",,"고추,까나리,다리,돼지고기,마늘,매실","돼지고기 앞다리살, 다마리간장, 초피 액젓, 까나리액젓, 청주, 매실청, 올리고당, 고춧가루, 고추장, 다진 마늘, 다진 양파, 다진 대파, 생강, 후추, 참기름, 진간장, 설탕, 미림, 양파, 대파","다마리간장, 초피 액젓, 다진 양파, 다진 대파",,"주말 메뉴 고민하고 계시나요?
​
매콤한 빨간 맛,
제육볶음 추천드려봅니다👩🏻‍🍳
​
▪️ 양념장(돼지고기 앞다리살 600g 기준)
다마리간장 5T
초피 액젓(또는 까나리액젓) 약간
청주 2T
매실청(또는 올리고당) 2T
​
고춧가루 2T
고추장 2T
다진 마늘 2T
다진 양파 2T
다진 대파 2T
생강 약간
후추 약간
참기름 약간
​
📌일반 진간장 사용 시 간장의 양을 줄이고(샘표 간장 2T)
설탕/ 미림을 추가해 주세요.
​
​
1. 돼지고기 앞다리살(전지) 600g은
팔팔 끓인 물에 (고기가 잠길 정도) 10~20분 정도 담갔다가,
깨끗하게 헹궈서 물을 빼서 준비합니다.
📌 핏물과 잡내를 제거합니다.
​
​
2. 미리 준비한 양념을 고기에 넣고
조물조물 버무려 주세요.
​
​
3. 양념해서 재워놓은 고기는
냉장고에 보관하셨다가
팬을 충분히 달궈 준 후에 볶아 주세요.
​
​
4. 고기가 완전히 익었을 때,
양파와 대파를 넣어 휘리릭 섞듯이 볶아 주면 완성!
​
따로 반찬이 필요"
40808,완숙 토마토 마리네이드 레시피 큰토마토 요리 샐러드,naver(주제별보기),https://blog.naver.com/baby0817/223897899461,Y,"레몬,마늘,바질,소금,식초,알룰로스,양파,올리브,올리브유,토마토,파스타면,후추","레몬,마늘,소금,식초,알룰로스,양파,엑스트라버진,올리브유,토마토,파스타면,파슬리,후추","엑스트라버진,파슬리","바질,올리브","올리브유, 발사믹식초, 파슬리, 생바질잎, 완숙토마토, 마늘, 양파, 올리브오일, 소금, 후추, 알룰로스, 레몬즙, 방울토마토, 파스타면",생바질잎,,"완숙 토마토 마리네이드
큰토마토 마리네이드
레시피
완숙 토마토 요리
토마토 샐러드
​
​
​
바질이 정말 향긋하면서 맛있는 계절인 것 같습니다.
향긋하고 맛있는 완숙 토마토 요리 맛있게 만들어 즐겨보았습니다.
​
절임 만들기 할 적에는 올리브유를 듬뿍 사용해주는 것이 좋으며 여기에 발삭믹식초를 곁들여주면 상큼하니 맛있어진답니다.
​
파슬리가 있으면 잘게 다져주셔도 아주 맛있고 저는 생바질잎을 넉넉하게 썰어서 큰토마토 마리네이드 레시피 준비를 해보았습니다.
​
토마토샐러드 여기에는 방토를 많이 활용을 하게 되는데 집에 완숙토마토 요리 만들기 하기에 좋은 것들이 있었기 때문에 큰 걸로 사용해보았습니다.
​
마늘도 들어가는데 다진 걸로 사용을 하지 마시고 1-2개 정도를 직접 바로 다져서 넣어주시면 풋내도 안 나고 향긋하게 맛있는 완숙 토마토 마리네이드 레시피 완성할 수 있답니다.
​
데치는 시간도 잘 체크를 해주는 것이 중요한데, 끓는 물에 너무 오래 데치면 안된답니다. 넣자마자 거의 "
40810,오이 노각무침 만드는 법 늙은 오이무침 황금 레시피,naver(주제별보기),https://blog.naver.com/psy9133/223897689440,Y,"고추,고추장,고춧가루,늙은오이,다진마늘,마늘,설탕,소금,참기름,참깨,파","고추장,고춧가루,늙은오이,다진마늘,설탕,소금,참기름,참깨,파",,"고추,마늘","노각, 대파, 다진대파, 고추장, 고춧가루, 황설탕, 다진마늘, 참기름, 통깨, 꽃소금, 소금",다진대파,,"​
오이 노각무침 만드는 법
늙은 오이무침 황금레시피
오이무침레시피
노각오이무침 레시피
늙은 오이무침 레시피
노각무침 레시피
글.사진 ⓒ은솔희섭mom
​
장을 보러 갈때마다 오이를 집어오는데
늙은오이, 노각이 그전부터 눈에 띄더라고요.
​
오독오독한 식감이 좋으며
일반 오이와 달리 크기도 크고
속이 꽉 차 있는것이 특징인데요.
무침이나 볶음, 김치 등을 만들 때 활용되는데
우리집은 무침으로 맛보는것을 가장 좋아한답니다~
​
​
​
양념도 간단하면서 심플한데
이 맛을 해마다 잊을수가 없어 찾게되네요.
제가 정말 좋아하는 오이무침인데
어릴때부터 맛봐서인지 아이들도 너무나 좋아한다죠.
특히 큰애가 좋아해서 큼지막한 노각 1개 집어와서
고추장양념에 버무리니 밥도둑이 따로 없네요~^^
​
​
재료
*계량 = 밥숟가락 (1=10ml)
​
노각 손질 후 510~520g
대파 7~8g
고추장 듬뿍 1숟가락
고춧가루 1숟가락
황설탕 1숟가락
다진마늘 0.5숟가락
참기름 약간
통깨 넉넉히
​
+ 노각"
40813,기본 김밥 만들기 안터지게 김밥재료 집 김밥 예쁘게 맛있게 싸는법,naver(주제별보기),https://blog.naver.com/gugu9416/223897687230,Y,"게맛살,김밥김,깻잎,다시마,단무지,달걀,당근,소금,쌀,오이,우엉,참기름,참깨,햄","게맛살,김밥김,깻잎,다시마,단무지,달걀,당근,들기름,묵은지,소금,쌀,오이,우엉,참기름,참깨,햄,황다랑어","들기름,묵은지,황다랑어",,"쌀, 김밥용김, 햄, 맛살, 당근, 오이, 계란, 단무지, 우엉, 묵은지, 깻잎, 소금, 통깨, 참기름, 다시마, 굵은소금, 들기름, 참치",,,"집김밥 맛있게 싸는법
김밥 예쁘게 싸는법
기본 김밥 만들기
​
​
요즘 오이 가격이 많이 착하더라고요~
지난번에 오이를 5개나 구입해 오이반찬도 만들어 먹고~!!
오이 넣어서 아이들이 좋아하는 집김밥 만들어 먹었는데
역시 엄마표가 제일 맛있다고 엄지척 해주던 아이들이었답니다~
​
​
​
​
이제 집에서 학교를 다니고 있는 큰아이인지라~
저녁메뉴 고민할 때 큰아이가 좋아하는 메뉴로 자주 하게 해주는데
큰아이가 워낙 좋아하는 집김밥인지라
요즘 더 자주 만들어 주게 되네요~
​
​
​
​
김밥재료로 오이, 당근을 넣어 아삭한 식감을 더하고
묵은지를 넣어 깔끔한 맛을 더해주는데
우엉조림을 만들어 곁들여주면 더 식감이 좋더라고요~
​
지난번에 큰아이가 김밥만들기 할 때 함께 도와주었는데
이렇게 손이 많이 가는 거냐고 놀라더라고요~
얘야~ 요리가 결코 쉽지 않단다...ㅎㅎㅎ
​
재료손질이 좀 오래 걸리긴 하지만
다른 반찬 필요없다 보니 저녁메뉴로 자주 만들어 먹고는 한답니다~
​
옆구리 터지지"
40817,오징어볶음 황금레시피 매운 오징어볶음 양념 만들기 맛있게 밥 비벼 먹는 오징어요리,naver(주제별보기),https://blog.naver.com/juhyun9909/223897248520,Y,"간장,고추,고추장,굴소스,다진마늘,마늘,맛술,설탕,소금,식용유,애호박,양파,엑스트라버진,오징어,올리브,조청,참기름,청양고추,파,파프리카,호박","간장,고추장,굴소스,다진마늘,맛술,밀가루,설탕,소금,식용유,애호박,양파,엑스트라버진,오징어,조청,참기름,청양고추,파,파프리카",밀가루,"고추,마늘,올리브,호박","오징어, 양파, 애호박, 파프리카, 대파, 청양고추, 홍청양고추, 소금, 올리브유, 식용유, 진간장, 굴소스, 고추장, 다진마늘, 맛술, 설탕, 조청, 물엿, 참기름, 깨, 밀가루","홍청양고추, 물엿, 깨",,"​
오징어볶음 황금레시피
매운 오징어볶음 양념 만들기
맛있게 밥 비벼 먹는 오징어요리
​
​
안녕하세요, 제제에요.
날씨가 무더워지면서 입맛도 예전
같지 않으신 분들 많을거에요.
남이 만들어 주는 음식을 좋아하는
저도 이따금씩 선호하는 맛집을
찾아가는데 근래에 먹는 음식마다
예전 먹었던 감동을 느낄 수
없는거에요.
단순하게 이 집 음식 맛이 변했나
싶었는데 알고 보니 제 입맛에 문제가
있다는 것을 알았어요.
​
​
매콤하면서 입맛 확 돋우어 주는
그런 음식을 내 입맛에 맞게 맛있게
만들어 먹고 싶은데 마침 대형마트에서
물좋은 오징어를 팔더라고요.
두마리 구입해서 큰 것 한마리는
매운오징어볶음을 해서 밥을 비벼
먹었더니 이 맛이야! 싶게
맛있더라고요.
​
​
물도 나오지 않고 질기지도 않게
만드는 오징어볶음 황금레시피,
매운 오징어볶음 양념을 먼저 만들어서
맛있게 볶아 보겠습니다.
오징어볶음 황금레시피
매운 오징어볶음 양념 만들기
​
재료
큰 오징어 1마리
양파 1/2개
애호박 1/3"
40819,감자조림 만드는 법 간장 알감자조림 레시피,naver(주제별보기),https://blog.naver.com/psy9133/223897133846,Y,"간장,감자,노추,두유,맛술,설탕,소금,참기름,참깨","간장,감자,노추,맛술,설탕,소금,올리고당,조청,참기름,참깨","올리고당,조청",두유,"알감자, 진간장, 물엿, 맛술, 황설탕, 참기름, 노두유, 통깨, 꽃소금, 물, 조청, 올리고당, 요리당","물엿, 물, 요리당",,"​
간장 감자조림만드는법
감자조림 만드는 법
알감자조림만드는법
간장 알감자조림 만드는 법
알감자조림 레시피
간장 감자조림레시피
감자조림 레시피
글.사진 ⓒ은솔희섭mom
​
장을 보는데 동글동글한~ 조그만 알감자가
얼마나 예쁘기까지 하던지 말이죠.
로컬푸드에 한봉지에 2,300원 하는데
보자마자 조림으로 맛보면 딱~이겠다 싶어
평소에도 가족들이 좋아하는 레시피라
후다닥 만들어봅니다.
​
​
​
감자조림 중에서도 알감자를 활용해
쫀득한 식감으로 조려서 단짠하게 맛보면
별미 감자반찬으로도 그만인데요.
​
안그래도 내일 딸내미가 집에 오는날이라
좋아하는 반찬 몇가지 만들면서 요것도 좋아하기에
잘 먹겠다 싶어 미리 든든히 만들어두었어요.
​
​
재료
* 계량 = 밥숟가락 (1=10ml)
​
알감자 650~700g
진간장 6.5~7숟가락
물엿 5~6숟가락 (기호껏)
맛술 2숟가락
황설탕 0.5숟가락
참기름 0.5숟가락
노두유 0.5숟가락 (생략가능)
통깨
​
+ 감자 삶을 때
꽃소금 0.3숟가"
40821,수박화채 만들기 딸기우유 사이다 조합 과일화채 레시피,naver(주제별보기),https://blog.naver.com/psy9133/223896834128,Y,"딸기,딸기우유,블루베리,설탕,수박,얼음,우유,키위,탄산음료,파인애플","딸기우유,블루베리,설탕,수박,얼음,탄산음료",,"딸기,우유,키위,파인애플","수박, 파인애플 통조림, 그린키위, 블루베리, 딸기우유, 사이다, 설탕, 얼음, 후르츠칵테일, 흰우유","파인애플 통조림, 그린키위, 후르츠칵테일, 흰우유",,"​
수박화채 만들기
수박화채 레시피
수박화채 재료
수박화채 딸기우유
수박화채 사이다
화채만들기
과일화채 만들기
과일화채 레시피
글.사진 ⓒ은솔희섭mom
​
요즘 가장 많이 보이면서도
달고 맛이 좋은 수박을
올해들어 벌써 3통째 사다 먹고 있는데요.
저보다도 남편이 워낙 좋아하는 과일이다보니
여름이면 다른것보다 더 찾게 되는 것 같고요.
아이들도 좋아하고, 시원하니 여름더위를
이겨낼 수 있게 해주는 과일이기에
좋아하는 분들이 상당히 많은것 같아요~
​
​
​
남편이 고창수박을 좋아해서
주문해서 맛보고는 남은걸로는
냉털해서 수박화채를 만들었는데요~
이 또한 여름음식으로 그만이라죠.
​
매번 우유와 사이다 조합으로 만들었는데
남편이 딸기우유가 더 맛있다고해서
이번에는 딸기우유 넣어서 만들었는데
오~ 이상할줄 알았는데 조합이 더 좋더라고요.
​
​
재료
* 계량 = 밥숟가락 (1=10ml)
​
손질한 수박 300g
파인애플 통조림 150g
그린키위 1/2개
블루베리 50~55g (생략가능)"
40823,쫀득한 감자조림 만드는 법 간장 감자 양파조림 레시피,naver(주제별보기),https://blog.naver.com/yee1036/223896508859,Y,"간장,감자,다진마늘,들기름,마늘,양파,오리고기,올리고당,참깨","간장,감자,다진마늘,들기름,알룰로스,액젓,양파,올리고당,참깨","알룰로스,액젓","마늘,오리고기","감자, 양파, 진간장, 올리고당, 다진 마늘, 들기름, 통깨, 알룰로스, 참치액",,,"쫀득한 감자조림
감자조림 만드는 법
간장 감자조림 레시피
​
​
오늘은 꼭두새벽 개 짖는 소리에 잠이 깬 똥썹맘인데요. 슬슬 날씨가 더워지고 방에서 자기 답답해
요즘은 거실 소파에서 자고 있는데 항상 동이 트기도 전인 새벽 3 ~ 4시에 닭이 울어대 잠이 깰 때가 많다죠.
하지만 오늘은 제가 푹 잠을 잔 것인지 그 소리를 못 듣고 자다가, 난데없이 짖어대는 개소리에 잠에서 깬 것인데요.
아파트 주변으로 일반 주택들이 많고, 저희 아파트 길 건너편에 있는 식품 회사에서도 쥔장 취미인지
염소에서부터 오리, 닭, 멍멍이들을 자유롭게 풀어놓고 키우고 있는데요. 새벽마다 울어대는 닭이 주택에서
키우는 닭이 아닌 얘네들이라는 걸 한참 나중에 알게 되었지만 우는 게 동물 본능인데 어쩌겠나~ 싶어
​
​
불편해도 참고 있었는데.. 오늘 새벽 짖는 개소리는 지네끼리 싸운 건지 아니면 도둑이 들어 그랬던 건지 몰라
슬슬 걱정이 되는고만요. 거기에 마당을 뛰어다니던 멍멍이 3마리가 보이질 않으니 더 걱"
40825,양파장아찌 만들기 레시피 간장 비율 햇양파장아찌 만드는법,naver(주제별보기),https://blog.naver.com/bongs1021/223896407839,Y,"간장,고추,다시마,맛술,빨간고추,설탕,식초,양파,양파장,청양고추","간장,맛술,빨간고추,설탕,식초,양파,청양고추",,"고추,다시마,양파장","양파, 청양고추, 홍고추, 마른 다시마, 물, 양조간장, 국간장, 설탕, 맛술, 식초","마른 다시마, 물",,"양파장아찌만들기
양파장아찌 레시피
장아찌 간장 햇양파장아찌
양파장아찌만드는법
​
작은 양파가 있으면 따로 골라두었다가 양파장아찌만들기 한다.
먹기 좋게 썰어서 양파장아찌 비율 맞춰 간장을 끓인 후
뜨거울 때 붓기만 하면 양파장아찌만드는법 완성.
집에서 고기를 자주 구워 먹기 때문에 햇양파장아찌 만들기 하면
같이 곁들여 먹기 좋다.
고기 뿐만 아니라 어묵 먹을 때나
만두, 부침개 간장 등으로도 활용할 수 있어서
양파장아찌 레시피 준비해두면 두루두루 활용도가 높다.
​
​
작은 양파로만 골라서 햇양파장아찌 만들기 하면
익는데도 오래 걸리지 않기 때문에 하루만 지나도 바로 먹을 수 있다.
빠르게 먹고 싶다면 장아찌 간장 스며드는데
3시간 정도면 충분하기 때문에 만든 당일에 바로 먹을 수도 있다.
​
▼ 짧은 영상으로 보세요.
햇양파가 달달하고 맛있는 계절, 양파장아찌 만들기 해서 고기랑 같이 드셔보세요. 아삭아삭하니 맵지 않아서 고기가 술술 들어갑니다 #양파장아찌 #양파요리 #양파장아찌민"
40832,오이 차지키소스 만들기 딜 없이 그릭요거트 맛있게 먹는법,naver(주제별보기),https://blog.naver.com/lovekimsumi/223896049733,Y,"그릭요거트,다진마늘,레몬,마늘,소금,알룰로스,오이,올리브,올리브유,요거트,차지키소스","다진마늘,레몬,소금,알룰로스,오이,올리브유",,"그릭요거트,마늘,올리브,요거트,차지키소스","무가당 그릭요거트, 오이, 다진마늘, 레몬즙, 알룰로스, 올리브오일, 구운소금",무가당 그릭요거트,,"차지키소스
차지키소스 만들기 딜 없이
오이 차지키소스
그릭요거트 만들기
그릭요거트맛있게먹는법
그릭요거트 먹는법
오이차지키
​
​
@사랑해김수미
​
​
차지키는 그리스 요리에서 우리나라 만능 쌈장처럼
쓰이는 소스로 빵이나 야채, 기로스 등을 찍어 먹는 등
다양하게 활용되며 자지키라고도 부르는데요.
꾸덕한 그릭요거트에 마늘과 오이, 허브, 레몬을 넣고
만드는 간단한 레시피로 상큼히고 크리미한 맛에
오이가 들어가 프레시한 아삭 식감까지 더해져 빵에
듬뿍 넣어서 먹거나 연어나 햄을 추가해서
샌드위치로 먹어도 맛있어요.
​
방송에서 연예인들이 그릭요거트 먹는법으로 많이
소개해서 이미 유명해진 차지키 소스
신랑이 딜 향을 좋아하지 않아서 저희 집은 딜없이
오이 차지키소스 만들기로 맛보았는데요.
​
레몬의 상큼한 맛과 엑스트라버진 올리브의 향이
더해져서 차지키소스 만들기 딜 없이도 맛있는 거 있죠
처음 만들어 드시는 분들이라면 이렇게 만들어보세요!
​
차갑게 해서 먹으면 더 맛있고~ 만들어서 차"
40838,부대찌개 황금 레시피 부대찌개 사골육수 양념장 만드는법,naver(주제별보기),https://blog.naver.com/peace8012/223895897999,Y,"고추,김치,돼지고기,돼지목살,두부,라면,라면사리,버섯,비엔나소세지,빨간고추,사리면,소시지,스팸,양파,육수,콩나물,파,팽이버섯","간장,고춧가루,김치,다진마늘,돼지고기,두부,라면사리,맛술,빨간고추,소금,스팸,액젓,양파,육수,치즈,콩나물,파,팽이버섯,후추","간장,고춧가루,다진마늘,맛술,소금,액젓,치즈,후추","고추,돼지목살,라면,버섯,비엔나소세지,사리면,소시지","비엔나 소시지, 스팸, 콩나물, 양파, 두부, 대파, 홍고추, 팽이버섯, 김치, 라면사리, 돼지고기, 사골육수, 물, 고춧가루, 다진 마늘, 국간장, 참치액, 후춧가루, 미림, 소금, 치즈","비엔나 소시지, 물",,"​
부대찌개 레시피 사골육수 레시피
부대찌개 황금레시피
부대찌개 양념장
사골육수 부대찌개 만드는법
​
​
​
어제는 늦게 마치는 아들 위한 메뉴로
부대찌개 끓여주었습니다
가장 좋아하는 메뉴이긴 하지만
제가 만들기에도 쉽고 간단한 요리 중 하나랍니다
​
치즈 올리는 것을 개인적으로 좋아하는 편이 아닌데
아들 녀석이 먹을 거니까 좋아하는 거 팍팍
올려줍니다 ㅎㅎ
​
​
​
​
​
냉장고에 조금씩 남은 재료와
신김치 약간 활용하여 끓이면
푸짐하고 맛있는 부찌 한 냄비가 뚝딱
완성이 된답니다
냉장고 파먹기에도 딱 좋은 메뉴이기도 하고
스팸이나 소시지 라면사리를 더하면
온 가족이 모두 즐기는 저녁 메뉴가 될 거랍니다
​
양이 많아도 너무 많아서 아들 먹을 것 두고
조금만 덜어서 다음날 남편과 제가 먹을 것은
따로 두었어요
면사리는 빼고 국물과 건더기 재료들을
폭 끓여 먹으니 맛있네요?
특히 이번에는 부대찌개 재료에 콩나물을
한 줌 넣어보았는데 국물이 시원하니
너무 맛있더라고요!!
​
​
​
"
40840,술안주만들기 매콤한 스팸달걀버섯전 만드는법 스팸계란부침 성시경레시피,naver(주제별보기),https://blog.naver.com/yoojoony14/223895747712,Y,"고추,달걀,버섯,스팸,청양고추,치즈,팽이버섯","달걀,스팸,오이,청양고추,팽이버섯,피자치즈","오이,피자치즈","고추,버섯,치즈","스팸, 달걀, 팽이버섯, 청양고추, 오일, 모짜렐라 치즈, 케찹, 오이","오일, 케찹",,"술안주는 물론 밥반찬으로도 최고!
성시경의 스팸달걀버섯전 만들기
안녕하세요
푸드 인플루언서 해나주니입니다
​
얼마 전 유튜브를 보다보니 알고리즘으로 성시경 레시피가 나오더라고요.
난 노래를 찾아봤을 뿐인데 요리가 나오다니
나의 뇟 속까지 유튜브가 감시하나~
​
​
요리 잘 하는 것은 알고 있었지만 진짜 간단하게 뚝딱 만드는 것이
완전 해나주니 스타일이라 빠져 보게 되었고
그 날 저녁 당장 만들어 본 뒤 지금도 종종 해 먹는 것이 바로
청양고추가 들어간 매콤한 스팸달걀버섯전입니다.
​
​
집에 웬만하면 구비해 놓는 사각캔 햄에
달걀과 팽이버섯이 있으면 주점에서 인기있을 것 같은,
맛없는 것이 이상할 것 같은 스팸계란부침은
저희 집에서는 술안주가 아닌 밥반찬으로 저희 집 두 남자가
아주 잘 먹는답니다.
스팸계란부침 만드는 법
​
​
소요시간:15분 내외
주재료
스팸 200g
달걀 4~5개
팽이버섯 1봉
청양고추 3개
선택재료: 모짜렐라 치즈
들어가는 재료는 심플하죠?
거기에 양념을 더 "
40842,아이셔와 얼려먹는 야쿠르트의 만남 상큼한 레몬&라임 아이들간식으로 추천,naver(주제별보기),https://blog.naver.com/ssuyeon0524/223895737974,NEEDS_REVIEW,"라임,레몬,오리고기,캔디","라임,레몬,오리고기,캔디",,,,,,"""본 포스팅은 해당 업체로부터 제품을 무료제공받아 작성하였습니다""
아이셔와 얼려먹는 야쿠르트의 만남
상큼한 레몬&라임 아이들간식으로 추천
맛있는 간식 상큼한 간식
아이셔와 얼려먹는 야쿠르트의 만남
아이들이 즐겨먹는
아이셔 츄잉캔디 야쿠르트맛
얼려먹는 야쿠르트 레몬&라임맛입니다.
​
보기만 해도 침이 고이는 특별한 간식을
소개해 드리겠습니다.
​
​
오리온 아이셔캔디 야쿠르트맛
42g X 6개입
​
​
아이셔는 예전부터 아이들도
좋아했지만 저도 많이 먹었던 기억이
있는데요... 최근에도 마트 가면
사 먹는 아이셔 보기만 해도 입에 침이 고이는
특별한 캔디가 아닐까 생각합니다..ㅎㅎ
​
​
​
​
이번에 또 야쿠르트맛을 만났는데요
실제 야쿠르트가 들어가 더욱 새콤달콤
리얼한 아이셔 츄잉캔디 야쿠르트맛이랍니다.
​
​
​
상큼하게 기분전환이 가능한
아이셔 캔디
상큼폭발 Sour level 2단계라고 해요.
hy혼합 5종 유산균이 들어가
더욱 건강하게
아이들이 먹기도 좋은 간식이랍니다.
​"
40844,가지요리 레시피 가지무침 가지나물무침,naver(주제별보기),https://blog.naver.com/jin5194/223895655671,Y,"가지,고추,다진마늘,마늘,빨간고추,청양고추,파","가지,간장,깨소금,다진마늘,빨간고추,액젓,참기름,청양고추,파","간장,깨소금,액젓,참기름","고추,마늘","가지, 대파, 청양고추, 다진 마늘, 홍고추, 깨소금, 국간장, 참치액, 참기름",,,"가지나물 가지무침 레시피 가지나물무침 가지요리 레시피
​
​
적당한 크기로 자른 가지를 쪄서 식힌 다음 한 입 크기로 찢어서 다양한 향신 채소와 양념 재료들로 버무려내는 방식으로 조리하는 가지무침은 양념의 감칠맛이 뛰어난 요리라서 가지 특유의 흐물거리는 식감을 싫어하시는 분들도 비교적 맛있게 드실 수 있는데요 조리 과정 또한 심플해서 반찬이 필요할 때 부담 없이 만들어 먹기 좋은 메뉴랍니다.
​
​
​
​
메인 재료인 가지를 손질하여 적당한 시간 동안 쪄내는 과정은 물론이고 무침 요리에 잘 어울리는 양념 레시피 및 알아두면 유용한 요리 팁까지 빠짐없이 설명드렸으니 가지나물 무침을 맛있게 완성해 보고 싶으신 분들께서는 본문 내용을 꼼꼼하게 읽어 보신 후 제가 알려드린 내용들을 참고하셔서 조리해 보시기 바랍니다.
​
​
​
​
​
준비할 재료들
가지 300g (손질 전)
작게 자른 대파 1.5T
청양고추 2/3개
다진 마늘 2/3T
홍고추 1/3개
​
양념 재료
깨소금 2/3T
국간장 "
40846,비빔국수 양념장 열무김치국수 레시피 열무국수,naver(주제별보기),https://blog.naver.com/jin5194/223895555898,Y,"김치,라면,면,비빔장,소면,열무,토마토","간장,고추장,상추,설탕,소면,열무 김치,참기름,참깨,토마토","간장,고추장,상추,설탕,열무 김치,참기름,참깨","김치,라면,면,비빔장,열무","소면, 방울토마토, 열무김치, 상추, 고운 고춧가루, 고추장, 2배 식초, 설탕, 진간장, 배 음료, 참기름, 통깨","고운 고춧가루, 2배 식초, 배 음료",,"비빔국수양념장 비빔국수레시피 비빔국수 열무김치국수 레시피 열무국수 레시피
​
​
아삭한 식감과 시원한 맛이 매력적인 열무김치를 고명으로 활용한 열무김치 비빔국수는 소면 요리를 좋아하시는 분이라면 다들 좋아하시는 음식일 텐데요 양념장 레시피만 잘 알아두면 누구나 맛있게 완성할 수 있을 만큼 조리 과정이 심플해서 요즘처럼 무더운 날씨에 점심용으로 가볍게 만들어 먹기 좋은 메뉴가 아닐까 생각합니다.
​
​
​
​
이번 포스팅을 통하여 요리용 재료들을 손질하는 방법은 물론이고 소면을 쫄깃한 식감으로 삶아내는 방법 및 양념장 레시피까지 빠짐없이 알려드렸으니 열무김치를 고명으로 활용한 비빔국수를 처음 만들어 보시는 분이나 비빔국수용 양념장 레시피가 필요하신 분들께서는 제가 알려드린 내용들을 참고하셔서 맛있게 완성해 보세요.
​
​
​
​
​
준비할 재료들
1인분 기준
​
소면 100g
방울토마토 1개
열무김치 50g
상추 1.5장
​
양념장 재료
고운 고춧가루 1t
고추장 1T (듬뿍)
2배 "
40851,오이 샌드위치 만들기 소스 레시피 오이요리 아침 간편식,naver(주제별보기),https://blog.naver.com/baby0817/223895385248,Y,"그릭요거트,레몬,소금,식빵,알룰로스,엑스트라버진,오이,올리브,요거트,치즈,크림치즈,후추","그릭요거트,레몬,소금,식빵,알룰로스,엑스트라버진,오이,크림치즈,후추",,"올리브,요거트,치즈","오이, 소금, 그릭요거트, 크림치즈, 레몬즙, 알룰로스, 후추, 올리브유, 딜, 식빵",딜,,"오이샌드위치
만들기
아침 간편식
오이샌드위치 레시피
오이샌드위치 소스
오이요리
​
​
​
여름이라서 많이 사두게 되는 식재료라서 하나씩 꺼내서 이것저것 만들어 먹는데 아침 간편식 메뉴로 좋은 오이샌드위치 만들기 오랜만에 해보았습니다.
​
랜치소스를 넣어주는 것도 맛있지만 이번에는 그릭요거트와 크림치즈를 활용하여 오이샌드위치 소스 만들어 만들어 보았답니다.
​
간단하고 맛있게 먹을 수 있는 아침 간편식 아닐까 하는 생각이 드는데 오이샌드위치 레시피 이건 가벼우면서 하루가 후레쉬한 그런 느낌이에요.
​
오이는 그냥 넣어도 좋지만 소금에 살짝 절여서 올려주면 짭쪼롬하게 아삭거림도 만족스럽게 먹을 수 있는 오이샌드위치 만들기 할 수 있답니다. 오이요리 메뉴로 추천드리고 싶네요.
​
무침이나 볶음 등을 만들어 먹어도 좋은데 간단하게 샌드위치만들기 해주면 다른 반찬을 준비하지 않아도 되고 든든합니다. 헤헷!
​
아침에는 사실상 밥을 챙겨먹기에도 생각이 많이 없기도 하고 조금 간단하게 차려서 먹"
40853,아삭한 콩나물무침 레시피 하얀 콩나물무침 삶는 시간,naver(주제별보기),https://blog.naver.com/yee1036/223895344091,Y,"다진마늘,마늘,소금,쪽파,참기름,참깨,콩나물,황다랑어","다진마늘,소금,액젓,쪽파,참기름,참깨,콩나물",액젓,"마늘,황다랑어","콩나물, 굵은소금, 참치 액, 다진 마늘, 참기름, 통깨, 쪽파",,,"아삭한 콩나물무침
콩나물무침 레시피
하얀 콩나물무침 삶는 시간
​
사춘기를 시작하면 방문을 닫고 거의 방에서 지낸다고들 하지만 아직까지는 아이 성향인 건지 아니면 엄마와
라포가 잘 형성된 똥썹군이라 그런지 아직도 저와 이런저런 얘기를 하는 편인데요. 어제는 병역 문제와 정치 문제에 대해
대화를 하는데 요즘 아이들은 저희 때와 다르게 여러 방법으로 매체를 많이 접해 그런지 관심이 많더라고요.
다만 인터넷상에 떠도는 가짜 뉴스를 보고 그대로 믿는다는 게 문제지만요. 어제는 병역에 대해 얘기를 하는데
생각보다 많은 부분을 알고 있어 무조건 군대를 가기 싫다고 했던 저희 때 남자애들과는 다르다는 생각도 했답니다.
그러면서 이런저런 사회적인 문제에 대해 얘기하는데 결국 2시간 넘게 설전을 펼치다가 배가 고파
​
​
그 야밤에 간식을 먹었다는요... 내 다이어트~ ㅠㅠ 그러면서 결론은 인터넷상에 떠도는 편파적인 가짜 뉴스가 아닌
정규 방송으로 나오는 뉴스를 봐야 하고 생각을 좀 더 키우기 위해"
40857,온가족 건강 집밥 메뉴 맑은 소고기무국 레시피로 쉽게 챙겨요,naver(주제별보기),https://blog.naver.com/0419hanna/223895052443,Y,"간장,고추,다진마늘,들기름,마늘,메주,멸치,무,소고기,소금,액젓,파","간장,다진마늘,들기름,무,소금,액젓,청양고추,파,후추","청양고추,후추","고추,마늘,메주,멸치,소고기","무, 소고기 국거리, 대파, 다진마늘, 기름, 들기름, 물, 국간장, 멸치 액젓, 청양고추, 소금, 후추","소고기 국거리, 기름, 물",,"온 가족 건강 집밥 메뉴
맑은 소고기무국 레시피로 쉽게 챙겨요
gemma
​
'밥이 보약이라는 말' 아무리 몸에 좋은
음식도 매일 정성껏 차려진 집밥에 비할 수 있을까요?
​
우리가 힘들고 지칠 때 버릇처럼 꼭
""엄마가 해준 집밥 먹고 싶다""라는 생각을 하잖아요.
그만큼 집밥은 영양뿐 아니라 정서적으로도
건강한 메뉴가 아닐까 싶습니다.
​
하지만 매일 온가족 맛있게 먹는 집밥 메뉴를
짜기는 힘든데 오늘은 간단하지만 영양 가득,
맛까지 좋은 맑은 소고기무국 레시피를
소개해 드릴게요.
저염식으로 최소한의 양념으로 재료 본연의 맛을
살린 구수하고 시원한 레시피. 바로 소개해 드릴게요.
0초
0초
광고 후 계속됩니다.
다음 동영상
subject
author
취소
온 가족 건강 집밥 메뉴 맑은 소고기무국 레시피로 쉽게 챙겨요
재생
3
좋아요
1
좋아요
공유하기
재생 (space/k)
재생
00:26
0:00:00
재생 (space/k)
재생
음소거 (m)
음소거
00:00
/
00:26
실시"
40861,지중해식 샐러드 소스 쉬라즈샐러드 레시피 재료 보관,naver(주제별보기),https://blog.naver.com/mj_hudadak/223894814392,Y,"레몬,머스타드,소금,수수,식초,양파,엑스트라버진,오이,옥수수,올리브,원두,토마토,후추","레몬,소금,알룰로스,양파,오이,옥수수,토마토,후추",알룰로스,"머스타드,수수,식초,엑스트라버진,올리브,원두","오이, 방울토마토, 양파, 초당옥수수, 엑스트라버진 올리브유, 소금, 후추, 레몬즙, 홀그레인머스타드, 알룰로스","엑스트라버진 올리브유, 홀그레인머스타드",,"지중해식샐러드 소스
쉬라즈샐러드 소스
쉬라즈샐러드 재료 보관
​
​
만
들기 쉽고 맛있어서 요즘 자주 만들고 있는 샐러드 중 하나가 쉬라즈샐러드 입니다. 푹푹 퍼먹다 보면 어느새 한통 비우게 되더라고요.
​
쉬라즈샐러드 재료 하면 토마토와 오이 이 두 가지가 대표적인데요. 여기에 양파나 오늘 제가 선택한 제철 초당옥수수를 넣거나 삶은 병아리콩을 넣어도 좋고 취향에 따라 치즈를 더해 즐기셔도 좋아요.
​
평소엔 병아리콩을 넣다가 이번엔 초당옥수수를 더해봤더니 톡톡 씹히는 식감과 달콤한 맛이 더해져서 2배 더 맛있는 느낌이었답니다. 샐러드재료 고민되시는 분들께 강추 드려요~!
​
​
​
지
중해식 샐러드 레시피 특징은 재료 본연의 맛을 살리는 거예요. 보통 올리브유 베이스의 샐러드소스 만들어 곁들이게 되는데요. 올리브오일 종류는 엑스트라 버진 올리브유를 사용하시는 것이 좋고 레몬즙이나 발사믹식초로 상큼한 산미를 더해주시고 좋아하는 허브류가 있다면 추가해서 향긋하게 즐겨보세요.
​
맛있는"
40864,"아보카도 포케 만들기 포케 샐러드 소스, 멜스 앤초비페이스트",naver(주제별보기),https://blog.naver.com/junmega/223894733453,Y,"게맛살,당근,레몬,루꼴라,마요네즈,병아리콩,상추,설탕,오이,이스트,토마토,파슬리,페이스트,현미,현미밥","당근,레몬,루꼴라,마요네즈,병아리콩,상추,설탕,소금,식초,아보카도,양파,오이,올리브유,토마토,파슬리,현미밥,후추","소금,식초,아보카도,양파,올리브유,후추","게맛살,이스트,페이스트,현미","냉동 아보카도, 파로밥, 현미밥, 크래미 게맛살, 오이, 방울토마토, 루꼴라, 양상추, 당근라페, 삶은 병아리콩, 앤초비페이스트, 설탕, 마요네즈, 레몬즙, 파슬리, 아보카도, 당근, 소금, 올리브오일, 홀그레인머스터드, 식초, 후춧가루, 병아리콩, 양파","냉동 아보카도, 파로밥, 크래미 게맛살, 당근라페, 삶은 병아리콩, 앤초비페이스트, 홀그레인머스터드",,"아보카도 포케 만들기
포케 샐러드 소스,
멜스 앤초비페이스트
글.사진@은하계쓰
​
​
요즘 건강에 관심 있는 분들 사이에서 포케가 핫하더라고요.
저도 종종 입맛이 없을 때나 건강한 다이어트 식단이 필요할 때 딱 좋은 포케 만들기 즐기고 있어요.
​
포케(Poke) 뜻은 '자르다'라는 뜻의 하와이 말로, 신선한 재료를 깍둑썰기해 소스와 함께 밥이나 샐러드 위에 올려 먹는 하와이의 건강한 음식을 의미해요.
​
이 포케 맛의 핵심은 바로 '소스'에 있답니다.
오늘 요리의 주인공은 깊은 감칠맛을 내기 위해 제가 선택한 멜스 앤초비페이스트입니다.
​
​
그럼 이제 본격적으로 요리를 시작해 볼까요?
냉장고 속 재료를 활용해 맛있게 먹는 법을 알려드릴게요.
오늘은 앤초비를 더한 스페셜 포케샐러드소스 조합을 만들어 봤습니다.
재료 준비:
​
냉동 아포카도 1컵
파로밥 1/2 공기(또는 현미밥)
크래미 게맛살 4줄
오이 1/3개,
방울토마토 5~6알(생략)
각종 야채 1줌(루꼴라, 양상추등)
당근라"
40866,완두콩 삶기 시간 햇 완두콩 요리 냉동 보관 방법,naver(주제별보기),https://blog.naver.com/mj_hudadak/223894414904,Y,"설탕,소금,스테비아,완두콩,원두",소금,,"설탕,스테비아,완두콩,원두","햇완두콩, 물, 소금, 스테비아 설탕, 생완두콩","햇완두콩, 물, 스테비아 설탕, 생완두콩",,"완두콩 삶기 시간
완두콩 삶기 보관 방법
햇완두콩 요리
​
​
​
​
​
완
두콩 좋아하세요? 남편과 딸 아이가 정말 좋아해서 완두콩 철 5~6월만 되면 늘 넉넉하게 구입해서 껍질완두콩 삶기 해서 간식으로 즐기고 남은 콩은 껍질과 콩을 분리해서 지퍼백에 냉동 보관하고 밥에 넣어먹거나 다양한 완두콩요리 들로 즐기고 있답니다.
스프나 죽 혹은 빵 발라먹는 스프레드를 만들어도 좋더라고요.
​
초록빛의 싱그러운 비주얼이라 삶고 간식으로 즐길 때 때 마다 자연을 먹는 기분이 들어서 행복하고요. 파근파근하고 부드럽게 삶으면 진짜 담백하고 맛있어서 이맘때 건강 간식으로 즐기기 좋답니다.
​
식이섬유도 풍부하지만, 단백질은 폭탄이고 비타민 C,K 등도 풍부하고 혈당지수도 납을 뿐더라 항산화물질도 풍부하니 제철일 때 간식으로 즐겨보세요.
​
​
​
제
철 햇완두콩 삶기 시간 정보와 함께 맛있고 즐길 수 있는 햇완두콩요리 껍질콩 맛있게 삶는 방법도 알려드릴 텐데요.  저처럼 넉넉하게 구입하신 분들을 "
40870,두유 두부 콩국수 만들기 콩물 레시피 여름별미 만드는법,naver(주제별보기),https://blog.naver.com/peace8012/223894143332,Y,"두부,두유,땅콩,소금,소면,아몬드,얼음,오이,중면,참깨","땅콩,소금,소면,아몬드,얼음,중면,참깨,피스타치오,해바라기씨","피스타치오,해바라기씨","두부,두유,오이","중면, 소면, 국산 두부, 무가당 두유, 생수, 견과류, 땅콩, 아몬드, 통깨, 소금, 오이채, 얼음, 피스타치오, 해바라기씨","국산 두부, 무가당 두유, 생수, 견과류, 오이채",,"두유 콩국수 레시피
콩국수 만들기
두부 콩물 만들기
두부 콩국수 만드는법
​
​
여름이 찾아왔습니다~
어제는 점심 준비하는데 더워서 헉 소리가
나오더라고요
아직은 에어컨은 아니다 싶어 선풍기로
참고 있는데 조만간 틀어야 할 것 같네요?
​
​
드디어 콩국수의 계절이 돌아왔습니다
둘찌가 이 콩국수를 참 좋아합니다^^
그래서 저녁에 호다닥 만들어
아빠랑, 딸 둘이서 나눠 먹었죠~
역시나! 밖에서 파는 것보다 더 맛있다며 엄지척!
집에서 만들면 그만큼 재료도 좋을뿐더러
금방 만들어 바로 먹으니 더 맛있을 수 밖에요^^
​
​
​
​
​
​
급하게 만드느라 고명도 오이채만 썰어서
올려봅니다
방울토마토나 검은깨 혹은 삶은 달걀도
올려주는데... 저녁에는 체력고갈이라 ㅋㅋ
최대한 생략하는 걸로~~
​
저희 집은 두유제조기가 있어서 활용하여
만들었는데요
사실 두유제조기로 콩물 만들기 하여
바로 면 삶아 말면 그만인데
​
두유 제조기 없는 분들 위해 두유와 두부를
활용하여 집에서 간단하게 만드는 "
40872,바삭한 멸치볶음 레시피 고추장멸치볶음 만들기 만드는 법,naver(주제별보기),https://blog.naver.com/bongs1021/223894067982,Y,"간장,고추,고추장,다진마늘,마늘,맛술,매실,매실청,멸치,생강,생강가루,설탕,식용유,조청,중멸치,참깨","간장,고추장,다진마늘,맛술,매실청,생강가루,설탕,식용유,조청,중멸치,참깨",,"고추,마늘,매실,멸치,생강","중멸치, 고추장, 양조간장, 매실청, 설탕, 맛술, 다진마늘, 다진생강, 생강가루, 조청, 통깨, 식용유",다진생강,,"#여름밑반찬
바삭한 멸치볶음 레시피
멸치볶음레시피 멸치볶음만들기
고추장멸치볶음 레시피 멸치고추장볶음
고추장멸치볶음 만드는법
​
날이 더워서 밥맛 없을 때 여름 밑반찬 레시피로
고추장멸치볶음 레시피 만한 것이 없다.
매콤달콤하면서 짭쪼름해서 쌀밥 위에 얹어먹어도 맛있고
누룽지나 물 만 밥에 곁들여도 밥이 잘 넘어간다.
특히 남편이 고추장 멸치볶음 만들기 해주면 잘 먹어서
반찬거리 없을 때면 멸치고추장볶음 만들기 해서 밑반찬 삼는다.
고추장 양념에 버무려지기 때문에
바삭한 멸치볶음 레시피 만들기 어렵다고 생각할 수 있는데
친정엄마표 비법이 더해지면 묵직한 양념 속에서도
바삭 바삭한 고추장 멸치볶음 만드는법 가능하다.
​
​
​
짧은 영상으로 먼저 보세요
고추장 멸치볶음 레시피 이젠 이것부터 해보세요 양념은 쫀득하고 멸치는 빠삭빠삭! 눅눅해지지 않는 비법입니다 #멸치볶음 #고추장멸치볶음 #멸치볶음레시피 #멸치볶음만들기 #반찬 #도시락반찬 #바삭한멸치볶음 #클립 #클립챌린저 : 클립
m.b"
40874,촉촉한 프렌치토스트 만들기 식빵 계란물 토스트 레시피,naver(주제별보기),https://blog.naver.com/bongs1021/223894050955,Y,"달걀,버터,블루베리,빵,설탕,소금,시나몬,식빵,우유","달걀,버터,블루베리,설탕,소금,식빵,우유",,"빵,시나몬","식빵, 계란, 우유, 설탕, 소금, 시나몬가루, 버터, 블루베리",시나몬가루,,"촉촉한 프렌치토스트만들기 레시피
촉촉한 프렌치토스트레시피
프렌치토스트 만들기
식빵 계란물 토스트 레시피
식빵토스트 만들기
​
긴 연휴동안 늦잠도 실컷 자고 느즈막히 일어나서
밥 대신 간단하게 식빵 계란물 토스트 만들기 해먹었다.
아이는 우유와 어른들은 커피와 함께 곁들이니
식빵이지만 꽤 든든하더라.
보다 촉촉한 프렌치토스트 만들기 위해서
식빵을 계란물에 오래 푹 담가두었다가 굽는다.
구울 때 버터를 사용하면 계란 비린내도 없앨 수 있고
고소한 풍미가 더해진다.
​
​
​
호텔이나 카페에서 먹는 것처럼 입안에 넣으면
사르르 녹는 촉촉한 프렌치토스트 레시피 만들기 위해서는
계란도 중요하지만 우유의 양을 늘려야 한다.
우유가 넉넉히 들어가면 수분감이 높아지면서
부드럽고 말랑한 식빵토스트 레시피 만들 수 있다.
​
​
재료
​
식빵 3장, 계란 2개
​
우유 100ml, 설탕 1스푼, 소금 4꼬집,
시나몬가루 약간
​
버터 30g
​
블루베리 약간
​
(밥숟가락계량 / 난이도하 / 2~3인"
40876,참치 김치볶음밥 레시피 김치볶음밥 양념 만들기,naver(주제별보기),https://blog.naver.com/peace8012/223893849737,Y,"고추,고추장,굴소스,김치,달걀,소금,양파,참기름,참깨,파,황다랑어,후추","고추장,굴소스,달걀,소금,양파,참기름,참깨,파,후추",,"고추,김치,황다랑어","신김치, 밥, 참치통조림, 양파, 대파, 달걀, 굴소스, 고추장, 참기름, 통깨, 후춧가루, 소금","신김치, 밥, 참치통조림",,"​
김치볶음밥 양념
맛있는 김치볶음밥 만들기
참치 김치볶음밥 레시피
​
혼밥으로 만들어 먹기에도 좋고, 주말 가족이
모여있을 때 커다란 프라이팬에 넉넉하게
볶음밥을 볶아 나눠 먹기에도 좋은
김치볶음밥!
오늘은 담백하게 참치를 넣은 볶음밥이 먹고 싶어서
만들어보았답니다
​
김치볶음밥이 가장 만만하게
생각하는 음식인듯한데
막상 만들어보면 은근 맛내기가 힘든 것이
볶음밥이죠
밥은 살짝 고슬고슬해야 하고
재료의 볶는 과정도 중요하고 양념과 소스로
간하는 것까지... 늘 만들어 먹는 볶음밥이지만
이 메뉴만큼은 그때그때 맛이 달리지는 것 같아요^^
​
​
늘 비슷 비슷하게 만드는 김볶이지만
오늘은 볶음밥 양념을 조금만 달리 해보았습니다
굴소스와 고추장 약간 넣어 간맞춤을 했는데요
뭐~ 양념 이름을 듣기만 해도 맛 보장되겠다는 거
감은 오시지요?
​
​
또한 오늘은 보통 대파 정도만 준비하는데
양파도 같이 다져서 준비하여 볶았더니
달달한 맛이 더해져서 양념에 설탕을 넣지 않아도
괜찮더라고요~
그"
40878,"공복 올리브유 레몬즙 비율 먹는법, 엑스트라버진 올리브오일 레몬샷 1달 후기",naver(주제별보기),https://blog.naver.com/plusx_/223893545961,Y,"가지,대하,레몬,엑스트라버진,올리브,올리브유,원두","레몬,엑스트라버진,원두",,"가지,대하,올리브,올리브유","커피, 올리브유, 레몬즙, 올리브오일레몬샷, MCT오일, 오일","올리브오일레몬샷, MCT오일, 오일",,"​
안녕하세요 건강에 관심이 지대하게
많은 엑스입니다
​
여러가지 실험을 해보면서 몸의
반응을 지켜보는 걸 좋아하는데요
​
2달 전쯤 커피를 끊었어요
그리고 공복에 올리브유랑 레몬즙을
넣은 올리브오일레몬샷을 먹고 있습니다
​
공복에 올리브유를 드시는 분들은 많죠
그런데 레몬즙은 왜 같이 먹는건지?
좋은 올리브오일 고르는 법,
1달 이상 먹어본 후기 공유합니다
1. 올리브유레몬샷 몸에 좋은 이유
2. 엑스트라버진 올리브유 고르기
3. 레몬즙 비율
4. 1달 후기
1. 올리브유레몬샷 몸에 좋은 이유
✅
레몬즙은 왜 들어가는걸까?
​
공복에 올리브유를 먹으면 건강에
좋다는 이야기는 많은 의사분들이 하셨죠
​
위랑 장 건강에 도움이 되고
배변 활동에 특히 좋다고요
​
그런데 레몬즙은 왜 섞어서 먹는걸까요?
레몬즙 자체도 항산화 성분이
풍부하니까 당연히 몸에야 좋겠죠
​
제가 먹어보니까 크게 2가지 장점이 있더군요
​
1. 맛
저도 올리브유 오래 먹었지만 공복에
올리브유를 먹는게 그다지 유쾌"
40881,돼지고기 순두부찌개 양념 레시피 끓이는법 JMT !,naver(주제별보기),https://blog.naver.com/mj_hudadak/223893254353,Y,"간장,다진마늘,돼지고기,두부,마늘,멸치,순두부,식용유,애호박,액젓,양파,원두,육수,참기름,치킨스톡,파,호박,황다랑어","간장,고춧가루,다진마늘,달걀,돼지고기,소금,순두부,식용유,애호박,액젓,양파,육수,참기름,치킨스톡,파,표고버섯,후추","고춧가루,달걀,소금,표고버섯,후추","두부,마늘,멸치,원두,호박,황다랑어","순두부, 돼지고기, 양파, 대파, 애호박, 멸치육수, 참기름, 식용유, 진간장, 참치액, 치킨스톡, 다진마늘, 고춧가루, 표고버섯, 계란, 후춧가루, 소금",,,"돼지고기 순두부찌개 끓이는법
순두부찌개양념레시피
돼지고기순두부찌개
순두부찌개레시피 돼지고기
​
​
날
도 더운데 칼칼하고 진한 국물이 매력적인 돼지고기 순두부찌개 레시피 소개해 볼게요. 결론부터 말씀드리면 제 입맛에 이 레시피가 제일 맛있었습니다. 딱 식당에서 파는 맛이긴 한데 자극적이지 않으면서 감칠맛이 아주 좋았던 순두부찌개양념 이었답니다.
​
순두부 2봉으로 만드는 3~4인분 분량의 돼지고기 순두부 레시피 알려드릴 겁니다. 돼지고기 부위는 기름기 적은 앞다리살 잡채용 고기를 활용했는데요. 다짐육을 활용하셔도 좋습니다. 고기야 넉넉하면 더 맛있겠지만 100~150g 정도만 준비해도 충분히 맛있었답니다.
​
​
​
​
실
패없는 순두부찌개끓이는법 포인트라고 하면 육수 양을 많이 잡지 않고, 본격적으로 끓이기 전에 순두부 간수빼기 과정을 해주는 건데요.
​
순두부에서 물이 많이 나오기 때문에 1봉 기준 육수 300ml 정도 추천하며 육수가 부족하면 뒤에 추가해 주세요. 본격적으로 찌"
40883,감자채볶음 감자볶음 레시피 전분 제거,naver(주제별보기),https://blog.naver.com/jin5194/223893045153,Y,"감자,다진마늘,당근,마늘,소금,식용유,양파,전분","감자,다진마늘,당근,소금,식용유,양파,청양고추,후추","청양고추,후추","마늘,전분","감자, 양파, 당근, 식용유, 다진 마늘, 후춧가루, 맛소금, 소금, 청양고추",,,"감자볶음 레시피 감자볶음 전분 제거 방법 감자채볶음 레시피
​
​
감자를 적당한 두께로 채 썰어서 볶아내는 감자볶음은 감자 특유의 포슬포슬한 식감과 고소한 풍미가 잘 어우러진 요리라서 평소 자주 조리하는 편인데요 볶을 때 감자가 으스러지지 않게 채 썬 감자를 소금으로 절이거나 끓는 물에 넣어서 데치는 방법 중에서 오늘은 데쳐서 조리하는 방법을 소개해 드려볼까 합니다.
​
​
​
​
감자볶음 전분 제거라는 제목에 걸맞게 메인 재료인 감자를 채 써는 방법은 물론이고 감자의 전분을 제거하는 방법을 포함한 전체 조리 과정들을 알기 쉽게 설명드렸으니 쓸만한 감자채 볶음 레시피를 찾고 계셨던 분들께서는 이번 콘텐츠의 내용을 참고하셔서 맛있는 감자볶음을 완성해 보시기 바랍니다.
​
​
​
​
​
준비할 재료들
감자 300g
양파 50g
당근 15g
식용유 3T
다진 마늘 1t
후춧가루 약간
맛소금 2/3t
​
계량단위
1T = 밥숟가락 1스푼
1t = 밥숟가락 1/3스푼
​
​
제시해 드린 감자"
40885,감자 된장찌개 레시피 두부 된장찌개 끓이는법 재료,naver(주제별보기),https://blog.naver.com/baby0817/223893034551,Y,"감자,고추,고추장,다진마늘,된장,두부,마늘,맛술,버섯,설탕,액젓,양파,청양고추,파,표고버섯,황다랑어","감자,고추장,다진마늘,두부,맛술,멸치,설탕,애호박,액젓,양파,청양고추,파,표고버섯","멸치,애호박","고추,된장,마늘,버섯,황다랑어","감자, 양파, 대파, 표고버섯, 청양고추, 두부, 물, 재래식 된장, 고추장, 다진 마늘, 참치액, 설탕, 맛술, 미림, 멸치, 애호박","물, 재래식 된장",,"감자 된장찌개
레시피
두부 된장찌개 끓이는법
​
​
​
​
날씨가 더워도 찌개는 늘 먹어도 질리지 않는 법이죠.
오랜만에 제일 기본적이면서 구수하고 맛있는 감자 된장찌개 레시피 올려봅니다. 국물이 맛있다고 수진양과 남편이 폭풍흡입을 해서 한 냄비 클리어!
​
엄마, 나는 치킨 피자보다
이게 천만배 맛있어! 대박~
국물이 끝내준다 진짜!
수진양이 맛있다고 엄지척!
오랜만에 집밥을 먹기 시작해서 그런건지 표현이 더 늘어난 것 같기도 한데 수진양이 맛있다고 난리도 아니었답니다. 역시 가장 기본적인 베이스가 최고죠.
​
​
육수를 사용하지 않아도 구수하고 맛있는 국물 팁은 이겁니다.
​
​
감자, 두부, 호박, 버섯 등을 듬뿍 넣어서 두부 된장찌개 끓이는법 해주시면 꼭 외갓집에 갔을 때 나오는 그런 느낌의 맛도 나오고 그렇거든요.
​
이번에는 호박이 똑 떨어져서 뺐지만 있는 분들은 두부 된장찌개 재료 넣어주실 적에 애호박도 듬뿍 넣어서 끓여보세요. 아주 맛있답니다.
​
남편은 고기가 없냐며"
40887,기본 김밥 만들기 오이 어묵 김밥 재료 안터지게 맛있게 싸는법,naver(주제별보기),https://blog.naver.com/yee1036/223892922855,Y,"간장,게맛살,김,다시마,단무지,달걀,당근,맛술,소금,어묵,오이,우엉,참기름,참깨","간장,게맛살,다시마,달걀,당근,맛술,설탕,소금,식초,쌀,어묵,오이,우엉,참기름,참깨","설탕,식초,쌀","김,단무지","쌀, 다시마, 소금, 참기름, 통깨, 전용 햄, 오이, 시판 단무지, 우엉, 맛살, 당근, 계란, 어묵, 진간장, 맛술, 재래식 김, 식초, 설탕","전용 햄, 시판 단무지, 재래식 김",,"김밥 만들기
오이 어묵 김밥 재료
김밥 안터지게 맛있게 싸는법
​
​
어제는 시댁에 다녀오는데 어찌나 주변이 뿌연한 지 마치 안개가 자욱한 산속에 들어와 있는 느낌이었는데요.
그러면서 출발할 때 제가 사는 지역은 29도가 넘을 만큼 더운 날씨였는데 금강 하나를 사이에 두고
30분 즈음 달려가니 기온이 24도로 떨어져 슬쩍 당황스럽기까지 하더라고요. 멀리 간 것도 아니고 30분 정도
차를 타고 간 것뿐인데 바람도 시원하고 전혀 딴 세상에 와 있는 느낌이니 말이죠.
그러면서 지금 한창 금계국이 여기저기 많이 피어있으니 차를 타고 가면서도 눈이 호강 그 자체더라고요.
그리고 접시꽃도 형형색색 피었는데 그중 만난 흰색 접시꽃은 계량 종인지 다른 꽃과 비교해 겹꽃으로
​
​
화려하게 피어 있으니 저도 모르게 유독 그곳으로만 눈이 가더라고요. 어릴 때는 그냥 여기저기 피어있는 꽃인 줄
알았다가 도종환 시인의 접시꽃 당신이라는 시에 나오는 꽃이라는 걸 알게 된 후로는 바라보는 느낌이 달라지더라고"
40889,수제 오이피클 만들기 레시피 비율 야채피클 만드는 법,naver(주제별보기),https://blog.naver.com/bongs1021/223892849667,Y,"고추,배추,설탕,소금,식초,양배추,오이,월계수,청양고추,피클링스파이스","설탕,소금,식초,월계수,청양고추,피클링스파이스",,"고추,배추,양배추,오이","백오이, 청양고추, 물, 식초, 설탕, 소금, 피클링스파이스, 월계수잎","백오이, 물",,"오이피클만들기 레시피
수제 오이피클 만들기 비율 수제피클 만들기
오이피클만드는법
오이피클 레시피 오이피클 비율
야채피클 만들기
​
요즘 오이가 저렴하고 워낙에 싱싱해서
수제 오이피클 만들기 딱 좋은 시기다.
봉스표 오이피클 레시피 맛있다고 이웃님부터 친구들까지 이야기 해서
매년 여름이 되면 몇 병씩 담아서 우리도 먹고
친구네 선물하기도 한다.
봉스표 오이피클 만드는 법 킥이라고 하면 매운 청양고추를 넣는 것!
할라피뇨도 아니고 청양고추를 넣은 야채피클 레시피 라니,
뭔가 어울리지 않을 것 같지만 끝맛이 칼칼하면서
자꾸만 입맛이 당기는 감칠맛을 만들어 낸다.
​
​
​
이 오이피클 비율 레시피로 하면
백오이 3개 혹은 4개까지도 담을 수 있다.
오이 개수는 병에 눌러 담는 정도에 따라 달라진다.
나는 청양고추는 6개만 넣었는데 기호에 따라
그이상 넣어도 절대 과하지 않고
오히려 더 매콤칼칼하니 맛있는 야채피클 만들기 할 수 있다.
​
재료
​
백오이 3개, 청양고추 6~7개
​
물 4"
40891,돼지고기 고추장찌개 레시피 감자 고추장찌개 만드는 법,naver(주제별보기),https://blog.naver.com/mj_hudadak/223892117446,Y,"감자,고추,고추장,고춧가루,다리,다진마늘,돼지고기,돼지고기앞다리살,두부,마늘,멸치,애호박,양파,원두,육수,청양고추,코인육수,파,호박","간장,감자,고추장,고춧가루,다시다,다진마늘,돼지고기앞다리살,두부,맛술,새우젓,소금,식용유,애호박,액젓,양파,육수,청양고추,코인육수,파,후추","간장,다시다,맛술,새우젓,소금,식용유,액젓,후추","고추,다리,돼지고기,마늘,멸치,원두,호박","앞다리살, 대파, 감자, 애호박, 양파, 두부, 청양고추, 멸치육수, 코인육수, 다진마늘, 고추장, 고춧가루, 진간장, 맛술, 새우젓, 다시다, 멸치액젓, 참치액젓, 식용유, 물, 후춧가루, 소금, 까나리액젓, 꽃게액","물, 꽃게액",,"돼지고기 고추장찌개 레시피
고추장찌개 레시피 돼지고기
고추장찌개레시피
감자고추장찌개 레시피
돼지고기 고추장찌개 만드는 법
​
​
​
​
사
실 개인적인 입맛으로는 돼지찌개 맛을 좋아하지 않아요. 미세하게 느껴지는 고기 냄새도 싫고 기름진 국물 맛도 좋아하지 않거든요. 근데 지금 소개하는 돼지고기고추장찌개 레시피 맛은 제 입맛에도 맛있는 거 보니 이건 진짜 맛있는 찌개인 것 같습니다. 느끼함도 없고 고기 잡내도 없고 다 끓이고 나면 짬뽕 국물 맛 비슷한 진한 감칠맛이 일품이라 진짜 맛있게 먹었답니다.
​
지난번에 대패삼겹살로 끓였을 때 남편과 남동생이 고봉밥을 먹는 걸 보고 영상 컨텐츠를 만들어 다양한 곳에 소개했는데요. 이 레시피가 너튜브에서 빵 터져서 덕분에 구독자를 많이 모았습니다. ㅎㅎ
​
얼
마나 맛있었길래 남편과 동생이 고봉밥을 먹었지 싶더라고요. 물론 그때 간을 봤지만 저는 기름진 고기 국물을 좋아하지 않아 맛만 보고 먹지 않았는데 이번에 제대로 먹어보니 맛있긴 맛있네요."
40895,콩나물 김칫국 10분 레시피 해장국 반찬 밥도둑 메뉴로 어때요?,naver(주제별보기),https://blog.naver.com/mansunmam/223891603496,Y,"간장,멸치,묵은지,소금,액젓,육수,코인육수,콩나물,황다랑어,후추","간장,두부,묵은지,소금,액젓,어묵,청양고추,콩나물","두부,어묵,청양고추","멸치,육수,코인육수,황다랑어,후추","콩나물, 묵은지, 물, 멸치코인육수, 참치액, 간장, 소금, 후추가루, 국간장, 청양고추, 두부, 어묵","물, 멸치코인육수, 후추가루",,"​
콩나물 김칫국 10분 레시피
간단 해장국 밥도둑 메뉴로 어때요?
​
아들  있는
주말 아침
엔 밥 준비 한다고 조금 서둘게 됩니다. 신랑이랑 둘이 있을 땐 주말이라도 정말 간단하게 하루 시작하는데 말이지요.
​
​
​
개운하게 맛있게 칼칼하게
콩나물과 묵은지 넣은 김치국 끓여 보았어요. 따뜻해도 맛있고 식어도 저는 좋더라고요.
​
​
​
다행히 아들이 콩나물을 좋아해요. 무침으로 자주 만들지만 국으로 끓이면 푸짐해서 좋아요.
​
​
​
재료
​
* 콩나물 한 줌
* 묵은지 1/4포기
* 물 700~800ml
* 멸치코인육수
* 참치액
(간장, 소금))
* 후추가루
​
1T=15ml(밥숟가락)
1t=5ml(티스푼)
​
​
​
재료 준비
​
옆집 언니 협찬 묵은지가 유난히 맛있어서 아껴 먹고 있어요. 고추가루가 좋은지 색도 예쁘고 깊은 맛이 나서 좋더라고요.
​
콩나물은 찬물에 2~3번 헹궈 물기 털어 준비해 둡니다.
​
​
국 끓이기
​
자른 김치에 물을 물을 넣고 끓여주기 시작합"
40908,두부조림 레시피 양념장 만들기,naver(주제별보기),https://blog.naver.com/jin5194/223891184780,Y,"간장,감자,고추,두부,양파,육수,전분,청양고추,파","고춧가루,굴소스,다진마늘,두부,새우젓,설탕,식용유,양파,참기름,참깨,청양고추,파,후추","고춧가루,굴소스,다진마늘,새우젓,설탕,식용유,참기름,참깨,후추","간장,감자,고추,육수,전분","두부, 물, 대파, 양파, 청양고추, 후춧가루, 다진 마늘, 고춧가루, 새우젓, 굴소스, 설탕, 참기름, 식용유, 통깨",물,,"두부조림양념장 두부조림레시피 두부조림 만들기
​
​
두부의 수분을 제거하고 한 입 크기로 자른 다음 각종 향신 채소와 매콤한 맛을 내는 양념장 및 육수를 첨가하여 자작하게 조려내는 방식으로 조리하는 양념 두부조림은 감자 전분을 입혀서 쫀득하게 부쳐낸 두부를 간장 양념으로 조려서 단맛과 짠맛이 조화를 이루도록 조리하는 간장 두부조림과 달리 매콤한 맛과 감칠맛이 진해서 평소 자주 조리하는 메뉴랍니다.
​
​
​
​
이번 포스팅을 통하여 요리용 재료들을 손질하는 기본적인 내용부터 양념장 레시피 및 조림으로 조리하는 전반적인 과정들까지 빠짐없이 알려드렸으니 매콤한 맛을 내는 양념장을 활용한 두부조림 레시피가 필요하셨던 분들께서는 본문 내용을 차근차근 읽어 보신 후 필요한 사항들을 참고하셔서 조리해 보시기 바랍니다.
​
​
​
​
​
준비할 재료들
두부 300g
물 200ml
대파 70g
양파 70g
청양고추 1개
​
양념장 재료
후춧가루 약간
다진 마늘 1T
고춧가루 2T
새우젓 2/3T
"
40945,연예인도 쓴 소야트 두유제조기 추천 콩국수 콩물 만들기,naver(주제별보기),https://blog.naver.com/junmega/223888496490,Y,"달걀,백태,소금,소면,오이,참깨,토마토","당근,백태,소금,소면,알룰로스,오이,참깨,토마토","당근,알룰로스",달걀,"백태, 물, 소금, 소면, 오이, 방울토마토, 삶은 달걀, 통깨, 당근, 히말라야핑크솔트, 알룰로스, 통밀국수","물, 삶은 달걀, 히말라야핑크솔트, 통밀국수",,"연예인도 쓴
소야트 두유제조기 추천
콩국수 콩물 만들기
글.사진@은하계쓰
​
​
평소에 손태영 님, 권상우 님 부부 좋아해서 유튜브 채널 즐겨보거든요.
근데 거기서 콩국수 만들어 먹는 모습 보니까 넘 좋아 보이는 거예요.
​
​
두유제조기 추천!
​
게다가 요즘처럼 날씨가 더워지기 시작하면 시원한 콩국수 한 그릇이 딱 생각나잖아요?
한 끼 식사로도 든든하고, 입맛 없을 때 밥 대신 먹기에도 정말 좋은 메뉴죠.
​
근데 집에서 콩물 만들기 하려면 콩 불리고, 냄비에 삶고, 믹서에 갈고, 체에 거르고...
아휴, 생각만 해도 번거로워서 그냥 포기할 때 많았지 뭐예요?!
​
그런데, 두유제조기 하나만 있으면 콩 안 불려도 되니까 콩국수 만들기 편하고,
사용 후에는 자동으로 뜨겁게 살균 세척까지 해주니 바쁘다 바빠 현대사회에 딱이더라고요.
​
​
​
덕분에 이제 집에서도 첨가물 걱정 없이 건강하고 맛있는 뽀얀 콩물을 뚝딱 만들어 먹을 수 있어요.
다이어트식단으로 좋은 ABC주스도 만들고, "
40980,나초 샐러드 레시피 멕시칸샐러드 집에서 간단한 술안주 만들기,naver(주제별보기),https://blog.naver.com/raphaelachoi/223882979746,Y,"간,살사소스,상추,체다치즈,치즈,토마토","고수,상추,아보카도,올리브,체다치즈,치즈소스,토마토","고수,아보카도,올리브,치즈소스","간,살사소스,치즈","나초, 과카몰리, 토마토살사, 양상추, 체다치즈, 고수, 치즈소스, 사워소스, 올리브, 아보카도, 토마토","나초, 과카몰리, 토마토살사, 사워소스",,"​
​
​
​
​
​
​
​
나초 샐러드 레시피
멕시칸샐러드 집에서 간단한 술안주 만들기
​
​
​
​
​
​
​
​
​
​
​
가
끔 무거운 요리보단 가볍지만 풍미는 확실한 간식이나 술안주가 필요한 순간이 있어요. 그럴 때 딱인 메뉴가 바로 나초 샐러드입니다. 고소하게 구운 나초 위에 신선한 양상추와 상큼한 토마토살사, 부드러운 과카몰리, 향긋한 고수까지. 여기에 치즈까지 샥샥 뿌려내면 보기만 해도 침이 고이는 비주얼이 완성돼요.
​
​
​
​
​
​
​
​
​
​
​
오늘 알려드릴 나초샐러드 레시피는
정말 간단하면서도
멕시코 요리 특유의 다채로운 맛을
잘 느낄 수가 있죠.
에어프라이어에 나초를 구워 바삭하게 준비하고,
그 위에 신선한 채소와 소스를 올리면 끝!
무겁지 않으면서도 충분히 든든하고,
식감도 풍성해서 간식이나 안주로 제격이죠.
​
​
​
​
​
​
​
​
​
​
​
​
​
간단한 술안주 만들기로 이만한게 없어요.
가족들 간식, 혹은 친구들이 놀러 오거나
혼술을 즐기고 "
41406,단호박꿀조림 아이 단호박요리 ‘부서지지 않게’,naver(주제별보기),https://blog.naver.com/dream881122-/223904280894,Y,"간장,꿀,맛술,유자,유자청,현미,현미유,호박","간장,꿀,맛술,유자청,현미유,호박",,"유자,현미","단호박, 현미유, 물, 간장, 맛술, 꿀, 유자청, 견과류","물, 견과류",,"​
단호박 꿀조림
아이 단호박요리
'이렇게' 하면 부서지지 않아요
글, 사진 은소자매맘
​
단호박 조리 후
다 으깨지지 않으시나요?
저도 늘 그게 고민이었어요.
예쁘게 만들고 싶은데,
모양이 다 뭉개져 버리더라고요
.
​
그래서 오늘은,
부서지지 않으면서도
영양 흡수는 그대로!
​
달콤해서 아이도 잘먹는
단호박 꿀조림
알려드릴게요.
​
​
밤호박이라고도 불리는데요.
6~7월이 가장 맛있을 때
랍니다.
​
부서지지 않고
지용성 비타민인 베타카로틴의 흡수
돕기 위해 기름으로 살짝 볶은 후
​
간장, 꿀, 유자청, 맛술 넣고 졸인 후
견과류까지 솔솔 뿌려주면 완성이에요.
​
0초
0초
광고 후 계속됩니다.
다음 동영상
subject
author
취소
단호박꿀조림 '이렇게'하면 부서지지 않아요
재생
1
좋아요
0
좋아요
공유하기
재생 (space/k)
재생
00:11
0:00:00
재생 (space/k)
재생
음소거 (m)
음소거
00:00
/
00:11
실시간
설정
전체 화면 (f)
해상"
41412,서울식 불고기 전골 레시피 국물 소불고기 버섯전골 만드는 법 레시피,naver(주제별보기),https://blog.naver.com/madamivory/223904206341,Y,"간장,느타리버섯,다시마,당면,마늘,버섯,불고깃감,새송이버섯,설탕,소고기,소금,송이버섯,원당,육수,잎새버섯,참기름,청주,파,팽이버섯,표고버섯,후추","간장,느타리버섯,당면,마늘,설탕,소고기,소금,육수,잎새버섯,참기름,청주,파,팽이버섯,표고버섯,후추",,"다시마,버섯,불고깃감,새송이버섯,송이버섯,원당","소고기, 설탕, 양조간장, 마늘, 후추, 소금, 참기름, 파, 잎새버섯, 미니 새송이버섯, 표고버섯, 느타리버섯, 팽이버섯, 다시마 육수, 국간장, 청주, 당면",미니 새송이버섯,,"서울식 소불고기 전골이에요
소불고기 버섯전골
오늘의 요리는
소고기 요리, 버섯 요리로
서울식 불고기인 국물 불고기에 버섯을 듬뿍
넣은 소불고기 버섯전골 레시피에요.
​
소불고기 버섯전골
특별한 날이나 손님 초대 음식으로
소고기 전골 요리 만들 때가 있는데 주로
국물 소불고기에 각종 버섯을 듬뿍 넣고
소불고기 당면도 추가해 소고기 버섯전골로
잘 만들지요~
​
서울식 소불고기 전골 레시피라고 해도
여러 가지 버섯이 소고기 보다 많이 들어가
버섯전골 레시피면서
버섯 불고기 전골 요리라고 할 수 있겠어요.
​
소불고기 버섯전골은 약간 달달한 국물에
밥을 말아 먹어도 맛있고 소불고기 당면을 넣어
끓여서 면을 먹는 느낌이 있어 정말
누구나 좋아하는 서울식 불고기 전골
레시피가 되겠어요.
​
#소고기요리
#버섯요리
#불고기
#소불고기
#불고기요리
#버섯불고기
#소불고기요리
#전골
#전골요리
#소고기버섯전골
#버섯전골레시피
#버섯전골만드는법
#버섯전골
#소고기전골
#국물불고기
#불고기전골
#소불고"
41418,감자탕 끓이는법 묵은지감자탕 뼈해장국 레시피,naver(주제별보기),https://blog.naver.com/leescook/223904188243,Y,"감자,등뼈,묵은지,시래기","깻잎,다진마늘,들기름,맛술,묵은지,액젓,양파,파,후추","깻잎,다진마늘,들기름,맛술,액젓,양파,파,후추","감자,등뼈,시래기","돼지등뼈, 묵은지, 양파, 대파, 물, 깻잎, 거피 들깨가루, 집된장, 고추가루, 다진마늘, 어간장, 미림, 들기름, 후추, 참치액","돼지등뼈, 물, 거피 들깨가루, 집된장, 고추가루, 어간장",,"감자탕 끓이는법
묵은지감자탕
뼈해장국 레시피
간만에 덥지만 압력솥으로 간단하게 묵은지 감자탕을 끓였습니다. 여러분들은 감자탕에 감자가 들어가서 감자탕인줄 아시나요?
​
오래전에 어느분이 감자탕 포스팅을 보시고 감자탕에 왜 감자가 안들어갔냐고 뭐라하셨던 분이 생각납니다. 감자탕의 뜻은 여러 설이 있는데 감자가 들어가서라기 보다는 돼지 등뼈에 있는 척수를 감자라 불러서 감자탕이라는 설이 유력합니다.
​
그래서 굳이 감자탕에 감자를 넣지않아도 감자탕이라는거~ㅎㅎ
​
​
​
시래기를 넣고 끓이면 좋지만 시래기를 불리고 삶기 귀찮아 전 주로 묵은지를 넣고 간단하게 끓입니다.
​
감자탕과 뼈해장국이 어떻게 다를까요? 제가 업장을 하는 사람이 아니라서 정확하게는 모르겠지만 둘다 먹어본 결과 전골냄비에 여러명이 같이 먹을수 있게 나오는 것은 감자탕, 일인분식 뚝배기에 나오는건 뼈해장국이 아닐까? 싶습니다.
​
뼈해장국 칼로리는 1인분(700g)에 450kcal 라고 하니 칼로리가 꽤나 높은편이에요"
41421,깻잎볶음 만들기 깻잎순 나물 볶음 무침 깻잎나물 요리 만드는 법,naver(주제별보기),https://blog.naver.com/ejs2122/223904099064,Y,"간,간장,깻잎,깻잎순,들기름,마늘,소금","간장,깻잎순,다진마늘,들기름,소금",다진마늘,"간,깻잎,마늘","깻잎순, 소금, 간 마늘, 양조간장, 국간장, 들기름, 물",물,,"요즘 밥도둑 찾고 있다면? 향긋한 깻잎볶음 만들기 비법 공개!
요즘처럼 날이 덥고 습해서 입맛 없을 때, 맛있는 반찬 하나만 있다면 좋을텐데요.
특히 깻잎순 나물 볶음은 제 밥상 위 단골 메뉴입니다.
은은한 향과 고소한 맛이 매력적인 깻잎순은 무쳐도 좋고, 볶아도 정말 맛있어요.
오늘은 깻잎나물 요리 만드는 법 중에서도 간단하게 만들 수 있는 깻잎볶음 레시피를 소개할게요.
준비 재료 (밥숟가락 기준)
​
​
깻잎순 450g
소금 1 큰 술 (데칠 때)
간 마늘 1 큰 술
양조간장(또는 국간장) 4 큰 술
들기름 5 큰 술
물 100ml
0초
0초
광고 후 계속됩니다.
다음 동영상
subject
author
취소
깻잎볶음 만들기 깻잎순 나물 볶음 무침 깻잎나물 요리 만드는 법
재생
16
좋아요
0
좋아요
공유하기
재생 (space/k)
재생
00:47
0:00:00
재생 (space/k)
재생
음소거 (m)
음소거
00:00
/
00:47
실시간
설정
전체 화면 (f)
해상도
자동 4"
41432,[홈베이킹] 단호박 가루 넣은 무반죽 사워도우 빵 만들기(발효빵 만들기),naver(주제별보기),https://blog.naver.com/0131x84/223903903220,Y,"도우,밀가루,발효종,호밀사워종,호박",소금,소금,"도우,밀가루,발효종,호밀사워종,호박","단호박가루, 르방, 물, 소금, T65, T80","단호박가루, 르방, 물, T65, T80",,"세상에, 죽어가던 르방이 살아났어요!
아침에 르방 리프레시하고 나니까 두 배는 커졌더라고요.
점심에 한 번 더 리프레시 해줬더니 6시간 뒤에는
르방 뚜껑 터질 것 같을 정도로 세배까지 커졌어요!
생각지도 못했는데 르방이 다시 살아나서
급하게 사워도우 반죽을 했답니다~
​
색이 예쁜 사워도우를 만들어 보고 싶어서
노란색 단호박 가루 넣어서 반죽했더니 색이 참 예뻐요,
국내산 100% 단호박 가루라 향도 은은하게 나서 괜찮고요~
​
하하
😜
오늘은 토끼가 좀 보이긴 하네요..?
🐰
지난번에는 기공이 너무 커서 아쉬웠던 부분도,,
이번에는 좀 꼼꼼하게 말았더니 훨씬 잘 나온 것 같아요!
​
건강한 사워도우 브레드, 밀가루로 만드는 건 같지만..
천연발효종을 넣어 조금은 건강하게 먹을 수 있어요.
샌드위치를 좋아하는 저에게는 없으면 안 되는 빵이죠~~
사워도우 브레드, 혹시 천연 발효빵에 관심 있으신 분들은
집에서 한번 만들어 보시는 건 어떠세요?
재료도 간단하고 무반죽으로 만들 수 있어요"
41435,시원한 오이냉국 레시피 냉면육수 없이 오이냉채 만들기,naver(주제별보기),https://blog.naver.com/jh2y3/223903885295,Y,"가지,냉면육수,달래,미역,오이,육수","깨소금,다진마늘,빨간고추,설탕,소금,식초,액젓,얼음,오이,청양고추","깨소금,다진마늘,빨간고추,설탕,소금,식초,액젓,얼음,청양고추","가지,냉면육수,달래,미역,육수","오이, 홍고추, 청양고추, 다진 마늘, 소금, 참치액, 설탕, 현미식초, 냉수, 얼음, 깨소금",냉수,,"오이냉국 레시피
시원한 오이냉국 만들기
냉면육수 없이 오이냉채 만들기
오이냉국 황금레시피
​
글. 사진. 팬이맘
​
​
6월인데
연신 덥다는 말만 나오네요.
​
더위 달래주는 음식으로
냉국만 한 것이 있나요?
​
오늘은 미역냉국 말고
오이만 가지고
시원한 오이냉국 레시피
알려드릴게요.
​
냉면 육수 없이
바로 만들어 드실 수 있는
오이냉채 만들기
간단하지만
맛있게 만들 수 있는 방법 알려드릴게요.
​
​
이번 오이냉국 만들기에는
참치액과 소금을
적절하게 섞어 넣고
설탕과 현미식초를 풀어
새콤달콤하고 시원하게 만들어보았어요.
​
​
​
시원한 오이냉국 레시피
​
[재료]
오이 1개
홍고추 1/2개
청양고추 1/2개
다진 마늘 1큰술
소금 1작은술
참치액 1큰술
설탕 2큰술
현미식초 3큰술
냉수 500ml
​
계량스푼 기준
1큰술=15ml
1작은술=5ml
​
1. 고추 씨 제거
​
칼칼한 맛을 내고
모양도 내게
청양고추와 홍고추를 준비하고
반으로 길게 썬 후
물에 씨를 헹구어 제거할게요"
41438,순두부찌개 레시피 돼지고기 순두부찌개 끓이는법 만들기,naver(주제별보기),https://blog.naver.com/peace8012/223903827320,Y,"간장,고추,고춧가루,다진마늘,달걀,돼지고기,두부,마늘,빨간고추,설탕,소금,순두부,식용유,액젓,양파,참기름,청양고추,파,황다랑어,후추","간장,고춧가루,다진마늘,돼지고기,빨간고추,새우,설탕,소금,순두부,식용유,액젓,양파,참기름,청양고추,청주,파,후추","새우,청주","고추,달걀,두부,마늘,황다랑어","순두부, 달걀노른자, 대파, 양파, 돼지고기, 다진 마늘, 고춧가루, 식용유, 참기름, 참치액, 액젓, 국간장, 소금, 설탕, 홍고추, 청양고추, 후춧가루, 물, 새우, 청주","달걀노른자, 물",,"​
​
돼지고기 순두부찌개 레시피
맛보장 순두부찌개 만들기
순두부찌개 끓이는법
​
​
집에서 자주 끓여 먹는 얼큰한 순두부찌개
덥던, 춥던 언제나 가족들이 즐겨 먹는
인기 메뉴 중 하나랍니다
주로 조개나 해산물을 넣어 끓이거나
돼지고기, 소고기를 넣고 끓이기도 하고요~
어남선생님이 소개해 주신 덕분에 스팸을
넣고 끓이기도 하고, 참치를 넣어
끓여도 맛있는 게 순찌인것 같아요
​
오늘은 예전 백선생님이 소개해 주신
레시피로 돼지고기를 넣고 고추기름 양념
진하게 내서 끓여보았습니다
여기에 들어가는 야채는 정해진 게 없어요
냉장고 자투리 채소들을 활용해서
끓이면 된답니다
또 매운맛은 고춧가루나 청양고추 등으로
취향껏 맛을 조절하여 만드시면 되고요
​
밥 한 공기를 찌개에 비벼서 먹다 보면 다른 반찬이
필요 없을 정도로 푹 빠져서 호로록 먹게 된답니다
순두부찌개는 정말 호로록 먹는다는 표현이
맞는 것 같네요^^
​
​
​
​
​
역시 뚝배기에 끓여야 제맛!!
이렇게 끓여야 온기도 오래 남고"
41441,수박화채 만들기 우유 사이다 레시피 과일화채 만드는법,naver(주제별보기),https://blog.naver.com/bongs1021/223903576668,Y,"블루베리,설탕,수박,스테비아,알룰로스,얼음,우유,탄산음료,토마토","꿀,블루베리,설탕,수박,알룰로스,얼음,우유,탄산음료,토마토",꿀,스테비아,"수박, 방울토마토, 블루베리, 견과류, 우유, 사이다, 설탕, 꿀, 알룰로스, 얼음",견과류,,"#여름음료추천
수박화채 우유 사이다
수박화채 만들기
수박화채 레시피 수박화채 사이다
사이다 수박화채 만드는법
과일화채 만드는법
​
대구는 한 낮 온도가 벌써 31도를 육박, 한여름 못지 않은 더운 날씨다.
우리집은 수박도 2통째 먹고 있는데 이렇게 더운 날이면
사이다 수박화채 만들기 해서 즐기기도 한다.
수박화채 만드는 법 재료에 따라 몇 가지 방법이 있는데
밀키스, 딸기우유를 부어서 만드는 방법도 있지만
가장 일반적으로는 수박화채 우유 부어서 만들곤 한다.
​
​
​
​
나는 우유와 함께 수박화채 사이다 섞어서 만들었더니
부드러우면서도 달콤하니
한여름 더위가 싹 씻겨내려가는 맛이다.
수박 외에도 키위나 포도, 방울토마토, 후르츠칵테일 등
여러 가지 과일을 섞어서 과일화채 만드는 법 도 있으니까
달콤하고 시원한 화채로 더위를 물리쳐볼까.
​
​
​
재료
​
수박 200g,
스테비아 방울토마토 5개, 블루베리 100ml,
견과류 약간
​
우유 150ml, 사이다 70ml,
설탕 1스푼"
41444,오이지무침 황금레시피 양념 여름반찬,naver(주제별보기),https://blog.naver.com/kimhy004/223903557473,Y,"고춧가루,다진마늘,마늘,식초,알룰로스,오이,쪽파,참기름,참깨","고춧가루,다진마늘,소금,식초,알룰로스,올리고당,쪽파,참기름,참깨","소금,올리고당","마늘,오이","오이지, 쪽파, 다진 마늘, 고춧가루, 알룰로스, 식초, 참기름, 통깨, 올리고당, 소금",오이지,,"여름 오이지무침 황금레시피
여름 오이지무침 레시피
​
​
안녕하세요 들꽃향기입니다.
장마가 오기 전 오이지를 담아 놓으면
든든한 밑반찬이 돼요.
만들어서 김치냉장고에 넣어두면
일 년 두고 먹어도 변질 없어요.
​
날씨가 더운 날은 입맛도 덜해서
아무것도 먹고 싶지 않을 때가 있는데요.
여름엔 오이 반찬으로 오이무침도 맛있지만,
오이지는 또 다른 맛이 나고
꼬들꼬들한 식감이 좋아요.
​
특히나 입맛이 없을 때 오이지를 무쳐서
밥 위에 올려 먹으면 여름 반찬으로 엄지척~!
​
오이지는 염도가 각각 다르기 때문에
물에 담가서 짠맛을 빼주어야 하는데요.
썰어서 맛을 보았을 때
먹기 좋도록 적당한 정도의 염도이면
세척 후 물기를 짜준 후 그대로 요리하면 되고,
짜다면 물에 담가서 짠맛을 빼준 후
양념에 버무려주면 돼요.
​
​
* 재료 *
​
오이지 2개 320g
→ 물기 제거 후 200g
​
* 오이지무침 양념
쪽파 1큰술,
다진 마늘 0.3큰술,
고춧가루 1큰술,
알룰로스 1큰술,
식초 "
41454,당근라페 만들기 레시피 홀그레인 샐러드,naver(주제별보기),https://blog.naver.com/jin5194/223903139797,Y,"당근,레몬,알룰로스,올리브,올리브유,페투치네","꿀,당근,레몬,민트,소금,알룰로스,올리브유","꿀,민트,소금","올리브,페투치네","당근, 홀그레인 머스터드, 올리브오일, 레몬즙, 소금, 꿀, 알룰로스, 애플민트",홀그레인 머스터드,,"당근라페만들기 홀그레인 당근라페 레시피 당근라페 만들기 레시피
​
​
강판에 간다 또는 채를 썬다는 뜻의 라페와 당근의 합성어인 당근 라페는 그 이름답게 메인 재료인 당근을 얇은 채의 형태로 잘라서 짠맛이나 단맛을 내는 양념으로 절인 다음
홀그레인 머스터드, 올리브오일, 레몬즙, 알룰로스 등 새콤달콤한 맛을 지닌 양념 재료들로 버무려낸 요리인데요 샐러드처럼 그냥 먹을 수 있고 샌드위치의 속 재료나 카나페의 재료로 활용할 수도 있어서 간단한 조리 과정에 비해 활용도가 높은 것이 특징이랍니다.
​
​
​
​
당근을 식칼이나 채칼로 잘라서 조리할 수도 있지만 필러를 활용하여 페투치네 면처럼 일정한 폭으로 자르면 조금 특별한 식감을 낼 수 있어서 저는 주로 필러로 조리하는 편인데요 아직 필러로 조리해 보신 적이 없으신 분들께서는 제가 알려드린 방법대로 한 번 따라 해 보시기 바랍니다.
​
​
​
​
​
준비할 재료들
당근 200g (손질 후)
홀그레인 머스터드 1/2T
올리브오일 2.5T
"
41457,바질페스토 파스타 만들기 바질페스토 요리 바질파스타 레시피,naver(주제별보기),https://blog.naver.com/gugu9416/223903040366,Y,"고추,다진마늘,마늘,바질,베트남고추,새우,새우살,엑스트라버진,올리브,페스토","다진마늘,새우살,소금,엑스트라버진,파스타면,페스토,페퍼","소금,파스타면,페퍼","고추,마늘,바질,베트남고추,새우,올리브","스파게티면, 올리브유, 새우살, 바질 페스토, 다진마늘, 페페론치노, 면수, 소금, 핫페퍼, 굵은소금","면수, 핫페퍼",,"바질페스토 파스타 만들기
바질파스타 레시피
바질페스토파스타 레시피
​
​
점심에 혼밥을 해야 하는데 뭘 먹을까 고민하다가
지난번에 만들어 놓은 바질페스토요리로
바질파스타 만들기 해 보았습니다!
냉동새우살을 듬뿍 넣어 만들었더니
식감이 더 풍부하더라고요~
​
​
​
편마늘 풍미좋은 올리브유에 볶다가
베트남고추를 더해 맵깔한 맛을 더해주는데
이번에는 통마늘이 없어서 다진마늘을 넣어 볶아 주었습니다~
​
​
​
​
간단하지만 푸짐하게 먹을 수 있는 바질파스타레시피~!!
한그릇요리로 맛있게 먹을 수 있었네요~
스파게티 좋아하시는 분이시라면 맛있게 한그릇 만들어 보시길 바래요~
​
​
​
재료준비(1인분)
스파게티면 100g(1인분)
올리브유 2숟가락
새우살(대) 7미
바질 페스토 2숟가락
다진마늘 1/2숟가락
페페론치노 5개
면수 1/2컵
소금 약간
핫페퍼 갈갈
​
면 삶을 때 : 굵은소금 1/2숟가락
​
밥숟가락 / 계량컵(200ml) 계량
​
​
1. 파스타면 삶기
​
​
끓는 물에
굵"
41460,표고버섯볶음 레시피 생표고버섯 간단반찬 표고버섯요리,naver(주제별보기),https://blog.naver.com/s2eoheepark/223902815403,Y,"간장,버섯,참기름,참깨,표고버섯","간장,참기름,참깨,표고버섯",,버섯,"표고버섯, 양조간장, 물엿, 참기름, 통깨",물엿,,"생표고버섯으로 만드는
표고버섯 볶음 레시피
© 글, 사진, 레시피 덕복희
표고버섯 볶음 레시피는
표고버섯, 간장, 물엿, 참기름, 통깨만 이용해서 간단히 만들어본 맛있는 반찬 레시피예요! 요즘 표고 버섯 너무 맛있는데, 이렇게 밥반찬으로 만들어 먹으면 영양 가득 섭취 할 수 있어 좋더라고요. 간단하게 만드는 방법 소개해드릴게요!
# 제철 집밥 요리
표고버섯볶음 재료
​
메인 재료
표고버섯 12개
​
양념 재료
양조간장 1.5T, 물엿 1T, 참기름 1T, 통깨
​
* 2인분 기준, 계
량스푼 1T = 15ml, 1t = 10ml
1. 표고버섯볶음 재료소개
​
​
​
반찬을 몰아서 만들어보는 날이 있죠.
바로 그 때 만들었던 표고버섯볶음 레시피입니다.
무진장 간단해서 자주 애용할 것 같아요.
​
요즘 특히나 표고버섯 가격이 괜찮더라고요?
냉장고에 한봉지 사다둔게 있는데
곰팡이 피기 전에 뚝딱 만들어봤어요.
​
​
​
​
​
​
표고버섯볶음 레시피에서
생표고버섯은 12개 사용
했어요.
"
41473,다이어트 양배추 샐러드드레싱 만들기 양배추 사과 샐러드 레시피,naver(주제별보기),https://blog.naver.com/wtiger5v/223902493576,Y,"그릭요거트,드레싱,들기름,들깨,들깨가루,레몬,머스타드,배추,사과,양배추,요거트","그릭요거트,들기름,들깨가루,레몬,베이킹소다,사과,양배추",베이킹소다,"드레싱,들깨,머스타드,배추,요거트","양배추, 사과, 그릭요거트, 홀그레인머스타드소스, 레몬즙, 들깨가루, 들기름, 베이킹 소다",홀그레인머스타드소스,,"​
​
​
​
여름에 잘 어울리는
다이어트 레시피 어떤 게 있을까요?
​
달콤하면서도 아삭한 식감에
영양성분도 함유하고 있는
사과 양배추 샐러드 어떠신가요.
​
두 가지 재료 모두
평소에 많이 드실 텐데요.
​
오늘은 그릭요거트와
들깨가루, 들기름 넣은
다이어트 양배추 샐러드드레싱 만들기로
몸 관리하는 데 도움 되실 거예요.
​
​
​
​
​
몸에 도움을 줄 수 있는 성분이
함유되어 있고 식이섬유가 많아
포만감도 드는데요.
​
아침에 한 끼 식사 대용으로
만들어 먹어도 좋은
다이어트 레시피로 활용하면 좋아요.
​
​
​
​
​
​
그릭요거트의 신선하고 살짝 새콤한 맛이
입맛을 돌게 만들고,
들깨가루와 들기름의 고소함이
입에 착 감기게 될 텐데요.
​
양배추 샐러드드레싱 만들기
어렵지 않으니 바로 만들어봅시다.
​
​
​
재료
​
양배추 200g
사과 1알
​
(드레싱)
그릭요거트 3T
홀그레인머스타드소스 1/2T
레몬즙 1T
들깨가루 1T
들기름 1T
​
(T는 밥 수저 기준)
​
"
41476,경상도 소고기무국 레시피 얼큰 소고기무국 끓이는법,naver(주제별보기),https://blog.naver.com/peace8012/223902292786,Y,"간장,고춧가루,까나리,다진마늘,마늘,멸치,무,소고기,소금,액젓,양지,육수,참기름,청주,콩나물,파,황다랑어,후추","간장,고춧가루,다진마늘,무,소고기,소금,숙주나물,액젓,육수,참기름,청주,콩나물,파,후추",숙주나물,"까나리,마늘,멸치,양지,황다랑어","소고기, 무, 콩나물, 대파, 참기름, 액젓, 소금, 다진 마늘, 멸치육수, 고춧가루, 청주, 국간장, 후춧가루, 숙주, 천일염",,,"경상도 소고기무국 끓이는법
경상도 소고기무국 레시피
얼큰 소고기무국 끓이는법
​
​
​
​
경상도식 소고기무국은..
한 달에 한 번은 꼭 먹어주어야 합니다 ㅎㅎ
저희 가족들도 정말 좋아하는 국요리이고
저도 어렸을 때부터 자주자주 끓여 먹었던
국이었고요~
추우면 춥다고 더 생각이 나고
더우니 뭔가 땀 좀 뺄만한 국물요리 먹어야겠다며
생각이 나고 그렇네요
​
어제는 콩나물, 대파 듬뿍 넣고
커다란 솥으로 한솥 끓였는데도
남편과 아이들 둘이서 거의 다 먹은 거 있지요
콧등에 땀이 송골 송골 맺힐 정도로
얼큰하면서도 매콤한데 너무 맛있다고..
김치랑 모두 밥 한 공기씩 뚝딱하였답니다
​
​
​
​
​
​
재료들을 모두 넣고 폭~ 끓여 내면
콩나물과 대파도 부드럽게 익고
국물 맛도 시원해지면서 진해지는 게 너무
맛있어진답니다
저녁밥상에 내실 거라면 미리 오전에 끓여서
저녁에 다시 데워 드시면 훨씬 더 맛있어요!
다음날 먹으면 더 맛있고요
무슨 말인지 아시겠지요? ^^
​
소고기국은 육개장과 "
41483,검은 콩자반 만드는법 서리태 콩조림 만들기 콩장 레시피,naver(주제별보기),https://blog.naver.com/limeshampoo/223902041644,N,"간장,검은콩,참기름,참깨","간장,검은콩,참기름,참깨",,,"서리태, 물, 간장, 물엿, 참기름, 통깨","물, 물엿",,"검은 콩자반만드는법 콩자반 레시피 서리태 콩자반만들기 검은 콩조림 만드는 법 콩조림 만들기 콩장조림 서리태 콩장만들기 콩장 만드는법 콩장 레시피
요즘 다시 밑반찬을 하고 있는 라임이, 한동안 밑반찬을 못해서 집에 김치 말고는 없다가 이제 정신 차리고 반찬을 좀 하고 있어요. 지금은 밑반찬 여섯가지가 냉장고에 들어있지요.
​
새로 장을 보기도 하고, 집에 있는 식재료들도 열심히 사용하고 있는데요, 서리태 남은게 있어서 오랜만에 콩자반을 만들어 보았답니다. 어릴 때는 도시락 반찬으로도 많이 싸가곤 했는데 말이죠 ㅎㅎ 어릴 땐 콩을 참 싫어했는데 유일하게 잘 먹는 콩이 바로 요 콩장이었답니다.
만들어두면 일주일은 든든한 메뉴잖아요. 저희는 남편이 저녁을 거의 집에서 먹지 못하다보니 양을 많이 만들지는 않아요. 딱 일주일에 먹을정도? 다른 가정에서는 한번 만들어 보시고 양을 두배합 해주셔도 괜찮습니다.
​
콩자반은 오래 보관이 가능해서 넉넉히 만들어두면 왠지 마음이 든든하더라고요. 게다가 "
41489,가지덮밥 레시피 중국식 가지요리 만드는법,naver(주제별보기),https://blog.naver.com/peace8012/223901942412,Y,"가지,간장,고추,굴소스,두반장,두부,맛술,베트남고추,양파,전분,쪽파,참기름,치킨스톡,페퍼","가지,간장,굴소스,깻가루,다진마늘,돼지고기,두반장,두부,맛술,베트남고추,소고기,소금,양파,전분,쪽파,참기름,참깨,치킨스톡,파,페퍼","깻가루,다진마늘,돼지고기,소고기,소금,참깨,파",고추,"가지, 두부, 쪽파, 양파, 페페론치노, 베트남고추, 미림, 진간장, 굴소스, 두반장, 치킨스톡, 물, 참기름, 전분가루, 대파, 다진 마늘, 소금, 돼지고기, 소고기, 오일, 통깨, 깻가루","물, 오일",,"중국식 가지요리 레시피
가지덮밥 레시피
두부 가지덮밥 만드는법
​
​
​
​
오늘도 성시경님의 레시피를 살짝 참고삼아
만든 가지요리 소개합니다
요즘 한창 가지철이다보니까..
노릇하게 볶아서 덮밥 만들어 드시는데
저도 모르게 군침이 나더라고요
​
시경님은 돼지고기와 소고기 다짐육을
적절하게 섞어서 같이 볶으셨어요
저는 고기는 내키지가 않아서 대신
두부를 넣고 볶았는데 웬걸~ 너무 맛있는 거 있죠
​
이 레시피는 예전 동엽님이랑 오늘 뭐먹지
촬영할 때 배웠던 레시피라고 하시더라고요
그걸 기억하시고 아직까지 잘 활용하고 계시다니
대단하시죠~~
​
​
​
​
​
​
고기 없이 만들어도 충분히 맛있는
가지덮밥레시피
약간...마파가지 마파두부 느낌도 있고요
여튼 소스의 비율이 환상이라^^
아주 맛있게 밥 한 그릇 뚝딱했답니다
가지 2개만 있으면 쉽게 뚝딱 완성할 수 있으니까요
준비하셔서 맛있게 볶아 덮밥으로 만들어보세요!
그럼 레시피 소개해 볼게요
​
​
​
​
​
​
계량기준 - 밥숟가락, "
41505,마파두부 레시피 추천 마파두부덮밥 만들기 마파두부밥 소스 양념,naver(주제별보기),https://blog.naver.com/limeshampoo/223900732380,Y,"귀리,돼지고기,두부,라임,마파두부소스,밀가루,식용유,오이,토마토,파","돼지고기,두부,식용유,오이,토마토,파",,"귀리,라임,마파두부소스,밀가루","두부, 돼지고기, 대파, 식용유, 차오차이 홍콩식 마파두부 소스, 밥, 오이, 토마토, 물","차오차이 홍콩식 마파두부 소스, 밥, 물",,"마파두부레시피 추천 마파두부만들기 마파두부소스 마파두부덮밥 만들기 마파두부밥 마파두부 양념
요즘 밀가루를 줄이고 있는 라임이, 확실히 면을 많이 줄였어요. 면이 땡길 때는 대체면을 먹기도 하고요, 가급적 식사를 규칙적으로 챙기려고 노력중이랍니다. 그래서 며칠전에는 점심에 혼자 밥으로 식사를 준비했는데요, 저당 귀리밥을 지어 얼려두었던 것을 하나 해동하고 간단하게 마파두부를 만들어서 간단한 한끼를 준비해 보았답니다.
​
두부와 고기에 단백질도 듬뿍이라 신선한 채소 조금 곁들여서 먹으면 한끼로 아주 훌륭하더라고요.
요즘 동네에 오이가 저렴해서 오이와 토마토를 먹고 그 뒤에 마파두부덮밥 한접시 먹으니 든든하기도 하고 혈당 스파이크도 좀 줄일 수 있더라고요. 식사 순서만 바꿔도 혈당스파이크를 막을 수 있다기에 저도 요즘 조금씩 도전해 보는 중이랍니다.
​
간단하면서도 든든한 한그릇이라 너무 좋더라고요. 집에 소분해서 얼려두었던 고기를 전날 냉장실로 옮겨두었다가 다음날 점심에 바로 사용했어요"
41511,중국집 새우 계란볶음밥 레시피 굴소스 새우볶음밥 만들기,naver(주제별보기),https://blog.naver.com/bongs1021/223900467445,Y,"간장,굴소스,달걀,당근,새우,소금,양파,파,후추","간장,굴소스,달걀,당근,소금,식용유,양파,파,후추",식용유,새우,"찬밥, 계란, 소금, 냉동 칵테일새우, 대파, 양파, 당근, 양조간장, 굴소스, 후춧가루, 식용유, 밥","찬밥, 냉동 칵테일새우, 밥",,"계란볶음밥 굴소스 볶음밥 레시피
새우볶음밥레시피
계란새우볶음밥 만들기
중국집 계란볶음밥레시피 굴소스계란볶음밥 만들기
새우계란볶음밥 만들기
​
가끔 짜장면이 먹고 싶어서 배달을 시키면 아들은 꼭
중국집 볶음밥 주문하곤 한다.
중국집 볶음밥은 밥알이 고슬고슬하고 고소한 맛이 좋은 것이 특징.
집에서도 중국집 계란볶음밥 레시피 만들 수 있는데
밥을 고슬하게 하기 위해서 계란을 따로 볶아서 밥과 합쳐야 한다.
보통은 당근과 대파만 넣는데 나는 보다 풍성한 맛을 내기 위해
냉동새우를 넣고 새우계란볶음밥 만들기 했다.
간은 간장과 굴소스를 넣고 굴소스 계란볶음밥 만들기 했더니
입에 착착 붙는 감칠맛이 최고!
​
​
​
접시에 담을 때도 중국집 볶음밥 느낌 나도록
스크램블이랑 새우를 접시 바닥에 먼저 깔고 밥을 눌러담아 주었다.
미처 짜장소스는 준비하지 못했지만
중국집에서 먹던 식감 그대로 고슬고슬한
계란 새우볶음밥 레시피 완성이다.
​
​
재료
​
찬밥 볼록하게 1공기
​
계란 2개 (밑간 :"
41514,지중해식 샐러드 소스 쉬라즈샐러드,naver(주제별보기),https://blog.naver.com/ssieie/223900366789,Y,"레몬,무,엑스트라버진,올리브","꿀,다진마늘,레몬,소금,식초,알룰로스,양파,엑스트라버진,오이,토마토,파프리카,허브솔트","꿀,다진마늘,소금,식초,알룰로스,양파,오이,토마토,파프리카,허브솔트","무,올리브","오이, 방울토마토, 파프리카, 양파, 블랙올리브, 올리브유, 레몬즙, 다진 마늘, 알룰로스, 꿀, 허브솔트, 굵은소금, 식초",블랙올리브,,"​
​
​
​
​
​
지중해식 샐러드 소스
쉬라즈샐러드 소스
​
​
​
유명 헐리웃 스타들의 다이어트식으로
유명세를 탄
쉬라즈샐러드!!
이란의 대표적인 샐러드인데요..
낮은 칼로리에 맛도 좋고
무엇보다 만들기 간단해
더더 자주 준비하게 된답니다~
​
​
​
메인재료는
오이와 토마토인데요..
파프리카와 양파, 올리브 등
좋아하는 재료와 함께
올리브유, 레몬즙, 다진 마늘, 알룰로스
허브솔트 더해 휘리릭 무쳐주면
간단하게 넘넘 맛있게 완성이 되고요..
넉넉히 준비해
매끼 식전에 먹으면
혈당도 잡아주고 포만감에 밥도 덜 먹게되어
너무 좋답니다~
바로 소개할게요!!
​
​
​
​
​
​
​
오  이       2/3개 (씨제거후 125g)
방 울 토 마 토       13개 (씨제거후 125g)
파 프 리 카          1/4개 (50g)
양  파          1/3개 (50g)
블 랙 올 리 브          10개
​
* 소 스 *
올 리 브 유          2Ts
레 몬"
41516,열무국수 레시피 열무 김치말이국수 만들기 냉면육수 활용,naver(주제별보기),https://blog.naver.com/pingu528/223897293331,Y,"김치,냉면육수,면,열무,육수","냉면육수,설탕,식초,열무 김치,오이,중면,참기름,참깨","설탕,식초,열무 김치,오이,중면,참기름,참깨","김치,면,열무,육수","중면, 열무김치, 설탕, 참기름, 통깨, 오이, 삶은계란, 냉면육수, 열무김치국물, 식초","삶은계란, 열무김치국물",,"열무국수 레시피
열무국수 만들기
열무김치말이국수
냉면육수 김치말이국수
동치미 냉면육수 활용
​
​
​
​
본격적인 더위가 시작되었네요.
오늘은 엄청 덥네요.
집에 가만히 있으면 더운 줄 모르지만
아무래도 식사 준비며 이리저리 움직이다 보니
저만 덥나 싶기도 하고요~^^;;
그나마 층고가 높아 바람이 많이 불어서
아직은 선풍기가 절실하진 않더라고요.
​
더운 여름에 시원한 냉국수 자주 만들어 드시죠.
저도 덥다 보니 아무래도 시원한 음식만 찾게 되더라고요.
열무김치가 넉넉해서 열무국수 레시피로
냉면육수 활용하여 열무김치말이국수를 만들었어요.
​
​
​
​
​
육수를 직접 만들어도 좋지만 번거로우니
시판 냉면육수 활용하면 냉국수도
간편하게 만들 수 있는데요.
저는 냉국수 만들 때 동치미 냉면육수를 활용하는데
소고기육수보다 더 깔끔하게 즐길 수 있어 좋더라고요.
냉면육수에 열무김치국물 함께 섞어주고,
입맛에 따라 식초와 설탕, 또는 매실청을 넣어
간을 맞춰주면 열묵구수 육수가 만들어집니다"
41518,양파 장아찌 레시피 양띠농부 햇양파 간장 양파절임 양파 보관법,naver(주제별보기),https://blog.naver.com/s2eoheepark/223900001602,Y,"간장,고추,설탕,식초,양파,청양고추","간장,설탕,식초,양파,청양고추",,고추,"양파, 청양고추, 간장, 설탕, 식초, 물",물,,"햇양파로 만드는
양파 장아찌 레시피
© 글, 사진, 레시피 덕복희
양파 장아찌 레시피는
간장, 설탕, 식초, 물 만으로도 맛있게 만들어낸 레시피인데요. 장아찌의 가장 중요한 주재료 양파는 양띠농부 햇양파 10kg 이용해봤어요. 오늘 소개해드릴 레시피는 양파 7-8개 분량입니다. 대용량으로 담가두고 식사할 때 마다 조금씩 곁들여먹으면 감칠맛 나고 좋더라고요!
# 제철 집밥 요리
양파 장아찌 재료
​
메인 재료
양파 중 사이즈 7-8개, (선택) 청양고추 6-7개
​
양념 재료
간장 설탕 식초 물 = 1:1:1:1 비율 준비
저는 300ml 계량컵으로 만들었어요.
설탕은 반 정도만 넣었어요~
​
* 계
량스푼 1T = 15ml, 1t = 10ml
1. 양파 장아찌 재료소개
​
​
​
오늘은 양파 장아찌를 한사바리 담아봅니다.
양파는
양띠농부 햇양파 10kg
이용했어요.
양파 장아찌는 7-8개 분량
으로 만듭니다.
남은 양파는 예쁘게 손질해서 냉장고에 보관해두고요!
​
​
​
​
​
​
"
41521,상추겉절이 양념 레시피 상추무침 만드는법,naver(주제별보기),https://blog.naver.com/be2141st/223899803336,Y,"고추,고추장,고춧가루,상추,설탕,식초,참기름","고추장,고춧가루,상추,설탕,식초,양파,참기름",양파,고추,"상추, 고추장, 식초, 설탕, 고춧가루, 참기름, 양파",,,"​
파절이를 만들고 양념이 남아있어서 활용요리를 생각하다가 상추 남은 것도 있고 해서
상추겉절이
를 만들어보았어요.
​
양념장을 버리기엔 너무 맛있었고, 그렇다고 다시 파를 썰어 넣기도 애매한 그 타이밍에 냉장고 문을 열었더니 상추가 한가득 남아 있더라고요. 뭔가 딱 맞아떨어지는 느낌이랄까, 그 순간 '그래, 상추무침 해 먹자!' 결정했답니다.
​
​
남은 양념에서 시작되는 소소한 즐거움~  요즘처럼 입맛도 들쑥날쑥한 계절엔, 상큼하게 입맛 살려주는 상추무침 만 한 게 없죠.
오늘은 반찬으로 준비했지만 밥 비벼 먹기에도 딱 좋아요.
​
​
그럼, 소박한 한 접시 상추겉절이 맛있게 무쳐볼까요?
​
상추겉절이 레시피
요리 재료
*상추 6장
*고추장 1T
* 식초 2T
* 설탕 1T
* 고춧가루 1T
* 참기름 1T
(1T=밥숟가락)
​
1. 재료 준비
​
상추는 흐르는 물에 깨끗하게 씻은 후, 체에 밭쳐 물기를 빼주세요.
물기가 많은 채로 무치면 싱거워지기 쉬우니 키친타월로 톡톡 눌러 "
41527,간단 연어장 만들기 황금 레시피 연어 덮밥 간장 소스,naver(주제별보기),https://blog.naver.com/bongs1021/223899581192,Y,"간장,고추,다시마,레몬,마늘,맛술,무순,상추,생강,설탕,양파,연어,육수,청양고추,파,후추","간장,레몬,마늘,맛술,무순,상추,생강,설탕,양파,육수,청양고추,파,후추",,"고추,다시마,연어","생연어, 다시마육수, 양파, 대파, 생강, 통후추, 양조간장, 맛술, 설탕, 레몬, 청양고추, 통마늘, 상추, 무순",생연어,,"연어덮밥 레시피
간단 연어장 만들기 레시피
연어장레시피
간장 연어장 황금레시피 연어덮밥만들기
연어장 덮밥 연어덮밥소스 만들기
연어덮밥 간장소스 연어간장소스
​
연어필렛을 하나 구입하면 여러 가지 요리를 만들어 먹게 되는데
간장 연어장 레시피 역시 그 중 하나다.
간단 연어장 만들기 하면 반찬으로도 즐길 수 있고
연어덮밥 만들기 할 수도 있어서 일석이조.
연어 간장소스 쏙 배어들어서 달콤짭짤하기 때문에
연어장 덮밥 만들기 할 때도 별도의 연어덮밥소스 만들 필요 없이
상추나 양파 같은 채소 정도만 곁들이면 쉽게 만들 수 있다.
​
​
​
입맛에 맞게 필렛을 썰고 특제 연어 간장소스 만들기 해서
딱 하룻밤만 재워두면
연어덮밥 레시피 까지 함께 즐길 수 있는
봉스표 연어장 황금레시피 완성이다.
만드는 것 자체도 어렵지 않을 뿐더러 맛도 좋고
밥반찬, 덮밥, 술안주 등 활용도도 200%다.
​
​
재료
​
생연어 450g
​
연어간장소스 : 다시마육수 200ml, 양파 작은거 1/2개,
대파"
41533,소세지야채볶음 케찹 소스 쏘야볶음 레시피,naver(주제별보기),https://blog.naver.com/peace8012/223899336429,Y,"간장,고추,고추장,꿀,다진마늘,당근,마늘,비엔나소세지,소시지,알룰로스,양파,올리고당,파프리카","간장,고추장,다진마늘,당근,양파,올리고당,파프리카",,"고추,꿀,마늘,비엔나소세지,소시지,알룰로스","비엔나 소시지, 양파, 파프리카, 당근, 다진 마늘, 고추장, 케첩, 진간장, 올리고당","비엔나 소시지, 케첩",,"소세지야채볶음 케찹 소스
소세지야채볶음 레시피
쏘야볶음 레시피
​
​
​
언제 먹어도 맛있는 소세지야채볶음!
오늘은 쏘야를 만들려고 해서 만든 게 아니라 ㅎㅎ
마트에 갔다가 소시지 신제품이 있어서
궁금해서 구입해 보았는데..
맛이 없어도 너무 없어서요 ㅠㅠ
나트륨과 지방함량을 낮추었다는 문구에
오호~ 기대하면서 구입했는데
기대했던 맛이 아니라 아쉽더라고요~
요즘은 나트륨, 지방함량이 낮은 제품이라도
맛이 아주 떨어진다거나 하지 않아서
소시지도 그렇겠지 하고 샀는데 역시
조금 실망스럽더라고요
그래서 냉털 야채들 넣고 소세지케찹볶음
만들어 먹자 싶어서 볶았답니다
​
​
​
​
​
​
이렇게 칼집 내서 달달 매콤한 소스 넣고
볶으니 한결 낫네요
훨씬 맛있더라고요
밥반찬으로 먹어도 좋고..
아이들도 잘 먹어주어서 한 봉지 후딱
해결하였습니다^^
​
소시지는 그냥 먹어도 맛있지만
옛 생각, 옛 추억에 이렇게
케찹소세지야채볶음 가끔 만들면 이게 또 그렇게
맛있더라고요?
​
아이들 밥반찬으로도 "
41536,맑은 소고기무국 레시피 소고기무국 끓이는법,naver(주제별보기),https://blog.naver.com/lalacucina/223899121565,Y,"다진마늘,마늘,무,소고기,소금,액젓,참기름,파,황다랑어,후추","다진마늘,무,소고기,소금,액젓,참기름,파,후추",,"마늘,황다랑어","소고기, 무, 대파, 다진 마늘, 참치액, 참기름, 후추, 소금, 물",물,,"​
​
맑은 소고기무국 레시피
맑은 소고기무국 끓이는법
소고기요리 무국레시피
​
​
​
​
입맛에 없길래
밥말아 훌훌~말아 먹으려고 국을 즐겨봤어요
찌개나 국 메뉴가 있어야
밥을 맛있게 먹거든요~
​
뭉근하게 끓이기만 해주면
만드는 과정과 방법도 심플해서
진하게 맛볼 수 있게
국 요리로 소고기무국 준비했어요
​
무와 고기가 넉넉히 들어가면
고기의 육향이 좋고요
무의 달큼 시원한 맛이 깊어요
​
따끈하게 끓여서 풍미진하게
국물을 드셔보세요
​
그럼 요리를 시작해볼게요~~
​
소고기무국
스타트~~
​
​
​
재료
​
소고기 160g
무 250g
대파 1/3대
다진 마늘 1/2큰술
참치액 또는 액젓 2큰술
참기름 1큰술
후추 소금 약간
물 1.2리터 (또는 쌀뜨물)
​
(*1큰술= 밥숟가락 기준)
​
​
1. 재료 준비하기 & 핏물을 닦아내기
​
소고기는 국거리용 150g 정도 준비합니다
먹기 좋게 썰어주세요
​
핏물은 키친타올로 닦아주세요
누린냄새의 원인이 되는 핏물을 없애주시면 좋습니"
41539,이영자 김치찜 레시피 묵은지김치찜 레시피,naver(주제별보기),https://blog.naver.com/lalacucina/223899063352,Y,"고춧가루,김치,다시마,들기름,매실,매실청,묵은지,설탕,액젓,육수,황다랑어","고춧가루,김치,다시마,들기름,매실청,설탕,액젓,파",파,"매실,묵은지,육수,황다랑어","김치, 물, 다시마, 들기름, 참치액, 매실액, 설탕, 고춧가루, 대파",물,,"​
이영자 김치찜 레시피
묵은지김치찜 레시피
이영자 들기름 김치찜 레시피
고기없는김치찜레시피
​
​
​
안녕하세요 레지나에요
심플한 조리 과정이 매력있고 별다른 반찬없이
후다닥 해먹기 좋은 김치찜 입니다
​
쉬운 심플한 레시피로
잘 익은
김치와 들기름, 다시마 육수로 뚝딱! 완성이 됩니다
​
오늘은
이영자 김치찜을 만들게 되었답니다
이영자님 너튜브 레시피인데
손쉽고 깔끔한 맛이 좋더라고요
고기 없어도 김치 특유의 맛이 매력있더라고요
맛포인트는 들기름이 들어가서 풍부한 향이 좋은데요
간소한 재료를 준비해서
뭉근하게~ 국물을 보글보글
#김치찜레시피
​
​
그럼 구수한 풍미의 김치찜 사브작
만들어볼게요
​
시작합니다~~
재료
​
김치 1/4포기
다시마 육수 :
물 800ml
다시마 4~5장
​
양념 :
들기름 2큰술
참치액 1큰술
매실액 또는 설탕 1큰술
고춧가루 1큰술
​
​
(1큰술=밥숟가락 기준)
숙성된 김치 또는 묵은지 사용해 주셔야 맛있어요
주재료로만 만들면 되는데요
저는 향신 "
41542,알배기 배추겉절이 레시피 알배추 겉절이 양념,naver(주제별보기),https://blog.naver.com/jin5194/223898889437,Y,"김치,당근,배추,알배추,양파,쪽파","고춧가루,다진마늘,당근,매실청,새우젓,설탕,소금,액젓,양파,쪽파,참깨","고춧가루,다진마늘,매실청,새우젓,설탕,소금,액젓,참깨","김치,배추,알배추","알배기 배추, 양파, 쪽파, 당근, 천일염, 물, 다진 마늘, 다진 생강, 까나리액젓, 고춧가루, 새우젓, 매실액, 통깨, 설탕","알배기 배추, 물, 다진 생강",,"배추겉절이레시피 알배추겉절이 레시피 배추겉절이 양념 알배기배추겉절이 레시피
​
​
알배기 배추 특유의 고소한 풍미와 아삭한 식감에 배추김치 양념장이 더해진 알배기 배추 겉절이는 밑반찬으로 활용하기 좋은 메뉴라서 알배기 배추를 구매하면 한 번은 조리하는 편이지만 요 근래 여름용 메뉴 위주로 레시피를 소개해 드리다 보니 한동안 배추 겉절이 레시피는 뜸했던 것 같아서 오늘은 오랜만에 알배기 배추를 활용한 겉절이 요리를 소개해 드려볼까 합니다.
​
​
​
​
이번 포스팅을 통하여 메인 재료인 알배기 배추의 세척 및 손질 방법은 물론이고 배추를 절이는 방법, 양념장 레시피 및 알아두면 유용한 요리 팁까지 빠짐없이 설명드렸으니 배추 겉절이 레시피가 필요하셨던 분들께서는 제가 설명드린 사항들을 참고하셔서 조리해 보시기 바랍니다.
​
​
​
​
​
준비할 재료들
알배기 배추 350g
양파 1/5개 (20g)
쪽파 30g
당근 15g
​
배추 절일 때
천일염 1.2T
물 70ml
​
양념장 재료
다"
41556,돼지고기 잡채 황금 레시피 간단 잡채 만드는법 만들기 당면삶기,naver(주제별보기),https://blog.naver.com/bongs1021/223898304494,Y,"간장,다리,다진마늘,당근,당면,돼지고기,돼지고기앞다리살,마늘,버섯,설탕,시금치,식용유,양파,참기름,참깨,표고버섯,후추","간장,다진마늘,당근,당면,돼지고기앞다리살,설탕,시금치,식용유,양파,참기름,참깨,표고버섯,후추",,"다리,돼지고기,마늘,버섯","당면, 돼지고기 앞다리살, 양파, 표고버섯, 당근, 시금치, 양조간장, 설탕, 참기름, 후춧가루, 식용유, 다진마늘, 통깨",,,"잡채레시피
잡채황금레시피 간단 잡채만들기
돼지고기 잡채 레시피 간단 잡채만드는법
잡채당면삶기 시간 잡채고기
​
잔칫날이나 명절에 빠지지 않는 것이 잡채 레시피 !
재료에 따라 맛과 잡채만드는법 조금씩 달라지는데
만약 돼지고기 잡채 만들기 한다면 많이 사용하는 등심 말고
부드러운 앞다리살을 사용하는 것도 좋다.
앞다리살은 얇고 부드러워서 식어도 잡채 고기 특유의 뻣뻣함이 없고
면발이랑 호로록 먹기 좋다.
개인적으로 소고기 넣은게 제일 맛있었지만
앞다리살 사용하면 돼지고기 넣은 버전도
고기 잡채 황금레시피 라고 할 수 있을 것 같다.
​
​
​
​
우리집은 내가 잡채 당면을 좋아해서
꼭 특별한 날이 아니더라도 종종 만들어 먹곤 하는데
야채 하나하나 따로 볶는 정석의 잡채만드는법 대로 하면
사실 일이 너무 너무 번잡하다.
그럴 때는 야채를 한 번에 볶아서 보다 간단 잡채 만들기 하면 된다.
간단 잡채 레시피 대로 하면 시금치까지 삶지 않고
볶아서 만들기 때문에 잡채 당면삶기 시간 외
조리"
41559,계란찜 만들기 전자렌지 계란찜 전자레인지,naver(주제별보기),https://blog.naver.com/lalacucina/223898150325,Y,"깨소금,달걀,당근,소금,액젓,쪽파,참기름,파,황다랑어","깨소금,달걀,당근,액젓,쪽파,참기름",,"소금,파,황다랑어","계란, 쪽파, 참치액, 물, 당근, 깨소금, 참기름",물,,"​
전자렌지 계란찜 만들기
전자레인지계란찜
계란찜전자렌지
​
​
안녕하세요 레지나입니다
입맛이 없을때나 다이어트를 할때
계란찜 자주 해먹는답니다
밥반찬으로 촉촉하게 즐기게 되는
#계란찜
!!
​
좋아해서 자주 조리해요~~
간편하게 전자레인지를 작동시켜
부드럽고 맛있게 식사를 하실 수 있도록
소개해 볼게요
​
전자레인지를 활용한 계란찜은
어렵지 않으니 요린이도 맛있게 완성하실 수 있을거에요~
​
푸딩처럼 보들보들~
계란찜을 소개해 볼게요
​
​
그럼 전자레인지 계란찜 레시피
스타트~~~!!
​
재료
​
계란 2~3개
쪽파 3큰술 (or 대파)
참치액 2/3~1큰술
물 140ml
당근 1큰술
깨소금 약간
참기름 1/3큰술
​
​
(*1큰술= 밥숟가락 기준)
저는 계란을 초란으로 3개를 준비했어요
물과 양념의 분량은 제시해드린대로 사용하시면 되고요
대란, 특란일 경우에는 2개로
조리해주시면 됩니다
​
저는 물 사용했어요
멸치 육수, 다시마 우려낸 물, 동전 육수를 넣어서 감칠맛을 내주셔도"
41562,감자스프 만들기 레시피 감자요리,naver(주제별보기),https://blog.naver.com/kimhy004/223898075171,Y,"감자,버터,소금,양파,올리브,올리브유,우유,파슬리,파슬리가루,후추","감자,버터,소금,양파,올리브유,우유,파슬리가루,후추",,"올리브,파슬리","감자, 양파, 우유, 소금, 후추, 버터, 올리브오일, 크루통, 파슬리가루",크루통,,"게시물 작성자가 AI 활용 표시 설정
AI 기술을 활용하여 콘텐츠의 이미지, 영상 또는 소리를 변형하였거나 새로이 생성하였을 수 있습니다.
자세히 보기
AI 활용
감자스프 만들기
감자스프 레시피
​
​
안녕하세요 들꽃향기입니다.
저희 집에 사계절 내내 떨어지지 않는
식재료 중에 하나가 바로 감자에요.
​
고구마보다 부드러운 맛이 좋고
퍽퍽하지 않아서
다양한 요리에 두루두루 활용하기가 좋은데요.
국이나 찌개는 물론 간식으로
만들어 먹어도 맛있어요.
​
감자요리 레시피로 스프를 좋아하는 분들은
아침식사대용으로 챙겨 드셔도 좋아요.
감자는 삶은 걸 사용하면 더 좋고,
생감자를 넣고 만들어도 돼요.
​
삶지 않고 그대로 사용하면
삶은 것과는 약간 느낌이 다른데
살짝 씹히는 식감도 괜찮더라고요.
​
농도는 우유를 추가해서 취향껏 맞춰주면 되고
우유가 늘어나면 간을 조금 더 추가하면 돼요.
​
​
* 재료 *
​
감자 1개 손질 후 150g,
양파 50g,
우유 350ml 정도,
소금 0.3작"
41565,꽈리고추찜 무침 꽈리고추 요리 밀가루무침 여름반찬,naver(주제별보기),https://blog.naver.com/baby0817/223897834454,Y,"간장,고추,고춧가루,꽈리고추,다진마늘,마늘,맛술,매실,매실청,밀가루,액젓,참기름,참깨,황다랑어","간장,고춧가루,꽈리고추,다진마늘,매실청,밀가루,액젓,참기름,참깨",,"고추,마늘,맛술,매실,황다랑어","꽈리고추, 밀가루, 국간장, 참치액, 매실청, 다진 마늘, 참기름, 통깨, 고춧가루, 맛술 미림",맛술 미림,,"꽈리고추찜무침
꽈리고추 요리
꽈리고추밀가루무침
여름반찬
꽈리고추무침
​
​
​
여름철이 되면 생각나는 여름반찬 메뉴들이 있는데 꽈리고추무침 역시 그중에서 빠지면 섭섭합니다.
​
여름의 냄새라고 하면 가장 먼저 생각나는 것이 엄마가 이른 아침에 꽈리고추밀가루무침 하고 가지를 무쳐내는 참기름 냄새가 폴폴 나기도 하고요. 옥수수를 고소하게 쪄내는 그런 냄새들도 기억이 많이 납니다.
​
꽈리고추찜 무침 같은 경우에는 매워서 많이 먹진 못했지만 엄마의 양념이 냄새부터 먹고 싶게끔 만들어서 조금씩 밥하고 같이 먹었었답니다.
​
어른이 되고 보니 더욱 좋아지는 꽈리고추 요리 중 하나가 되었습니다. 여름반찬 메뉴로 꼭 준비를 해요.
​
고춧가루 양념으로 감칠맛도 좋으면서 기분좋게 먹을 수 있는 꽈리고추찜무침 이니까 이웃님들도 이렇게 한번 쪄서 즐겨보세요.
​
찹쌀가루를 뿌려도 좋지만 가장 무난한 것은 밀가루무침 아닐까 싶은데 오래 걸리지 않도록 양념을 넣어서 가볍게 꽈리고추무침 해주세요.
​
가끔"
41568,열무비빔밥 레시피 열무김치 참치 비빔밥 만들기 점심메뉴 추천,naver(주제별보기),https://blog.naver.com/baby0817/223897718310,Y,"고추,고추장,김치,달걀,시금치,열무,참기름,참깨,캔참치,황다랑어","고추장,달걀,열무 김치,참기름,참깨,캔참치",열무 김치,"고추,김치,시금치,열무,황다랑어","생열무, 열무김치, 무생채, 시금치나물, 참치캔, 밥, 고추장, 참기름, 통깨, 계란","생열무, 무생채, 시금치나물, 밥",,"참치 열무비빔밥
레시피
열무김치비빔밥
참치비빔밥 만들기
점심메뉴 추천
​
​
​
​
이 맘때가 되면 만들어 두었던 열무김치가 맛있게 익어가는 시기가 되기 때문에 남아있던 걸 꺼내서 열무김치비빔밥 맛있게 만들었습니다.
​
냉장고에 있던 반찬들도 꺼내서 참치 열무비빔밥 레시피 완성을 해보았는데요.
​
야채만 넣어서 비벼먹어도 맛있는데 약간 기름기 정도 추가하고 싶다면 참치캔을 하나 뜯어서 넣어주거나 대패삼겹살을 구워서 곁들여 먹으면 맛있는 점심메뉴 추천 드리기에 딱이랍니다.
​
여름철에 자주 만드는 나물 반찬들이 많아서 꺼내서 같이 넣고 참치비빔밥 만들기 하면 진짜 맛있습니다.
참치캔을 사두기 잘했다는 생각이 절로 드는 점심메뉴 추천 하기에 좋았답니다.
​
완전 맛있으니까 참치 열무비빔밥 레시피 만들어 드셔보세요. 계란후라이 하나까지 올려내면 완벽!
​
열무김치가 잘 익었던 것을 꺼내서 비벼주었고 생열무도 있어서 작게 썰었더니 꿀조합을 자랑하더군요.
​
열무김치비빔밥 한그릇으로 남편과 "
41574,간단한 애호박전 레시피 동그란 호박전 애호박 요리,naver(주제별보기),https://blog.naver.com/kimhy004/223897571615,Y,"부침가루,소금,애호박,카레,포도,포도씨유,호박","부침가루,소금,애호박,카레,포도씨유",,"포도,호박","애호박, 부침가루, 카레가루, 물, 소금, 부침 덧가루, 포도씨유","물, 부침 덧가루",,"게시물 작성자가 AI 활용 표시 설정
AI 기술을 활용하여 콘텐츠의 이미지, 영상 또는 소리를 변형하였거나 새로이 생성하였을 수 있습니다.
자세히 보기
AI 활용
간단한 애호박전 레시피
간단한 호박전 레시피
​
​
안녕하세요 들꽃향기입니다.
애호박은 사계절 내내 마트에서 만날 수 있고,
재료 본연의 달큰한 맛과
부드러운 식감을 가지고 있어
아이들도 좋아하는 식재료에요.
​
애호박요리는 다양하게 활용되고,
도톰하게 썰어서 전을 부쳐주면
한 접시쯤은 금방 순삭해요.
​
보통 전을 부칠 때에는
계란물을 입혀서 부치는데요.
저는 카레가루를 넣고 부침가루를 입혀서
부칠 때도 있어요.
​
카레의 은은한 향이 더해지고,
계란물로 부쳤을 때보다 더 바삭해요.
부쳐서 따뜻할 때 먹으면 꿀맛~!
​
​
* 재료 *
​
애호박 1개
→ 손질 후 280g,
부침가루 7큰술,
카레가루 순한맛 1큰술,
물 120~130ml,
소금 2~3꼬집,
부침 덧가루 2큰술,
포도씨유
(큰술 : 밥 숟가락 기준)
1. "
41577,들기름 막국수 레시피 만들기,naver(주제별보기),https://blog.naver.com/lalacucina/223897008866,Y,"들기름,메밀,메밀면,면,밀면,쯔유","간장,김가루,깨소금,들기름,메밀면,설탕,쪽파,쯔유,참깨","간장,김가루,깨소금,설탕,쪽파,참깨","메밀,면,밀면","메밀면, 김가루, 쪽파, 깨소금, 설탕, 쯔유, 진간장, 들기름, 통깨",,,"게시물 작성자가 AI 활용 표시 설정
AI 기술을 활용하여 콘텐츠의 이미지, 영상 또는 소리를 변형하였거나 새로이 생성하였을 수 있습니다.
자세히 보기
AI 활용
​
들기름 막국수레시피
들기름 막국수 만들기
​
게시물 작성자가 AI 활용 표시 설정
AI 기술을 활용하여 콘텐츠의 이미지, 영상 또는 소리를 변형하였거나 새로이 생성하였을 수 있습니다.
자세히 보기
AI 활용
​
안녕하세요 레지나에요
조리 과정이 세상 간단해서 자주 해먹는 메뉴인 면 요리 중에 좋아하는
들기름 막국수는
구수한 들기름의 풍미가 매력있는데요
쯔유 활용하여 감칠맛나게 드시기에 좋은 레시피라
집에서 후다닥~ 완성해보세요
​
​
기본적인 메밀면을 삶는 과정과 방법 및
요리에 필요한 부재료 손질법 달착지근 양념 레시피를 소개해 드릴테니
들기름 막국수 레시피의 내용을 참고해서 맛깔스럽게 요리를
즐겨보세요
​
그럼 시작합니다~~
​
재료 (1인분)
​
메밀면 100g
김가루 3큰술
쪽파 1줄기
깨소금 1큰술
​
양념장 "
41581,과카몰리 만들기 만드는 법 레시피 과카몰리 뜻,naver(주제별보기),https://blog.naver.com/jin5194/223896769759,Y,"라임,라임즙,아보카도,양파,올리고당,올리브,올리브유,토마토,할라피뇨","라임즙,소금,아보카도,양파,올리고당,올리브유,토마토,할라피뇨,후추","소금,후추","라임,올리브","아보카도, 양파, 방울토마토, 할라피뇨, 올리브오일, 후춧가루, 올리고당, 라임즙, 소금",,,"과카몰리만드는법 과카몰리 만들기 과카몰리 레시피 과카몰리 뜻
​
​
숙성된 아보카도를 으깬 다음 작은 크기로 다지듯이 자른 토마토와 양파, 라임즙, 올리고당, 올리브오일 등의 재료들을 첨가하여 골고루 섞어주는 방식으로 조리하는 과카몰리는 아보카도를 뜻하는 아과카테와 소스를 의미하는 몰레의 합성어라서 이름으로 요리의 특징을 대강 유추할 수 있는데요 다양한 쓰임새에 비해 심플한 조리 과정이 매력 포인트라서 개인적으로 자주 조리하는 메뉴 중 하나랍니다.
​
​
​
​
과카몰리는 아보카도같은 기본적인 재료들과 할라피뇨와 라임즙만 준비하면 어렵지 않게 완성할 수 있는 요리라서 처음 만들어 보시는 분들도 부담 없이 도전해 보시기 좋답니다.
​
​
​
​
​
준비할 재료들
아보카도 1개 (210g)
양파 20g (약 1/8개)
방울토마토 4개 (80g)
할라피뇨 8g
올리브오일 2T
후춧가루 약간
올리고당 1T
라임즙 2/3T
소금 1/5t
​
계량단위
1T = 밥숟가락 1스푼
1t = 밥숟가락"
41594,돼지고기 애호박 두부 고추장찌개 레시피 류수영 애호박찌개,naver(주제별보기),https://blog.naver.com/firehouse79/223895947981,Y,"간장,감자,고추,고춧가루,다진마늘,돼지고기,두부,마늘,생강,생강가루,설탕,소금,식용유,애호박,액젓,양파,청양고추,호박","간장,감자,고추장,고춧가루,다진마늘,돼지고기,두부,새우젓,생강가루,설탕,소금,식용유,식초,애호박,액젓,양파,청양고추","고추장,새우젓,식초","고추,마늘,생강,호박","돼지고기, 애호박, 감자, 양파, 두부, 청양고추, 소금, 식용유, 물, 다진 마늘, 생강가루, 고춧가루, 설탕, 진간장, 액젓, 새우젓, 고추장, 식초",물,,"​
고추장찌개레시피
애호박찌개 레시피
돼지고기 고추장찌개
애호박 두부 고추장찌개 레시피
류수영 고추장찌개 레시피
​
​
​
오늘 저녁메뉴로 매콤한 찌개요리가 생각나서 돼지고기 넣고 애호박 고추장찌개 만들기 준비했습니다. 고추장찌개 레시피 재료들은 냉장고에 있던 애호박, 감자, 두부 꺼내서 만들었더니 한냄비 푸짐하게 맛을 내기도 좋고 돼지고기와 어우러지는 국물맛이 진국이 따로 없습니다.
​
​
​
​
​
​
​
​
​
​
​
​
​
육수를 따로 추가로 준비할 필요없이 고기를 먼저 볶아 나온 기름에 양념을 볶아서 끓이기 때문에 텁텁하지않으면서 감칠맛 깊게 애호박찌개 완성할 수 있습니다. 밥 위에 올려서 슥슥 비벼먹으면 한그릇 먹게되는 밥도둑메뉴 맛있게 요리해보도록 해요.
​
​
​
​
​
​
​
​
​
​
​
​
재료준비
​
돼지고기 300g
애호박 1/2개
감자 2개
양파 1개
두부 1/3모
청양고추 3개
소금 두 꼬집
식용유 한바퀴
물 1L
다진 마늘 1큰술
생강가루 약간
고춧가루 "
41597,양배추와 라이스페이퍼를 이렇게 해보세요 정말 맛있고 살도 쏙 빠져요! 라이스페이퍼 양배추전 만들기,naver(주제별보기),https://blog.naver.com/cookingsunny512/223895872262,Y,"달걀,라이스페이퍼,밀가루,배추,양배추,치즈","달걀,당근,라이스페이퍼,소금,양배추,엑스트라버진,파,피자치즈,후추","당근,소금,엑스트라버진,파,피자치즈,후추","밀가루,배추,치즈","양배추, 당근, 파, 계란, 라이스페이퍼, 모짜렐라 치즈, 소금, 후추, 올리브유",,,"​
​
라이스페이퍼 양배추전 만들기
다이어트 식단
양배추 다이어트
라이스페이퍼 레시피
양배추 요리
노밀가루전
​
​
​
​
​
​
양배추와 라이스페이퍼는 찰떡궁합이라서 어떻게 해먹어도 정말 맛있는데요.
​
오늘은 양배추를 계란과 함께 전을 부쳐 라이스페이퍼에 넣고 치즈도 넣어서 맛있고 다이어트에도
좋은 라이스페이퍼 양배추전을 만들어 봤어요.
​
라이스페이퍼 양배추전은 라이스페이퍼와 양배추전이 만나 쫄깃하고 고소해서 정말 맛있고 속에
모짜렐라 치즈까지 넣어 풍미도 좋답니다
​
​
​
​
​
​
양배추와 계란이 들어가서 든든하고 라이페이퍼도 함께 먹으면 탄수화물도 보충이 되어서 다이어트 할
때 한끼식사나 간식으로 먹기 딱이더라고요.
​
이것만 먹어도 맛있지만 케첩이나 스리라차 소스를 뿌려 먹으면 더 맛있답니다.
​
양배추 계란전에 라이페이퍼와 모짜렐라 치즈까지 더해져 다이어트 할 때 매일 먹고 싶은 메뉴에요.
​
​
​
​
​
​
라이스페이퍼 양배추전은 먼저 채썬 양배추, 당근, 쫑쫑 "
41600,감자전 만들기 감자전 믹서기 레시피,naver(주제별보기),https://blog.naver.com/ssuujin/223895634118,Y,"가지,감자,소금,식용유,전분","감자,감자전분,소금,식용유",감자전분,"가지,전분","감자, 소금, 식용유, 감자 전분",,,"감자전 만들기 감자전 믹서기 레시피
감자 하면 가장 먼저 떠오르는 음식이 뭐냐고 묻는다면 저는 주저 없이 감자전이라고 말할 것 같아요
제일 좋아하거든요 ㅎㅎ
​
특히 감자전은 재료가 단출하고 만드는 방법도 단순한 편이라 ‘오늘 뭐 먹지’ 고민되는 날이면 무조건 후보 1순위에 올려놓는 음식이에요.
​
하지만 한 가지! 감자를 강판에 일일이 갈아서 만드는 과정은 생각보다 귀찮고 힘이 들잖아요. 손도 아프고 시간도 걸리고요. 그래서 오늘은 믹서기를 활용한 간편한 감자전 만들기로 만들었어요
감자전이 맛없다면 아마도 감자가 맛없을수 있고요  아니면 물기를 쫙 빼서 만들면 맛있답니다 :)
​
간단한데 맛은 최고!  후딱 만들어낼 수 있는 감자전, 지금부터 같이 만들어봐요.
​
준비 재료
감자 3~5개 (작은 사이즈 기준), 소금 약간, 식용유, 감자 전분 1스푼 (선택)
​
감자 손질과 믹서기로 갈기
우선 감자의 껍질을 벗기고, 믹서기에 갈기 좋은 크기로 잘라주세요.
감자전용 믹서기가 있다면 "
41603,스팸 감자볶음 만드는 법 햄 감자채볶음 레시피 만들기,naver(주제별보기),https://blog.naver.com/bongs1021/223895226385,N,"감자,소금,스팸,식용유,양파,참깨,후추","감자,소금,스팸,식용유,양파,참깨,후추",,,"감자, 스팸, 양파, 가는 소금, 후춧가루, 통깨, 소금, 식용유",가는 소금,,"감자볶음만드는법 스팸감자볶음
만들기
햄 감자볶음 레시피
스팸 감자채볶음 레시피
햄 감자채볶음만드는법 감자스팸볶음
감자채볶음 만들기
​
햇감자가 토실토실 고소해서 아이반찬으로 스팸 감자볶음 레시피 준비했다.
감자볶음 만들기 할 때 감자만 볶는 것보다
양파나 햄을 같이 넣고 볶으면 짭짤해서 아이도 더 잘 먹곤 한다.
개인적으로 너무 굵게 썰면 터벅터벅해서 식감이 별로라
가늘게 채썰어서 스팸 감자채볶음 레시피 준비했다.
가늘게 채썰면 볶을 때 쉽게 부서질 수 있어서
부서짐 없는 햄 감자채볶음 만드는 법 위해서
끓는 물에 한 번 데쳤다가 볶을 것이다.
​
​
​
소금물에 한 번 데쳤다가 볶으면 오래 볶지 않아도 익기 때문에
부서짐 없는 감자볶음 만드는 법 가능하다.
또 소금물에 데치면서 간이 배어들어서
소금을 많이 뿌리지 않아도 간간하니 맛있다.
​
​
재료
​
감자 중간 사이즈 1개
​
스팸 1/3통, 큰 양파 1/4개
​
가는 소금 약간, 후춧가루 톡톡, 통깨
​
감자 데칠 때 : 소금"
41606,참기름 간장비빔국수 레시피 최화정 초간단 간장국수 양념장,naver(주제별보기),https://blog.naver.com/theokh/223895212775,Y,"간장,고추,김가루,다진마늘,달걀,돼지고기,마늘,면,부추,식초,알룰로스,액젓,올리고당,쪽파,참기름,청양고추,황다랑어","간장,김가루,다진마늘,달걀,돼지고기,면,부추,소금,식초,알룰로스,액젓,올리고당,쪽파,참기름",소금,"고추,마늘,청양고추,황다랑어","국수, 쪽파, 부추, 김가루, 계란, 돼지고기, 양조간장, 참치액, 참기름, 간마늘, 알룰로스, 올리고당, 다진 청양고추, 식초, 소금",다진 청양고추,,"최화정 님이 여름만 되면 꼭 만들어 먹는다는
참기름 간장비빔국수 레시피예요.
​
마지막에 식초 살짝 더해서 새콤하게
만드셨더라고요.
​
저도 여름에는 식초를 넣는 편이라 바로
따라 만들어 보았네요.
​
마제소바 느낌으로 돼지고기 소보로도
곁들였어요.
​
돼지고기 대신 소고기로 넣어도 되고요.
​
​
​
​
​
참기름 간장비빔국수 레시피
초간단 간장비빔국수 양념장
최화정 간장국수 레시피
​
쪽파 대신 부추를 넣었더니 색다른 맛이에요.
돼지고기랑 넘 잘 어울리더라고요.
​
토핑 가득이라 간편하게 한끼 챙기기 좋은
메뉴이지 싶어요.
​
노른자 터트려서 비벼 먹으면 고소해서
더 맛나요.
​
청양고추 다진 게 들어가서 끝맛도 깔끔하고요.
​
*재료
국수 1인분(100g)
쪽파 또는 부추 조금
김가루 조금
계란 1개
돼지고기 소보로 적당량
​
<양념장>
양조간장 1T
참치액 1t
참기름 4t
간마늘 조금(1개)
알룰로스 도는 올리고당 2t
다진 청양고추 1T
+
식초 2t
​
(1T=15ml,"
41613,물없는 오이지담그는법 물없 오이지 만들기 물엿 오이지 냉국,naver(주제별보기),https://blog.naver.com/dhdmsdo79/223894681507,Y,"김치,딸기,매실,오이","설탕,소금,소주,식초,오이,참깨","설탕,소금,소주,식초,참깨","김치,딸기,매실","오이, 천일염, 굵은소금, 식초, 물엿, 설탕, 소주, 건고추, 통깨","물엿, 건고추",,"물없는 오이지담그는법
물없이 오이지 만들기 물엿 오이지 냉국
글 · 사진 by. 제시
봄. 여름. 가을. 겨울 중
유독 바쁜 계절이 봄 - 여름이랍니다.
봄나물들도 많이 나오는 시기이기도 하고
딸기도 끝물이라 청이랑 잼도
만들어야 하고 매실, 오이지등등~ 할 일이
정말 많아요.
​
그래도 이제 거의 다 한듯싶네요.
딸기는 잼이랑 청은 만들어서
김치냉장고에 넣어두었고
봄에 나오는 나물들도 장아찌 담가놓고
매실과 오이지만 남았는데 드디어
오이지도 담갔어요.
예전 같았으면 반접이나 한 접을 해서
여기저기 나눠졌을 텐데
지금은 딱 먹을 만큼만 만들어 먹고 싶을 때
한두 개씩 꺼내서 무쳐먹거나
냉국으로 즐긴답니다.
​
반접이나 한접이면 시간도
엄청 오래 걸려 미루고 미뤘을 텐데
확실히 소량으로 만드니 쉽고
빠르게 만들 수 있어서 좋더라고요.
​
오이지 만들어 놓으면
더운 여름 물만 넣으면 시원한
오이지 냉국으로 즐길 수 있고
고춧가루, 참기름 넣고 조물조물하면
​
여름 밑반찬 오이지무침으로
"
41616,두부 강된장 만드는법 호박잎 강된장 레시피,naver(주제별보기),https://blog.naver.com/kimhy004/223894529459,Y,"고추,고추장,고춧가루,다진마늘,된장,두부,마늘,소금,알룰로스,애호박,양파,육수,쪽파,참기름,참깨,호박","고추장,고춧가루,다진마늘,두부,소금,알룰로스,애호박,양파,쪽파,참기름,참깨",,"고추,된장,마늘,육수,호박","애호박, 양파, 두부, 다진 마늘, 집된장, 고추장, 고춧가루, 알룰로스, 참기름, 쪽파, 소금, 육수 분말, 통깨, 물","집된장, 육수 분말, 물",,"게시물 작성자가 AI 활용 표시 설정
AI 기술을 활용하여 콘텐츠의 이미지, 영상 또는 소리를 변형하였거나 새로이 생성하였을 수 있습니다.
자세히 보기
AI 활용
두부 강된장 만드는법
호박잎 강된장 레시피
​
​
안녕하세요 들꽃향기입니다.
날씨가 많이 더워졌어요.
날이 더워지면 움직이기도 싫고
입맛도 덜하게 되어
간단하게 먹을 수 있는 걸 찾게 돼요.
​
여름은 호박잎이 나오는 계절이라
간단하게 호박잎을 쪄서 먹으면 맛있어요.
호박잎에 올려서 먹기에 좋은
호박잎 강된장 만드는 법 보여드릴게요.
​
두부가 들어가서 단백질을 섭취할 수 있고,
간단하게 완성할 수 있어요.
제가 만든 건 별로 짜지 않아서
푹푹 올려서 드셔도 괜찮아요.
맛도 좋아서 비빔밥에 올려 먹으면
밥 한 그릇 순삭해요.
​
​
* 재료 *
​
애호박 80g,
양파 60g,
두부 120g,
다진 마늘 1작은술,
집된장 2큰술,
고추장 1큰술,
고춧가루 1작은술,
알룰로스 1작은술,
참기름 1큰술,
쪽파 0.5큰술,
소금"
41619,참기름 간장비빔국수 레시피 초간단 간장 비빔국수 양념장 만드는법,naver(주제별보기),https://blog.naver.com/tiltilhan93/223894468236,Y,"간장,깻잎,면,미나리,상추,실파,참기름","간장,고춧가루,다진마늘,설탕,소면,식초,참기름,참깨","고춧가루,다진마늘,설탕,소면,식초,참깨","깻잎,면,미나리,상추,실파","소면, 진간장, 고춧가루, 식초, 설탕, 참기름, 다진 마늘, 통깨",,,"참기름 간장비빔국수 레시피
초간단 간장 비빔국수 양념장
만드는법
ⓒ혜삐한
​
안녕하세요 혜삐한입니다.
날씨가 더워지니까 밥보다는
조금 더 가벼운 면 종류가
더 생각나는 요즘이에요.
​
​
그래서 오늘은 10분 후다닥 해먹기 좋은
참기름 간장비빔국수 레시피
소개해 드릴 건데요!
​
야채는 없어도 되지만
취향껏 상추, 깻잎, 실파, 미나리 등등
준비해서 토핑으로 넣어서 드시면 된답니다.
​
​
소면 삶아서 집에서 만드는
간장비빔국수 양념장 넣어 섞어주기만 하면
뚝딱 완성되는 초간단 간장비빔국수
아래에서 재료와 함께 레시피
알려드릴게요!
​
​
참기름 간장 비빔국수 재료
소면 1인분~1.5인분
진간장 3숟가락
고춧가루 2숟가락
식초 2숟가락
설탕 1숟가락
참기름 3숟가락
다진 마늘 1숟가락
통깨 약간
숟가락 = 밥숟가락 기준
​
​
1. 소면 삶기
​
먼저 소면을 삶아줍니다.
면이 뭉치지 않도록 젓가락으로
가볍게 풀어가면서 삶아주세요.
​
​
물이 끓어오르면서 넘칠듯할 때
찬물을 넣어가면"
41623,고등어무조림 레시피 고등어조림 만드는법 무조림,naver(주제별보기),https://blog.naver.com/jin5194/223894350008,Y,"고등어,고추,빨간고추,육수,청양고추,파","간장,고등어,고춧가루,다진마늘,맛술,무,빨간고추,설탕,식초,액젓,양파,청양고추,파,후추","간장,고춧가루,다진마늘,맛술,무,설탕,식초,액젓,양파,후추","고추,육수","고등어, 청양고추, 홍고추, 물, 대파, 양파, 무, 다진 생강, 다진 마늘, 후춧가루, 고춧가루, 집 된장, 참치액, 진간장, 식초, 맛술, 설탕, 식초, 쌀뜨물, 양조간장, 2배 식초","물, 다진 생강, 집 된장, 쌀뜨물, 2배 식초",,"고등어조림 고등어무조림 레시피 무조림 고등어조림레시피 고등어조림 만드는법
​
​
도톰한 두께로 자른 무, 고등어, 향신 채소에 양념장과 육수를 첨가하여 자작하게 졸여낸 고등어 무 조림은 메인 재료인 무와 고등어에 양념이 배서 깊은 맛을 내는 덕분에 밥반찬으로 활용하기 좋아서 평소 레시피를 자주 소개해 드렸는데요 요 근래에는 다양한 요리들을 소개해 드리다 보니 고등어 요리는 조금 뜸했던 것 같아서 오랜만에 레시피를 소개해 드려볼까 합니다.
​
​
​
​
오랜만에 소개해 드리는 레시피인 만큼 이번 포스팅을 통하여 고등어의 비린내를 제거하는 방법은 물론이고 요리용 재료 손질법, 양념장 레시피를 포함한 전체 조리 과정을 자세하게 설명드렸으니 집에서 고등어무조림을 맛있게 완성해 보고 싶으신 분들께서는 참고해 보시기 바랍니다.
​
​
​
​
​
준비할 재료들
고등어 460g
청양고추 1개
홍고추 1/2개
물 650ml
대파 60g
양파 60g
무 400g
​
양념장 재료
다진 생강 1/2t
다"
41626,마늘쫑볶음 마늘쫑 멸치볶음 레시피,naver(주제별보기),https://blog.naver.com/kimhy004/223894327591,Y,"간장,마늘,마늘종,맛술,멸치,소금,올리고당,올리브,올리브유,지리멸치,참깨","간장,마늘종,맛술,소금,올리고당,올리브유,지리멸치,참깨",,"마늘,멸치,올리브","마늘쫑, 잔멸치, 올리브오일, 진간장, 올리고당, 맛술, 통깨, 물, 굵은소금",물,,"게시물 작성자가 AI 활용 표시 설정
AI 기술을 활용하여 콘텐츠의 이미지, 영상 또는 소리를 변형하였거나 새로이 생성하였을 수 있습니다.
자세히 보기
AI 활용
멸치 마늘쫑볶음 레시피
마늘쫑멸치볶음 레시피
​
​
안녕하세요 들꽃향기입니다.
마늘쫑이 이제 슬슬 끝나가고 있어요.
맛있는 식재료라
제철에는 밥상에 즐겨 올리게 돼요.
​
마늘쫑은 멸치, 건새우, 어묵 등
어떤 재료와도 잘 어울리니
집에 있는 재료를 넣고 볶아주면 되고,
메인 재료만 넣고 볶아도 돼요.
​
마늘종에 양념이 흡수될 정도로
볶아주면 되는데
데친 후에 볶아주면 양념이 더 잘 입혀지고
볶는 시간을 단축시킬 수 있어요.
​
멸치의 양은 취향껏 넣어주면 되지만,
시간이 지나면서
멸치가 수분을 흡수하면 맛이 없어지니
소량으로 넣어주는 게 좋고,
만든 후에는 1~2일 내로 드시는 게 좋아요.
​
​
* 재료 *
​
마늘쫑 손질 후 130g,
잔멸치 23g,
올리브오일 2큰술,
진간장 1~1.3큰술,
올리고당 1큰술,
맛술"
41632,어남선생 오징어볶음 레시피 류수영 양념 추천 오징어덮밥,naver(주제별보기),https://blog.naver.com/son8199/223894253666,Y,"간장,고추,고추장,고춧가루,깻잎,꽈리고추,다진마늘,당근,마늘,배추,설탕,식용유,양배추,양파,오징어,참기름,파","간장,고추장,고춧가루,깻잎,꽈리고추,다진마늘,당근,설탕,식용유,양배추,양파,오징어,참기름,참깨,파",참깨,"고추,마늘,배추","오징어, 양파, 대파, 다진마늘, 꽈리고추, 양배추, 당근, 깻잎, 식용유, 참기름, 고춧가루, 간장, 설탕, 고추장, 통깨",,,"​
더 간단하게 보완하기 : 어남선생 류수영 오징어볶음 레시피
제 눈에는 요즘 세일하는 오징어가 제법 보이더라고요.
고기는 잠시 접어두고 오랜만에 오징어볶음을 볶았네요.
불맛 가득한 어남선생 류수영 오징어볶음 레시피로 만들었는데요.
제가 몇번 만들어보니 이거 불맛낸다고 하다가
양념 태우시는 분들이 꽤 계실거 같더라고요.
불맛도 좋지만~
좀더 쉽게 만들 수 있는 방법 알려드릴게요.
​
​
​
오징어볶음 맛있게 볶아서~오징어덮밥까지 야무지게 비벼먹으니
얼마나 맛있는가 몰라요.
한참 맛있는 꽈리고추까지 넣어서 볶았습니다.
​
어남선생 오징어볶음 양념은 어렵지 않아요.
어렵지 않은 양념이지만 오징어의 맛을 그대로 듬뿍 느낄수 있어요.
매콤하게 볶아 입맛 싹~돌게 맛있게드세요.
​
​
​
​
재료 준비
오징어 두마리
양파 1/2개
대파 1/3대
다진마늘 1큰술
꽈리고추 3개
양배추 한줌
당근 약간
깻잎 5장
​
식용유 2큰술+참기름 1큰술
고춧가루 3큰술
간장 3큰술
설탕 2큰술
고추장 1큰"
41635,무생채 만드는법 새콤달콤 류수영 무생채 레시피 만들기,naver(주제별보기),https://blog.naver.com/firehouse79/223893744237,N,"간장,고춧가루,무,설탕,소금,식초,액젓,파","간장,고춧가루,무,설탕,소금,식초,액젓,파",,,"무, 대파, 설탕, 굵은소금, 고춧가루, 식초, 액젓, 진간장, 소금, 양조간장, 천일염, 꽃게 액젓",꽃게 액젓,,"​
새콤달콤 무생채레시피
무생채만드는법
류수영 무생채 만들기
무생채 만드는법
무생채 레시피
​
​
​
시원한 무채무침 만들어 밥반찬으로 먹기도하고 비빔밥에 넣어먹으려고 새콤달콤 무생채 만드는법 준비했습니다. 여름무는 단맛이 적어서 설탕, 소금에 버무려 만드는 무생채 레시피 류수영 방법으로 만들었더니 아삭아삭 식감도 좋고 바로 양념에 무쳐서 먹어도 맛있고 냉장고에 무생채김치 숙성해서 먹어도 맛이 좋습니다.
​
​
​
​
​
​
​
​
​
​
​
​
무채썰기 할 때 식감을 살리기 위해 채칼보다는 칼로 채썰면 무르지않고 아삭하게 무생채 맛볼 수 있으며 설탕과 소금에 버무려 수분 촉촉하게 나오면서 무채에 은은한 단맛도 더해지고 대파를 잘게 썰어 시원하게 만들어먹으면 입맛 돋우는 반찬은 물론 김치처럼 곁들이도 좋습니다. 바로 만들어보도록 해요.
​
​
​
​
​
​
​
​
​
​
​
​
재료준비
​
무 500g
대파 1/3대(70g)
*양념
설탕 4큰술
굵은소금(천일염) 1/2큰술
고춧가루 "
41638,포만감 가득 다이어트에 좋은 오트밀 양배추 꼬마김밥 만들기 다이어트김밥 오트밀요리 오트밀김밥,naver(주제별보기),https://blog.naver.com/cookingsunny512/223893638975,Y,"김밥김,단무지,달걀,당근,배추,소금,양배추,오트밀,후추","김밥김,단무지,달걀,당근,소금,양배추,엑스트라버진,오트밀,참기름,참깨,후추","엑스트라버진,참기름,참깨",배추,"양배추, 당근, 계란, 단무지, 오트밀, 물, 김밥김, 소금, 후추, 올리브유, 통깨, 참기름",물,,"​
​
오트밀 양배추 꼬마김밥 만들기
다이어트 식단
다이어트 김밥
오트밀 김밥
오트밀 다이어트
전자렌지 오트밀밥 만드는법
​
​
​
​
​
​
다이어트 할 때 밥대신 식이섬유가 풍부한 오트밀로 대체해서 먹으면 혈당이 천천히 올라가
체중감량에 도움이 많이 되는데요.
​
오늘은 다이어트에 좋은 오트밀을 사용하여 오트밀 양배추 꼬마김밥을 만들어 봤어요.
​
밥대신 오트밀밥을 넣고 속에 양배추를 볶아 넣어서 먹고 나면 포만감 가득하고 살 찔 걱정 없는
꼬마김밥이랍니다.
​
​
​
​
​
​
양배추 당근 계란을 한꺼번에 볶아 속에 넣고 전자렌지로 오트밀밥을 만들면 김밥을 쉽게 만들 수 있어요.
​
꼬마김밥으로 만들면 먹기도 간편해서 다이어트 도시락으로 싸가기에도 좋더라고요.
​
오트밀로 만들어서 구수하고 양배추 계란 볶음도 달큰하고 고소해서 맛도 좋답니다.
​
​
​
​
​
​
오트밀 양배추 꼬마김밥은 4등분으로 자른 김 위에 오트밀과 물을 섞어 전자렌지에 익힌 오트밀밥을
깔고 양배추, 당근"
41645,상추겉절이 양념 레시피 성시경 상추비빔밥 상추요리,naver(주제별보기),https://blog.naver.com/mj_hudadak/223893194973,Y,"간장,고춧가루,매실,매실청,상추,설탕,식초,액젓,양파,원두,참기름,파","간장,고추장,고춧가루,다진마늘,매실청,상추,설탕,식초,액젓,양파,참기름,파,황다랑어","고추장,다진마늘,황다랑어","매실,원두","상추, 양파, 대파, 간장, 액젓, 매실청, 설탕, 식초, 고춧가루, 참기름, 깨, 고추장, 계란프라이, 다진마늘, 참치","깨, 계란프라이",,"성시경 상추겉절이 양념 레시피
성시경 상추비빔밥
상추요리 레시피
상추겉절이 비빔밥 레시피
​
​
​
날
이 더워져서 주방에 오래 있기 힘들어요. 입맛도 없는 느낌이고요(살짝 거짓말이라 찔리네요) 대부분의 분들이 입맛이 없을 시기죠?ㅎㅎ  이럴 땐 입맛 새콤달콤 아삭한 성시경 상추겉절이 레시피 완전 추천해봅니다.
​
테라스에 상추 심었더니 무럭무럭 잘 자라더라고요. 여리고 맛있길래 성시경 상추비빔밥 한 그릇 만들어서 싹싹 비벼 먹었는데 어머 이거 기대 이상으로 맛있어서 한 그릇 순삭했어요!
​
성시경 레시피 몇 가지를 따라 해봤는데 맛없었던 레시피는 하나도 없었던 것 같은^^
​
​
​
​
​
초
간단이니까 뚝딱 만들어보세요. 정말 맛있어서 강추하는 레시피입니다.
​
재료준비와 만들기
​
상추겉절이 레시피
재료
1숟가락=밥숟가락
1커피스푼=찻스푼
​
상추 20장
양파 1/2개
대파 20cm
​
상추겉절이양념
간장 1숟가락
액젓 0.5숟가락
매실청 1숟가락
설탕 (2/3~1숟가락)
식초"
41648,머위대볶음 삶기 머위나물 볶음 레시피,naver(주제별보기),https://blog.naver.com/kimhy004/223893038081,Y,"간장,깨소금,다진마늘,들깨,들깨가루,마늘,머위,소금,올리고당,올리브,올리브유,육수,참깨,파","간장,깨소금,다진마늘,들깨가루,머위,소금,올리고당,올리브유,참깨,파",,"들깨,마늘,올리브,육수","머위대, 대파, 다진 마늘, 국간장, 올리고당, 동전 육수, 물, 깨소금, 들깨가루, 올리브오일, 통깨, 굵은소금","동전 육수, 물",,"머위대볶음 레시피
머위대나물볶음 레시피
머위나물볶음 레시피
​
​
안녕하세요 들꽃향기입니다.
머위대가 나오는 계절이에요.
머위나물 레시피는 손이 가지만
만들어 놓으면 반찬으로 먹기에 맛이 좋아요.
​
나물반찬을 만들 때 데쳐서 사용하는데요.
머위대요리 머위대나물 레시피는
나물처럼 살짝 데치면
요리하는 시간이 많이 걸려서
부드럽게 만들기 위해서는
일정 시간 삶아주어야 해요.
​
보통 10~15분 정도 삶아주면 되고
삶아주면 쓴맛이 빠지면서 부드러워져요.
​
소금으로 간을 하면 깔끔한 맛이 나고
저는 이번에는 국간장으로 간을 했어요.
국간장으로 간을 하면 색이 진해지지만,
감칠맛이 더해져서 풍미 좋게 완성할 수 있어요.
​
마지막에 들깨가루를 넣어주면
고소한 풍미가 더해져서 더 맛있지만,
깨소금으로 대체 사용해도 되고,
이 또한 없으면 패스하면 돼요.
​
​
* 재료 *
​
머위대 300g
→ 손질 후 280g,
대파 1.5큰술,
다진 마늘 0.5큰술,
국간장 1.3큰술,
올리고당 0."
41652,수박주스 만들기 태국 땡모반 레시피 여름음료,naver(주제별보기),https://blog.naver.com/baby0817/223892973637,Y,"레몬,생강,소금,수박,알룰로스","레몬,소금,수박,알룰로스",,생강,"수박, 알룰로스, 다진 생강, 레몬즙, 소금",다진 생강,,"땡모반 수박주스 만들기
태국
수박주스
레시피
땡모반 만들기
여름음료
​
​
​
기온이 올라가면서 카페에서도 다양한 수박음료들이 출시되는 게 보이더군요. 수박 한통을 구매하면 정말 먹을 수 있는 방법들이 많은데 역시 가장 빠르게 먹을 수 있는 것은 땡모반 수박주스 만들기 입니다.
​
며칠 전에 사두었던 수박이 남아서 얼른 해결해야지 싶어서 믹서기에 넣고서 확 갈아서 태국 수박주스 레시피 올려보겠습니다. 여름음료 메뉴로 이만한 게 없는 것이 갈증 해소에 최고니깐요.
​
수박주스 만들기 이걸 넣어보세요.
더 고급진 맛도 나고 맛있습니다.
매년 태국 수박주스 레시피 알려드릴 적에 이걸 넣어서 해보라고 알려드리는데 조금 더 고급진 맛도 나면서 깔끔하답니다. 그뿐만 아니라 찬 것을 많이 먹게 되는 여름철에 이걸 넣어주면 몸을 덜 차게 해주는 역할도 하거든요. 하핫!
​
포스팅 아래 올려둘 테니 참고를 하시고 태국 땡모반 만들기 해보세요. 수박을 넣어서 확 갈아준 생과일 주스를 뜻하는 태국 땡모"
41664,돼지고기 간장 돼지불고기 레시피 돼지불백 양념,naver(주제별보기),https://blog.naver.com/kimhy004/223891449667,Y,"가지,간장,고추,고추장,고춧가루,돼지고기,라면","간장,노추,다진마늘,설탕,알룰로스,올리고당,참기름,참깨,파,후추","노추,다진마늘,설탕,알룰로스,올리고당,참기름,참깨,파,후추","가지,고추,고추장,고춧가루,돼지고기,라면","돼지 앞다리살, 대파, 참기름, 후추, 진간장, 설탕, 알룰로스, 갈아만든 배, 맛술 미림, 노두유, 다진 마늘, 올리고당, 통깨","돼지 앞다리살, 갈아만든 배, 맛술 미림",,"돼지고기 간장 돼지불고기 레시피
간장 돼지고기 불고기 레시피
간장 돼지불백 레시피
​
​
안녕하세요 들꽃향기입니다.
돼지고기볶음은 언제나 옳은 메뉴에요.
간단하게 완성할 수 있고,
아이들도 잘 먹는 메뉴인데요.
​
고추장과 고춧가루를 넣고 매콤하게 만들어도 좋고,
아이들을 위한 반찬이라면
매운 돼지불고기 양념 대신
간장을 넣고 만들면 돼요.
​
돼지고기 간장불고기 레시피는
맵지 않아서 아이들도 좋아하고,
다른 채소가 들어가지 않아서
재료가 간단한 편이고요.
​
완성한 후 상추나 깻잎 위에 올려서
밥이랑 먹으면 고기 반찬으로 드시기에 좋아요.
​
​
* 재료 * (2인분)
​
돼지 앞다리살 270g,
대파 20g,
참기름 0.5큰술,
후추
​
* 돼지불백 양념 레시피
진간장 1.7큰술,
설탕 0.5큰술,
알룰로스 1큰술,
갈아만든 배 80ml,
맛술 미림 1큰술,
노두유 1큰술,
다진 마늘 1큰술
(큰술 : 밥 숟가락 기준)
1. 돼지고기 앞다리살 준비하기
​
돼지고기 부위는 앞다리살"
41667,순수 감자전 만들기 감자채전 레시피 감자요리,naver(주제별보기),https://blog.naver.com/lalacucina/223891330330,Y,"감자,감자전분,밀가루,소금,식용유,전분","간장,감자,감자전분,밀가루,부침가루,소금,식용유,튀김가루","간장,부침가루,튀김가루",전분,"감자, 소금, 감자전분, 밀가루, 식용유, 부침가루, 튀김가루, 간장, 케찹",케찹,,"​
감자전 만들기
감자채전 레시피
감자요리 레시피
감자채전 만들기
​
​
안녕하세요 레지나에요
제철이라 더욱 맛이 좋은
감자요리 맛보고 있어요
담백하고 특유의 풍미가 좋은 요리로
후다닥 채 썰어서 감자전 레시피를 만들어 먹었습니다
쫀득 바삭해서 맛있게 간식으로
사브작 부쳐 먹었답니다
​
취향껏 부재료를 더해넣고 만들어도 괜찮고요,
주재료만 넣고 만들었더니
크리스피 부쳐져서
해시브라운같은 맛과 향이었어요 ㅎㅎ
​
순수한
감자전 본연의 풍미를 살려서
즐겨보아요
전체적인 조리과정을 차근차근 소개해드릴테니
내용을 참고해서 노릇 바삭하게 부쳐보세요
​
재료
(2장 분량)
​
감자 2개 (손질 후 320g)
소금 1/8큰술
감자전분 or 밀가루 1큰술 (생략 가능)
식용유 넉넉히
​
​
​
(*1큰술= 밥숟가락 기준)
​
​
재료 준비하기
​
​
감자 2개를 중간정도 크기로 준비했어요
​
감자는 필러로 껍질을 벗겨주고
흐르는 물에 씻어서
0.2~0.3cm로 채 썰어주세요
최대한 얇은 두께로 채"
41673,소갈비찜 만들기 갈비찜 레시피 소고기갈비찜 만드는 법,naver(주제별보기),https://blog.naver.com/sslovehj79/223890761236,Y,"돼지갈비,소갈비,소고기","간장,꿀,다진마늘,당근,대추,마늘,맛술,무,밤,배,설탕,소갈비,소주,양파,월계수,은행,참기름,파,표고버섯,후추","간장,꿀,다진마늘,당근,대추,마늘,맛술,무,밤,배,설탕,소주,양파,월계수,은행,참기름,파,표고버섯,후추","돼지갈비,소고기","소갈비, 설탕, 물, 대파, 월계수잎, 간생강, 간마늘, 양파, 배음료, 진간장, 맛술, 꿀, 후춧가루, 참기름, 무, 당근, 밤, 표고버섯, 소주, 통마늘, 통후추, 은행, 대추, 배","물, 간생강, 배음료",,"​
안녕하세요. 순둥둥입니다.
​
평소 돼지갈비찜을 자주 해 먹는데
정말 오랜만에
냉동실에 들어가 있던 찜용
소갈비 2.5kg
로
오늘은 소갈비찜을 해보겠습니다.
​
CAB
(Certified Angus Beef)
미국산 소고기 꽃찜갈비 2.5kg
입니다.
​
압력솥이 아니어도 괜찮습니다.
냄비를 사용해서 만들어도
질기지 않고 부드럽고 맛있습니다.
바로 시작할게요.
​
소갈비찜 레시피
갈비찜 만드는 법
​
소갈비 2.5kg
(설탕 1T)
​
물 3리터
(대파, 월계수잎 등)
​
간생강 1t, 간마늘 2T
양파 큰 거 반개 (작은 것 1개)
배음료 350ml
​
진간장 한 컵
맛술 반 컵
설탕 1.5~2T
꿀 3T
후춧가루
참기름 2T
​
무 400~450g
당근 1개
밤 10알
표고버섯 2개
​
( 종이컵, 계량스푼 계량 )
​
<1>
핏물 빼기 2~3시간
​
갈비찜을 할 때 제일 우선시해야 하는 과정은
핏물 빼기입니다.
​
냉동 보관 중이던 고기는 하루~이틀 전에
냉장실에서 충분히"
41677,찜닭 레시피 안동찜닭 소스 간장찜닭 만드는법,naver(주제별보기),https://blog.naver.com/bsy615/223890722898,Y,"간장,감자,고구마,고추,내장,노추,녹두,당근,당면,두유,마늘,맛술,버섯,생강,생강가루,설탕,소주,참기름,참깨,청양고추,청주,파,표고버섯","간장,감자,고구마,노추,다진마늘,당근,맛술,베트남고추,새송이버섯,생강가루,설탕,소주,참기름,참깨,청양고추,청주,파,페퍼,표고버섯","다진마늘,베트남고추,새송이버섯,페퍼","고추,내장,녹두,당면,두유,마늘,버섯,생강","닭, 소주, 청주, 감자, 고구마, 당근, 표고버섯, 대파, 청양고추, 건고추, 물, 진간장, 맛술, 설탕, 간 마늘, 간생강, 생강가루, 참기름, 노두유, 통깨, 녹두 당면, 넙적당면, 일반 당면, 마른 홍고추, 베트남 고추, 페페론치노, 새송이버섯","닭, 건고추, 물, 간생강, 녹두 당면, 넙적당면, 일반 당면, 마른 홍고추",,"찜닭 레시피 안동찜닭 소스 간장 찜닭 만드는법
​
​
​
오랜만에 언니와 형부와 함께 집에서 식사를 하기로 했어요.
닭 요리를 좋아하는 언니이지만 요즘 컨디션이 안 좋기 때문에 매운 걸 먹지 못해 간장 찜닭 레시피를 했답니다.
안동찜닭은 단짠단짠함에 아이들과 같이 먹기도 좋고 외식 메뉴로도 그만인데요.
요즘에는 날이 더워 나가기도 귀찮고 집에서 만들어도 충분히 맛있고 적은 금액으로 즐길 수가 있어요.
​
​
​
​
​
또 간장 양념이 쏙 베인 고구마와 당면 또한 어찌나 맛있던지요.
찜닭 만드는법을 할 때 두반장을 넣어 색이 진하게 나와야 더 먹음직스럽고요.
좋아하는 떡이나 채소들을 넉넉히 넣어도 좋습니다.
안동찜닭 소스를 만들고 채소 손질을 하고 초벌로 삶은 닭과 함께 푹 졸이시면 된답니다.
닭 손질부터 소스 레시피를 비롯한 조리과정을 자세히 알려드릴 테니 주말 메뉴로 푸짐하게 즐겨보세요.
​
​
​
​
​
준비할 재료
​
닭 1마리 (800g), 소주 또는 청주 3큰술.
감자(대)"
41710,돼지고기 카레 만드는법 재료 카레 레시피,naver(주제별보기),https://blog.naver.com/kimhy004/223887277543,Y,"감자,닭고기,돼지고기,소고기,소시지,애호박,양파,카레,호박","감자,달걀,당근,돼지고기,버터,애호박,양파,올리브유,파슬리가루","달걀,당근,버터,올리브유,파슬리가루","닭고기,소고기,소시지,카레,호박","고형 카레, 양파, 애호박, 감자, 당근, 돼지고기, 케첩, 버터, 올리브오일, 물, 계란, 파슬리가루, 밥","고형 카레, 케첩, 물, 밥",,"돼지고기 카레 만드는법
돼지고기 카레 레시피
​
​
안녕하세요 들꽃향기입니다.
카레는 한그릇음식으로 먹기에 좋아요.
​
양을 넉넉하게 만들면 2~3끼도 먹을 수 있어
편하게 식사할 수 있는데요.
저희 집은 한 끼에 먹을 정도로
소량으로 만들어서 클리어해요.
​
카레 재료는 특별히 정해진 건 없고
고기 종류로는 돼지고기, 소고기,
닭고기 등을 사용하면 되고,
고기 없이 햄이나 소세지를 대체 사용해도 돼요.
​
아이들은 고기를 좋아해서
고기 종류가 들어가면 더 좋지만,
애호박, 감자, 양파 같은 채소만 넣고 만들어도 돼요.
양파를 싫어하는 아이들을 위해
갈아서 넣고 만들어도 되는데요.
저는 기본적인 방법과 재료를 사용해서
가장 많이 만드는 편이에요.
​
재료를 볶아준 후 물을 넣고 채소를 익히고
카레를 넣고 잘 풀어주면 완성이 되는데요.
마지막에 버터와 케첩을 넣어주면
고급스러운 맛이 나서 풍미가 업~! 돼요.
​
​
* 재료 * (2인분)
​
고형 카레 2개,
양파 70g,
애호박 6"
41726,새송이버섯 요리 버섯구이와 간장 양념장 레시피,naver(주제별보기),https://blog.naver.com/yimi0505/223883920960,Y,"간장,고추,버섯,빨간고추,새송이버섯,송이버섯,청양고추","간장,굴소스,다진마늘,빨간고추,새송이버섯,식용유,알룰로스,참기름,참깨,청양고추,파,후추","굴소스,다진마늘,식용유,알룰로스,참기름,참깨,파,후추","고추,버섯,송이버섯","새송이버섯, 청양고추, 홍고추, 대파, 다진마늘, 진간장, 굴소스, 알룰로스, 참기름, 후추, 통깨, 식용유",,,"새송이버섯 구이와 양념장 만들기
간단하면서 맛있게 한 끼 반찬으로 만들어
먹기 좋은 새송이요리 소개해 봅니다~
새송이버섯을 구워서 간장 양념을 입혀주는 건데요,
촉촉 부드러운 버섯 구이의 맛에
양념이 더해져서 입맛 돋는 메뉴에요^^
​
칼로리도 낮으면서 채식 식단으로 먹기 좋아요
시작해 볼까요~
​
​
​
​
​
새송이버섯 구이와 양념장 레시피
( 숫자 1= 어른 밥숟가락으로 1스푼 )
​
새송이버섯 3개 (300g 내외)
청양고추 1개
홍고추 2/3개
대파 3
​
양념장 - 다진마늘 0.5, 진간장 1.5,
굴소스 1, 알룰로스 1, 참기름 1, 후추 0.2
​
통깨 약간
​
​
​
​
요 새송이버섯 구이의 포인트는
버섯의 모양을 어떻게 썰어주느냐가
포인트인데요
새송이버섯의 동그란 쉐입을 살릴 수
있도록 1~1.5센티 정도의 두께로 썰어줍니다
​
​
​
​
​
​
그리고 단면에 모자이크 칼집을 내주면
구웠을 때 먹음직스럽기도 하고
간장 양념장이 잘 배어들어서 좋더라고요
칼집은 살짝"
41735,다이어트 가지 요리 가지 계란찜 만드는 법,naver(주제별보기),https://blog.naver.com/happymellong/223882084961,Y,"가지,간장,고추,달걀,빨간고추,소금,식초,알룰로스,참기름,참깨,청양고추","가지,간장,달걀,빨간고추,소금,식초,알룰로스,쪽파,참기름,참깨,청양고추,파","쪽파,파",고추,"가지, 달걀, 청양고추, 홍고추, 소금, 진간장, 물, 식초, 알룰로스, 참기름, 통깨, 대파, 쪽파",물,,"요즘 오이와 함께
가지도 많이 나오는데
오늘은 그 가지를 이용한
요리를 올려보려고 합니다.
​
​
저도 sns에서 보고
따라 만들어 본 레시피인데요.
​
보통 가지는 고기와 함께 볶거나
튀겨서 많이 먹는데요.
​
오늘 소개해 드릴 요리는
달걀을 이용해 쪄서 만들기 때문에
체중조절하시는 분들에게도 좋은
다이어트 가지 요리입니다.
​
* 재료 *
​
가지 2개
달걀 2개
청양고추 1개
홍고추 1개
소금 약간
​
* 간장 소스 *
​
진간장 3스푼
물 2스푼
식초 1스푼
알룰로스 1스푼
참기름 1스푼
통깨 1/2스푼
​
저는 가지 2개로
가지 계란찜을
만들어 봤는데요.
​
​
가지를 밀대로
납작하게 밀어준 다음,
가운데를 칼로
칼집을 내줍니다.
​
​
그리고 그 사이를 벌려
소금을 약간 뿌려서 간을 해줍니다.
​
다이어트 가지 요리이긴 하지만
약간의 간은 해줘야 또 맛이 납니다.
​
​
청양고추와 홍고추를
잘게 썰어 줍니다.
​
매운 걸 잘 못 드시는 분들은
청양고추 대신 대파나 쪽파를
"
41738,일주일식단표 아이메뉴 6월 제철 주간밥상 건강식단 간단반찬 국종류 레시피,naver(주제별보기),https://blog.naver.com/a0910102/223880542195,Y,"가지,간장,고추,고춧가루,김치,다리,다진마늘,달걀,당근,돼지고기,두릅,두부,마늘,멸치,미역,바지락,버섯,빨간고추,설탕,소금,애호박,양파,오이,참기름,코다리,콩나물,파,표고버섯,호박","가지,간장,감자,고추장,고춧가루,깨소금,다진마늘,달걀,당근,돼지고기,두릅,두부,매실,무,미역,바지락,빨간고추,새우젓,설탕,소금,애호박,액젓,양파,오이,참기름,콩나물,파,표고버섯","감자,고추장,깨소금,매실,무,새우젓,액젓","고추,김치,다리,마늘,멸치,버섯,코다리,호박","애호박, 오이, 콩나물, 미역, 바지락, 가지, 돼지고기, 두부, 양파, 무, 두릅, 표고버섯, 당근, 계란, 천일염, 진간장, 소금, 설탕, 참기름, 다진마늘, 고춧가루, 대파, 홍고추, 국간장, 멸치액젓, 물, 고추장, 새우젓, 물엿, 매실, 다진파, 깨소금, 감자","물, 물엿, 다진파",,"이번 주 부터는 평일에 쉬는 날이 없으니 컨디션 조절 잘 하면서 일주일을 보내야겠어요.
오늘은
#일주일식단표
아이메뉴 6월 제철 주간밥상 건강식단 간단반찬 국종류 레시피 를 소개할께요.
#일주일식단
을 차라기 위한 식재료는
애호박, 오이, 콩나물, 미역, 바지락, 가지, 돼지고기, 두부,
양파, 무, 두릅, 표고버섯, 당근, 계란 등을 준비했어요.
월요일
#6월밥상
은요.
짬뽕탕, 백김치, 콩나물무침, 코다리조림, 계란프라이, 멸치볶음, 가지볶음, 김으로 차렸어요.
매운콩나물무침은 콩나물 300g 1봉지 ,
데칠때 생수 500ml에 천일염 0.3T
진간장 1T, 소금 0.5T, 설탕 0.5T, 참기름 1T, 다진마늘 0.5T, 고춧가루 1T, 대파 1T (홍고추 1 선택)
​
콩나물 은 흐르는 물에 2~3번 깨끗이 씻어 채반에 받쳐 물기를 탈탈 털어요.
​
물 500ml에 천일염 0.3T를 넣어 팔팔 끓이고 뚜껑을 연 채로 콩나물을 넣고 3~5분 데쳐요.
​
데친 콩나물을 찬물로 헹"
41747,닭다리살 소금구이 만들기 순살 닭 구이 홈파티 요리,naver(주제별보기),https://blog.naver.com/jjomeal/223877260899,Y,"다리,닭다리살,당근,마늘,소금,올리브,올리브유,파,후추","닭다리살,당근,마늘,소금,올리브유,파,후추",,"다리,올리브","닭다리살, 대파, 당근, 마늘, 소금, 후추, 올리브오일",,,"​
담백하고 부드러운 닭 소금구이 요리
순살 닭다리살 소금구이 만들기
어제 주말 기념으로 치킨을 시켜 먹었는데요.
간만에 구운 치킨을 먹으니 너무 맛있더라구요.
다음날에도 계속 생각이 나길래
딱 세 덩이 남은 닭다리살 순살 꺼내서 구워봤어요.
​
소금, 후추 간만해서 깔끔하게 구운 소금구이인데요.
담백하니 양념 없이 건강하게 드실 수 있답니다.
​
조금 싱거우면 소스 찍어 먹으면 되는데
개인적으론 직접 만든 소스보단
머스타드랑 제일 잘 어울리는 것 같아서
소스는 따로 안 만들었어요.
​
​
닭 구울 때 대파, 마늘, 당근도 같이 곁들여봤어요.
마늘이랑 대파야 당연히 맛있지만
요 당근이 생각보다 구웠을 때 정말 맛있거든요.
그래서 이런 구이류에는 당근을 꼭 넣는답니다.
재료 준비
​
닭다리살 순살 3 덩이
대파, 당근 조금
마늘
​
소금, 후추, 올리브오일
​
1. 채소 준비
​
당근, 대파, 마늘 준비해 줬어요.
작은 마늘이라 뿌리 부분만 따고 통으로 넣었어요.
대파도 큼직하게 썰고"
41752,차예련 소불고기 양념 황금레시피 5분컷 간단 소불고기 레시피,naver(주제별보기),https://blog.naver.com/kyoungmik/223904283711,Y,"고추,불고기양념,소고기,청양고추","데리야끼,맛술,소고기,올리브유,참기름,청양고추","데리야끼,맛술,올리브유,참기름","고추,불고기양념","소고기, 맛술, 데리야끼 소스, 스키야키 소스, 참기름, 깨, 올리브오일, 청양고추","스키야키 소스, 깨",,"차예련 소불고기 양념 황금레시피 5분컷 간단 소불고기 레시피
​
와 진짜 5분이면 뚝딱 만들 수 있는
야채도 필요 없는 소고기구이 느낌의 간단
#소불고기레시피
준비했어요
차예련 소불고기 레시피인데요
아이들이 진짜 잘 먹더라고요
​
​
윤기 보이시죠?
고기 굽듯 굽다가 소스 넣어서 빠르게 볶고 마무리하면 되는 거예요
소고기 오래 볶으면 질겨지니 빠르게 볶아서 완성하기에 5분이면 충분해요^^
아이 친구들 왔을 때 반찬으로 내놓아도 완전 인기 만점이랍니다
어른들 먹는 거엔 청양고추 송송 썰어 올려 같이 먹으면 또 기가 막힙니다
​
​
차예련 간단 소불고기 레시피 5분컷 소불고기양념황금레시피 함께 해볼까요?
시판 소스 활용 레시피랍니다
소불고기 황금레시피
​
불고깃감 소고기 300g, 맛술 1, 데리야끼 소스 1, 스키야키 소스 1.5, 참기름 1, 깨, 올리브오일
청양고추 1개
​
(숟가락 계량)
​
고기는 불고깃감으로 준비해 주시면 됩니다
​
​
​
키친타월로 꾹꾹 눌러 핏물을 제거하고"
41755,믹서기 감자전 만들기 고소 쫀득한 감자요리 레시피,naver(주제별보기),https://blog.naver.com/psy9133/223904282944,N,"감자,부침가루,소금,식용유,양파","감자,부침가루,소금,식용유,양파",,,"감자, 양파, 부침가루, 소금, 식용유, 물",물,,"믹서기 감자전 만들기 고소 쫀득한 감자요리 레시피
글.사진 ⓒ은솔희섭mom
요근래 이것저것 만들어서 먹는다고
사다두었던 알감자가 너무 많은 것 있죠~
그냥 방치해두면 초록색이 올라올까싶어
안그래도 한번 맛보고 싶었던
감자전요리를 만드는데 활용했더니
속이 다 시원한 느낌입니다.
​
​
​
사실 큼지막하게 부치고 싶었는데
가루류를 많이 넣으면 특유의
쫀득한 맛이 덜해서 조금만 넣었더니
한장 부치다가 실패 ^^;;
그리고 소심하게 평상시에
감자전 믹서기에 갈아서 만들때처럼
한입에 쏘~옥 먹기좋은 크기로 부쳐주었어요.
​
사실 요렇게 부치면 시간이 좀 걸리지만
겉은 바삭하고 속은 촉촉하게 맛볼 수 있어
더 좋은 방법이 아닐까 싶네요.
(스스로 실패 후 자화자찬중~~)
​
​
재료
* 1 큰 술 = 15ml, 1 작은 술 = 5ml
​
감자 430~450g (손질 후)
양파 90g
부침가루 2 큰 술 (조금 넉넉히)
소금 0.5 작은 술
식용유 넉넉히
​
1. 감자 세척, 껍질 제거후 재료준"
41764,토마토 야채스프 만드는법 아침식사대용 양배추 당근스프 만들기 두유제조기 레시피,naver(주제별보기),https://blog.naver.com/happy4305/223904192817,Y,"건더기스프,다진마늘,당근,마늘,배추,버터,양배추,양파,올리브,올리브유,토마토,허브,허브솔트,후추","다진마늘,당근,버터,병아리콩,양배추,양파,올리브유,파슬리가루,허브솔트,후추","병아리콩,파슬리가루","건더기스프,마늘,배추,올리브,토마토,허브","다이스 토마토, 당근, 양파, 양배추, 올리브오일, 다진마늘, 무염버터, 허브솔트, 통후추, 파슬리가루, 병아리콩",다이스 토마토,,"토마토 야채스프 만드는법
아침식사대용
양배추 당근스프 만들기
두유제조기 레시피
​
안녕하세요?~푸드 인플루언서 쑨여사입니다:)
​
요즘엔 두유제조기 하나면
다양한 음식들을 만들 수 있어서
자주 활용하는 편이예요
​
저번에 코스트코에서 사온
다이스 토마토가 있어서
냉장고에 있는  야채들을 넣고
아침식사대용으로 먹기 좋은
토마토 야채스프를 만들었어요
​
토마토와 잘 어울리는
양배추, 당근, 양파 등을 넣고 만들어
속에 부담이 없고
가볍게 먹기 좋아요
​
​
​
준비한 재료들을
두유제조기에 넣고
​
정해진 메뉴 버튼을 눌러
조리해주면
따뜻하게 먹기 좋은
토마토 스프가 완성됩니다
​
오늘은 토마토 야채스프를 만들어 볼께요
​
​
재료
​
다이스 토마토 과육만 250g
당근 80g
양파 110g
양배추 70g
올리브오일 2숟가락
다진마늘 1숟가락
무염버터 10g
허브솔트 3꼬집
통후추 갈갈
(밥 숟가락 계량)
재료 손질
​
다이스 토마토에 들어있는
토마토 과육과 주스는 분리해 줍니다
​
토마"
41771,오이샌드위치 써브웨이오이샌드위치 랜치소스만들기 홈브런치,naver(주제별보기),https://blog.naver.com/happytg100/223903936315,Y,"그릭요거트,다진마늘,랜치소스,레몬,마늘,마요네즈,소금,알룰로스,오이,요거트,치아바타,파슬리,파슬리가루,허브,후추","그릭요거트,다진마늘,레몬,마요네즈,소금,알룰로스,오이,파슬리가루,후추",,"랜치소스,마늘,요거트,치아바타,파슬리,허브","치아바타빵, 오이, 마요네즈, 그릭요거트, 알룰로스, 레몬즙, 소금, 후추, 다진마늘, 홀그레인, 파슬리가루","치아바타빵, 홀그레인",,"Today's recipe
​
​
​
​
간단하지만 맛보면 보통 아닌 오이샌드위치 만들어 보았습니다. 지난달 서브웨이에서 5월 2일 오이데이에맞춰 출시해 단기간 판매했던 오이 샌드위치인데요. 들어간 재료에 비해 의외로 맛있게 먹어서 또 생각나더라고요. 빵이야 좋아하는 빵으로 대체하고, 오이 썰어 좋아하는 랜치소스 만들어 발랐더니 아이도 잘 먹고, 신랑도 좋아해서 주말 브런치 메뉴로 한건 했어요.
랜치소스는 시판 제품 이용하셔도 좋고, 집에서 간단히 응용해 만들 수 있으니 오이 듬뿍 썰어 넣고 만들어 드셔보세요.
​
​
서브웨이 오이샌드위치
​
오이요리 / 오이빵
​
랜치소스만들기 / 홈브런치
브런치
​
​
치아바타빵 2개, 오이 1개
​
랜치소스 만들기
​
마요네즈 1수저, 그릭요거트2수저, 알룰로스반수저, 레몬즙1수저, 소금한꼬집, 후추톡톡, 다진마늘 반티스푼, 홀그레인1/3수저(생략가능), 파슬리가루나 허브 있으면 넣어주세요.
밥수저계량
​
​
​
step1. 빵은 반 잘라 토스"
41774,알리올리오 파스타 알리오올리오 원팬파스타 레시피,naver(주제별보기),https://blog.naver.com/naettee/223903831088,Y,"다진마늘,마늘,새우,시금치,파스타면","다진마늘,마늘,버터,새우살,시금치,액젓,엑스트라버진,파스타면,페퍼,후추","버터,새우살,액젓,엑스트라버진,페퍼,후추",새우,"스파게티면, 마늘, 다진마늘, 새우살, 시금치, 페페론치노, 올리브유, 물, 참치액젓, 무염버터, 후추, 파마산치즈가루","물, 파마산치즈가루",,"#원팬파스타
#알리오올리오
#알리오올리오레시피
#알리오올리오파스타
#알리올리오파스타
#파스타
#파스타레시피
​
​
​
마늘과 오일로 맛을 낸 파스타를 알리올리오라고 하는데요. 기본적으로 면, 마늘, 오일만 있으면 만들 수 있어요. 예전에는 소스 들어간 파스타만 맛있다고 생각했는데, 언젠가부터 알리오올리오의 담백한 맛이 참 좋더라고요.
자극적인 소스 맛이 없으니 오히려 오일과 파스타면의 맛을 제대로 느낄 수 있다고나 할까요.
​
​
​
새우랑 시금치가 좀 있어서 추가해서 넣었는데 있다면 넣고, 없다면 생략해도 충분히 맛있게 만들어져요. 특히 이번에는 원팬파스타로 만들어봤어요.
면을 삶을 후 볶는 과정을 거치지만, 그렇게 하지 않고 마늘 볶다가 한꺼번에 물과 면을 넣고 삶으면서 국물을 졸여서 만드는 레시피죠.
​
​
​
무엇보다도 간편하게 만들 수 있어서 파스타 먹고 싶을 때 쉽게 도전해 볼만해요. 고급스러운 맛의 알리오올리오 원팬파스타 소개해 볼게요.
+큰술=밥숟가락(10g)/컵=종이"
41780,어쩌다 6첩 한식 아침밥상 아이반찬 개운한 참치김치찌개,naver(주제별보기),https://blog.naver.com/kyjsp/223903545544,Y,"김치,달걀,버터,숙주나물,오이,잡곡,잡곡밥,황다랑어","김치,달걀,버터,숙주나물,오이,잡곡,황다랑어",,잡곡밥,"잡곡, 참치, 김치, 숙주, 계란, 크래미, 버터, 오이",크래미,,"​
오늘의 메뉴
​
​
잡곡밥
참치김치찌개
숙주나물무침
계란 장조림
크래미버터구이
오이소박이
깍두기
​
​
​
​
어쩌다보니 6첩반상.
어제 저녁 참치찌개랑, 숙주볶음을 해놓았어요. 장조림이 남아서 꺼내놓고, 김치까지 올리니까 그럴싸한 한식밥상이 완성되었어요.
그리구 꺼내서 차리기만 하면 되서 시간이 남더라구요.
크래미에 버터발라 구웠어요. 고소한 버터냄새가 주방가득. 버터 굽는 냄새만으로도 벌써 맛있어요.
​
​
​
​
귀리와 보리를 섞은 잡곡밥
​
​
캔참치를 넣어 끓인 참치김치찌개에 참치는 늘 어디로 가는지, 가루가 되었나봐요.
열심히 골라골라 건져서 존재감 있게 위로 꺼내놓았어요.
​
​
장조림이랑 계란도 잘라서 올렸어요.
​
​
김치류는 깍두기랑 오이소박이.
​
​
딱 기본으로 무쳐서 더 맛있는 숙주무침도 소담하게 담아주었어요.
​
​
시간이 남아서 냉장고의 크래미에 버터 발라서 에프에 구웠어요. 파슬리가루 뿌리면 있어보임.
크래미의 단맛과 감칠맛, 버터가 만나서 밥반찬, "
41784,1초 완성 육수의 마법✨ 안유성 자연육수로 만든 깊은 맛 멸치국수 요리 완성,naver(주제별보기),https://blog.naver.com/yssese/223903414426,Y,"된장,면,멸치,시금치,애호박,육수,호박","건새우,다시마,단무지,멸치,무,파,표고버섯","건새우,다시마,단무지,무,파,표고버섯","된장,면,시금치,애호박,육수,호박","멸치, 다시마, 무, 표고, 건새우, 물, 대파, 단무지, 양념간장","물, 양념간장",,"안녕하세요😊 블로거 씨니입니다.
요즘 같이 바쁜 일상 속에서 ‘요리의 간편함’은 너무 중요하잖아요.
오늘은 제가
국물 요리에 진심인 분들께 너무나 추천드리고 싶은 제품
을 소개하려고 해요.
바로
대한민국 명장
안유성 자연육수
인데요!
OTT 및 여러 방송 프로그램에 소개된 레시피를 그대로 담아낸 제품이라 기대가 컸는데,
진짜 1초면 육수가 완성되고
, 맛은 깊고 깔끔해서 저도 깜짝 놀랐어요.
특히 저는 이 육수를 활용해
멸치국수
를 만들어봤고,
추가로
된장찌개, 애호박볶음, 시금치무침
에도 응용해봤는데
정말 요리가
한층 업그레이드
되는 느낌이더라고요✨
언박싱부터 간편함이 느껴지는 패키지!
​
​
상자를 열자마자
스틱형 개별포장
이 아주 정갈하게 들어 있었어요.
딱 보기만 해도 위생적이고, 하나씩 꺼내 쓰기 정말 간편하겠다는 생각이 들더라고요.
캠핑갈때도 쏘옥 들고가기에도 좋고, 정말 편리성 굿!
4g씩 총 20포
로 구성되어 있고, 1포에 물 300ml를 넣으면 육수 완성!
제품의 "
41796,"한입 꼬마김밥 만들기, 아이 간식·소풍 도시락 추천!",naver(주제별보기),https://blog.naver.com/storm_0370/223902866655,Y,"가지,김,깻잎,단무지,달걀,소금,쪽파,치즈,파프리카,햄","김밥김,깨소금,깻잎,달걀,소금,슬라이스치즈,슬라이스햄,쪽파,참기름,파프리카","김밥김,깨소금,슬라이스치즈,슬라이스햄,참기름","가지,김,단무지,치즈,햄","김밥용 김, 밥, 계란, 쪽파, 파프리카, 소금, 깻잎, 슬라이스 햄, 김밥용 단무지, 슬라이스 치즈, 깨소금, 참기름","밥, 김밥용 단무지",,"오늘은 작고 귀엽지만 속은 꽉 찬,
한 입에 쏙~ 들어가는
꼬마김밥
을 만들어봤어요!
​
향긋한 깻잎, 고소한 계란지단, 아삭한 단무지, 쫀득한 치즈까지~
여러 가지 식감이 조화롭게 어우러져 먹는 즐거움까지 가득하답니다 :)
​
한 입 크기라 아이들 간식은 물론, 나들이 도시락이나 손님 초대 메뉴로도 딱이에요.
​
그럼 함께 만들어 볼게요^^
​
꼬마김밥
김밥용 김 3장
밥 2공기
계란 4개
쪽파 4줄기
파프리카 1/6개
소금 약간
깻잎 8장
슬라이스 햄 8장
김밥용 단무지 4줄
슬라이스 치즈 4장
​
※밥 밑간:
깨소금, 소금, 참기름 약간씩
​
1. 재료 손질
쪽파
는 송송 썰고,
파프리카
는 잘게 다져주세요.
​
쪽파와 파프리카는 지단에 들어가는 재료로, 색감을 낼 수 있는 다른 재료로 대체할 수 있어요!
​
​
2. 지단 만들기
계란
을 풀고
소금
한 꼬집,
쪽파와 파프리카
도 넣어 잘 섞은 다음, 얇게 지단을 부쳐주세요!
​
지단은 식힌 후 반으로 잘라 준비합니다.
​
​
"
41809,SNS 대유행 연어깍두기 레시피 스리라차 마요소스 연어요리,naver(주제별보기),https://blog.naver.com/firehouse79/223902643123,Y,"감태,날치,날치알,마요네즈,무순,불닭소스,연어,쪽파","감태,날치알,마요네즈,무순,불닭소스,쪽파",,"날치,연어","생연어, 날치알, 마요네즈, 스리라차 소스, 불닭소스, 쪽파, 구운 김, 감태, 밥, 무순","생연어, 스리라차 소스, 구운 김, 밥",,"​
연어깍두기 레시피
연어요리
스리라차마요
SNS레시피
​
​
요즘 유튜브, SNS에서 난리라는 레시피가 있죠. 저도 강민경님 개인방송을 보고 먹어보고싶어졌는데 연어를 큼직하게 깍두기 모양으로 썰어서 스리라차마요소스에 날치알 넣고 버무린 연어깍두기 입니다. 좋아하는 연어 요리 레시피이니 맛이 없을 수가 없겠다 싶었는데 만들어먹어보니 역시나 맛있더라고요.
​
​
​
​
​
​
​
​
​
​
​
​
큼직하게 썬 연어에 날치알이 톡톡 터지고 기본적으로 마요네즈, 스리라차 소스에 버무리면 되는데 매콤하게 불닭소스 더해주면 완성입니다. 그냥 먹어도 맛있고 김에 싸서 먹어도 별미이니 맛있는 조합으로 연어깍두기 만들어보도록 해요.
​
​
​
​
​
​
​
​
​
​
​
​
재료준비
​
생연어 250g 내외
날치알 30g
마요네즈 2큰술
스리라차 소스 1~2큰술
불닭소스 취향껏(생략가능)
쪽파 약간
구운 김, 감태, 밥, 무순 등 기호에 맞게 곁들임
*계량단위 1큰술 = 밥숟가락 기준
*불닭소스 "
41811,간단한 계란볶음밥 만들기 야채 볶음밥 레시피,naver(주제별보기),https://blog.naver.com/peace8012/223902617319,Y,"간장,김가루,달걀,당근,맛술,소금,애호박,양파,참기름,참깨,파,호박","간장,달걀,당근,맛술,빨간고추,소금,애호박,양파,참기름,참깨,파,후추","빨간고추,후추","김가루,호박","밥, 애호박, 양파, 당근, 대파, 달걀, 조미 김가루, 진간장, 미림, 물, 소금, 참기름, 통깨, 홍고추, 후춧가루","밥, 조미 김가루, 물",,"​
​
간단한 볶음밥 레시피
계란 야채볶음밥 만들기
간단한 계란볶음밥 레시피
​
​
​
오늘은 한그릇요리가 두 개 올라가네요^^
​
요고 간단하면서도 맛있어서 며칠 사이에
2번 만들어 먹었답니다
위 사진은 며칠전 만들어 먹고 찍은 사진
아래 사진은 오늘 점심 제 혼밥 메뉴로
만들어 먹은 볶음밥레시피 랍니다
​
​
​
​
​
여러 가지 이름을 붙여볼 수 있는 볶음밥이라고
해야 할까요?
야채볶음밥, 계란볶음밥, 김볶음밥등등^^
어찌 됐든 집에 있는 초간단재료로
초간편하게 만들 수 있는 볶음밥입니다
요렇게 볶아서 저는 오늘 어머님이 주신
열무김치랑 냠냠했어요~
어찌나 맛있던지요!! 생각하니 또 먹고 싶어지네요^^
​
시작은 간단하게 달걀이랑 대파만 넣고
간단하게 볶아서 해결해야지 해놓고선
만들고 보면 재료들이 하나둘씩 추가가 됩니다 ㅋㅋ
웃기죠?
이왕이면 한 그릇을 먹더라도 조금이라도
더 맛있게 먹자며!!^^
김가루는 잘 안 넣는데...
주로 닭갈비나 양념 있는 볶음요리 먹고,
볶음밥 만"
41817,버터감자구이 휴게소 감자 간식 만들기 알감자 버터구이 레시피,naver(주제별보기),https://blog.naver.com/bongs1021/223902443288,Y,"가염버터,감자,버터,설탕,소금","가염버터,감자,설탕,소금",,버터,"알감자, 소금, 가염버터, 설탕",,,"#6월제철음식
휴게소 알감자 만들기
휴게소감자만들기 감자 간식 만들기
휴게소 감자 레시피
알감자버터구이 레시피
감자버터구이 레시피
버터감자구이 버터감자 만들기 버터감자 레시피
​
6월에 햇감자나 나오면
우리 아들이 제일 좋아하는 알감자버터구이 레시피 만든다.
포슬포슬 부드러운 햇감자로 휴게소 간식 만들기 해주면
여행 온 느낌도 난다며 혼자 한 소쿠리 싹 다 비워낸다.
요즘 동그랗고 작은 알감자가 많이 나오는데 그걸로
감자버터구이 만들기 해도 되고
햇감자를 작게 잘라서 휴게소 감자 만들기 해도 된다.
​
​
​
어른들 입에는 소금 간만 하는게 제일 맛있지만
아이들 입맛에는 역시 단짠단짠이 진리.
가염버터로 버터감자구이 만들다가 마지막에 설탕을 뿌려서
설탕과 버터가 녹을 수 있게 카라멜라이징하면
설탕이 소스처럼 감자에 착 붙어서 단짠의 휴게소 알감자 만들기 할 수 있다.
버터감자 만들기
해서 아이들은 우유와 함께 간식으로 주고
어른들은 맥주와 함께 안주로 즐겨도 좋다.
​
​
​
재료
"
41820,카레 만드는법 양파 카레 레시피 재료,naver(주제별보기),https://blog.naver.com/jin5194/223902172687,Y,"고구마,돼지고기,애호박,양파,카레,호박","감자,고구마,꿀,당근,돼지고기,사과,식용유,애호박,액젓,양파,카레","감자,꿀,당근,사과,식용유,액젓",호박,"돼지고기, 카레 가루, 애호박, 고구마, 양파, 감자, 당근, 식용유, 참치액, 물, 꿀, 사과",물,,"카레레시피 양파 카레 만드는법 카레재료
​
​
다양한 재료를 조합하여 취향껏 조리하기 좋은 카레는 조리 방법에 따라 풍미가 달라지는 요리라서 새로운 레시피를 검색해 보시는 분들이 많이 계실 거라고 생각하는데요 제가 개인적으로 좋아하는 메뉴이기도 해서 재료 구성이나 조리 방법을 변경해가며 다양한 레시피들을 소개해 드리고 있답니다.
​
​
​
​
카레를 처음 만들어 보시는 분들도 어렵지 않게 완성하실 수 있도록 재료 손질법은 물론이고 각 재료들을 볶는 순서 및 케레의 풍미를 살려줄 양념 레시피까지 자세하게 설명드렸으니 카레의 맛이 2% 부족하셨던 분들께서는 이번에 제가 알려드린 내용들을 참고하셔서 맛있게 완성해 보시기 바랍니다.
​
​
​
​
​
준비할 재료들
돼지고기 100g
카레 가루 50g
애호박 50g
고구마 80g
양파 100g
감자 50g
당근 30g
식용유 2T
참치액 2/3T
물 500ml
꿀 1T
​
계량단위
1T = 밥숟가락 1스푼
​
​
고구마 대신 사과를 60g 정"
41824,도토리묵사발 만들기 묵밥 냉면육수 묵사발 레시피,naver(주제별보기),https://blog.naver.com/mj_hudadak/223902115799,Y,"냉면육수,도토리,도토리묵,메밀,메밀묵,면,육수","김가루,냉면육수,다진마늘,닭가슴살,도토리묵,메밀묵,식초,알룰로스,얼음,와사비,참기름,청양고추,토마토","김가루,다진마늘,닭가슴살,식초,알룰로스,얼음,와사비,참기름,청양고추,토마토","도토리,메밀,면,육수","도토리묵, 신김치, 냉면육수, 알룰로스, 참기름, 다진마늘, 오이채, 방울토마토, 김가루, 청양고추, 동치미냉면육수, 식초, 연겨자, 얼음, 메밀묵, 청포묵, 삶은 계란, 닭가슴살, 깨","신김치, 오이채, 동치미냉면육수, 삶은 계란, 깨",,"도토리묵사발만들기
묵밥만들기
냉면육수 도토리묵사발 레시피
도토리묵사발 만들기 육수
​
​
​
​
요
즘 살이 안 빠진다는 남편을 위해 다이어트 메뉴들로 저녁식사를 준비하고 있는데요. 이날은 도토리묵사발 냉면육수 레시피로 간단하게 준비해 봤던 날이었어요.
​
살이 안 빠지는 이유는 뭐 간단합니다. 평일에 식단 하고 주말에 열심히 먹으니 몸무게는 늘 제자리죠.. 이게 뭔가 건가 싶기도 한데 뭐 유지어터라도 해야 되는 나이니까요 .흑 ㅠㅠ평일이라도 제정신 차리기로 해요. ㅎㅎ
​
여
름만 되면 냉면육수를 사두게 되는데요. 묵사발 레시피 육수 베이스로 활용해도 좋고 간단하게 초계국수를 해먹기도 좋아 이맘때는 늘 구입해두고 있답니다. 한 봉 사두면 두루두루 사용하기 좋더라고요.
​
묵사발 묵 종류는 도토리묵으로 준비했는데요. 메밀묵이나 청포묵 같은 묵들을 활용하셔도 좋습니다.
​
​
​
도
토리묵사발 만들기 맛의 포인트 라고 하면, 곁들이는 고명의 조합 그리고 묵의 탱글함이라고 할 수 있어요"
41827,소불고기 황금레시피 양념 소불고기 레시피,naver(주제별보기),https://blog.naver.com/jin5194/223902030754,Y,"간장,다진마늘,당근,마늘,배,버섯,소고기,소금,양파,참기름,파,표고버섯,후추","간장,다진마늘,당근,불고깃감,소금,양파,참기름,참깨,파,팽이버섯,표고버섯,후추","불고깃감,참깨,팽이버섯","마늘,배,버섯,소고기","불고기용 소고기, 표고버섯, 양파, 대파, 당근, 후춧가루, 배 음료, 다진 마늘, 참기름, 소금, 진간장, 물엿, 팽이버섯, 통깨","배 음료, 물엿",,"불고기레시피 소불고기황금레시피 소불고기레시피 소불고기 양념
​
​
단맛과 짠맛의 조화가 매력적인 소불고기는 많은 분들께서 좋아하시는 메뉴인 만큼 온라인으로 레시피를 검색해 보시는 분들도 많이 계실 텐데요 제가 개인적으로 좋아하는 요리이기도 해서 조리 방법을 이리저리 변경해가며 소개해 드리고 있어서 그동안 제법 다양한 레시피들을 소개해 드렸답니다.
​
​
​
​
요리용 재료들을 손질하는 기본적인 내용은 물론이고 요리의 핵심이라고 할 수 있는 양념장을 만드는 방법 및 알아두면 유용한 요리 팁까지 빠짐없이 설명드렸으니 소불고기 레시피가 필요하신 분들께서는 이번 콘텐츠의 내용들을 참고하셔서 조리해 보시기 바랍니다.
​
​
​
​
​
준비할 재료들
불고기용 소고기 300g
표고버섯 60g
양파 90g
대파 35g
당근 15g
​
양념장 재료
후춧가루 약간
배 음료 150ml
다진 마늘 3/4T
참기름 1.5T
소금 1/5t
진간장 5T
물엿 1.6T
​
계량단위
1T = 밥숟가락 1스푼
1t"
41830,노각무침 만드는법 늙은 오이무침 레시피 여름반찬,naver(주제별보기),https://blog.naver.com/nkh9475/223901960134,Y,"고추,고추장,늙은오이,다진마늘,마늘,매실,매실청,설탕,소금,식초,참기름,파","고추장,늙은오이,다진마늘,매실청,설탕,소금,식초,참기름,참깨,파",참깨,"고추,마늘,매실","노각, 대파, 소금, 설탕, 식초, 다진 마늘, 매실청, 고추장, 참기름, 참깨",,,"노각무침 만드는법
늙은 오이무침 레시피
오이 노각무침 만드는법
오이 노각무침 레시피
노각무침 레시피
여름반찬 만들기
요즘 날씨가 더워져서 입맛이 별로 없더라고요
매콤 새콤한 여름반찬 뭐가 좋을까 고민하다가
마트 갔다가 눈에 띈 노각을 사 왔답니다
노각은 늙은 오이인데요
​
일반 오이와는 또 따른 식감인데 생각보다
맛있어서 무더운 여름반찬으로 만들어 놓으면
색다르게 즐길 수가 있어요
​
껍질을 벗겨서 썰어 놓으면 꼭 참외 같기도
하고요 무쳐 놓으면 수박 겉껍질 같은
맛이 나기도 한답니다
​
​
이반 오이와는 다른 늙은오이무침은
시큼하고 흐물거리는 씨가 잔뜩이라 깨끗하게
제거하고 소금 설탕에 절여서 무치면
정말 맛있는데요 매년 저는 새콤달콤한
양념으로 무치고 있는데 그때마다 가족
모두 맛있게 잘 먹어서 좋더라고요
​
간단한 노각 손질법만 기억하시면
어렵지 않게 만들어 드실 수 있으니
장 보러 갔다가 누렇고 기다란 늙은오리
보시면 꼭 하나 사 오셔서 만들어 보세요
​
여름 반찬으로 그만이"
41834,새콤달콤 오이무침 레시피 오이 양파 무침 황금레시피,naver(주제별보기),https://blog.naver.com/pyoun0181/223901947713,Y,"간장,고추,고춧가루,다진마늘,마늘,매실,매실청,빨간고추,설탕,소금,식초,양파,오이,참깨,청양고추","간장,고춧가루,다진마늘,매실청,빨간고추,설탕,소금,식초,양파,오이,올리고당,참기름,참깨,청양고추","올리고당,참기름","고추,마늘,매실","오이, 양파, 청양고추, 홍고추, 다진 마늘, 고춧가루, 양조간장, 매실청, 올리고당, 통깨, 설탕, 소금, 식초, 참기름",,,"​
​
글, 사진, 요리, by_ @ 배화
​
오이무침 레시피
새콤달콤 오이무침 레시피
오이무침 황금레ㅣ시피
새콤달콤오이무침
오이양파무침
양파오이무침
오이무침양념
​
​
오이가 맛있는 계절이고 가격도 착해 매일 반찬이나 샐러드 또는 생오이를 툭 분질러 간식 대신 먹기도 하는데 체질적으로 잘 맞아 더 좋은 것 같더라고요.
​
​
​
여름 반찬으로 가장 만만하게 만드는 새콤달콤 오이무침 레시피
이번에는 설탕 소금, 식초에 살짝 절여 수분을 제거하고 햇 양파를 넣어 오이양파무침 맛있게 만들기 좋도록 소개해 봅니다.
​
​
*재료
오이 1개,
양파 100g,
(1/2개),
청양고추 1개,
홍고추 1/2개,
* 양념
다진 마늘 0,5,
고춧가루 1,
양조(진) 간장 1
, 매실청 1,
올리고 당 0,5
통깨
(각각 큰술 씩 )
​
*절임 재료
설탕 0,5, 소금 0,5,
식초 1, ( 큰술 씩)
​
계량 기준
1 컵 (C)=200ml
1 큰술 (T)=15m
밥숟가락 사용 시 듬뿍
​
1 오이"
41837,안동 찜닭 레시피 소스 만들기 간장찜닭 간장 닭볶음탕 황금레시피,naver(주제별보기),https://blog.naver.com/limeshampoo/223901851542,Y,"간장,감자,고구마,고추,다리,달걀,닭다리살,당근,당면,바나나,빨간고추,사과,사리면,살코기,양파,정육,찜닭소스,파","간장,감자,고구마,노추,다진마늘,당근,당면,떡,맛술,빨간고추,생강가루,설탕,소주,양파,참기름,참깨,청양고추,파,후추","노추,다진마늘,떡,맛술,생강가루,설탕,소주,참기름,참깨,청양고추,후추","고추,다리,달걀,닭다리살,바나나,사과,사리면,살코기,정육,찜닭소스","닭다리살 정육, 당근, 감자, 양파, 대파, 홍고추, 청양고추, 당면, 떡, 물, 통깨, 간장, 노두유, 미림, 물엿, 다진마늘, 생강가루, 후추, 참기름, 고구마, 분모자, 설탕, 소주","닭다리살 정육, 물, 물엿, 분모자",,"안동 찜닭레시피 소스만들기 간장 찜닭만들기 찜닭소스 만들기 간장닭볶음탕 레시피 간장 닭볶음탕황금레시피 안동찜닭 황금레시피
요즘 외식물가 정말 비싸죠? 주말을 제외하곤 거의 집밥을 먹고 있답니다. 아침은 꼬맹이도 주로 간단하게 계란에 사과, 바나나 등을 먹고 나가기 때문에 밥 다운 상차림은 평일 저녁만 있어요. 남편은 저녁에 자주 늦다보니 둘이 먹는 경우가 많은데요, 아이와 먹다보면 매운 음식은 아무래도 덜하게 되더라고요.
​
이건 지난번에 닭 왕창 세일해서 네팩인가 구입했을 때 만들어 먹은 메뉴랍니다. 그때 살코기 위주인지 모르고 샀던 그 닭이죠 ㅋㅋ 너무 싸면 의심했어야 했는데 ㅋㅋ 다리와 날개가 없는 팩은 슬프더라고요ㅠ.ㅠㅋㅋ
​
그래도 집에 있던 감자, 당근, 당면 넣어 푸짐하게 만들어 내니 맛이 괜찮더라고요. 다음에는 꼬맹이 좋아하게 다리와 날개로만 만들어 줄까봐요 ㅎㅎ 꼬맹이의 사랑 당면 듬뿍 넣고 분모자까지 넣어주니 역시나 골라먹더라고요. 닭이 살코기 위주라 조금 퍽퍽한 "
41840,양배추 찌는법과 강된장 만드는법 쌈장 레시피,naver(주제별보기),https://blog.naver.com/be2141st/223901847009,Y,"강된장,고추,고추장,다진마늘,된장,마늘,버섯,새송이버섯,설탕,송이버섯,식용유,양파,청양고추,호박","고추장,다진마늘,된장,새송이버섯,설탕,식용유,양배추,양파,청양고추,호박",양배추,"강된장,고추,마늘,버섯,송이버섯","양배추, 양파, 호박, 청양고추, 새송이버섯, 식용유, 쌀뜨물, 된장, 고추장, 다진 마늘, 설탕",쌀뜨물,,"​
​
마트 야채 코너에서 유난히 싱그러운 빛을 띠고 있는 양배추 한 통을 발견했어요.
​
겉잎은 단단하고 알차게 말려 있는데, 속은 얼마나 부드럽고 달콤할까 상상만으로도 기분 좋아져서 오늘 메뉴는 양배추찜이다 싶었답니다.
​
단출하고 소박한 밥상이지만 손이 자꾸만 사는 밥상,
냉장고에 있는 채소도 정리할 겸
강된장
을 만들기로 했어요.
​
고기나 화려한 반찬은 없어도, 부드럽게 쪄낸 양배추에 짭조름하고 구수한 쌈장을 얹어 한입 가득 넣으면, 그 순간만큼은 하루의 피로가 스르르 녹아내리는 듯한 기분이 듭니다.
​
오늘은 소박한 밥상 이야기해 볼게요.
🍲 강된장 만드는법
요리 재료
*양파 1/4개
*호박 1/2개
*청양고추 2개
*새송이버섯 1개
*식용유 2 T
*쌀뜨물 반 컵
*된장 2 T
*고추장 1/2 T
*다진 마늘 1 T
*설탕 1/3 T
(1T=밥숟가락)
​
1. 찌는법
​
단단하고 실해 보이는 게 안 살 수가 없더라고요^^ 가격도 저렴하고요.
​
​
​
8등분 하여 흐르는"
41842,시금치무침 레시피 시금치나물 무침 시금치 요리 데치기 시간,naver(주제별보기),https://blog.naver.com/baby0817/223901838748,Y,"다진마늘,된장,마늘,매실,매실청,시금치,참기름,참깨,파","간장,다진마늘,매실청,시금치,액젓,참기름,참깨","간장,액젓","된장,마늘,매실,파","시금치, 시판 재래식 된장, 다진 마늘, 매실청, 참기름, 통깨, 다진 파, 참치액, 국간장","시판 재래식 된장, 다진 파",,"시금치무침
레시피
시금치나물 레시피
시금치 데치기 시간
시금치요리
​
​
​
셋째 솜이 반찬으로 딱 좋은 나물로는 시금치무침 레시피 만한 게 없어서 해두는 편인데요. 오랜만에 일반 양념이 아닌 된장을 넣어서 조물조물 무쳤습니다.
​
제철은 아니지만 맛도 좋고 달큰하니 시원해서 시금치나물 레시피 준비를 하는데 어린 아이들도 잘 먹기 때문에 자주 해준답니다. 가위로 잘라서 밥 위에 올려주면 잘 먹거든요.
​
이런 시금치나물무침 반찬과 함께 몇 가지 준비를 해두게 되면 한끼 차려내기에도 더 쉽기도 하거든요. 된장으로 무쳤기 때문에 담백하면서 간을 맞추기도 쉬워요.
​
된장은 시판 재래식 된장으로 사용을 했기 때문에 냄새도 안나도 맛있는 시금치무침 레시피 완성된다죠.
​
시금치요리 메뉴들이 많지만 역시 나물무침을 가장 처음으로 해먹게 되기도 하고요. 프리타타, 볶음, 국, 샐러드 등 다양한 요리로 완성을 하는 편이에요.
​
시금치 데치기 시간 부분은 어렵지 않고 한번 알아두면 또 평생 써먹"
41848,돼지고기 김치찌개 레시피 끓이는법,naver(주제별보기),https://blog.naver.com/jin5194/223901828718,Y,"김치,다진마늘,돼지고기,마늘,양파,육수,파","간장,고춧가루,굴소스,다진마늘,돼지고기,두부,들기름,맛술,설탕,식용유,액젓,양파,청양고추,파,후추","간장,고춧가루,굴소스,두부,들기름,맛술,설탕,식용유,액젓,청양고추,후추","김치,마늘,육수","신 김치, 돼지고기, 대파, 양파, 다진 마늘, 청양고추, 두부, 물, 고춧가루, 후춧가루, 참치 액, 들기름, 굴소스, 식용유, 설탕, 맛술, 진간장","신 김치, 물",,"김치찌개레시피 김치찌개끓이는법 돼지고기 김치찌개 돼지고기김치찌개레시피
​
​
돼지고기, 김치, 향신 채소에 양념을 첨가하여 볶다가 육수 또는 물을 부어서 끓이는 방식으로 조리하는 김치찌개는 간단한 조리 과정에 비해 국물 맛이 뛰어난 요리라서 마땅한 반찬거리가 없을 때 한 번씩 조리하기 좋은 메뉴인데요 그동안 김치찌개 레시피를 자주 소개해 드리지 못했던 것 같아서 오늘은 오랜만에 심플하게 완성할 수 있는 돼지고기 김치찌개 레시피에 관한 이야기를 해볼까 합니다.
​
​
​
​
이번 포스팅을 통하여 돼지고기 김치찌개를 맛있게 완성할 수 있는 포인트들을 잘 정리해서 설명드렸으니 쓸만한 돼지고기 김치찌개 레시피를 찾고 계셨던 분들께서는 제가 알려드린 내용들을 참고하셔서 맛있게 조리해 보시기 바랍니다.
​
​
​
​
​
준비할 재료들
신 김치 300g
돼지고기 200g
대파 2/3대 (80g)
양파 1/3개 (70g)
다진 마늘 2/3T
청양고추 1개
두부 150g
물 600ml
​
양념 재료"
41861,오이무침 만드는법 다이어트 오이샐러드 소스 요리 레시피 그릭요거트 먹는법,naver(주제별보기),https://blog.naver.com/wtiger5v/223901476027,Y,"그릭요거트,깻가루,레몬,소금,알룰로스,오이,요거트,참깨","그릭요거트,레몬,소금,알룰로스,오이,참깨,파프리카",파프리카,"깻가루,요거트","오이, 소금, 통깨, 레몬즙, 알룰로스, 그릭요거트, 파프리카",,,"​
​
​
​
수분과 비타민 C, 칼륨이 풍부하고
시원한 맛이 특징이라
여름에 오이요리 많이 만들어
드실 거예요.
​
평소에 고춧가루와 식초, 설탕 넣고
매콤 새콤달콤한
오이무침 만드는법으로 드실 텐데요.
오늘은 고춧가루, 간장을
사용하지 않고 오독오독한 식감을
최대한 살린 오이무침 레시피로
만들어 봤습니다.
​
​
​
​
​
​
알룰로스, 레몬즙에 요거트 넣어
그릭요거트 소스 만들어
뿌려주는 건데요.
​
지중해식 식단으로도 활용하는
다이어트 오이샐러드입니다.
​
오독한 식감이
건강한 느낌을 주는 드레싱과
잘 어울려 부담 없이 먹을 수 있어요.
​
​
​
​
​
​
오이를 활용한
지중해식 그릭요거트 샐러드
레시피라고 보면 되는데요.
​
반찬으로 먹어도 좋고
다이어트 오이요리와 같이
이것만 드셔도 좋아요.
​
만드는 과정과 재료가 단순해
간단하게 만들 수 있는
오이무침 만드는법이니
함께 만들어볼게요.
​
​
​
재료
​
오이 2개
소금 1ts (절일 때)
통깨 2T (깻가루)
레몬즙 "
41864,쉬라즈샐러드 만들기 오이 토마토 지중해식 샐러드 식단 레시피,naver(주제별보기),https://blog.naver.com/sunwly/223901443654,Y,"양파,오이,올리브,치즈,토마토,페타치즈,허브","렌즈콩,바질,병아리콩,소금,오이,올리브유,토마토,후추","렌즈콩,바질,병아리콩,소금,올리브유,후추","양파,올리브,치즈,페타치즈,허브","오이, 방울토마토, 적양파, 그린올리브, 블랙올리브, 바질, 화이트발사믹식초, 올리브오일, 소금, 후추, 렌틸콩, 병아리콩","적양파, 그린올리브, 블랙올리브, 화이트발사믹식초",,"​
​
쉬라즈샐러드 만들기
오이 토마토 샐러드
지중해식 샐러드 식단
샐러드 레시피
​
제철 야채가 풍성한 요즘 즐겨 먹고 있는 샐러드
간단하고 맛있게 쉬라즈 샐러드 만들었답니다
이름은 생소하지만 예전부터 먹고 있었던 샐러드이기도 한데요
인스타에서도 인기 있는 메뉴이면서
쉬라즈 샐러드는 이란의 도시 이름으로
더운 날씨에 가볍게 먹기 좋은 다이어트 건강식,
지중해식 샐러드 식단이에요
새콤달콤한 토마토와 신선하고 아삭한 오이,
달큼한 맛이 좋은 적양파, 고소하고 짭짤한 올리브,
허브까지 재료를 골고루 넣어 먹으면 좋고요
짭조름한 페타치즈가 없어서
그린 올리브를 대신했더니
짭짤하고 고소한 맛이 아주 괜찮았답니다
​
​
​
쉬라즈샐러드 만들기 오이 토마토 지중해식 샐러드 식단 레시피
​
오이 1개
방울토마토 10개 정도
적양파 1/4개
그린올리브
블랙올리브
바질 약간
​
화이트발사믹식초 3큰술
올리브오일 2큰술
소금, 후추 약간씩
​
​
​
오이와 양파, 방울토마토, 두 가지 올리브와
바질을"
41866,간장 마늘장아찌 담그는법 통마늘 장아찌 만들기,naver(주제별보기),https://blog.naver.com/wookyungmom/223901403926,Y,"간장,마늘,설탕,소주,식초","간장,마늘,설탕,소금,소주,식초,양파","소금,양파",,"통마늘, 양조식초, 소주, 설탕, 양조간장, 천일염, 물, 양파",물,,"​
간장 마늘장아찌 담그는법 통마늘 장아찌 만들기
​
통마늘 장아찌를 워낙 좋아해서 햇마늘이 보이기 시작하면 담아두는데요
작년엔 바쁘다는 핑계로 안 담갔더니 올해 조금 아쉽네요
햇마늘이 보여 한망 구입해 간장 마늘장아찌 담갔어요
​
​
​
​
햇마늘은 껍질이 마르지 않아 보라색의 띄며 매운맛이 덜해요
요맘때 담가두면 든든한 1년 반찬이랍니다
깐마늘로 만드는 것보다 저장성이 좋은 통마늘장아찌 만들기 !
​
​
​
​
햇마늘 장아찌용을 잘 손질해서 수분을 제거하고
양조식초에 재웠다 아린 맛을 제거한 다음
간장소스를 부르르 끓여서 부어서 통마늘장아찌 담그는법 해두면 숙성될수록 맛이 좋은 간장 마늘장아찌 담그는법 이에요~
​
​
​
재료 안내
재    료
​
장아찌용 통마늘 50개~
​
1차 절임 재료
​
양조식초 1.8L
​
소주 1컵(용기 소독용)
​
​
마늘장아찌 간장 소스
​
절임 식초 700ml
설탕 700ml
양조간장 300ml
천일염 70g
물 1.5L
​
​
​
1. 손질하기"
41870,부추 오이김치 만드는 법 오이김치 황금 레시피 만들기,naver(주제별보기),https://blog.naver.com/lafleur7/223901392157,Y,"고춧가루,다진마늘,마늘,매실,매실청,멸치,무,새우,새우젓,설탕,소금,액젓,양파,오이","고춧가루,다진마늘,매실청,무,베이킹소다,부추,새우젓,설탕,소금,액젓,양파,오이","베이킹소다,부추","마늘,매실,멸치,새우","오이, 양파, 무, 물, 굵은소금, 고춧가루, 멸치 액젓, 새우젓, 매실청, 설탕, 다진 마늘, 베이킹소다, 부추",물,,"​
​
@
부추 오이김치만드는법
오이부추김치
부추오이김치
오이김치 황금레시피
오이김치 레시피
오이김치 만들기
​
© 글, 사진 / 윤스
​
​
​
오이 넉넉히 구입해서
오이반찬 열심히 만들고 있는데요.
여름 제철 채소이다 보니
가격도 착해서 눈길이 자주 가더라고요.
아삭아삭 식감 좋은 오이에
향긋한 부추 넣고
버무려 만든
오이부추김치 레시피 소개해 볼게요.
​
​
​
​
​
​
​
오이 칼집 넣어 절인 후 소박이로 만들 때는
양념을 버무려 속을 채워주는데요.
오늘은 쭉쭉 잘라서 절인 후
부추, 양파, 무채도 넣어서
양념이랑 버무려줄 거랍니다.
집어먹기 편하고 맛도 좋은
간단 김치예요.
무 넣어서 시원한 맛도 좋고요.
오이김치 만드는 법 시작해 보아요!
​
​
​
​
재료 :
​
오이 5개,
양파 소 1/2개,
무 100g.
​
절임물 :
물 500ml,
굵은소금 50g.
​
양념 :
고춧가루 6숟가락,
멸치 액젓 6숟가락,
새우젓 1숟가락,
매실청 3숟가락,
설탕 1숟가락,
다진 마"
41883,토마토 계란볶음 레시피 토달볶 토달볶음,naver(주제별보기),https://blog.naver.com/jin5194/223899854146,Y,"간장,굴소스,달걀,소금,올리브,올리브유,치킨스톡,토마토,파,후추","달걀,올리브유,치킨스톡,토마토,파,파슬리가루,후추",파슬리가루,"간장,굴소스,소금,올리브","방울토마토, 토마토, 대파, 계란, 올리브오일, 후춧가루, 치킨스톡, 파슬리 가루",,,"토달볶 레시피 토달볶음 토마토계란볶음 레시피
​
​
토마토는 글루탐산 함량이 높아서 감칠맛이 진하고 적당한 산미를 내는 식재료라서 다양한 요리의 부재료나 메인 재료로 활용할 수 있는데요 여러 종류의 토마토 요리 중에서 오늘은 다이어트 건강식으로 인기도가 높은 토마토 계란 볶음 요리에 관한 이야기를 해볼까 합니다.
​
​
​
​
올리브오일로 토달볶 재료들을 볶으면 토마토의 지용성 영양성분 흡수를 도울 수 있고 풍미까지 더해줄 수 있어서 저는 주로 엑스트라 버진 올리브오일을 활용하여 조리하는 편인데요 이번에는 올리브오일을 활용하는 것은 물론이고 굴소스, 진간장, 맛소금 등의 양념 재료 대신 치킨스톡을 첨가하여 감칠맛과 풍미를 더해봤답니다.
​
​
​
​
​
준비할 재료들
방울토마토 5개 (120g)
대파 흰대 부분 1.5T
계란(특란) 2개
올리브오일 2T
후춧가루 약간
치킨스톡 1/2t
​
계량단위
1T = 밥숟가락 1스푼
1t = 밥숟가락 1/3스푼
​
​
​
​
1. 요리용 재료 "
41892,리틀포레스트에 나온 양배추 샌드위치 레시피 식감 끝내주는 에그마요 샌드위치 만들기,naver(주제별보기),https://blog.naver.com/kyoungmik/223899772608,Y,"달걀,마요네즈,배추,설탕,소금,식빵,식초,양배추,후추","달걀,마요네즈,설탕,소금,식빵,식초,양배추,후추",,배추,"식빵, 달걀, 양배추, 마요네즈, 허니머스터드, 설탕, 소금, 후추, 식초",허니머스터드,,"리틀포레스트에 나온 양배추 샌드위치 레시피 식감 끝내주는 에그마요 샌드위치 만들기
​
​
힐링이 필요할 때 즐겨보는 리틀포레스트
저는 원작보다 우리나라 리메이크 작을 더 좋아해요^^
김태리님 ~ 연기가 좋아서^^
​
​
오랜만에 보다가 먹고 싶어진 양배추에그샌드위치
에그마요 샌드위치 만들기에 아삭한 양배추를 더해 만드는 건데요
와 ... 진작 만들어 먹을걸! 부드러움 속에 느껴지는 아삭함
지루하지 않고 너무 맛있게 먹을 수 있더라고요
영화에 나왔던 레시피와는 조금 다르게 양념을 제 입맛에 맞게 좀더 추가해서 만들어 봤어요
​
​
리틀포레스트 양배추샌드위치만들기 식감 좋은 에그마요 샌드위치 레시피 함께 해볼까요?
양배추에그샌드위치 만들기
​
식빵 2개, 달걀 3개, 양배추 90g, 마요네즈 2, 허니머스터드 1, 설탕 1티스푼, 소금 한 꼬집, 후추
삶을 때) 식초 1티스푼, 소금 1티스푼
​
(숟가락 계량)
​
에그마요 샌드위치 만들기 위해 달걀부터 삶아줄게요
실온에 꺼내두어 찬기를"
41895,토마토 마리네이드 바질 방울토마토 샐러드 만들기,naver(주제별보기),https://blog.naver.com/howmany70/223899752342,Y,"바질,소라,양파,토마토","레몬,소금,식초,올리브유,토마토,후추","레몬,소금,식초,올리브유,후추","바질,소라,양파","방울토마토, 토마토, 다진 양파, 올리브오일, 소금, 후춧가루, 레몬즙, 와인식초, 바질 잎, 화이트와인 식초, 발사믹 식초","다진 양파, 와인식초, 바질 잎, 화이트와인 식초",,"​
토마토 마리네이드
바질 방울토마토 샐러드 만들기
방울토마토 요리
다이어트 레시피
주말에 편안하게 집에서 쉬고 계신 분들도 있으시죠?
저도 더워서 낮에는 절대 안 나가겠다고 다짐하고, 자외선 무서워서 커튼도 치고 선풍기 켜고 가끔 에어컨도 틀었다 껐다 하면서 시원하게 집콕 하고 있는데요.
티브이 보면 먹방들이 많아서 맛있겠다 맛있겠다 그러면서 보고 있는데요.
혼자 먹자고 다양한 음식 만들기도 뭐하고 혼자 먹을 수 있는 음식 생각하다가 얼마 전부터 먹고 싶었던 토마토 마리네이드 만들어서 차게 냉장고에 넣었다가 먹었는데요.
개인적으로 토마토도 좋아하고 새콤한 맛도 좋아하는데요.
토마토는 다이어트에도 좋은 채소라 많이 먹어도 좋고, 자체의 영양도 많아서 꼭 챙겨 먹어야 할 식품입니다.
​
큰 토마토를 조각으로 썰어서 만들어도 되고, 저처럼 방울토마토 반으로 갈라서 만들어도 되는데요.
요즘은 하우스 재배를 잘해서 한겨울에도 토마토를 만날 수 있는데요.
그래도 여름 토마토가 제철이니 토마토"
41898,오이피클 만들기 만드는 법 오이피클 레시피,naver(주제별보기),https://blog.naver.com/jin5194/223899728269,Y,"단촛물,설탕,소금,식초,오이,파프리카,피자,향신료","무,설탕,소금,양배추,오이,월계수,피클링스파이스,후추","무,양배추,월계수,피클링스파이스,후추","단촛물,식초,파프리카,피자,향신료","적색 파프리카, 황색 파프리카, 다다기오이, 물, 피클링스파이스, 2배 식초, 월계수잎, 설탕, 소금, 무, 적양배추, 통후추","적색 파프리카, 황색 파프리카, 물, 2배 식초",,"오이피클만드는법 오이피클만들기 오이피클 레시피 피클 만들기
​
​
식초, 설탕, 소금, 향신료 등을 끓여 낸 배합초에 다양한 야채들을 절이는 방식으로 조리하는 피클은 새콤달콤한 맛과 아삭한 식감을 동시에 내는 것이 특징이라서 피자나 크림 파스타처럼 느끼한 맛이 나는 음식에 곁들여 먹는 용도로 활용할 수 있고 각종 요리의 사이드 메뉴로도 잘 어울려서 평소 자주 조리하지만 블로그를 통해서는 한동안 조리 방법을 소개해 드리지 않았던 같아서 오랜만에 레시피를 소개해 드려볼까 합니다.
​
​
​
​
이번 포스팅을 통하여 요리용 재료들을 손질하는 기본적인 내용은 물론이고 피클에 잘 어울리는 배합초 황금 레시피 및 알아두면 유용한 요리 팁까지 함께 설명드렸으니 피클을 처음 만들어보시는 분이나 배합초 레시피가 필요하셨던 분들께서는 본문 내용들을 꼼꼼하게 읽어 보신 후 포인트가 될 만한 사항들을 챙겨가시기 바랍니다.
​
​
​
​
​
준비할 재료들
적색 파프리카 1/4개
황색 파프리카 1/4개
다다"
41901,도토리묵무침 만드는법 도토리묵무침 칼로리 양념장 레시피 데치기,naver(주제별보기),https://blog.naver.com/aza1104/223899705374,Y,"간장,고춧가루,다진마늘,당근,도토리,도토리묵,마늘,맛술,상추,설탕,알룰로스,양파,참기름","간장,고춧가루,다진마늘,당근,도토리묵,맛술,부추,상추,설탕,쑥갓,알룰로스,양파,오이,참기름,참나물,치커리","부추,쑥갓,오이,참나물,치커리","도토리,마늘","도토리묵, 상추, 당근, 양파, 진간장, 맛술, 알룰로스, 설탕, 다진 마늘, 고춧가루, 참기름, 볶음깨, 치커리, 참나물, 오이, 부추, 쑥갓",볶음깨,,"도토리묵무침 만드는법 도토리묵무침 칼로리 양념장 레시피 데치기
​
푸드 인플루언서 쿡쿡이입니다.
​
간단하게 만들어서 먹을 수 있는
도토리묵무침 만드는법 레시피
준비했어요.
​
밥반찬으로도 좋고
막걸리 안주하기에도 딱인
도토리묵무침 레시피
어렵지 않아서
누구나 쉽게 만들 수 있는데요.
​
탱글탱글한 도토리묵이랑
아삭아삭 신선한 야채들에
맛있는 도토리묵 양념장 더해서
무쳐내면
정말 맛있게 먹을 수 있어요.
​
​
도토리묵무침 칼로리도 낮아서
부담 없이 즐기기 좋은데요.
​
​
도토리묵 칼로리는 100g에 40kcal로
300g 한 팩은 120kcal이고요.
​
상추, 양파, 당근 등 야채는 약 15~20칼로리
​
양념장은 150kal 정도라서
도토리묵무침 모두를 먹어도
285~290칼로리에요.
​
도토리묵무침 양념장의
설탕과 참기름 양을 조절해 주면
보다 낮은 칼로리로
즐길 수 있어요.
​
​
도토리묵 데치기부터
도토리묵 양념장 만들기까지 해서
도토리묵무침 만드는법
지금부터 보여드릴게"
41905,가지볶음 레시피 가지볶음 황금레시피,naver(주제별보기),https://blog.naver.com/jin5194/223899682129,Y,"가지,굴소스,다진마늘,마늘,양파,파,파프리카","가지,간장,고춧가루,굴소스,다진마늘,설탕,식용유,양파,참기름,참깨,청양고추,파","간장,고춧가루,설탕,식용유,참기름,참깨,청양고추","마늘,파프리카","가지, 적색 파프리카, 대파, 양파, 다진 마늘, 청양고추, 식용유, 통깨, 고춧가루, 참기름, 굴소스, 진간장, 설탕, 양조간장",적색 파프리카,,"가지볶음 황금레시피 가지볶음레시피
​
​
가지볶음은 만들기 위해 준비해야 할 재료의 가짓수가 많지 않고 다양한 방식으로 조리할 수 있는 메뉴라서 가볍게 조리하여 밥반찬으로 활용하기 좋은 메뉴인데요 가지볶음 요리 중에서 메인 재료인 가지를 튀겨낸 다음 소스와 함께 볶아내는 어향 가지볶음은 조리 방법이 조금 번거롭기도 하고 그동안 여러 차례 소개해 드렸기 때문에 오늘은 대중적인 가지볶음 요리를 소개해 드려볼까 합니다.
​
​
​
​
이번 포스팅을 통하여 굴소스를 메인 양념으로 활용하여 풍미가 뛰어난 가지볶음 레시피를 소개해 드렸으니 가지 요리의 맛이 2% 부족하셨던 분들께서는 제가 알려드린 조리 방법을 참고하셔서 맛있는 가지볶음 요리를 완성해 보시기 바랍니다.
​
​
​
​
​
준비할 재료들
가지 300g (손질 전)
적색 파프리카 20g
작게 자른 대파 1T
양파 50g (1/4개)
다진 마늘 1T
청양고추 1개
식용유 2.5T
통깨 2/3T
​
양념 재료
고춧가루 1/2T
참기름 2"
41912,라이스페이퍼 김밥 라이스페이퍼 잘 마는 꿀팁 라이스페이퍼김밥 소스,naver(주제별보기),https://blog.naver.com/yusu78/223899063782,Y,"김밥김,닭가슴살,라이스페이퍼,마요네즈,상추,설탕,오이,파프리카,황다랑어","닭가슴살,라이스페이퍼,레몬,마요네즈,상추,알룰로스,엑스트라버진,연어,오이,황다랑어","레몬,알룰로스,엑스트라버진,연어","김밥김,설탕,파프리카","잠봉뵈르, 참치, 닭가슴살, 라이스페이퍼, 구운 김밥김, 오이, 상추, 홍파프리카, 노랑파프리카, 땅콩버터, 마요네즈, 레몬즙, 알룰로스, 깨, 물, 올리브유, 연어, 구운 연어, 잠봉","잠봉뵈르, 구운 김밥김, 홍파프리카, 노랑파프리카, 땅콩버터, 깨, 물, 구운 연어, 잠봉",,"라이스페이퍼 김밥 소스
요즘 아주 핫한 라이스페이퍼 김밥입니다. 밥은 넣지 않고 라이스페이퍼를 활용한 김밥으로 스프링롤과 김밥의 장점을 합친 김밥이라고 생각하시면 됩니다.
​
가장 좋은 건 불을 쓰지 않고 만들 수 있고, 채소를 다양하게 활용할 수 있다는 점. 스프링롤을 싸 놓으면 잘 터질 수 있는데, 이를 막을 수 있다는 것도 좋습니다.
​
특히, 저탄수 식이를 하는 분들께 좋은 음식. 칼로리를 따지지 않고 저탄수식이를 하시는 분들은 소스의 양을 조절하시는 게 좋습니다. 설탕을 넣지는 않았지만, 마요네즈를 넣으니 약간의 설탕이 들어가는 셈입니다.
​
라이스페이퍼 역시도 탄수화물이니 저탄수식이이지만, 탄수화물이 들어가 있다는 건
인지하시기 바랍니다.
​
준비재료
냉창고에 있는 채소를 활용하세요.
저는 잠봉뵈르를 넣었는데요. 가공육을 드시지 않는 분들은 참치나 닭가슴살을 넣으시면 됩니다.
✔️라이스페이퍼 김밥 4줄분량(꼬마김밥 크기)
라이스페이퍼 4장
구운 김밥김 1장(꼭 구운 김밥김"
41921,양파고추장아찌 담그는법 고추양파장아찌 만들기 양파장아찌 레시피,naver(주제별보기),https://blog.naver.com/howmany70/223898170989,Y,"간장,고추,고추장,설탕,양파,양파장,청양고추","간장,고추,식초",식초,"고추장,설탕,양파,양파장,청양고추","햇양파, 고추, 양조간장, 식초, 미향, 진간장, 양조식초, 사과식초, 배식초, 감식초","햇양파, 미향, 배식초, 감식초",,"​
양파고추장아찌 담그는법
고추양파장아찌 만들기
양파장아찌 레시피
햇양파가 나올 때라 연하니 맛있어서 벌써 양파장아찌 두 차례나 담갔는데요.
조금씩 자주 만들어도 되니 요즘은 장아찌도 대량으로 만들지는 않는데요.
아들이 햇양파로 만들어서 맛있다고 해서 두 번째 갖다주고요.
이번엔 매콤하게 청양고추도 넣어서 양파고추장아찌 담그는법 알아볼 건데요.
간장소스 비율만 지키면 하우매니 장아찌 양념은 끓이지도 않고 설탕도 넣지 않고 너무 쉽습니다.
​
매콤한 고추와 함께 양파장아찌를 담그면 골라 먹는 맛도 있고, 고추도 양파도 연할 때라 지금 담그면 맛있게 드실 수 있는데요.
고기 먹을 때나 느끼한 음식 먹을 때 함께 먹으면 좋은 장아찌입니다.
​
만드는 법도 쉬워서 대량으로 많이 담그지 않아도 조금씩 담가 놓고 드셔도 좋은데요.
요즘은 대가족이 아니라서 장아찌 종류도 많이 담가 놓으면 잘 안 먹어서 해 넘기면 버린다는 분들도 계시는데요.
장아찌 간장 비율만 지켜서 초간단으로 만드는 양파고추장"
41924,참치마요주먹밥 만들기 참치주먹밥 레시피,naver(주제별보기),https://blog.naver.com/jin5194/223898028922,Y,"단무지,달걀,마요네즈,소금,양파,올리고당,참치마요,황다랑어,후추","깻잎,달걀,마요네즈,묵은지,소금,식초,올리고당,조미김,참깨,황다랑어,후추","깻잎,묵은지,식초,조미김,참깨","단무지,양파,참치마요","김밥 단무지, 계란, 크래미, 조미김, 참치, 다진 양파, 깻잎, 밥, 후춧가루, 마요네즈, 올리고당, 맛소금, 통깨, 묵은지, 식초","김밥 단무지, 크래미, 다진 양파, 밥",,"참치주먹밥 만들기 참치마요주먹밥 만들기 참치주먹밥 레시피
​
​
기름과 조미액을 제거한 캔 참치와 마요네즈, 후춧가루, 올리고당, 맛소금, 다진 양파를 고슬고슬하게 지어진 밥과 혼합하면 간단하게 완성할 수 있는 참치마요 주먹밥은 심플한 조리 과정에 비해 제법 뛰어난 맛을 내는 덕분에 도시락 메뉴나 간단한 점심용 메뉴로 활용하기 좋은 음식인데요 제가 개인적으로 좋아하는 메뉴이기도 해서 요 근래 다양한 레시피들을 선보여 드리고 있답니다.
​
​
​
​
주먹밥을 만드는 전체적인 과정들은 물론이고 알아두면 유용한 요리 팁까지 자세하게 설명드렸으니 캔 참치로 주먹밥을 처음 만들어 보시는 분이나 색다른 레시피가 필요하신 분들께서는 본문 내용을 차근차근 읽어 보신 후 필요한 사항들을 잘 기억해 두셨다가 요리하실 때 참고해 보시기 바랍니다.
​
​
​
​
​
준비할 재료들
주먹밥 10개 분량
​
김밥 단무지 2줄
계란 (특란) 1개
크래미 2개
조미김 1봉지
참치 1캔 (85g)
다진 양파 2T
"
41927,매실 2025,naver(주제별보기),https://blog.naver.com/yoriteacher/223898026773,Y,"김치,매실,비정제설탕,설탕,소금,열무,원두","매실,비정제설탕,설탕,소금",,"김치,열무,원두","천일염, 매실, 설탕, 비정제설탕, 쑥갓꽃",쑥갓꽃,,"아주 아주,겁나 오랜만에
까까도 바로 근처의 별다방커피도 들고
아이스커피를 좋아하는 농사도사할멈네에
들렸어요.
냉면사발로 담아주는 매실을 받구요.
씻어서 건지고 위에 천일염을 한주먹,
열무김치 절이듯이 뿌리고 한나절을 보내세요.
그것을 다시 씻고 면보에 닦고
꼭지를 떼어냅니다.
매실작두.👍
매실 작두의 가장 안쪽에 넣어서 꾹,
아작,쪼개지는 소리와 매실의 향기가 훅,
톡 하고 손등으로 날아오는 매실즙.
좋습니다.
같은 무게의 설탕을,
또는 비정제설탕을
차곡차고 넣었어요.
하루가 지나고, 섞어주고,
매일 그러다가 1주일이 지나서
가라앉은 설탕이 다 녹으면 냉장입니다.
수고하셨습니다.
올해는 쑥갓꽃이 만발한 뒷배경을 두고
기념촬영을 했어요.
농사도사할멈이  준것은 쪼개지않고 그냥 넣었어요.
알채로 담그시는 분들은 다 익고나서
쪼글쪼글해진 매실은 어찌하시는지요.
매실의 과육과 씨앗에는 청산배당체라는
독이 있대요.
소금속에는 한달,술속에는 석달,
설탕속에는 일년이 지나면 없어진다네요.
양념"
41930,간단한 애호박전 레시피 성시경 감자 애호박전 만들기,naver(주제별보기),https://blog.naver.com/aza1104/223897889194,Y,"감자,고추,부침가루,소금,식용유,애호박,양파,전분,청양고추,호박","감자,부침가루,소금,식용유,애호박,양파,전분,청양고추",,"고추,호박","애호박, 양파, 감자, 청양고추, 소금, 부침가루, 전분, 식용유",,,"간단한 애호박전 레시피 성시경 감자 애호박전 만들기
​
푸드 인플루언서 쿡쿡이입니다.
​
오늘은 전국적으로 비 소식이 있어요.
​
비가 오는 날에는
전 부쳐 먹어야죠.
​
집에 있는 재료만으로
간단하게 부쳐먹기 좋은
성시경 감자 애호박전 레시피
가지고 왔는데요.
​
간단한 애호박전 레시피라서
누구나 쉽게 만들 수 있어요.
​
​
성시경 감자 애호박전 레시피의 특징은
물 없이 만드는 무수분이라는데 있는데요.
​
야채 자체의 수분만으로 요리해서
야채 자체의 맛이 더 살아 있어요.
​
반죽에 전분이 더해져서
바삭바삭 식감이 살아 있어서
바삭바삭 얼마나 맛있는지 몰라요.
​
​
​
냉장고 속 간단한 야채만으로 만드는
쉽고 간단한 애호박전 레시피
지금부터 시작할게요.
​
​
​
​
​
​
​
재료
애호박 1/3개
양파 1/4개
감자 작은 것 1개
청양고추 1~2개
소금 1~2꼬집
부침가루 2~3스푼
전분 1스푼
​
식용유 넉넉하게
*전 1장 부칠 수 있는 양입니다.
​
​
​
​
​
​
만드"
41940,애호박볶음 레시피 새우젓 애호박나물볶음 만드는 법,naver(주제별보기),https://blog.naver.com/bongs1021/223897091541,Y,"다시마,다진마늘,마늘,멸치,멸치다시마육수,새우,새우젓,소금,애호박,육수,참기름,참깨,호박","다진마늘,멸치다시마육수,새우젓,소금,애호박,참기름,참깨",,"다시마,마늘,멸치,새우,육수,호박","애호박, 멸치다시마육수, 참기름, 다진마늘, 새우젓, 소금, 통깨",,,"애호박볶음 레시피 새우젓
애호박볶음 새우젓 애호박나물볶음 레시피
애호박새우젓볶음 호박볶음 레시피
애호박볶음 만드는 법
애호박나물볶음 만드는 법
​
겨울에는 비싸더니 날이 더워졌다고 애호박 가격이 많이 내렸다.
이럴 때는 새우젓 애호박볶음 레시피 반찬으로 준비하면
한 끼 밥반찬으로도 좋고 비빔밥 나물로 활용할 수도 있어서 좋다.
국간장이나 액젓으로 간을 해도 되지만
애호박볶음 새우젓 넣고 볶으면
서로 궁합이 잘 맞아서
입안에서 살살 녹는 애호박나물볶음 레시피 만들 수 있다.
​
​
​
나는 촉촉한 새우젓 애호박볶음 만드는 법 위해서
육수를 약간 넣고 뚜껑을 닫아서 익힌다.
이렇게 하면 애호박새우젓볶음 볶을 때 많이 젓지 않아도 되어서
부서짐이 덜하고 훨씬 촉촉하다.
새우젓 호박볶음 레시피 맛이 순하고 달달해서
아이들 반찬이나 어르신들 반찬으로도 좋다.
​
​
​
재료
​
애호박 1개
​
멸치다시마육수 50ml
​
참기름 1스푼, 다진마늘 1스푼,
새우젓 건더기 1스푼, 소금 3~4꼬집"
41943,부추전 레시피 부침가루 오징어 부추전 바삭하게 만들기,naver(주제별보기),https://blog.naver.com/firehouse79/223897082247,Y,"고추,당근,부추,부침가루,식용유,액젓,오징어,청양고추,황다랑어","당근,부추,부침가루,식용유,액젓,오징어",,"고추,청양고추,황다랑어","부추, 오징어, 당근, 홍청양고추, 참치액, 부침가루, 물, 식용유","홍청양고추, 물",,"​
오징어부추전 레시피
부추전레시피 부침가루
부추전바삭하게 레시피
오징어 부추전 만들기
​
​
​
오늘은 아이 간식 겸 냉동실에서 쫄깃한 오징어 한마리 꺼내서 부추부침개 지글지글 부쳐서 준비했습니다. 비오는날 생각나는 메뉴라 이렇게 한번씩 만들어먹으면 별미가 따로 없습니다. 부추전 재료로 쫑쫑썬 부추와 오징어, 색감 더하는 당근과 매콤한 고추도 썰어 넣고 부침가루 사용해 반죽을 만들었습니다. 재료에 전분가루가 들어간 것을 사용해 부추전 부침가루 반죽 섞어서 오징어 부추전 바삭하게 만들기 완성했습니다.
​
​
​
​
​
​
​
​
​
​
​
해물 종류 중에서도 감칠맛과 식감이 좋은 오징어를 넣은 부추전만들기 하면 아이도 잘 먹고 적당한 비율로 부침가루 넣고 부침개 부쳐서 먹으면 밥반찬은 물론 간식, 술안주로도 잘 어울립니다. 반죽 만들어 굽기만하면 되는 간단한 부침개 레시피로 바삭한 전을 부치기 위해 뜨겁게 예열한 기름에 차가운 반죽을 둥글 납작하게 올려서 지글지글 부쳐주면 됩니다. "
41947,오이냉국 육수없이 맛있게 만드는 꿀팁 비율,naver(주제별보기),https://blog.naver.com/yusu78/223896757781,Y,"고추,다시마,다진마늘,마늘,멸치,빨간고추,설탕,소금,액젓,양파,오이,육수","간장,다진마늘,빨간고추,설탕,소금,식초,액젓,양파,오이,참깨","간장,식초,참깨","고추,다시마,마늘,멸치,육수","오이, 양파, 홍고추, 다진마늘, 꽃소금, 국간장, 멸치액젓, 설탕, 식초, 통깨, 물",물,,"오이냉국 냉국 비율
오이냉국은 어려서부터 참 익숙한 반찬이지만, 한번에 딱 맛있게 만들기가 쉽지 않죠. 먹다보면 간이 안 맞아서 소금 넣고 설탕 넣고 반복하신 기억이 있으실 겁니다.
​
이런 음식일수록 기준을 잡아놓고 정해놓으면 만들기가 수월해 집니다.
이런저런 육수를 많이 사용해 보았는데, 그나마
가장 잘 어울리는 건 냉침한 다시마육수
같아요. 이 또한 귀찮으니 생략한다면, 감칠맛은 뭘로 낼까요? 제 생각에
액젓을 조금 활용하시는 게 답
인 듯 합니다. 저는 멸치액젓을 1수저 넣어서 만들었는데, 비린내 전혀 없이 감칠맛만 살아있어서 너무 좋더라구요.
​
​
준비재료
모든 계량은 밥수저로 했어요.
액체류는 평평하게 담은 게 1수저이지만, 설탕 소금은 편안하게 푸면 수저 위로 살짝 올라는 게 1수저입니다.
편안하게 밥수저로 퍼서 사용하시는 계량입니다.
오이 1개
양파 4분의 1개
홍고추 반개
다진마늘 반수저
​
꽃소금 1수저
국간장 1수저
멸치액젓 1수저
설탕 2수저~2.5수저
식초 "
41951,연어깍두기 레시피 스리라차마요 소스 만들기 연어 날치알 요리,naver(주제별보기),https://blog.naver.com/pyask0702/223896736912,Y,"감태,날치,날치알,마요네즈,소금,연어","감태,날치알,마요네즈,불닭소스,소금,조미김,파슬리가루","불닭소스,조미김,파슬리가루","날치,연어","생연어, 날치알, 마요네즈, 스리라차소스, 소금, 감태, 불닭소스, 파슬리가루, 조미김","생연어, 스리라차소스",,"안녕하세요!
​
​
그저께는 신랑이 갑자기 약속이 생겨서 집에 늦게 왔는데요
그래서 혼자서 저녁을 챙겨 먹어야 했거든요
둥이들 재워놓고 나니 시원~한 맥주도 한 잔 생각나고
오랜만에 연어 시켜 먹으려고 하다가
갑자기 요즘 SNS에서 핫한 연어깍두기 너무 땡기더라고요!
그렇다고 재료 사러 마트 가긴 싫고,,
​
아쉬운 마음을 달래면서 바로 ㅋㅍ 장보기 고고!
그리고 다음날인 어제 재료가 도착했는데요
그리고 어제 저녁에 바로 연어깍두기 만들어 먹었답니다!
​
매콤하면서도 맛있는 연어 요리 레시피 알려 드릴게요~
​
​
연어깍두기 레시피
재료
생연어250g
날치알30g
마요네즈2큰술
스리라차소스2큰술
소금1꼬집
감태1장
​
소요시간
10분
​
난이도
하
​
​
​
​
재료들 입니다
부드럽고 고소한 생연어회랑 날치알
그리고 소스는 스리라차마요 소스 만들어 줄거에요!
​
​
​
​
1. 연어 손질하기
​
생연어 한덩이 250g 인데요
사실 혼자서 먹기엔 양이 쬐금 많고 둘이서 먹기엔 좀 적은"
41960,들기름 애호박볶음 레시피 애호박 새우젓볶음,naver(주제별보기),https://blog.naver.com/firehouse79/223896200896,Y,"고추,깨소금,다진마늘,당근,들기름,마늘,빨간고추,새우,새우젓,소금,식용유,애호박,액젓,양파,참깨,호박,황다랑어","다진마늘,당근,들기름,빨간고추,새우젓,식용유,애호박,액젓,양파,참기름,참깨",참기름,"고추,깨소금,마늘,새우,소금,호박,황다랑어","애호박, 양파, 당근, 홍고추, 새우젓, 참치액, 들기름, 식용유, 참기름, 다진파, 다진 마늘, 통깨, 물","다진파, 물",,"​
들기름 애호박볶음 레시피
새우젓호박볶음
호박볶음레시피
애호박새우젓볶음
​
​
​
요즘 애호박이 한창 많이 나와서 장 볼 때마다 사와서 반찬으로 자주 만들어먹고 있습니다. 오늘은 새우젓 넣고 감칠맛나는 애호박볶음 만들어서 밥반찬으로 먹었는데 부드럽고 달큰한 애호박에 짭짤한 새우젓이 맛있게 어우러져 자꾸만 손이 간답니다.
​
​
​
​
​
​
​
​
​
​
​
​
애호박볶음 만들 때 애호박을 새우젓에 절인 다음 들기름 넣고 볶으면 간이 배서 맛도 좋고 볶을 때 부서지지않으며 참치액을 조금 더해 간을 하면 감칠맛이 깊어져 호박볶음을 더 맛있게 완성할 수 있습니다. 살캉하면서 부드러운 식감과 구수한 풍미 달큰한 감칠맛까지 애호박 새우젓볶음 밥이랑 먹어도 맛있고 비빔밥에 넣어도 잘 어울립니다. 간단하게 만들 수 있으니 들기름 애호박볶음 바로 만들어보도록 해요.
​
​
​
​
​
​
​
​
​
​
​
​
재료준비
​
애호박 1개
양파 1/4개
당근 20g
홍고추 1/2개(생략 가능)
새우젓"
41963,도영 냉라면 레시피 신라면 요리,naver(주제별보기),https://blog.naver.com/lafleur7/223895037189,Y,"고추,김치,달걀,라면,상추,설탕,식초,신라면,얼음,오이,참기름,참깨,청양고추","묵은지,빨간고추,상추,설탕,식초,신라면,얼음,참기름,참깨,청양고추","묵은지,빨간고추","고추,김치,달걀,라면,오이","신라면, 뜨거운 물, 얼음, 상추, 신김치, 삶은 달걀, 크래미, 식초, 설탕, 참기름, 통깨, 청양고추, 오이채, 묵은지, 홍고추, 찬물","뜨거운 물, 신김치, 삶은 달걀, 크래미, 오이채, 찬물",,"​
​
@ 도영 냉라면레시피
신라면 냉라면 레시피
라면레시피
라면요리
​
© 글, 사진 / 요리
​
​
​
​
라면 좋아하세요?
저도 가끔은 끓여 먹는 메뉴이긴 한데요.
특별한 라면 레시피 보다는
기본 레시피로 더 많이 끓여 먹는 편인데
요즘 날씨가 더워서인지
나혼자산다 보다가
시원한 도영냉라면레시피 보니
눈길이 가고 맛있겠더라고요.
점심 메뉴로 얼른 만들어 보았죠.
오늘은 색다르게
나혼자산다 도영냉라면 레시피로 소개해보아요!
​
​
​
​
​
​
간단하게 만들수 있으면서 맛보장이랍니다.
별미로 만들어 보면 좋은 메뉴예요.
신라면 요리로 만들어 보았는데
좋아하는 종류를 사용해도 되겠고요.
라면 한봉지 있으면
나머지 부재료는 냉장고 상황에 맞게
얼마든지 활용할수 있답니다.
쉽고 간단하게 만들어
맛도 좋고
또 색다른 즐거움도 줄수 있어
냉라면 레시피 간단한 한끼로 추천해 보아요!
​
​
​
​
재료 :
​
신라면 1봉지,
뜨거운 물 250ml,
얼음 1컵,
상추 2장,
씻은 신김치 2잎"
41969,짱맛! 콩불레시피 콩나물불고기 대패삼겹살 요리,naver(주제별보기),https://blog.naver.com/lalacucina/223894473030,Y,"간장,고추,고추장,고춧가루,깻잎,다진마늘,대패삼겹,마늘,빨간고추,삼겹살,생강,생강가루,설탕,양파,콩나물,파","간장,고추장,고춧가루,깻잎,다진마늘,대패삼겹,생강가루,설탕,소금,양파,참기름,참깨,콩나물,파,후추","소금,참기름,참깨,후추","고추,마늘,빨간고추,삼겹살,생강","대패삼겹살, 콩나물, 청양 홍고추, 양파, 대파, 깻잎, 고춧가루, 다진 마늘, 진간장, 고추장, 설탕, 생강가루, 통깨, 참기름, 후추, 소금",청양 홍고추,,"​
짱맛!
​
대패삼겹살요리
콩불레시피
콩나물불고기
​
​
안녕하세요 레지나에요
마땅한 반찬이 없을때 후다닥 맛보기좋은
콩불 !!
돌돌~ 두께가 얇아
양념이 잘 배는 대패삼겹살과 아작 아삭한 식감이 잘 어울리는 콩나물의 조합이
좋은 콩불은 심플한한 조리 과정이라 종종 맛있게 즐기는 요리에요
가성비좋은 콩나물을 활용한 요리로 푸짐하게 조리하면
먹는 즐거움이 쏠쏠한 요리인데, 구매해둔 콩나물로
풍미있는 레시피를 참고하여
맛있게 만들어볼게요
​
그럼
요리에 필요한 재료 준비부터 재료들의 손질법 ,
매콤 양념장 레시피 까지
차근차근 소개해볼게요
​
맛보장~
콩나물 불고기 레시피를
시작합니다~~
​
​
​
​
재료
​
대패삼겹살 300g
콩나물 270g
청양 홍고추 1개
양파 1/2개 (65g)
대파 1/3대 (40g)
깻잎 8장
​
​
양념장 :
고춧가루 2.5큰술
다진 마늘 1.5큰술
진간장 3.5~4큰술
고추장 2큰술 (듬뿍)
설탕 2큰술
생강가루 약간 (생략가능)
​
(선택 재료)
통"
41972,소세지야채볶음 소스 레시피 쏘야볶음,naver(주제별보기),https://blog.naver.com/jin5194/223894471302,Y,"마늘,비엔나소세지,소시지,양파,파프리카","간장,굴소스,다진마늘,마늘,브로콜리,식용유,양파,참깨,파프리카,후추","간장,굴소스,다진마늘,브로콜리,식용유,참깨,후추","비엔나소세지,소시지","비엔나소시지, 적색 파프리카, 황색 파프리카, 양파, 마늘, 식용유, 후춧가루, 진간장, 굴 소스, 물엿, 케첩, 청피망, 브로콜리, 다진 마늘, 간 마늘, 양조간장, 통깨","비엔나소시지, 적색 파프리카, 황색 파프리카, 물엿, 케첩",,"소세지야채볶음 레시피 쏘야볶음 레시피 소세지야채볶음 소스
​
​
소시지 야채볶음은 요리에 필요한 재료들이 일반 가정에서 흔히 사용하는 것들이라서 생각날 때 언제든지 조리하여 밥반찬이나 술안주로 활용할 수 있어서 좋은데요 조리 과정이 상당히 심플한 덕분에 요리에 투입하는 시간 대비 만족도가 높아서 제가 개인적으로 좋아하는 메뉴 중 하나랍니다.
​
​
​
​
콘텐츠의 제목을 소세지야채볶음 레시피라고 정한 만큼 이번 포스팅을 통하여 요리용 재료들을 손질하는 기본적인 내용부터 손질된 각 재료들을 볶는 순서 및 양념 레시피까지 빠짐없이 설명드렸으니 소시지 야채볶음 레시피가 필요하셨던 분들께서는 본문 내용을 잘 읽어 보신 다음 포인트가 될 만한 사항들을 챙겨가시기 바랍니다.
​
​
​
​
​
준비할 재료들
비엔나소시지 20개
적색 파프리카 40g
황색 파프리카 40g
양파 1/4개 (50g)
마늘 3톨
식용유 2T
​
소스 재료
후춧가루 약간
진간장 1/2T
굴 소스 1T
물엿 1.3T
케첩 "
