id,title,platform,link,changed,old_used_ingredients,new_used_ingredients,added_ingredients,removed_ingredients,llm_raw_ingredients,unmapped_ingredients,error,content_preview
1285,비빔수제비라고 아시나요?,youtube(인플루언서),https://www.youtube.com/watch?v=coagMFr_nV8,Y,"간장,고추,고추장,고춧가루,김가루,다진마늘,마늘,배추,상추,설탕,식초,양배추,오이,조미김,참기름,참깨,후추","간장,고추장,다진마늘,설탕,식초,양배추,오이,참기름,참깨,후추",,"고추,고춧가루,김가루,마늘,배추,상추,조미김","생수제비, 양배추, 오이, 꽃상추, 참기름, 조미김가루, 통깨, 고추장, 양조식초, 황설탕, 진간장, 간마늘, 고운고춧가루, 후춧가루, 물","생수제비, 꽃상추, 조미김가루, 고운고춧가루, 물",,"[비빔수제비] 1인분기준


[재료]
생수제비 250g
양배추 1컵 (60g)
오이 1/2컵 (50g)
꽃상추 2장 (20g)
참기름 1큰술 (7g)
조미김가루 1/2컵 (6g)
통깨 1큰술 (5g)

[양념장]
고추장 1과 1/2큰술 (30g)
양조식초 2큰술 (20g)
황설탕 1과 1/2큰술 (18g) 
진간장 약 1과 2/3큰술 (17g)
간마늘 1/2큰술 (10g)
고운고춧가루 1큰술 (6g)
후춧가루 약간


1. 냄비에 물 약 1L를 넣고 끓인다.
2. 볼에 고추장, 고운고춧가루, 황설탕, 진간장, 양조식초, 간마늘, 후춧가루를 넣고 섞어 양념장을 만든다.
 * 기호에 맞게 설탕과 식초를 더 추가해도 좋다
3. 냄비의 물이 끓으면 생수제비를 넣고 약 8분간 끓인다.
 * 냄비 바닥에 수제비가 눌어붙지 않게 가끔씩 저어준다
4. 양배추와 오이는 길이 약 6cm, 두께 0.3cm로 채 썰어 준비한다.
 * 오이 대신 당근을 넣어도 좋다
5. 상추는 길게 반 자른 후 두께 1c"
1288,달걀로 만두를 어떻게 만들지??,youtube(인플루언서),https://www.youtube.com/watch?v=5-a5CPASYBc,Y,"간장,고추,달걀,당근,당면,만두,설탕,청양고추,파","간장,달걀,당근,당면,설탕,소금,식용유,참기름,청양고추,파,후추","소금,식용유,참기름,후추","고추,만두","달걀, 당면, 대파, 당근, 청양고추, 진간장, 황설탕, 꽃소금, 참기름, 후춧가루, 식용유",,,"팀원 여러분들 설이 코앞으로 다가왔습니다

떡국은 그동안 많이 보셨을 것 같아서
이번에 '달걀만두'를 준비해 봤는데요!

이거 진짜 간단한데 맛있으니까 한 번 따라 해보세요!



[달걀만두] 2인분 기준


[재료]
달걀 3개
당면 40g
대파 약 1/3대 (30g)
당근 약 1/10개 (25g)
청양고추 1개 (10g)
진간장 1/2큰술 (5g)
황설탕 1/3큰술 (4g)
꽃소금 1/4큰술 (3g)
참기름 약 1/2큰술 (4g)
후춧가루 약간
식용유 적당히


1. 당면은 냄비에 담고 당면이 충분히 잠길 정도의 물을 넣는다.
2. 강불로 켜고 8분간 삶는다.
 * 불린 당면을 사용할 경우 끓는 물에 넣고 약 2분간 삶는다
3. 청양고추는 꼭지를 제거한 후 길게 4등분으로 갈라 다지듯이 잘게 썬다.
4. 당근은 다지듯이 잘게 썬다.
5. 대파는 길게 반 갈라 다지듯이 잘게 썬다.
6. 큰 볼에 썰어둔 채소와 달걀을 넣고 잘 풀어준다.
7. 달걀 반죽에 꽃소금, 참기름, 후춧가루를 "
1294,이건 짚고 넘어가야겠어요,youtube(인플루언서),https://www.youtube.com/watch?v=Tr2KL-Xl85k,N,,,,,,,,"#백종원 #축지법 #2024 

2024년은 전국 방방곡곡 축제를 다니며 정말 바쁘게 보낸 한 해였습니다. 그런데 얼마 전 접한 기사 내용이 사실과 많이 달라 
그냥 지나칠 수 없겠더라고요.

왜곡된 기사가 더 큰 오해를 낳지 않도록, 
올바른 정보를 직접 전해드리고자 이 영상을 준비했습니다.  
더불어 제가 생각하는 지역 축제의 가치, 목표, 그리고 내년 계획까지 말씀드릴게요!

내년에도 팀원분들과 더 활발히 소통하기 위해 노력하겠습니다. 
따뜻한 관심과 응원 부탁드립니다!

_
00:00 인트로
00:25 올 한해도 감사했습니다!
01:53 근데 최근에...
07:28 그래도 열심히 다음 단계로!
07:53 감사한 우리 팀원분들~"
1295,"11만 도시에 30만 명의 방문, 통영 어부장터 리뷰",youtube(인플루언서),https://www.youtube.com/watch?v=QbJNAiZZhXw,Y,,굴,굴,,"굴, 짬뽕",짬뽕,,"#백종원 #축지법 #통영

지난 11월, 통영에서 열린 첫 해산물 축제 '통영 어부장터'
축제 3일 동안 무려 30만 명이 넘는 방문객들이 찾아와주셨는데요.  
통영 인구가 약 11만 명임을 감안하면 정말 놀라운 숫자죠~!! 

갑자기 찾아온 가을 태풍이라는 변수에 부족한 점도 많았지만 
이번 어부장터를 통해 다시 한번 
축제를 통한 지역 활성화의 가능성을 확인할 수 있었습니다.  

이게 다 관심 보여주신 팀원분들 덕분입니다.  
정말 감사합니다! 

다음엔 더 나아진 모습으로 
여러분을 맞이할 수 있도록 더 철저히 준비하겠습니다~ 



00:00 통영 어부장터 인트로🐟
00:53 하필 축제 때 비가 오다니…☔
02:48 통영 굴로 만든 홍콩반점 굴짬뽕!
04:54 통영 어부장터 1일차
08:07 통영 어부장터 2일차
14:45 ✨축제로 지역을 살리는 방법✨"
1300,수육에 같이 먹는 보쌈무김치 만드는 법 의외로 간단합니다,youtube(인플루언서),https://www.youtube.com/watch?v=KbWtIU129hw,Y,"고추,김치,다진마늘,마늘,무,설탕,소금,쌈무","깻잎,다진마늘,무,설탕,소금,알배추,참깨","깻잎,알배추,참깨","고추,김치,마늘,쌈무","무, 정수물, 황설탕, 고운고추가루, 간마늘, 꽃소금, 알배추, 수육, 깻잎, 통깨","정수물, 고운고추가루, 수육",,"요즘 많이 쌀쌀하죠?

이맘때쯤이면 김장들 많이 하시는데
그러다 보면 또 수육을 먹게 되잖아요(?)
수육을 먹게 되면 빠질 수 없는 게 보쌈무김치잖아요

그래서 오늘은 집에서도 만들 수 있는 보쌈무김치!
생각보다 간단합니다. 다들 따라 해 보세요


[ 보쌈 무김치 ] 약 2인분 기준

[ 재료 ]

*보쌈 무김치
무 1/4개(500g)
정수물 1/2컵(90ml)
황설탕 약4와1/2큰술(55g)
고운고추가루 1/2컵(50g)
간마늘 1과1/2큰술(30g)
꽃소금 약2큰술(25g)

*배추 절이기
정수물 2컵(360ml)
알배추 1/2통(약300g)
꽃소금 2큰술(24g)

[ 만드는 법 ]

*보쌈 무김치
1. 무는 깨끗하게 세척한 후 길이 7cm, 두께 0.8cm로 길게 썰어 깊은 그릇에 담아 준비한다.
  * 무를 너무 두껍게 썰 경우 절이는데 시간이 오래 걸릴 수 있으니 주의한다.
2. 준비해둔 무에 꽃소금, 정수물을 넣고 잘 섞어 약 3시간 절인다
  * 양이 많을 경우 중간"
1304,비교 불가! 압도적인 축제를 열 거예요,youtube(인플루언서),https://www.youtube.com/watch?v=nCH30WGFQt4,Y,"굴,멍게,멸치,브리,우럭,장어","굴,멍게,멸치,우럭",,"브리,장어","굴, 우럭, 바닷장어, 멸치, 멍게",바닷장어,,"#백종원 #축지법 #통영 

제가 고기만 좋아하는 줄 아셨다면..
오해이십니다..
제가 고기만큼 좋아하는 게 또 해산물이거든요!

그래서 이번에 첫 해산물 축제를 준비해 봤습니다~
어디에서? 바로, 한국의 나폴리~ 통영에서요!

굴, 우럭, 바닷장어, 멸치, 멍게 등 
통영의 신선한 해산물을 모아서
여태껏 경험하지 못한 특별한 축제 먹거리를 준비했습니다.
통영 어부장터 오셔서 통영의 해산물을 
맘껏~ 씹고 뜯고 맛보고 즐겨주세요!
------------------------------
[2024 통영 어부장터 축제]
📍일시: 2024.11.1.(금)~11.3(일) 3일간
📍장소: 통영 트라이애슬론광장 일대

( *일부 축제 메뉴 가격은 조정될 수 있습니다 )
_
00:00 인트로
00:49 어부장터 와보실래요?
02:32 흑백요리사 백수저 파브리가 여기서?
06:07 우리는 해산물 개발중
11:59 파브리가 경험해볼게요! (안대를...)
14:14 축제에서 즐겨보세요!"
1311,흑백요리사 얘기할 건데 퍼트리면 안 된다,youtube(인플루언서),https://www.youtube.com/watch?v=utIbM9Iua-k,N,,,,,,,,"여러분! 흑백요리사 다 보셨어유?
보신 분들은 아시겠지만 정말 많은 일이 있었쥬
일단 앉아봐유 나 할 말 진짜 많다😊

#백종원 #안성재 #흑백요리사"
1319,5분 안에 만드는 초간단 비빔밥 만들기! (Feat. 전자레인지),youtube(인플루언서),https://www.youtube.com/watch?v=Jq2SwKMw8vI,Y,"간장,고추,고추장,김가루,달걀,당근,무,버섯,식용유,애호박,참기름,참깨,콩나물,표고버섯,호박","간장,고추장,김가루,달걀,당근,무,식용유,애호박,참기름,참깨,콩나물,표고버섯",,"고추,버섯,호박","밥, 애호박, 콩나물, 무, 당근, 표고버섯, 고추장, 국간장, 참기름, 통깨, 김가루, 계란, 식용유",밥,,"전자레인지 다들 집에 있으시죠?

전자레인지에 넣고 5분이면 끝나는 비빔밥을 가져왔어요.

자꾸 이렇게 해 먹으면 비빔밥집 사장님들은 좀 그럴 수도 있지만

그래도 바쁠 때 이런 거 써먹으면 좋잖아요?

집에서 갑자기 비빔밥이 땡길 때 한 번씩 따라 해보세요!


[전자레인지 비빔밥] 1인분 양 

[재료]
밥 1공기 (200g)
애호박 약간 (40g)
콩나물 약 1/2컵 (40g)
무 약간 (30g)
당근 약간 (14g) 
표고 버섯 1개 (12g) 
고추장 1큰술 (20g)
국간장 1큰술 (10g)
참기름 1큰술 (7g)
통깨 약간 (3g)
김가루 약간 
계란 1개 
식용유 적당량
 
[만드는 법]
1. 표고버섯은 기둥을 제거하고 두께 약 0.2cm 정도 얇게 채썬다.
Tip. 말린 표고 버섯 사용 시 물에 불린 뒤 기둥을 제거하여 사용한다. 
2. 무와 당근도 두께 약 0.2cm 정도 얇게 채썬다.
 Tip. 무와 당근은 잘 익지 않으므로 최대한 얇게 썰어주면 좋다. 
 Tip"
1324,[내꺼내먹] 연돈볼카츠 점주 미팅 / 신메뉴 개발 / 프로모션 진행,youtube(인플루언서),https://www.youtube.com/watch?v=uHbJCJjXJ0U,N,,,,,,,,"#백종원 #내꺼내먹 #연돈볼카츠 

최근 연돈볼카츠 이야기를 많이 접하셨을 텐데요. 
그래서 이번에 연돈볼카츠 얘기를 해보려고 합니다. 
 
연돈볼카츠를 처음 어떻게 시작하게 됐는지, 
연돈볼카츠에서 그동안 어떤 노력들을 해왔는지, 
그리고 수제 도시락 메뉴가 나오기까지
어떤 과정들이 있었는지 말입니다. 

모두의 마음에 100% 만족스럽진 않겠지만 
저희는 함께 해주시는 점주님들과의 상생을 위해  
항상 고민하고, 노력하고 있다는 점..  
기억해주셨으면 감사하겠습니다. 
앞으로도 더 노력하겠습니다.


※ 내꺼내먹X연돈볼카츠 이벤트 ※ 
- 기간 : 2024년 7월 30일(화) ~ 8월 3일(토)
- 내용 : 뚜껑열린치킨 도시락 3000원 할인

*배달 주문은 적용 제외 
*단체 주문 불가 (1인 5개 한정)
*일부 지점은 판매가가 상이할 수 있습니다.
(문래점, 당곡역점, 천안두정점)
*사정에 따라 '뚜열치' 판매가 힘들어 이벤트 참여를 못하는 매장 
(부산해운대장산점, 분당서"
1326,닭가슴살과 라면만 가지고 초계국수 맛 나는 초계라면 완성입니다,youtube(인플루언서),https://www.youtube.com/watch?v=EhTxL1sWnMI,Y,"가지,닭가슴살,라면,면,설탕,식초,진라면","닭가슴살,라면스프,면,설탕,식초,얼음,오이,와사비,참깨,청양고추","라면스프,얼음,오이,와사비,참깨,청양고추","가지,라면,진라면","진라면 순한맛, 정수물, 조미닭가슴살, 양조식초, 황설탕, 오이, 연겨자, 청양고추, 얼음, 통깨, 라면 분말스프, 물, 면, 후레이크","진라면 순한맛, 정수물, 물, 후레이크",,"집에 닭가슴살 많이들 있으시죠?

저는 운동한다고 닭가슴살 집에 많이 사뒀는데 그대로 냉동실에 보관 중이거든요 ㅎㅎ

마침, 요즘 여름이라 더운데 시원한 국물류 면 요리가 땡기잖아요

그래서 이번에 제가 집에 있는 라면이랑 닭가슴살만 가지고
'초계라면'을 만들어 봤어요

이거 진짜 간단한데 초계국수 못지않게 맛있으니까, 집에서 따라 해보세요


[ 초계라면 ]

[ 재료 ]
진라면 순한맛 1개
정수물 1컵(180ml)
조미닭가슴살 1/2개(50g)
양조식초 3큰술(24g)
황설탕 1과1/3큰술(16g)
오이 약간(15g)
연겨자 1큰술(6g)
청양고추 약1/3개(3g)
얼음 적당량
통깨 약간

[ 만드는 법 ]
1. 깊은 그릇에 라면 분말스프, 양조식초, 황설탕, 연겨자를 넣어 덩어리가 풀어지고 설탕이 녹을 때 까지 섞은 후 정수물 1컵을 섞어 육수를 만든다.
  * 설탕은 취향에 맞게 1큰술~1과1/2큰술 사이로 조절한다.
2. 닭가슴살 반개를 결대로 찢어 준비한다.
  * 닭가슴"
1333,[이연복] 뚝배기로 쉽게 만드는 영양만점 계란찜! 폭탄계란찜 2종!,youtube(인플루언서),https://www.youtube.com/watch?v=TsGpKnGJWbo,Y,"다진마늘,달걀,들기름,마늘,액젓,쪽파,토마토,파","다진마늘,달걀,들기름,명란,액젓,쪽파,체다치즈,토마토,파","명란,체다치즈",마늘,"계란, 토마토, 대파, 쪽파, 액젓, 들기름, 간마늘, 물, 체다치즈, 명란젓",물,,"[ 재료 ]
계란 4개 
토마토 1-2개 (크기에 따라)
대파 조금 혹은 쪽파 2-3 가닥
액젓 2/3 큰술 
들기름 1큰술
간마늘 반 큰술
물 50미리 (원래는 100 미리인데 토마토에서 물이 많이 나오므로)

[ 만들기 ] 
1. 계란 4개를 그릇에 깨서 담아주고 액젓, 마늘을 넣어서 잘 풀어줍니다.
물 50 미리도 넣어서 풀어주면 됩니다. 
2. 토마토 1개를 껍질을 벗겨서 썰어 다져줍니다. 
3. 쪽파는 토핑용으로 송송썰어서 준비합니다.

4. 뚝배기를 불에 올려주고 들기름을 한 큰술 넣어줍니다.
5. 가열이 되면 썰어준 토마토를 넣고 잘 저으면서 2분 정도 끓여줍니다. 
6. 토마토가 보글보글 끓으면 풀어준 계란 물을 넣어줍니다.
7. 불을 강불, 중불로 줄여가면서 80% 익혀줍니다.
8. 바닥이 눌어붙지 않게 숟가락으로 돌려서 쉬지 않고 저어주면서 익힙니다.
9. 토마토 계란찜이 거의 익으면 뚜껑을 덮어주고 최약불로 2분 뜸들입니다.
10. 완성되면 파 올리면 끝!


["
1334,[이연복] 향긋한 마늘종(쫑)과 고소한 돼지고기의 찰떡궁합! 돼지고기마늘종볶음밥!,youtube(인플루언서),https://www.youtube.com/watch?v=3Ekcy0N3vPs,Y,"간장,달걀,당근,돼지고기,마늘,마늘종,식용유,파,햇반","달걀,당근,돼지고기,마늘종,식용유,파,햇반",,"간장,마늘","마늘종, 돼지고기, 당근, 대파, 해선간장, 즉석밥, 달걀, 식용유, 물","해선간장, 물",,"《재료》
마늘종, 돼지고기, 당근, 대파, 해선간장, 즉석밥, 달걀, 식용유

《만드는 법》
1. 마늘종은 잘게 송송 썰고, 당근(슬라이스 3조각)은 채썬 후 잘게 썰어주세요.
2. 돼지고기(100g)는 먹기 좋은 크기로 잘게 썰고 대파(1/3대)도 잘게 썰어주세요.
3. 팬에 식용유 2스푼을 두르고 마늘종을 넣고 볶다가 돼지고기를 넣고 함께 볶아주세요. 
4. 3에 해선간장(3스푼)을 넣고 볶다가 물 100ml를 붓고 졸인 후 접시에 따로 담아주세요. 
5. 달걀(1개)은 풀어서 준비하고 즉석밥은 전자레인지에 2분간 돌려주세요.
6. 팬에 식용유(2스푼)를 두른 후 5의 푼 달걀을 넣고 나무주걱으로 살살 저어가며 익혀주세요.
7. 계란이 익으면서 덩어리지기 시작하면 밥을 넣고 나무주걱으로 눌러가며 볶아주세요. 
8. 7에 준비한 당근, 대파를 넣고 볶다가 4의 마늘종 돼지고기볶음을 넣고 볶아주세요.
9. 준비한 접시에 담아내면 돼지고기 마늘종 볶음밥 완성~!"
1336,[이연복] 목란 레시피 그대로! 탕수육 최초공개 | 탕수육 소스 만들기!,youtube(인플루언서),https://www.youtube.com/watch?v=e9jHy8AJ4yc,Y,"간장,감자,감자전분,고구마,고구마전분,노추,달걀,당근,돼지고기,등심,목이버섯,버섯,설탕,식용유,식초,양파,오이,완두콩,전분","간장,감자전분,고구마전분,노추,달걀,당근,목이버섯,설탕,식용유,식초,양파,오이,완두콩,전분",,"감자,고구마,돼지고기,등심,버섯","돼지고기 등심, 전분, 고구마전분, 감자전분, 계란, 식용유, 양파, 당근, 오이, 완두콩, 목이버섯, 설탕, 식초, 간장, 노추, 물","돼지고기 등심, 물",,"《재료》
돼지고기 등심, 전분, 계란, 식용유, 양파, 당근, 오이, 완두콩, 목이버섯, 설탕, 식초, 간장, 노추

《만드는 법》 
1. 하루 전날 미리 전분(200g)을 물에 담가 두세요. 전분은 고구마전분 70%, 감자전분 30%를 섞어서 사용하세요. 소스 만들 때 사용하도록 볼에 1스푼을 담고 물 1스푼을 섞어두세요.
2. 1의 전분을 1스푼 따로 덜어 볼에 담아 두세요(나중에 소스에 사용). 나머지 물은 따라내고(볼을 거꾸로 해도 전분이 쏟아지지 않아요) 딱딱하게 굳은 전분은 숟가락으로 떼어낸 후 손으로 으스러뜨려 주세요.
3. 2에 물 2스푼, 계란물 2/3스푼, 식용유 3스푼을 넣고 섞은 후 돼지고기를 넣고 조물조물 섞어주세요.
4. 볼에 물 225ml를 붓고, 설탕 5스푼, 식초 4스푼, 간장 1스푼, 노추 1/2스푼을 넣고 섞어주세요.
5. 양파(1/4개)는 먹기 좋은 크기로 썰고, 당근(1/4개)는 편으로 썰어주세요. 오이는 물이 생기므로 당근보다 약간 도톰하게 편"
1335,[이연복] 속이 꽉찬 제철 바지락! 도삭면으로 즐기는 바지락면!,youtube(인플루언서),https://www.youtube.com/watch?v=oVWj7h7dQ6U,Y,"고추,굴소스,도삭면,마늘,바지락,식용유,청양고추,파,파프리카,후추","굴소스,도삭면,마늘,바지락,식용유,청양고추,파,파프리카,후추",,고추,"대파, 마늘, 피망, 청양고추, 바지락, 도삭면, 식용유, 굴소스, 후춧가루, 청피망, 홍피망, 물, 찬물","물, 찬물",,"《재료》
대파, 마늘, 피망, 청양고추, 바지락, 도삭면, 식용유, 굴소스, 후춧가루

《만드는 법》 
1. 대파(1/2대), 청피망(1/4개), 홍피망(1/4개)은 잘게 썰고, 마늘(4쪽)은 편으로 썰어주세요. 
2. 팬에 식용유 2스푼을 두르고 파, 마늘을 넣어 볶다가 청피망, 홍피망, 바지락(300g)을 같이 넣고 볶아주세요. 
3. 청양고추는 잘게 썰어 2에 넣고 볶아주세요.
4. 3에 물(150ml)을 붓고 굴소스(2/3스푼), 후춧가루를 넣고 끓여주세요. 
5. 냄비에 물을 넉넉히 붓고 도삭면을 넣고 2~3분 삶아주세요. 물이 끓어오를 때 찬물을 한 컵씩 부어 끓어주세요.
6. 도삭면이 익으면 찬물에 헹군 후 4의 팬에 넣고 끓여주세요. 
7. 국물이 끓을 때 불을 끄고 접시에 담아내면 바지락 도삭면 완성~!"
1337,[이연복] 토마토의 아삭함과 계란의 부드러움을 동시에! 토마토계란볶음!,youtube(인플루언서),https://www.youtube.com/watch?v=e8rPgeVUP68,N,"달걀,식용유,치킨스톡,토마토,파","달걀,식용유,치킨스톡,토마토,파",,,"토마토, 달걀, 치킨스톡, 대파, 식용유",,,"달걀, 토마토, 치킨스톡(액상), 식용유, 대파 

《만드는 법》
1. 토마토는 꼭지를 떼어내고 아래쪽에 십자 모양으로 칼집을 낸 후 끓는물에 살짝 데쳐주세요.
2. 볼에 달걀 5개를 푼 다음 치킨스톡 1스푼을 넣고 섞어주세요.
3. 1의 데친 토마토는 차가운 물에 헹궈 껍질을 벗긴 후 자잘하게 잘라 2의 계란물에 넣어주세요.
4. 대파(1/4대)는 잘게 썰어 3의 계란물에 넣고 섞어주세요.
5. 팬에 식용유 2스푼을 두르고 4를 부어 익혀주세요. 처음부터 젓지 말고 나무주걱으로 바깥쪽에서 안으로 살짝 밀어주면서 익히다가 다시 뒤집어서 익혀주세요.
6. 계란이 다 익었을 때(토마토는 70~80% 정도로 익혀주세요) 접시에 담아내면 토마토계란볶음 완성~"
1338,[이연복] 맛과 건강 다 잡았다! 메밀삼선해물파전!,youtube(인플루언서),https://www.youtube.com/watch?v=Gt8PdTE_Hb8,Y,"가지,간장,고추,달걀,메밀,메밀가루,밀가루,빨간고추,새우,오징어,조개,쪽파","간장,달걀,메밀가루,빨간고추,새우,식용유,식초,양파,오징어,쪽파","식용유,식초,양파","가지,고추,메밀,밀가루,조개","메밀가루, 물, 쪽파, 계란, 오징어, 조갯살, 새우, 조개류, 청고추, 홍고추, 식용유, 간장, 식초, 양파","물, 조갯살, 조개류, 청고추",,"[ 재료 ] 
- 메밀가루 반 컵 100ml
- 쪽파 반 단
- 계란   개
- 각종 해물 : 오징어, 조갯살, 새우
- 고명용 청홍고추  개
- 양념간장 : 

[ 조리순서 ]
1. 메밀가루에 물을 1대1 혹은 그것보다 조금 더 붓는다. 계절에 따라 다르므로 점도를 확인
2. 해물을 손질하여 끓는 물에 80% 정도만 데쳐놓는다. 
   - 오징어 잘라서 데치기
   - 새우 손질하여 데치기
   - 각종 조개류 해감하여 입이 벌어지고 살짝 데쳐서 살 발라놓기
3. 달구어진 팬을 약불로 조정하고 기름은 아주 조금만 바르고 섞어놓은 메밀가루 반죽을 올린다.
4. 그 위에 쪽파를 가지런히 올려준다.
5. 그 위애 준비해놓은 해물들을 듬뿍 올린다.
6. 그 위에 반죽 대신 달걀물을 부어준다. 달걀물은 나중을 위하여 조금 남겨둔다.
7. 기름에 지글거리게 익히는 대신에 증기로 익게 하기 위하여 뚜껑을 덮고 2분 기다려준다.
8. 잡시를 이용하여 뒤집고 반대면도 살짝 익혀준다.
9. 완성접시"
1340,[이연복]  꿔바로우의 오해와 진실! 찹쌀없이도 바삭한 비결!,youtube(인플루언서),https://www.youtube.com/watch?v=cskCTUMbP4s,Y,"간장,감자,감자전분,고구마,고구마전분,돼지고기,등심,레몬,레몬청,설탕,소금,식용유,식초,유자,유자청,전분,후추","간장,감자전분,고구마전분,설탕,소금,식용유,식초,후추",,"감자,고구마,돼지고기,등심,레몬,레몬청,유자,유자청,전분","돼지고기 등심, 고구마전분, 감자전분, 물, 식용유, 소금, 후춧가루, 간장, 식초, 설탕, 전분물","돼지고기 등심, 물, 전분물",,"《재료》
돼지고기 등심, 고구마전분, 감자전분, 물, 식용유, 소금, 후춧가루, 간장, 식초, 설탕, 전분물

《만드는 법》 
1. 하루 전날 미리 전분(200g)을 물에 담가 두세요. 전분은 고구마전분 70%, 감자전분 30%를 섞어서 사용하세요.
2. 1의 전분물을 따라내고(볼을 거꾸로 해도 전분이 쏟아지지 않아요) 딱딱하게 굳은 전분은 숟가락으로 떼어낸 후 손으로 으스러뜨려 주세요.
3. 2에 물 50ml을 붓고 주물러가며 섞어주다가 식용유 4스푼을 넣고 잘 풀어질 때까지 섞어주세요. 
4. 돼지고기 등심(300g)은 얇게 썬 후 소금, 후춧가루를 뿌려 주세요. 
5. 튀김팬에 식용유를 붓고 4의 돼지고기를 한 장씩 3의 반죽에 고루 묻혀 튀겨주세요.
6. 노릇노릇해지면 체에 밭쳐 기름을 빼주세요.
7. 소스팬에 물(150ml), 간장(1스푼), 식초(5스푼), 설탕(5스푼)을 넣고 끓이다가 전분물(전분 1/2스푼, 물 1스푼)을 부으면서 저어주세요. 이때 농도는 너무 걸쭉하지"
1341,[이연복]  겉바 속촉! 옛 친구와 함께 만드는 탕수갈비!,youtube(인플루언서),https://www.youtube.com/watch?v=Usi110kd_wQ,ERROR,"간장,돼지갈비,레몬,레몬청,마늘,설탕,식용유,식초,파,후추","간장,돼지갈비,레몬,레몬청,마늘,설탕,식용유,식초,파,후추",,,,,HTTP 429,"《재료》
돼지갈비, 대파, 마늘, 식용유, 해선간장, 설탕, 레몬청, 식초, 후춧가루 

《만드는 법》 
1. 돼지갈비(700g)는 크기가 큰 것은 먹기 좋게 자른 후 끓는물에 삶아 주세요. 
2. 돼지갈비가 반 정도 익으면 건져내어 체에 밭쳐주세요.
3. 파(흰부분 1대)는 큼직하게 어슷썰고 마늘은 도톰하게 편으로 썰어 준비하세요.
4. 튀김팬에 식용유를 넉넉히 붓고 기름이 달궈지면 2의 돼지갈비를 넣고 튀겨주세요. 고온에서 튀기면 기름이 많이 튀므로 너무 높지 않은 온도(90~100도)에서 천천히 튀겨주세요.
5. 돼지갈비가 갈색나게 튀겨지면 건져서 체에 밭쳐주세요.
6. 팬에 식용유(2스푼)를 두르고 3의 준비한 파와 마늘을 넣고 볶다가 물(150ml), 해선간장(2스푼), 설탕(4스푼), 레몬청(3스푼), 후춧가루, 식초(1 1/2스푼)를 넣고 졸여주세요.
7. 거품이 많이 올라오면 준비한 돼지갈비를 넣고 양념이 푹 스며들도록 조려주세요.
8. 강정처럼 끈적끈적해질 때 불을 "
1342,[이연복]  매콤한 볶음짬뽕에 바삭한 식감의 면발! 크리스피중화라면!,youtube(인플루언서),https://www.youtube.com/watch?v=RETUP7fuz0o,ERROR,"건더기스프,굴소스,다진마늘,당근,돼지고기,라면,라면스프,마늘,배추,부추,새우,숙주나물,식용유,양파,전분","건더기스프,굴소스,다진마늘,당근,돼지고기,라면,라면스프,마늘,배추,부추,새우,숙주나물,식용유,양파,전분",,,,,HTTP 429,"재료》
배추, 양파, 당근, 숙주나물, 새우, 파, 부추, 다진 마늘, 돼지고기, 라면, 굴소스, 전분, 식용유, 라면스프, 건더기스프 

《만드는 법》 
1. 배춧잎(속잎 2장)과 당근(슬라이스 3장), 양파(1/4개)는 약간 도톰하게 채썰어 주세요. 
2. 부추는 3~4cm 정도 길이로 썰고, 파(1/3대)는 어슷썰어 준비하세요.
3. 냄비에 물을 붓고 끓으면 라면을 넣어 삶은 후 체에 밭쳐 물기를 빼주세요.
4. 팬에 식용유 1스푼을 두르고 3의 삶은 라면을 넣고 튀기듯이 익히다가 면이 기름을 흡수하면 식용유 1스푼을 더 넣고 앞뒤로 노릇하게 익혀주세요.
5. 라면을 덜어내고 사용했던 팬에 식용유 1스푼을 넣은 후 파, 다진 마늘, 새우, 돼지고기를 넣고 볶아주세요. 
6. 5에 양파, 배추, 당근을 넣고 볶다가 물(150ml)을 붓고 건더기스프와 라면스프를 넣고 섞어주세요. 
7. 숙주나물, 부추를 넣고 섞은 후 굴소스(1/2스푼)를 넣고 저어주다가 전분물(전분 1/2스푼, "
1343,[이연복]  매운 맛과 쫄깃한 면발이 일품! 초간단 볶음짬뽕!,youtube(인플루언서),https://www.youtube.com/watch?v=Qymxbu3kpOg,ERROR,"건더기스프,고춧가루,다진마늘,당근,돼지고기,라면,라면스프,마늘,배추,부추,숙주나물,식용유,양파,파","건더기스프,고춧가루,다진마늘,당근,돼지고기,라면,라면스프,마늘,배추,부추,숙주나물,식용유,양파,파",,,,,HTTP 429,"《재료》
라면, 배추, 당근, 양파, 부추, 숙주나물, 돼지고기, 식용유, 다진 마늘, 대파, 라면 스프, 건더기 스프, 고춧가루

《만드는 법》 
1. 배춧잎(속잎 2장)과 당근(슬라이스 3장), 양파(1/4개)는 약간 도톰하게 채썰어 주세요. 
2. 부추는 3~4cm 정도 길이로 썰고, 파(1/3대)는 어슷썰어 준비하세요.
3. 냄비에 라면을 끓일 물을 붓고 불에 올려주세요. 
4. 물이 끓는 동안 팬에 식용유(1 1/2스푼)를 두르고 준비한 파, 다진 마늘, 돼지고기를 넣고 볶다가 고춧가루(1/2스푼)를 넣고 볶아주세요.  
5. 4에 배추, 당근, 양파를 넣고 천천히 볶다가 건더기 스프를 넣고 볶아주세요. 중간에 3의 물이 끓으면 라면을 넣고 삶아주세요. 
6. 야채를 볶은 팬에 라면 삶은 물(면수)을 2스푼 넣어 같이 볶아주세요.   
7. 라면이 다 익으면 체에 밭쳐 물기를 뺀 후 야채를 볶고 있던 팬에 바로 넣고 라면스프를 넣어 볶아주세요.  
8 .7에 숙주나물과 부추"
1344,[이연복]  건강과 맛을 동시에! 당근양배추라페!,youtube(인플루언서),https://www.youtube.com/watch?v=ngT7U2eNWkk,ERROR,"겨자,다진마늘,달걀,닭가슴살,당근,들기름,레몬,마늘,배추,상추,소금,스테비아,식빵,양배추,와사비,토마토,통밀","겨자,다진마늘,달걀,닭가슴살,당근,들기름,레몬,마늘,배추,상추,소금,스테비아,식빵,양배추,와사비,토마토,통밀",,,,,HTTP 429,"《재료》
당근, 양배추, 다진 마늘, 스테비아, 소금, 들기름, 레몬즙, 연겨자

《만드는 법》
1. 당근(2개, 400g), 양배추(1/4개, 400g)는 얇게 채썰어 볼에 담아주세요.
2. 1에 소금 2작은술을 넣고 버무려 20분 정도 절여주세요.
3. 당근과 양배추 숨이 죽으면 레몬즙, 연겨자, 다진 마늘을 1큰술씩 넣고, 스테비아 2큰술, 들기름 3큰술을 넣고 버무려주세요.
4. 소독한 병에 넣고 반나절 실온에서 숙성 후 냉장고에 보관하세요.

《TIP》 당근양배추라페 응용요리

1. 당근양배추라페 샌드위치 
《재료》
당근양배추라페, 통밀식빵 2장, 계란(스프램블 또는 납작하게 부쳐서 준비), 상추 2장, 슬라이스한 토마토 2~3개

《만드는 법》
통밀 식빵 한 장 위에 상추를 깔고 당근양배추라페를 수북이 얹은 후 부친 계란을 얹고 슬라이스한 토마토를 얹어 나머지 식빵 한 장을 덮어주세요. 랩으로 싼 후 반으로 썰어주세요.

2. 당근양배추라페 닭가슴살 샐러드
《재료》
당근양"
1345,[이연복] 고소함과 아삭한을 한입에! 양배추계란샌드위치!,youtube(인플루언서),https://www.youtube.com/watch?v=tWHthgUfRd4,ERROR,"고추,고추씨,굴소스,달걀,당근,배추,빨간고추,소금,식빵,식용유,양배추,양파,치즈,파,후추","고추,고추씨,굴소스,달걀,당근,배추,빨간고추,소금,식빵,식용유,양배추,양파,치즈,파,후추",,,,,HTTP 429,"《재료》
양배추, 계란, 당근, 양파, 햄, 대파, 홍고추, 식빵, 모차렐라 치즈, 소금, 후춧가루, 굴소스, 식용유

《만드는 법》
1. 양배추는(1/8개)는 겉 부분을 씻은 후 물에 5분 동안 담가 속 부분의 이물질을 제거한 다음 채썰어 주세요.
2. 당근(1/3개)과 햄(슬라이스 2장), 양파(1/4개)는 채썰어 준비하세요. 
3. 파(1/4대)는 잘게 다지고, 홍고추는 길게 1/4등분해 고추씨를 털어내고 잘게 다져주세요.
4. 볼에 양배추, 당근, 양파, 홍고추를 넣고 소금(1/2작은술)과 후춧가루를 넣어 살짝 버무린 다음 굴소스(2/3작은술)를 넣고 다시 버무려주세요. 
5. 팬에 식용유(1/2작은술)를 두르고 다진 파를 넣어 볶다가 4를 넣어 함께 볶아주세요.  
6. 5의 양을 반으로 나눠 가운데에 구멍을 낸 다음 계란을 하나씩 얹고 소금을 반 꼬집 뿌려주세요. 
7. 계란 주위에 모차렐라 치즈를 뿌린 후 팬 뚜껑을 덮고 계란 노른자가 하얗게 될 때까지 익혀주세요. 
8"
1346,[이연복] 쫀득쫀득한 식감과 고소한 맛이 일품! 계란당면볶음!,youtube(인플루언서),https://www.youtube.com/watch?v=ipX7anOVfPQ,ERROR,"간장,굴소스,다진마늘,달걀,당면,마늘,설탕,식용유,양파,참기름,파,파프리카,후추","간장,굴소스,다진마늘,달걀,당면,마늘,설탕,식용유,양파,참기름,파,파프리카,후추",,,,,HTTP 429,"《재료》
당면, 해선간장, 대파, 굴소스, 양파, 참기름, 피망, 식용유, 달걀, 물, 다진 마늘, 설탕, 후춧가루

《만드는 법》
1. 당면은 조리 1시간 전에 미지근한 물에 담가 불려주세요.
2. 계란(6개)은 볼에 잘 풀어서 준비하고, 파(1/4대)는 송송 썰어주세요. 
3. 피망은 채썬 후 잘게 썰고, 양파(1/4개)도 잘게 썰어 준비하세요.
4. 팬에 식용유(5스푼)를 두르고 2의 계란을 넣어 나무주걱으로 저어가며 익혀주세요. 
5. 계란이 다 익으면 볼에 담아 놓고, 사용했던 팬에 식용유(3스푼)를 두른 후 송송썬 파, 다진 마늘(1스푼)을 넣고 볶다가 양파를 넣어 볶아주세요.
6. 5에 해선간장(2스푼)을 넣고 볶다가 물을 약간 붓고 불린 당면을 넣어주세요.
7. 6에 굴소스(1스푼)를 넣고 볶다가 설탕(1/2스푼)을 넣고 볶은 후 당면이 물을 흡수하면 물을 조금 더 붓고 굴소스(1스푼)를 넣어주세요.
8. 7에 물을 조금 더 붓고 양념이 잘 섞이면 준비한 피망과 볶은 "
1347,[이연복] 탱탱한 면발과 촉촉한 두부의 완벽한 조합! 쉽게 만들 수 있는 마파두부라면!,youtube(인플루언서),https://www.youtube.com/watch?v=bwOXKERx4_Y,ERROR,"건더기스프,굴소스,다진마늘,두부,라면,라면스프,마늘,식용유,양파,전분,정육","건더기스프,굴소스,다진마늘,두부,라면,라면스프,마늘,식용유,양파,전분,정육",,,,,HTTP 429,"《재료》
다진 고기, 두부, 라면, 다진 마늘, 파, 굴소스, 전분물, 식용유, 양파, 라면스프 

《만드는 법》
1. 파는 흰 대 부분(1개)을 준비해 잘게 썰고, 양파(1/4개)는 채썬 후 잘게 썰어주세요.
2. 팬에 식용유(3스푼)를 두르고 잘게 썬 파와 양파, 다진 마늘(1스푼)을 넣고 볶다가 다진 고기(100g)를 넣고 나무주걱으로 눌러가며 볶아주세요. 
3. 2에 물(200ml)을 붓고 라면 건더기 스프와 분말 스프를 넣고 끓여주세요.
4. 소스를 끓이는 동안 냄비에 물을 붓고 끓으면 라면을 넣어 익혀주세요.
5. 두부(1모)는 먹기좋은 크기의 정육면체 모양으로 잘라 2의 소스에 넣고 끓여주세요.
6. 5에 굴소스(1스푼)를 넣고 섞은 후 전분물(전분 2/3스푼, 물 1스푼을 개어서 준비)을 붓고 저어주세요.
7. 6에 익힌 라면을 넣고 버무려서 접시에 담아 내면 마파두부라면 완성~!"
1351,[이연복] 매콤함과 부드러움을 동시에! 크림탄탄 비빔면!,youtube(인플루언서),https://www.youtube.com/watch?v=eTqeAPSXCV0,Y,"간장,고추,고추기름,두반장,땅콩,버터,베트남고추,비빔면,생크림,양파,오이,우유,중화면,치킨스톡,파","간장,고추기름,두반장,땅콩,베트남고추,생크림,양파,오이,우유,중화면,치킨스톡,파",,"고추,버터,비빔면","중화면, 우유, 생크림, 두반장, 치킨스톡, 양조간장, 파, 양파, 베트남고추, 오이, 땅콩버터, 땅콩, 고추기름, 간장",땅콩버터,,"《재료》
중화면, 우유, 생크림, 두반장, 치킨스톡, 양조간장, 파, 양파, 베트남고추, 오이, 땅콩버터, 땅콩

《만드는 법》
1. 양파(1/2개)는 채썰고, 대파(1/2대)는 어슷썰고, 베트남고추(1개)는 으깨서 준비하세요.
2. 팬에 고추기름(3스푼)을 두르고 으깬 베트남고추를 넣은 후 살짝 달궈지면 준비한 양파, 대파를 넣고 볶아주세요.
3. 양파 숨이 죽으면 간장(1스푼)을 넣고 볶다가 우유 150ml, 생크림 50ml를 붓고 불을 약하게 줄인 다음 땅콩버터(1스푼)을 넣고 섞어주세요. 
4. 3에 두반장(1스푼)을 넣고 끓이다가 치킨스톡(1스푼)을 넣고 간을 맞춰주세요.
5. 냄비에 물을 붓고 끓으면 중화면을 넣고 삶아주세요. 물이 끓어오르면 찬물을 한 컵 부은 후 다시 끓어오르면 면을 건져 찬물에 헹궈 체에 밭쳐 물기를 빼주세요.
6. 5의 소스에 면을 넣고 살짝 졸인 후 접시에 담아주세요.
7. 오이채를 얹고 땅콩 같은 견과류를 으깨어 올리면 크림탄탄 비빔면 완성~!"
1353,[이연복] 아삭한 식감이 일품! 매콤감자채볶음!,youtube(인플루언서),https://www.youtube.com/watch?v=nEk0Ciyfy44,Y,"간장,감자,고추,고추기름,굴소스,다진마늘,두반장,마늘,베트남고추,설탕,식용유,식초,전분,파,파프리카","감자,고추기름,굴소스,다진마늘,두반장,베트남고추,설탕,식용유,식초,파,파프리카",,"간장,고추,마늘,전분","감자, 피망, 다진 마늘, 대파, 고추기름, 베트남고추, 두반장, 식용유, 굴소스, 해선간장, 설탕, 식초",해선간장,,"《재료》
감자, 피망, 다진 마늘, 대파, 고추기름, 베트남고추, 두반장, 식용유, 굴소스, 해선간장, 설탕, 식초

《만드는 법》
1. 감자는 큼직한 걸로 2개(625g) 준비해 일정한 크기로 얇게 편으로 썬 후 채썰어 준비하세요.
2. 채썬 감자는 물에 담가 전분기를 빼주세요. 이때 물에 식초를 약간 섞어주면 감자채에 탄력이 생겨서 식감이 좋아져요. 
3. 2의 물이 뿌옇게 되면 감자를 채반에 걸러 헹궈 주세요.
4. 피망(1/2개)은 얇게 채썰고, 대파(흰대 1개)는 자잘하게 썰어주세요.
5. 냄비에 물을 붓고 부르르 끓어오르면 감자채를 넣고 20초 정도 익힌 다음 바로 찬물에 2~3번 씻어주세요.
6. 팬에 고추기름(3스푼)을 넣고 기름이 미지근한 상태에서 베트남고추를 손으로 쪼개어 넣어주세요. 
7. 6에 파, 다진 마늘(1스푼)을 넣고 볶다가 두반장(1/2스푼), 해선간장(2스푼), 굴소스(1스푼), 식용유(2스푼)을 넣고 끓으면 준비한 피망과 감자채를 넣고 볶아주세요.
"
1354,[이연복] 꽈리고추의 아삭함과 계란의 부드러움! 꽈리고추 계란볶음!,youtube(인플루언서),https://www.youtube.com/watch?v=NeH4VITmLEQ,Y,"고추,꽈리고추,달걀,식용유,치킨스톡","꽈리고추,달걀,식용유,치킨스톡",,고추,"꽈리고추, 계란, 치킨스톡, 식용유",,,"《재료》
꽈리고추, 계란, 치킨스톡, 식용유

《만드는 법》
1. 꽈리고추(300g)는 꼭지를 떼어내고 씻은 후 길쭉하게 어슷썰기 해주세요.
2. 팬에 식용유(2스푼)를 두르고 꽈리고추를 넣어 볶아주세요. 
3. 2에 치킨스톡 1/2스푼을 넣고 2분간(숨이 살짝 죽을 정도로만) 볶은 후 그릇에 따로 담아 주세요.
4. 볼에 계란 5개를 넣고 치킨스톡 2/3스푼을 넣어 잘 풀어주세요.
5. 팬에 식용유 3스푼을 두르고 달궈지면 4의 푼 달걀을 붓고 나무주걱으로 살살 저어주세요.
6. 계란이 반 정도 익으면 살짝 볶아둔 꽈리고추를 넣고 함께 익혀주세요. 
7. 6을 접시에 담아내면 부드럽고 아삭한 꽈리고추 계란볶음 완성~!"
1350,[이연복] 밥도둑 끝판왕! 부드러운 순두부계란조림!,youtube(인플루언서),https://www.youtube.com/watch?v=tP6RiRLy5Aw,Y,"고추,고추장,고춧가루,굴소스,다시다,다진마늘,달걀,두부,마늘,맛술,설탕,순두부,알룰로스,양파,쪽파,참기름,청양고추,치킨스톡,파,후추","고추장,고춧가루,굴소스,다시다,다진마늘,달걀,맛술,설탕,순두부,알룰로스,양파,쪽파,참기름,청양고추,치킨스톡,파,후추",,"고추,두부,마늘","순두부, 계란, 양파, 대파, 청양고추, 고추장, 고춧가루, 치킨스톡, 다시다, 굴소스, 설탕, 미림, 참기름, 물, 다진 마늘, 고운고추가루, 알룰로스, 맛술, 쪽파, 후추","물, 고운고추가루",,"[재료]
순두부 1봉지, 계란 4개, 양파 1개. 대파 1/2개, 청양고추 1개, 
고추장, 고춧가루, 치킨스톡(다시다), 굴소스, 설탕, 미림, 참기름

[만드는 법]
1. 순두부는 반으로 잘라서 전자렌지 1분 돌려주면 물기와 간수가 빠진다. 
  그 후 1-2 센티 두께로 잘라준다.
2. 양파는 채썰고, 청양고추는 다져준다. 대파 혹은 쪽파는 송송 썰어 나중에 고명으로.
3. 소스를 만들 그릇에
    물 1컵(200ml)
    고추장 1/2 큰술 
    고운고추가루 1스푼 
    다진 마늘 반스푼 
    다진 청양고추 1개 
    다시다 반스푼 5g (혹은 치킨스톡 1/2 스푼)
    설탕 1/2큰술 6g (혹은 알룰로스 1큰술)
    맛술(미림) 1큰술 (15g) 를 넣어 준비해준다.
4. 냄비나 팬에 양파 채를 깔고 순두부를 잘 얹어준다.
5. 뚜껑을 덮고 강불에 2분간 졸여주고, 뚜껑 열고 계란 4개 깨서 넣은 후 밥을 비빌 정도가 되게 졸인다.
6. 완성되면"
1355,[이연복] 5분만에 즐기는 맛과 영양 만점! 양배추돼지고기볶음!,youtube(인플루언서),https://www.youtube.com/watch?v=HvUdN6yjRvI,Y,"간장,굴소스,돼지고기,배추,소금,식용유,양배추,파프리카,후추","간장,굴소스,돼지고기,소금,식용유,양배추,파,파프리카,후추",파,배추,"양배추, 돼지고기, 홍피망, 파, 간장, 굴소스, 소금, 후춧가루, 식용유",,,"《재료》
양배추, 채썬 돼지고기, 홍피망, 파, 간장, 굴소스, 소금, 후춧가루

《만드는 법》
1. 양배추(900g)는 굵직하게 채썰어 준비하세요(볶으면 숨이 많이 죽어서 가늘지 않게 채썰어 주세요).
2. 홍피망(1/4개)은 채썰고 파(흰 부분 1대)는 어슷썰어 준비하세요. 
3. 팬에 식용유(3스푼)를 두르고 달궈지면 파와 돼지고기(300g)를 넣고 볶다가 간장(1스푼)을 넣고 볶아주세요. 
4. 고기에 간이 배면 채썬 양배추와 홍피망을 넣고 소금 한꼬집을 넣어 젓가락으로 살살 섞어가며 볶아주세요.
5. 4에 굴소스(2스푼)를 넣고 볶다가 마지막에 후춧가루를 뿌려 접시에 내면 양배추 돼지고기 볶음 완성~!"
1356,[이연복]  다진고기와 달달한 양파의 미친조합! 쟁반유니짜장!,youtube(인플루언서),https://www.youtube.com/watch?v=qV4oThK1Mmg,Y,"고춧가루,굴소스,돼지고기,라면,식용유,양파","고춧가루,굴소스,돼지고기,식용유,양파,짜장가루",짜장가루,라면,"팔도 짜장면, 돼지고기, 양파, 식용유, 굴소스, 고춧가루, 물, 짜장소스","팔도 짜장면, 물",,"《재료》
팔도 짜장면(시판용) 2봉, 돼지고기, 양파, 식용유, 굴소스, 고춧가루

《만드는 법》
1. 돼지고기(300g)는 자잘하게 썬 후 칼로 쳐서 부드럽게 만들어 주세요(다진 돼지고기를 사용해도 좋아요.)
2. 양파(350g)도 자잘하게 썰어주세요.
3. 팬에 식용유(3스푼)를 두르고 2의 양파를 약간만 팬에 넣은 후 다진 고기를 올려 주세요. 팬이 가열되면 나무주걱으로 고기와 양파를 섞어 볶아 주세요.
4. 고기가 익으면 나머지 양파를 다 넣고 볶아주세요.
5. 냄비에 물을 붓고 끓으면 짜장라면 2개를 넣어 익혀주세요. 
6. 4의 양파가 익으면 라면에 들어있는 짜장소스 2개를 넣고 섞은 후 굴소스(1스푼)를 넣어 볶아주세요.
7. 5의 면이 익으면 건져서 6에 넣고 섞어주세요. 
8. 기호에 따라 고춧가루를 뿌려 접시에 담아내면 쟁반 유니짜장 완성~!"
1357,[이연복]  만찢남의 퓨전요리!  페타치즈 게살춘권!,youtube(인플루언서),https://www.youtube.com/watch?v=LWSJYx68Rh0,Y,"게맛살,밀가루,시금치,식용유,춘권피,치즈,후추","게맛살,메이플시럽,밀가루,시금치,식용유,춘권피,후추",메이플시럽,치즈,"페다치즈, 춘권피, 게맛살, 시금치, 메이플 시럽, 후춧가루, 밀가루, 식용유",페다치즈,,"《재료》
페다치즈, 춘권피, 게맛살, 시금치, 메이플 시럽, 후춧가루, 밀가루

《만드는 법》
1. 맛살은 잘게 썰어주세요.
2. 시금치는 끓는물에 데친 후 건져서 찬물에 헹궈 물기를 짠 다음 칼로 썰어주세요.
3. 볼에 시금치, 맛살, 페다치즈를 1:1:1 비율로 넣고 후춧가루를 뿌린 후 손으로 조물조물 섞어주세요.
4. 춘권피에 3을 한 스푼 정도 얹고 돌돌 말아주세요. 끝 부분은 밀가루를 물에 개어 묻혀주면 풀어지지 않아요.
5. 팬에 식용유를 붓고 달궈지면 4의 춘권피를 넣고 노릇노릇하게 튀겨주세요. 
6. 5를 접시에 담은 후 메이플 시럽을 얹어내면 페다치즈 게살춘권 완성~!"
1352,[이연복] 쫄깃한 식감이 일품! 가상두부!,youtube(인플루언서),https://www.youtube.com/watch?v=c2-8KVImv0E,Y,"간장,고추,굴소스,다진마늘,대나무순,두부,마늘,배추,베트남고추,브로콜리,식용유,알배추,참기름,파,후추","굴소스,다진마늘,대나무순,두부,베트남고추,브로콜리,식용유,알배추,참기름,파,후추",,"간장,고추,마늘,배추","두부, 알배추, 대파, 죽순, 브로콜리, 해선간장, 베트남고추, 다진 마늘, 굴소스, 참기름, 후춧가루, 식용유, 물","해선간장, 물",,"《재료》
두부, 알배추, 대파, 죽순, 브로콜리, 해선간장, 베트남고추, 다진 마늘, 굴소스, 참기름, 후춧가루

《만드는 법》
1. 두부는 삼각형 모양이 되도록 대각선으로 자른 후 세워서 두께를 반으로 잘라 8조각을 만들어 주세요.
2. 접시에 키친타월을 깔고 1의 자른 두부를 펼친 다음 키친타월을 덮어 물기를 제거해 주세요.
3. 알배추는 2장 정도 준비해 길게 3등분으로 자르고, 대파(2대)는 길게 반으로 갈라 큼직하게 썰어 주세요.
4. 끓는 물에 죽순, 브로콜리, 알배추를 넣고 살짝 데쳐주세요,
5. 팬에 식용유를 넉넉히 두른 후 2의 두부를 넣고 앞뒤로 튀기듯 노릇노릇하게 부쳐주세요.
6. 두부가 노릇하게 익으면 접시에 덜어낸 후 남은 식용유(2큰술 정도)에 베트남고추(3개)를 쪼개서 넣고 대파, 다진 마늘을 넣고 볶다가 향이 올라오면 데친 야채를 넣고 볶아주세요.  
7. 6에 해선간장 1스푼을 넣고 볶은 후 물 200ml, 굴소스 1스푼을 넣고 섞은 후 두부를 넣고 끓"
1360,[이연복]  중식의 콜라보! 새콤달콤 토마토마리네이드!,youtube(인플루언서),https://www.youtube.com/watch?v=ZRaLTIj4O5A,Y,"굴소스,레몬,소금,식초,양파,올리브,올리브유,치즈,토마토,후추","굴소스,꿀,레몬,소금,식초,양파,올리브유,토마토,후추",꿀,"올리브,치즈","방울토마토, 양파, 레몬, 발사믹식초, 올리브오일, 꿀, 소금, 굴소스, 후춧가루",,,"《재료》
방울토마토, 양파, 레몬, 발사믹식초, 올리브오일, 꿀, 소금, 후춧가루

《만드는 법》
1. 방울토마토(1.5kg)는 꼭지 부분을 떼어내고 껍질이 잘 벗겨지도록 윗부분에 십자로 칼집을 낸 후 끓는물에 데쳐주세요. 
2. 방울토마토의 껍질이 살짝 익을 때(약10초) 체로 건져 찬물에 담근 후 껍질을 벗겨주세요. 
3. 양파(1/2개)는 잘게 썰어 볼에 넣어주세요. 
4. 3에 레몬의 노란 껍질 부분을 갈아서 넣고(치즈 그레이터 이용), 레몬을 반으로 잘라 즙을 짜서 넣어주세요. 
5. 4의 볼에 발사믹식초 120ml, 올리브오일 200ml, 꿀 120ml, 소금 1/2스푼, 굴소스 1스푼, 후춧가루를 차례로 넣고 섞어주세요.
6. 방울토마토를 5에 넣고 섞은 후 밀폐용기에 담가 냉장고에서 숙성시키면 토마토 마리네이드 완성~!

Tip 마리네이드 양념 비율은 올리브오일:발사믹식초:꿀=10:6:6이에요. 방울토마토 양에 따라 비율을 적용해 만들어 보세요."
1362,[이연복] 초간단 중국 가정식 반찬! 마늘쫑돼지고기볶음!,youtube(인플루언서),https://www.youtube.com/watch?v=A9I_xSbEgiU,Y,"간장,굴소스,돼지고기,마늘,마늘종,식용유,후추","간장,굴소스,돼지고기,마늘종,식용유,후추",,마늘,"마늘쫑, 돼지고기, 간장, 굴소스, 후춧가루, 식용유",,,"《재료》
마늘쫑, 돼지고기, 간장, 굴소스, 후춧가루, 식용유

《만드는 법》
1. 마늘쫑은 씻어서 물기를 털어낸 후 아랫부분은 질길 수 있으므로 2cm 정도 살짝 잘라낸 다음 먹기 좋은 크기로(2~3cm) 썰어주세요. 
2. 마늘쫑에 물기가 있으면 기름에 볶을 때 튈 수 있으므로 남아있는 수분은 키친타월로 닦아 준비해 주세요. 
3. 팬에 식용유 200ml를 붓고 적당히 달궈지면 마늘쫑을 넣고 저어가며 튀기듯이 볶아주세요. 
4. 돼지고기(300g)는 새끼손가락 크기 정도로 잘라주세요.
5. 마늘쫑의 수분이 빠지면서 살짝 탄 듯하게 볶아지면 건져내 체에 밭쳐 기름을 빼주세요.
6. 팬에 5의 남은 기름 3스푼을 두르고 손질한 돼지고기를 넣고 볶다가 간장 2스푼을 넣고 살짝 볶은 후 마늘쫑, 후춧가루를 넣고 볶아주세요.
7. 6에 굴소스 1스푼을 넣고 수분이 증발되도록 바싹 볶아 접시에 담으면 마늘쫑 돼지고기볶음 완성~!"
1359,[이연복]  부드러움의 끝판왕! 두부계란찜!,youtube(인플루언서),https://www.youtube.com/watch?v=aTVe0U_BoLU,Y,"간장,고추,다진마늘,달걀,두부,마늘,매실,매실청,소금,알룰로스,액젓,양파,참기름,청양고추,파,황다랑어,후추","간장,다진마늘,달걀,두부,매실청,소금,알룰로스,액젓,양파,참기름,청양고추,파,후추",,"고추,마늘,매실,황다랑어","두부, 달걀, 후춧가루, 소금, 양파, 대파, 청양고추, 물, 간장, 매실청, 참치액, 알룰로스, 참기름, 다진 마늘",물,,"《재료》
두부(찌개용), 달걀, 후춧가루, 양파, 대파, 간장, 매실청, 참치액, 알룰로스, 다진 마늘, 참기름

《만드는 법》
1. 두부는 물기를 뺀 후 볼에 담아 달걀 2개, 소금 한 꼬집, 후춧가루를 넣고 손으로 주물러가며 으깨주세요.
2. 접시에 1을 부은 후 랩을 씌워 찜기에 넣고 15분간 쪄주세요. 
3. 소스에 들어갈 양파(1/2개)와 대파(1/2대)는 자잘하게 썰고, 청양고추(1개)는 속의 씨를 제거한 후 잘게 썰어주세요. 
4. 볼에 3의 채소, 물 100ml, 양조간장 100ml를 붓고, 매실청 1스푼, 후춧가루 약간, 참치액 1스푼, 알룰로스 5스푼, 참기름 1스푼, 다진 마늘 1스푼을 넣고 섞어주세요.
5. 찜기에서 두부계란 그릇을 꺼낸 후 랩을 벗겨 4의 소스를 고루 뿌리면 부드러운 두부계란찜 완성~!"
1348,[이연복] 맛있는데 어디서 먹어본 맛! 칠리소스 계란프라이,youtube(인플루언서),https://www.youtube.com/watch?v=q74ZiZIpmGw,Y,"굴소스,다진마늘,달걀,당근,마늘,마요네즈,설탕,식용유,양파,전분,토마토","굴소스,다진마늘,달걀,당근,마요네즈,설탕,식용유,양파,토마토 케첩,파","토마토 케첩,파","마늘,전분,토마토","계란, 식용유, 파, 다진 마늘, 당근, 양파, 토마토케첩, 굴소스, 설탕, 전분물, 마요네즈",전분물,,"《재료》
계란, 식용유, 파, 다진 마늘, 당근, 양파, 토마토케첩, 굴소스, 설탕, 전분물, 마요네즈

《만드는 법》
1. 팬에 식용유를 넉넉히 두르고 계란(5개)을 앞뒤로 노릇노릇 부쳐주세요. 
2. 1의 계란을 접시에 담고, 팬에 있던 기름은 2스푼 정도 남겨주세요. 
3. 파(1/2대), 당근(편으로 썬 것 2조각), 양파(1/4개)는 채썬 후 잘게 썰어주세요. 
4. 2의 팬에 준비한 채소와 다진 마늘(1스푼)을 넣고 볶다가 토마토케첩(5스푼)을 넣고 함께 볶아주세요.
5. 4에 물 200ml를 붓고 굴소스(1스푼), 설탕(2스푼)을 넣고 끓으면 계란을 넣고 간이 배도록 졸여주세요.
6. 국물이 자작해지면 계란을 접시에 담고 소스는 다시 불에 올려 전분물(1/2스푼)을 넣어주세요. 
7. 소스가 걸쭉해지면 계란 위에 소스를 부어주세요.
8. 위에 마요네즈를 뿌려 내면 칠…"
1363,"[이연복] 가격, 맛, 식감 세마리 토끼를 한번에 잡았다! 감자채무침!",youtube(인플루언서),https://www.youtube.com/watch?v=M_i-JtTwJNo,Y,"감자,고추,굴소스,당근,마늘,소금,전분,참기름,청양고추,파,후추","감자,굴소스,당근,마늘,소금,참기름,청양고추,파,후추",,"고추,전분","감자, 당근, 대파, 마늘, 청양고추, 굴소스, 소금, 후춧가루, 참기름",,,"《재료》
감자, 당근, 대파, 마늘, 청양고추, 굴소스, 소금, 후춧가루, 참기름

《만드는 법》
1. 감자는 중간크기 4개(약500g) 정도 준비해 얇게 편으로 썬 후 채썰어 물에 담가 전분기를 빼주세요. 
2. 감자채는 한 번 더 전분기를 헹군 후 물에 담가두고 데칠 냄비를 준비해 물을 넉넉히 붓고 불에 올려주세요.
3. 당근은(편으로 썬 것 4조각) 얇게 채썰고 대파 흰 부분(1/2대)과 청양고추(2개), 마늘(3개)도 잘게 다져주세요. 
4. 물이 끓으면 감자채를 넣고 익히다가 물이 다시 부르르 끓어오를 때(40초 정도) 건져내어 바로 찬물에 담가주세요. 그래야 감자가 부스러지지 않고 아삭함이 살아있어요. 
5. 감자채를 2번 정도 찬물에 헹궈 체에 밭친 후 물기를 빼주세요. 
6. 5에 소금 2꼬집을 넣고 살짝 버무린 다음 3의 나머지 채소를 넣고 굴소스 2스푼, 후춧가루, 참기름을 넣고 버무리면 감자채 무침 완성~!"
1364,[이연복] 쌀쌀한 날씨에 딱! 계란에 부쳐서 고소한 두부계란전골!,youtube(인플루언서),https://www.youtube.com/watch?v=VGuqrVWXINA,Y,"간장,감자,감자전분,달걀,돼지고기,두부,배추,소금,식용유,알배추,전분,치킨스톡,후추","간장,감자전분,달걀,돼지고기,두부,소금,식용유,알배추,치킨스톡,후추",,"감자,배추,전분","계란, 소금, 두부, 알배추, 돼지고기, 양조간장, 후춧가루, 감자전분, 식용유, 물, 치킨스톡",물,,"《재료》
두부, 계란, 돼지고기, 양조간장, 파, 알배추, 감자전분, 치킨스톡, 소금, 후춧가루

《만드는 법》
1. 볼에 계란(5개)와 소금 한꼬집을 넣고 잘 풀어서 준비하세요. 
2. 두부는 깍둑썰기한 후 1의 계란물에 담가 주세요. 
3. 알배추(8잎)는 큼직하게 어슷썰기한 후 냄비에 배추 휘어진 부분이 아래로 가게 깔아주세요. 
4. 볼에 돼지고기(250g)를 담고 양조간장 1스푼을 넣은 후 조물조물 버무려 주세요. 여기에 후춧가루를 뿌린 후 계란물(1개분)을 붓고 다시 버무린 다음 감자전분 1스푼(수북하게)을 넣고 버무려 주세요. 
5. 팬에 식용유 3스푼을 두르고 2의 두부를 계란물과 함께 부어 앞뒤로 노릇노릇 탄듯하게 부쳐주세요(흐물흐물하게 반숙으로 부치면 끓일 때 풀어져요).  
6. 3의 냄비에 5의 두부부침을 넣고 물 1L를 부은 후 소금(두 꼬집), 간장(2스푼), 치킨스톡(2스푼), 후춧가루를 약간 넣고 끓이세요. 
7. 국물이 끓으면 4의 돼지고기를 펴주듯이 "
1365,[이연복] 튀기지 않고 건강하게 쪄서먹는 중식닭봉찜!,youtube(인플루언서),https://www.youtube.com/watch?v=Sw7Bkf6z5Kw,Y,"간장,고추,굴소스,다진마늘,닭날개,닭봉,두부,마늘,맛술,설탕,올리고당,청양고추,파,파프리카,후추","간장,굴소스,다진마늘,닭날개,맛술,설탕,올리고당,청양고추,파,파프리카,후추",,"고추,닭봉,두부,마늘","닭날개, 두부튀김, 대파, 다진 마늘, 맛술, 올리고당, 굴소스, 간장, 설탕, 홍피망, 청양고추, 후춧가루, 물","두부튀김, 물",,"《재료》
닭날개, 두부튀김, 대파, 다진 마늘, 맛술, 올리고당, 굴소스, 간장, 설탕, 홍피망, 청양고추, 후춧가루

《만드는 법》
1. 닭날개(8개)는 이등분한 후 양념이 잘 배도록 앞뒤로 칼집을 내주세요. 
2. 볼에 간장 2스푼, 맛술 3스푼, 굴소스 2스푼, 올리고당 3스푼, 설탕 1스푼, 후춧가루 약간, 물 50ml를 넣고 잘 섞어주세요. 
3. 손질한 닭에 2의 양념장을 3스푼 덜어 넣고 조물조물 버무려 잠시 두세요.
4. 2의 양념장에 다진 마늘 3스푼을 넣고 홍피망 1/4개, 대파(흰 부분) 1대, 청양고추 2개를 잘게 썰어 넣어주세요.
5. 찜용 그릇을 준비해 닭을 담고 가운데 두부튀김을 넣은 후 4의 양념장을 골고루 올려 찜기에 넣고 15분간 쪄 주면 중식닭봉찜 완성~!"
1349,[이연복] 설날 떡국떡 활용법! 쫄깃하고 매콤한 어향떡볶음!,youtube(인플루언서),https://www.youtube.com/watch?v=uXxs-Ha3SSk,Y,"간장,고춧가루,굴소스,다진마늘,당근,돼지고기,두반장,떡국떡,마늘,설탕,식용유,파프리카","간장,고춧가루,굴소스,다진마늘,당근,돼지고기,두반장,떡국떡,설탕,식용유,파,파프리카",파,마늘,"떡국떡, 돼지고기, 당근, 파, 청피망, 고춧가루, 간장, 두반장, 굴소스, 식용유, 다진 마늘, 설탕, 물",물,,"《재료》
떡국떡, 돼지고기(다짐육), 당근, 파, 청피망, 고춧가루, 간장, 두반장, 굴소스, 식용유, 다진 마늘, 설탕 

《만드는 법》
1. 떡국떡(400g)은 물에 담가 불려주세요.
2. 파는 흰 대부분을 준비해 송송 썬 다음 다진 마늘 1스푼과 함께 준비하세요.
3. 당근은 편으로 썬 다음(3조각 정도) 잘게 썰어 준비하세요. 
4. 팬에 식용유(4스푼)를 두르고 준비한 파와 다진 마늘, 당근을 넣어 살짝 볶다가 향이 올라오면 돼지고기 다짐육(100g)을 넣고 볶아주세요.
5. 돼지고기가 거의 익으면 간장(1스푼)을 넣고 향이 올라오면 고춧가루(1/2스푼), 물(200ml)을 차례로 넣은 후 두반장, 굴소스, 설탕을 1스푼씩 넣고 불린 떡을 넣어 끓여주세요.
6. 떡이 부드러워지고 소스가 걸쭉해지면 청피망을 잘게 썰어 넣어주세요.
7. 살짝 저어 그릇에 담아내면 어향 떡볶음 완성~!"
1366,[이연복] 반찬이 필요없는 맛! 밥과 함께 먹는 새송이청경채볶음,youtube(인플루언서),https://www.youtube.com/watch?v=ciRVh34y04g,Y,"간장,굴소스,다진마늘,마늘,버섯,새송이버섯,소금,송이버섯,식용유,전분,청경채,파,후추","간장,굴소스,마늘,새송이버섯,소금,식용유,전분,청경채,파,후추",,"다진마늘,버섯,송이버섯","청경채, 새송이버섯, 대파, 마늘, 굴소스, 간장, 소금, 후춧가루, 전분, 물, 식용유",물,,"《재료》
청경채, 새송이버섯, 대파, 마늘, 굴소스, 간장, 소금, 후춧가루, 전분, 물

《만드는 법》
1. 새송이버섯(2개)은 세로로 반을 가른 후 얇게 썰어주세요.
2. 청경채(5개)는 먹기 좋게 밑동 부분을 2~3등분으로 잘라주세요.
3. 끓는 물에 소금을 약간 넣고 새송이버섯을 넣어주세요. 물이 다시 끓어오르면 청경채를 넣고 살짝 데친 후 새송이버섯과 함께 체에 밭쳐 건져주세요. 
4. 팬에 식용유를 두르고 큼직하게 썬 대파(흰 부분 1/2대)와 다진 마늘 1스푼을 넣고 볶다가 데친 새송이버섯과 청경채를 넣어주세요. 
5. 4에 소금 한 꼬집, 간장 1스푼을 넣고 볶다가 물 200ml를 붓고 후춧가루를 뿌린 후 굴소스 1.5스푼을 넣어주세요.
6. 국물이 보글보글 끓으면 전분물(전분 1스푼, 물 2스푼을 풀어서 준비)을 붓고 잘 저어주세요.
7. 국물이 걸쭉해질 때 불을 끄고 그릇에 담아내면 새송이 청경채볶음 완성~!"
1367,[이연복] 색다른 재료로 맛있고 건강하게 중국가정식두부전골!,youtube(인플루언서),https://www.youtube.com/watch?v=QRfidA8jmsQ,Y,"간장,굴소스,다진마늘,당면,두부,마늘,배추,버섯,액젓,팽이버섯,황다랑어,후추","간장,굴소스,다진마늘,배추,액젓,파,팽이버섯,후추",파,"당면,두부,마늘,버섯,황다랑어","두부튀김, 두부피튀김, 양조간장, 굴소스, 참치액, 팽이버섯, 다진 마늘, 배추, 파, 실당면, 후춧가루, 물, 배춧잎, 두부피","두부튀김, 두부피튀김, 실당면, 물, 배춧잎, 두부피",,"《재료》
두부튀김, 두부피튀김, 양조간장, 굴소스, 참치액, 팽이버섯, 다진 마늘, 배추, 파, 실당면, 후춧가루

《만드는 법》
1. 냄비에 물(1200ml)을 붓고 참치액(3스푼), 굴소스(4스푼), 간장(2스푼)을 넣고 섞은 후 다진 마늘(1스푼)을 넣으세요.
2. 배춧잎(5장)은 굵직하게 썰고, 두부피는 반으로 잘라 준비하세요.
3. 1에 배춧잎, 팽이버섯, 실당면을 넣고 보글보글 끓으면 두부튀김(20알)을 넣고 끓이다가 후춧가루를 뿌려주세요.
4. 배춧잎이 익으면 두부피튀김을 넣고 송송썬 파를 올려 완성~!"
1369,[이연복] 이보다 더 간단할 수 없다! 초간단 고추잡채!,youtube(인플루언서),https://www.youtube.com/watch?v=t_cVTSD92aI,Y,"고추,버섯,식용유,양파,파프리카,팽이버섯,표고버섯","식용유,양파,파프리카,팽이버섯,표고버섯",,"고추,버섯","고추잡채 소스, 고기, 청피망, 홍피망, 양파, 표고버섯, 팽이버섯, 꽃빵, 식용유","고추잡채 소스, 고기, 꽃빵",,"《재료》
요리킥(고추잡채 소스), 고기, 청피망, 홍피망, 양파, 표고버섯, 팽이버섯, 꽃빵


《만드는 법》
1. 꽃빵은 찜기에 넣고 약 6~7분간 쪄주세요. 
2. 양파(1/4개)와 표고버섯(4개)은 채썰고, 청피망(2개), 홍피망(1/2개)은 반으로 잘라 흰 속대 부분을 떼어내고 채썰어 준비하세요. 팽이버섯(1/2봉)은 밑동을 잘라 준비하세요.   
3. 팬에 식용유를 3스푼 두른 후 양파를 먼저 넣고 고기를 넣어 볶아주세요. 그래야 고기가 팬에 달라붙지 않아요. 
4. 고기가 익으면 2의 나머지 준비한 채소를 넣고 볶아주세요. 
5. 채소가 익으면 요리킥 소스를 넣고 볶은 후 접시에 담아주세요. 
6. 마지막에 찐 꽃빵을 함께 내면 초간단 고추잡채 완성~!"
1377,[이연복] 고기? 전복? 감칠맛 폭발! 새송이 어향버섯!,youtube(인플루언서),https://www.youtube.com/watch?v=V3C1XEv72WE,Y,"간장,고추,고춧가루,굴소스,다진마늘,두반장,마늘,버섯,새송이버섯,설탕,송이버섯,식용유,양파,전분,청경채,청양고추,파,파프리카","간장,고춧가루,굴소스,다진마늘,두반장,새송이버섯,설탕,식용유,양파,전분,청경채,청양고추,파,파프리카",,"고추,마늘,버섯,송이버섯","청경채, 새송이버섯, 다진 마늘, 대파, 청피망, 홍피망, 양파, 청양고추, 간장, 설탕, 두반장, 굴소스, 식용유, 물, 전분, 고춧가루",물,,"《재료》
새송이버섯, 청경채, 다진 마늘, 대파, 청피망, 홍피망, 양파, 청양고추, 간장, 설탕, 두반장, 굴소스, 식용유

《만드는 법》
1. 청경채(5개)는 1/4등분한 후 끓는물에 살짝 데쳐 찬물에 담가주세요.
2. 새송이버섯(3개)은 기둥 부분을 두툼하게 썰어서(3등분 정도) 양면에 칼집을 내주세요. 
3. 2의 새송이버섯에 물을 적신 후 전분을 골고루 묻혀 주세요.
4. 새송이버섯의 갓 부분과 청피망(1/3개), 홍피망(1/3개), 대파(1대), 청양고추(1개)는 잘게 썰어 준비하세요.
5. 팬에 새송이버섯이 반쯤 잠길 정도의 식용유를 붓고 전분을 묻힌 새송이버섯을 넣은 후 양면을 고루 익혀 노릇해지면 꺼내주세요.
6. 식용유가 남아있는 팬에(식용유 7스푼 정도) 썰어둔 파와 다진 마늘을 넣고 볶다가 고춧가루(1스푼), 간장(1스푼), 나머지 야채를 넣고 물(250ml), 두반장(1스푼), 설탕(1스푼), 굴소스(2스푼)를 넣고 끓여주세요.
7. 마지막에 전분 1스푼, 물"
1368,[이연복] 새콤달콤 칠리소스와 탱글한 새우로 간단 칠리새우 완성!,youtube(인플루언서),https://www.youtube.com/watch?v=Cec9dAHaSo4,ERROR,"고추,고추기름,굴소스,다진마늘,당근,마늘,새우,설탕,식초,전분,청양고추,칠리,토마토","고추,고추기름,굴소스,다진마늘,당근,마늘,새우,설탕,식초,전분,청양고추,칠리,토마토",,,,,HTTP 429,"《재료》
새우, 토마토케첩, 굴소스, 식초, 설탕, 물, 당근, 파, 다진 마늘, 전분

《만드는 법》
1. 냄비에 물 300ml를 붓고 불을 끈 상태에서 설탕 4스푼, 토마토케첩 5스푼, 식초 3스푼, 굴소스 1스푼을 넣고 잘 저은 후 간을 보세요. 기호에 따라 매운 맛을 좋아하면 고추기름이나 청양고추를 넣어도 좋아요. 
2. 1에 전분 2스푼을 넣고 가루가 덩어리지지 않도록 잘 풀어주세요.
3. 냉동 새우는 해동시키고(작은 것 30마리 정도), 파, 당근, 마늘은 잘게 썰어서 준비하세요.
4. 2의 냄비에 불을 켜고 바로 해동한 새우를 넣고, 3의 야채를 넣고 끓여주세요. 소스가 묽을 경우 전분1:물2 비율로 갠 다음 살짝 뿌려주면서 농도를 맞추세요.
5. 소스가 걸쭉해질 때 불을 끄고 그릇에 담아내면 초간단 칠리새우 완성~!"
1370,[이연복] 케첩에 계란 볶음밥은 진리! 중화오므라이스!,youtube(인플루언서),https://www.youtube.com/watch?v=EVUXjEHukPw,ERROR,"달걀,당근,소금,식용유,양파,완두콩,토마토,파,햇반","달걀,당근,소금,식용유,양파,완두콩,토마토,파,햇반",,,,,HTTP 429,"《재료》
계란, 즉석밥, 맛소금, 토마토케첩, 당근, 양파, 대파, 완두콩

《만드는 법》
1. 즉석밥은 포장 뚜껑을 벗겨내고 전자레인지에 2분간 돌려주세요.
2. 볼에 계란(2개)과 맛소금을 약간 넣고 잘 풀어주세요.
3. 팬에 식용유를 두르고 달궈지면 키친타월로 기름을 살짝 닦아주세요. 팬에 식용유가 흐르지 않고 약간 묻어있는 정도가 좋아요. 
4. 3의 팬에 계란물을 부어 얇게 부친 후 떼어내어 식혀주세요. 남은 계란물은 밥 볶을 때 사용하도록 달걀 1개를 더 풀어 준비해 주세요. 
5. 양파, 당근, 대파는 잘게 썰어주세요.
6. 팬에 식용유(2스푼)를 두르고 4의 계란물을 부은 다음 나무 주걱으로 저어가며 반쯤 익으면 즉석밥을 섞은 후 맛소금을 1/5스푼 정도 넣고 볶아주세요. 이때 밥을 팬에 넓게 펴면서 살짝 타는 듯할 정도로 볶아주세요. 밥의 수분이 날아가고 포슬포슬해지면 준비한 야채와 완두콩을 넣고 볶아주세요. 
7. 야채가 익으면 토마토케첩 3스푼을 넣고 섞어주세요."
1373,[이연복] 부드러운 식감이 일품! NEW 계란덮밥!,youtube(인플루언서),https://www.youtube.com/watch?v=CgJfi-TqAMQ,ERROR,"간장,굴소스,달걀,버섯,설탕,전분,파,팽이버섯,햇반","간장,굴소스,달걀,버섯,설탕,전분,파,팽이버섯,햇반",,,,,HTTP 429,"《재료》
계란, 즉석밥, 굴소스, 양조간장, 크래미, 팽이버섯, 대파, 설탕, 전분

《만드는 법》
1. 즉석밥은 포장 뚜껑을 벗겨내고 전자레인지에 2분간 돌려주세요.
2. 팬에 물 400ml, 간장 1스푼, 굴소스 3스푼, 설탕 1/2스푼을 넣고 섞은 후 맛을 봐주세요. 살짝 짭짤한 맛이 나면 적당해요.
3. 볼에 팽이버섯, 크래미(3조각 분량을 결대로 찢어서 준비), 계란 3개를 넣고 잘 섞어주세요.
4. 2에 전분 2스푼을 넣고 섞은 후 불에 올려 잘 저어가며 눌어붙지 않게 끓여주세요.
5. 보글보글 끓기 시작하면 3을 한꺼번에 붓고 나무 주걱으로 천천히 밀어주듯 살살 섞어주세요. 중간에 불을 약하게 줄여 다시 살살 섞어가며 익혀주세요.
6. 접시에 즉석밥을 담고 5를 부은 후 대파를 송송 썰어 내면 뉴계란덮밥 완성~!"
1374,[이연복] 계란+계란! 초간단 5분 계란 볶음밥!,youtube(인플루언서),https://www.youtube.com/watch?v=wVE5Sw61yDE,ERROR,"굴소스,달걀,당근,식용유,파,햇반","굴소스,달걀,당근,식용유,파,햇반",,,,,HTTP 429,"《재료》
계란, 즉석밥, 굴소스, 파, 당근, 식용유

《만드는 법》
1. 즉석밥은 포장 뚜껑을 벗겨내고 전자레인지에 2분간 돌려주세요.
2. 팬에 식용유를 3스푼 정도 넉넉히 두르고 계란 프라이를 2개 만들어 주세요. 이때 기름에 약간 튀기듯이 바싹 부쳐주세요(노른자도 완전히 익혀주세요).
3. 당근과 파는 잘게 썰고 바싹 부친 계란 프라이도 잘게 썰어 준비하세요.
4. 달군 팬에 달걀 1개를 넣고 고루 저어가며 익혀 스크램블이 되면 데운 즉석밥을 넣어주세요.
5. 밥과 계란이 잘 섞이도록 골고루 볶아주세요. 볶는 과정에서 고소함이 살아나면서 수분이 증발해서 식감과 향이 좋아져요. 
6. 5에 준비한 당근, 파, 계란을 넣고 볶다가 굴소스 1스푼을 넣어주세요.
7. 밥과 굴소스가 잘 어우러지게 볶은 후 접시에 담아내면 더블계란볶음밥 완성~!"
1380,"[이연복] 비법  공개! 소고기 덮밥, 이보다 더 부드러울 순 없다!",youtube(인플루언서),https://www.youtube.com/watch?v=-Jz3CR8uUto,ERROR,"간장,고추,굴소스,다진마늘,달걀,마늘,버섯,부챗살,설탕,소고기,식용유,양파,전분,쪽파,청양고추,파,팽이버섯,햇반,후추","간장,고추,굴소스,다진마늘,달걀,마늘,버섯,부챗살,설탕,소고기,식용유,양파,전분,쪽파,청양고추,파,팽이버섯,햇반,후추",,,,,HTTP 429,"《재료》
부채살, 배춧잎, 양파, 파, 마늘, 팽이버섯, 계란, 쪽파, 청양고추, 굴소스, 간장, 전분, 설탕, 식용유, 후춧가루, 즉석밥

《만드는 법》
1. 부채살(200g)은 간장(2스푼)을 넣고 조물조물 무쳐주세요. 
2. 볼에 달걀 2개를 풀어 준비하세요.
3. 부채살에 전분 1 1/2스푼, 달걀물 2스푼을 넣고 조물조물 무친 후 식용유 1스푼을 넣고 무쳐주세요.
4. 대파(1/3대)는 송송 썰고, 양파(1/4개)와 배춧잎(2장)은 채썰고, 청양고추(1개)는 얇게 썰어주세요. 다진 마늘(1스푼)과 팽이버섯도 준비해 주세요. 
5. 즉석밥은 포장 뚜껑을 벗겨내고 전자레인지에 2분간 돌려주세요.
6. 팬에 식용유(4스푼)를 두르고 재워둔 넣고 부채살을 볶다가 파, 마늘, 청양고추를 넣고 볶아주세요. 
7. 간장(2스푼)과 나머지 채소를 넣고 볶다가 후춧가루를 뿌린 후 물(200ml), 굴소스(1스푼), 설탕(1/2스푼), 쪽파를 넣고 달걀물 풀어둔 것을 살짝 부어주세요. 이때 "
1381,[이연복] 미국대표배달중식! 로메인(Lo Mein),youtube(인플루언서),https://www.youtube.com/watch?v=hQTq6Fl5jQM,ERROR,"간장,노추,다진마늘,당근,돼지고기,라면,마늘,버섯,상추,새우,설탕,소고기,숙주나물,식용유,양파,청경채,치킨튀김가루,표고버섯","간장,노추,다진마늘,당근,돼지고기,라면,마늘,버섯,상추,새우,설탕,소고기,숙주나물,식용유,양파,청경채,치킨튀김가루,표고버섯",,,,,HTTP 429,"《재료》
라면, 식용유, 청경채, 표고버섯, 배춧잎, 양파, 당근, 숙주, 새우, 다진 마늘, 진간장, 치킨파우더, 설탕, 노추간장

《만드는 법》
1. 끓는물에 라면을 2개 넣고 80% 정도만 익혀주세요.
2. 익힌 라면은 체에 밭쳐 찬물에 헹구지 말고 물기만 뺀 후 널찍한 트레이에 담아 펼쳐 주세요. 
3. 면에 식용유를 골고루 두른 후 기름이 코핑되도록 손으로 섞어주세요. 이 때 수분이 날아가도록 손선풍기를 틀어 놓고 손으로 면을 골고루 섞어가며 식혀주세요. 
4. 청경채(1개)는 먹기 좋게 3~4등분하고, 표고버섯(1~2개)은 슬라이스하세요. 배춧잎(2장)과 양파(1/2개)는 채썰어 준비하세요. 당근은 얇게 비스듬히 슬라이스해서 3조각 정도만 채썰어 준비하세요.
5. 새우는 데친 후 체에 밭쳐 물기를 빼두세요. 새우 대신 쇠고기나 돼지고기를 넣어 응용해도 좋아요. 
6. 볼에 물 3큰술, 진간장 1큰술, 치킨파우더 1작은술, 설탕 1큰술, 노추간장 1작은술을 넣고 섞어주세요."
1382,[이연복] 아메리칸 중식! 소고기볶음쌀국수!,youtube(인플루언서),https://www.youtube.com/watch?v=c7ToX2Svnag,ERROR,"간장,굴소스,노추,다진마늘,두유,마늘,면,설탕,소고기,소면,숙주나물,식용유,쌀국수면,양파,우삼겹,쪽파,후추","간장,굴소스,노추,다진마늘,두유,마늘,면,설탕,소고기,소면,숙주나물,식용유,쌀국수면,양파,우삼겹,쪽파,후추",,,,,HTTP 429,"《재료》
쌀국수면(폭 1cm), 우삼겹, 숙주, 쪽파, 양파, 다진 마늘, 진간장, 노추간장(노두유), 굴소스, 설탕, 후춧가루, 식용유

《만드는 법》
1. 쌀국수면(200g)은 물에 한 시간 동안 담가 불려주세요.
2. 쪽파는 3~4cm 길이로 썰고, 양파는 채썰어 준비하세요.   
3. 팬에 식용유 3큰술을 두르고 우삼겹(100g)을 넣어 볶다가 기름이 나오면 불린 쌀국수를 넣어 살짝 볶아주세요.
4. 볶은 우삼겹과 쌀국수를 체에 밭친 후 양념장을 만들어 주세요. 볼에 진간장 3큰술, 노추간장 2큰술, 설탕 1큰술, 굴소스 1큰술, 후춧가루(한꼬집)를 넣고 섞으세요(양념장은 쌀국수 200g일 때 3큰술 넣으면 적당해요). 
5. 쌀국수를 볶았던 팬에 식용유 1큰술을 두르고 다진 마늘을 넣고 볶다가 채썬 양파를 넣어 향이 날 정도로만 살짝 볶으세요. 
6. 5에 볶아둔 우삼겹과 쌀국수를 넣고 만들어둔 양념장 3큰술을 넣고 잘 볶아주세요. 
7. 면에 양념장이 스며들어 색깔이 나면"
1383,꼭 봐야 하는 계란요리 모음 10가지!! 정말 맛있습니다! 꼭 시도해 보세요!,youtube(인플루언서),https://www.youtube.com/watch?v=9PcShDLs92g,Y,"가지,달걀,만두,삼각김밥,새송이버섯,새우,시금치,애호박,참치마요,호박,황다랑어","김,달걀,마요네즈,만두,새송이버섯,새우,시금치,애호박,호박,황다랑어","김,마요네즈","가지,삼각김밥,참치마요","계란, 시금치, 토르티야, 참치, 마요네즈, 밥, 김, 새송이버섯, 카츠, 애호박, 새우, 만두, 핫도그, 우동, 플랫 브레드, 야채, 단호박, 케이크","토르티야, 밥, 카츠, 핫도그, 우동, 플랫 브레드, 야채, 케이크",,"계란이 들어간 맛있는 요리 10가지 모음입니다. 한번 만들어 보세요. 정말 맛있습니다. 원본 영상 파일 링크는 아래와 같습니다.

1. 계란 시금치 토르티야
https://youtu.be/9qKduoMjuNA

2. 계란 참치마요 삼각김밥
https://youtu.be/yBLSFvX9BG0

3. 새송이 카츠
https://youtu.be/JUngah9qTBI

4. 애호박 새우 만두
https://youtu.be/5Kc16Sll7kE

5. 계란말이 김밥 핫도그
https://youtu.be/sRPZNlEHLHs

6. 계란찜 우동
https://youtu.be/g81kBsXrB6g

7. 계란말이 꼬마 김밥
https://youtu.be/F6opP0DlUmY

8. 플랫 브레드
https://youtu.be/YWxPqKmnH9Q

9. 계란 야채 덮밥
https://youtu.be/SJaTLHuEHKw

10. 전자레인지 단호박 케이크
https://youtu.be/RidmoOU"
1384,놀라운 양배추 계란 요리!!  다들 너무 맛있대요! 이렇게 까지 인기 있을 줄 몰랐어요!,youtube(인플루언서),https://www.youtube.com/watch?v=UDHg-Wq1Hcs,Y,"달걀,마요네즈,배추,베이컨,상추,소금,양배추,치즈,토마토,후추","꿀,달걀,마요네즈,베이컨,상추,소금,양배추,치즈,토마토,후추",꿀,배추,"양배추, 토마토, 상추, 치즈, 베이컨, 계란, 머스터드, 스리랏차 소스, 마요네즈, 꿀, 소금, 후추","머스터드, 스리랏차 소스",,"양배추 안 먹는 사람도 반하는 건강하고 맛있는 양배추 계란 부리토입니다. 

재료 : 
1. 양배추
2. 토마토
3. 상추
4. 치즈
5. 베이컨
6. 계란
7. 머스터드, 스리랏차 소스, 마요네즈, 꿀, 소금, 후추

시청해주셔서 감사합니다."
1390,10가지 놀라운 두부 요리!! 두부의 변신! 두부로 다양한 요리를 만들어 보세요!,youtube(인플루언서),https://www.youtube.com/watch?v=rqglS9uCbDQ,Y,"달걀,두부,라면,버섯,순두부,스팸,피자","달걀,두부,라면,라이스페이퍼,버섯,순두부,스팸,황다랑어","라이스페이퍼,황다랑어",피자,"두부, 스팸, 순두부, 버섯, 브라우니, 계란, 라면, 라이스페이퍼, 참치, 밥","브라우니, 밥",,"두부로 다양한 요리를 만들어보세요. 정말 건강하고 맛있는 요리가 만들어집니다. 두부요리 모음집입니다. 원본 영상 링크는 아래와 같습니다. 

1. 두부 피자
https://youtu.be/sqA4G_KzESg

2. 스팸 두부가스
https://youtu.be/YKK17C5oM0k

3. 순두부 그라탕
https://youtu.be/oRYoQrI3UCE

4. 버섯 두부 조림
https://youtu.be/wa0UvD1fa_o

5. 두부 브라우니
https://youtu.be/Llu7ohCvlyI

6. 계란 순두부 라면
https://youtu.be/2rBl-c79YBE

7. 두부 팝콘
https://youtu.be/jdLGR0XS0A8

8. 라이스페이퍼 두부전
https://youtu.be/j8lirWYCSR8

9. 참치 순두부 찌개
https://youtu.be/_Yb6e02y4LY

10.  밥 없는 삼각김밥 (두부 삼각김밥)
https://youtu.be/zijyKr"
1385,초!초!초!간단! 에어프라이어 계란요리!! 그릇도 필요 없어요!! 간단하고 맛있게!,youtube(인플루언서),https://www.youtube.com/watch?v=HvKvnkEUDT4,Y,"달걀,베이컨,시금치,치즈,토마토,파슬리","달걀,베이컨,시금치,토마토,파슬리",,치즈,"시금치, 방울토마토, 파슬리, 계란, 베이컨, 모차렐라 치즈",모차렐라 치즈,,"15분이면 식사가 준비됩니다. 건강하고 맛있는 프리타타 스타일 초간단 레시피입니다. 그릇도 필요 없어요. 한번 만들어 보세요. 

재료 : 
1. 시금치
2. 방울토마토
3. 파슬리 (선택)
4. 계란
5. 베이컨 (선택)
6. 모차렐라 치즈 (선택)

시청해주셔서 감사합니다."
1391,NO 밀가루!! 겉바속촉 애호박 새우 만두!!깜짝 놀라게 맛있어요,youtube(인플루언서),https://www.youtube.com/watch?v=5Kc16Sll7kE,Y,"간장,감자,감자전분,고추,김가루,다진마늘,달걀,당근,마늘,만두,밀가루,부침가루,새우,소금,애호박,양파,전분,청양고추,튀김가루,파,페퍼,호박,후추","간장,감자전분,다진마늘,달걀,당근,새우,소금,애호박,양파,청양고추,파,후추",,"감자,고추,김가루,마늘,만두,밀가루,부침가루,전분,튀김가루,페퍼,호박","애호박, 당근, 양파, 대파, 청양고추, 새우, 감자전분, 계란, 소금, 후추, 크러쉬드 레드 페퍼, 다진 마늘, 간장",크러쉬드 레드 페퍼,,"애호박 당근 등 건강한 야채를 이용해 밀가루가 없는 맛있는 애호박 새우 만두를 만들어봤습니다. 정말 맛있으니 한번 만들어보세요.

재료 : 
1. 애호박
2. 당근
3. 양파
4. 대파
5. 청양고추 (선택)
6. 새우
7. 감자전분 (다른 전분이나 밀가루, 부침가루, 튀김가루 다 됨)
8. 계란
9. 소금, 후추, 크러쉬드 레드 페퍼, 다진 마늘, 간장

시청해주셔서 감사합니다."
1392,바삭한 치킨에 카레를 입히면!! 놀라운 맛! 치킨 카레의 혁명!,youtube(인플루언서),https://www.youtube.com/watch?v=8CzGlrSTiIY,N,"굴소스,마늘,소금,양파,우유,칠리,카레,후추","굴소스,마늘,소금,양파,우유,칠리,카레,후추",,,"기름, 치킨, 마늘, 양파, 밥, 카레, 소금, 후추, 칠리, 굴소스, 우유","기름, 치킨, 밥",,"적은 기름으로 바삭하고 향이 좋은 마늘 치킨 카레 볶은 밥입니다. 정말 맛있습니다.

재료 : 
1. 치킨
2. 마늘
3. 양파
4. 밥
5. 카레, 
6. 소금, 후추, 칠리, 굴소스, 우유

시청해주셔서 감사합니다."
1386,겉은 바사삭!! 속은 촉촉한!! 완벽한 초콜릿 도넛,youtube(인플루언서),https://www.youtube.com/watch?v=6NlKmukKUHc,Y,"달걀,도넛,밀가루,밀크초콜릿,빵가루,설탕,소금,중력분,초콜릿","다크초콜릿,달걀,밀크초콜릿,빵가루,설탕,소금",다크초콜릿,"도넛,밀가루,중력분,초콜릿","밀크초콜릿, 다크 초콜릿, 중력분 밀가루, 계란, 빵가루, 소금, 설탕",중력분 밀가루,,"정말 맛있어서 깜짝 놀랍니다. 바삭바삭 촉촉한 초콜릿 도넛입니다. 

재료 : 
1. 밀크초콜릿. 다크 초콜릿
2. 중력분 밀가루
3. 계란
4. 빵가루
5. 소금, 설탕

시청해주셔서 감사합니다."
1393,이렇게 만드니 두부가 정말 맛있답니다! 쉽고 맛있는 두부 요리!,youtube(인플루언서),https://www.youtube.com/watch?v=zijyKrx8VXg,Y,"간장,고추,굴소스,다진마늘,달걀,당근,두부,마늘,부추,소금,수수,스팸,옥수수,전분,치즈,후추","간장,고추,굴소스,다진마늘,달걀,당근,두부,부추,소금,스팸,옥수수전분,치즈,후추",옥수수전분,"마늘,수수,옥수수,전분","두부, 부추, 고추, 당근, 계란, 옥수수 전분, 다진마늘, 굴소스, 간장, 소금, 후추, 스팸, 치즈",,,"밥 없이 만들었는데 정말 맛있습니다. 한번 시도해보세요. 건강하고 맛있게 즐길 수 있습니다. 

재료 : 
1. 두부
2. 부추
3. 고추
4. 당근
5. 계란
6. 옥수수 전분
7. 다진마늘, 굴소스, 간장, 소금, 후추
8. 선택 : 스팸, 치즈

시청해주셔서 감사합니다."
1387,맛있는 계란말이가 통째로 들어가 계란말이 꼬마 김밥! 만들어 주면 다 감탄해요,youtube(인플루언서),https://www.youtube.com/watch?v=F6opP0DlUmY,Y,"김,깻잎,단무지,달걀,우엉,햄","김밥김,깻잎,단무지,달걀,우엉,햄",김밥김,김,"계란, 햄, 단무지, 우엉, 밥, 김밥용 김, 깻잎",밥,,"모양도 색감도 예쁘고 맛도 좋은 계란말이 꼬마 김밥입니다. 이번 주말 시도해 보세요.

재료 :
1. 계란
2. 햄
3. 단무지, 우엉
4. 밥
5. 김밥용 김
6. 깻잎
단무지, 우엉 대신에 


시청해주셔서 감사합니다."
1394,단 3가지 재료!! 전자레인지로 만드는 초콜릿 쿠키! 바삭 꾸덕! 정말 맛있고 쉬운!,youtube(인플루언서),https://www.youtube.com/watch?v=_YRXyCLfkqo,Y,"다리,달걀,밀가루,우유,중력분,초콜릿,초콜릿잼,쿠키","달걀,우유,초콜릿잼",,"다리,밀가루,중력분,초콜릿,쿠키","누텔라, 중력분 밀가루, 우유, 계란",중력분 밀가루,,"노오븐 전자레인지로 만드는 초콜릿 쿠키와 오븐으로 만드는 초간단 초콜릿 쿠키 레시피 모두 담았습니다. 꼭 만들어 보세요. 정말 쉽고 맛있습니다.

재료 : 
전자레인지 초콜릿 쿠키
1. 누텔라
2. 중력분 밀가루
3. 우유

오븐에서 구운 초콜릿 쿠키
1. 누텔라
2. 중력분 밀가루
3. 계란

뜨거울 때는 모양이 유동적입니다. 식는 걸 기다리면 쿠키 모양이 완성됩니다.
냉장고에 보관했다 먹으면 또 다른 새로운 질감을 즐기실 수 있습니다. 

시청해주셔서 감사합니다."
1388,완벽한 아침! 원팬 베이컨 계란 토스트! 겉은 바삭 안은 신선! 초간단 맛있어요!,youtube(인플루언서),https://www.youtube.com/watch?v=oyQnCZZEYG0,Y,"달걀,베이컨,상추,식빵,치즈,토마토,햄","달걀,베이컨,상추,슬라이스햄,식빵,치즈,토마토",슬라이스햄,햄,"토마토, 상추, 베이컨, 슬라이스 햄, 치즈, 식빵, 계란",,,"쉽고 맛있는 원팬 샌드위치 토스트입니다. 주말 브런치나 간식으로도 좋습니다. 

재료 : 
1. 토마토
2. 상추
3. 베이컨 (슬라이스 햄)
4. 치즈
5. 식빵
6. 계란

시청해주셔서 감사합니다."
1395,꼭 먹어봐야 하는 놀라운 10가지!! 토스트/샌드위치 모음! 완벽한 아침식사/간식!,youtube(인플루언서),https://www.youtube.com/watch?v=jpBayMtQhzg,Y,"고구마,달걀,치즈,파,햄","고구마,달걀,버터,식빵,양배추,치즈,파,햄","버터,식빵,양배추",,"치즈, 햄, 계란, 토스트, 대파, 고구마, 양배추, 갈릭, 버터, 식빵","토스트, 갈릭",,"아침으로도 간식으로도 좋은 토스트/ 샌드위치 요리를 모아봤습니다. 원본 영상 링크는 아래를 참조하세요. 

1. 더블 치즈 햄 샌드위치
https://youtu.be/iaWWmmzHgUk

2. 계란 치즈 토스트 
https://youtu.be/ESzXO8BGrSY

3. 계란 대파 토스트
https://youtu.be/xzuw5sy9d4M

4. 고구마로 만드는 프렌치 토스트
https://youtu.be/8Hb53eM6qgM

5. 햄 치즈 프렌치 토스트
https://youtu.be/7-ZjvoJPUFo

6. 프렌치 토스트 핫도그
https://youtu.be/yJAAvIbse-8

7. 양배추 계란 갈릭 버터 토스트
https://youtu.be/hmf0_94QxUY

8. 계란 토스트 롤
https://youtu.be/hQZdI2pEyqI

9. 치즈 코팅 토스트
https://youtu.be/3wsXxGAHY6A

10. 식빵없이 만드는 프렌치 토스트
https://yo"
1396,"꼭 봐야하는 9가지 초콜릿 만들기 모음!! 파베초콜릿, 초코쿠키, 치즈초코볼",youtube(인플루언서),https://www.youtube.com/watch?v=BD2C4OWeif8,Y,"가지,두부,쌀떡,오레오,찹쌀,초콜릿,치즈,쿠키",,,"가지,두부,쌀떡,오레오,찹쌀,초콜릿,치즈,쿠키",,,,"아주 쉽고 고급스런 풍미의 초콜릿을 원한다면 이 영상을 꼭 봐야 합니다. 초콜릿 만드는 레시피 9가지를 모아보았습니다. 

원본 영상 링크는 아래와 같습니다. 

1~4. 4가지 파베초콜릿 만들기 
Pave/ Fudge Chocolate
https://youtu.be/pMrn2IJsKb0

5. 오레오 초콜릿 치즈볼
https://youtu.be/OW8o3bmDYhU

6. 전자레인지 초콜릿 찹쌀떡!
https://youtu.be/FVOW9Fzw7N4

7. 전자레인지 초콜릿 쿠키 
https://youtu.be/iFDL1x8ojAU

8. 두부 초콜릿 브라우니
https://youtu.be/Llu7ohCvlyI

9.  전자레인지 초콜릿칩 쿠키
https://youtu.be/1kjKl90PZ4w


시청해주셔서 감사합니다."
1397,피자집에서 싫어하는 영상! 쉬운데 더 맛있다! 바삭 고구마 꽃피자!,youtube(인플루언서),https://www.youtube.com/watch?v=BeQK6wKI7-A,Y,"고구마,꿀,도우,버터,수수,스위트콘,식빵,옥수수,우유,치즈,토마토,토마토소스,파슬리,피자","고구마,꿀,버터,스위트콘,식빵,우유,토마토소스,파슬리",,"도우,수수,옥수수,치즈,토마토,피자","고구마, 식빵, 토마토 소스, 모차렐라 치즈, 우유, 꿀, 옥수수캔, 파슬리, 버터",모차렐라 치즈,,"간단하게 식빵을 피자 도우로 예쁘고 맛있는 컵 피자를 만듭니다. 달달하고 부드러운 고구마 피자와 바삭한 토스트를 같이 즐겨보세요. 

재료 : 
1. 고구마
2. 식빵
3. 토마토 소스
4. 모차렐라 치즈
5. 우유
6. 꿀
7. 옥수수캔
8. 파슬리, 버터

시청해주셔서 감사합니다."
1398,식당에서 싫어하는 영상! 10분 만에 소고기 야채 요리!에 우동까지?!!정말 쉽고 맛있다!,youtube(인플루언서),https://www.youtube.com/watch?v=sGddhK9eeMQ,Y,"가지,간장,배추,버섯,소고기,알배추,쯔유,청경채,팽이버섯","소고기,알배추,쯔유,청경채,팽이버섯",,"가지,간장,배추,버섯","소고기, 알배추, 청경채, 팽이버섯, 간장소스, 쯔유, 우동","간장소스, 우동",,"영양 많고 맛있고 간단한 저녁 준비하는 방법입니다. 한번에 2가지 음식으로 만들 수 있습니다. 꼭 만들어보세요. 

재료 : 
1. 얇게 자른 소고기
2. 알배추
3. 청경채
4. 팽이버섯
5. 간장소스, 쯔유
6. 우동

시청해주셔서 감사합니다."
1400,매콤하게 맛있는 삼겹 볶음 라면!! 국물 라면은 그만! 이제 볶아 먹어요! 맛있게 삼겹살 굽는 법!,youtube(인플루언서),https://www.youtube.com/watch?v=TXqq8fzEJqU,N,"고춧가루,굴소스,라면,마늘,삼겹살,양파,파","고춧가루,굴소스,라면,마늘,삼겹살,양파,파",,,"삼겹살, 라면, 대파, 마늘, 양파, 고춧가루, 굴소스",,,"매일 먹던 국물 라면은 이제 그만! 매콤하게 볶아서 먹는 라면입니다. 맛있는 삼겹살 굽는 방법도 알려드려요

재료 : 
1. 삼겹살
2. 라면
3. 대파 
4. 마늘
5. 양파
6. 고춧가루, 굴소스

시청해주셔서 감사합니다."
1389,오징어 튀김인가? 감자튀김보다 맛있다!! 바삭 바삭 팽이버섯칩!,youtube(인플루언서),https://www.youtube.com/watch?v=wzvKU3MTIOU,Y,"간장,감자,감자전분,꿀,마요네즈,버섯,식초,전분,팽이버섯,후추","간장,감자전분,꿀,마요네즈,식초,팽이버섯,후추",,"감자,버섯,전분","팽이버섯, 감자전분, 간장, 식초, 후추, 마요네즈, 스리랏차 소스, 꿀",스리랏차 소스,,"정말 바삭바삭하고 맛있는 팽이버섯으로 만든 칩스입니다. 가격도 싸고 맛있는 팽이버섯 이렇게 만들어 보세요. 

재료 :
1. 팽이버섯
2. 감자전분
3. 간장, 식초, 후추
4. 마요네즈, 스리랏차 소스, 꿀

시청해주셔서 감사합니다."
1401,노오븐! 노반죽! 집에서 쉽게 만드는 진한 풍미의 흑백 초콜릿 케이크!!,youtube(인플루언서),https://www.youtube.com/watch?v=lYG8vFi0_xo,Y,"다이제,땅콩,버터,비스킷,설탕,우유,초콜릿,코코아,코코아파우더,호두","다크초콜릿,땅콩,버터,비스킷,설탕,우유,코코아파우더,호두,화이트초콜릿","다크초콜릿,화이트초콜릿","다이제,초콜릿,코코아","우유, 설탕, 코코아파우더, 버터, 비스킷, 호두, 땅콩, 다크 초콜릿, 화이트 초콜릿, 식물성 기름",식물성 기름,,"크리스마스에 집에서 직접 흑백 초콜릿 케이크를 만들어보세요. 정말 진하고 맛있습니다. 

재료 : 
1. 우유
2. 설탕
3. 코코아파우더
4. 버터
5. 비스킷 (다이제)
6. 호두
7. 땅콩
8. 다크 초콜릿
9. 화이트 초콜릿
10. 식물성 기름 

시청해주셔서 감사합니다."
1404,정말 쉬운! 초간단! 빵 만들기!! 울퉁불퉁 맛있다,youtube(인플루언서),https://www.youtube.com/watch?v=SVc7nS3ZaQg,Y,"달걀,설탕,소금,식빵,우유,중력분","달걀,설탕,소금,우유,중력분",,식빵,"계란, 우유, 중력분, 소금, 설탕",,,"식빵이 없어도 맛있는 프렌치 토스트를 만들 수 있습니다. 빵없이 초간단 대형 프렌치 토스트를 만들어 보세요.

재료:
1. 계란
2. 우유
3. 중력분
4. 소금 설탕 

시청해주셔서 감사합니다"
1399,베이커리에서 싫어하는 영상! 쉬운데 더 맛있다! 겉은 바삭! 입에서 녹는 치즈 타르트꽃!!,youtube(인플루언서),https://www.youtube.com/watch?v=-ERN7EDr9QI,ERROR,"달걀,버터,설탕,소금,수수,식빵,옥수수,우유,전분,치즈,크림치즈","달걀,버터,설탕,소금,수수,식빵,옥수수,우유,전분,치즈,크림치즈",,,,,HTTP 429,"전문점보다 맛있고 간단하게 만드는 치즈 타르트 입니다. 집에서 꼭 만들어 보세요.

재료 : 
1. 크림치즈
2. 계란
3. 설탕, 소금, 버터
4. 식빵
5. 옥수수 전분
6. 바닐라 익스트랙, 우유 (선택)

시청해주셔서 감사합니다."
1402,힘들게 김밥 말지 마세요! 김밥보다 맛있습니다! 스팸 계란 미니 주먹밥!,youtube(인플루언서),https://www.youtube.com/watch?v=nDUxZwrnT7E,ERROR,"간장,김,달걀,소금,스팸,파","간장,김,달걀,소금,스팸,파",,,,,HTTP 429,"스팸과 계란 넣고 쓱쓱 비벼 보세요. 정말 맛있는 미니 주먹밥이 뚝딱 됩니다. 거기에 계란말이 돌돌 말아주면 정말 환상적인 맛의 귀요미 스팸계란 주먹밥이 완성됩니다. 계란말이 없이 주먹밥으로 먹어도 맛있습니다.

재료 : 
1. 스팸
2. 대파
3. 계란
4. 밥
5. 간장, 물엿, 소금
6. 도시락 김


시청해주셔서 감사합니다."
1403,이제 피자 시키지 마세요! 피자보다 맛있어요! 정말 간단하고 맛있는 계란 토르티야!!,youtube(인플루언서),https://www.youtube.com/watch?v=9qKduoMjuNA,ERROR,"달걀,베이컨,소금,시금치,양파,치즈,토마토,파,페퍼,후추","달걀,베이컨,소금,시금치,양파,치즈,토마토,파,페퍼,후추",,,,,HTTP 429,"계란을 토르티야에 부어서 만들어 보세요. 좋아하는 각종 야채를 추가해서 만듭니다

재료 : 
1. 계란
2. 토마토, 양파, 대파, 시금치
3. 베이컨
4. 토르티야
5. 모차렐라 치즈
6. 소금, 후추, 크러쉬드 레드 페퍼 (선택)

시청해주셔서 감사합니다"
1405,폭신! 촉촉!! 초간단 전자레인지 단호박 케이크!! NO 오븐. NO 밀가루.,youtube(인플루언서),https://www.youtube.com/watch?v=RidmoOUbZ5U,ERROR,"달걀,설탕,소금,아몬드,호박","달걀,설탕,소금,아몬드,호박",,,,,HTTP 429,"힘들게 계란 휘핑 하지 마세요. 전자레인지로 만드는 초간단 단호박 케이크입니다. 건강하고 맛있습니다. 

재료 : 
1. 단호박
2. 계란
3. 아몬드 가루
4. 베이킹 파우더
5. 소금, 설탕 (생략 가능)

시청해주셔서 감사합니다."
1406,양배추가 들어간 새우 만두!! 고기보다 맛있다!!,youtube(인플루언서),https://www.youtube.com/watch?v=Fl2YoA-vYJk,ERROR,"간장,굴소스,달걀,배추,부추,새우,소금,양배추,후추","간장,굴소스,달걀,배추,부추,새우,소금,양배추,후추",,,,,HTTP 429,"양배추 계란과 다른 야채를 넣어서 만들어 보세요. 정말 맛있습니다. 새우는 넣으셔도 되고 빼도 됩니다. 

재료 : 
1. 양배추
2. 계란
3. 부추
4. 새우
5. 양조간장, 굴소스, 소금, 후추
6. 라이스 페이퍼

시청해주셔서 감사합니다."
1407,바삭하고 깊은 풍미! 프렌치 토스트는 이렇게 만들어보세요! 더블치즈 햄 샌드위치! 토스트!,youtube(인플루언서),https://www.youtube.com/watch?v=iaWWmmzHgUk,ERROR,"설탕,소금,식빵,치즈,햄","설탕,소금,식빵,치즈,햄",,,,,HTTP 429,"치즈가 2배! 맛도 2배! 치즈를 듬뿍 얹어 겉이 바삭하게 구운 햄치즈 프렌치 토스트 입니다. 이 깊은 맛을 느껴보세요. 

재료 : 
1. 식빵
2. 치즈
3. 햄
4. 설탕, 소금

시청해주셔서 감사합니다."
1408,푸딩 같이 부드러운 계란찜! 만드는 비법!! 안에 우동이 숨어 있어요!,youtube(인플루언서),https://www.youtube.com/watch?v=g81kBsXrB6g,ERROR,"달걀,맛술,버섯,새우,소금,쪽파,쯔유,표고버섯","달걀,맛술,버섯,새우,소금,쪽파,쯔유,표고버섯",,,,,HTTP 429,"부드럽고 입에서 살살 녹는 계란찜 안에 우동이 숨어 있습니다. 부드러운 일식 계란찜과 우동을 동시에 즐길 수 있는 메뉴입니다. 가을 겨울 따뜻하게 속 편하게 먹기 좋답니다. 

재료 : 
1. 계란
2. 우동
3. 쪽파
4. 표고버섯
5. 새우
6. 소금, 쯔유, 맛술

시청해주셔서 감사합니다."
1409,중독 ASMR! 튀기지 않고 바삭한 감자 만들기!,youtube(인플루언서),https://www.youtube.com/watch?v=L0JimlkIAp0,Y,"감자,감자전분,고춧가루,다진마늘,마늘,빵가루,수수,오레가노,옥수수,올리브,올리브유,전분,치즈,파마산","감자,감자전분,고춧가루,다진마늘,빵가루,오레가노,옥수수전분,올리브유,파마산치즈","옥수수전분,파마산치즈","마늘,수수,옥수수,올리브,전분,치즈,파마산","감자, 파마산 치즈, 다진 마늘, 빵가루, 오레가노, 올리브오일, 옥수수 전분, 감자전분, 고춧가루",,,"마늘과 치즈의 풍미가 정말 좋은 마늘 치즈 감자 구이입니다. 감자튀김대신 드셔보세요. 기름에 튀기지 않아 더 건강하게 즐길 수 있습니다. 치즈소스 만드는 법도 있습니다.

원본 영상 링크 
https://youtu.be/Aqc9mcVKgo4

재료:
1. 감자
2. 파마산 치즈
3. 다진 마늘
4. 빵가루
5. 오레가노
6. 올리브오일
7. 옥수수 전분 또는 감자전분
8. 고춧가루

시청해주셔서 감사합니다."
1416,계란스시 핫도그??!! 계란을 이렇게 만들어보세요! 정말 맛있습니다,youtube(인플루언서),https://www.youtube.com/watch?v=sRPZNlEHLHs,N,"김밥김,달걀,소금,소시지,참기름,치즈,파","김밥김,달걀,소금,소시지,참기름,치즈,파",,,"소세지, 계란, 밥, 김밥김, 대파, 소금, 깨, 참기름, 치즈","밥, 깨",,"계란초밥 같지만 안에 김밥이 쏙~. 하나씩 들고 먹기 편하고 맛있는 계란말이 김밥 핫도그입니다. 

재료 : 
1. 소세지
2. 계란
3. 밥
4. 김밥김
5. 대파, 소금, 깨, 참기름
6. 치즈

시청해주셔서 감사합니다."
1417,NO밀가루! 겉은 바삭하고 안은 부드러운! 탄성이 나오는 감자요리!!,youtube(인플루언서),https://www.youtube.com/watch?v=QmNX5FW9Pao,Y,"감자,달걀,마늘,마늘가루,버터,베이컨,소금,양파,오레가노,치즈,토마토,파프리카,후추","감자,달걀,마늘가루,버터,베이컨,소금,양파,오레가노,치즈,토마토,파프리카,후추",,마늘,"감자, 계란, 치즈, 양파, 피망, 토마토, 베이컨, 소금, 후추, 마늘가루, 오레가노, 버터",,,"겉은 바삭한데 안은 크리미하게 부드러운 감자보울 안에 맛있는 재료가 듬뿜! 모양도 맛도 좋은 치즈 계란 감자 보울입니다. 감자 안에 들어가는 재료는 취향에 따라 변경하셔도 좋습니다. 

재료 : 
1. 감자
2. 계란
3. 치즈
4. 양파, 피망, 토마토, 베이컨
5. 소금, 후추, 마늘가루, 오레가노, 버터

시청해주셔서 감사합니다."
1410,고구마로 만드는 프렌치 토스트!! NO 밀가루! 고구마가 있다면 이렇게 만들어보세요!,youtube(인플루언서),https://www.youtube.com/watch?v=8Hb53eM6qgM,Y,"고구마,달걀,밀가루,버터,설탕,소금","고구마,달걀,버터,설탕,소금",,밀가루,"고구마, 계란, 설탕, 소금, 버터",,,"맛있는 고구마로 밀가루 없는 프렌치 토스트를 만들어 보세요. 속 편하고 맛있습니다. 

재료 : 
1. 고구마
2. 계란
3. 설탕, 소금, 버터

시청해주셔서 감사합니다."
1411,꼭 봐야 하는 10가지 식빵 요리 모음!! 식빵은 이렇게 만들어 보세요! 맛있는 토스트 10가지!,youtube(인플루언서),https://www.youtube.com/watch?v=IZ6_5Oa0KHo,Y,"달걀,마늘,소시지,식빵,우유,치즈,피자,햄",,,"달걀,마늘,소시지,식빵,우유,치즈,피자,햄",,,,"아침으로도 간식으로도 좋은 식빵 요리입니다. 다양한 방법으로 식빵을 활용해 맛있는 요리를 만들어 보세요. 원본 영상 링크는 아래를 참조하세요. 

1. 마늘 식빵 피자
https://youtu.be/IbtSoQ1hvTc

2. 계란 치즈 햄 토스트
https://youtu.be/YYUhtNe8sBg

3. 갈릭 소세지 토스트
https://youtu.be/o5uTQF7b9Og

4. 우유 프렌치 토스트
https://youtu.be/Qg2ZZQqaXXY

5. 햄치즈 튀김 토스트
https://youtu.be/S6qF1jErX8g

6. 바람개비 마늘 토스트
https://youtu.be/9tvvgHjknIk

7. 베이컨말이 토스트
https://youtu.be/gfMZPKVNRQE

8. 치즈 토스트
https://youtu.be/HWPvHH5_7xc

9. 갈릭 치즈 피자 토스트
https://youtu.be/6HB5pPe9-es

10. 큐브 프렌치 토스트
https://yo"
1419,부들부들 계란 속 고소한 참치마요!! 김밥틀 없이 손쉽게 만드는 삼각김밥!! 간단하고 맛있당!,youtube(인플루언서),https://www.youtube.com/watch?v=yBLSFvX9BG0,Y,"김,깻잎,달걀,마요네즈,삼각김밥,소금,참기름,치즈,캔참치,햄,황다랑어","김밥김,깻잎,달걀,마요네즈,소금,참기름,치즈,캔참치,햄",김밥김,"김,삼각김밥,황다랑어","참치캔, 마요네즈, 김밥용 김, 햄, 치즈, 깻잎, 계란, 밥, 소금, 참기름, 깨","밥, 깨",,"정말 맛있는 삼각김밥입니다. 원하는 재료로 변경해서 만들어보세요. 

재료: 
1. 참치캔과 마요네즈
2. 김밥용 김
3. 햄 치즈
4. 깻잎 (선택)
5. 계란 (선택)
6. 밥
7. 소금, 참기름, 깨

시청해주셔서 감사합니다."
1420,밀가루에 요거트를 부어보세요!! 정말 맛있는 초간단 간식이 완성됩니다!,youtube(인플루언서),https://www.youtube.com/watch?v=E7RQvxSiAo8,Y,"도넛,밀가루,베이킹파우더,설탕,요거트","밀가루,베이킹파우더,설탕,요거트",,도넛,"밀가루, 요거트, 베이킹파우더, 설탕",,,"정말 쉽고 맛있습니다. 겉은 바삭하고 안은 폭신한 버블 도넛입니다. 

재료 : 
1. 밀가루
2. 요거트
3. 베이킹파우더
4. 설탕 (선택)

시청해주셔서 감사합니다."
1412,바삭바삭!! 토스트롤 속에 촉촉!! 부드러운 계란 오믈렛이 듬뿍!! 계란토스트롤!,youtube(인플루언서),https://www.youtube.com/watch?v=hQZdI2pEyqI,Y,"꿀,달걀,마요네즈,머스타드,버터,식빵,후추","꿀,달걀,마요네즈,버터,식빵,후추",,머스타드,"식빵, 계란, 버터, 마요네즈, 허니머스타드, 꿀, 후추",허니머스타드,,"겉은 정말 바삭한 버터 토스트 롤 안에 입에서 살살 녹는 크림 같은 계란이 들어가 한입 깨물면 그 환상적인 조화에 반하게 됩니다.

재료 : 
1. 식빵
2. 계란
3. 버터
4. 마요네즈, 허니머스타드, 꿀, 후추

시청해주셔서 감사합니다."
1421,"10가지!! 꼭 해봐야 하는 계란 요리! 계란 부리또, 토마토라면, 오믈렛밥, 계란 퀘사디아 등등",youtube(인플루언서),https://www.youtube.com/watch?v=uuWqbuuEgtM,Y,"달걀,라면,면,치즈,토마토",,,"달걀,라면,면,치즈,토마토",,,,"꼭 해보고 싶은 계란이 들어가는 맛있는 계란 요리 몰아보기입니다. 모음 영상을 원하신다는 댓글이 많아 준비해보았습니다. 맛있게 봐주세요. 원본 영상 링크는 아래 참고하세요.

1. 계란 부리또
https://youtu.be/2jrydFvHLE4

2. 계란 잔치 국수
https://youtu.be/m7YsAsRzDYk

3. 토마토 계란 라면
https://youtu.be/snsNrLDxc9o

4. 계란 토마토 퀘사디아
https://youtu.be/0NoZWkGOfpo

5. 오야코동
https://youtu.be/d2-6Q0DALRY

6. 치즈 오믈렛 밥
https://youtu.be/m-BjJe8E9KU

7. 애호박 포켓 새우전
https://youtu.be/xDdt5I_C54I

8. 요거트 케이크
https://youtu.be/vNJdVer23ZE

9. 계란 순두부 라면
https://youtu.be/2rBl-c79YBE

10. 비빔 국수
https://youtu."
1413,고기보다 더 맛있다! 세상에서 제일 맛있는 튀김!! 꼭 먹어봐야 하는 저세상 맛!,youtube(인플루언서),https://www.youtube.com/watch?v=JUngah9qTBI,Y,"달걀,밀가루,버섯,빵가루,새송이버섯,소금,후추","달걀,밀가루,빵가루,새송이버섯,소금,후추",,버섯,"새송이 버섯, 밀가루, 계란, 빵가루, 소금, 후추",,,"겉은 바삭바삭하고 안은 쫄깃합니다. 정말 쉽고 맛있습니다. 꼭 만들어 드셔 보세요. 

재료 : 
1. 새송이 버섯
2. 밀가루, 계란, 빵가루
3. 소금, 후추

시청해주셔서 감사합니다."
1422,감자를 이렇게 만들었더니 다들 어떻게 만들었냐고 물어요!! 정말 바삭하고 맛있어요!,youtube(인플루언서),https://www.youtube.com/watch?v=alRIaWGtauA,Y,"감자,김가루,달걀,밀가루,빵가루,소금,식빵,양파,치즈,카레,튀김가루,파프리카,햄,후추","감자,달걀,밀가루,빵가루,소금,식빵,양파,치즈,카레,튀김가루,파프리카,햄,후추",,김가루,"감자, 식빵, 계란, 카레 가루, 밀가루, 튀김가루, 빵가루, 양파, 피망, 햄, 소금, 후추, 치즈",,,"바삭하고 정말 맛있는 감자 카레 고로케빵입니다. 한번 먹으면 멈출 수가 없습니다. 

재료 : 
1. 감자
2. 식빵
3. 계란
4. 카레 가루
5. 밀가루 또는 튀김가루, 빵가루
6. 양파, 피망, 햄
7. 소금, 후추
8. 치즈 (선택)


시청해주셔서 감사합니다."
1414,냉장고에 남은 야채 다 가져오세요!! 아삭아삭 상큼하고 맛있는 샐러드 김밥. 꼬마김밥.,youtube(인플루언서),https://www.youtube.com/watch?v=5sUsVz-li7M,Y,"게맛살,김밥김,깻잎,무순,배추,사과,양배추,파프리카","게맛살,김밥김,깻잎,무순,사과,양배추,파프리카",,배추,"양배추, 피망, 게맛살, 무순, 사과, 깻잎, 김밥김",,,"냉장고에 있는 야채를 활용해 밥이 안 들어간 샐러드 김밥을 만들어 보세요. 정말 쉽고 맛있습니다. 

재료 : 
1. 양배추
2. 피망
3. 게맛살
4. 무순
5. 사과
6. 깻잎
7. 김밥김

냉장고에서 놀고 있는 다양한 야채 채썰어서 사용하면 됩니다. 

시청해주셔서 감사합니다."
1423,KFC치킨은 잊어라!! 바삭하고 맛있어요! 이제부터 치킨을 이렇게 만들어보세요!!,youtube(인플루언서),https://www.youtube.com/watch?v=4cownIYZ2p8,Y,"감자,감자전분,고추,고춧가루,다리,다진마늘,달걀,닭다리살,마늘,빵가루,생강,생강가루,소금,전분,청양고추,파,페퍼,후추","감자전분,고춧가루,다진마늘,달걀,닭다리살,빵가루,생강가루,소금,청양고추,파,후추",,"감자,고추,다리,마늘,생강,전분,페퍼","닭다리살, 계란, 감자전분, 빵가루, 대파, 크러쉬드 레드 페퍼, 청양고추, 소금, 후추, 생강가루, 고춧가루, 다진마늘",크러쉬드 레드 페퍼,,"정말 바삭하고 맛있습니다. 기름 잔뜩 붓고 만드는 후라이드 치킨은 이제 그만!! 이제 치킨은 이렇게 만들어 드셔 보세요. 

재료 : 
1. 닭다리살
2. 계란 1
3. 감자전분
4. 빵가루
5. 대파
6. 크러쉬드 레드 페퍼 (청양고추로 대체가능합니다)
7. 소금, 후추, 생강가루, 고춧가루, 다진마늘

시청해주셔서 감사합니다."
1425,계란과 토마토를 이렇게 드세요!! 맛있고 간단! 계란 토마토 퀘사디아,youtube(인플루언서),https://www.youtube.com/watch?v=0NoZWkGOfpo,N,"달걀,루꼴라,베이컨,소금,시금치,치즈,토마토,후추","달걀,루꼴라,베이컨,소금,시금치,치즈,토마토,후추",,,"토마토, 계란, 루꼴라, 시금치, 베이컨, 소금, 후추, 치즈, 토르티야",토르티야,,"바쁜 아침에 만들어 보세요. 정말 맛있고 간단합니다. 겉은 바삭하고 안은 야채를 넣어 신선하고 맛있습니다.

재료 : 
1. 토마토
2. 계란
3. 루꼴라 또는 시금치
4. 베이컨 (옵션)
5. 소금, 후추
6. 치즈
7. 토르티야 (또띠야)


시청해주셔서 감사합니다."
1415,상큼 아삭!! 양배추와 토마토가 있으세요? 5분 만에 맛있고 건강한 아침! 만능 간장 소스!,youtube(인플루언서),https://www.youtube.com/watch?v=SJaTLHuEHKw,Y,"간장,고춧가루,다진마늘,달걀,두부,마늘,맛술,배추,설탕,양배추,참기름,토마토,파,호박","간장,고춧가루,다진마늘,달걀,맛술,설탕,양배추,참기름,토마토,파",,"두부,마늘,배추,호박","야채, 양배추, 토마토, 대파, 밥, 계란, 간장, 맛술, 설탕, 다진 마늘, 고춧가루, 물엿, 참기름","야채, 밥, 물엿",,"집집마다 냉장고에서 자고 있던 야채를 활용해 만들어보세요. 만능 양념 간장으로 맛이 더 풍성해집니다. 양념 간장은 미리 만들어 냉장고에 보관하시면서 아침에 야채 익혀 뿌려 드시면 빠르고 맛있게 드실 수 있습니다. 양념 간장은 후라이팬에 구운 두부나 구운 호박에 뿌려 먹어도 맛있습니다. 

재료 : 
1. 야채 (양배추, 토마토, 대파 등 아무거나)
2. 밥
3. 계란
4. 간장, 맛술, 설탕, 다진 마늘, 고춧가루, 물엿, 참기름

시청해주셔서 감사합니다."
1428,3가지!! 당신이 꼭 알아야 하는 놀라운 라면 요리!! 라면에 계란을 부어 보세요!,youtube(인플루언서),https://www.youtube.com/watch?v=fNCDyjGavlA,Y,"가지,달걀,라면,참깨,카레","달걀,라면,참깨,카레",,가지,"라면, 계란, 참깨, 카레",,,"라면에 계란을 부어보세요. 정말 맛있는 요리가 탄생합니다. 국물, 카레, 볶음라면 3가지 입니다. 거칠고 빠른 영상 좋아하시는 분들도 계시지만, 힘들어 하시는 분들이 계셔서 요리에만 집중하실 수 있는 얌전 버전으로 재탄생 했습니다. 

원본 영상은 다음과 같습니다.
1. 고소한 참깨 계란 라면
https://youtu.be/R3zyKGsXYds

2. 부들부들 계란 카레 볶음라면
https://youtu.be/ithyGvrnH00

3. 볶음 계란 라면
https://youtu.be/D5B8WqlISUM

시청해주셔서 감사합니다."
1424,"10가지!! 놀라운 양배추 요리! 간단하고 맛있다! 계란말이, 토스트, 피자, 만두 등등",youtube(인플루언서),https://www.youtube.com/watch?v=UqJ7O6eJdUw,Y,"달걀,배추,양배추,치즈,피자","달걀,만두,버터,식빵,양배추,치즈,피자","만두,버터,식빵",배추,"양배추, 계란, 치즈, 토스트, 식빵, 피자, 전, 오코노미야키, 핫도그, 만두, 갈릭, 버터, 해물, 부침개","토스트, 전, 오코노미야키, 핫도그, 갈릭, 해물, 부침개",,"맛있고 몸에 좋은 양배추 요리 몰아보기입니다. 양배추로 정말 많은 요리가 가능합니다.  재미있게 즐겨 주세요. 

1. 양배추 계란말이
https://youtu.be/IKnu8lYApMg

2. 양배추 퀘사디아
https://youtu.be/Tkfwxgzg5To

3. 양배추 치즈 계란
https://youtu.be/sxRIkJHGxAw

4. 양배추 토스트
https://youtu.be/PciEs59QaGM

5. 양배추피자/전
https://youtu.be/ZVSLEnBuqK8

6. 오코노미야키 핫도그 / 양배추 핫도그
https://youtu.be/81FCdWo9Mps

7. 양배추 만두
https://youtu.be/iyCIIK7erI4

8. 양배추 계란 갈릭 버터 토스트 
https://youtu.be/hmf0_94QxUY

9. 양배추 계란 토스트 ( 식빵 없는)
https://youtu.be/oJK14DVgmqc

10. 해물 양배추 부침개
https://youtu."
1435,오이 2개 있으면 무조건 이렇게 드세요!,youtube(인플루언서),https://www.youtube.com/watch?v=drWTtq0ewVc,Y,"간장,다진마늘,두부,들기름,들깨,레몬,마늘,소금,알룰로스,오이,참깨","간장,다진마늘,두부,들기름,들깨,레몬,소금,알룰로스,오이,참깨",,마늘,"오이, 두부, 간장, 레몬즙, 알룰로스, 들기름, 들깨, 물, 다진 마늘, 통깨, 소금",물,,"🎁 영상에서 사용한 제품 정보는 제목 위에 제품 보기를 클릭하시면 보실 수 있습니다. 시청해 주셔서 감사합니다🙏😊❤️


⚠️이 영상의 저작권은 루다 테이블에 있으며, 레시피 활용 시 출처를 남겨주세요.
       Copyright © 루다 테이블 Luda Table. All rights reserved.



🥒재료
오이 2개 
두부 200g
간장 2큰술
레몬즙 3큰술
알룰로스 2큰술
들기름 2큰술
들깨 1큰술
물 2큰술
다진 마늘
통깨
소금



🥒I n g r e d i e n t s
200g tofu
2 tbsp soy sauce
3 tbsp lemon juice
2 tbsp allulose
2 tbsp sesame oil
1 tbsp sesame seeds
2 tbsp water
minced garlic
sesame seeds
salt


Copyright © 루다 테이블 Luda Table. All rights reserved.
🎵Music provided by 브금대통"
1438,"밥이 남으면 무조건 이거! 도시락, 간식, 다이어트까지 다 되는 밥전 레시피🍘의외로 너무 맛있어서 깜짝 놀라는 6가지 밥전",youtube(인플루언서),https://www.youtube.com/watch?v=MTNMlWJHfUU,Y,"김치,두부,스팸,어묵,파,황다랑어","김치,깻잎,달걀,당근,두부,묵은지,소금,스팸,액젓,양파,어묵,전분,청양고추,캔참치,파,피자치즈,후추","깻잎,달걀,당근,묵은지,소금,액젓,양파,전분,청양고추,캔참치,피자치즈,후추",황다랑어,"스팸, 계란, 밥, 대파, 소금, 후추, 두부, 김치, 청양고추, 액젓, 전분가루, 어묵, 깻잎, 참치캔, 당근, 양파, 묵은지, 모짜렐라 치즈",밥,,"밥이 남으면 무조건 이거! 도시락, 간식, 다이어트까지 다 되는 밥전 레시피 😄🍙🍘


1. 스팸 밥전  (00:00)
2. 김치 밥전   (02:57)
3. 어묵전  (06:27)
4. 대파 두부전  (09:09)
5. 참치 밥전  (11:54)
6. 두부 김치전  (15:03)





⭐⭐ 함께 보면 좋은 다이어트 레시피 영상들 ⭐⭐

https://youtu.be/kNaBSDq9qF8

https://youtu.be/JWiysX7uPrY

https://youtu.be/6e6ymhQykWg

https://youtu.be/-gHKE9ClK4g

https://youtu.be/4DlLRQOjYVo

https://youtu.be/1wmvO-6wAac




1. 스팸 밥전  (00:00)
🥑재료
스팸
계란 2개
밥 1인분
대파
소금, 후추

🥑I n g r e d i e n t s
Spam
2 eggs
1 serving of rice
Green onion
Salt, pepper"
1426,감자 2개!! 기름에 튀기지 않은! 바삭 바사삭 정말 맛있는! 치즈 프렌치 프라이!감자튀김! NO 오일!,youtube(인플루언서),https://www.youtube.com/watch?v=N3NMqJo-kII,ERROR,"감자,버터,소금,체다치즈,치즈,파슬리,후추","감자,버터,소금,체다치즈,치즈,파슬리,후추",,,,,HTTP 429,"기름에 튀기지 않아 더 건강하고 맛있습니다. 이제 감자튀김은 이렇게 만드세요. 

재료 : 
1. 감자 2 
2. 체다치즈
3. 파슬리
4. 소금, 후추, 버터 약간

시청해주셔서 감사합니다."
1429,폭신폭신 계란과 아삭한 양배추가 가득!! 양배추 계란 갈릭 버터 토스트! 정말 맛있습니다!,youtube(인플루언서),https://www.youtube.com/watch?v=hmf0_94QxUY,ERROR,"다진마늘,달걀,마늘,마요네즈,배추,버터,베이컨,설탕,소금,식빵,양배추,파슬리","다진마늘,달걀,마늘,마요네즈,배추,버터,베이컨,설탕,소금,식빵,양배추,파슬리",,,,,HTTP 429,"정말 맛있는 양배추 계란 갈릭 버터 토스트 입니다. 두툼하고 부드러운 계란이 정말 일품입니다. 상큼한 양배추 듬뿍 들어간 토스트로 아침을 맞이해보세요. 

재료 :
1. 양배추
2. 계란
3. 베이컨
4. 식빵 
5. 버터, 설탕, 마요네즈, 다진마늘, 파슬리
6. 소금 약간
7. 스리랏차소스 (또는 케첩)

시청해주셔서 감사합니다."
1430,초간단 프렌치 토스트 핫도그!! 프렌치 토스트는 이제 이렇게 드세요! 정말 맛있다!,youtube(인플루언서),https://www.youtube.com/watch?v=yJAAvIbse-8,ERROR,"달걀,버터,소시지,식빵,우유","달걀,버터,소시지,식빵,우유",,,,,HTTP 429,"항상 먹는 프렌치 토스트, 이제 핫도그로 만들어 드세요. 바쁜 아침 하나씩 들고 먹으면 정말 좋습니다. 

재료 : 
1. 식빵
2. 소세지
3. 계란
4. 우유
5. 버터

시청해주셔서 감사합니다."
1431,"감자1개, 계란1개!! 감자튀김보다 맛있어요!! 바삭바삭 대형 감자칩??!!",youtube(인플루언서),https://www.youtube.com/watch?v=aCNo7t1rT3w,ERROR,"감자,달걀,소금,수수,옥수수,옥수수전분,전분,치즈,파슬리,후추","감자,달걀,소금,수수,옥수수,옥수수전분,전분,치즈,파슬리,후추",,,,,HTTP 429,"정말 쉽고 간단하고 맛있습니다. 들어가는 속재료는 취향대로 바꿔주세요. 

재료 : 
1. 감자
2. 계란
3. 옥수수전분
4. 치즈
5. 파슬리
6. 소금, 후추 

시청해주셔서 감사합니다."
1432,수십겹의 바삭함!! 겹겹이 바삭하고 맛있는 갈릭 치즈 플랫 브레드!! 놓치지 마세요!,youtube(인플루언서),https://www.youtube.com/watch?v=XYsMER0wctA,ERROR,"다진마늘,마늘,밀가루,버터,설탕,소금,체다치즈,치즈,카레","다진마늘,마늘,밀가루,버터,설탕,소금,체다치즈,치즈,카레",,,,,HTTP 429,"겹겹이 맛있고 바삭한 갈릭 치즈 플랫 브레드입니다. 간식으로도 아침식사로도 맛있습니다. 카레나 좋아하는 소스와 같이 먹어도 맛있습니다. 

재료 : 
1. 밀가루
2. 물
3. 버터
4. 다진마늘
5. 체다치즈
6. 설탕, 소금

시청해주셔서 감사합니다"
1437,"양배추 샐러드에 이걸 살짝 넣으면, 향긋함이 확 살아나요.",youtube(인플루언서),https://www.youtube.com/watch?v=IzXJ7AQKOYQ,ERROR,"드레싱,배추,양배추,요거트,파슬리","드레싱,배추,양배추,요거트,파슬리",,,,,HTTP 429,"🥬파슬리와 딜을 양배추 샐러드에 살짝 넣으면, 향긋함이 확 살아나요.
여기에 요거트 드레싱까지 더하면 상큼하고 고소한 맛이 조화롭게 어우러져
속 편한 한 끼 샐러드 완성입니다



Copyright © 루다 테이블 Luda Table. All rights reserved.
🎵Music provided by 브금대통령
🎵Track : Kitchen Tycoon  - https://youtu.be/AM7ukdHzYMo






#양배추
#다이어트요리 #다이어트식단
#요리 #레시피 #집밥 #간단요리 
#간단요리 #다이어트식단





⚠️이 영상의 콘텐츠는 정보 제공의 목적으로만 제공되며 전문적인 의학적 조언, 진단 또는 치료를 대체하기 위한 것이 아닙니다.
이 영상에 사용된 성분에 알레르기가 없는지 확인하시고 의학적 의문사항이 있는 경우 반드시 의사와 상의하십시오. 
이 채널은 이 영상과 관련된 콘텐츠로 인해 발생한 모든 피해, 부작용 또는 질병에 대해 책임을 지지 않습니다.

DIS"
1440,"토마토 계란 매일 이렇게 드세요! 뱃살,혈당 잡는 최고의 아침식사",youtube(인플루언서),https://www.youtube.com/watch?v=azrUDBjInp4,ERROR,"달걀,마늘,소금,치즈,토마토,파,후추","달걀,마늘,소금,치즈,토마토,파,후추",,,,,HTTP 429,"⚠️ 레시피 활용시 출처를 남겨주세요 
 이 영상의 저작권은 루다테이블에 있으며, 무단 사용 시 법적 책임이 따를 수 있습니다.  


🔺토마토와 계란의 극강 조합!! 
 - 계란과 토마토는 서로 부족한 영양소를 채워주는 최고의 조합 이라고 할 수 있습니다
  계란의 부족한 비타민을 토마토가 채워주고 토마토에 부족한 단백질을 계란이 보충해 줍니다.
 - 몇 년 전에 라아코펜을 연구하는 국제학회에서 토마토와 계란이 내 몸의 염증을 차단하는 
  영양조합이라는 의견을 발표하기도 했답니다.
🔺항산화 성분 가득한 초간단 아침식사! 
🔺만성염증까지 예방할 수 있어요! 


🍅재료
토마토 1개
계란 3개
모짜렐라 치즈
대파
마늘
소금
후추

🍅Ingredients
1 tomato
3 eggs
Mozzarella cheese
Green onion
Garlic
Salt
Pepper



Copyright © 루다 테이블 Luda Table. All rights reserved.
🎵Music pro"
1448,"혈당,뱃살 잡는 최고의 아침식사! 오이 아침대신 먹으면 뱃살, 혈당이 알아서 쭉쭉 빠져요!",youtube(인플루언서),https://www.youtube.com/watch?v=WI7lUYhVqwY,N,"두부,들기름,들깨,소금,오이","두부,들기름,들깨,소금,오이",,,"오이, 두부, 들깨, 들기름, 소금",,,"⚠️ 주의!
이 영상에 나온 스텐밧드는 전자레인지 사용 가능 제품입니다.
❌ 일반 스테인리스 용기는 전자레인지에 절대 넣지 마세요!

아침 대신 오이는 '이것'과 함께 드세요!  아침대신 먹으면 뱃살, 혈당이 알아서 쭉쭉 빠져요! 간단하고 맛있는 아침식사 레시피👍다이어트 식단


🥒재료
오이 1개
두부 200g
들깨
들기름
소금 


🥒Ingredients
1 cucumber
200g tofu
Perilla seeds
Perilla oil
Salt



Copyright © 루다 테이블 Luda Table. All rights reserved.

🎵Music provided by 브금대통령
🎵Track : Kitchen Tycoon  - https://youtu.be/AM7ukdHzYMo



#오이 #오이나물 #오이요리
 #반찬 #집밥 #요리레시피
#recipe #cooking #food
#요리 #레시피 
#다이어트요리 
#다이어트식단
#간단요리 
#건강요리







⚠️이 영"
1449,아침 대신 두부와 오이는 이렇게 드세요! 맛있는데 속 편하고 든든한 영양만점 아침식사가 완성됩니다👍다이어트 식단,youtube(인플루언서),https://www.youtube.com/watch?v=YKYqI4EkCBQ,N,"두부,들기름,들깨,소금,오이","두부,들기름,들깨,소금,오이",,,"오이, 두부, 들깨, 들기름, 소금",,,"⚠️ 주의!
이 영상에 나온 스텐밧드는 전자레인지 사용 가능 제품입니다.
❌ 일반 스테인리스 용기는 전자레인지에 절대 넣지 마세요!

아침 대신 이렇게 드세요! 입맛은 올리고 혈당은 내리는 속 편하고 든든한 영양만점 아침식사👍 다이어트 레시피


함께 보면 좋은 다이어트 레시피 영상들 ⭐

✔️ https://youtu.be/kNaBSDq9qF8

✔️ https://youtu.be/JWiysX7uPrY

✔️ https://youtu.be/6e6ymhQykWg

✔️ https://youtu.be/-gHKE9ClK4g

✔️ https://youtu.be/4DlLRQOjYVo

✔️ https://youtu.be/1wmvO-6wAac




🥒재료
오이 1개
두부 200g
들깨
들기름
소금 


🥒Ingredients
1 cucumber
200g tofu
Perilla seeds
Perilla oil
Salt




💌구독 www.youtube.com/@LudaTable
Copyr"
1450,아침에 계란 이것과 매일 함께 드세요! 혈당수치 확 내려갑니다,youtube(인플루언서),https://www.youtube.com/watch?v=FMiSBl8t-3E,N,"간장,굴소스,달걀,두부,마늘,토마토,파,후추","간장,굴소스,달걀,두부,마늘,토마토,파,후추",,,"토마토, 두부, 계란, 대파, 마늘, 간장, 굴소스, 후추",,,"🎁 영상에서 사용한 제품 정보는 제목 위에 제품 보기를 클릭하시면 보실 수 있습니다. 시청해 주셔서 감사합니다🙏😊❤️

혈당잡는 최고의 아침식사! 두부 이것과 매일 함께 드세요! 혈당수치 확 내려갑니다

🍑재료
토마토
두부 한 모
계란 2개
대파
마늘
간장
굴소스
후추


🍑I n g r e d i e n t s
2 tomatoes
30g tofu
2 eggs
green onion
garlic
soy sauce
oyster sauce
black pepper



Copyright © 루다 테이블 Luda Table. All rights reserved.
🎵Music provided by 브금대통령
🎵Track : Kitchen Tycoon  - https://youtu.be/AM7ukdHzYMo




#토마토 #계란 #간단요리
#두부 #두부요리 
#다이어트요리 #다이어트식단




⚠️이 영상의 콘텐츠는 정보 제공의 목적으로만 제공되며 전문적인 의학적 조언, 진단 또는 치료를 대체"
1451,별거 안 들어갔는데 살도 안찌고 너무 맛있어요!,youtube(인플루언서),https://www.youtube.com/watch?v=AcAMoCiZSkY,Y,"고추,고추장,김,달걀,된장,배추,알룰로스,양배추,참기름,캔참치,황다랑어","고추장,김,된장,알룰로스,양배추,참기름,캔참치,후추",후추,"고추,달걀,배추,황다랑어","양배추, 밥, 참치캔, 김, 고추장, 된장, 고추가루, 알룰로스, 참기름, 후추","밥, 고추가루",,"⚠️ 주의!
이 영상에 나온 스텐밧드는 전자레인지 사용 가능 제품입니다.
❌ 일반 스테인리스 용기는 전자레인지에 절대 넣지 마세요!

✔️혈당 걱정없고 뱃살 쑥쑥 빠지는, 마법의 계란말이 김밥!
배부르게 먹어도 살 안 찌는 계란말이 김밥.
탄수화물은 줄이고, 단백질은 높이고, 포만감은 두 배!
이거 진짜 저녁 루틴에 넣으면 살이 알아서 빠져요😚✌️
오늘부터 같이 시작해볼까요?😊


🥦 재 료
- 양배추
- 밥 한 공기
- 참치캔
- 김
- 고추장
- 된장
- 고추가루
- 알룰로스
- 참기름
- 후추


🥦 I n g r e d i e n t s
- Cabbage
- A bowl of rice
- Canned tuna
- Seaweed
- Gochujang
- Soybean paste
- Red pepper powder
- Allulose
- Sesame oil
- Pepper



💌구독 www.youtube.com/@LudaTable
Copyright © 루다 테이블 Luda Ta"
1441,"토마토와 오이는 이렇게 만들어놓고 김치 대신 매일 드세요! 몸이 가벼워지고 건강도 챙기고, 입맛도 돌아옵니다🥒먹기 힘든 생야채 술술 들어가는 레시피!",youtube(인플루언서),https://www.youtube.com/watch?v=tDS0DIsWYtw,Y,"가지,곤약,달걀,닭가슴살,두부,루꼴라,식빵,오이,치즈,치커리,크림치즈,토마토,통밀,통밀빵,현미,현미밥","간장,식초,알룰로스,오이,토마토","간장,식초,알룰로스","가지,곤약,달걀,닭가슴살,두부,루꼴라,식빵,치즈,치커리,크림치즈,통밀,통밀빵,현미,현미밥","토마토, 오이, 간장, 식초, 알룰로스, 물",물,,"💡토마토 오이 절임은 상큼하고 가벼운 맛 덕분에 다양한 레시피로 활용할 수 있어요. 활용법 7가지 알려드릴게요!

🥗 1. 샐러드 토핑
절인 토마토와 오이를 샐러드에 바로 올리면 간이 딱 맞는 상큼한 샐러드가 돼요.
👉루꼴라, 치커리, 닭가슴살, 삶은 계란과 잘 어울림!

🍚 2. 다이어트용 덮밥
현미밥 or 곤약밥 위에 토마토 오이 절임 + 닭가슴살 or 두부 올려서
👉 노오일 비빔덮밥 완성!

🍞 3. 샌드위치나 오픈 토스트에
식빵이나 통밀빵에 절임 올리고, 크림치즈나 삶은 달걀 추가하면
👉 입맛 확 살리는 오픈 샌드위치 가능!

🍝 4. 파스타 or 냉파스타 토핑
차가운 파스타(예: 카펠리니)에 올리면
👉 이탈리안 감성 여름 냉파스타로 변신!

🍱 5. 반찬처럼 도시락에
삼삼한 도시락에 상큼한 절임 반찬으로 찰떡!
👉느끼한 메뉴(고기, 볶음 등) 옆에 넣으면 입맛 잡아줘요.

🍜 6. 비빔면/냉면 토핑
냉면, 비빔면 위에 올리면
👉 김치 없어도 상큼하게 먹을 수 있는 대체 반찬"
1442,먹기 힘든 생야채 술술 들어가는 레시피. 토마토 오이 이렇게 만들어놓고 매일 드세요!,youtube(인플루언서),https://www.youtube.com/watch?v=UD7ZO11q9QM,N,"간장,식초,알룰로스,오이,토마토","간장,식초,알룰로스,오이,토마토",,,"토마토, 오이, 간장, 식초, 알룰로스, 물",물,,"독소배출에 좋은 토마토 오이 썰기만하면 밥도둑!

🍑재료
토마토 2개
오이 1개
간장 8T
식초 8T
알룰로스 8T
물 8T



🍑I n g r e d i e n t s
2 tomatoes
1 cucumber
8T soy sauce
8T vinegar
8T allulose
8T water



💌
Copyright © 루다 테이블 Luda Table. All rights reserved.
🎵Music provided by 브금대통령
🎵Track : Kitchen Tycoon  - https://youtu.be/AM7ukdHzYMo





#토마토 #두부 
#recipe #cooking #food
#요리 #레시피 #집밥
#다이어트요리 
#다이어트식단
#간단요리 
#건강요리"
1452,가속노화 막아주는 김밥 레시피 2가지,youtube(인플루언서),https://www.youtube.com/watch?v=JhE61kg3NXg,Y,"게맛살,김,당근,배추,알룰로스,양배추,엑스트라버진,올리브,참기름","게맛살,김밥김,당근,레몬,소금,알룰로스,양배추,양파,엑스트라버진,참기름,후추","김밥김,레몬,소금,양파,후추","김,배추,올리브","김밥 김, 밥, 양배추, 당근, 맛살, 올리브유, 홀그레인 머스터드, 알룰로스, 참기름, 소금, 양파, 레몬즙, 후추","밥, 홀그레인 머스터드",,"김밥으로 뱃살 정리했습니다

1. 양배추 당근 라페 꼬마김밥
🥑재료
김밥 김
밥 1인분
양배추, 당근
맛살
올리브유 1T
홀그레인 머스터드 1T
알룰로스 1/2T
참기름


🥑Ingredients 
seaweed
1 serving of rice
Cabbage, carrot
Salt
1T olive oil
1T whole grain mustard
1/2T allulose
Sesame oil


2. 양파 라페 김밥
🍊재료
김밥 김
밥 1인분
양파
올리브유 3T
홀그레인 머스터드 2T
알룰로스 2T
레몬즙 2T
후추
참기름


🍊Ingredients 
seaweed
1 servings of rice
Onion
3T olive oil
2T whole grain mustard
2T allulose
2T lemon juice
2T pepper
Sesame oil





Copyright © 루다 테이블 Luda Table. All rights reserved.
🎵Music provided "
1453,토마토와 양파는 이렇게 만들어놓고 식전에 매일 드세요!,youtube(인플루언서),https://www.youtube.com/watch?v=sjoa4WYvACI,Y,"간장,소금,식초,알룰로스,양파,엑스트라버진,올리브,토마토,후추","간장,소금,식초,알룰로스,양파,엑스트라버진,토마토,후추",,올리브,"토마토, 양파, 올리브유, 식초, 알룰로스, 간장, 소금, 후추",,,"🎁 영상에서 사용한 제품 정보는 제목 위에 제품 보기를 클릭하시면 보실 수 있습니다. 시청해 주셔서 감사합니다🙏😊❤️


▶토마토는 칼로리가 100g당 20kcal로 낮고 다양한 영양 성분이 함유되어 있어 다이어트를 하는 사람이나 당뇨병 환자에게 매우 좋다고 해요!
라이코펜, 비타민A, 비타민C , 베타카로틴, 칼륨, 식이섬유가 풍부해서
피부미용,노화방지,암예방,변비예방,혈전청소에 도움을 주는 토마토와 양파를
맛있게 샐러드로 드셔보세요😊


🍑 재 료
- 토마토
- 양파
- 올리브유 4T
- 식초 3T
- 알룰로스 2T
- 간장 1T
- 소금, 후추


🍑 I n g r e d i e n t s
- Tomato
- Onion
- Olive oil 4T
- Vinegar 3T
- Allulose 2T
- Soy sauce 1T
- Salt, pepper




⭐Copyright © 루다 테이블 Luda Table. All rights reserved.
🎵Music provided b"
1444,토마토 계란 매일 이렇게 드세요! 혈당수치 확 내려가고 피부는 탱탱해집니다.,youtube(인플루언서),https://www.youtube.com/watch?v=dr4Z1lydOIY,Y,"고춧가루,달걀,두부,마늘,양파,토마토,파","고춧가루,달걀,마늘,소금,양파,토마토,파,후추","소금,후추",두부,"토마토, 양파, 계란, 대파, 마늘, 고춧가루, 소금, 후추",,,"🆗토마토와 두부, 계란을 이렇게 아침으로 드셔보세요! 만성염증은 사라지고 단백질도 보충할 수 있는 살 빠지는 토마토 요리👍토마토 똑똑하게 먹는 법

🔺토마토와 계란의 극강 조합!! 
 - 계란과 토마토는 서로 부족한 영양소를 채워주는 최고의 조합 이라고 할 수 있습니다
  계란의 부족한 비타민C를 토마토가 채워주고 토마토에 부족한 단백질을 계란이 보충해 줍니다.
 - 몇 년 전에 라아코펜을 연구하는 국제학회에서 토마토와 계란이 내 몸의 염증을 차단하는 
  영양조합이라는 의견을 발표하기도 했답니다.
🔺두부의 이소플라본과 오메가-3 지방산이 염증수치를 낮추고
🔺항산화 성분 가득한 초간단 아침식사! 
🔺만성염증까지 예방할 수 있어요! 



🍅재료
토마토 3개
양파 1개
계란 3개
대파
마늘
고춧가루
소금
후추


🍅I n g r e d i e n t s
3 tomatoes
1 onion
3 eggs
green onion
garlic
red pepper powder
salt
black "
1445,평생 써먹을 양배추 샐러드 9가지 (feat.드레싱) 너무 맛있어서 매일 먹어도 살 안찌고 질리지 않아요👍 다이어트는 이 영상 하나면 끝!,youtube(인플루언서),https://www.youtube.com/watch?v=2e1p_OZ_KRI,Y,"닭가슴살,두부,배추,사과,양배추,오트밀,요거트","닭가슴살,두부,땅콩소스,마요네즈,사과,양배추,엑스트라버진,오트밀","땅콩소스,마요네즈,엑스트라버진","배추,요거트","저지방 요거트, 양배추, 두부, 사과, 닭가슴살, 샐러드, 오트밀, 마요네즈, 땅콩소스, 올리브유","저지방 요거트, 샐러드",,"⚠️사전동의 없는 레시피 도용을 금지합니다. 레시피 활용 시 출처를 남겨주세요.
Copyright © 루다 테이블 Luda Table. All rights reserved.


💌두 달 동안 10kg 감량한 유지어터입니다.
✔️다이어트는 식단도 중요하지만 규칙적인 생활 루틴도 중요한 거 같아요.
저는 1일 2식을 기본으로 하고 수면을 충분히 취해줬던 게 체중 감량에 큰 도움이 됐고
(충분한 수면은 지방분해, 호르몬 조절, 식욕 억제에 도움이 된다고 해요)

✔️식단은 너무 스트레스 받지 않으려고 한 끼는 일반 한식 + 간단한 간식(저지방 요거트)
한 끼는 양배추·두부·사과·닭가슴살·샐러드·밥 없는 김밥·오트밀 같은
가볍고 포만감 있는 다이어트 식단으로 구성했어요.

✔️그리고 제가 제일 효과 봤던 건 ‘먹는 순서’ 바꾸기!
1️⃣ 야채로 먼저 포만감 주고
2️⃣ 그 다음에 단백질 먹기
3️⃣마지막에 탄수화물

👉 이 순서만 지켜도 과식이 확 줄고, 혈당도 안정돼요.
👉 혈당이 천천히"
1454,"토마토와 양파는 이렇게 만들어놓고 매일 드세요! 저녁 대신 이거만 먹었는데, 살 빠지고 피부도 맑아졌어요 👍",youtube(인플루언서),https://www.youtube.com/watch?v=MS8Sf0WoBdc,Y,"간장,꿀,명란,식초,알룰로스,양파,엑스트라버진,올리브,토마토,후추","간장,꿀,식초,알룰로스,양파,엑스트라버진,토마토,후추",,"명란,올리브","토마토, 양파, 올리브유, 식초, 간장, 꿀, 알룰로스, 후추",,,"🎁 영상에서 사용한 제품 정보는 화면 왼편 하단에 제품 보기나 더보기(설명란)를 클릭하시면 보실 수 있습니다.


▶토마토는 칼로리가 100g당 20kcal로 낮고 다양한 영양 성분이 함유되어 있어 다이어트를 하는 사람이나 당뇨병 환자에게 매우 좋다고 해요!
라이코펜, 비타민A, 비타민C , 베타카로틴, 칼륨, 식이섬유가 풍부해서
피부미용,노화방지,암예방,변비예방,혈전청소에 도움을 주는 토마토와 양파를
맛있게 샐러드로 드셔보세요😊


🍑 재 료
- 토마토
- 양파
- 올리브유
- 식초
- 간장
- 꿀 (알룰로스)
- 후추


🍑 I n g r e d i e n t s
- tomato
- onion
- Olive oil
- vinegar
- soy sauce
- Honey (allulose)
- pepper




⭐⭐ 함께 보면 좋은 다이어트 레시피 영상들 ⭐⭐

https://youtu.be/kNaBSDq9qF8

https://youtu.be/JWiysX7uPrY

https:/"
1455,"다이어트한다고 굶지말고 부추, 계란만  꺼내세요",youtube(인플루언서),https://www.youtube.com/watch?v=BP8mDbNuELg,Y,"간장,꿀,다진마늘,달걀,마늘,부추,알룰로스,토마토","간장,꿀,다진마늘,달걀,부추,소금,알룰로스,토마토",소금,마늘,"부추, 계란, 간장, 꿀, 알룰로스, 다진 마늘, 토마토, 소금",,,"제철 부추로 만드는 최고의 다이어트 요리

1.부추뱅뱅
🍳재료
부추
계란
간장
꿀 (알룰로스)
다진 마늘

🍳Ingredients
Chives
Eggs
soy sauce
Honey (allulose)
chopped garlic



2.부추 토마토 달걀볶음
🍳재료
부추
계란
토마토
소금

🍳Ingredients
Chives
Eggs
Tomatoes
Salt




#부추 #계란 #간단요리 #다이어트식단 #다이어트요리




Copyright © 루다 테이블 Luda Table. All rights reserved.
🎵Music provided by 브금대통령
🎵Track : Kitchen Tycoon  - https://youtu.be/AM7ukdHzYMo"
1456,여름엔 이 김밥만 싸세요 #레시피 #요리,youtube(인플루언서),https://www.youtube.com/watch?v=dULxT3Nz0ts,Y,"게맛살,고추,김,깻잎,단무지,상추,오이,참기름,캔참치,황다랑어","간장,게맛살,고춧가루,김밥김,깻잎,단무지,마늘,상추,오이,참기름,캔참치","간장,고춧가루,김밥김,마늘","고추,김,황다랑어","김밥 김, 밥, 오이, 깻잎, 상추, 참치캔, 맛살, 단무지, 참기름, 간장, 고춧가루, 마늘",밥,,"1. 고추참치 오이 꼬마김밥
🥑재료
김밥 김
밥 1인분
오이
깻잎, 상추
참치캔
맛살
단무지
참기름


🥑Ingredients 
seaweed
2 servings of rice
cucumber
Perilla leaves and lettuce
a can of tuna
crab meat
Pickled radish
Sesame oil



2. 샐러드 고깔 김밥
🍊재료
김밥 김
밥 2인분
오이
참치캔
간장
고춧가루
마늘
깻잎
참기름


🍊Ingredients 
seaweed
2 servings of rice
cucumber
canned tuna
soy sauce
Red pepper powder
garlic
perilla leaves
Sesame oil





Copyright © 루다 테이블 Luda Table. All rights reserved.
🎵Music provided by 브금대통령
🎵Track : Kitchen Tycoon  - https://youtu.be/AM7ukdHz"
1446,먹을거 없는 날 이거 끓여드세요! 기름없이 만들어 밥 비벼도 살 안찌는 두부조림 !,youtube(인플루언서),https://www.youtube.com/watch?v=GEAgJXyXtZk,Y,"간장,고추,고추장,고춧가루,다진마늘,두부,마늘,빨간고추,알룰로스,액젓,양파,청양고추,캔참치,파,황다랑어,후추","간장,고추장,고춧가루,다진마늘,두부,빨간고추,알룰로스,액젓,양파,청양고추,캔참치,파,후추",,"고추,마늘,황다랑어","두부, 참치캔, 양파, 청양고추, 홍고추, 대파, 고추장, 고춧가루, 간장, 액젓, 알룰로스, 다진 마늘, 후추, Plum extract",Plum extract,,"🥑재료
두부 400g
참치캔
양파
청양고추, 홍고추
대파

🥣양념
고추장 1 큰 술
고춧가루 2 큰 술
간장 2 큰 술
액젓 1 큰 술
알룰로스 1 큰 술
다진 마늘 1 큰 술
후추



🥑I n g r e d i e n t s
Tofu 400g
Tuna can
Onion
Cheongyang pepper, red pepper
Green onion

🥣S e a s o n i n g
1 tbsp. Gochujang
2 tbsp. Red pepper powder
2 tbsp. Soy sauce
1 tbsp. Fish sauce
1 tbsp. Plum extract
1 tbsp. Minced garlic
Black pepper


Copyright © 루다 테이블 Luda Table. All rights reserved.
🎵Music provided by 브금대통령
🎵Track : Kitchen Tycoon  - https://youtu.be/AM7ukdHzYMo



#간단요리
#두부 "
1458,아침에 '계란' 이렇게 드세요! 뱃살이 쭉쭉 빠지고 염증이 줄어들어요! 당뇨에도 최고👍,youtube(인플루언서),https://www.youtube.com/watch?v=nw00ElS88tU,Y,"달걀,소금,애호박,엑스트라버진,올리브,토마토,호박","달걀,소금,애호박,엑스트라버진,토마토",,"올리브,호박","토마토, 애호박, 계란, 소금, 올리브유",,,"토마토와 애호박은 밥 대신 이렇게 드세요! 몸 속 염증이 줄어들고 뱃살은 쭉 쭉 빠집니다 🍅 평생 써먹을 몸에 좋은 애호박 토마토 요리

🥒비타민 C, 비타민 A, 칼륨 및 엽산의 좋은 공급원인 애호박에는
만성질환을 일으키는 신체의 염증을 줄이고 예방 및 관리하는데 중요한 항염증 화합물이 포함되어 있습니다
🍅토마토를 올리브유에 익혀서 먹으면
염증을 줄여주는 라이코펜의 체내 흡수율이 최대 9배까지 증가하며
또한 토마토와 계란의 조합은 우리 몸의 염증을 차단해 주는 영양 조합이라고 합니다
밥 대신 먹으면 다이어트에도 도움이 되는 건강한 식단으로 강추합니다 😃👍


🍑재료
토마토 1개
애호박 1/2개
계란 3개
소금

🍑 Ingredients
1 tomato
1/2 zucchini
3 eggs
salt




⭐⭐ 함께 보면 좋은 다이어트 레시피 영상들 ⭐⭐


https://youtu.be/kNaBSDq9qF8

https://youtu.be/JWiysX7uPrY

https://you"
1447,오이는 이렇게 하면 다 먹을 때까지 오독오독!,youtube(인플루언서),https://www.youtube.com/watch?v=4tzM0lC4hbU,Y,"고춧가루,다진마늘,마늘,소금,알룰로스,액젓,오이,올리고당","고춧가루,다진마늘,들기름,들깨가루,소금,알룰로스,액젓,오이,올리고당","들기름,들깨가루",마늘,"오이, 고춧가루, 액젓, 알룰로스, 올리고당, 다진 마늘, 소금, 들깨가루, 들기름",,,"오이는 이 과정을 거치면 다 먹을 때까지 아삭아삭! 
다 먹을 때까지 오독오독한 간편 오이무침 하세요 👍💯


1. 매콤 오이무침
🥒재료
오이 3개
고춧가루 3T
액젓 1.5T
알룰로스(올리고당) 1T
다진 마늘 1T
소금 

🥒Ingredients
3 cucumbers
3T red pepper powder
1.5T fish sauce
1T allulose (oligosaccharide)
1T minced garlic
Salt


2. 오이 들깨무침
🥒재료
오이 3개
들깨가루 2T
들기름 1T
액젓 0.5T
다진 마늘 0.5T
소금 

🥒Ingredients
3 cucumbers
2T sesame powder
1T sesame oil
0.5T fish sauce
0.5T minced garlic
Salt




#오이 #간단요리 #다이어트식단



Copyright © 루다 테이블 Luda Table. All rights reserved.
Music provided by 브금대통령
"
1459,저녁에 먹으면 혈당 뚝 떨어지는 김밥 2가지,youtube(인플루언서),https://www.youtube.com/watch?v=beKOg89ZFfg,Y,"김,달걀,당근,상추,요거트,파프리카","그릭요거트,김,달걀,당근,상추,파프리카",그릭요거트,요거트,"김, 계란, 당근, 파프리카, 상추, 크래미, 그릭 요거트, 홀그레인 머스터드, 스리라차 소스","크래미, 홀그레인 머스터드, 스리라차 소스",,"🍑 재 료
- 김 
- 계란 3개
- 당근
- 파프리카
- 상추
- 크래미
- 그릭 요거트
- 홀그레인 머스터드
- 스리라차 소스


🍑 I n g r e d i e n t s
- Sseaweed
- 3 eggs
- Carrots
- Paprika
- Lettuce
- Crab meat
- Greek yogurt
- Whole grain mustard
- Sriracha sauce






Copyright © 루다 테이블 Luda Table. All rights reserved.
🎵Music provided by 브금대통령
🎵Track : Kitchen Tycoon  - https://youtu.be/AM7ukdHzYMo


cooking #food #cooking 
#김밥 #밥없는김밥 
#레시피 #집밥 #요리 #간단요리 
#다이어트요리 #다이어트식단"
1462,요즘 이거 먹느라 뱃살이 쏙 빠졌어요!,youtube(인플루언서),https://www.youtube.com/watch?v=VKcZcNeDvhw,Y,"간장,굴소스,마늘,배추,양배추,토마토,후추","간장,굴소스,닭가슴살,마늘,양배추,토마토,후추",닭가슴살,배추,"토마토, 양배추, 닭 가슴살, 마늘, 간장, 굴소스, 후추",,,"요즘 이거 먹느라 뱃살이 쏙 빠졌어요!

🍑재료
토마토
양배추
닭 가슴살
마늘
간장
굴소스
후추


🍑I n g r e d i e n t s
Tomato
Cabbage
Chicken Breast
Garlic
Soy Sauce
Oyster Sauce
Pepper





Copyright © 루다 테이블 Luda Table. All rights reserved.
Music provided by 브금대통령
🎵Track : Kid's Room 3 - https://youtu.be/vGVvDXab5Y8




#토마토 #토마토요리 #요리
#레시피 #집밥 #간단요리
#다이어트요리 #다이어트식단"
1470,"집에 있는 상추 다 꺼내세요! 밥대신 이렇게 드시면 당뇨, 다이어트에 최고! 반찬가게 사장님도 몰랐던 상추를 먹는 새로운 방법🥬",youtube(인플루언서),https://www.youtube.com/watch?v=6m_o8wOpYQs,Y,"고추,달걀,두부,빨간고추,상추,소금,후추","달걀,두부,빨간고추,상추,소금,양배추,파,후추","양배추,파",고추,"두부, 상추, 계란, 홍고추, 소금, 후추, 양배추, 대파",,,"반찬 뭐해먹을까 고민될 때 밥 대신 상추를 이렇게 드세요. 뱃살도 빠지는데 너무 맛있어요~ 당뇨에도 최고😋



🥑재료
두부 200g
상추 70g
계란 3개
홍고추
소금 , 후추


🥑I n g r e d i e n t s
200g tofu
70g cabbage
3 eggs
green onion
salt, pepper




⭐⭐ 함께 보면 좋은 다이어트 레시피 영상들 ⭐⭐

https://youtu.be/kNaBSDq9qF8

https://youtu.be/JWiysX7uPrY

https://youtu.be/6e6ymhQykWg

https://youtu.be/-gHKE9ClK4g

https://youtu.be/4DlLRQOjYVo

https://youtu.be/1wmvO-6wAac





💌구독 www.youtube.com/@LudaTable
Copyright © 루다 테이블 Luda Table. All rights reserved.




#두부 #두부요리 #간단요리 
"
1464,먹기 힘든 생야채가 술술 들어가요,youtube(인플루언서),https://www.youtube.com/watch?v=S3IRAwCIr-0,ERROR,"당근,배추,소금,액젓,양배추,양파,올리브,올리브유,황다랑어,후추","당근,배추,소금,액젓,양배추,양파,올리브,올리브유,황다랑어,후추",,,,,HTTP 429,"먹기 힘든 생야채 부담될 때 이렇게 드세요

🥑재료
양배추 500g
당근 1개
양파
참치액 1/2 큰 술
소금, 후추
올리브 오일



🥑I n g r e d i e n t s
500g cabbage
1 carrot
onion
1/2 tbsp tuna fish sauce
salt, pepper
olive oil



Copyright © 루다 테이블 Luda Table. All rights reserved.

Music by 브금대통령
🎵Music provided by 브금대통령
🎵Track : Kid's Room 3 - https://youtu.be/vGVvDXab5Y8



#양배추요리 
#당근요리
#요리 #레시피 #집밥 #간단요리 
#간단요리 #다이어트식단




⚠️이 영상의 콘텐츠는 정보 제공의 목적으로만 제공되며 전문적인 의학적 조언, 진단 또는 치료를 대체하기 위한 것이 아닙니다.
이 영상에 사용된 성분에 알레르기가 없는지 확인하십시오. 이 채널은 이 영상과 관련된 콘텐"
1466,1일 1kg 빠지는 양배추쌈,youtube(인플루언서),https://www.youtube.com/watch?v=Sh7qz1ZEDJk,ERROR,"꿀,레몬,배추,사과,알룰로스,양배추,요거트","꿀,레몬,배추,사과,알룰로스,양배추,요거트",,,,,HTTP 429,"저속노화 아침식사! 2주만 먹어도 염증,뱃살 사라지고 피부가 환해져요 (저속노화 양배추 사과 다이어트 레시피)✌️ Cabbage Recipe

🥑재료
양배추
사과 1개
닭 가슴살
그릭 요거트 4 큰 술
홀그레인 머스터드 1 큰 술
레몬즙 2큰 술
꿀 (알룰로스) 1 큰 술


🥑Ingredients
Cabbage
1 apple
Chicken breast
4 tbsp Greek yogurt
1 tbsp whole grain mustard
2 tbsp lemon juice
1 tbsp honey (allulose)






CCopyright © 루다 테이블 Luda Table. All rights reserved.
🎵Music provided by 브금대통령
🎵Track : Kitchen Tycoon  - https://youtu.be/AM7ukdHzYMo






#양배추요리
#사과요리 
#요리 #레시피 #집밥 #간단요리 
#간단요리 #다이어트식단






⚠️이 영상의 콘텐츠"
1467,"저녁 대신 이거 드세요! 노화방지, 다이어트에 좋은 밥없는 김밥👍",youtube(인플루언서),https://www.youtube.com/watch?v=QbBHW00FL8A,ERROR,"간장,김,깻잎,단무지,달걀,당근,두부,배추,액젓,양배추,황다랑어","간장,김,깻잎,단무지,달걀,당근,두부,배추,액젓,양배추,황다랑어",,,,,HTTP 429,"🥕양배추와 두부를 저녁 대신 이렇게 드세요! 노화방지, 다이어트에 좋은 밥없는 김밥👍다이어트 레시피

🥕재료
양배추 250g
당근 1/2
두부 200g
계란 2개
참치 
깻잎
액젓(간장)
단무지
김 1장


🥕I n g r e d i e n t s
250g cabbage
1/2 carrot
200g tofu
2 eggs
Tuna
Perilla leaves
Fish sauce (soy sauce)
Pickled radish
1 sheet of seaweed



Copyright © 루다 테이블 Luda Table. All rights reserved.
🎵Music provided by 브금대통령
🎵Track : Kitchen Tycoon  - https://youtu.be/AM7ukdHzYMo







#양배추 #양배추요리 #두부 #다이어트요리 #키토김밥
#요리 #레시피 #집밥 #간단요리 
#간단요리 #다이어트식단"
1468,"아침대신 양배추랑 사과를 이렇게 드세요! 염증, 해독에 좋은 속편하고 맛있는 다이어트 레시피👍다이어트 식단 Cabbage Recipe",youtube(인플루언서),https://www.youtube.com/watch?v=gxlYce94pO4,ERROR,"꿀,레몬,배추,사과,알룰로스,양배추,요거트","꿀,레몬,배추,사과,알룰로스,양배추,요거트",,,,,HTTP 429,"먹을수록 뱃살이 무섭게 빠지는 양배추 사과말이! 아침대신 이렇게 먹었더니 속도 편하고 다이어트는 저절로 되네요 (저속노화 양배추 다이어트 레시피)✌️


🥑재료
양배추
사과 1개
닭 가슴살
그릭 요거트 4 큰 술
홀그레인 머스터드 1 큰 술
레몬즙 2큰 술
꿀 (알룰로스) 1 큰 술


🥑Ingredients
Cabbage
1 apple
Chicken breast
4 tbsp Greek yogurt
1 tbsp whole grain mustard
2 tbsp lemon juice
1 tbsp honey (allulose)





⭐⭐ 함께 보면 좋은 다이어트 레시피 영상들 ⭐⭐

https://youtu.be/kNaBSDq9qF8

https://youtu.be/JWiysX7uPrY

https://youtu.be/6e6ymhQykWg

https://youtu.be/-gHKE9ClK4g

https://youtu.be/4DlLRQOjYVo

https://youtu.be/1wmv"
1469,남는 상추 있으면 이렇게 드세요,youtube(인플루언서),https://www.youtube.com/watch?v=ouR4r20J5wc,ERROR,"고추,달걀,두부,빨간고추,상추,소금,후추","고추,달걀,두부,빨간고추,상추,소금,후추",,,,,HTTP 429,"반찬 뭐해먹을까 고민될 때 상추두부전 만들어드세요! 뱃살도 빠지는데 너무 맛있어요 😋


🥑재료
두부 200g
상추 70g
계란 3개
홍고추
소금 , 후추


🥑I n g r e d i e n t s
200g tofu
70g cabbage
3 eggs
green onion
salt, pepper




Copyright © 루다 테이블 Luda Table. All rights reserved.
🎵Music provided by 브금대통령
🎵Track : Kitchen Tycoon  - https://youtu.be/AM7ukdHzYMo




#두부 #두부요리 #간단요리 
#요리 #레시피 #집밥 #간단요리 
#간단요리 #다이어트식단





⚠️이 영상의 콘텐츠는 정보 제공의 목적으로만 제공되며 전문적인 의학적 조언, 진단 또는 치료를 대체하기 위한 것이 아닙니다.
이 영상에 사용된 성분에 알레르기가 없는지 확인하십시오. 이 채널은 이 영상과 관련된 콘텐츠로 인해 발생한 모든 피해,"
1471,토마토랑 계란 있으세요? 10분만에 간단하고 맛있는 영양만점 아침 식사 #레시피 #영양식 #cooking,youtube(인플루언서),https://www.youtube.com/watch?v=loB0hqf4O80,ERROR,"달걀,오트밀,치즈,토마토,파,후추","달걀,오트밀,치즈,토마토,파,후추",,,,,HTTP 429,"🍑재료
토마토 1개
계란 3개
오트밀 2 스푼
대파
모짜렐라 치즈
후추


🍑I n g r e d i e n t s
1 tomato
3 eggs
green onion
2 tablespoons oatmeal
mozzarella cheese
black pepper


Copyright © 루다 테이블 Luda Table. All rights reserved.
🎵Music provided by 브금대통령
🎵Track : Kitchen Tycoon  - https://youtu.be/AM7ukdHzYMo


#요리 #레시피 #집밥
#간단요리 
#건강요리
#다이어트요리 
#다이어트식단
#토마토 #계란 #간단요리"
1475,이렇게 쉽다고요? 너무 쉬워서 매일 먹는 순두부찌개,youtube(인플루언서),https://www.youtube.com/watch?v=tHPPkYHPJPI,ERROR,"간장,고추,고춧가루,꿀,다진마늘,달걀,두부,들기름,마늘,순두부,알룰로스,액젓,참기름,청양고추,파,황다랑어","간장,고추,고춧가루,꿀,다진마늘,달걀,두부,들기름,마늘,순두부,알룰로스,액젓,참기름,청양고추,파,황다랑어",,,,,HTTP 429,"⚠️ 레시피 활용시 출처를 남겨주세요 ☺️

너무 쉬워서 매일 먹는 전자렌지 5분 순두부요리! 너무 맛있어서 오늘 또 순두부 사러 갑니다👍반찬가게 사장님도 모르는 순두부를 먹는 새로운 방법👍



🥑재료
순두부 1봉지
계란 1개
청양고추
대파

🥣양념장
간장 2 큰 술
참치액젓 0.5 큰 술
고춧가루 0.5 큰 술
알룰로스(꿀) 1큰 술
다진 마늘
들기름(참기름)




🥑Ingredients
1 pack of soft tofu
1 egg
Cheongyang pepper
Green onion

🥣Seasoning sauce
2 tbsp soy sauce
0.5 tbsp tuna sauce
0.5 tbsp red pepper powder
1 tbsp allulose (oligosaccharide)
Minced garlic
Sesame oil (sesame oil)




Copyright © 루다 테이블 Luda Table. All rights reserved.
🎵Music provi"
1476,"저속노화 아침식사! 밥 대신 2주만 먹어도 염증, 뱃살이 사라져요✌️",youtube(인플루언서),https://www.youtube.com/watch?v=aY3djuwVZw4,Y,"꿀,들깨,들깨가루,식초,알룰로스,오이,올리브,올리브유,요거트,토마토","그릭요거트,꿀,들깨가루,식초,알룰로스,오이,올리브유,토마토",그릭요거트,"들깨,올리브,요거트","토마토, 오이, 그릭 요거트, 올리브 오일, 식초, 알룰로스, 꿀, 들깨가루",,,"한 번 알면 평생 살빠지는 토마토 오이 들깨 요거트 샐러드


🍑재료
토마토 
오이
그릭 요거트 4 큰 술
올리브 오일 1 큰 술
식초 1 큰 술
알룰로스 (꿀) 1 큰 술
들깨가루 2 큰 술


🍑Ingredients
Tomato
Cucumber
4 tablespoons Greek yogurt
1 tablespoon olive oil
1 tablespoon vinegar
1 tablespoon allulose (honey)
2 tablespoons perilla powder







Copyright © 루다 테이블 Luda Table. All rights reserved.
🎵Music provided by 브금대통령
🎵Track : Kitchen Tycoon  - https://youtu.be/AM7ukdHzYMo


#토마토 #오이 #요리 #간단요리 #레시피 #다이어트식
#요리 #레시피 #집밥
#간단요리 
#건강요리
#다이어트요리 
#다이어트식단



⚠️이 영상의 콘텐츠는"
1477,귀찮을 때 싸먹는 김밥 4탄!👍저녁밥 고민하지 마세요!🍚 8 Korean Lunch Box Gimbap Recipes,youtube(인플루언서),https://www.youtube.com/watch?v=PyFxt1NUgCs,Y,"달걀,두부,두부면,땅콩,땅콩소스,배추,양배추,양파,청양고추",,,"달걀,두부,두부면,땅콩,땅콩소스,배추,양배추,양파,청양고추",,,,"귀찮을 때 싸먹는 김밥 4탄!👍저녁밥 고민하지 마세요!🍚 8 Korean Lunch Box Gimbap Recipes



1. 불두부면 김밥 (00:00)
2. 원팬 부침개 김밥  (03:18)
3. 양배추 라페 땅콩소스 김밥  (05:48)
4. 접는 계란 김밥  (09:06)
5. 꼬마 장미 김밥  (12:55)
6. 양파 라페 김밥  (15:17)
7. 땡초 납작 김밥  (17:56)
8. 잡채 김밥  (21:41)




⭐⭐ 함께 보면 좋은 레시피 영상들 ⭐⭐

https://youtu.be/kNaBSDq9qF8

https://youtu.be/JWiysX7uPrY

https://youtu.be/6e6ymhQykWg

https://youtu.be/-gHKE9ClK4g

https://youtu.be/4DlLRQOjYVo

https://youtu.be/1wmvO-6wAac



⚠️이 영상의 저작권은 루다 테이블에 있으며, 무단 사용 시 법적 책임이 따를 수 있습니다."
1541,"돼지갈비찜, 넣고 끓이기만 하면 됩니다",youtube(인플루언서),https://www.youtube.com/watch?v=WT9tCViPddU,Y,"돼지갈비,무,소갈비,양파,파","간장,다진마늘,당근,돼지갈비,맛술,무,설탕,양파,참기름,청양고추,카라멜,파","간장,다진마늘,당근,맛술,설탕,참기름,청양고추,카라멜",소갈비,"정수물, 돼지갈비, 양파, 대파, 무, 당근, 청양고추, 진간장, 황설탕, 맛술, 간마늘, 참기름, 간생강, 카라멜, 후추가루","정수물, 간생강, 후추가루",,"갈비찜 하면 소갈비찜 생각하셨죠?

그런데 요즘 물가가 너무 비싸잖아요. 

그래서 비교적 저렴하면서도 
그럴싸하게 먹을 수 있는 돼지갈비찜을 준비해 봤어요!



[레시피]

[돼지갈비찜] 약3~4인분

[ 재료 ]

정수물 2.6L(데침 용: 1.3L / 찜 용: 1.3L )
돼지갈비 1kg
양파 약1개 (200g)
대파 약1대 (100g)
무 약간(100g)
당근 약1/4개 (65g)
청양고추 3개 (30g)
진간장 약1/2컵 (80g)
황설탕 약1/3컵 (50g)
맛술  약1/4컵 (50g)
간마늘 약2큰술 (30g)
참기름 2큰술 (14g)
간생강 1/4큰술 (5g)
카라멜 약간 (2g)
후추가루 약간 

[ 만드는 법 ]
1. 돼지갈비는 찬물에 2~3번 헹궈 물기를 제거한다.
  * 냉동갈비일 경우 찬물에 담가 최소 1시간 이상 핏물 제거 후 사용해야 냄새가 안난다.
2. 무는 두께 1cm 은행잎 모양으로 썰고, 당근은 두께 1cm 반달 모양으로 썰어 준비한다.
3. 양파"
1478,살 안찌고 속 편한 양배추 라이스페이퍼 만두,youtube(인플루언서),https://www.youtube.com/watch?v=-EBGhc3CvG4,Y,"간장,달걀,당근,라이스페이퍼,만두,배추,애호박,양배추,호박","간장,달걀,당근,라이스페이퍼,애호박,양배추",,"만두,배추,호박","양배추, 애호박, 당근, 계란, 라이스페이퍼, 스리라차 소스, 간장, 물","스리라차 소스, 물",,"살 안찌고 속 편한 양배추 라이스페이퍼 만두

🍑재료
- 양배추 1/4 개
- 애호박
- 당근
- 계란 3개
- 라이스페이퍼

🥣소스
- 스리라차 소스 1 큰 술
- 간장 1 큰 술
- 물1 큰 술




🍑Ingredients
- 1/4 cabbage
- Zucchini
- carrot
- 3 eggs
- Rice paper

🥣Sauce
- 1 tbsp Sriracha sauce
- 1 tbsp soy sauce
- 1 tbsp water



🎵Music provided by 브금대통령
🎵Track : Kitchen Tycoon  - https://youtu.be/AM7ukdHzYMo



#양배추 #cabbagerecipe #양배추요리 #양배추계란 #라이스페이퍼요리 
#양배추다이어트 #간단요리
#Cabbagerecipe #Cabbageandeggs #Ricepaperrecipe
#Cabbagediet #easyrecipe"
1547,골목식당은 할 만큼 했잖아요 이제 돈 좀 벌게요,youtube(인플루언서),https://www.youtube.com/watch?v=dfqWgjRlU9U,N,,,,,,,,"앞으로 다시는 없을 파격적인
상품 하나 소개해드려도 되겠습니까?

백종원이 직접 해주는 음식
+ 한 치 앞을 모르는 PPL쇼
+ 내가 직접 PPL에 참여할 수 있는 기회
+ 아마도(?) 신사역 도보 1분 거리!
= 피피엘식당 외않와?

썸네일만 마주쳐도 인연인데 설마 안 오려구요?
이제 다른 식당 가면 심심해서 밥 못 먹을걸요?


↓↓↓ PPL 문의 ↓↓↓
pplrestaurant0328@gmail.com


#백종원  #피피엘식당 #파이팅"
1549,소떡소떡보다 맛있는 떡어묵꼬치! 어린이날 애들 간식으로 근사하죠?,youtube(인플루언서),https://www.youtube.com/watch?v=-A0iP6Uzy3A,Y,"떡볶이떡,마요네즈,맥주,밀떡,식용유,어묵","마요네즈,설탕,식용유,식초,연유","설탕,식초,연유","떡볶이떡,맥주,밀떡,어묵","밀떡볶이떡, 봉어묵, 식용유, 마요네즈, 설탕, 식초, 고운고추가루, 연유","밀떡볶이떡, 봉어묵, 고운고추가루",,"5월 5일은 어린이날이죠?

우리 애들 뭐 해줄까 고민하다가

이번에는 직접 집에서 간식으로 해줄 수 있는 떡어묵꼬치를 준비해 봤어요

근데 이게 만들고 보니까 맥주도 땡기고 어른들 술안주가 따로 없네유 ㅎㅎ

진짜 간단하고 쉽게 만드니까 

집중해서 시청하시고 시간 되시는 팀원분들은 따라 만들어 보세요!


[레시피]

[ 재료 ]

밀떡볶이떡 16개(약200g)
봉어묵 4개(약100g)
식용유 5큰술(35g)
마요네즈 가득1큰술(30g)
설탕 약1큰술(11g)
식초 약1큰술(8g)
고운고추가루 약1/2큰술(4g)
연유 적당량

[ 만드는 법 ]
1. 떡은 흐르는 물에 세척한 후 물기를 제거하여 준비한다.
  *쌀 떡을 기름에 구울 경우 떡이 터질 수 있어 밀가루 떡을 사용해야한다.
2. 봉어묵은 길게 4등분으로 잘라 준비한다.
3. 마요네즈, 설탕, 식초, 고운고추가루를 섞어 소스를 만든다.
  *어린이가 먹을 경우 고운고추가루는 생략하거나 파프리카가루로 대체 가능하다.
4. 프"
1479,매일 아침 이렇게 먹었더니 속도 편하고 다이어트는 저절로 되네요. 2주만 챙겨드셔도 뱃살이 빠지고 피부가 환해져요 (저속노화 양배추 들깨 다이어트 레시피)✌️,youtube(인플루언서),https://www.youtube.com/watch?v=Fx96-hTniRs,Y,"김,두부,들기름,들깨,배추,소금,양배추","김,두부,들기름,들깨,소금,양배추",,배추,"양배추, 두부, 김, 들기름, 들깨, 소금",,,"아침 대신 양배추를 이렇게 드세요! 노화속도 늦춰주고 10kg은 그냥 빠져요! 맛있는데 뱃살 쭉쭉 빠지는 저속노화 양배추 두부 샐러드👍

🥑재료
양배추
두부
김
들기름
들깨
소금

🥑I n g r e d i e n t s
Cabbage
Tofu
Roasted seaweed
Perilla oil
Perilla powder
Salt




⭐⭐ 함께 보면 좋은 다이어트 레시피 영상들 ⭐⭐


https://youtu.be/kNaBSDq9qF8

https://youtu.be/JWiysX7uPrY

https://youtu.be/6e6ymhQykWg

https://youtu.be/-gHKE9ClK4g

https://youtu.be/4DlLRQOjYVo

https://youtu.be/1wmvO-6wAac




💌구독 www.youtube.com/@LudaTable
Copyright © 루다 테이블 Luda Table. All rights reserved.



#양배추  #두부 #자"
1550,[내꺼내먹_EP.14] 초심 잃은 새마을식당?! 제꺼 긴급 점검 들어갑니다😭,youtube(인플루언서),https://www.youtube.com/watch?v=B-Ej_Hgf8_M,N,,,,,,,,"#백종원 #내꺼내먹 #새마을식당

브랜드를 오래 운영하다 보면 
많은 시행착오와 위기를 겪을 때도 있는데요.
오랫동안 사랑받아 온 새마을식당!
'어떻게 하면 예전처럼 더 많은 분을 즐겁게 해드릴 수 있을까?'
이런 고민에서 이번 내꺼내먹은 출발했습니다!

브랜드의 초심을 되찾기 위한 여정!
긴급 솔루션에 들어간 새마을식당에선 무슨 일이 벌어졌을까요?

새마을식당을 사랑해 주시는 팀원들을 위한
내꺼내먹 이벤트도 함께 진행됩니다!

⭐ 내꺼내먹X새마을식당 이벤트 ⭐
- 기간 : 2024년 4월 30일(화) ~ 5월 1일(수), 단 이틀
- 내용 : 19년 전 옛날 가격 그대로! 열탄불고기 1인분 7,000원 

*타 프로모션 중복 할인 불가
*해당 메뉴 포장 불가, 일부 지점 이벤트 제외
(이벤트 해당 지점은 각 지점에 문의해 주세요)

-
00:00 인트로 
00:56 새마을식당에 변화가?!
01:42 긴급점검 나왔습니다 📣
07:27 열탄불고기의 정.석.
10:46 새마을식당이 다시"
1480,어묵 제발 더 이상 볶지 마세요.,youtube(인플루언서),https://www.youtube.com/watch?v=in0QBLcpL3o,Y,"간장,고춧가루,다진마늘,마늘,알룰로스,액젓,어묵,올리브,올리브유","간장,고춧가루,다진마늘,알룰로스,액젓,어묵,올리브유",,"마늘,올리브","어묵, 고춧가루, 간장, 액젓, 알룰로스, 다진 마늘, 올리브 오일",,,"어묵은 제발 더 이상 볶지 마세요. 이 방법이 최고입니다.
반찬가게 사장님도 몰랐던 어묵을 먹는 새로운 방법👍


🥑재료
어묵
고춧가루
간장
액젓
알룰로스
다진 마늘
올리브 오일

🥑I n g r e d i e n t s
Fish cake
Red pepper powder
Soy sauce
Fish sauce
Allulose
Minced garlic
Olive oil



⚠️ 레시피 활용시 출처를 남겨주세요 
 이 영상의 저작권은 루다테이블에 있으며, 무단 사용 시 법적 책임이 따를 수 있습니다.  
Copyright © 루다 테이블 Luda Table. All rights reserved.

🎵Music provided by 브금대통령
🎵Track : Kitchen Tycoon  - https://youtu.be/AM7ukdHzYMo




#자취요리 
#recipe #cooking #food
#요리 #레시피 #집밥
#간단요리 
#건강요리
#다이어트요리 
#다이어트식단"
1554,내가 만약 라면왕에 출전한다면? 저라면 이 메뉴를 해볼 거예유. 라면으로 짬뽕 맛이 나는 짬뽕햄라면!,youtube(인플루언서),https://www.youtube.com/watch?v=hX3httwbzAQ,Y,"고추,라면,배추,식용유,양배추,양파,청양고추,파,햄","건더기스프,라면,라면스프,식용유,양배추,양파,청양고추,통조림햄,파","건더기스프,라면스프,통조림햄","고추,배추,햄","라면, 생수, 통조림 햄, 양배추, 대파, 양파, 식용유, 청양고추, 굵은고추가루, 건더기스프, 분말스프, 물","생수, 굵은고추가루, 물",,"똑같은 라면도 어떻게 만드느냐에 따라 맛이 다 달라져요! 
이번에는 중국집 짬뽕같이 얼큰한 맛을 얼추(?) 내는 짬뽕라면을 들고 왔어요
팀원 여러분들도 시간 되시면 집에서 직접 조리해 보는 거 어떠세요?

[ 재료 ]

라면 1봉지
500ml생수 1병
통조림 햄 약1/3캔(65g)
양배추 약간(40g)
대파 약1/3대(30g)
양파 약1/8개(30g)
식용유 약3큰술(18g)
청양고추 1개(10g)
굵은고추가루 약1/2큰술(3g)

[ 만드는 법 ]

1. 통조림 햄을 비닐봉지에 넣고 손바닥으로 눌러 으깬다.
2. 양파와 양배추는 두께 0.5cm로 채 썬다.
3. 대파와 청양고추는 두께 0.3cm로 송송 썬다.
4. 프라이팬에 으깬 햄, 식용유를 넣고 강 불에 올려 노릇하게 볶는다.
5. 양배추, 양파, 대파, 청양고추, 건더기스프를 넣고 강 불에 볶다가 재료를 넓게 펼쳐 채소의 바닥면이 눋어지도록 한다.
   * 채소는 최대한 오래 볶을수록 맛이 좋다.
   * 3인분 이상 끓이거"
1482,"밥 대신 두부와 김을 이렇게 드세요! 당뇨, 다이어트에 최고! 맛 2배 영양도 2배😋 반찬가게 사장님도 몰랐던 두부를 먹는 새로운 방법",youtube(인플루언서),https://www.youtube.com/watch?v=0DU6V9CNg3o,Y,"김,달걀,두부,사과,소금","김,달걀,두부,소금",,사과,"두부, 김, 계란, 소금",,,"너무 맛있어서 오늘 또 두부사러 갑니다~반찬가게 사장님도 몰랐던 두부를 먹는 새로운 방법! 너무 맛있어서 매일 먹고싶은 영양만점 두부 요리😋


🥑재료
두부
김
계란
소금

🥑I n g r e d i e n t s
Tofu
Seaweed
Egg
Salt


⚠️ 이 영상과 레시피의 저작권은 루다테이블에 있으며, 무단 사용 시 법적 책임이 따를 수 있습니다.  
사전동의 없는 레시피 도용을 금지합니다. (All rights reserved.)



⭐⭐ 함께 보면 좋은 다이어트 레시피 영상들 ⭐⭐


https://youtu.be/kNaBSDq9qF8

https://youtu.be/JWiysX7uPrY

https://youtu.be/6e6ymhQykWg

https://youtu.be/-gHKE9ClK4g

https://youtu.be/4DlLRQOjYVo

https://youtu.be/1wmvO-6wAac




💌구독 www.youtube.com/@LudaTable
Copy"
1561,[배고파_이스탄불_EP.08] 600원으로 배부르게 아침 먹을 수 있습니다,youtube(인플루언서),https://www.youtube.com/watch?v=EHGZFmPsWV0,N,,,,,,,,"600원으로 아침 식사할 수 있는 곳?
솔직히 한국에서는 힘들죠… 근데 여기서는 SSAP가능!
이거 하나면 점심까지 든든합니다~

○ 가게 정보
-  Galata Bagel Shop
주소: Kemankeş Karamustafa Paşa, Mumhane Cd. 47/A


#님아그시장을가오  #배고파  #이스탄불 #시미트 #백종원"
1565,우리 애들한테 해주면 아빠 덕후되는 간식 I 허니버터고구마,youtube(인플루언서),https://www.youtube.com/watch?v=p6r5xcrG6u0,Y,"고구마,버터,설탕,스틱버터,시나몬,허니버터","꿀,설탕,스틱버터",꿀,"고구마,버터,시나몬,허니버터","삶은 고구마, 스틱버터, 물엿, 시나몬파우더, 꿀, 설탕, 물, 군고구마, 찐고구마, 계피가루","삶은 고구마, 물엿, 시나몬파우더, 물, 군고구마, 찐고구마, 계피가루",,"모두가 좋아하는 고구마 더 맛있게 만드는 방법 알려드릴게요~
너무너무 간단해서 오븐도 필요 없어요
고구마랑 의지만 준비하시고 시청하세요~

[ 허니버터 고구마 ] 약 2인분 기준

[ 재료 ]

삶은 고구마 2개(개당 약200g)
스틱버터 1/2개(40g)
물엿 약1과1/2큰술(24g)
시나몬파우더 약간

[ 만드는 법 ]

1. 전자레인지용 그릇에 버터, 물엿을 넣고 1000W전자레인지 기준 약10초간 돌린다.
   *버터의 상태와 전자레인지 세기에 따라 돌리는 시간을 조절한다.
   *물엿이나 꿀이 없다면 설탕1큰술,물1/2큰술을 섞은 후 전자레인지에 약 10초 돌려 시럽으로 만들어 사용한다.
2. 부드러워진 버터는 숟가락을 이용해 물엿과 잘 섞는다.
   *허니버터가 너무 묽으면 시원한 곳에서 굳힌다.
3. 삶은 고구마를  2/3 깊이까지 가른다.
   *고구마가 차가울 경우 전자레인지에 돌려 따뜻하게 사용한다.
   *삶은고구마 대신 군고구마, 찐고구마를 사용해도 좋다.
4."
1569,소고기 떡국 무진장 쉽게 만드는 방법 알려드릴까요?,youtube(인플루언서),https://www.youtube.com/watch?v=_MhD25Ip3bc,Y,"간장,김,다진마늘,달걀,떡국떡,마늘,멸치,소고기,소금,액젓,참기름,파,후추","간장,김,다진마늘,달걀,떡국떡,소고기,소금,액젓,참기름,파",,"마늘,멸치,후추","정수물, 떡국떡, 소고기, 대파, 국간장, 멸치액젓, 꽃소금, 간마늘, 참기름, 달걀, 김, 후추가루","정수물, 후추가루",,"소고기 떡국 좋아하시는 분들 많죠?
나이보다 떡국 많이 먹는 분들~
그분들을 위해서 진짜 쉬운 방법 알려드릴게요! 

[ 소고기떡국 ] 2인분 기준

[ 재료 ]

정수물 1.5L
떡국떡 4컵(400g)
소고기(불고기용) 약1컵(115g)
대파 약1컵(53g)
국간장 약2큰술(16g)
멸치액젓 1큰술(8g)
꽃소금 깎아서 1큰술(6g)
간마늘 1/2큰술(10g)
참기름 1큰술(7g)
달걀 1개
고명용 김 약간
후추가루 약간

[ 만드는 법 ]

1. 떡은 흐르는 물에 헹군 후 물에 담가 준비한다.
2. 불고기용 소고기는 두께 2cm 폭으로 잘라 준비한다.
3. 대파는 두께 0.3cm로 송송 썰어 준비한다.
4. 달걀을 그릇에 깨트려 가볍게 풀어 준비한다.
5. 냄비에 참기름을 두른 후 소고기를 넣고 중 불에서 고기에 붙어있는 지방이 녹을 때 까지 볶는다.
6. 고기가 익으면 멸치액젓을 넣고 볶은 후 정수물을 넣고 강 불에 끓인다.
   *멸치액젓을 볶을 때 넣으면 고기에 간이 배어 "
1573,[백종원 시장이 되다_예산 28화] 저 이러면 섭섭해요😭 예산시장 연말결산 (절망ver),youtube(인플루언서),https://www.youtube.com/watch?v=nSmfP4N7-Pw,N,,,,,,,,"#백종원 #백종원시장이되다 #예산

2023년 1월 9일,
설렘 반 걱정 반으로 시작한 예산시장프로젝트~
어느새 벌써 일년이 됐네요..
주마등처럼 지나가는 예산시장의 지난 1년을 
든든한 저희 직원들과 함께 정리해 봤습니다. 

이제는 말할 수 있다!
직원들의 선 넘는(?) 폭로가 난무하는
연말결산 절망편~
과연, 어떤 이야기가 나올까요?

_
00:00 인트로
00:55 예산시장의 근황은..💌
02:45 벌써 1년... 재계약 논의..?!
05:04 서운해요 정말로
09:36 장터광장의 재탄생?✨
10:46 예산시장만.. 바뀌나요?😥
11:48 희 희망 아니었어?
12:39 🍪영상"
1575,[배고파_이스탄불_EP.03] 튀르키예에선 겨울에 오작바시 먹습니다,youtube(인플루언서),https://www.youtube.com/watch?v=7LpLM8NSA5U,N,,,,,,,,"추워지면 더 맛있는 음식이 뭐다? 바로 오작바시입니다!

저도 이스탄불 와서 처음 먹어보는데
화덕 앞에서 셰프랑 대화하면서 따뜻하게 즐기는 거래요!
현지인과 튀르키예어로 대화...?! 뭐 그냥 맛있게 먹는 게 대화죠~😀

○ 가게 정보
-  Adana Ocakbasi
주소: Bozkurt, No:2, Baysungur Sk

#백종원 #배고파 #이스탄불 #오작바시"
1534,라면으로 만드는 들기름 막국수! 5분이면 끝!,youtube(인플루언서),https://www.youtube.com/watch?v=wTtHP5qFOio,Y,"들기름,들깨,들깨가루,라면,라면사리,라면스프,면,사리면,쪽파,파래","간장,들기름,라면사리,설탕,쪽파","간장,설탕","들깨,들깨가루,라면,라면스프,면,사리면,파래","정수물, 라면사리, 구운 파래김, 탈피들깨가루, 쪽파, 국간장, 황설탕, 들기름","정수물, 구운 파래김, 탈피들깨가루",,"[협찬고지] 본 영상은 ""식품의약품안전처""의 지원으로 제작되었습니다.
요즘 많이 더우시죠? 저는 더울 때면 '들기름 막국수'가 땡기더라구요.
혹시나 팀원분들 집에서 간단하게 따라 하면 좋을 것 같아서 '라면 사리'로 만든 '들기름 막라면' 레시피 공유해 드려요!

저번에 나갔던 '김라면'이랑 다르게 라면스프를 안 넣은 버전입니다.

별거 없는데 5분 만에 간편하게 만들어 먹으니 좋더라고요.
팀원분들도 '들기름 막라면' 한 그릇 어떠세요?

*들기름 막국수 (들기름 막라면)

[레시피]
들기름 막라면 (1인분)
[재료]
정수물 500ml
라면사리 1봉
구운 파래김 2장 (4g)
탈피들깨가루 약 1/3큰술 (3g)
쪽파 약간 (5g) 
[양념장 재료]
국간장 1큰술 (10g)
황설탕 약1/4큰술 (3g)
들기름 약 2와 1/2큰술 (17g) 
[만드는 법]
1. 볼에 국간장, 황설탕, 들기름을 넣고 설탕이 녹을 정도로 섞어준다. 
Tip. 국간장 대신 진간장 사용시 2/3큰술에 설탕 양"
1590,[배고파_홍콩_EP.04] 백종원 제작진은 이렇게 회식합니다,youtube(인플루언서),https://www.youtube.com/watch?v=rkSdmt1IFWo,N,,,,,,,,"홍콩에서 고생한 우리 제작진들이랑 회식했어요~
메뉴가 1개, 2개…… 아휴 몇 개인지 세다 회식 끝나요!
제작진은 몇 명이냐고요? 그건 묻지 마세요…
아주 눈탱이 제대로 맞아주고 왔습니다!

○ 가게 정보
   - 陽光餐廳(Yeung Kong Restaurant)
   주소: 120 Tam Kung Rd, Ma Tau Chung, 홍콩

#백종원 #배고파 #홍콩 #회식"
1578,[배고파_이스탄불_EP.02] 어나더레벨 카이막을 만났습니다,youtube(인플루언서),https://www.youtube.com/watch?v=O7lPeplX4d0,N,,,,,,,,"정말 오랫동안 기다렸습니다
이스탄불의 찐! 카이막을 먹고 싶어서
오는 내내 얼마나 설렜는지… 😚
아 안 되겠다 군침 돌아서 일단 먹고 시작할게요~

○ 가게 정보
- Kıztaşı Muhallebicisi
주소: İskenderpaşa, Sofular Cd. No:51/A

[음악 출처]
🎵Music provided by 브금대통령 
🎵Track : How to Tame a Wyvern - https://youtu.be/U4O-q5EUJa0
🎵Track : Waltz for Golden Retriever - https://youtu.be/uySw78v2ZR0
🎵Track : Mukbang - https://youtu.be/NL4XUKWzXvY
🎵Track : 개껌 발견 -  https://youtu.be/ddHPZ_Ys0Sc
🎵Track : Simple Hawaii - https://youtu.be/3_lPJ1COT38
🎵Track : 주말엔 낮잠이지 -  https://youtu."
1576,[축지법 EP.10_예산글로벌푸드챔피언십요리대회] 이젠 심사천재로 거듭나볼게요 (feat. 팜유왕자),youtube(인플루언서),https://www.youtube.com/watch?v=i1zsjfJJNL0,ERROR,,,,,,,HTTP 429,"#백종원 #요리대회 #축지법 
*본 영상은 예산군 지원을 받아 제작되었습니다.

올해로 2회를 맞은 예산 글로벌푸드 챔피언십 요리대회! 
지역 특산물을 알리는데 사실... 요리대회만한 게 없습니다~

그런데...! 2회만에 규모가 엄청나졌습니다.
참가팀도 2배! 품격도 2배! 상금도 2배 이상으로 업그레이드~!
이제는 외식업계에서도 주목하는 요리대회랍니다🤭

요리대회를 빛내줄 특별심사위원으로 
장사천재 팀의 이장우 씨까지 모셨는데요~
과연 이장우 씨는 심사천재로 거듭날 수 있을까요?

_
00:00 인트로
02:10 삼국축제도 살짝 맛보실래요?😋
05:12 요리대회 준비해요! GRWM!
06:39 아니 귀한 곳에 귀한 분이...?
07:47 요리대회 시작합니다!💪
17:00 팬미팅😘
20:20 요리대회 출품작 만나보실까요?!
24:07 과연... 상금의 주인공은?!💸"
1579,[배고파_이스탄불_EP.01] 이걸 먹어야 이스탄불에 온 겁니다,youtube(인플루언서),https://www.youtube.com/watch?v=dC-18ksPWzQ,ERROR,,,,,,,HTTP 429,"비행기 내리자마자 가장 먹고 싶었습니다
코코레치 먹으면 제 몸이 아 여기 이스탄불이다!!
재빠르게 적응하거든요~ 아무리 생각해도
저는 전생에 이스탄불 사람이었을지도…

○ 가게 정보
- Çengelköy Kokoreççisi

주소: Çengelköy Mahallesi Çengelköy Caddesi 15/C Üsküdar, İstanbul


#백종원 #배고파 #이스탄불 #코코레치"
1583,명절 음식 소고기 육전으로 끝내 드립니다,youtube(인플루언서),https://www.youtube.com/watch?v=J4qwXDjduQw,ERROR,"간장,고추,달걀,등심,밀가루,소고기,소금,식용유,식초,후추","간장,고추,달걀,등심,밀가루,소고기,소금,식용유,식초,후추",,,,,HTTP 429,"명절에 이거 하나면 용돈? 필요 없습니다
가족끼리 둘러앉아 육전 한 점씩 주거니 받거니 하면
우애 생기는 건 일도 아니에요! 우리 가족 최고~
외치게 하는 소고기 육전, 제가 간단하게 알려드릴게요!

[ 재료 ]
*육전
소고기슬라이스(목등심) 3장(약300g)
밀가루 약1컵(140g)
식용유 3큰술(21g)
달걀 3개
맛소금 약간(2g)
후추가루 약간

*초간장
식초 2큰술(16g)
진간장 1큰술(10g)
굵은고추가루 약1/3큰술(3g)

[ 만드는 법 ]
1. 넓은 접시나 쟁반에 소고기를 한 장씩 올리고 맛소금, 후추를 뿌려 밑간한다.
  *밀가루가 없을 경우 부침가루, 튀김가루, 전분가루 등을 사용해도 좋다.
  *밀가루 대신 부침가루나 튀김가루를 사용 할 경우 밑 간을 하지 않아도 된다.
2. 달걀은 깊은 볼에 깨트려 넣고 알끈을 잘 풀어 섞는다.
3. 넓은 쟁반에 밀가루, 달걀물을 각각 담아 준비한다.
4. 프라이팬을 중 불에 올리고 식용유를 둘러 넣고 예열한다.
5. 밑 간"
1586,[배고파_방콕_EP.03] 뿌팟퐁커리 이런 비주얼은 태어나서 처음 봅니다,youtube(인플루언서),https://www.youtube.com/watch?v=dqvMsds3ITY,ERROR,,,,,,,HTTP 429,"이런 뿌팟퐁커리 저는 처음 봐요!
현지인 맛집이라고 소개받아 온 건데...
속는 셈 치고 한 입 먹어볼게요~ (냠냠)
아... 이 집은 무조건 곱빼기 시켜야겠다...!

○ 가게 정보
- Chula 50 Kitchen
주소: 262 ซ. จุฬาลงกรณ์ 50 Wang Mai, Pathum Wan, Bangkok 10330

#백종원 #배고파 #방콕 #뿌팟퐁커리"
1591,네팔렘 ‘밥장사’ 지금 성역으로 떠납니다.,youtube(인플루언서),https://www.youtube.com/watch?v=1hPgSdA9YxA,ERROR,,,,,,,HTTP 429,"디아블로4 가 나온다는데 제가 가만히 있을 수 없죠?
디아블로4 Coming Soon!
빨간 물약 Coming Soon!

#백종원 #디아블로 #빽다방"
1592,[백종원의 님아 그 시장을 가오_EP.25_양구] “이렇게 퍼주면 뭐가 남아요?” 장담하건대 웬만해선 한 그릇 다 못 먹습니다. 산더미처럼 퍼주고 손님 남기는 육개장집!,youtube(인플루언서),https://www.youtube.com/watch?v=iPLW-aOdq6I,ERROR,,,,,,,HTTP 429,"사장님! 이러면 도대체 뭐가 남아요?!
뚝배기보다 위로 솟은 육개장의 자태 좀 보세요!
분명 열심히 먹은 거 같은데 왜 아직도 한 그릇이죠...?
소화 시키려면 양구에서 하루 더 자고 가야겠는데요?

“님아 육개장 먹으러 백종원 시장 가오”

[음악 출처]
7분 44초
🎵Music provided by 브금대통령
🎵Track : Cherry Blossom Road - https://youtu.be/ccWVFbE1Zu0

13분 15초
🎵Music provided by 브금대통령
🎵Track : Make Love Not War - https://youtu.be/yJTBSYm7FpE

#백종원 #님아그시장을가오 #육개장 #양구 #시장"
1587,[배고파_방콕_EP.01] 방콕에 오면 가장 먼저 가야 합니다,youtube(인플루언서),https://www.youtube.com/watch?v=z0chU7R6eS4,ERROR,,,,,,,HTTP 429,"방콕 와서 뭐 먹어야 할지 모르겠다고요?
다른 건 모르겠고 팟카파오무쌉은 꼭 한번 먹어보세요!
딱 한 입 먹는 순간 “아…” 하면서
내가 방콕에 왔구나 할 거예요~ 저 믿죠!?

○ 가게 정보
- ก๋วยเตี๋ยวไข่ย้อนยุค
주소: 1448/19 อาคารแอล4ชั้น1ห้องแอล111

#백종원 #배고파 #방콕 #팟카파오무쌉"
1607,[백종원 시장이 되다_예산 2화] 이거슨... 악몽인가... 길몽인가...! 예산 시장을 감싼 불길한 기운...!💦,youtube(인플루언서),https://www.youtube.com/watch?v=S2qHKuB1_HA,N,,,,,,,,"#백종원 #예산 #백종원예산 

제 꿈이었던 예산 시장!
응답하라 먹거리가 가득했던 
그 때 그 시절 그 시장~ 

꼭 그렇게 레트로함을 유지하고 싶었던 시장이 
뭔가가 잘못되기 시작했습니다. 

원하던 분위기는 사라지고 없어지고.. 
상인들의 불안과 불만은 높아만 가고... 

하지만
중요한 건 꺾이지 않는 마음!! 
LG전자에서 도움의 손길과 BTS 진의 응원으로 
조금씩 저의 꿈은 이루어지고 있습니다~

시장 살리기 프로젝트!
시장이 되고자 하는 저의 꿈을
팀원 여러분들도 함께 응원해주세요!

_
00:00 인트로
01:03 악몽인가? 길몽인가?
03:15 공사 하지마!?
06:10 과거로 돌아가자!
07:24 대형 전광판 입장✨
08:31 공사도 마무리!
10:31 BTS 진의 등장!
12:02 말하지 못한 꿈...
12:35 다음 주!"
1593,[백종원 시장이 되다_예산 18화] 이 영상을 보는 당신은 지금 예산시장의 낙원 약과가 먹고 싶다...🌀 약과라이팅의 시작💫,youtube(인플루언서),https://www.youtube.com/watch?v=3Gc2NiekupU,Y,"만두,밀가루,약과,이스트,페스츄리,페이스트",밀가루,,"만두,약과,이스트,페스츄리,페이스트",밀가루,,,"#백종원 #백종원시장이되다 #예산

예산상설시장 새로운 사장님들에게 찾아온 선물..
그리고 기존 매장 사장님들에 도착한 의문의 택배..

눈물과 뿌듯함 그리고 감동이 휘몰아치는 예산상설시장~
과연, 선물과 택배의 정체는?!!

그런데...
재개장이 코앞인데 아직도 개발이 안끝난 메뉴가 있다?!!
이것은 약과인가~ 페이스트리인가~
개발 과정에 들어간 밀가루 양만 150kg
반죽하고, 튀기고, 반죽하고, 튀기고, 반죽하고, 튀기고
약과 지옥이 시작됐다!!

예산시장 최고의 난제를 풀어라!
특별한 '약과'를 위한 험난한 여정
함께 해주시겠어요~

_
00:00 인트로
00:38 신규 창업자에게 찾아온 선물🎁
02:45 기존 사장님들의 식약처 위생등급 도전!
06:45 덕산 만두의 탄생!
08:08 아직 풀리지 않은 난제가 있다
09:06 약과 1차 테스트!
10:30 약과 2차 테스트...!?
12:02 약과가 완성은 됐으나...😥
13:44 재개장 D-1
14:18 특별히 모셨습니다✨
"
1618,명란대첩 │ 나에게는 아직 12개의 명란이 남아 있쥬~ 부럽쥬?,youtube(인플루언서),https://www.youtube.com/watch?v=fpqJOFMfhmk,Y,"면,명란,참기름","마늘,명란,생크림,소금,식용유,양파,올리브유,쪽파,파스타면,파슬리가루","마늘,생크림,소금,식용유,양파,올리브유,쪽파,파스타면,파슬리가루","면,참기름","정수물, 스파게티면, 올리브오일, 맛소금, 생크림, 명란젓, 양파, 통마늘, 식용유, 파르메산치즈가루, 쪽파, 통후추가루, 파슬리가루","정수물, 파르메산치즈가루, 통후추가루",,"#백종원 #명란파스타 #명란요리 

명란 평소에 어떻게 드세요?
아직도 밥이랑만 먹는 건 아니쥬?
물론 밥하고 참기름에만 먹어도 맛있지만
오늘 두 단계는 업그레이드 해줄게유!

명란크림파스타는 증말 쉬워유!
명란 모양만 잘 살려서~ 요렇게 해주면?
어때유? 그럴싸하쥬?

밖에서 사 먹을 필요 없어요~
오늘도 집에서 맛있게 드세요!

[ 명란크림파스타 ]

[ 재료 ]

*면 삶기
정수물 약5와1/2컵(1L)
스파게티면 100g
올리브오일 약2큰술(12g)
맛소금 약간(2g)

*명란크림파스타
생크림 1컵(180g)
명란젓 약2개(64g)
양파 약1/4개(60g)
통마늘 4개(20g)
식용유 2큰술(14g)
맛소금 약간
명란젓(고명용) 약간
파르메산치즈가루 약간
쪽파 약간
통후추가루 약간

[ 만드는 법 ]

*면 삶기
1. 냄비에 정수물, 맛소금, 올리브오일을 넣고 강 불에 올려 끓인다.
2. 물이 바글바글 끓어오르면 스파게티면을 넣고 약 6분 삶은 후 불을 끄고 면수에 그대로 담가"
1619,백종원 광고 단가 수준,youtube(인플루언서),https://www.youtube.com/watch?v=yOuoqUatqZs,N,,,,,,,,"#백종원 #PPL #연락주세요

PPL 하려면 화끈하게!
계약 기간 끝나도 해줘버려~
이거시 광고주와 나의 의리유!

내 모델료 비쌀 거 같아유?
옣 맞습니다 싸진 않아유~
(그래서 PPL이 안 들어오는 건가...)

근데 우리는 가성비보다 가심비!
한번 믿고 맡겨 보시라니까?!
이번에는 어디를 홍보해볼까유~"
1622,[제1회 주주총회_EP.2] 팬톤 선정 올해의 컬러 '막걸리 레드'🍓 인★갬성 제대로 즐기는 새콤달콤오색 막걸리 PARTY!🎉,youtube(인플루언서),https://www.youtube.com/watch?v=-aw1HFTWKNU,Y,"다리,딸기,막걸리,무화과,바나나",,,"다리,딸기,막걸리,무화과,바나나",,,,"아기다리고기다리던 주주총회 두 번째 회담!
누가 막걸리 보고 올드하대요?!👿
요즘 인싸는 막걸리 먹는 거 나만 아는 거 아니져?
막걸리에서 바나나향? 딸기맛? 무화과까지?

봄, 여름, 가을, 겨울 언제 먹어도 좋지만~
바로 오늘! 지금 이 순간! 먹으면 더 좋은 전통주!
주주총회에서 제대로 털어드릴게요!

*주주총회에서 소개된 전통주의 자세한 정보와 구매처는 '백술닷컴'에서 확인하실 수 있습니다.

백술닷컴 홈페이지 :
https://www.paiksool.com/

#백술도가 #전통주 #막걸리


==================


한식을 사랑하는 외국인분들을 위해 외국어 자막을 첨부하였습니다.
본 영상의 자막은 통합 언어 플랫폼 ‘플리토’와 함께 합니다.
Subtitles in foreign languages are provided for everyone who loves Korean food.
All subtitles are provided by an integrated l"
1600,[배고파_홍콩_EP.00] 배고파서 홍콩 왔습니다,youtube(인플루언서),https://www.youtube.com/watch?v=ppk9FfAuBe8,N,,,,,,,,"#백종원 #배고파홍콩 #홍콩

해외에서는 오랜만에 인사드리죠?
일본에 이어 홍콩에서 각 잡고 찍어왔습니다!
백종원은 해외에 가면 뭘 먹을까 많이들 궁금하셨죠?
어우 얘기하다 보니 또 배고프네...

[배고파_홍콩_EP.01]은 3월 30일 목요일에 공개됩니다!
많은 관심 부탁드려요~"
1625,[바종원 생방송 Full ver.]술자리를 함께 하지 못한 팀원 분들을 위하여,youtube(인플루언서),https://www.youtube.com/watch?v=sP_lbVl96iA,N,,,,,,,,"#백종원 #생방송 #풀영상

함께하지 못한 팀원분들을 위해 올려드리는 Full ver.영상!

초반에 영상 끊김 현상은 저희 제작진 놈들의 불찰입니다.
(팀원분들이 이렇게 많이 들어와 주실 줄이야... 죄송합니다.)
라이브에 참여해주신 팀원분들 감사합니다. 

다음엔 더 많은 분들이 참여하실 수 있는 야심한 시간에 찾아뵙겠습니다!
다음 주 수요일! 라이브 방송 하이라이트 편집 영상도 업로드 해드릴게요! 
기대해주세요!"
1627,참치김치찌개 끓이기 전에 '이거' 같이 안 해 먹으면 손해!,youtube(인플루언서),https://www.youtube.com/watch?v=e--h7ax_6pQ,Y,"간장,김치,두부,양파,캔참치,파,황다랑어","간장,다진마늘,두부,설탕,양파,참기름,청양고추,캔참치,파","다진마늘,설탕,참기름,청양고추","김치,황다랑어","정수 물, 신김치, 양파, 두부, 참치캔, 대파, 국간장, 간 마늘, 굵은 고춧가루, 청양고추, 황설탕, 진간장, 참기름","정수 물, 신김치, 굵은 고춧가루",,"#백종원 #참치김치찌개 #참치밥
우리 팀원분들 찬장에 
여기저기서 선물 받은 '참치캔' 쌓여 있쥬?

그놈들을 뚝딱! 없애 버릴 수 있는 
최고의 비이이법! 알려드릴게유

========================

[ 참치김치찌개 ] 2인분 기준

[ 재료 ]

정수 물 약 2컵(400ml)
신김치 약 1컵(150g)
양파 약 1/2개(100g)
두부 1/2팩(90g)
참치캔 1/2캔(50g)
대파 약 1/3대(30g)
국간장 2큰술(20g)
간 마늘 1큰술(20g)
굵은 고춧가루 2큰술(16g)
청양고추 1개(10g)
황설탕 1/4큰술(3g)

[ 만드는 법 ]

1. 대파, 청양고추는 두께 0.4cm로 송송 썰고 양파는 두께 0.4cm로 채 썬다.
2. 두부는 두께 1cm로 썰어 준비한다.
3. 냄비에 신김치, 양파, 대파, 청양고추, 참치, 정수 물, 간 마늘, 굵은 고춧가루, 황설탕, 국간장을 넣고 강불에 끓인다.
   * 멸치다시다를 넣으면 더욱 진한 맛을 낼 수 있다."
1628,맛집 사장님이 알려 주는 식당에서 사 먹는 차돌된장찌개 집에서 끓이는 법,youtube(인플루언서),https://www.youtube.com/watch?v=Mfnwc1dc0MY,Y,"된장,두부,소고기,양파,차돌박이","감자,고추장,느타리버섯,다진마늘,두부,무,빨간고추,새송이버섯,양파,차돌박이,청양고추,파,표고버섯","감자,고추장,느타리버섯,다진마늘,무,빨간고추,새송이버섯,청양고추,파,표고버섯","된장,소고기","정수물, 양파, 두부, 재래식 된장, 차돌박이, 주키니호박, 감자, 대파, 느타리버섯, 무, 청양고추, 간 마늘, 고추장, 홍고추, 굵은 고춧가루, 새송이버섯, 표고버섯","정수물, 재래식 된장, 주키니호박, 굵은 고춧가루",,"#백종원 #차돌된장찌개 #맛집레시피
고기 들어간 찌개 좋아하세요?
소고기 잔뜩 먹고 느끼한 속을 싹 잡아주는 차돌된장찌개

식당에서 사 먹는 차돌된장찌개 비주얼 그대로~
맛깔지게 끓이는 꿀팁도 알려 드릴게요

다음에 올려드릴 된장찌개 레시피도 기대해 주세요

============================

[ 차돌박이 된장찌개 ] 약 4인분 기준

[ 재료 ]

정수물 약 6과 1/2컵(1.2L)
양파 1/2개(125g)
두부 1/2모(145g)
재래식 된장 5큰술(100g)
차돌박이 100g
주키니호박 약 1컵(80g)
감자 1/3개(60g)
대파 1/2대(50g)
느타리버섯 1타래(50g)
무 약간(40g)
청양고추 2개(20g)
간 마늘 1큰술(20g)
고추장 1큰술(20g)
홍고추 1개(10g)
굵은 고춧가루 약 1/2큰술(3g)

[ 만드는 법 ]

1. 대파는 두께 1cm 정도로 송송 썰어 준비한다.
2. 홍고추는 두께 0.5cm로 어슷 썰고, 청양고추는 두께 0.3"
1601,[백종원 시장이 되다_예산 10화] 오픈 전인 예산시장에 100명이나 OOO하러 왔다고?,youtube(인플루언서),https://www.youtube.com/watch?v=c1RXPlckjIk,N,,,,,,,,"#백종원 #백종원시장이되다 #예산 

모든 준비는 끝났다! 
이제 남은 건 실전 테스트!! 

실제로 손님을 받아보고  
매장에서 얼마만큼 소화할 수 있는지~ 문제점은 없는지~ 

100명의 시식단 강제 동원!!

그런데... 
""여긴 왜 이렇게 연기가 나요?"" 
""여기도 같이 하기로 했는데 몰랐어요?!!"" 

과연, 예산시장 예비 사장님들은  
한꺼번에 몰려든 100명의 손님을 잘 치러낼 수 있을까? 
무사히 예산시장은 오픈할 수 있을까?!

그리고 드디어 맞이한 D-day!! 
예산시장 오픈 첫날은 과연 어땠을지
함께 확인해볼까요?



_
00:00 인트로
00:42 매장점검
04:08 오픈 카운트다운!
06:14 오픈 후 평가...?!
07:39 샌드박스엔 무슨 일로?
08:15 시장 첫날❤
10:51 결국 휴장..?😭
11:58 살짝 스포..?👀
13:22 예고편!"
1604,더 이상의 부대찌개는 없습니다! 이걸로 끝내겠습니다,youtube(인플루언서),https://www.youtube.com/watch?v=-MvfUUPB5-Y,Y,"간장,고추,고추장,다진마늘,된장,마늘,빽햄,소시지","간장,고추장,다진마늘,라면,소금,양파,통조림햄,파","라면,소금,양파,통조림햄,파","고추,된장,마늘,빽햄,소시지","간마늘, 국간장, 재래식된장, 굵은고추가루, 고추장, 후추가루, 정수물, 대파, 통조림햄, 빽소시지, 양파, 신김치, 베이크드빈스, 체다슬라이스치즈, 라면, 케첩, 진간장, 소금","재래식된장, 굵은고추가루, 후추가루, 정수물, 빽소시지, 신김치, 베이크드빈스, 체다슬라이스치즈, 케첩",,"#백종원 #부대찌개 #빽소시지

오늘은 특별한 소식이 하나 있습니다!
그간 부대찌개에 빽햄만 넣으려니까 섭섭하셨죠?
그럴 줄 알고! 이번엔 빽쏘시지를 만들었어요~
그것도 부대찌개 전용으로요!

부대찌개 먹을 때 고기는 많으면 많을수록 좋잖아요~
콱 씹으면 육즙 퐉 나오는 햄이랑 소시지!
얼큰한 국물까지~ 상상만 해도 기분 좋지 않나요?
갑자기 부대찌개 확 땡기시죠? 오늘도 맛있게 드세요!
------------------------------------------------------------------------------------------
[ 부대찌개 ]
[ 재료 ]
*양념장
간마늘 1큰술(20g)
국간장 2큰술(20g)
재래식된장 약2/3큰술(16g)
굵은고추가루 2와1/2큰술(20g)
고추장 약1/2큰술(12g)
후추가루 약간
*부대찌개
정수물 1병(500ml)
대파 1과1/2대(150g)
통조림햄 1/2캔(100g)
빽소시지 2개(약80g)
양파 약1/4개(60g)
신"
1631,"식당에서 먹는 콩나물국 맛의 비밀, 이건 몰랐쥬?",youtube(인플루언서),https://www.youtube.com/watch?v=SeUG8iRDE_g,Y,"간,김치,마늘,콩나물,파","간장,다진마늘,소금,청양고추,콩나물,파","간장,다진마늘,소금,청양고추","간,김치,마늘","콩나물, 정수물, 대파, 간 마늘, 꽃소금, 국간장, 청양고추, MSG, 맛소금","정수물, MSG",,"#백종원 #콩나물국 #해장국
깔끔하고 시원한 국물이 일품인 콩나물국
집에서는 식당의 그 개운한 맛을 내기가 참 어렵쥬? 

식당에서 먹는 콩나물국의 비밀을 알려 드리니 잘 보세요👀
콩나물이 끝까지 아삭하게 살아 있어야 맛있어요

콩나물국하고 신김치 있으면 딱! 끝😏
다음엔 콩나물해장국도 올려 드릴게요~

==========================

[ 콩나물국 ] 약 4인분 기준

[ 재료 ]

콩나물 300g
정수물 약 11컵(2L)
대파 약 1/2대(40g)
간 마늘 1큰술(20g)
꽃소금 약 1큰술(10g)
국간장 1과 1/2큰술(15g)
청양고추 1개(10g)

[ 만드는 법 ]

1. 콩나물은 가볍게 세척한 후 체에 밭쳐 물기를 제거한다.
2. 대파, 청양고추는 두께 0.3cm로 송송 썰어 준비한다.
3. 냄비에 정수물을 넣고 끓어오르면 콩나물, 국간장, 간 마늘, 꽃소금을 넣고 강불에 끓인다.
   * MSG를 사용할 경우 1/6큰술 정도 넣는다.
   * MSG가 "
1634,흔한 동학개미들의 술자리 대화 #shorts,youtube(인플루언서),https://www.youtube.com/watch?v=9EGZDkrehO0,N,,,,,,,,"내가 사면 떨어지고 내가 팔면 오르는 매직
으ㅆF으ㅆF 오늘도 열심히 끌어봅시다

Full ver. 👉🏻 https://youtu.be/UmLLVHK1b54"
1639,30년 전통 쌈밥집 아저씨가 고기 없이 만드는 달걀 쌈장,youtube(인플루언서),https://www.youtube.com/watch?v=pAtYVBAp374,Y,"고추,고추장,달걀,된장,마늘,쌈장,양파","달걀,된장,파",파,"고추,고추장,마늘,쌈장,양파","된장, 달걀, 파",,,"#백종원 #집종원 #달걀쌈장
봄바람 살살 불어오면 생각나는 쌈밥
쌈밥집 아저씨의 근본을 지키기 위해 준비한 메뉴입니다

맛있는 된장에 달걀, 파만 있으면
고추장도, 고기도, 양파도, 마늘도, 고추도 필요 없어요~

입맛 없으신 분들 식사 거르지 마시고
간단한 달걀쌈장 만드셔서 맛있는 한 끼 드세요!



한식을 사랑하는 외국인분들을 위해 외국어 자막을 첨부하였습니다.
본 영상의 자막은 통합 언어 플랫폼 ‘플리토’와 함께 합니다.
Subtitles in foreign languages are provided for everyone who loves Korean food.
All subtitles are provided by an integrated language platform, Flitto.
https://www.flitto.com/pro/caption-translation"
1644,"저는 갈맥길만 걷겠습니다, 등갈비튀김이 더 맛있어지는 마법 가루 공개!",youtube(인플루언서),https://www.youtube.com/watch?v=amKnBhgVcfg,Y,"감자,감자전분,돼지갈비,등갈비,맥주,소금,식용유,전분,치즈","감자전분,소금,식용유,참깨,후추","참깨,후추","감자,돼지갈비,등갈비,맥주,전분,치즈","식용유, 돼지등갈비, 정수물, 감자전분, 맛소금, 후춧가루, 고운 고춧가루, 큐민가루, 통깨","돼지등갈비, 정수물, 고운 고춧가루, 큐민가루",,"#백종원 #등갈비튀김 #돼지갈비
저번 치즈등갈비 때 말씀드린 등갈비튀김입니다!
우리 집 애들이 정말 좋아하는 아빠 메뉴 중 하나인데요

선택이 아닌 필수! 마법 가루도 꼭 함께 만드셔서
마법 가루에 버무린 등갈비튀김에 맥주 한 잔🍺 ㅋF~
이제는 갈맥의 시대입니다😎

========================================

[ 돼지등갈비튀김 ]

[ 재료 ]

*돼지등갈비튀김
식용유 1통(1.8L)
돼지등갈비 10대(약750g)
정수물 2컵(360ml)
감자전분 1컵(100g)
맛소금 1/2큰술(7g)
후춧가루 약간

*찍어 먹는 양념
고운 고춧가루 약2큰술(10g)
큐민가루 1큰술(6g)
맛소금 1큰술(14g)
통깨 약 2큰술(9g)
후춧가루 약간

[ 만드는 법 ]

*물전분 만들기
1. 감자전분과 정수물을 잘 섞은 후 30분 정도 두어 전분이 가라앉아 물과 분리되도록 한다.
   * 감자전분과 정수물을 섞은 후 흔들리지 않는 곳에 두어야 전분이 잘 가라앉는다."
1651,"전 구울 때, 튀긴듯 바삭하지만 안타고 촉촉하게 잘 굽는 법",youtube(인플루언서),https://www.youtube.com/watch?v=0wqp-Ii5wQM,Y,"돼지고기,두부,부추,부침가루,파","간장,고춧가루,다시다,다진마늘,달걀,돼지고기다짐육,두부,미원,부추,부침가루,설탕,소금,식용유,식초,양파,참기름,청양고추,파,후추","간장,고춧가루,다시다,다진마늘,달걀,돼지고기다짐육,미원,설탕,소금,식용유,식초,양파,참기름,청양고추,후추",돼지고기,"다진 돼지고기, 두부, 대파, 부추, 부침가루, 진간장, 청양고추, 간 마늘, 달걀, 식용유, 맛소금, 후춧가루, 참기름, 꽃소금, 미원, 소고기다시다, 식초, 황설탕, 양파, 케첩, 설탕, 고춧가루",케첩,,"#백종원 #금악리 #부추완자전
감사하게도 금악냉면을 찾아주신 많은 분들께서
사이드 메뉴 '고기완자'를 궁금해하시길래 준비했습니다!
아무리 큰 전이라도 겉.바.속.촉!
타지 않게 굽는 요령까지 다~ 알려드릴게요☺

저희 회사에서 테스트용으로 만든 '백걸리'와 함께 맛있게 먹겠습니다~

==============================

[ 부추완자전 ] 

[ 재료 ]

*부추완자전
다진 돼지고기 2컵(300g)
두부 1/2모(150g)
대파 1대(100g)
부추 약 12줄(60g)
부침가루 약 1/3컵(40g)
진간장 3큰술(30g)
청양고추 2개(20g)
간 마늘 약 2/3큰술(15g)
달걀 2개
식용유 적당량
맛소금 약간
후춧가루 약간

*찍어 먹는 양념간장
식초 2큰술(16g)
진간장 1큰술(10g) 
황설탕 약간
양파 약간
청양고추 약간

[ 만드는 법 ]

*부추완자전
1. 달걀은 깊은 컵이나 볼에 잘 풀어 준비한다.
2. 청양고추는 꼭지를 제거한 후 길게 1/4로 가"
1650,카레는 먹고싶고... 많은 재료 사오기 귀찮을 땐...🤔,youtube(인플루언서),https://www.youtube.com/watch?v=9Wvd9VL0OpM,Y,"다진마늘,라면,마늘,버터,카레,후추","건더기스프,다진마늘,라면스프,면,버터,카레,후추","건더기스프,라면스프,면","라면,마늘","순한맛 라면, 물, 건더기 스프, 고형 카레, 분말 스프, 카레가루, 면, 간마늘, 버터, 후춧가루","순한맛 라면, 물, 고형 카레",,"#백종원 #카레 #라면
가끔씩 그런 날 있잖아요...
카레 생각은 나는데.... 재료도 없고... 끓여먹자니 귀찮을 때...
그럴 때 필요한 방법 알려드릴게요!
혼밥 하기 최고의 메뉴입니다👍🏻

========================================

[ 카레라면 ]

[ 재료 ]

순한맛 라면 1봉지
물 약 3컵(550ml)
고형 카레 1개(25g)
버터 2큰술(24g)
간마늘 1/5큰술(4g)
후춧가루 약간

[ 만드는 법 ]

1. 냄비에 물, 건더기 스프를 넣고 강불에 끓인다.
2. 물이 끓어오르면 고형 카레, 분말 스프를 넣고 고형 카레가 녹을 때까지 끓인다.
   * 카레가루를 사용할 경우 약 2큰술 정도 사용한다.
   * 분말 스프가 많이 들어가면 짤 수 있으니 간을 보면서 넣는다.
3. 면을 넣고 면이 끊어지지 않도록 풀어가며 끓인다.
4. 면이 한 가닥씩 전체적으로 풀어지면 간 마늘, 버터를 넣고 약 1분 30초간 끓인다
5. 후춧가루를 넣고 잘 "
1605,[백종원 시장이 되다_예산 4화] 예산 시장 국수집! 이름이 '선봉'이면 국수가 공짜!?,youtube(인플루언서),https://www.youtube.com/watch?v=RUctrqwieYk,ERROR,"라면,면,멸치,육수,쪽파","라면,면,멸치,육수,쪽파",,,,,HTTP 429,"#백종원 #백종원시장이되다 #예산

예산 시장 멸치국수는 육수부터 남다르다~!!
오랜 시간 뭉근하게 끓여내
찐~하고 감칠맛 도는 국물 맛!

그런가하면 예산시장에서만 맛볼 수 있는 
특별한 국수도 있으니~
바로 예산의 특산물~ 쪽파를 이용해 만든
파기름 비빔국수도 있다!

진한 멸치국수 vs 파기름 비빔국수
남녀노소 누구나 즐길 수 있는 선봉국수!
심지어 이름이 'OO'이라면 공짜로 즐길 수 있다고..?!

예산 시장에 오셔서 드셔보세요~!!


_
00:00 인트로
00:15 선봉국수의 비밀...😋
01:59 멸치국수 비법 공개?!
03:42 파기름비빔국수🍽
05:31 한걸음...뒤엔...항상..~
07:19 맛있게 먹는 법!
08:00 숨겨온 작은 꿈..?!
10:10 LG U+와의 만남!
11:51 예고편!"
1656,고급 레스토랑 따라잡기! 전복 내장 이렇게 드시면 정말 맛있어요~ 전복크림파스타,youtube(인플루언서),https://www.youtube.com/watch?v=UEfoOmupTG8,Y,"내장,마늘,양파,우유,전복,크림스파게티소스","마늘,버터,소금,식용유,양파,우유,전복,쪽파,파스타면","버터,소금,식용유,쪽파,파스타면","내장,크림스파게티소스","전복, 물, 전복내장, 우유, 양파, 통마늘, 식용유, 맛소금, 스파게티면, 버터, 파마산치즈가루, 쪽파, 소금","물, 전복내장, 파마산치즈가루",,"#백종원 #전복 #크림파스타
전복이 가득 들어가 풍부한 맛의 크림파스타
전복 내장 안 드시는 분들도 이 소스엔 푹 빠지실 거에요
이거 만들어보시고 꼭 점수 따세요

====================================

[ 전복내장크림파스타 ]

[ 재료 ]

*전복 손질
전복 4마리(15미)
물 1L

*전복내장크림소스
전복내장 전량
우유 1팩(200ml)
양파 1/2개(125g)
통마늘 5개(약30g)
식용유 3큰술(21g)
맛소금 약간

*전복내장크림파스타
삶은스파게티면 160g(삶기 전 80g)
버터 약 2큰술(20g)
파마산치즈가루 1과 1/4큰술(10g)
손질 전복살 전량
전복 내장 크림소스 전량
쪽파 1줄(약10g)

[ 만드는 법 ]

*전복 손질
1. 전복은 전복솔을 이용하여 깨끗하게 세척한다.
   * 전복솔이 없다면 사용하지 않는 칫솔을 이용하여 닦아도 좋다.
2. 냄비에 물을 넣고 끓어오르면 세척한 전복을 넣고 약 3분 정도 데친 후 찬물에 넣어 식"
1655,한국 양념으로만 맛을 냈어요! 전복조림인 척 하는 전복구이,youtube(인플루언서),https://www.youtube.com/watch?v=gVw9OXujilo,Y,"간장,내장,마늘,버터,전복,참기름","간장,마늘,설탕,식용유,전복,참기름","설탕,식용유","내장,버터","전복, 물, 통마늘, 진간장, 식용유, 참기름, 황설탕",물,,"#백종원 #초간단 #전복
전복 구워 드실 때 주로 버터🧈 사용하시죠?
오늘은 간장과 참기름같이 한국 재료들로 구워봤어요!
내장 빼고 만들면 '전복 장조림'으로 반찬처럼 드실 수 있으니
한번 따라해 보세요!

===================

[ 전복구이 ]

[ 재료 ]

*전복 손질
전복 5마리(15미)
물 1L

*전복구이
데친 전복 5마리(15미)
통마늘 12개(60g)
물 약 1/4컵(40g)
진간장 약 2큰술(18g)
식용유 1과 1/2큰술(10g)
참기름 약 1과 1/2큰술(10g)
황설탕 2/3큰술(8g)

[ 만드는 법 ]

*전복 손질
1. 전복은 전복솔을 이용하여 깨끗하게 세척한다.
   * 전복솔이 없다면 사용하지 않는 칫솔을 이용하여 닦아도 좋다.
2. 냄비에 물을 넣고 끓어오르면 세척한 전복을 넣고 약 3분 정도 데친 후 찬물에 넣어 식힌다.
   * 전복의 크기에 따라 데치는 시간을 조절한다.
3. 데친 전복은 숟가락을 이용하여 껍질을 제거한 후 가위를 "
1637,하면 할수록 빠져든다... 집에서 빚는 우리 술 우리 막걸리,youtube(인플루언서),https://www.youtube.com/watch?v=u1m21zlfVLo,ERROR,"누룩,다리,막걸리,쌀,이스트","누룩,다리,막걸리,쌀,이스트",,,,,HTTP 429,"#백종원 #막걸리 #전통주
많이 기다리셨죠?
드디어 집에서 막걸리 빚는 법 알려드립니다

우리 술 막걸리 빚기에 푸~욱 빠져있는데요
막걸리는 빚으면 빚을수록 더 재밌고,
맛있는 술이 완성되었을 때 그 짜릿함이 있어요😆

쌀, 누룩, 효모만 있으면 술 빚기 성공할 수 있어요
여러분도 우리 술의 매력에 빠져 보세요!

=====================

[막걸리]

[재료]
쌀 2kg
누룩 200g
물 2.3L
효모 3g
설탕 1g

[만드는 법]
※ 집기류를 소독하지 않으면 잡균이 들어가 발효 과정에 문제가 생길 수 있으므로,
막걸리 만들 때 사용하는 모든 집기류는 끓는 물에 소독하거나 알코올 소독 후에 사용한다.
(열탕 소독 시 집기류를 충분히 식혀준 후 사용한다.)

1. 100ml 정제수에 설탕 1g, 효모 3g 풀어서 6시간 동안 상온에 두어 효모를 배양한다.
2. 효모를 배양한 후, 200ml 정제수에 누룩 200g을 넣고 누룩을 불려준다.
3. 쌀 2kg를 맑은 물이 "
1640,집종원만의 특별한 치밥레시피! KFC 할아버지도 몰라 아무도 몰라🤫,youtube(인플루언서),https://www.youtube.com/watch?v=qObnZfkQ-C4,ERROR,,,,,,,HTTP 429,"#백종원 #집종원 #치밥
팀원분들 치킨 안 남으시쥬?
치밥용 치킨은 미리 한두조각 빼놓으세요
그래야만 맛볼 수 있는 백종원만의 특별한 치밥🍗🍚

양념치킨 치밥이랑은 완전히 다른 맛이에요
꼭 한번 시도해 보세요!



한식을 사랑하는 외국인분들을 위해 외국어 자막을 첨부하였습니다.
본 영상의 자막은 통합 언어 플랫폼 ‘플리토’와 함께 합니다.
Subtitles in foreign languages are provided for everyone who loves Korean food.
All subtitles are provided by an integrated language platform, Flitto.
https://www.flitto.com/pro/caption-translation"
1643,NO오븐 베이킹 🐶 맛있는 초코롤 혼자 먹다 소여사한테 딱 걸림..!,youtube(인플루언서),https://www.youtube.com/watch?v=oqYRGAPaw74,ERROR,,,,,,,HTTP 429,"#집종원 #초코롤 #호떡믹스
발렌타인데이를 맞이하여 에어프라이어를 꺼냈습니다
이거 진짜 말이 필요 없습니다 (찐텐 폭발💥)
🐶맛있습니다! 🐶🐶맛있습니다!

11:48 소여사와 약속 깜빡하고 먹다 딱 걸려서 동공지진남🤣



한식을 사랑하는 외국인분들을 위해 외국어 자막을 첨부하였습니다.
본 영상의 자막은 통합 언어 플랫폼 ‘플리토’와 함께 합니다.
Subtitles in foreign languages are provided for everyone who loves Korean food.
All subtitles are provided by an integrated language platform, Flitto.
https://www.flitto.com/pro/caption-translation"
1654,조리는 3분 컷! 재료비도 초저렴!,youtube(인플루언서),https://www.youtube.com/watch?v=tCe6B6U8wHw,ERROR,"간,고춧가루,단무지,라면,마늘,유부,참기름,파","간,고춧가루,단무지,라면,마늘,유부,참기름,파",,,,,HTTP 429,"#백종원 #단무지무침 #초간단반찬
유부김밥 만들려고 사 둔 단무지가 남아서 곤란하다고요?
그럼 간단한 재료에 3분만 더 투자해 보세요
추억의 그 맛..☆ 라면이랑 먹으면 더 맛있어요🍜

=====================================

[ 단무지무침 ]

[ 재료 ]

단무지 1팩(고형물175g)
대파 약 2/3대(70g)
간 깨 약 1큰술(8g)
간 마늘 1/3큰술(7g)
굵은 고춧가루 약 1/2큰술(3g)
참기름 약 1/2큰술(3g)

[ 만드는 법 ]

1. 단무지는 반달 모양으로 잘라 준비한다.
   *단무지는 원하는 모양으로 잘라 사용한다.
   *김밥 단무지를 사용할 경우 길이 3cm 정도로 잘라 사용한다.
2. 대파는 두께 0.3cm로 송송 썰어 준비한다. 
   *대파 대신 쪽파를 사용해도 좋다.
3. 깊은 볼에 단무지, 대파, 간 마늘, 굵은 고춧가루, 간 깨, 참기름을 넣고 조물조물 무친다.
   *간 깨는 통깨를 절구에 빻거나 손바닥으로 으깨어"
1648,"내가 혼자 살았다면..? 혼자의, 혼자에 의한, 혼자를 위한 뀰맛레시피 공개!",youtube(인플루언서),https://www.youtube.com/watch?v=Q25-6ytLuTE,ERROR,,,,,,,HTTP 429,"#백종원 #자취요리 #혼족레시피
2022년 새해를 맞이하여 집을 하나 얻었습니다😬
제 방에 모여서 간단한 요리 하면서 수다 떨어요~

앞으로 혼족을 위한 레시피 많이 올려드릴게요!
다음엔 어떤 메뉴가 좋을까요?



한식을 사랑하는 외국인분들을 위해 외국어 자막을 첨부하였습니다.
본 영상의 자막은 통합 언어 플랫폼 ‘플리토’와 함께 합니다.
Subtitles in foreign languages are provided for everyone who loves Korean food.
All subtitles are provided by an integrated language platform, Flitto.
https://www.flitto.com/pro/caption-translation"
1657,스.푸.파 속 음식 따라하기! 청두야시장에서 먹던 그 감자 요리?!,youtube(인플루언서),https://www.youtube.com/watch?v=b2AXKI76rKI,ERROR,"감자,마라,맥주,식용유,파","감자,마라,맥주,식용유,파",,,,,HTTP 429,"#백종원 #마라감자 #스푸파
저희 회사에서 '만능마라소스'가 새로 출시되었습니다~!

팀원분들이 마라소스 활용법을 많이 요청하셔서
'스트리트 푸드 파이터 청두 편'에서 먹었던 마라감자를 만들어봤어요
일단 시~원한 맥주🍺부터 준비하고 시작하세요!

=============================

[ 마라감자 ]

[ 재료 ]
냉동감자 200g
식용유 1/4컵(40g)
마라소스 약 1과 1/2큰술(25g)
대파 1/5대(20g)

[ 만드는 법 ]
1. 대파는 두께 0.3cm로 송송 썰어 준비한다. 
2. 프라이팬에 식용유를 두른 후 강불에 예열한다.
3. 냉동감자를 넣고 전체적으로 노릇노릇해질 때까지 튀기듯이 굽는다.
4. 감자가 튀겨지면 기름을 따라낸 후 대파를 넣고 볶는다.
5. 불을 중불로 줄인 후 마라소스를 넣고 골고루 섞어 완성한다.
   *감자튀김의 색이 너무 진하거나 프라이팬에 열이 너무 쎈 경우에는 불을 끄고 섞는다.

[ Mala potatoes ]

[ Ing"
1658,마트에서 산 '소불고기'로 다섯가지 활용법 대방출,youtube(인플루언서),https://www.youtube.com/watch?v=1T4R8zNe1yA,ERROR,"간장,고추,고추장,소고기","간장,고추,고추장,소고기",,,,,HTTP 429,"#백종원 #소불고기 #간장불고기
국내산 육우로 만든 간장 소불고기 먹는 법 총정리해드립니다!
쌈 싸 먹고, 샌드위치 해 먹고, 비벼 먹고, 볶아 먹고, 끓여 먹고
이렇게 먹으면 질릴 틈이 없어요😬

국내산 육우와 전국 9개도 농산물의 소비 촉진을 위해
농협과 함께 집에서 간편하게 드실 수 있는 불고기 세트를 만들었어요🤗

★ [농협 창립 60주년 기념] 불고기 세트 ★
구성 : 간장 소불고기 250g+고추장 돼지불고기 250g
판매처 : 1) 농협 라이블리(온라인)
              2) 하나로 마트(오프라인)
가격 : 12,400원

잠깐🖐🏻 이게 다가 아니에요! 돼지불고기 활용법 커밍순~


한식을 사랑하는 외국인분들을 위해 외국어 자막을 첨부하였습니다.
본 영상의 자막은 통합 언어 플랫폼 ‘플리토’와 함께 합니다.
Subtitles in foreign languages are provided for everyone who loves Korean food.
All subt"
1668,이걸 먹으면 나도 왕이 될 상인가~? 궁중 떡볶이!,youtube(인플루언서),https://www.youtube.com/watch?v=Bt0PPGfItZw,Y,"간,간장,당근,떡볶이떡,마늘,버섯,설탕,소고기,양파,파,파프리카,표고버섯","간장,다진마늘,당근,떡볶이떡,설탕,소고기,양파,참기름,참깨,파,파프리카,표고버섯,후추","다진마늘,참기름,참깨,후추","간,마늘,버섯","떡볶이떡, 물, 소고기, 양파, 청피망, 당근, 표고버섯, 대파, 진간장, 황설탕, 간 마늘, 참기름, 후춧가루, 통깨",물,,"#백종원 #떡볶이 #간장떡볶이
다양한 떡볶이 중 오늘은 간장으로 만든 떡볶이를 준비했습니다.
궁중떡볶이와 함께 왕이 된 기분을 느껴보세요!

==========

[ 궁중떡볶이 ]

[ 재료 ]
떡볶이떡 1과1/4컵(200g)
물 약1/2컵(100ml)
소고기 불고기용 약1/2컵(60g)
양파 약1/4개(60g)
청피망 약1/4개(30g)
당근 1/9개(30g)
표고버섯 1과1/2개(25g)
대파 ¼대(25g)
진간장 2와1/2큰술(25g)
황설탕 2큰술(24g)
간 마늘 ½큰술(10g)
참기름 1큰술(7g)
후춧가루 약간
통깨 약간

[ 만드는 법 ]
1. 떡볶이용 떡은 물에 담가 불린 후 체에 밭쳐 물기를 제거한다.
2. 대파는 두께 0.5cm로 어슷 썰어 준비한다.
3. 양파는 두께 0.5cm로 채 썰어 준비한다.
4. 소불고기는 먹기 좋은 크기로 잘게 썰어 준비한다.
5. 피망은 돌려가며 어슷하게 썰고, 표고버섯은 기둥을 제거한 후 8등분 하여 준비한다.
6. 당근은 0.5c"
1670,설날을 기다리며 김치만두 만들어요!,youtube(인플루언서),https://www.youtube.com/watch?v=JBgLd7TqB7U,Y,"간,고춧가루,굴소스,김치,당면,돼지고기,들깨,들깨가루,마늘,만두,부추,파","간장,굴소스,다시다,다진마늘,당면,만두피,밀가루,부추,설탕,참기름,파","간장,다시다,다진마늘,만두피,밀가루,설탕,참기름","간,고춧가루,김치,돼지고기,들깨,들깨가루,마늘,만두","신 김치, 간 돼지고기, 불린당면, 부추, 대파, 껍질 있는 들깨가루, 간 마늘, 굵은 고춧가루, 굴소스, 참기름, 황설탕, 진간장, 만두피, 물, MSG, 소고기다시다, 밀가루","신 김치, 간 돼지고기, 껍질 있는 들깨가루, 굵은 고춧가루, 물, MSG",,"#백종원 #김치만두 #설날
설날이 코앞으로 다가왔습니다!
밖에 나가기 힘든 요즘
집에서 김치만두 만들며 새해 분위기 즐겨 보시는 건 어떠세요?

===============

김치만두 

[재료] 약 24개 분량 (개당 30g씩)

신 김치 2컵(260g)
간 돼지고기 1컵(150g)
불린당면 2컵(120g)
부추 1컵(60g)
대파 1컵(60g)
껍질 있는 들깨가루 ½컵(35g)
간 마늘 1큰술(20g)
굵은 고춧가루 2큰술(16g)
굴소스 1큰술(14g)
참기름 2큰술(14g)
황설탕 1큰술(12g)
진간장 1큰술(10g)
만두피 24장
물 600ml (만두 삶는 용)

[만드는 법]

1. 볼에 신 김치를 넣고 가위로 잘게 잘라 준비한다.
2. 대파는 길게 반 갈라 두께 0.3cm로 잘게 썰어 볼에 담아 준비한다.
3. 불린 당면은 물기를 제거 한 후 가위로 잘게 잘라 준비한다.
   Tip: 만두피로 싸기 편하도록 당면은 가능한 잘게 자른다.
4. 볼에 신 김치, 대파, 불린"
1661,맛ㄷrㅅ1보다 더 맛있는 와따시(?)  '볶음고추장',youtube(인플루언서),https://www.youtube.com/watch?v=NtsoIQQXGsA,Y,"간,간장,고추,고추장,마늘,볶음고추장,소고기,소고기다짐육,식용유,양파,파","간장,고추장,다진마늘,라면사리,볶음고추장,설탕,소고기다짐육,식용유,식초,양파,파","다진마늘,라면사리,설탕,식초","간,고추,마늘,소고기","양파, 대파, 식용유, 간 마늘, 다진소고기, 진간장, 황설탕, 고추장, 물, 라면사리, 볶음고추장, 간깨, 식초","물, 간깨",,"#백종원 #볶음고추장 #저장음식
볶음고추장 만들어 주변에 선물해보세요!
맛다시보다 왓다시(?)랍니다👍🏻

+) 만약에 모든게 귀찮은데 볶음고추장이 먹고 싶을 땐
저희 회사에서 만든 '볶음고추장'을 추천드립니다😬

===============================================

[ 볶음고추장 ]

[ 재료 ]

*볶음고추장
양파 3/5개(150g)
대파 약 1/3개(30g)
식용유 약 1/3컵(60g)
간 마늘 약 1과 1/2큰술(28g)
다진소고기 1/2컵(50g)
진간장 1과1/2큰술(15g)
황설탕 약 3큰술(35g)
고추장 1컵(234g)

*냉비빔라면
물(라면삶는용) 3컵(540ml)
라면사리 1개
볶음고추장 약 2와 1/2큰술(50g)
간깨 1/2큰술(3g)
식초 1큰술(8g)

[ 만드는 법 ]

*볶음고추장
1. 양파는 0.5cm 두께로 잘게 다져 준비한다.
   *푸드커터기로 다져서 사용해도 좋다.
2. 대파는 길게 반 갈라 0.3cm두께로 송송"
1671,편견을 버리세요! 청국장이 좋아지는 레시피,youtube(인플루언서),https://www.youtube.com/watch?v=wezbeu4-C2s,Y,"고추,김치,된장,두부,멸치,양파,청국장,청양고추,파","다진마늘,된장,두부,빨간고추,양파,청국장,청양고추,파","다진마늘,빨간고추","고추,김치,멸치","물, 청국장, 신 김치, 두부, 양파, 대파, 된장, 국멸치, 청양고추, 홍고추, 간 마늘","물, 신 김치, 국멸치",,"#백종원 #청국장 #발효음식
음 스멜~
한국 전통의 구수한 맛, 청국장찌개!
이대로만 따라하시면 하~나도 어렵지 않아요.
추운 요즘, 내 몸을 위한 청국장 한 그릇 셀프 선물하는 건 어떠세요?!

==================================

[ 청국장 ]

[ 재료 ]
물 2컵(360ml)
청국장 1/2팩(125g)
신 김치 약¾컵(100g)
두부 약1/3모(90g)
양파 약¼컵(60g)
대파 ½대(50g)
된장 1큰술(20g)
국멸치 ½컵(15g)
청양고추 1개(10g)
홍고추 1개(10g)
간 마늘 1/4큰술(5g)

[ 만드는 법 ]
1. 홍고추, 청양고추는 두께0.3cm로 송송 썬다.
2. 양파는 굵게 다져 준비한다.
3. 대파는 두께0.3cm로 송송 썬다.
4. 두부는 가로세로 1.5cm로 썰어 준비한다.
5. 신김치는 가위를 이용하여 잘게 잘라 준비한다.
6. 국멸치는 머리, 뼈, 내장을 제거하고 잘게 찢어 준비한다.
7. 마른 냄비에 멸치를 넣고 중 "
1666,멸치 없이 채수로~ 쉽고 빠른 잔치국수 만들기!,youtube(인플루언서),https://www.youtube.com/watch?v=Gq9S0dJ3wHg,Y,"간장,달걀,당근,면,멸치,버섯,소금,애호박,양파,육수,표고버섯,호박","간장,깨소금,다진마늘,달걀,당근,설탕,소금,애호박,양파,참기름,청양고추,파,표고버섯,후추","깨소금,다진마늘,설탕,참기름,청양고추,파,후추","면,멸치,버섯,육수,호박","물, 애호박, 양파, 표고버섯, 당근, 국간장, 꽃소금, 달걀, 진간장, 대파, 청양고추, 간 마늘, 굵은 고춧가루, 참기름, 깨소금, 황설탕, 건소면, 후춧가루","물, 굵은 고춧가루, 건소면",,"#백종원 #잔치국수 #partynoodle
잔치국수 해 먹고 싶은데... 멸치가 없거나, 육수 낼 시간이 없다면
이 방법으로 간단하게 만들어 보세요!
사 먹는 맛 낼 수 있는 쉽고 빠른 방법이랍니다~

=============

[ 멸치없이 잔치국수 ] 2인분 기준

[ 재료 ]

*육수
물 약 6컵(1.1L)
애호박 1/2개(160g)
양파 1/2개(125g)
표고버섯 2개
당근 1/9개(30g)
국간장 약 1/3컵(70g)
꽃소금 1/6큰술(2g)
달걀 1개

*양념간장
진간장 약 1/3컵(80g)
대파 1/2대(50g)
청양고추 2개(20g)
간 마늘 1/2큰술(10g)
굵은 고춧가루 1큰술(8g)
참기름 1큰술(7g)
깨소금 1큰술(6g)
황설탕 1/3큰술(4g)

*1인분 세팅
물(면 삶는 용) 약 5와 1/2컵(1L)
건소면 100g
육수 1/2양
양념간장 기호에 따라
후춧가루 약간

[ 만드는 법 ]

*육수
1. 양파, 애호박은 두께 0.5cm로 채 썰어 준비한다.
2"
1672,"파전은 먹고 싶은데, 쪽파가 없다면?",youtube(인플루언서),https://www.youtube.com/watch?v=12e93a8T2nU,Y,"고추,돼지고기,마늘,막걸리,부침가루,빨간고추,식용유,쪽파,청양고추,파","다진마늘,달걀,부침가루,빨간고추,소금,식용유,청양고추,파,후추","다진마늘,달걀,소금,후추","고추,돼지고기,마늘,막걸리,쪽파","대파, 물, 간 돼지고기, 부침가루, 식용유, 간 마늘, 홍고추, 청양고추, 맛소금, 달걀, 후춧가루","물, 간 돼지고기",,"#백종원 #막걸리안주 #파전
파전이 먹고 싶은데 집에 대파밖에 없으시다고요?
간단한 재료로 손쉽게 만드는 대파전에 도전해보세요!

쪽파인지 대파인지 중요하지 않아요, 맛있으니까~

=============================

[ 대파전 ] 2장 분량

[ 재료 ] 

대파 2대(200g)
물 약1컵(160ml)
간 돼지고기 2/3컵(100g)
부침가루 약1컵(100g)
식용유 약1/4컵(42g)
간 마늘 약2/3큰술(14g)
홍고추 1개(10g)
청양고추 1개(10g)
맛소금 약간(4g)
달걀 2개  
후춧가루 약간

[ 만드는 법 ]

1. 대파는 길게 4등분 한 후 프라이팬 지름에 맞춰 3~4등분하여 준비한다.
2. 청양고추, 홍고추는 두께 0.3cm로 어슷 썰어 준비한다.
3. 볼에 부침가루, 물, 간 마늘, 맛소금, 간 돼지고기, 후춧가루를 넣고 젓가락으로 골고루 섞어 반죽물을 만든다.
4. 달걀은 가볍게 풀어 준비한다. 
5. 반죽물에 대파, 청양고추, 홍고추를 "
1673,배달시켜 먹고 남은 탕수육 더 맛있게 먹는 법?!,youtube(인플루언서),https://www.youtube.com/watch?v=VTnPfw9h-3k,Y,"간,간장,김치,다시마,달걀,맛술,생강,설탕,양파,파","간장,달걀,맛술,설탕,양파,파",,"간,김치,다시마,생강","물, 탕수육고기, 신 김치, 양파, 맛술, 대파, 진간장, 황설탕, 간 생강, 절단 다시마, 달걀","물, 탕수육고기, 신 김치, 간 생강, 절단 다시마",,"#탕수육 #전골 #남은음식활용
요즘 배달음식 많이 시켜 드시죠?
특히 중국 음식 시켜 드실 때 가끔 탕수육이 남은 경험 있지 않으신가요?

그럴 때 그냥 드시는 것보다
요리로 만들어 더 맛있게 드시는 건 어떠세요?!

남은 탕수육의 재탄생 '탕수육 냄비전골'입니다.

=================

탕수육 냄비전골

[재료]

물 2컵(360ml) 
탕수육고기 100g
신 김치 약3/4컵(100g)
양파 1/5개(50g)
맛술 약1/5컵(40g)
대파 약1/3대(30g)
진간장 약1/5컵(30g)
황설탕 약2큰술(25g) 
간 생강 약간
절단 다시마 1장
달걀 1개


[만드는 법]

1. 양파는 두께 0.3cm로 채 썰어 냄비에 담는다.
2. 양파 위에 탕수육을 담고 다시마를 넣는다.
3. 대파는 두께 0.5cm로 어슷 썰어 준비한다.
4. 달걀은 가볍게 풀어 준비한다.
5. 볼에 물, 간 생강, 황설탕, 진간장, 맛술을 넣어 숟가락으로 골고루 섞어 육수를 만든다.
   Tip:"
1674,조금 특별한 굴전?! (feat.스리라차),youtube(인플루언서),https://www.youtube.com/watch?v=kD9Qg139l9g,Y,"김가루,달걀,밀가루,부침가루,식용유,튀김가루,파","달걀,밀가루,부침가루,식용유,튀김가루,파",,김가루,"생굴, 정수물, 튀김가루, 식용유, 대파, 달걀, 스리라차 소스, 밀가루, 부침가루, 초간장","생굴, 정수물, 스리라차 소스, 초간장",,"#백종원 #겨울별미 #굴
추울 때 먹는 별미 굴!
오늘은 조금 특별한 굴전을 만들어볼게요
홍콩식 굴전과 함께 집에서 세계여행 하는 기분을 느껴보시는 건 어떨까요?

==========================

[ 홍콩식 굴전 ] 약 5~6개 기준

[ 재료 ] 

생굴 2봉지(200g)
정수물 1/3컵(60ml)
튀김가루 약1/2컵(60g)
식용유 약1/3컵(56g)
대파 약1/3대(30g)
달걀 1개 
스리라차 소스


[ 만드는 법 ]

* 일반 굴전
1. 깊은 볼에 굴을 넣고 껍질이 없도록 깨끗하게 세척한다.
2. 세척한 굴은 체에 밭쳐 물기를 제거한다.
3. 달걀은 잘 풀어 준비한다.
4. 굴에 튀김가루를 골고루 묻힌 후 달걀물을 입힌다.
   Tip. 튀김가루 대신 밀가루나 부침가루를 사용해도 좋다.
5. 프라이팬에 식용유를 두르고 강 불에 예열한다.
6. 달걀물 입힌 굴을 노릇하게 구워 완성한다.

* 홍콩식 굴전
1. 깊은 볼에 굴을 넣고 껍질이 없도록 깨끗하게 세"
1675,이탈리아 정통 말고 한국 스타일! K-알리오올리오,youtube(인플루언서),https://www.youtube.com/watch?v=ohihzV6Z85k,Y,"마늘,면,소금,엑스트라버진,올리브,파스타면","다시다,다진마늘,마늘,소금,엑스트라버진,쪽파,치킨튀김가루,파스타면","다시다,다진마늘,쪽파,치킨튀김가루","면,올리브","정수물, 파스타면, 꽃소금, 면수, 올리브유, 간 마늘, 통마늘, 쪽파, 페퍼론치노, 파마산치즈가루, 소고기다시다, 치킨파우더, 그라나파다노치즈","정수물, 면수, 페퍼론치노, 파마산치즈가루, 그라나파다노치즈",,"#백종원 #알리오올리오 #마늘
여러분 마늘 좋아하세요?
간단하게 만드는 파스타의 기본 '알리오 올리오'를
마늘을 듬뿍 넣어 한국의 맛으로 만들어봅시다
추운 요즘, 마늘 듬뿍 드시고 건강하게 지내세요!

===========================

K- 알리오올리오  (1인분 기준)

[ 재료 ]

* 면 삶기
정수물 약6컵(1L)
파스타면 100g
꽃소금 1/3큰술(4g)

* 알리오올리오
면수 약1/3컵(70ml)
올리브유 약1/3컵(55g)
간 마늘 2큰술(40g)
통마늘 약 4개(21g)
쪽파 약간(4g)
페퍼론치노 5개(2g)
삶은 파스타면 전량
꽃소금 약간
파마산치즈가루 약간

[ 만드는 법 ]

* 면 삶기
1. 냄비에 정수물, 꽃소금을 넣고 강 불에 올려 끓인다.
2. 물이 끓어 오르면 스파게티면을 펼쳐 넣고 젓가락을 이용하여 면을 냄비 안으로 넣어 약 7~8분정도 삶는다.
   Tip. 스파게티면은 기호에 맞는 익힘 정도로 삶는다.
3. 삶아 진 스파게티면은 체"
1676,숙취로 고생하는 분들 꼭 해보세요! 숙취박살 해장라면,youtube(인플루언서),https://www.youtube.com/watch?v=rTAWqq4I3JA,Y,"고추,라면,새우,새우젓,식용유,참기름,청양고추,콩나물,파,황태,황태채","건더기스프,다시마,다진마늘,달걀,라면,라면스프,빨간고추,새우젓,식용유,참기름,청양고추,콩나물,파,황태채","건더기스프,다시마,다진마늘,달걀,라면스프,빨간고추","고추,새우,황태","라면, 물, 콩나물, 대파, 황태채, 새우젓, 청양고추, 식용유, 참기름, 간 마늘, 홍고추, 달걀, 건더기스프, 분말스프, 다시마",물,,"#백종원 #해장라면 #콩나물라면
해장이 아니라 자칫하면 술을 부를 수도 있는 '황태콩나물라면' 레시피 입니다.
양도 두배, 맛도 두배!!
황태를 넣어 구수~하고 콩나물을 넣어 아주 시원~해요.

======================

황태콩나물 해장라면

[재료]

라면 1봉지
물 3과1/2컵(630ml) 
콩나물 약1과1/2컵(100g)
대파 약1/3대(30g)
황태채 1컵(25g)
새우젓 1큰술(20g)
청양고추 1개(10g)
식용유 1큰술(7g)
참기름 1큰술(7g)
간 마늘 약1/3큰술(7g)
홍고추 1/2개(5g)
달걀 1개

[만드는 법] 

1. 볼에 황태채를 넣고 물에 적신다.
2. 황태채가 부드러워지면 물기를 제거한 후 가위를 사용해서 먹기 좋은 크기로 자른다.
3. 냄비에 식용유, 참기름을 넣고 중 불에 올린 후 불린 황태채를 넣고 노릇하면서 탱글하게 볶는다.
4. 황태채에 새우젓을 넣고 볶는다.
5. 새우젓이 눌어 붙기 전에 물, 건더기스프, 분말스프, 다시마"
1667,밥상위의 치트키 소고기 장조림 (feat. 버터 비빔밥),youtube(인플루언서),https://www.youtube.com/watch?v=VDn_dcC88mc,Y,"간장,갓,마늘,버터,버터랑,설탕,소고기,쌀밥,홍두깨살","간장,마늘,맛술,설탕,청양고추,홍두깨살","맛술,청양고추","갓,버터,버터랑,소고기,쌀밥","홍두깨살, 물, 진간장, 통마늘, 황설탕, 청양고추, 맛술",물,,"#백종원 #반찬 #장조림
만들어두면 마음 든든~한 저장음식 장조림!
갓 만든 후에는 버터랑 비벼드시는 거 아시죠?
장조림 + 버터 한 숟갈 + 따뜻한 쌀밥 = 이 조합 대찬성!

===================

[ 소고기 장조림 ]

[ 재료 ]

* 고기 삶기
홍두깨살 500g
물 약 8과 1/2컵(1.5L)

* 장조림
물 10컵(1.8L)
진간장 1컵(200g)
통마늘 20개(100g)
황설탕 1/2컵(70g)
청양고추 5개(50g)
맛술 약 1/6컵(25g)

[ 만드는 법 ]

* 고기 삶기
1. 장조림용 고기는 흐르는 물에 씻어 준비한다.
   * 냉동상태였던 고기거나 오래 된 고기는 찬물에 담궈 핏물을 제거하여 사용한다.
2. 고기는 결방향으로 손가락 두 개 정도 두께로 잘라 준비한다.
3. 냄비에 물을 넣고 강불에 끓인다.
4. 물이 끓으면 고기를 넣고 약 10분 정도 삶는다.
5. 삶은 고기는 체에 밭쳐 건져낸 후 흐르는 물에 헹군다.

* 장조림
1. 통마늘은"
1677,이번 크리스마스엔 집에서 간단히 즐기는 찹! 스테이크,youtube(인플루언서),https://www.youtube.com/watch?v=7cCAlN06WPc,Y,"가지,버섯,식용유,안심,양송이버섯,양파,파프리카","당근,마늘,밀가루,설탕,소금,스테이크소스,스틱버터,식용유,식초,안심,양송이버섯,양파,파슬리가루,파프리카,후추","당근,마늘,밀가루,설탕,소금,스테이크소스,스틱버터,식초,파슬리가루,후추","가지,버섯","안심, 양파, 파프리카, 피망, 양송이 버섯, 식용유, 당근, 스틱버터, 통마늘, 밀가루, 맛소금, 후춧가루, 파슬리 가루, 물, 케첩, 황설탕, 우스터, 식초, 스테이크 소스","물, 케첩, 우스터",,"#백종원 #찹스테이크 #홈파티
올해는 이래저래 연말 분위기가 안나서 속상하시죠?!
그래서 집에서도 충분히 크리스마스를 즐길 수 있는 메뉴로 가지고 왔습니다.
큐브 모양으로 잘라서 간단히 만드는 찹스테이크!
메리 크리스마스~~

=============

찹스테이크 

[재료]

* 찹스테이크(기본버전)

안심 300g
양파 1/2개(175g)
파프리카 1개(140g)
피망 1/2개(70g)
양송이 버섯 3개(60g)
식용유 1/4컵(40g)
당근 약간(약30g)
스틱버터 1/4개(20g)
통마늘 3개(15g)
밀가루 1큰술(10g)
맛소금 약간
후춧가루 약간 
파슬리 가루 약간

* 소스

물 1/2컵(90ml)
케첩 3큰술(60g)
황설탕 1과1/2큰술(18g)
우스터 2큰술(12g)
식초 1큰술(8g)
후춧가루 약간 
---------------------------------------
* 찹 스테이크(스테이크 소스 사용버전)

안심 300g
양파 1/2개(175g)
파프리카 "
1678,김장에는 수육이죠! 뻑뻑하지 않게 삶는 방법 공개!,youtube(인플루언서),https://www.youtube.com/watch?v=rGAt5QS2ueU,Y,"다리,돼지고기,돼지고기뒷다리살,된장,마늘,삼겹살,새우,새우젓,양파,원두,파","다진마늘,돼지고기뒷다리살,마늘,맛술,빨간고추,새우젓,설탕,양파,쪽파,참기름,참깨,청양고추,파","다진마늘,맛술,빨간고추,설탕,쪽파,참기름,참깨,청양고추","다리,돼지고기,된장,삼겹살,새우,원두","돼지고기 뒷다리살, 물, 양파, 대파, 재래식 된장, 통마늘, 인스턴트 커피, 새우젓, 간 마늘, 황설탕, 쪽파, 맛술, 참기름, 청양고추, 홍고추, 굵은 고춧가루, 통깨","물, 재래식 된장, 인스턴트 커피, 굵은 고춧가루",,"#백종원 #수육 #김장
요즘 김장철이죠!? 김장하면 빠질 수 없는 수육!
오늘은 삼겹살, 목살 말고 뒷다리살로 만든 수육입니다.
가성비 좋은데다 뻑뻑함 극복하는 방법까지 알려드릴게요~

==================

돼지고기 뒷다리살 수육 & 새우젓 무침

[재료]

*돼지고기 뒷다리살 수육 재료 (약 3인분 / 4인 가족 분량)

돼지고기 뒷다리살 덩어리 600g
물 5L
껍질양파 약1/4개(70g)
대파 파란 부분 1/2대(20g)
재래식 된장 약3큰술(62g)
통마늘 6개(30g)
인스턴트 커피 약간(2g)

*새우젓 무침 재료

새우젓 1컵(200g)
간 마늘 1과1/5큰술(24g)
황설탕 1과2/3큰술(20g)
쪽파 약1과1/2대(16g)
맛술 약1과1/2큰술(14g)
참기름 2큰술(14g)
청양고추 1개(10g)
홍고추 1개(10g)
굵은 고춧가루 1/2큰술(4g)
통깨 약1/2큰술(2g)

[돼지고기 뒷다리살 수육 만드는 법]

1. 완전히 해동한 돼지고기를 물에 "
1679,냉동만두로 육수내는 초간단 만두전골,youtube(인플루언서),https://www.youtube.com/watch?v=_TGhAtAqrLk,Y,"고추,만두,배추,버섯,빨간고추,알배추,양파,청양고추,파,표고버섯","간장,다진마늘,달걀,빨간고추,소금,알배추,양파,청양고추,파,표고버섯","간장,다진마늘,달걀,소금","고추,만두,배추,버섯","냉동만두, 양파, 알배추, 대파, 표고버섯, 청양고추, 홍고추, 달걀, 물, 국간장, 간마늘, 꽃소금, 후추가루","냉동만두, 물, 후추가루",,"#백종원 #만두전골 #만둣국
요즘 날씨 많이 춥죠? 몸을 따뜻하게 녹여줄 만두전골 입니다.
뭘해도 맛있는 활용도 높은 만두,
오늘은 뜨끈하게 집에 있는 야채들과 함께 끓여 맛있게 드셔보세요~ 

=================

만두전골

[재료] 

*만두전골 재료

냉동만두 1봉지(10개입/350g)
양파 1/2개(125g)
알배추 3장(105g)
대파 1대(100g)
표고버섯 2개(40g)
청양고추 2개(20g)
홍고추 1개(10g)
달걀 1개

*만두전골 양념재료

물 약5와1/2컵(1000ml)
국간장 3큰술(30g)
간마늘 1큰술(20g)
꽃소금 1/3큰술(4g)
후추가루 약간


[만드는 법]

1. 냉동만두는 미리 꺼내어 반 해동시켜 준비한다.
2. 대파는 반 갈라 만두의 가로 길이와 비슷한 길이 7cm 정도로 썬다.
3. 알배추, 양파는 만두 폭과 비슷하게 두께 2cm 정도로 썬다.
4. 표고버섯은 두께 0.3cm 정도로 얇게 썬다. 
5. 청양고추, 홍고추는 두께 "
1659,💪운동한다고 닭가슴살 사다 놓은 분들! 말복 '닭개장' 손쉽게 끓여봐요,youtube(인플루언서),https://www.youtube.com/watch?v=FdL13qXf4MA,Y,"간장,고춧가루,느타리버섯,닭가슴살,버섯,부추,숙주나물,양파,파","간장,느타리버섯,다진마늘,달걀,닭가슴살,부추,소금,숙주나물,식용유,양파,참기름,파","다진마늘,달걀,소금,식용유,참기름","고춧가루,버섯","물, 닭가슴살, 대파, 느타리버섯, 양파, 숙주, 부추, 국간장, 굵은 고춧가루, 간 마늘, 참기름, 식용유, 꽃소금, 달걀, 후추가루, 간 생강","물, 굵은 고춧가루, 후추가루, 간 생강",,"#백종원 #닭개장 #복날
💪 운동한다고 사놓은 닭가슴살 있으시죠?
뼈 없는 순살 닭가슴살로
보양음식 닭개장을 간단하게 끓여봅시다!

==============================

[ 닭개장 ] 약 3인분 기준

[ 재료 ]

물 약 11컵(2L)
닭가슴살 1팩(약300g)
대파 3대(300g)
느타리버섯 2컵(80g)
양파 약 1/4개(70g)
숙주 1컵(70g)
부추 약 2/3컵(25g)
국간장 1/5컵(40g)
굵은 고춧가루 약1/3컵(26g)
간 마늘 1큰술(20g)
참기름 2큰술(14g)
식용유 1큰술(7g)
꽃소금 2/3큰술(8g)
달걀 1개
후추가루 약간
간 생강 약간

[ 만드는 법 ]

1. 닭가슴살은 물에 세척하여 준비한다.
2. 냄비에 물,  닭가슴살을 넣고 끓어 오르면 중불로 줄인 후 약 10분 삶는다.  
3. 닭가슴살이 익으면 건져내어 육수와 닭고기를 따로 준비한다.
4. 대파는 길게 반 갈라 5~6cm 길이로 잘라 준비한다.
5. 부추는 5cm 길"
1680,밥을 훔친 오징어볶음&덮밥,youtube(인플루언서),https://www.youtube.com/watch?v=0CL9U_Se8Gs,Y,"고추,달걀,당근,배추,빨간고추,양배추,양파,오징어,청양고추,파","간장,고추장,다진마늘,달걀,당근,빨간고추,설탕,식용유,양배추,양파,오징어,참기름,참깨,청양고추,파","간장,고추장,다진마늘,설탕,식용유,참기름,참깨","고추,배추","오징어, 양파, 대파, 당근, 청양고추, 홍고추, 양배추, 물, 식용유, 황설탕, 간 마늘, 고추장, 굵은 고춧가루, 진간장, 참기름, 통깨, 밥, 달걀","물, 굵은 고춧가루, 밥",,"#백종원 #오징어볶음 #밥도둑반찬
또다른 밥도둑 오징어 볶음 레시피 입니다.
한번 맛보면 절대 못끊는 맛!
덮밥으로 해서 계란후라이랑 함께 먹어도 잘 맞아요~

=================

오징어볶음 (2인분)

[재료]

*오징어볶음 재료

오징어 1마리(300g)
양파 ½개 (125g)
대파 ½대 (50g)
당근 1/9개 (30g)
청양고추 2개 (20g)
홍고추 1개 (10g)
양배추 1/12개 (200g)
물 ¼컵 (45ml)
식용유 1과1/2큰술(약 11g)

*양념장 재료
 
황설탕 1큰술 (12g)
간 마늘 ½큰술 (10g)
고추장 1큰술 (20g)
굵은 고춧가루 1과1/2큰술 (12g)
진간장 2큰술(20g)
참기름 1큰술 (7g)
통깨 ½큰술 (2g)
 
*덮밥용 재료

오징어볶음 1인분 적당량
밥 1공기(200g)
달걀 1개
식용유 적당량
고추장 적당량
참기름 적당량

[오징어 볶음 만드는 법]

1. 오징어 몸통 안쪽에 손가락을 넣어서 내장을 먼저 빼내고 그"
1682,집에서 '크림 파스타'쯤이야,youtube(인플루언서),https://www.youtube.com/watch?v=0bnFoRQebq0,Y,"면,밀가루,버섯,베이컨,소금,양송이버섯,양파,엑스트라버진,올리브,파스타면","밀가루,버터,베이컨,소금,양송이버섯,양파,엑스트라버진,우유,파스타면,파슬리가루,후추","버터,우유,파슬리가루,후추","면,버섯,올리브","정수물, 스파게티면, 꽃소금, 올리브유, 베이컨, 양파, 양송이 버섯, 밀가루, 우유, 버터, 파르메산 치즈, 후춧가루, 파슬리가루, 면수","정수물, 파르메산 치즈, 면수",,"#백종원 #크림파스타 #파스타만들기
집에서도 쉽게 만들 수 있는 '크림파스타'를 가져왔습니다.
생각보다 만드는 방법은 아주 간단합니다
나중에 다른 재료들도 함께 넣어 응용해서 드세요~

=======================

베이컨 크림 파스타

[재료]

*면 삶기

정수물 8과1/3컵(1.5L) 
스파게티면 90g
꽃소금 1큰술(12g)
올리브유 약간

*베이컨크림파스타

베이컨 2줄(32g)
양파 1/2개(125g)
양송이 버섯 1과 1/2개(30g)
밀가루 1/2큰술(5g)
우유 1팩(200ml)
버터 약1큰술(15g)
올리브유 2큰술(14g)
파르메산 치즈 2큰술(16g)
꽃소금 1/6큰술(2g)
삶은스파게티면 전량
후춧가루 적당량
파슬리가루 적당량


[만드는 법]

*면 삶기

1. 냄비에 정수물, 꽃소금, 올리브유를 넣고 스파게티면 삶을 물을 끓인다.
2. 물이 끓어오르면 면을 돌려서 펼쳐 넣고 붙지않도록 저어주면서 약 6분 정도 삶아 준비한다.
Tip: 크림파스"
1685,초간단 1분 라볶이,youtube(인플루언서),https://www.youtube.com/watch?v=6e-IbuuD6ZU,Y,"고추,고추장,라면,설탕,파","건더기스프,고추장,라면스프,면,설탕,파","건더기스프,라면스프,면","고추,라면","순한맛라면, 대파, 정수물, 황설탕, 고추장, 분말수프, 건더기수프, 면","순한맛라면, 정수물",,"#백종원 #라볶이 #백파더
'백파더'에 나왔던 1분 라볶이 입니다.
맛있는 라볶이를 별거 없는 재료로 아주 쉽게 만들 수 있는 초간단 방법입니다.
여러분도 집에 있는 국물 있는 라면으로 한번 만들어보세요~

==================

1분 라볶이

[재료]

순한맛라면 1개
대파 약 1/3대(30g)
정수물 1과 1/2컵(270g)
황설탕 1큰술(12g)
고추장 1큰술(20g)

[만드는 법]

1. 대파는 송송 썰어 준비한다.
2. 냄비에 물, 분말수프(1/2~2/3), 건더기수프, 설탕, 고추장을 넣고 풀어주며 끓인다.
   (분말수프의 양은 기호에 맞게 조절한다.)
3. 육수가 끓으면 면을 넣고 끓인다.
4. 면이 완전히 풀어지면 대파를 넣고 1분정도 더 끓인다.
5. 물이 졸아들고 면이 익으면 불을 끄고 그릇에 담아 완성한다.


1-minute rabokki

[Ingredients]

1 mild-flavored ramyun
About 1/3 stalk (30g)"
1681,육개장 만드는 데 20분이면 가능,youtube(인플루언서),https://www.youtube.com/watch?v=jN_inaLf9Zo,Y,"간,고춧가루,느타리버섯,달걀,당면,마늘,버섯,생강,소고기,숙주나물,파,표고버섯","간장,고춧가루,느타리버섯,달걀,당면,마늘,생강,소고기,소금,숙주나물,식용유,참기름,파,표고버섯,후추","간장,소금,식용유,참기름,후추","간,버섯","소고기, 달걀, 당면, 대파, 느타리버섯, 표고버섯, 숙주, 생강, 마늘, 고춧가루, 국간장, 꽃소금, 후춧가루, 참기름, 식용유, 물",물,,"#백종원 #육개장 #20분레시피
소고기랑 대파, 양념만 있으면 굉장히 간단하게 만들 수 있는 '20분 육개장' 입니다.
다들 든든하게 먹고 건강 잘 챙기세요!

================

20분 육개장 (4인분 기준)

[재료] 

소고기(불고기용) 2컵(180g)
달걀 2개
불린 당면 2컵(120g)
대파 약 2와1/3대(228g)
느타리버섯 2컵(80g)
표고버섯 2컵(60g)
숙주 4컵(280g)
간 생강 약간
간 마늘 1과½큰술(30g)
굵은 고춧가루 3큰술(24g)
국간장 1/3컵(60ml)
꽃소금 1/3큰술(4g)
후춧가루 약간
참기름 6큰술(42g)
식용유 2큰술(14g)
물 6컵 (1,080ml) 

[만드는 법]

1. 당면은 미지근한 물에 약 30분 정도 불려 준비한다.
2. 대파 2대는 길게 반 갈라 길이 5cm로 썰고 1/3대는 두께 0.3cm로 송송 썬다. 
3. 소고기는 한 입 크기로 썬다. 
4. 표고버섯은 심을 제거한 후 두께 0.4cm로 편 썰고,"
1664,김치 라면! 더 맛있게 만드는 '회심의 일타' 알려드릴게요,youtube(인플루언서),https://www.youtube.com/watch?v=SYaYH8bh4QY,ERROR,"고추,고춧가루,김치,김치라면,라면,참기름,참깨,청양고추,파","고추,고춧가루,김치,김치라면,라면,참기름,참깨,청양고추,파",,,,,HTTP 429,"#백종원 #김치 #라면
대학 시절 많이 먹었던 추억의 맛 '김치라면'입니다.
김치와 라면 조합은 말 안해도 다 아시죠?
더 맛있게 만들어줄 '회심의 일타'도 놓치지 마세요!

================================

[ 김치라면 ]

[ 재료 ]
라면 1개
물 약 3컵(550ml)
신김치 약 3/4컵(104g)
굵은 고춧가루 약 1/3큰술(2g)
통깨 1큰술(6g)
참기름 약 1큰술(6g)
대파 약 1/5대(19g) 
청양고추 1개(10g) 

[ 만드는 법 ]
1. 청양고추는 두께 0.5cm로 어슷 썬다.
2. 대파는 두께 0.3cm로 송송 썬다.
3. 김치는 가위를 이용하여 잘게 잘라 준비한다.
4. 통깨는 절구에 넣고 갈아서 준비한다.
4. 냄비에 물, 라면스프, 건더기 스프를 넣고 강불에 끓인다.
5. 국물의 가장자리가 끓기 시작하면 신김치를 넣고 끓인다.
6. 국물이 전체적으로 바글바글 끓어 오르면 면, 굵은 고춧가루를 넣고 끓인다.
7. 라면 면이 반 "
1683,성공률 100% 돼지고기 김치찌개,youtube(인플루언서),https://www.youtube.com/watch?v=qWbHSOplcvY,ERROR,"간,간장,고추,고춧가루,김치,돼지고기,마늘,새우,새우젓,청양고추,파","간,간장,고추,고춧가루,김치,돼지고기,마늘,새우,새우젓,청양고추,파",,,,,HTTP 429,"#백종원 #돼지고기 #김치찌개
간단하면서도 성공 확률이 높은 김치찌개 끓이는 방법을 알려드릴게요.
이 방법으로 푹~ 끓이셔서 든든한 한끼 식사하세요~

============================

돼지고기 김치찌개

[재료]

돼지고기(목살) 1컵(130g)
신김치 3컵(390g)
물 3컵(540ml)
청양고추 2개(20g)
대파 약 2/3대(70g)
간 마늘 1큰술(20g)
굵은 고춧가루 1큰술(8g)
고운 고춧가루 ½큰술(3g)
국간장 1큰술(10g)
새우젓 1큰술(20g)

[만드는 법]

1. 돼지고기는 1.5cm 정도 두께로 먹기 좋게 자른다. 
2. 냄비에 돼지고기, 정수물, 새우젓을 넣고 강 불로 끓인다. 
3. 찌개가 끓어오르면 중 약불로 줄인 후 고기가 무를 때 까지 최소 10분 정도 끓인다.
4. 대파는 두께 0.5cm로 송송썬다.
5. 청양고추는 두께 0.5cm로 어슷썬다.
6. 10분 후 물이 졸아들면 졸아든 만큼의 물을 보충한 후 신김치, 국간장, 굵"
1684,"할머니가 그리운 맛, 소고기된장찌개",youtube(인플루언서),https://www.youtube.com/watch?v=3-xgRrEX-sQ,ERROR,"고추,된장,두부,무,빨간고추,소고기,양지,양파,청양고추,파,호박","고추,된장,두부,무,빨간고추,소고기,양지,양파,청양고추,파,호박",,,,,HTTP 429,"#백종원 #소고기된장찌개 #찌개끓이는법
오늘은 평소 보여드렸던 된장찌개의 약간 업그레이드 버전 '소고기된장찌개' 입니다.
자꾸만 할머니가 생각나는 맛이죠~
알려드린 비법으로 더 맛있고 푸짐한 한끼 되세요.

======================

소고기 된장찌개 (2인분)

[재료]

소고기(양지) 60g
두부 약 1/2팩(80g)
돼지 호박 약 1/2컵(30g)
무 약 1/2컵(50g)
양파 약 1/2컵(40g) 
대파 약 1/3대(30g)
청양고추 2개(20g)
홍고추 1개(10g)
물 2컵(380ml)
된장 3큰술(60g)
굵은 고춧가루 1/3큰술(2g)
간 마늘 1/2큰술(10g)

[만드는 법]

1. 냄비에 소고기를 넣고 볶는다.
   (냄비의 두께에 맞게 불 조절을 하며 소고기를 볶아준다.)
2. 무는 사방 2cm 크기, 0.5cm 두께로 썬다.
3. 청양고추, 홍고추는 1cm 두께로 어슷, 대파는 1cm 두께로 송송 썬다.
4. 돼지 호박은 3등분 하여 0.5cm "
1687,"미역냉국 만들다가 국수가 땡겨 만든 냉국수! Ice-Cold Naengguk, Perfect for the Summer! It Makes You Crave Noodles!",youtube(인플루언서),https://www.youtube.com/watch?v=xexAbSUQzSw,ERROR,"간,간장,고추,마늘,미역,빨간고추,설탕,식초,액젓,양파,오이,청양고추","간,간장,고추,마늘,미역,빨간고추,설탕,식초,액젓,양파,오이,청양고추",,,,,HTTP 429,"#미역냉국 #시리즈 #여름엔냉국
이제 본격적으로 여름이 시작된 것 같죠?
여름하면 떠오르는 시원한 냉국! 오이는 취향껏 넣어드세요~

=======================

미역냉국

[재료]

불린 미역 1과1/2컵(135g) = 건 미역(13g)
양파 1/2개(125g)
청양고추 2개(20g)
홍고추 1개(10g) 
간 마늘 1큰술(20g)
양조식초1/2컵(90ml)
황설탕 2와1/2큰술(30g)
액젓 2큰술(16g)
국간장 6큰술(60g)
물 3컵(540ml)
얼음 20개

[만드는 법]

1. 건 미역은 물에 불린다.
2. 불린 미역을 물에 헹구고 꾹 짜서 물기를 제거한다. 
3. 물기를 제거한 미역을 먹기 좋은 크기로 썬다.
4. 양파는 0.3cm 두께로 채 썬다.
5. 청양고추, 홍고추는 0.3cm 두께로 송송 썬다.
6. 불린 미역에 식초, 설탕을 넣고 주물러 버무린다.
7. 액젓, 국간장 1/2 정도를 넣고 간이 골고루 배도록 섞는다.
8. 채 썬 양파를 넣고 부"
1688,옥수수 캔으로 만드는 최고의 간식 The Ultimate Snack Made from Canned Corn,youtube(인플루언서),https://www.youtube.com/watch?v=yI67M3IS4GI,ERROR,"고춧가루,소금,수수,스위트콘,식용유,연유,옥수수,옥수수전분,전분,치즈,파마산","고춧가루,소금,수수,스위트콘,식용유,연유,옥수수,옥수수전분,전분,치즈,파마산",,,,,HTTP 429,"#백종원 #옥수수캔 #강렬한맛
맛있는 간식도 되고 술안주도 됩니다.
강렬한 맛을 위해 들어가는 0000! 영상을 통해 확인해보세요!

======================

옥수수 전

[재료]

통조림 옥수수 1캔(340g)
옥수수전분가루 약 7큰술(69g)
물 1/4컵(45ml)
꽃소금 1/8큰술 (1.5g)
식용유 약 6큰술(42g)
연유 4큰술(52g)
파마산 치즈 적당량
고춧가루 적당량


[만드는 법]

*옥수수 전 (부침 버전)

1. 통조림 옥수수는 체에 밭쳐 국물은 따라 버리고 옥수수 알갱이만 준비해 놓는다.
2. 볼에 물기를 뺀 통조림 옥수수, 옥수수 전분가루, 물을 넣는다.
3. 재료를 숟가락으로 골고루 섞어 질척한 상태의 반죽을 만든다.
4. 팬에 식용유를 두르고 불에 올려 달군 다음 옥수수 반죽을 얇게 올린다.
   ( 작은 크기로 옥수수 반죽을 올려주면 뒤집기 쉽다. ) 
5. 숟가락으로 반죽 가장자리 모양을 잡는다.
6. 뒤집개를 이용해 앞뒤로 뒤집어가"
1689,김치전을 바삭바삭하게!,youtube(인플루언서),https://www.youtube.com/watch?v=47OIcvpqxlo,ERROR,"고추,고춧가루,김치,부침가루,설탕,소시지,식용유,청양고추,파","고추,고춧가루,김치,부침가루,설탕,소시지,식용유,청양고추,파",,,,,HTTP 429,"#백종원 #야식 #김치전
가운데는 쫄깃! 끝은 바삭!
쫄깃 바삭한 야식 메뉴 김치전입니다.

==========================

김치전

[재료]

신김치 약2컵(260g)
황설탕 1/2큰술(6g)
물 1과2/3컵(300g)
부침가루 2컵(220g)
청양고추 2개(20g)
대파 2/5대(40g)
소시지 2개(90g)
고운고춧가루 1큰술(6g)
식용유 적당량

[만드는 법]

1. 신 김치는 가위를 이용하여 잘게 자른다.
   (신 김치가 아니면 양조식초를 넣어주면 된다.)
2. 대파와 청양고추는 송송 썬다.
3. 소시지는 최대한 얇게 편 썬다.
4. 큰 볼에 신 김치, 대파, 청양고추, 소시지를 넣고 섞는다.
5. 고운 고춧가루, 황설탕, 부침가루, 물을 넣어 뭉치지 않게 섞는다.
6. 프라이팬을 달군 뒤 식용유를 넉넉히 두르고 반죽을 넣어 얇게 편다.
7. 반죽이 익기 시작하면 팬을 돌려가며 기름이 김치전 안쪽으로 들어가게 한다.
8. 가장자리 윗부분이 익기 시작하면"
1690,식당에서 먹는 닭볶음탕의 비법은 바로~ What is the secret of Dak-bokkeum-tang in a restaurant?,youtube(인플루언서),https://www.youtube.com/watch?v=eeiqjyYgPew,ERROR,"간,간장,감자,고추,고춧가루,닭고기,당근,마늘,버섯,빨간고추,새송이버섯,설탕,송이버섯,양파,청양고추,파,표고버섯,후추","간,간장,감자,고추,고춧가루,닭고기,당근,마늘,버섯,빨간고추,새송이버섯,설탕,송이버섯,양파,청양고추,파,표고버섯,후추",,,,,HTTP 429,"#백종원 #식당 #닭볶음탕
지난번 시장에서 산 닭으로 닭볶음탕을 만들어 보았어요.
어렵지 않으니 맛있게 만들어보세요!

======================

닭볶음탕 

[재료] 
토막 닭고기 1마리(10호) 
물 3컵(540ml)
대파 2대(200g)
청양고추 3개(30g)
홍고추 2개(20g)
새송이버섯 2개(120g)
표고버섯 2개(40g)
당근 1/3개(90g)
양파 1개(250g)
감자 2개(400g)
간 마늘 1큰술(15g)
굵은 고춧가루 1/2컵(40g)
고운 고춧가루 1큰술(6g)
진간장 4/5컵(144ml)
황설탕 3큰술(36g)
후춧가루 약간


[만드는 법] 

1. 토막 닭고기는 뼛가루 등 불순물과 내장을 물에 씻어서 제거한 후 가위집을 내어 준다.
2. 끓는 물에 손질한 닭을 살짝 데친 후 찬물에 헹군다.
3. 새송이버섯, 양파는 먹기 좋은 크기로 큼직하게 썰고, 표고버섯은 적당한 크기로 썬다. 
4. 감자는 약 4등분으로 큼지막하게 썰고, 당근은 은행잎"
1691,"밖에서 사먹는 순두부찌개 맛을 집에서!! Sundubu Jjigae!, No Need to Make a Sauce Separately!",youtube(인플루언서),https://www.youtube.com/watch?v=nj-DjQFEZb0,ERROR,"가지,간,고추,고추기름,다진마늘,돼지고기,두부,마늘,바지락,설탕,순두부,양파,쪽파,청양고추,파","가지,간,고추,고추기름,다진마늘,돼지고기,두부,마늘,바지락,설탕,순두부,양파,쪽파,청양고추,파",,,,,HTTP 429,"#순두부찌개 #바지락 #고추기름
순두부찌개 만드는 방법은 여러 가지가 있습니다.
오늘은 양념장을 따로 만들지 않고 한번에 끓이는 방법을 알려드릴게요.

====================

순두부찌개 (2인분)

[재료]

순두부 1팩
간 돼지고기 2/5컵(60g)
양파 약 1/6개(40g)
대파 약1/2컵(28g)
청양고추 2개(20g)
쪽파 2큰술(12g)
물 2컵(360ml)
바지락 10개(120g)
간마늘 1큰술(20g)
황설탕 1/3큰술(4g)
고운고춧가루 1큰술(6g)
참기름 3큰술(21g)
꽃소금 약1/2큰술(5g)
진간장 2큰술(20g)
달걀 2개
후춧가루 약간

[만드는 법]

1. 양파는 칼집을 넣어 잘게 썰고, 쪽파, 청양고추는 송송 썬다.
2. 대파는 반으로 갈라 잘게 썬다.
3. 바지락은 소금물에 해감하여 준비한다.
4. 냄비에 참기름을 두르고 대파, 양파, 간 돼지고기를 넣어 중불에서 볶는다.
5. 수분이 날아가고 기름이 나오면 고운 고춧가루를 넣어 불을 "
1699,바지락볶음에 막걸리를 넣어 보셨나요?,youtube(인플루언서),https://www.youtube.com/watch?v=4TnaTTg1R_Q,Y,"고추,마늘,막걸리,바지락,식용유,파","간장,마늘,막걸리,바지락,버터,설탕,소금,식용유,식초,청주,파","간장,버터,설탕,소금,식초,청주",고추,"바지락, 사천고추, 대파, 마늘, 식용유, 막걸리, 버터, 꽃소금, 청주, 황설탕, 식초, 진간장, 소금",사천고추,,"#백종원 #바지락볶음 #집밥
요즘 바지락이 제철입니다. 바지락볶음 술 안주로 많이 드셔 보셨죠?
바지락 볶음의 기본 버전과 막걸리와 청하를 활용한 응용 버전 레시피입니다!

=============================

바지락 볶음

[재료]

* 기본 버전

바지락 500g
사천고추 적당량
대파 ½컵(40g)
마늘 4개(30g)
식용유 1/3컵(40g)

* 막걸리 응용 버전

바지락 500g
막걸리 1컵(180g)
사천고추 적당량
식용유 1/3컵(40g)
마늘 4개(30g)
버터 2큰술(20g)
꽃소금 적당량
대파 적당량

* 청하 응용 버전

바지락 500g
청주 1컵(180g)
사천고추 적당량
식용유 1/3컵(40g)
마늘 4개(30g)

* 양념소스
황설탕 1/3큰술(3g)
식초 2큰술(20g)
진간장 적당량



[만드는 법]

* 기본 버전

1. 바지락은 소금물에 해감하여 준비한다.
2. 마늘은 꼭지를 제거한 후 굵게 다지고 대파는 송송 썰어 준비한다.
3. "
1694,"깍두기 담그는 법, 어렵지 않아요.",youtube(인플루언서),https://www.youtube.com/watch?v=sRQxVQ5-NNA,Y,"다진마늘,마늘,멸치,무,밀가루,밀가루풀,새우,새우젓,생강,설탕,소금,액젓,파","다진마늘,무,밀가루,새우젓,설탕,소금,액젓,파",,"마늘,멸치,밀가루풀,새우,생강","무, 꽃소금, 설탕, 밀가루, 물, 대파, 멸치액젓, 새우젓, 간마늘, 간생강, 고운고춧가루, 굵은고춧가루","물, 간생강, 고운고춧가루, 굵은고춧가루",,"#백종원 #깍두기 #맛있게담그는법
곧 있으면 봄 무가 나올 때입니다. 봄 무로 깍두기 한 번 담가보세요.
다음에는 오늘 만든 깍두기로 '깍두기 볶음밥' 알려드릴게요~

==========================

깍두기

[재료]

* 무절임

무 4.5kg
꽃소금 2/3컵(90g)
설탕 2/3컵(90g)

* 밀가루풀

밀가루 3큰술(30g)
물 2컵(360g)

* 깍두기양념

대파 2컵(160g)
멸치액젓 ½컵(100g)
꽃소금 ¼컵(30g)
새우젓 2/3컵(140g)
간마늘 1컵(150g)
간생강 ¼컵(30g)
설탕 1컵(140g)
고운고춧가루 1과1/2컵(120g)
굵은고춧가루 1과1/2컵(120g)


[만드는 법]

* 무절이기

1. 무는 세척하여 사방 3cm 정도 정육면체로 잘라 준비한다.
2. 큰 볼에 자른 무를 넣고 절임용 꽃소금, 설탕을 넣어 1시간 정도 절인다.
   (중간에 한 번씩 섞어준다.)

* 밀가루 풀 만들기

1. 냄비에 밀가루, 물을 넣어 "
1700,닭똥집볶음에 맥주 한 잔! ㅋ ㅑ (feat.맥주 상식),youtube(인플루언서),https://www.youtube.com/watch?v=IasQ3XURCTI,Y,"닭똥집,마늘,맥주,소금,식용유,참기름,후추","마늘,소금,식용유,참기름,후추",,"닭똥집,맥주","닭근위, 마늘, 식용유, 맛소금, 후추, 참기름",닭근위,,"#닭똥집볶음 #술한잔딱 #집밥
오늘은 닭똥집 볶음 입니다! 맥주 한 잔이 생각나는 고~소한 맛!
이건 꼭 저녁에 해 드셔야 합니다. (과음 조심..)

=================================

닭똥집 볶음

[재료]

닭근위 1컵(180g)
마늘 2/3컵(60g)
식용유 1컵(120g)
맛소금 적당량
후추 적당량
참기름 ½큰술(3g)

[만드는 법]

1. 닭 근위을 흐르는 물에 세척한 후, 결 반대 방향으로 반 잘라준다.
2. 마늘을 편으로 썰어 준비해둔다. 
3. 프라이팬에 식용유를 두르고 닭 근위를 튀기듯이 볶아준다. 
4. 닭 근위가 50% 정도 익었을 때 마늘을 함께 넣고 노릇하게 볶아준다.
5. 체에 밭쳐 기름을 제거한다.
6. 볶아진 닭 근위에 맛소금, 후추, 참기름을 넣고 불을 끈 후 잔 열을 이용하여 볶아준다.

Dakttongjip-Bokkeum
(Stir-fried chicken gizzards)

[Ingredients]

Chicken g"
1698,국물이 끝내주는 라면 끓이는 법,youtube(인플루언서),https://www.youtube.com/watch?v=bLprteo75gY,Y,"고추,고춧가루,달걀,된장,라면,멸치,미역,바지락,액젓,청양고추,파","달걀,된장,라면,라면스프,바지락,액젓,청양고추,파",라면스프,"고추,고춧가루,멸치,미역","바지락, 라면, 달걀, 대파, 건미역, 청양고추, 물, 멸치액젓, 굵은고춧가루, 된장, 라면 스프","건미역, 물, 굵은고춧가루",,"#백종원 #바지락라면 #국물맛이시원해요
그냥 라면도 맛있지만, 바지락을 넣으면 국물 맛이 업그레이드됩니다!
끝내주는 국물 맛이 궁금하시다면 지금 한번 끓여보세요~

================================

바지락 라면

[재료]

바지락 100g
라면 1봉지
달걀 1개
대파 ¼컵(20g)
건미역 1큰술(1g)
청양고추 2개(14g)
물 3과1/3컵(600g)
멸치액젓 1/2큰술(5g)
굵은고춧가루 1/3큰술(2g)
된장 1/3큰술(5g)

[만드는 법]

1. 바지락은 해감하여 깨끗하게 세척한다.
2. 냄비에 물, 라면 스프, 된장, 건미역, 바지락을 넣어 끓인다.
3. 청양고추, 대파는 어슷 썰어 준비한다.
4. 물이 끓으면 라면, 고춧가루, 멸치 액젓을 넣어 끓인다.
5. 면이 반 정도 익으면 달걀을 잘 풀어 넣고 청양고추를 넣는다.
6. 면이 알맞게 익으면 대파를 넣어 완성한다.

Bajirak Ramyun
(Clam Ramyun)

[Ingredients]"
1695,소시지케찹볶음.. 이건 퍼펙트예요,youtube(인플루언서),https://www.youtube.com/watch?v=iNh_bXmYfgw,Y,"간장,생강,설탕,소시지,식초","간장,깨소금,당근,마늘,설탕,식용유,식초,양송이버섯,양파,파프리카,후추","깨소금,당근,마늘,식용유,양송이버섯,양파,파프리카,후추","생강,소시지","진간장, 황설탕, 케찹, 식초, 간생강, 비엔나소시지, 식용유, 마늘, 양파, 양송이, 파프리카, 당근, 후춧가루, 깨소금","케찹, 간생강, 비엔나소시지",,"#백종원 #소시지케첩볶음 #간단안주
밥반찬으로도 술안주로도 훌륭한 소시지케첩볶음입니다.
'쏘야'의 꿀팁을 영상을 통해 확인해 보세요~

==========================

소시지케첩볶음

[재료]

* 소스

진간장 2큰술(20g)
황설탕 2큰술(20g)
케찹 4큰술(60g)
식초 1큰술(10g)
간생강 1/3큰술(5g)

* 볶음

비엔나소시지 250g
식용유 3큰술(20g)
마늘 10개(40g)
양파 1/2개(80g)
양송이 2개(50g)
파프리카 1/4개(80g)
당근 1/5개(20g)
후춧가루 적당량
깨소금 적당량

[만드는 법]

1. 양파, 파프리카는 한입 크기로 잘라 준비한다.
2. 당근은 반으로 갈라 편 썰고 마늘은 반으로 자른다.
3. 소시지는 모양을 내어 준비한다.
4. 진간장, 황설탕, 케첩, 식초, 간 생강을 넣어 소스를 만들어 준다.
5. 팬에 기름을 두르고 마늘을 넣어 튀기듯이 볶는다.
6. 마늘이 익기 시작하면 양파, 후춧가루를 넣어 함께 볶"
1701,된장찌개 '1' (제일 쉬운 버전),youtube(인플루언서),https://www.youtube.com/watch?v=ffuakdFmuh4,Y,"고추,김치,느타리버섯,다진마늘,된장,마늘,멸치,버섯,빨간고추,애호박,양파,육수,청양고추,파,호박","느타리버섯,다진마늘,된장,두부,빨간고추,애호박,양파,청양고추,파",두부,"고추,김치,마늘,멸치,버섯,육수,호박","된장, 물, 간마늘, 육수용멸치, 애호박, 양파, 느타리버섯, 대파, 청양고추, 홍고추, 두부","물, 육수용멸치",,"#백종원 #된장찌개 #한식
김치찌개보다 끓이기 쉬운 된장찌개!
한식의 기본인 된장찌개 레시피입니다.

=======================

된장찌개

[재료]

된장 1/3컵(60g)
물 약4컵(750mL)
간마늘 1/2큰술(8g)
육수용멸치 10마리(20g)
애호박 1/2개(130g)
양파 1/2개(80g)
느타리버섯 1컵(80g)
대파 2/3컵(60g)
청양고추 2개(14g)
홍고추 1/2개(7g)
두부 1/2모(180g)

[만드는 법]

1. 애호박, 양파, 두부는 먹기 좋은 크기로 잘라 준비한다.
2. 느타리버섯은 찢어서 준비한다.
3. 청양고추, 홍고추, 대파는 1cm 정도 두께로 썰어 준비한다.
4. 멸치는 머리, 내장을 제거하고 3등분 정도로 찢어 준비한다.
5. 냄비에 손질한 멸치, 물, 양파를 넣어 끓인다.
6. 육수가 끓으면 느타리버섯, 애호박, 간마늘, 된장을 넣는다.
7. 된장 육수가 끓어오르면 대파, 청양고추, 홍고추를 넣어 끓인다.
8. 찌개가 끓으"
1702,분식집st 떡 볶 이🎉,youtube(인플루언서),https://www.youtube.com/watch?v=t4Es8mwdYlE,Y,"간장,고추,고추장,고춧가루,달걀,밀가루,배추,설탕,쌀떡,양배추,어묵,파","간장,고추장,설탕,쌀떡,양배추,파",,"고추,고춧가루,달걀,밀가루,배추,어묵","쌀떡, 밀가루떡, 사각어묵, 양배추, 대파, 물, 삶은달걀, 고추장, 진간장, 고운고춧가루, 굵은고춧가루, 황설탕, MSG","밀가루떡, 사각어묵, 물, 삶은달걀, 고운고춧가루, 굵은고춧가루, MSG",,"#떡볶이 #Tteokbokki #분식집
드디어! 집에서 해먹는 떡볶이 레시피를 공개합니다!
황금비율 양념장 떡볶이 맛은 추억의 바로 그 맛!
비밀의 맛(?) 튀김 레시피는 다음에 알려드릴게요~

====================================

떡볶이

[재료]

*떡볶이

쌀떡 4컵(400g)
밀가루떡 4컵(400g)
사각어묵 4장(160g)
양배추 2컵(160g)
대파 3컵(240g)
물 1L
삶은달걀 3개

*양념장

고추장 1/3컵(80g)
진간장 1/3컵(50g)
고운고춧가루 1/3컵(30g)
굵은고춧가루 1/3컵(20g)
황설탕 1/3컵(70g)
MSG 1/2큰술(5g)


[만드는 법]

1. 대파는 어슷 썰거나 반으로 갈라 길게 썰어 준비한다.
2. 양배추, 어묵은 먹기 좋은 크기로 썰어 준비한다.
3. 냄비에 물, 진간장, 황설탕, 고추장, 굵은고춧가루, 고운고춧가루, 대파, 양배추를 넣어 끓인다.
4. 떡볶이떡은 흐르는 물에 가볍게 세척한다.
5."
1696,초초초초초초초초간단 알새우칩 카나페 (맥주 안주),youtube(인플루언서),https://www.youtube.com/watch?v=Xhv99PA2OEI,Y,"과자,마카,마카로니,맥주,새우,새우칩,알새우칩,파슬리,파슬리가루","알새우칩,파슬리가루",,"과자,마카,마카로니,맥주,새우,새우칩,파슬리","알새우칩, 후레쉬콘 샐러드, 크래미아 마카로니샐러드, 파슬리가루","후레쉬콘 샐러드, 크래미아 마카로니샐러드",,"#백종원 #맥주안주 #초간단
편의점 재료로 만든 아~~~~주 간단한 맥주 안주, 알새우칩 카나페입니다.

========================

알새우칩 카나페

[재료]

알새우칩 과자 1봉지
후레쉬콘 샐러드 적당량
크래미아 마카로니샐러드 적당량
파슬리가루 적당량

[만드는 법]

1. 새우칩을 그릇에 올려둔다.
2. 샐러드를 잘 섞어 새우칩 위에 올려준다.
3. 파슬리가루를 뿌려 완성한다.

Shrimp chip canapé

[Ingredients]

1 bag Shrimp Chips
Some fresh corn salad
Some Cramya Macaroni Salad
Dried parsley

[Directions]

1. Put shrimp chips in a bowl.
2. Mix the salads and put on top of the shrimp chips.
3. Sprinkle some parsley to finish.

한식을 사랑하는 외국인분들을 위해 "
1703,참~쉬운 찜닭! 집에서 이건 꼭 한번 해보세요. ㅣ 백종원의 백종원레시피,youtube(인플루언서),https://www.youtube.com/watch?v=kfGi3rTct8c,Y,"간장,다진마늘,떡볶이떡,마늘,맛술,생강,설탕,찜닭소스,참기름,파","간장,감자,고구마,다진마늘,당근,당면,떡볶이떡,맛술,빨간고추,새송이버섯,설탕,참기름,청양고추,파,표고버섯","감자,고구마,당근,당면,빨간고추,새송이버섯,청양고추,표고버섯","마늘,생강,찜닭소스","진간장, 맛술, 황설탕, 물, 간생강, 간마늘, 대파, 참기름, 토막닭, 캬라멜, 떡볶이떡, 감자, 당근, 고구마, 새송이버섯, 표고버섯, 청양고추, 홍고추, 건홍고추, 당면","물, 간생강, 토막닭, 캬라멜, 건홍고추",,"#백종원 #찜닭 #집밥
오늘은 친구들이나 가족에게 음식 솜씨를 뽐낼 수 있는 '찜닭'입니다.
재료만 있으면 정말 어렵지 않으니 한번 만들어 볼까요~?

================

찜닭

[재료]

*찜닭소스

진간장 2/3컵(140g)  
맛술 1/2컵(90g)
황설탕 1/2컵(80g)
물 1컵(180g)
간생강 1/3큰술 (5g)
간마늘 2큰술(30g)
대파 1컵(80g)
참기름 3큰술(20g)

*찜닭

토막닭(12호) 1마리
물1컵 (180g)
캬라멜 1/2큰술(5g)
떡볶이떡 1컵(150g)
감자 1/2개(200g)
당근 1/2개(100g)
고구마 1개(180g)
대파 1/2컵(40g)
새송이버섯 1개(60g)
표고버섯 2개(30g)
청양고추 3개(20g)
홍고추 2개(15g)
건홍고추 3개(8g)
당면 100g
찜닭소스 전량


[만드는 법]

1. 닭은 깨끗하게 세척하고 물기를 제거하여 준비한다.
2. 고명용 대파는 반으로 갈라 길게 썰어주고, 양념장용 대파는 송송 "
1704,고기짬뽕라면 1인분 만들기 (feat.맛남의광장) ㅣ 백종원의 쿠킹로그,youtube(인플루언서),https://www.youtube.com/watch?v=2sUjx8PE_vg,Y,"고춧가루,달걀,당근,돼지고기,돼지고기뒷다리살,라면,배추,애호박,양배추,양파,파,호박","간장,다시다,달걀,당근,돼지고기,라면,소금,식용유,애호박,양배추,양파,파,후추","간장,다시다,소금,식용유,후추","고춧가루,돼지고기뒷다리살,배추,호박","돼지고기, 대파, 양파, 양배추, 당근, 애호박, 라면, 달걀, 고운고춧가루, 굵은고춧가루, 소고기다시다, 꽃소금, 진간장, 식용유, 물, 후춧가루","고운고춧가루, 굵은고춧가루, 물",,"#고기짬뽕라면 #맛남의광장 #라면
오늘은 맛남의광장에서 멤버들과 점심으로 먹은 고기짬뽕라면입니다.
비 선호 부위인 돼지 뒷다릿살로 푸짐하고 얼큰한 짬뽕 맛을 느껴보세요!

=======================

돼지고기짬뽕라면


[재료]

돼지고기(후지) 1컵(150g)
대파 2/3컵(50g)
양파 1/2컵(40g)
양배추 1/2컵(40g)
당근 1/3컵(20g)
애호박 1/2컵(60g)
라면 1개
달걀 1개(50g)
고운고춧가루 1큰술(5g)
굵은고춧가루 1큰술(5g)
소고기다시다 1/2큰술(5g)
꽃소금 1/5큰술(2g)
진간장 1큰술(10g)
식용유 2큰술(15g)
물 600ml
후춧가루 적당량


[만드는 법]

1. 대파는 반으로 갈라 송송 썰거나 길게 썰어 준비한다.
2. 돼지고기는 넓적하게 썰어 준비한다.
3. 양배추, 양파는 큼직하게 썰어준다.
4. 애호박은 반달 모영으로 편 썰어 주고 당근은 채 썬다.
5. 프라이팬에 식용유를 두르고 고기, 대파를 넣어 볶는다"
1697,막걸리가 생각나는 '부추전',youtube(인플루언서),https://www.youtube.com/watch?v=wfm951HEpGU,Y,"건새우,고추,당근,막걸리,멸치,부추,부침가루,새우,식용유,액젓,청양고추","간장,건새우,다진마늘,당근,부추,부침가루,설탕,식용유,식초,액젓,청양고추","간장,다진마늘,설탕,식초","고추,막걸리,멸치,새우","부추, 당근, 청양고추, 부침가루, 물, 멸치액젓, 건새우, 식용유, 간마늘, 진간장, 식초, 황설탕",물,,"#백종원 #막걸리가생각나는 #부추전
전집에서 사드시는 것처럼 파~란 색이 나는 부추전을 알려드릴게요.
부추전 만드셔서 막걸리와 같이 드셔보세요!

============================

부추전

[재료]

* 부추전

부추 200g
당근 1/6개(50g)
청양고추 4개(24g)
부침가루 1과1/2컵(150g)
물 1과1/2컵(250g)
멸치액젓 1큰술(10g)
건새우 1/2컵(20g)
식용유 3큰술(20g)
간마늘 1큰술(15g)

* 초간장

진간장 1큰술(10g)
식초 1큰술(10g)
황설탕 1/2큰술(5g)


[만드는 법]

1. 건새우는 반죽용 물에 불려 준비한다.
2. 부추는 5cm 정도 길이로 잘라둔다.
3. 청양고추는 잘게 다지고 당근은 채 썬다.
4. 볼에 당근, 부추, 청양고추, 당근, 간마늘, 부침가루, 불린 건새우, 물, 멸치액젓을 넣어 반죽한다.
5. 프라이팬에 식용유를 두르고 약한 불에서 반죽을 얇게 펼친다.
6. 반죽이 넓게 펼쳐지면 중불로 "
1705,올 한해도 떡만둣국 드시고 대박 나세요!! ㅣ 백종원의 쿠킹로그,youtube(인플루언서),https://www.youtube.com/watch?v=At-u3lwsFtk,Y,"간,간장,김가루,달걀,떡,마늘,만두,멸치,소금,식용유,액젓,양지,참기름,파,후추","간장,김가루,다진마늘,달걀,떡국떡,만두,소금,식용유,액젓,참기름,파,후추","다진마늘,떡국떡","간,떡,마늘,멸치,양지","참기름, 식용유, 떡국 떡, 만두, 소 양지, 대파, 물, 꽃소금, 간 마늘, 멸치액젓, 국간장, 달걀, 후춧가루, 김가루","소 양지, 물",,"#백종원 #떡만둣국 #설
내일은 설 연휴의 시작입니다. 
가족 친지분들과 떡만둣국 맛있게 드세요.

=============================================

[ 재료 ]

[ 떡만둣국 ]
참기름 2큰술(15g)
식용유 1큰술(8g)
떡국 떡 4컵(400g)
만두 8개
소 양지 1컵(150g)
대파 1컵(80g)
물 11컵(2L)
꽃소금 1큰술(10g)
간 마늘 1큰술(15g)
멸치액젓 2큰술(20g)
국간장 3큰술(30g)
달걀 2개(100g)
후춧가루 적당량
김가루 적당량

[ 지단 ]

달걀 2개(100g)
식용유 적당량 

-----------------------------------------------------------------------------------
[ 만드는 법 ]

[ 떡만둣국 ]

1. 떡국 떡은 물에 30분이상 담궈 준비한다. 
2. 프라이팬에 참기름, 식용유를 두르고 소고기를 넣어 노릇하게 볶는다.
3. 고기가 볶아지면 "
1706,설날 준비! 삼색 나물 두 번째 도라지 나물입니다. ㅣ 백종원의 백종원레시피,youtube(인플루언서),https://www.youtube.com/watch?v=2vrJR3ZpRf0,Y,"간,깨소금,도라지,마늘,소금,참기름,파","깨소금,다진마늘,도라지,소금,참기름,파",다진마늘,"간,마늘","도라지, 대파, 간 마늘, 참기름, 꽃소금, 물, 깨소금, 쌀뜨물","물, 쌀뜨물",,"#백종원 #도라지나물 #삼색나물
오늘은 삼색 나물 두 번째인 도라지 나물입니다.

===============================================

도라지나물

[재료]

도라지 250g
대파 1/2컵(40g)
간 마늘 1큰술(15g)
참기름 3큰술(22g)
꽃소금 1/2큰술(5g)
꽃소금(소금물용) 1과1/2큰술(15g)
물(소금물용) 3컵(540g)
깨소금 2큰술(16g)
쌀뜨물 2/3컵(120g)
 
[만드는 법] 

1. 깨소금 1큰술은 절구에 넣고 갈아서 준비한다.
2. 소금물용 꽃소금과 물을 소금이 녹을 정도까지 잘 섞는다.
3. 소금물에 도라지를 넣어 1시간 정도 쓴맛을 제거한다.
4. 도라지는 흐르는 물에 주물러 세척하여 물기를 제거한다.
5. 도라지를 5~6cm 정도 길이로 잘라 준비한다.
6. 대파는 반으로 갈라 송송 썰어준다.
7. 프라이팬에 참기름, 대파를 넣어 중불에서 파기름을 낸다.
8. 파기름 향이 올라오면 도라지를 넣어 볶는다.
9."
1707,설날 준비 LA갈비! ㅣ 백종원의 쿠킹로그,youtube(인플루언서),https://www.youtube.com/watch?v=37-BCf85bHk,Y,"간장,다진마늘,마늘,맛술,생강,설탕,소갈비,참기름,파","간장,다진마늘,맛술,설탕,소갈비,참기름,파,후추",후추,"마늘,생강","LA갈비, 진간장, 황설탕, 맛술, 간마늘, 간생강, 대파, 참기름, 정수물, 후춧가루","간생강, 정수물",,"#백종원 #설 #LA갈비
곧 있으면 민족 대명절 설날이죠?
오랜만에 만난 가족들에게 LA갈비 해드려 보세요!

=========================

* 숙성시간이 오래될수록 간 세기의 차이가 있을 수 있으니 물양을 조절하여 주세요*

LA갈비

[재료]

LA갈비 1kg
진간장 1컵(200g)
황설탕 1/2컵(80g)
맛술 1/2컵(100g)
간마늘 1/4컵(40g)
간생강 1/2큰술(8g)
대파 1컵(80g)
참기름 2큰술(15g)
정수물 3컵(540g)
후춧가루 적당량

[만드는 법]

1. 갈비는 흐르는 물에 세척하여 뼛가루를 제거하고 물기를 빼준다.
2. 대파는 반으로 갈라 송송 썰어 준비한다.
3. 큰 볼에 진간장, 황설탕, 맛술, 간마늘, 간생강, 대파, 정수물을 넣어 양념장을 만든다.
4. 양념장의 설탕이 다 녹으면 참기름을 넣어 섞어준다. (기호에 맞게 MSG를 넣는다)
5. 밀폐 통에 갈비를 한 장씩 깔아주고 양념장을 부어준다.
6. 프라이팬에 재워 둔 갈"
1708,"'부대찌개, 탕, 국수 메뉴의 문제가 뭔지 아세요?'  | 백종원의 장사이야기",youtube(인플루언서),https://www.youtube.com/watch?v=O-ontg9YrEU,N,,,,,,,,"#백종원 #장사이야기 #점심메뉴
지난 2016년 4월 30일 진행되었던 27회차 장사이야기의 첫 번째 질문 시간입니다. 점심 메뉴와 저녁 메뉴을 정할 때 주의해야 할 점이 무엇인지 해당 내용을 영상을 통해 확인해보세요.

※ 본 영상은 2016년 4월 30일 진행된 27회 장사이야기 영상입니다. 당시 공개를 목적으로 촬영되지 않아 영상과 음성의 상태가 고르지 못합니다. 자영업을 하시는 분들께 도움이 되고자 영상의 상태가 좋지 않음에도 업로드하오니 앙해를 부탁드립니다."
1712,초코초코초코 브라우니 & 건더기 생생 사과 홍차! 특집사과대잔치 | 백종원의 쿠킹로그,youtube(인플루언서),https://www.youtube.com/watch?v=iIL1QMXCoDM,Y,"달걀,버터,사과,설탕,스틱버터,중력분,초콜릿","달걀,설탕,스틱버터,중력분,초콜릿",,"버터,사과","사과조림, 황설탕, 초콜릿, 중력분, 달걀, 스틱버터, 홍차티백, 물","사과조림, 홍차티백, 물",,"#백종원 #사과 #브라우니
에어프라이기로 만드는 부드러운 사과 초코 브라우니와 진짜 사과 홍차입니다. 
사과조림 만드셔서 집에서 맛있게 드세요~

===============================

사과 초코 브라우니

[재료]

사과조림 1컵(180g)
황설탕 1/2컵(60g)
초콜릿 1개(70g)
중력분 3/4컵(80g)
달걀 1개(60g)
스틱버터 1/2개(40g)
스틱버터(용기코팅용) 적당량


[만드는 법]

1. 버터, 초콜릿은 유리 볼에 담아 전자레인지에 2분 정도 돌려 잘 섞어준다.
2. 큰 볼에 달걀, 황설탕을 넣고 거품기로 저어 설탕을 녹인다.
3. 설탕이 녹으면 중력분을 넣고 뭉치지 않게 섞어준다.
4. 녹인 버터, 녹인 초콜릿은 충분히 식혀 반죽에 넣어 섞는다.
5. 반죽이 골고루 섞이면 사과조림을 넣고 주걱을 이용하여 섞어준다.
6. 오븐 용기 안쪽에 버터를 전체적으로 얇게 바른 후 반죽을 담고 넓게 펼쳐준다.
7. 에어프라이어는 150도에 10분 정도"
1709,고기만두!! 비법이 들어 있습니다. 가족과 함께 집에서 만들어 보세요!!  ㅣ 백종원의 쿠킹로그,youtube(인플루언서),https://www.youtube.com/watch?v=SZp5fTHZnmc,Y,"다리,다진마늘,당면,돼지고기,돼지고기뒷다리살,두부,마늘,만두,배추,부추,생강,숙주나물,파","간장,다진마늘,당면,두부,만두피,배추,부추,설탕,소금,숙주나물,참기름,파,후추","간장,만두피,설탕,소금,참기름,후추","다리,돼지고기,돼지고기뒷다리살,마늘,만두,생강","두부, 부추, 대파, 간마늘, 배추, 간생강, 간돼지고기, 돼지지방, 당면, 숙주, 만두피, 진간장, 꽃소금, 황설탕, 만능볶음요리소스, 참기름, MSG, 후추, 물","간생강, 간돼지고기, 돼지지방, 만능볶음요리소스, MSG, 물",,"2019년 마지막날 입니다. 모두 한해 마무리 잘 하시고, 새해를 맞아 가족들과 오손도손 모여 이야기 나누며 만두한번 빚어 보세요 ^^

=================================

[ 만두 ]

[ 재료 ]

[ 만두소 ]

두부 1/2모(160g)
부추 1컵(70g)
대파 1컵(80g)
간마늘 1큰술(15g)
배추 1컵(70g)
간생강 1/4큰술(3g)
간돼지고기(뒷다리살) 2컵(360g)
돼지지방 1/2컵(90g)
당면 100g
숙주 250g
만두피 40-50장

[ 만두소 양념 ]

진간장 3큰술(30g)
꽃소금 1/3큰술(3g)
황설탕 1/2큰술(5g)
만능볶음요리소스 3큰술(30g)
참기름 2큰술(15g)
MSG 1/2큰술(5g)
후추 적당량

--------------------------------------------------------------------------------------------------------------

[ 만드는 법"
1693,대파 듬뿍! 삼겹살로 만든 '대파 제육볶음',youtube(인플루언서),https://www.youtube.com/watch?v=j7s9VRsrm9o,ERROR,"간장,고추,고춧가루,마늘,삼겹살,설탕,참기름,청양고추,파","간장,고추,고춧가루,마늘,삼겹살,설탕,참기름,청양고추,파",,,,,HTTP 429,"#백종원 #삼겹살 #제육볶음
맛남의 광장 진도 편에서 보여드렸던 대파제육볶음입니다.
고기에선 불맛이 파에선 단맛! 설명이 따로 필요 없는 맛입니다.

===========================

대파제육볶음

[재료]

삼겹살 300g 
통마늘 8알(50g)
청양고추 3개(20g)
대파 2대(200g)
물 1/3컵(60g)
진간장 3큰술(30g)
설탕 1.5큰술(15g)
굵은 고춧가루 1큰술(5g)
고운 고춧가루 1큰술(5g)
참기름 1/2큰술 (4g)
맛소금 적당량
후춧가루 적당량
깨소금 적당량

[쌈 재료]

쌈 채소 적당량
쌈장 적당량
 
 
[만드는 법]

1. 대파를 반 갈라  5cm 길이로 썰고, 청양고추는 두껍게 어슷하게 썰어준다.
2. 마늘은 두껍게 편 썰고, 삼겹살은 한입 크기로 잘라준다.
3. 팬에 삼겹살을 올리고 맛소금과 후춧가루를 뿌려 중약 불로 구워준다.
4. 삼겹살이 노릇하게 익으면 마늘을 넣고 구워준다.
5. 굽는 과정에 삼겹살에서 기름이 많이 나왔"
1710,초대손님 '양세형'님께서 '감자짜글이'를 만들어 주셨습니다. ㅋㅋ 진짜 밥도둑. 잡았다 요놈 ㅣ 백종원의 쿠킹로그,youtube(인플루언서),https://www.youtube.com/watch?v=wpUsg7f-F4o,Y,"감자,고추,고추장,고춧가루,다진마늘,된장,마늘,설탕,양파,청양고추,통조림햄,파","간장,감자,고추장,다진마늘,된장,설탕,양파,청양고추,통조림햄,파",간장,"고추,고춧가루,마늘","감자, 양파, 대파, 청양고추, 통조림햄, 간마늘, 된장, 고추장, 굵은고춧가루, 황설탕, 진간장, 물","굵은고춧가루, 물",,"#백종원 #맛남의광장 #양세형 #감자짜글이
양세형씨가 보여주는 감자짜글이!
꼭 확인 해 보세요 ^^

==============================

감자짜글이 

[재료]

감자 2개(400g)
양파 1/2개(100g)
대파 1컵(80g)
청양고추 3개(15g)
통조림햄 1캔(200g)
간마늘 1큰술(15g)
된장 1/2큰술(10g)
고추장 1큰술(20g)
굵은고춧가루 2큰술(10g)
황설탕 1큰술(10g)
진간장 4큰술(40g)
물 4컵(700g)

[만드는 법]

1. 감자, 양파는 1cm 정도 두께로 굵게 채 썰어 준비한다.
2. 청양고추는 1cm 정도로 썰고 대파는 송송 썰어 준비한다.
3. 통조림 햄은 밀폐 봉지에 넣어 잘게 으깨어 준다.
4. 냄비에 감자를 깔고 양파, 대파, 청양고추, 통조림햄을 넣는다.
5. 황설탕, 고춧가루, 간마늘, 고추장, 된장, 진간장, 물을 넣어 끓인다.
6. 끓어오르면 약불로 줄이고 양념장이 골고루 섞일 수 있도록 저어준다.
7. "
1713,불맛 가득한 달걀볶음밥! 맛없으면 이상한 거죠~ ㅣ 백종원의 쿠킹로그,youtube(인플루언서),https://www.youtube.com/watch?v=kR77WlHRZrs,ERROR,"간장,달걀,소금,식용유,파","간장,달걀,소금,식용유,파",,,,,HTTP 429,"#백종원 #볶음밥 #집밥
볶음밥 정말 종류가 많죠? 오늘은 불맛 나는 달걀볶음밥입니다.
중국 길거리 식당에서 맛보신 볶음밥 있죠? 바로 그 볶음밥입니다!

=========================================


불맛 달걀볶음밥

[재료]

밥 1공기(200g)
대파 1/2컵(40g)
달걀 2개(120g)
식용유 4큰술(40g)
진간장 1/2큰술(5g)
MSG 1/4큰술(2g)
맛소금 1g

[만드는 법]
 
1. 대파는 송송 썰어 준비한다.
2. 프라이팬에 식용유, 대파를 넣어 파 기름을 내고 노릇해지면 한쪽으로 몰아둔다.
3. 다른 한쪽에 달걀을 넣어 스크램블 한다.
4. 재료가 없는 쪽에 간장을 넣어 눌어붙도록 끓여주고 스크램블 한 달걀, 볶은 대파와 섞어준다.
5. 달걀, 대파가 골고루 섞이면 맛소금, 밥을 넣고 불을 끈 후 국자를 이용하여 섞어준다.
6. 밥이 골고루 섞이면 센 불에 올려 볶는다. 
7. 기호에 따라 MSG를 넣어 볶은 후 완성한다.

"
1714,초:초:초간단 만능양념장으로 만드는 춘천식 닭갈비! 1:1:1:1:1:1 ㅣ 백종원의 쿠킹로그,youtube(인플루언서),https://www.youtube.com/watch?v=HI8DlDs1gko,ERROR,"간,간장,감자,고추,고추장,고춧가루,꽈리고추,다리,마늘,맛술,배추,설탕,양배추,양파,청양고추,파","간,간장,감자,고추,고추장,고춧가루,꽈리고추,다리,마늘,맛술,배추,설탕,양배추,양파,청양고추,파",,,,,HTTP 429,"#백종원 #닭갈비 #만능양념장
만능양념장을 활용한 춘천식 닭갈비!!
양념장 만드는 게 귀찮으신 분을 위해.  클릭▶ https://bit.ly/2kK9yUq

===============================================

매콤 만능 양념장 닭갈비

[재료]

*만능 양념장 재료

고추장 1컵(230g)
황설탕 1컵(150g)
굵은고춧가루 1컵(90g)
맛술 1컵(190g)
진간장 1컵(210g)
간 마늘 1컵(200g) 

*닭갈비 재료

닭 다리살 350g
만능양념장 1컵(250g)
감자 1/2개(100g)
양파 1/2개(130g)
청양고추 1개(8g)
꽈리고추 3개(15g)
대파 1컵(80g)
양배추 1컵(80g)
마늘 15개(160g)
물 1/2컵(90g)
참기름 2큰술(5g)
깨소금 1큰술(5g)
우동사리 1개(200g)
떡볶이떡 1컵(150g)
후추 약간


[만드는 법]

*만능 양념장 만드는 법
 
1. 큰 볼에 고추장, 황설탕, 굵은 고춧가루,"
1719,아삭한 식감이 매력적인 꽈리고추 삼겹살볶음 l 백종원의 백종원 레시피,youtube(인플루언서),https://www.youtube.com/watch?v=MqdncXPR0lY,Y,"간장,고추,꽈리고추,다진마늘,마늘,삼겹살,설탕,청양고추,파","간장,꽈리고추,다진마늘,삼겹살,설탕,청양고추,파",,"고추,마늘","꽈리고추, 삼겹살, 대파, 청양고추, 간마늘, 황설탕, 진간장",,,"※ 영상 중간 부분적으로 소리 울림 현상이 있습니다. 시청에 불편을 끼쳐 죄송합니다. 

#백종원 #집밥백선생 #삼겹살 #꽈리고추
삼겹살과 꽈리고추를 잘 활용하면 입맛 돋우는 맛있는 요리가 됩니다.
쉽고 간단한 꽈리고추 삼겹살볶음, 같이 만들어 볼까요? 

===================================

꽈리고추 삼겹살볶음

[재료]

꽈리고추 150g (20개)
삼겹살 600g
대파 30g (2/3컵)
청양고추 30g (3개)
간마늘 30g (2큰술)
황설탕 30g (3큰술)
진간장 60ml (1/3컵)

[만드는 법]

1. 꽈리고추는 2cm 두께로 썰어 준비한다.
2. 청양고추는 0.2cm 두께로 잘게 썰어 준비한다.
3. 삼겹살은 1.5cm 두께로 썰어 준비한다.
4. 삼겹살을 프라이팬에 넣고 노릇노릇하게 볶아준다.
5. 0.2cm 두께로 자른 대파 30g을 넣고 볶아준다.
6. 삼겹살의 색이 노릇하게 나면 프라이팬 안의 재료를 전체적으로 섞어 불 맛을 더한"
1711,소고기 무국! 이거 하나면 국을 20가지는 만들 수 있습니다. ㅣ 백종원의 쿠킹로그,youtube(인플루언서),https://www.youtube.com/watch?v=vG07DHeNH9c,ERROR,"가지,간장,다진마늘,마늘,멸치,무,소고기,소금,식용유,액젓,양지,양파,참기름,파","가지,간장,다진마늘,마늘,멸치,무,소고기,소금,식용유,액젓,양지,양파,참기름,파",,,,,HTTP 429,"#백종원 #소고기 #무국
찬바람 불때 따뜻한 소고기뭇국 한사발 드셔 보세요~
소고기뭇국 하나면 만들 수 있는 국이 수십가지! 고급정보 한번  확인해 보세요. 

=================================

소고기뭇국

[ 재료 ]

무 1과1/2컵(230g)
소양지 1컵(150g)
양파 1/4개(50g)
참기름 1큰술(8g)
식용유 1큰술(8g)
대파 1/3컵(30g)
간마늘 1큰술(15g)
국간장 2큰술(20g)
멸치액젓 2큰술(20g)
꽃소금 1/2큰술(5g)
후춧가루 적당량
물 1.5L

[ 만드는 법 ]

1. 무는 사방 3cm 정도로 편 썰기 하여 준비한다.
2. 소고기는 핏기를 제거하여 준비한다.
3. 대파는 송송 썰거나 어슷썰고 양파는 채 썰어 준비한다.
4. 냄비에 참기름, 식용유을 두르고 소고기를 넣어 볶는다.
5. 고기의 겉면이 익으면 무를 넣어 볶는다.
6. 고기가 익으면 물, 간마늘, 국간장, 멸치액젓을 넣고 중불에서 20분 정도 끓인다.
7."
1715,"'대학가 와플 매장, 확장으로 매출이 오를 수 있을까요?' 백종원의 장사이야기 35회 첫 번째 질문입니다.",youtube(인플루언서),https://www.youtube.com/watch?v=b9QhRrI_slU,ERROR,,,,,,,HTTP 429,"#백종원 #장사이야기 #매장확장
지난 2019년 6월 15일 진행되었던 35회차 장사이야기의 첫 번째 질문 시간입니다. 대학가에서 와플 가게를 운영중이신 사장님!
매출 증대를 위해 매장 확장을 고려할 때 생각할 수 있는 요인들은 무엇이 있는지 영상을 통해 확인해 보세요. 


※ '백종원의 장사이야기'는 외식업에 종사하는 분들이나 외식사업을 꿈꾸는 분들이 백종원 대표와 만나 외식업에 대한 고민을 나누는 소통의 장으로, 매 분기 참가 신청을 통해 오프라인으로 진행되고 있습니다. 
또한, 행사 중 유익하고 도움될 만한 내용을 선별해 더욱 많은 분과 양질의 정보를 나눌 수 있도록 유튜브 채널을 통해 선보이고 있습니다. 구독자 여러분의 편의를 위해, 기존 진행되었던 장사이야기 내용을 질문 별로 재구성해 게시하고 있으므로 이점 참고 바랍니다."
1716,명절에 빠질 수 없는 '잡채' 이번 추석에는 온 가족이 다함께 만들어 보는 건 어떠세요? l 백종원의 쿠킹로그,youtube(인플루언서),https://www.youtube.com/watch?v=DNj3YiaP42s,ERROR,"간,간장,당근,당면,돼지고기,마늘,목이버섯,버섯,설탕,소금,시금치,식용유,양파,참기름,참깨,파,후추","간,간장,당근,당면,돼지고기,마늘,목이버섯,버섯,설탕,소금,시금치,식용유,양파,참기름,참깨,파,후추",,,,,HTTP 429,"#백종원 #잡채 #추석
온 식구가 모인 날 빼놓을 수 없는 메뉴 '잡채' 입니다.
생각보다 어렵지 않으니 가족과 함께 만들어 보세요~

================================================

잡채 #1


[재료]

당면 250g
시금치 150g
돼지고기(잡채용) 2/3컵(110g)
건 목이버섯 1/2컵(3g)
양파 2컵(180g)
대파 2/3컵(40g)
당근 2/3컵(40g)

진간장 4큰술(30g)
황설탕 2큰술(22g)
참기름 4큰술(25g)
간 마늘 1/2큰술(15g)
식용유 4큰술(25g)
꽃소금 1/3큰술(2g)
통깨 1/2큰술(4g)
MSG 1/3큰술(2g)
후추가루 1g
캐러멜 1g


[만드는 법]

1. 당면을 물에 30분 정도 불린다.
2. 시금치는 뿌리를 제거하고 한 줄기씩 뜯어 준비한다.
3. 양파는 결 방향으로 가늘게 채 썬다.
4. 당근은 채 썰고 대파는 길게 어슷썰기 한다.
5. 목이버섯은 물에 30분 정도 불려 한 입 "
1717,"옥수수로 전 해보셨어요? 캔 옥수수로 뚝딱! 달달, 고소, 바삭! '초간단 옥수수전' ㅣ 백종원의 백종원 레시피",youtube(인플루언서),https://www.youtube.com/watch?v=uB37XeU5SwM,ERROR,"김가루,수수,식용유,연유,옥수수,치즈,치즈가루,튀김가루,파마산","김가루,수수,식용유,연유,옥수수,치즈,치즈가루,튀김가루,파마산",,,,,HTTP 429,"#백종원 #옥수수전 #초간단
술 안주로도 좋고 간식으로도 훌륭한 '초간단 옥수수전'입니다.
마리텔 시즌1 6화에 소개되었던 간단 레시피로 집에서 맛있게 즐겨 보세요!

==============================================


옥수수전


[재료]

통조림 옥수수 1캔 (290g)
물 1/3컵 (50g)
튀김가루 1/2컵 (50g)
식용유 1/3컵 (40g)
연유 2큰술 (25g)
파마산 치즈가루 1/4컵 (20g)


[오리지널 버전 만드는 법]

1. 통조림 옥수수는 체에 밭쳐 물기를 제거한다.
2. 믹싱 볼(대접)에 옥수수, 튀김가루, 물을 넣고 골고루 섞어준다.
3. 프라이팬에 식용유를 두른 후 옥수수알전 반죽을 넓게 펼쳐 넣고 노릇하게 구워낸다.
4. 완성 접시에 구워낸 옥수수전을 담고 연유를 뿌려 완성한다.


[업그레이드 버전 만드는 법]

1. 통조림옥수수는 체에 받쳐 물기를 제거한다.
2. 믹싱볼(대접)에 옥수수, 튀김가루, 물을 넣고 골"
