keyword,대분류,중분류,소분류,세분류,세세분류,Feature,synonyms,hyperonym,타사전추가여부
이유식,TPO,TPO,대상,,,,,,
성장기,TPO,TPO,대상,,,,,,
다이어터,TPO,TPO,대상,,,,,,
초딩,TPO,TPO,대상,,,,,,
청소년,TPO,TPO,대상,,,,,,
여성,TPO,TPO,대상,,,,,,
어른,TPO,TPO,대상,,,,,,
어르신,TPO,TPO,대상,,,,,,
아이,TPO,TPO,대상,,,,,,
아기,TPO,TPO,대상,,,,,,
부부,TPO,TPO,대상,,,,,,
부모님,TPO,TPO,대상,,,,,,
남녀노소,TPO,TPO,대상,,,,,,
남편,TPO,TPO,대상,,,,,,
신랑,TPO,TPO,대상,,,,,,
아이들,TPO,TPO,대상,,,,,,
꼬마,TPO,TPO,대상,,,,,,
엄마,TPO,TPO,대상,,,,,,
친구,TPO,TPO,대상,,,,,,
식구,TPO,TPO,대상,,,,,,
초보,TPO,TPO,대상,,,,,,
친정엄마,TPO,TPO,대상,,,,,,
동생,TPO,TPO,대상,,,,,,
아빠,TPO,TPO,대상,,,,,,
어린이,TPO,TPO,대상,,,,,,
직장인,TPO,TPO,대상,,,,,,
즉석,TPO,TPO,상황,,,,,,
휴식,TPO,TPO,상황,,,,,,
후식,TPO,TPO,상황,,,,,,
홈파티,TPO,TPO,상황,,,,,,
혼자,TPO,TPO,상황,,,,,,
혼밥,TPO,TPO,상황,,,,,,
할로윈,TPO,TPO,상황,,,,,,
파티,TPO,TPO,상황,,,,,,
축제,TPO,TPO,상황,,,,,,
안주,TPO,TPO,상황,,,,,,
식후,TPO,TPO,상황,,,,,,
식전,TPO,TPO,상황,,,,,,
스트레스,TPO,TPO,상황,,,,,,
손님,TPO,TPO,상황,,,,,,
상차림,TPO,TPO,상황,,,,,,
복날,TPO,TPO,상황,,,,,,
발렌타인,TPO,TPO,상황,,,,,,
밑반찬,TPO,TPO,상황,,,,,,
무더위,TPO,TPO,상황,,,,,,
명절전,TPO,TPO,상황,,,,,,
맥주안주,TPO,TPO,상황,,,,,,
매일,TPO,TPO,상황,,,,,,
데이트,TPO,TPO,상황,,,,,,
단식,TPO,TPO,상황,,,,,,
공복,TPO,TPO,상황,,,,,,
가족모임,TPO,TPO,상황,,,,,,
가족,TPO,TPO,상황,,,,,,
소풍도시락,TPO,TPO,상황,,,,,,
간식,TPO,TPO,상황,,,,,,
술안주,TPO,TPO,상황,,,,,,
미세먼지,TPO,TPO,상황,,,,,,
캠핑,TPO,TPO,상황,,,,,,
이색,TPO,TPO,상황,,,,,,
밥반찬,TPO,TPO,상황,,,,,,
반찬거리,TPO,TPO,상황,,,,,,
추억,TPO,TPO,상황,,,,,,
귀차니즘,TPO,TPO,상황,,,,,,
유치원,TPO,TPO,상황,,,,,,
잔칫상,TPO,TPO,상황,,,,,,
피크닉,TPO,TPO,상황,,,,,,
난이도하,TPO,TPO,상황,,,,,,
심플한,TPO,TPO,상황,,,,,,
봄,TPO,TPO,시간,,,,,,
여름,TPO,TPO,시간,,,,,,
휴일,TPO,TPO,시간,,,,,,
화요일,TPO,TPO,시간,,,,,,
평일,TPO,TPO,시간,,,,,,
퇴근,TPO,TPO,시간,,,,,,
크리스마스,TPO,TPO,시간,,,,,,
추석,TPO,TPO,시간,,,,,,
초여름,TPO,TPO,시간,,,,,,
중식,TPO,TPO,시간,,,,,,
주말,TPO,TPO,시간,,,,,,
조식,TPO,TPO,시간,,,,,,
제철,TPO,TPO,시간,,,,,,
점심,TPO,TPO,시간,,,,,,
저녁,TPO,TPO,시간,,,,,,
장마,TPO,TPO,시간,,,,,,
요맘때,TPO,TPO,시간,,,,,,
오후,TPO,TPO,시간,,,,,,
오전,TPO,TPO,시간,,,,,,
연휴,TPO,TPO,시간,,,,,,
연말,TPO,TPO,시간,,,,,,
어릴적,TPO,TPO,시간,,,,,,
어릴때,TPO,TPO,시간,,,,,,
야식,TPO,TPO,시간,,,,,,
야간,TPO,TPO,시간,,,,,,
아침,TPO,TPO,시간,,,,,,
시간,TPO,TPO,시간,,,,,,
스승의날,TPO,TPO,시간,,,,,,
수요일,TPO,TPO,시간,,,,,,
설날,TPO,TPO,시간,,,,,,
생일,TPO,TPO,시간,,,,,,
새해,TPO,TPO,시간,,,,,,
새벽,TPO,TPO,시간,,,,,,
봄시즌,TPO,TPO,시간,,,,,,
방학,TPO,TPO,시간,,,,,,
목요일,TPO,TPO,시간,,,,,,
동안,TPO,TPO,시간,,,,,,
계절마다,TPO,TPO,시간,,,,,,
계절,TPO,TPO,시간,,,,,,
겨울,TPO,TPO,시간,,,,,,
가을,TPO,TPO,시간,,,,,,
모닝,TPO,TPO,시간,,,,,,
봄철,TPO,TPO,시간,,,,,,
가을철,TPO,TPO,시간,,,,,,
여름철,TPO,TPO,시간,,,,,,
겨울철,TPO,TPO,시간,,,,,,
운동전,TPO,TPO,시간,,,,,,
운동후,TPO,TPO,시간,,,,,,
명절,TPO,TPO,시간,,,,,,
봄날,TPO,TPO,시간,,,,,,
환절기,TPO,TPO,시간,,,,,,
초복,TPO,TPO,시간,,,,,,
중복,TPO,TPO,시간,,,,,,
말복,TPO,TPO,시간,,,,,,
회사,TPO,TPO,장소,,,,,,
포차,TPO,TPO,장소,,,,,,
찜질방,TPO,TPO,장소,,,,,,
외출,TPO,TPO,장소,,,,,,
여행,TPO,TPO,장소,,,,,,
소풍,TPO,TPO,장소,,,,,,
도시락,TPO,TPO,장소,,,,,,
조각,단위,단위,수량/단위,,,,,,
알,단위,단위,수량/단위,,,,,,
한판,단위,단위,수량/단위,,,,,,
한장,단위,단위,수량/단위,,,,,,
포기,단위,단위,수량/단위,,,,,,
팩,단위,단위,수량/단위,,,,,,
티스푼,단위,단위,수량/단위,,,,,,
통,단위,단위,수량/단위,,,,,,
톨,단위,단위,수량/단위,,,,,,
테이블스푼,단위,단위,수량/단위,,,,,,
킬로그램,단위,단위,수량/단위,,,,,,
키로그램,단위,단위,수량/단위,,,,,,
큰술,단위,단위,수량/단위,,,,,,
큐브,단위,단위,수량/단위,,,,,,
컵과,단위,단위,수량/단위,,,,,,
컵,단위,단위,수량/단위,,,,,,
커피스푼,단위,단위,수량/단위,,,,,,
캔,단위,단위,수량/단위,,,,,,
찻스푼,단위,단위,수량/단위,,,,,,
찻숟가락,단위,단위,수량/단위,,,,,,
쪽,단위,단위,수량/단위,,,,,,
줌,단위,단위,수량/단위,,,,,,
줄기,단위,단위,수량/단위,,,,,,
줄,단위,단위,수량/단위,,,,,,
주먹,단위,단위,수량/단위,,,,,,
종이컵,단위,단위,수량/단위,,,,,,
정도,단위,단위,수량/단위,,,,,,
절반,단위,단위,수량/단위,,,,,,
적당량,단위,단위,수량/단위,,,,,,
장,단위,단위,수량/단위,,,,,,
자밤,단위,단위,수량/단위,,,,,,
인분,단위,단위,수량/단위,,,,,,
약간,단위,단위,수량/단위,,,,,,
스틱,단위,단위,수량/단위,,,,,,
술,단위,단위,수량/단위,,,,,,
숟갈,단위,단위,수량/단위,,,,,,
숟가락,단위,단위,수량/단위,,,,,,
수저,단위,단위,수량/단위,,,,,,
소량,단위,단위,수량/단위,,,,,,
소금비율,단위,단위,수량/단위,,,,,,
뿌리,단위,단위,수량/단위,,,,,,
블록,단위,단위,수량/단위,,,,,,
분량,단위,단위,수량/단위,,,,,,
봉지,단위,단위,수량/단위,,,,,,
봉,단위,단위,수량/단위,,,,,,
방울,단위,단위,수량/단위,,,,,,
밥스푼,단위,단위,수량/단위,,,,,,
밥숟갈,단위,단위,수량/단위,,,,,,
밥숟가락,단위,단위,수량/단위,,,,,,
밥수저,단위,단위,수량/단위,,,,,,
박스,단위,단위,수량/단위,,,,,,
묶음,단위,단위,수량/단위,,,,,,
모,단위,단위,수량/단위,,,,,,
마리,단위,단위,수량/단위,,,,,,
리터,단위,단위,수량/단위,,,,,,
덩이,단위,단위,수량/단위,,,,,,
단,단위,단위,수량/단위,,,,,,
다량,단위,단위,수량/단위,,,,,,
근,단위,단위,수량/단위,,,,,,
그릇,단위,단위,수량/단위,,,,,,
그램,단위,단위,수량/단위,,,,,,
그람,단위,단위,수량/단위,,,,,,
공기,단위,단위,수량/단위,,,,,,
계량단위,단위,단위,수량/단위,,,,,,
계량기준,단위,단위,수량/단위,,,,,,
계랑스푼,단위,단위,수량/단위,,,,,,
개분량,단위,단위,수량/단위,,,,,,
가량,단위,단위,수량/단위,,,,,,
가닥,단위,단위,수량/단위,,,,,,
T스푼,단위,단위,수량/단위,,,,,,
tsp,단위,단위,수량/단위,,,,,,
Ts,단위,단위,수량/단위,,,,,,
teaspoon,단위,단위,수량/단위,,,,,,
Tbsp,단위,단위,수량/단위,,,,,,
Tbs,단위,단위,수량/단위,,,,,,
tablespoon,단위,단위,수량/단위,,,,,,
slice,단위,단위,수량/단위,,,,,,
Piece,단위,단위,수량/단위,,,,,,
ml,단위,단위,수량/단위,,,,,,
L,단위,단위,수량/단위,,,,,,
kg,단위,단위,수량/단위,,,,,,
half,단위,단위,수량/단위,,,,,,
gram,단위,단위,수량/단위,,,,,,
g,단위,단위,수량/단위,,,,,,
cube,단위,단위,수량/단위,,,,,,
cm,단위,단위,수량/단위,,,,,,
bottle,단위,단위,수량/단위,,,,,,
작은술,단위,단위,수량/단위,,,,,,
듬뿍,단위,단위,수량/단위,,,,,,
넉넉하게,단위,단위,수량/단위,,,,,,
계량스푼,단위,단위,수량/단위,,,,,,
슬라이스,단위,단위,수량/단위,,,,,,
꼬집,단위,단위,수량/단위,,,,,,
적게,단위,단위,수량/단위,,,,,,
약간씩,단위,단위,수량/단위,,,,,,
넉넉히,단위,단위,수량/단위,,,,,,
t,단위,단위,수량/단위,,,,,,
ml컵,단위,단위,수량/단위,,,,,,
미리,단위,단위,수량/단위,,,,,,
배라스푼,단위,단위,수량/단위,,,,,,
스푼,단위,단위,수량/단위,,,,,,
사이즈,단위,단위,수량/단위,,,,,,
계량컵,단위,단위,수량/단위,,,,,,
단위,단위,단위,수량/단위,,,,,,
조금,단위,단위,수량/단위,,,,,,
용기,단위,단위,수량/단위,,,,,,
반개,단위,단위,수량/단위,,,,,,
나머지,단위,단위,수량/단위,,,,,,
토막,단위,단위,수량/단위,,,,,,
한줌,단위,단위,수량/단위,,,,,,
접시,단위,단위,수량/단위,,,,,,
등분,단위,단위,수량/단위,,,,,,
더미,단위,단위,수량/단위,,,,,,
덩어리,단위,단위,수량/단위,,,,,,
일부,단위,단위,수량/단위,,,,,,
대용량,단위,단위,수량/단위,,,,,,
자투리,단위,단위,수량/단위,,,,,,
용량,단위,단위,수량/단위,,,,,,
왕창,단위,단위,수량/단위,,,,,,
센치,단위,단위,수량/단위,,,,,,
사발,단위,단위,수량/단위,,,,,,
인치,단위,단위,수량/단위,,,,,,
일정량,단위,단위,수량/단위,,,,,,
한줄기,단위,단위,수량/단위,,,,,,
소쿠리,단위,단위,수량/단위,,,,,,
마구마구,단위,단위,수량/단위,,,,,,
대량,단위,단위,수량/단위,,,,,,
cup,단위,단위,수량/단위,,,,,,
두께,단위,단위,수량/단위,,,,,,
굵기,단위,단위,수량/단위,,,,,,
한잔,단위,단위,수량/단위,,,,,,
마늘향,맛/식감/질감,맛/식감/질감,맛,,,,,,
향긋,맛/식감/질감,맛/식감/질감,맛,,,,,,
풍미,맛/식감/질감,맛/식감/질감,맛,,,,,,
톡쏘는,맛/식감/질감,맛/식감/질감,맛,,,,,,
텁텁,맛/식감/질감,맛/식감/질감,맛,,,,,,
커피향,맛/식감/질감,맛/식감/질감,맛,,,,,,
치즈맛도,맛/식감/질감,맛/식감/질감,맛,,,,,,
짭쪼롬,맛/식감/질감,맛/식감/질감,맛,,,,,,
짠맛,맛/식감/질감,맛/식감/질감,맛,,,,,,
자극적,맛/식감/질감,맛/식감/질감,맛,,,,,,
이국적,맛/식감/질감,맛/식감/질감,맛,,,,,,
얼큰하고,맛/식감/질감,맛/식감/질감,맛,,,,,,
얼큰,맛/식감/질감,맛/식감/질감,맛,,,,,,
아린,맛/식감/질감,맛/식감/질감,맛,,,,,,
쓴맛,맛/식감/질감,맛/식감/질감,맛,,,,,,
심심,맛/식감/질감,맛/식감/질감,맛,,,,,,
신맛,맛/식감/질감,맛/식감/질감,맛,,,,,,
슴슴,맛/식감/질감,맛/식감/질감,맛,,,,,,
순한맛,맛/식감/질감,맛/식감/질감,맛,,,,,,
숙성된,맛/식감/질감,맛/식감/질감,맛,,,,,,
새콤달콤,맛/식감/질감,맛/식감/질감,맛,,,,,,
새콤,맛/식감/질감,맛/식감/질감,맛,,,,,,
산뜻한,맛/식감/질감,맛/식감/질감,맛,,,,,,
비린내,맛/식감/질감,맛/식감/질감,맛,,,,,,
불향,맛/식감/질감,맛/식감/질감,맛,,,,,,
불맛,맛/식감/질감,맛/식감/질감,맛,,,,,,
밍밍한,맛/식감/질감,맛/식감/질감,맛,,,,,,
매콤달콤,맛/식감/질감,맛/식감/질감,맛,,,,,,
매콤,맛/식감/질감,맛/식감/질감,맛,,,,,,
매운맛,맛/식감/질감,맛/식감/질감,맛,,,,,,
매운,맛/식감/질감,맛/식감/질감,맛,,,,,,
딸기맛,맛/식감/질감,맛/식감/질감,맛,,,,,,
든든한,맛/식감/질감,맛/식감/질감,맛,,,,,,
담백,맛/식감/질감,맛/식감/질감,맛,,,,,,
달큰하고,맛/식감/질감,맛/식감/질감,맛,,,,,,
달콤하고,맛/식감/질감,맛/식감/질감,맛,,,,,,
달달,맛/식감/질감,맛/식감/질감,맛,,,,,,
단짠,맛/식감/질감,맛/식감/질감,맛,,,,,,
단맛,맛/식감/질감,맛/식감/질감,맛,,,,,,
느끼,맛/식감/질감,맛/식감/질감,맛,,,,,,
노릇,맛/식감/질감,맛/식감/질감,맛,,,,,,
꿀맛,맛/식감/질감,맛/식감/질감,맛,,,,,,
개운,맛/식감/질감,맛/식감/질감,맛,,,,,,
감칠맛,맛/식감/질감,맛/식감/질감,맛,,,,,,
바닐라맛,맛/식감/질감,맛/식감/질감,맛,,,,,,
사골맛,맛/식감/질감,맛/식감/질감,맛,,,,,,
초콜릿맛,맛/식감/질감,맛/식감/질감,맛,,,,,,
멸치맛,맛/식감/질감,맛/식감/질감,맛,,,,,,
레몬향,맛/식감/질감,맛/식감/질감,맛,,,,,,
조개맛,맛/식감/질감,맛/식감/질감,맛,,,,,,
고소,맛/식감/질감,맛/식감/질감,맛,,,,,,
시큼,맛/식감/질감,맛/식감/질감,맛,,,,,,
고소함,맛/식감/질감,맛/식감/질감,맛,,,,,,
구수,맛/식감/질감,맛/식감/질감,맛,,,,,,
매콤하니,맛/식감/질감,맛/식감/질감,맛,,,,,,
뒷맛,맛/식감/질감,맛/식감/질감,맛,,,,,,
떫은맛,맛/식감/질감,맛/식감/질감,맛,,,,,,
칼칼함이,맛/식감/질감,맛/식감/질감,식감,,,,,,
연한,맛/식감/질감,맛/식감/질감,식감,,,,,,
시원,맛/식감/질감,맛/식감/질감,식감,,,,,,
배부른,맛/식감/질감,맛/식감/질감,식감,,,,,,
맑은,맛/식감/질감,맛/식감/질감,식감,,,,,,
뜨끈한,맛/식감/질감,맛/식감/질감,식감,,,,,,
따뜻하고,맛/식감/질감,맛/식감/질감,식감,,,,,,
나른한,맛/식감/질감,맛/식감/질감,식감,,,,,,
깔끔하면서,맛/식감/질감,맛/식감/질감,식감,,,,,,
깔끔하고,맛/식감/질감,맛/식감/질감,식감,,,,,,
구수하고,맛/식감/질감,맛/식감/질감,식감,,,,,,
고소해요,맛/식감/질감,맛/식감/질감,식감,,,,,,
고소하니,맛/식감/질감,맛/식감/질감,식감,,,,,,
고급스런,맛/식감/질감,맛/식감/질감,식감,,,,,,
가벼운,맛/식감/질감,맛/식감/질감,식감,,,,,,
아삭아삭,맛/식감/질감,맛/식감/질감,식감,,,,,,
아작아작,맛/식감/질감,맛/식감/질감,식감,,,,,,
쫄깃하니,맛/식감/질감,맛/식감/질감,식감,,,,,,
사각,맛/식감/질감,맛/식감/질감,식감,,,,,,
푹신,맛/식감/질감,맛/식감/질감,질감,,,,,,
푸딩처럼,맛/식감/질감,맛/식감/질감,질감,,,,,,
폭신폭신,맛/식감/질감,맛/식감/질감,질감,,,,,,
포실포실한,맛/식감/질감,맛/식감/질감,질감,,,,,,
포슬포슬,맛/식감/질감,맛/식감/질감,질감,,,,,,
포근,맛/식감/질감,맛/식감/질감,질감,,,,,,
퍽퍽,맛/식감/질감,맛/식감/질감,질감,,,,,,
파사삭,맛/식감/질감,맛/식감/질감,질감,,,,,,
통통,맛/식감/질감,맛/식감/질감,질감,,,,,,
탱탱,맛/식감/질감,맛/식감/질감,질감,,,,,,
탱글,맛/식감/질감,맛/식감/질감,질감,,,,,,
크리스피,맛/식감/질감,맛/식감/질감,질감,,,,,,
크리미,맛/식감/질감,맛/식감/질감,질감,,,,,,
촉촉,맛/식감/질감,맛/식감/질감,질감,,,,,,
찰진,맛/식감/질감,맛/식감/질감,질감,,,,,,
쫄깃,맛/식감/질감,맛/식감/질감,질감,,,,,,
쫀쫀,맛/식감/질감,맛/식감/질감,질감,,,,,,
쫀득,맛/식감/질감,맛/식감/질감,질감,,,,,,
질긴,맛/식감/질감,맛/식감/질감,질감,,,,,,
질겨서,맛/식감/질감,맛/식감/질감,질감,,,,,,
오독오독,맛/식감/질감,맛/식감/질감,질감,,,,,,
오도독,맛/식감/질감,맛/식감/질감,질감,,,,,,
아삭,맛/식감/질감,맛/식감/질감,질감,,,,,,
사르르,맛/식감/질감,맛/식감/질감,질감,,,,,,
뻣뻣한,맛/식감/질감,맛/식감/질감,질감,,,,,,
빵빵한,맛/식감/질감,맛/식감/질감,질감,,,,,,
부들부들,맛/식감/질감,맛/식감/질감,질감,,,,,,
부드러운,맛/식감/질감,맛/식감/질감,질감,,,,,,
보들,맛/식감/질감,맛/식감/질감,질감,,,,,,
보드랍고,맛/식감/질감,맛/식감/질감,질감,,,,,,
바삭,맛/식감/질감,맛/식감/질감,질감,,,,,,
바사삭,맛/식감/질감,맛/식감/질감,질감,,,,,,
묽어짐,맛/식감/질감,맛/식감/질감,질감,,,,,,
물러지고,맛/식감/질감,맛/식감/질감,질감,,,,,,
무르거나,맛/식감/질감,맛/식감/질감,질감,,,,,,
몰캉,맛/식감/질감,맛/식감/질감,질감,,,,,,
말랑,맛/식감/질감,맛/식감/질감,질감,,,,,,
딱딱하니,맛/식감/질감,맛/식감/질감,질감,,,,,,
단단하고,맛/식감/질감,맛/식감/질감,질감,,,,,,
나박나박,맛/식감/질감,맛/식감/질감,질감,,,,,,
꾸덕,맛/식감/질감,맛/식감/질감,질감,,,,,,
꼬들,맛/식감/질감,맛/식감/질감,질감,,,,,,
고슬고슬,맛/식감/질감,맛/식감/질감,질감,,,,,,
겉바속촉,맛/식감/질감,맛/식감/질감,질감,,,,,,
걸쭉,맛/식감/질감,맛/식감/질감,질감,,,,,,
거친,맛/식감/질감,맛/식감/질감,질감,,,,,,
촉촉한,맛/식감/질감,맛/식감/질감,질감,,,,,,
쫄깃한,맛/식감/질감,맛/식감/질감,질감,,,,,,
바삭바삭,맛/식감/질감,맛/식감/질감,질감,,,,,,
피자,요리이름,요리명,요리명,,,,,,
푸딩,요리이름,요리명,요리명,,,,,,
카레,요리이름,요리명,요리명,,,,,,
청국장,요리이름,요리명,요리명,,,,,,
김치,요리이름,요리명,요리명,,,,,,
감자칩,요리이름,요리명,요리명,,,,,,
옥수수빵,요리이름,요리명,요리명,,,,,,
족발,요리이름,요리명,요리명,,,,,,
비빔면,요리이름,요리명,요리명,,,,,,
게장,요리이름,요리명,요리명,,,,,,
초콜릿케이크,요리이름,요리명,요리명,,,,,,
카프레제,요리이름,요리명,요리명,,,,,,
호박전,요리이름,요리명,요리명,,,,,,
햄버거,요리이름,요리명,요리명,,,,,,
해장국,요리이름,요리명,요리명,,,,,,
프렌치 토스트,요리이름,요리명,요리명,,,,,,
파전,요리이름,요리명,요리명,,,,,,
파스타,요리이름,요리명,요리명,,,,,,
티라미수,요리이름,요리명,요리명,,,,,,
토스트,요리이름,요리명,요리명,,,,,,
토마토달걀볶음,요리이름,요리명,요리명,,,,,,
탕수육,요리이름,요리명,요리명,,,,,,
콩나물무침,요리이름,요리명,요리명,,,,,,
콩나물국,요리이름,요리명,요리명,,,,,,
칼국수,요리이름,요리명,요리명,,,,,,
초밥,요리이름,요리명,요리명,,,,,,
청국장찌개,요리이름,요리명,요리명,,,,,,
찹스테이크,요리이름,요리명,요리명,,,,,,
참치샌드위치,요리이름,요리명,요리명,,,,,,
참치김밥,요리이름,요리명,요리명,,,,,,
찜닭,요리이름,요리명,요리명,,,,,,
쪽파김치,요리이름,요리명,요리명,,,,,,
짜장면,요리이름,요리명,요리명,,,,,,
진미채볶음,요리이름,요리명,요리명,,,,,,
주먹밥,요리이름,요리명,요리명,,,,,,
제육볶음,요리이름,요리명,요리명,,,,,,
전복죽,요리이름,요리명,요리명,,,,,,
장조림,요리이름,요리명,요리명,,,,,,
잡채,요리이름,요리명,요리명,,,,,,
잔치국수,요리이름,요리명,요리명,,,,,,
육전,요리이름,요리명,요리명,,,,,,
육개장,요리이름,요리명,요리명,,,,,,
월남쌈,요리이름,요리명,요리명,,,,,,
우엉조림,요리이름,요리명,요리명,,,,,,
오징어볶음,요리이름,요리명,요리명,,,,,,
오징어무국,요리이름,요리명,요리명,,,,,,
오이지무침,요리이름,요리명,요리명,,,,,,
오이무침,요리이름,요리명,요리명,,,,,,
오믈렛,요리이름,요리명,요리명,,,,,,
오므라이스,요리이름,요리명,요리명,,,,,,
열무물김치,요리이름,요리명,요리명,,,,,,
연근조림,요리이름,요리명,요리명,,,,,,
에그샌드위치,요리이름,요리명,요리명,,,,,,
양파장아찌,요리이름,요리명,요리명,,,,,,
약밥,요리이름,요리명,요리명,,,,,,
안동찜닭,요리이름,요리명,요리명,,,,,,
쌀국수,요리이름,요리명,요리명,,,,,,
스튜,요리이름,요리명,요리명,,,,,,
스크램블,요리이름,요리명,요리명,,,,,,
순두부찌개,요리이름,요리명,요리명,,,,,,
수육,요리이름,요리명,요리명,,,,,,
소불고기,요리이름,요리명,요리명,,,,,,
소고기미역국,요리이름,요리명,요리명,,,,,,
소고기뭇국,요리이름,요리명,요리명,,,,,,
설렁탕,요리이름,요리명,요리명,,,,,,
샤브샤브,요리이름,요리명,요리명,,,,,,
샐러드,요리이름,요리명,요리명,,,,,,
삼계탕,요리이름,요리명,요리명,,,,,,
삶은계란,요리이름,요리명,요리명,,,,,,
비빔밥,요리이름,요리명,요리명,,,,,,
비빔국수,요리이름,요리명,요리명,,,,,,
불고기,요리이름,요리명,요리명,,,,,,
북어국,요리이름,요리명,요리명,,,,,,
부침개,요리이름,요리명,요리명,,,,,,
부추전,요리이름,요리명,요리명,,,,,,
부추김치,요리이름,요리명,요리명,,,,,,
부대찌개,요리이름,요리명,요리명,,,,,,
볶음밥,요리이름,요리명,요리명,,,,,,
볶음김치,요리이름,요리명,요리명,,,,,,
보쌈,요리이름,요리명,요리명,,,,,,
백숙,요리이름,요리명,요리명,,,,,,
밥버거,요리이름,요리명,요리명,,,,,,
미역줄기볶음,요리이름,요리명,요리명,,,,,,
무생채,요리이름,요리명,요리명,,,,,,
무국,요리이름,요리명,요리명,,,,,,
멸치볶음,요리이름,요리명,요리명,,,,,,
메밀국수,요리이름,요리명,요리명,,,,,,
막국수,요리이름,요리명,요리명,,,,,,
마파두부,요리이름,요리명,요리명,,,,,,
떡볶이,요리이름,요리명,요리명,,,,,,
떡국,요리이름,요리명,요리명,,,,,,
딤섬,요리이름,요리명,요리명,,,,,,
두부찌개,요리이름,요리명,요리명,,,,,,
두부조림,요리이름,요리명,요리명,,,,,,
된장찌개,요리이름,요리명,요리명,,,,,,
돼지불고기,요리이름,요리명,요리명,,,,,,
동치미,요리이름,요리명,요리명,,,,,,
돈가스,요리이름,요리명,요리명,,,,,,
덮밥,요리이름,요리명,요리명,,,,,,
당근라페,요리이름,요리명,요리명,,,,,,
닭볶음탕,요리이름,요리명,요리명,,,,,,
닭꼬치,요리이름,요리명,요리명,,,,,,
닭강정,요리이름,요리명,요리명,,,,,,
냉면,요리이름,요리명,요리명,,,,,,
나박김치,요리이름,요리명,요리명,,,,,,
꽃게탕,요리이름,요리명,요리명,,,,,,
꼬마김밥,요리이름,요리명,요리명,,,,,,
깻잎무침,요리이름,요리명,요리명,,,,,,
깻잎김치,요리이름,요리명,요리명,,,,,,
깐풍기,요리이름,요리명,요리명,,,,,,
김치찌개,요리이름,요리명,요리명,,,,,,
김치전,요리이름,요리명,요리명,,,,,,
김치볶음밥,요리이름,요리명,요리명,,,,,,
김밥,요리이름,요리명,요리명,,,,,,
군만두,요리이름,요리명,요리명,,,,,,
곰탕,요리이름,요리명,요리명,,,,,,
골뱅이무침,요리이름,요리명,요리명,,,,,,
고추장찌개,요리이름,요리명,요리명,,,,,,
고추장불고기,요리이름,요리명,요리명,,,,,,
고로케,요리이름,요리명,요리명,,,,,,
고기완자,요리이름,요리명,요리명,,,,,,
계란찜,요리이름,요리명,요리명,,,,,,
계란볶음,요리이름,요리명,요리명,,,,,,
감자튀김,요리이름,요리명,요리명,,,,,,
감자조림,요리이름,요리명,요리명,,,,,,
감자볶음,요리이름,요리명,요리명,,,,,,
감자만두,요리이름,요리명,요리명,,,,,,
감자 샐러드,요리이름,요리명,요리명,,,,,,
감바스,요리이름,요리명,요리명,,,,,,
갈비탕,요리이름,요리명,요리명,,,,,,
갈비찜,요리이름,요리명,요리명,,,,,,
간장찜닭,요리이름,요리명,요리명,,,,,,
간장어묵볶음,요리이름,요리명,요리명,,,,,,
간장불고기,요리이름,요리명,요리명,,,,,,
간장닭볶음탕,요리이름,요리명,요리명,,,,,,
간장국수,요리이름,요리명,요리명,,,,,,
간장계란밥,요리이름,요리명,요리명,,,,,,
초콜릿 케이크,요리이름,요리명,요리명,,,,,,
초코쿠키,요리이름,요리명,요리명,,,,,,
초코케이크,요리이름,요리명,요리명,,,,,,
초코컵케이크,요리이름,요리명,요리명,,,,,,
초코아이스크림,요리이름,요리명,요리명,,,,,,
후토마끼,요리이름,요리명,요리명,,,,,,
후라이드치킨,요리이름,요리명,요리명,,,,,,
황태미역국,요리이름,요리명,요리명,,,,,,
황태국,요리이름,요리명,요리명,,,,,,
홈메이드,요리이름,요리명,요리명,,,,,,
호떡,요리이름,요리명,요리명,,,,,,
호두식빵,요리이름,요리명,요리명,,,,,,
햇마늘장아찌,요리이름,요리명,요리명,,,,,,
햄치즈토스트,요리이름,요리명,요리명,,,,,,
햄김치찌개,요리이름,요리명,요리명,,,,,,
해장라면,요리이름,요리명,요리명,,,,,,
해장,요리이름,요리명,요리명,,,,,,
해물탕,요리이름,요리명,요리명,,,,,,
해물밥,요리이름,요리명,요리명,,,,,,
해독주스,요리이름,요리명,요리명,,,,,,
핫케이크,요리이름,요리명,요리명,,,,,,
핫도그,요리이름,요리명,요리명,,,,,,
함박스테이크,요리이름,요리명,요리명,,,,,,
피코데가요,요리이름,요리명,요리명,,,,,,
프리타타,요리이름,요리명,요리명,,,,,,
프렌치토스트,요리이름,요리명,요리명,,,,,,
프라푸치노,요리이름,요리명,요리명,,,,,,
표고버섯볶음,요리이름,요리명,요리명,,,,,,
퐁듀,요리이름,요리명,요리명,,,,,,
폭탄계란찜,요리이름,요리명,요리명,,,,,,
포테이토칩,요리이름,요리명,요리명,,,,,,
포켓샌드위치,요리이름,요리명,요리명,,,,,,
펜네,요리이름,요리명,요리명,,,,,,
페이스트리,요리이름,요리명,요리명,,,,,,
팽이버섯전,요리이름,요리명,요리명,,,,,,
팽이버섯밥,요리이름,요리명,요리명,,,,,,
팬케이크,요리이름,요리명,요리명,,,,,,
팥빙수,요리이름,요리명,요리명,,,,,,
팟타이,요리이름,요리명,요리명,,,,,,
팝콘치킨,요리이름,요리명,요리명,,,,,,
파채무침,요리이름,요리명,요리명,,,,,,
파이,요리이름,요리명,요리명,,,,,,
파래무침,요리이름,요리명,요리명,,,,,,
파김치,요리이름,요리명,요리명,,,,,,
튀김,요리이름,요리명,요리명,,,,,,
투움바,요리이름,요리명,요리명,,,,,,
통삼겹바베큐,요리이름,요리명,요리명,,,,,,
통마늘장아찌,요리이름,요리명,요리명,,,,,,
토마토스프,요리이름,요리명,요리명,,,,,,
토마토스파게티,요리이름,요리명,요리명,,,,,,
토마토스튜,요리이름,요리명,요리명,,,,,,
토마토샐러드,요리이름,요리명,요리명,,,,,,
토마토라면,요리이름,요리명,요리명,,,,,,
토마토당근주스,요리이름,요리명,요리명,,,,,,
토마토계란볶음,요리이름,요리명,요리명,,,,,,
토란국,요리이름,요리명,요리명,,,,,,
토달볶,요리이름,요리명,요리명,,,,,,
텐동,요리이름,요리명,요리명,,,,,,
탕후루,요리이름,요리명,요리명,,,,,,
탄탄라면,요리이름,요리명,요리명,,,,,,
타코야끼,요리이름,요리명,요리명,,,,,,
타코,요리이름,요리명,요리명,,,,,,
타르트,요리이름,요리명,요리명,,,,,,
클램차우더,요리이름,요리명,요리명,,,,,,
크림파스타,요리이름,요리명,요리명,,,,,,
크림브륄레,요리이름,요리명,요리명,,,,,,
크로켓,요리이름,요리명,요리명,,,,,,
크래미전,요리이름,요리명,요리명,,,,,,
크래미오이무침,요리이름,요리명,요리명,,,,,,
퀘사디아,요리이름,요리명,요리명,,,,,,
쿠키슈,요리이름,요리명,요리명,,,,,,
콩튀김,요리이름,요리명,요리명,,,,,,
콩불,요리이름,요리명,요리명,,,,,,
콩나물해장국,요리이름,요리명,요리명,,,,,,
콩나물불고기,요리이름,요리명,요리명,,,,,,
콩나물밥,요리이름,요리명,요리명,,,,,,
콩나물국밥,요리이름,요리명,요리명,,,,,,
콩국수,요리이름,요리명,요리명,,,,,,
콜드브루,요리이름,요리명,요리명,,,,,,
콘치즈,요리이름,요리명,요리명,,,,,,
케익,요리이름,요리명,요리명,,,,,,
케이크,요리이름,요리명,요리명,,,,,,
컵케이크,요리이름,요리명,요리명,,,,,,
컬러푸드를,요리이름,요리명,요리명,,,,,,
커리를,요리이름,요리명,요리명,,,,,,
커리,요리이름,요리명,요리명,,,,,,
카스테라의,요리이름,요리명,요리명,,,,,,
카스테라가,요리이름,요리명,요리명,,,,,,
카스테라,요리이름,요리명,요리명,,,,,,
치킨퀘사디아,요리이름,요리명,요리명,,,,,,
치킨레시피,요리이름,요리명,요리명,,,,,,
치킨,요리이름,요리명,요리명,,,,,,
치즈토스트,요리이름,요리명,요리명,,,,,,
치즈케이크는,요리이름,요리명,요리명,,,,,,
치즈양배추전,요리이름,요리명,요리명,,,,,,
치즈빵,요리이름,요리명,요리명,,,,,,
치즈볼,요리이름,요리명,요리명,,,,,,
치즈까스,요리이름,요리명,요리명,,,,,,
치즈김밥,요리이름,요리명,요리명,,,,,,
치즈감자호떡,요리이름,요리명,요리명,,,,,,
치즈감자빵,요리이름,요리명,요리명,,,,,,
치즈 토스트,요리이름,요리명,요리명,,,,,,
치자단무지,요리이름,요리명,요리명,,,,,,
츄러스,요리이름,요리명,요리명,,,,,,
춘권,요리이름,요리명,요리명,,,,,,
추로스,요리이름,요리명,요리명,,,,,,
총각김치,요리이름,요리명,요리명,,,,,,
초무침,요리이름,요리명,요리명,,,,,,
초계라면,요리이름,요리명,요리명,,,,,,
초계국수,요리이름,요리명,요리명,,,,,,
청경채볶음,요리이름,요리명,요리명,,,,,,
채식만두,요리이름,요리명,요리명,,,,,,
채소찜,요리이름,요리명,요리명,,,,,,
채소전,요리이름,요리명,요리명,,,,,,
찹쌀떡,요리이름,요리명,요리명,,,,,,
참치전,요리이름,요리명,요리명,,,,,,
참치오이비빔밥,요리이름,요리명,요리명,,,,,,
참치쌈밥,요리이름,요리명,요리명,,,,,,
참치볶음밥,요리이름,요리명,요리명,,,,,,
참치무침,요리이름,요리명,요리명,,,,,,
참치마요주먹밥,요리이름,요리명,요리명,,,,,,
참치마요덮밥,요리이름,요리명,요리명,,,,,,
참치김치찌개,요리이름,요리명,요리명,,,,,,
참치김치볶음,요리이름,요리명,요리명,,,,,,
참치간장계란밥,요리이름,요리명,요리명,,,,,,
참외샐러드,요리이름,요리명,요리명,,,,,,
참나물무침,요리이름,요리명,요리명,,,,,,
찰떡,요리이름,요리명,요리명,,,,,,
차우더,요리이름,요리명,요리명,,,,,,
차돌박이냉이솥밥,요리이름,요리명,요리명,,,,,,
차돌된장찌개,요리이름,요리명,요리명,,,,,,
찐빵,요리이름,요리명,요리명,,,,,,
찐감자,요리이름,요리명,요리명,,,,,,
짬뽕,요리이름,요리명,요리명,,,,,,
짠지,요리이름,요리명,요리명,,,,,,
짜파구리,요리이름,요리명,요리명,,,,,,
짜장라면,요리이름,요리명,요리명,,,,,,
짜글이찌개,요리이름,요리명,요리명,,,,,,
진미채무침,요리이름,요리명,요리명,,,,,,
지중해식샐러드,요리이름,요리명,요리명,,,,,,
지단,요리이름,요리명,요리명,,,,,,
조개탕,요리이름,요리명,요리명,,,,,,
접어먹는김밥,요리이름,요리명,요리명,,,,,,
전복솥밥,요리이름,요리명,요리명,,,,,,
전복밥,요리이름,요리명,요리명,,,,,,
저염식,요리이름,요리명,요리명,,,,,,
저염김치,요리이름,요리명,요리명,,,,,,
저당밥,요리이름,요리명,요리명,,,,,,
장조림비빔밥,요리이름,요리명,요리명,,,,,,
장어구이,요리이름,요리명,요리명,,,,,,
잡채밥,요리이름,요리명,요리명,,,,,,
자반,요리이름,요리명,요리명,,,,,,
이삭토스트,요리이름,요리명,요리명,,,,,,
육회,요리이름,요리명,요리명,,,,,,
유부초밥,요리이름,요리명,요리명,,,,,,
유부김밥,요리이름,요리명,요리명,,,,,,
웨지감자,요리이름,요리명,요리명,,,,,,
우유떡,요리이름,요리명,요리명,,,,,,
우동,요리이름,요리명,요리명,,,,,,
완자,요리이름,요리명,요리명,,,,,,
와플,요리이름,요리명,요리명,,,,,,
옥수수전,요리이름,요리명,요리명,,,,,,
오트밀쿠키,요리이름,요리명,요리명,,,,,,
오트밀죽,요리이름,요리명,요리명,,,,,,
오코노미야키,요리이름,요리명,요리명,,,,,,
오코노미야끼,요리이름,요리명,요리명,,,,,,
오징어채볶음,요리이름,요리명,요리명,,,,,,
오징어짬뽕,요리이름,요리명,요리명,,,,,,
오일파스타,요리이름,요리명,요리명,,,,,,
오이참치비빔밥,요리이름,요리명,요리명,,,,,,
오이참치김밥,요리이름,요리명,요리명,,,,,,
오이절임,요리이름,요리명,요리명,,,,,,
오이샐러드,요리이름,요리명,요리명,,,,,,
오이샌드위치,요리이름,요리명,요리명,,,,,,
오이사과샐러드,요리이름,요리명,요리명,,,,,,
오이비빔밥,요리이름,요리명,요리명,,,,,,
오이물김치,요리이름,요리명,요리명,,,,,,
오이롤,요리이름,요리명,요리명,,,,,,
오이냉국,요리이름,요리명,요리명,,,,,,
오이나물,요리이름,요리명,요리명,,,,,,
오이김밥,요리이름,요리명,요리명,,,,,,
오삼불고기,요리이름,요리명,요리명,,,,,,
오뎅탕,요리이름,요리명,요리명,,,,,,
영양밥,요리이름,요리명,요리명,,,,,,
열무얼갈이김치,요리이름,요리명,요리명,,,,,,
열무비빔밥,요리이름,요리명,요리명,,,,,,
열무비빔국수,요리이름,요리명,요리명,,,,,,
열무김치말이국수,요리이름,요리명,요리명,,,,,,
열무김치,요리이름,요리명,요리명,,,,,,
열무국수,요리이름,요리명,요리명,,,,,,
연어포케,요리이름,요리명,요리명,,,,,,
연어초밥,요리이름,요리명,요리명,,,,,,
연어장,요리이름,요리명,요리명,,,,,,
연어월남쌈,요리이름,요리명,요리명,,,,,,
연어김밥,요리이름,요리명,요리명,,,,,,
에그푸딩,요리이름,요리명,요리명,,,,,,
에그타르트,요리이름,요리명,요리명,,,,,,
에그인헬,요리이름,요리명,요리명,,,,,,
에그마요,요리이름,요리명,요리명,,,,,,
어향가지,요리이름,요리명,요리명,,,,,,
어묵탕,요리이름,요리명,요리명,,,,,,
어묵전,요리이름,요리명,요리명,,,,,,
어묵잡채,요리이름,요리명,요리명,,,,,,
어묵볶음,요리이름,요리명,요리명,,,,,,
양파전,요리이름,요리명,요리명,,,,,,
양파스프,요리이름,요리명,요리명,,,,,,
양파수프,요리이름,요리명,요리명,,,,,,
양파볶음,요리이름,요리명,요리명,,,,,,
양파게티,요리이름,요리명,요리명,,,,,,
양파 수프,요리이름,요리명,요리명,,,,,,
양장피,요리이름,요리명,요리명,,,,,,
양송이스프,요리이름,요리명,요리명,,,,,,
양배추피자,요리이름,요리명,요리명,,,,,,
양배추토스트,요리이름,요리명,요리명,,,,,,
양배추전,요리이름,요리명,요리명,,,,,,
양배추쌈,요리이름,요리명,요리명,,,,,,
양배추샐러드,요리이름,요리명,요리명,,,,,,
양배추사과주스,요리이름,요리명,요리명,,,,,,
양배추비빔밥,요리이름,요리명,요리명,,,,,,
양배추볶음,요리이름,요리명,요리명,,,,,,
양배추물김치,요리이름,요리명,요리명,,,,,,
양배추무침,요리이름,요리명,요리명,,,,,,
양배추말이,요리이름,요리명,요리명,,,,,,
양배추만두,요리이름,요리명,요리명,,,,,,
양배추롤,요리이름,요리명,요리명,,,,,,
양배추라페,요리이름,요리명,요리명,,,,,,
양배추덮밥,요리이름,요리명,요리명,,,,,,
양배추나물,요리이름,요리명,요리명,,,,,,
양배추김밥,요리이름,요리명,요리명,,,,,,
양념치킨,요리이름,요리명,요리명,,,,,,
양념돼지갈비,요리이름,요리명,요리명,,,,,,
양념게장,요리이름,요리명,요리명,,,,,,
양념LA갈비,요리이름,요리명,요리명,,,,,,
양갱,요리이름,요리명,요리명,,,,,,
야채전,요리이름,요리명,요리명,,,,,,
야채빵,요리이름,요리명,요리명,,,,,,
야채볶음밥,요리이름,요리명,요리명,,,,,,
야채롤,요리이름,요리명,요리명,,,,,,
야끼소바,요리이름,요리명,요리명,,,,,,
애호박채전,요리이름,요리명,요리명,,,,,,
애호박찌개,요리이름,요리명,요리명,,,,,,
애호박전,요리이름,요리명,요리명,,,,,,
애호박볶음,요리이름,요리명,요리명,,,,,,
애호박무침,요리이름,요리명,요리명,,,,,,
애호박냉국수,요리이름,요리명,요리명,,,,,,
알리오올리오,요리이름,요리명,요리명,,,,,,
알리오,요리이름,요리명,요리명,,,,,,
알감자조림,요리이름,요리명,요리명,,,,,,
아이스크림,요리이름,요리명,요리명,,,,,,
아이스커피,요리이름,요리명,요리명,,,,,,
아욱된장국,요리이름,요리명,요리명,,,,,,
아사이볼,요리이름,요리명,요리명,,,,,,
아구찜,요리이름,요리명,요리명,,,,,,
쑥개떡,요리이름,요리명,요리명,,,,,,
쌈밥,요리이름,요리명,요리명,,,,,,
시금치된장국,요리이름,요리명,요리명,,,,,,
스프,요리이름,요리명,요리명,,,,,,
스팸무스비,요리이름,요리명,요리명,,,,,,
스팸마요덮밥,요리이름,요리명,요리명,,,,,,
스팸덮밥,요리이름,요리명,요리명,,,,,,
스팸깻잎전,요리이름,요리명,요리명,,,,,,
스팸김밥,요리이름,요리명,요리명,,,,,,
스팸감자조림,요리이름,요리명,요리명,,,,,,
스파게티,요리이름,요리명,요리명,,,,,,
스테이크,요리이름,요리명,요리명,,,,,,
스키야키,요리이름,요리명,요리명,,,,,,
스크램블 에그,요리이름,요리명,요리명,,,,,,
스콘,요리이름,요리명,요리명,,,,,,
스지사태수육,요리이름,요리명,요리명,,,,,,
스무디,요리이름,요리명,요리명,,,,,,
슈크림,요리이름,요리명,요리명,,,,,,
술빵,요리이름,요리명,요리명,,,,,,
순살뼈해장국,요리이름,요리명,요리명,,,,,,
순살게장,요리이름,요리명,요리명,,,,,,
순두부그라탕,요리이름,요리명,요리명,,,,,,
순대쫄면볶음,요리이름,요리명,요리명,,,,,,
순대볶음,요리이름,요리명,요리명,,,,,,
숙주볶음,요리이름,요리명,요리명,,,,,,
수플레오믈렛,요리이름,요리명,요리명,,,,,,
수플레,요리이름,요리명,요리명,,,,,,
수프,요리이름,요리명,요리명,,,,,,
수제비,요리이름,요리명,요리명,,,,,,
수육무침,요리이름,요리명,요리명,,,,,,
수박주스,요리이름,요리명,요리명,,,,,,
소시지케첩볶음,요리이름,요리명,요리명,,,,,,
소시지맛탕,요리이름,요리명,요리명,,,,,,
소세지야채볶음,요리이름,요리명,요리명,,,,,,
소바,요리이름,요리명,요리명,,,,,,
소금빵,요리이름,요리명,요리명,,,,,,
소고기장조림,요리이름,요리명,요리명,,,,,,
소고기볶음,요리이름,요리명,요리명,,,,,,
소고기무국,요리이름,요리명,요리명,,,,,,
소고기또띠아피자,요리이름,요리명,요리명,,,,,,
소고기된장찌개,요리이름,요리명,요리명,,,,,,
섞박지,요리이름,요리명,요리명,,,,,,
샹그리아,요리이름,요리명,요리명,,,,,,
샥슈카,요리이름,요리명,요리명,,,,,,
샤베트,요리이름,요리명,요리명,,,,,,
생채,요리이름,요리명,요리명,,,,,,
생선조림,요리이름,요리명,요리명,,,,,,
생선무조림,요리이름,요리명,요리명,,,,,,
생강레몬차,요리이름,요리명,요리명,,,,,,
샐러드김밥,요리이름,요리명,요리명,,,,,,
샌드쿠키,요리이름,요리명,요리명,,,,,,
샌드위치,요리이름,요리명,요리명,,,,,,
새우찌개,요리이름,요리명,요리명,,,,,,
새우전,요리이름,요리명,요리명,,,,,,
새우볼,요리이름,요리명,요리명,,,,,,
상투과자,요리이름,요리명,요리명,,,,,,
상추주스,요리이름,요리명,요리명,,,,,,
상추쌈밥,요리이름,요리명,요리명,,,,,,
상추비빔밥,요리이름,요리명,요리명,,,,,,
삼겹살볶음,요리이름,요리명,요리명,,,,,,
삼겹살김치말이찜,요리이름,요리명,요리명,,,,,,
삶은달걀,요리이름,요리명,요리명,,,,,,
산적김밥,요리이름,요리명,요리명,,,,,,
사천짜장,요리이름,요리명,요리명,,,,,,
사리곰탕,요리이름,요리명,요리명,,,,,,
사라다,요리이름,요리명,요리명,,,,,,
사과주스,요리이름,요리명,요리명,,,,,,
사과조림,요리이름,요리명,요리명,,,,,,
사과전,요리이름,요리명,요리명,,,,,,
빠에야,요리이름,요리명,요리명,,,,,,
빠스,요리이름,요리명,요리명,,,,,,
빙수,요리이름,요리명,요리명,,,,,,
비트주스,요리이름,요리명,요리명,,,,,,
비빔냉면,요리이름,요리명,요리명,,,,,,
비빔감자,요리이름,요리명,요리명,,,,,,
비건김치,요리이름,요리명,요리명,,,,,,
브리또,요리이름,요리명,요리명,,,,,,
브런치,요리이름,요리명,요리명,,,,,,
브라우니,요리이름,요리명,요리명,,,,,,
부침두부,요리이름,요리명,요리명,,,,,,
부추완자전,요리이름,요리명,요리명,,,,,,
부추오이무침,요리이름,요리명,요리명,,,,,,
부추비빔밥,요리이름,요리명,요리명,,,,,,
부추무침,요리이름,요리명,요리명,,,,,,
부시맨브레드,요리이름,요리명,요리명,,,,,,
부리토,요리이름,요리명,요리명,,,,,,
부리또,요리이름,요리명,요리명,,,,,,
봉골레,요리이름,요리명,요리명,,,,,,
볶음우동,요리이름,요리명,요리명,,,,,,
볶음쌀국수,요리이름,요리명,요리명,,,,,,
볶음라면,요리이름,요리명,요리명,,,,,,
볶은김치,요리이름,요리명,요리명,,,,,,
보양식,요리이름,요리명,요리명,,,,,,
베이글,요리이름,요리명,요리명,,,,,,
버터장조림,요리이름,요리명,요리명,,,,,,
버터 쿠키,요리이름,요리명,요리명,,,,,,
버터 치킨,요리이름,요리명,요리명,,,,,,
버거,요리이름,요리명,요리명,,,,,,
백설기,요리이름,요리명,요리명,,,,,,
백김치,요리이름,요리명,요리명,,,,,,
배추찜,요리이름,요리명,요리명,,,,,,
배추전,요리이름,요리명,요리명,,,,,,
배추만두,요리이름,요리명,요리명,,,,,,
배추된장국,요리이름,요리명,요리명,,,,,,
배추김치,요리이름,요리명,요리명,,,,,,
배추국,요리이름,요리명,요리명,,,,,,
밥전,요리이름,요리명,요리명,,,,,,
밥없는김밥,요리이름,요리명,요리명,,,,,,
밥만두,요리이름,요리명,요리명,,,,,,
밥도그,요리이름,요리명,요리명,,,,,,
바지락해장국,요리이름,요리명,요리명,,,,,,
바지락볶음,요리이름,요리명,요리명,,,,,,
바베큐,요리이름,요리명,요리명,,,,,,
바닐라 아이스크림,요리이름,요리명,요리명,,,,,,
바나나토스트,요리이름,요리명,요리명,,,,,,
바나나브레드,요리이름,요리명,요리명,,,,,,
밀크티,요리이름,요리명,요리명,,,,,,
미역초무침,요리이름,요리명,요리명,,,,,,
미역전,요리이름,요리명,요리명,,,,,,
미역오이냉국,요리이름,요리명,요리명,,,,,,
미역냉국,요리이름,요리명,요리명,,,,,,
미역국,요리이름,요리명,요리명,,,,,,
물만두,요리이름,요리명,요리명,,,,,,
물김치,요리이름,요리명,요리명,,,,,,
묵은지된장지짐,요리이름,요리명,요리명,,,,,,
묵은지김밥,요리이름,요리명,요리명,,,,,,
무조림,요리이름,요리명,요리명,,,,,,
무절임,요리이름,요리명,요리명,,,,,,
무생채김치,요리이름,요리명,요리명,,,,,,
무나물,요리이름,요리명,요리명,,,,,,
무김치,요리이름,요리명,요리명,,,,,,
목살조림,요리이름,요리명,요리명,,,,,,
모카번,요리이름,요리명,요리명,,,,,,
모닝빵샌드위치,요리이름,요리명,요리명,,,,,,
명절음식,요리이름,요리명,요리명,,,,,,
명절나물,요리이름,요리명,요리명,,,,,,
명란파스타,요리이름,요리명,요리명,,,,,,
멸치코인육수,요리이름,요리명,요리명,,,,,,
멸치칼국수,요리이름,요리명,요리명,,,,,,
멸치부추볶음,요리이름,요리명,요리명,,,,,,
멸치무침,요리이름,요리명,요리명,,,,,,
멸치깻잎찜,요리이름,요리명,요리명,,,,,,
멘보샤,요리이름,요리명,요리명,,,,,,
메추리알장조림,요리이름,요리명,요리명,,,,,,
메밀소바,요리이름,요리명,요리명,,,,,,
멍게비빔밥,요리이름,요리명,요리명,,,,,,
머핀,요리이름,요리명,요리명,,,,,,
매운탕,요리이름,요리명,요리명,,,,,,
매운돼지갈비찜,요리이름,요리명,요리명,,,,,,
매운갈비찜,요리이름,요리명,요리명,,,,,,
매실장아찌,요리이름,요리명,요리명,,,,,,
맛탕,요리이름,요리명,요리명,,,,,,
맛김치,요리이름,요리명,요리명,,,,,,
만두전골,요리이름,요리명,요리명,,,,,,
막라면,요리이름,요리명,요리명,,,,,,
막김밥,요리이름,요리명,요리명,,,,,,
막걸리안주,요리이름,요리명,요리명,,,,,,
막걸리빵,요리이름,요리명,요리명,,,,,,
마약토스트,요리이름,요리명,요리명,,,,,,
마라탕,요리이름,요리명,요리명,,,,,,
마라샹궈,요리이름,요리명,요리명,,,,,,
마라감자,요리이름,요리명,요리명,,,,,,
마들렌,요리이름,요리명,요리명,,,,,,
마늘치즈빵,요리이름,요리명,요리명,,,,,,
마늘쫑조림,요리이름,요리명,요리명,,,,,,
마늘쫑장아찌,요리이름,요리명,요리명,,,,,,
마늘쫑새우볶음,요리이름,요리명,요리명,,,,,,
마늘쫑볶음,요리이름,요리명,요리명,,,,,,
마늘쫑무침,요리이름,요리명,요리명,,,,,,
마늘쫑고추장무침,요리이름,요리명,요리명,,,,,,
마늘종볶음,요리이름,요리명,요리명,,,,,,
마늘빵,요리이름,요리명,요리명,,,,,,
리조또,요리이름,요리명,요리명,,,,,,
롤케이크,요리이름,요리명,요리명,,,,,,
로제파스타,요리이름,요리명,요리명,,,,,,
로스트치킨,요리이름,요리명,요리명,,,,,,
로스트감자,요리이름,요리명,요리명,,,,,,
라페,요리이름,요리명,요리명,,,,,,
라멘,요리이름,요리명,요리명,,,,,,
또띠아피자,요리이름,요리명,요리명,,,,,,
또띠아롤,요리이름,요리명,요리명,,,,,,
떡꼬치,요리이름,요리명,요리명,,,,,,
땡초김밥,요리이름,요리명,요리명,,,,,,
땅콩조림,요리이름,요리명,요리명,,,,,,
딸기우유떡,요리이름,요리명,요리명,,,,,,
딸기생크림샌드위치,요리이름,요리명,요리명,,,,,,
디저트,요리이름,요리명,요리명,,,,,,
등갈비찜,요리이름,요리명,요리명,,,,,,
들깨무침,요리이름,요리명,요리명,,,,,,
들기름김치찜,요리이름,요리명,요리명,,,,,,
들기름국수,요리이름,요리명,요리명,,,,,,
두유라떼,요리이름,요리명,요리명,,,,,,
두부튀김,요리이름,요리명,요리명,,,,,,
두부참치전,요리이름,요리명,요리명,,,,,,
두부찜,요리이름,요리명,요리명,,,,,,
두부짜글이,요리이름,요리명,요리명,,,,,,
두부전,요리이름,요리명,요리명,,,,,,
두부유부초밥,요리이름,요리명,요리명,,,,,,
두부부침,요리이름,요리명,요리명,,,,,,
두부볶음,요리이름,요리명,요리명,,,,,,
두부밥,요리이름,요리명,요리명,,,,,,
두부반찬,요리이름,요리명,요리명,,,,,,
두부달걀볶음밥,요리이름,요리명,요리명,,,,,,
두부김밥,요리이름,요리명,요리명,,,,,,
두부구이,요리이름,요리명,요리명,,,,,,
두부계란부침,요리이름,요리명,요리명,,,,,,
두부계란,요리이름,요리명,요리명,,,,,,
두부강정,요리이름,요리명,요리명,,,,,,
두루치기,요리이름,요리명,요리명,,,,,,
된장무침,요리이름,요리명,요리명,,,,,,
된장국,요리이름,요리명,요리명,,,,,,
돼지불백,요리이름,요리명,요리명,,,,,,
돼지등갈비튀김,요리이름,요리명,요리명,,,,,,
돼지고기김치찌개,요리이름,요리명,요리명,,,,,,
돼지갈비찜,요리이름,요리명,요리명,,,,,,
동태전,요리이름,요리명,요리명,,,,,,
돌마,요리이름,요리명,요리명,,,,,,
돈까스,요리이름,요리명,요리명,,,,,,
도토리묵사발,요리이름,요리명,요리명,,,,,,
도토리묵밥,요리이름,요리명,요리명,,,,,,
도토리묵무침,요리이름,요리명,요리명,,,,,,
도너츠,요리이름,요리명,요리명,,,,,,
대파크림파스타,요리이름,요리명,요리명,,,,,,
대왕김밥,요리이름,요리명,요리명,,,,,,
대구탕,요리이름,요리명,요리명,,,,,,
대구뽈찜,요리이름,요리명,요리명,,,,,,
당근양배추라페,요리이름,요리명,요리명,,,,,,
당근샐러드,요리이름,요리명,요리명,,,,,,
당근볶음,요리이름,요리명,요리명,,,,,,
당근또띠아,요리이름,요리명,요리명,,,,,,
닭한마리,요리이름,요리명,요리명,,,,,,
닭백숙,요리이름,요리명,요리명,,,,,,
닭도리탕,요리이름,요리명,요리명,,,,,,
닭개장,요리이름,요리명,요리명,,,,,,
닭갈비,요리이름,요리명,요리명,,,,,,
달고나커피,요리이름,요리명,요리명,,,,,,
달고나라떼,요리이름,요리명,요리명,,,,,,
달고나,요리이름,요리명,요리명,,,,,,
달걀찜,요리이름,요리명,요리명,,,,,,
달걀조림,요리이름,요리명,요리명,,,,,,
달걀쌈장,요리이름,요리명,요리명,,,,,,
달걀볶음밥,요리이름,요리명,요리명,,,,,,
달걀볶음,요리이름,요리명,요리명,,,,,,
달걀밥,요리이름,요리명,요리명,,,,,,
달걀만두,요리이름,요리명,요리명,,,,,,
단무지무침,요리이름,요리명,요리명,,,,,,
다이어트김밥,요리이름,요리명,요리명,,,,,,
능이버섯백숙,요리이름,요리명,요리명,,,,,,
느타리버섯전,요리이름,요리명,요리명,,,,,,
느타리버섯볶음,요리이름,요리명,요리명,,,,,,
누룽지,요리이름,요리명,요리명,,,,,,
뇨끼,요리이름,요리명,요리명,,,,,,
녹두전,요리이름,요리명,요리명,,,,,,
녹두빈대떡,요리이름,요리명,요리명,,,,,,
노오븐케이크,요리이름,요리명,요리명,,,,,,
노각무침,요리이름,요리명,요리명,,,,,,
네모김밥,요리이름,요리명,요리명,,,,,,
냉채,요리이름,요리명,요리명,,,,,,
냉우동,요리이름,요리명,요리명,,,,,,
냉모밀,요리이름,요리명,요리명,,,,,,
냉라면,요리이름,요리명,요리명,,,,,,
냉국수,요리이름,요리명,요리명,,,,,,
냉국,요리이름,요리명,요리명,,,,,,
납작만두,요리이름,요리명,요리명,,,,,,
나폴리탄,요리이름,요리명,요리명,,,,,,
나물비빔밥,요리이름,요리명,요리명,,,,,,
나물반찬,요리이름,요리명,요리명,,,,,,
나물무침,요리이름,요리명,요리명,,,,,,
꽈배기,요리이름,요리명,요리명,,,,,,
꽈리고추찜,요리이름,요리명,요리명,,,,,,
꽃빵,요리이름,요리명,요리명,,,,,,
꼬치어묵탕,요리이름,요리명,요리명,,,,,,
꼬막무침,요리이름,요리명,요리명,,,,,,
깻잎찜,요리이름,요리명,요리명,,,,,,
깻잎전,요리이름,요리명,요리명,,,,,,
깻잎장아찌,요리이름,요리명,요리명,,,,,,
깜빠뉴,요리이름,요리명,요리명,,,,,,
깍두기,요리이름,요리명,요리명,,,,,,
김칫국,요리이름,요리명,요리명,,,,,,
김치찜,요리이름,요리명,요리명,,,,,,
김치우동,요리이름,요리명,요리명,,,,,,
김치비빔국수,요리이름,요리명,요리명,,,,,,
김치부침개,요리이름,요리명,요리명,,,,,,
김치볶음밥김밥,요리이름,요리명,요리명,,,,,,
김치볶음,요리이름,요리명,요리명,,,,,,
김치밥,요리이름,요리명,요리명,,,,,,
김치말이국수,요리이름,요리명,요리명,,,,,,
김치만두,요리이름,요리명,요리명,,,,,,
김치김밥,요리이름,요리명,요리명,,,,,,
김치국,요리이름,요리명,요리명,,,,,,
김무침,요리이름,요리명,요리명,,,,,,
길거리토스트,요리이름,요리명,요리명,,,,,,
길거리음식,요리이름,요리명,요리명,,,,,,
기절김밥,요리이름,요리명,요리명,,,,,,
그릴드치즈토스트,요리이름,요리명,요리명,,,,,,
그린스무디,요리이름,요리명,요리명,,,,,,
그라탱,요리이름,요리명,요리명,,,,,,
그라탕,요리이름,요리명,요리명,,,,,,
궁중떡볶이,요리이름,요리명,요리명,,,,,,
굴짬뽕,요리이름,요리명,요리명,,,,,,
굴전,요리이름,요리명,요리명,,,,,,
군고구마,요리이름,요리명,요리명,,,,,,
국밥,요리이름,요리명,요리명,,,,,,
국물떡볶이,요리이름,요리명,요리명,,,,,,
구황작물빵,요리이름,요리명,요리명,,,,,,
구운채소카레,요리이름,요리명,요리명,,,,,,
과카몰리,요리이름,요리명,요리명,,,,,,
공심채볶음,요리이름,요리명,요리명,,,,,,
공갈빵,요리이름,요리명,요리명,,,,,,
곱창전골,요리이름,요리명,요리명,,,,,,
곰국,요리이름,요리명,요리명,,,,,,
곤약밥,요리이름,요리명,요리명,,,,,,
고추참치덮밥,요리이름,요리명,요리명,,,,,,
고추찜,요리이름,요리명,요리명,,,,,,
고추장무침,요리이름,요리명,요리명,,,,,,
고추잡채,요리이름,요리명,요리명,,,,,,
고사리나물,요리이름,요리명,요리명,,,,,,
고등어무조림,요리이름,요리명,요리명,,,,,,
고등어감자조림,요리이름,요리명,요리명,,,,,,
고들빼기김치,요리이름,요리명,요리명,,,,,,
고기반찬,요리이름,요리명,요리명,,,,,,
고구마피자,요리이름,요리명,요리명,,,,,,
고구마스틱,요리이름,요리명,요리명,,,,,,
고구마빵,요리이름,요리명,요리명,,,,,,
고구마무스,요리이름,요리명,요리명,,,,,,
계란폭탄김밥,요리이름,요리명,요리명,,,,,,
계란토스트,요리이름,요리명,요리명,,,,,,
계란탕,요리이름,요리명,요리명,,,,,,
계란카츠,요리이름,요리명,요리명,,,,,,
계란초밥,요리이름,요리명,요리명,,,,,,
계란찜전자레인지,요리이름,요리명,요리명,,,,,,
계란전,요리이름,요리명,요리명,,,,,,
계란장조림,요리이름,요리명,요리명,,,,,,
계란장,요리이름,요리명,요리명,,,,,,
계란샌드위치,요리이름,요리명,요리명,,,,,,
계란빵,요리이름,요리명,요리명,,,,,,
계란볶음밥,요리이름,요리명,요리명,,,,,,
계란밥,요리이름,요리명,요리명,,,,,,
계란몽둥이김밥,요리이름,요리명,요리명,,,,,,
계란말이김밥,요리이름,요리명,요리명,,,,,,
계란말이,요리이름,요리명,요리명,,,,,,
계란만두,요리이름,요리명,요리명,,,,,,
계란두부,요리이름,요리명,요리명,,,,,,
계란김밥,요리이름,요리명,요리명,,,,,,
계란국,요리이름,요리명,요리명,,,,,,
견과류쿠키,요리이름,요리명,요리명,,,,,,
건강주스,요리이름,요리명,요리명,,,,,,
건강음식,요리이름,요리명,요리명,,,,,,
개떡,요리이름,요리명,요리명,,,,,,
강정,요리이름,요리명,요리명,,,,,,
감자호떡,요리이름,요리명,요리명,,,,,,
감자피자,요리이름,요리명,요리명,,,,,,
감자털털이,요리이름,요리명,요리명,,,,,,
감자찌개,요리이름,요리명,요리명,,,,,,
감자조림레시피,요리이름,요리명,요리명,,,,,,
감자전,요리이름,요리명,요리명,,,,,,
감자스프,요리이름,요리명,요리명,,,,,,
감자샐러드,요리이름,요리명,요리명,,,,,,
감자빵,요리이름,요리명,요리명,,,,,,
감자범벅,요리이름,요리명,요리명,,,,,,
감자버터오븐구이,요리이름,요리명,요리명,,,,,,
감자링,요리이름,요리명,요리명,,,,,,
감자국,요리이름,요리명,요리명,,,,,,
감자고로케,요리이름,요리명,요리명,,,,,,
감자계란샐러드,요리이름,요리명,요리명,,,,,,
감자계란샌드위치,요리이름,요리명,요리명,,,,,,
감자 튀김,요리이름,요리명,요리명,,,,,,
갈치조림,요리이름,요리명,요리명,,,,,,
갈릭치즈토스트,요리이름,요리명,요리명,,,,,,
갈릭치즈,요리이름,요리명,요리명,,,,,,
간장조림,요리이름,요리명,요리명,,,,,,
간장제육,요리이름,요리명,요리명,,,,,,
간장비빔국수,요리이름,요리명,요리명,,,,,,
간장마늘쫑장아찌,요리이름,요리명,요리명,,,,,,
간장떡볶이,요리이름,요리명,요리명,,,,,,
간장게장,요리이름,요리명,요리명,,,,,,
간장감자조림,요리이름,요리명,요리명,,,,,,
간식만들기,요리이름,요리명,요리명,,,,,,
간단반찬,요리이름,요리명,요리명,,,,,,
가지찜,요리이름,요리명,요리명,,,,,,
가지조림,요리이름,요리명,요리명,,,,,,
가지절임,요리이름,요리명,요리명,,,,,,
가지볶음,요리이름,요리명,요리명,,,,,,
가지밥,요리이름,요리명,요리명,,,,,,
가지반찬,요리이름,요리명,요리명,,,,,,
가지무침,요리이름,요리명,요리명,,,,,,
가지덮밥,요리이름,요리명,요리명,,,,,,
가지나물무침,요리이름,요리명,요리명,,,,,,
가지나물,요리이름,요리명,요리명,,,,,,
가지고추장구이,요리이름,요리명,요리명,,,,,,
ABC쥬스,요리이름,요리명,요리명,,,,,,
얼갈이김치,요리이름,요리명,요리명,,,,,,
피클,요리이름,요리명,요리명,,,,,,
절임무,요리이름,요리명,요리명,,,,,,
마늘장아찌,요리이름,요리명,요리명,,,,,,
미트소스 스파게티,요리이름,요리명,요리명,,,,,,
포도푸딩,요리이름,요리명,요리명,,,,,,
유부 초밥,요리이름,요리명,요리명,,,,,,
총각 김치,요리이름,요리명,요리명,,,,,,
치즈오믈렛,요리이름,요리명,요리명,,,,,,
고등어구이,요리이름,요리명,요리명,,,,,,
달걀말이,요리이름,요리명,요리명,,,,,,
연근 조림,요리이름,요리명,요리명,,,,,,
연잎밥,요리이름,요리명,요리명,,,,,,
잔멸치볶음,요리이름,요리명,요리명,,,,,,
과일잼설기,요리이름,요리명,요리명,,,,,,
소고기동그랑땡,요리이름,요리명,요리명,,,,,,
초코도넛,요리이름,요리명,요리명,,,,,,
크림 크로켓,요리이름,요리명,요리명,,,,,,
만주,요리이름,요리명,요리명,,,,,,
갈비산적,요리이름,요리명,요리명,,,,,,
소프트 아이스크림,요리이름,요리명,요리명,,,,,,
두부동그랑땡,요리이름,요리명,요리명,,,,,,
쑥바람떡,요리이름,요리명,요리명,,,,,,
감자옹심이,요리이름,요리명,요리명,,,,,,
생크림와플,요리이름,요리명,요리명,,,,,,
감자 크로켓,요리이름,요리명,요리명,,,,,,
갈비만두,요리이름,요리명,요리명,,,,,,
김치 만두,요리이름,요리명,요리명,,,,,,
무쌈,요리이름,요리명,요리명,,,,,,
수수부꾸미,요리이름,요리명,요리명,,,,,,
쌀엿강정,요리이름,요리명,요리명,,,,,,
옥수수 스프,요리이름,요리명,요리명,,,,,,
치즈버거,요리이름,요리명,요리명,,,,,,
크림치즈프레즐,요리이름,요리명,요리명,,,,,,
티라미수케이크,요리이름,요리명,요리명,,,,,,
단팥빵,요리이름,요리명,요리명,,,,,,
해물볶음밥,요리이름,요리명,요리명,,,,,,
하이라이스,요리이름,요리명,요리명,,,,,,
바비큐폭립,요리이름,요리명,요리명,,,,,,
소고기 스프,요리이름,요리명,요리명,,,,,,
크림 스프,요리이름,요리명,요리명,,,,,,
스펀지 케이크,요리이름,요리명,요리명,,,,,,
눈꽃치킨,요리이름,요리명,요리명,,,,,,
두부가스,요리이름,요리명,요리명,,,,,,
스크램블에그,요리이름,요리명,요리명,,,,,,
고구마샐러드,요리이름,요리명,요리명,,,,,,
닭다리튀김,요리이름,요리명,요리명,,,,,,
녹두전/반죽,요리이름,요리명,요리명,,,,,,
블루베리치즈케이크,요리이름,요리명,요리명,,,,,,
오징어튀김,요리이름,요리명,요리명,,,,,,
감자수프,요리이름,요리명,요리명,,,,,,
고구마맛탕,요리이름,요리명,요리명,,,,,,
옥수수 샐러드,요리이름,요리명,요리명,,,,,,
단호박샐러드,요리이름,요리명,요리명,,,,,,
데친것,요리이름,요리명,요리명,,,,,,
디저트용,요리이름,요리명,요리명,,,,,,
새우 볶음밥,요리이름,요리명,요리명,,,,,,
멸치 볶음,요리이름,요리명,요리명,,,,,,
무말랭이 무침,요리이름,요리명,요리명,,,,,,
코울슬로,요리이름,요리명,요리명,,,,,,
고구마튀김,요리이름,요리명,요리명,,,,,,
새우딤섬,요리이름,요리명,요리명,,,,,,
쇠고기샌드위치,요리이름,요리명,요리명,,,,,,
쇠고기장조림,요리이름,요리명,요리명,,,,,,
수란,요리이름,요리명,요리명,,,,,,
수수떡,요리이름,요리명,요리명,,,,,,
양파 장아찌,요리이름,요리명,요리명,,,,,,
열무 물김치,요리이름,요리명,요리명,,,,,,
우리밀미트스파게티,요리이름,요리명,요리명,,,,,,
우리밀자장면,요리이름,요리명,요리명,,,,,,
포크커틀릿,요리이름,요리명,요리명,,,,,,
프루트샐러드,요리이름,요리명,요리명,,,,,,
약식,요리이름,요리명,요리명,,,,,,
인절미,요리이름,요리명,요리명,,,,,,
카스텔라경단,요리이름,요리명,요리명,,,,,,
양송이 스프,요리이름,요리명,요리명,,,,,,
스크램블드에그,요리이름,요리명,요리명,,,,,,
초코타르트,요리이름,요리명,요리명,,,,,,
핫도그빵,요리이름,요리명,요리명,,,,,,
햄치즈샌드위치,요리이름,요리명,요리명,,,,,,
감자뇨끼,요리이름,요리명,요리명,,,,,,
쌀찐빵,요리이름,요리명,요리명,,,,,,
피칸파이,요리이름,요리명,요리명,,,,,,
커피마카롱,요리이름,요리명,요리명,,,,,,
코울슬로우,요리이름,요리명,요리명,,,,,,
과일케이크,요리이름,요리명,요리명,,,,,,
바비큐치킨,요리이름,요리명,요리명,,,,,,
베이컨감자피자,요리이름,요리명,요리명,,,,,,
붕어빵,요리이름,요리명,요리명,,,,,,
비빔라면,요리이름,요리명,요리명,,,,,,
어두부전,요리이름,요리명,요리명,,,,,,
죽,요리이름,요리명,요리명,,,,,,
찹쌀호떡,요리이름,요리명,요리명,,,,,,
채소튀김,요리이름,요리명,요리명,,,,,,
피자군만두,요리이름,요리명,요리명,,,,,,
깨송편,요리이름,요리명,요리명,,,,,,
감자말이새우튀김,요리이름,요리명,요리명,,,,,,
콤비네이션피자,요리이름,요리명,요리명,,,,,,
으깬감자,요리이름,요리명,요리명,,,,,,
치즈피자,요리이름,요리명,요리명,,,,,,
치킨가스,요리이름,요리명,요리명,,,,,,
치킨피자,요리이름,요리명,요리명,,,,,,
탕수육/칼슘강화,요리이름,요리명,요리명,,,,,,
유채 물김치,요리이름,요리명,요리명,,,,,,
녹두 빈대떡,요리이름,요리명,요리명,,,,,,
오이소박이,요리이름,요리명,요리명,,,,,,
돈저냐,요리이름,요리명,요리명,,,,,,
새우가스,요리이름,요리명,요리명,,,,,,
무말랭이무침,요리이름,요리명,요리명,,,,,,
치즈핫도그,요리이름,요리명,요리명,,,,,,
치킨텐더,요리이름,요리명,요리명,,,,,,
돼지고기장조림,요리이름,요리명,요리명,,,,,,
오리불고기,요리이름,요리명,요리명,,,,,,
콤비네이션 피자,요리이름,요리명,요리명,,,,,,
대구살튀김,요리이름,요리명,요리명,,,,,,
돼지고기동그랑땡,요리이름,요리명,요리명,,,,,,
두부스테이크,요리이름,요리명,요리명,,,,,,
맛있게튀겨진유부초밥,요리이름,요리명,요리명,,,,,,
연어스테이크,요리이름,요리명,요리명,,,,,,
고기 만두,요리이름,요리명,요리명,,,,,,
생선가스,요리이름,요리명,요리명,,,,,,
오리스테이크,요리이름,요리명,요리명,,,,,,
새우튀김,요리이름,요리명,요리명,,,,,,
감자치즈크로켓,요리이름,요리명,요리명,,,,,,
감자크로켓,요리이름,요리명,요리명,,,,,,
해물전,요리이름,요리명,요리명,,,,,,
대구 튀김,요리이름,요리명,요리명,,,,,,
오징어채 볶음,요리이름,요리명,요리명,,,,,,
새우만두,요리이름,요리명,요리명,,,,,,
매쉬드포테이토,요리이름,요리명,요리명,,,,,,
고추잡채김말이,요리이름,요리명,요리명,,,,,,
페퍼로니피자,요리이름,요리명,요리명,,,,,,
채소고기말이,요리이름,요리명,요리명,,,,,,
햄버그스테이크,요리이름,요리명,요리명,,,,,,
동그랑땡,요리이름,요리명,요리명,,,,,,
불고기 피자,요리이름,요리명,요리명,,,,,,
새우 볶음,요리이름,요리명,요리명,,,,,,
피자오믈렛,요리이름,요리명,요리명,,,,,,
멸치풋고추볶음,요리이름,요리명,요리명,,,,,,
한우고기곰탕,요리이름,요리명,요리명,,,,,,
김치메밀전병,요리이름,요리명,요리명,,,,,,
참치김치삼각김밥,요리이름,요리명,요리명,,,,,,
잡채만두,요리이름,요리명,요리명,,,,,,
새우탕수육,요리이름,요리명,요리명,,,,,,
오징어가스,요리이름,요리명,요리명,,,,,,
치즈돈가스,요리이름,요리명,요리명,,,,,,
고구마햄버그스테이크,요리이름,요리명,요리명,,,,,,
치즈너겟,요리이름,요리명,요리명,,,,,,
찹쌀수제비,요리이름,요리명,요리명,,,,,,
닭고기완자,요리이름,요리명,요리명,,,,,,
고기말이,요리이름,요리명,요리명,,,,,,
고기만두,요리이름,요리명,요리명,,,,,,
닭고기볶음밥,요리이름,요리명,요리명,,,,,,
양배추 샐러드,요리이름,요리명,요리명,,,,,,
꼬치고기,요리이름,요리명,요리명,,,,,,
왕만두,요리이름,요리명,요리명,,,,,,
새우완자,요리이름,요리명,요리명,,,,,,
쌀수제비,요리이름,요리명,요리명,,,,,,
잣죽,요리이름,요리명,요리명,,,,,,
명이나물,요리이름,요리명,요리명,,,,,,
미나리전,요리이름,요리명,요리명,,,,,,
두릅전,요리이름,요리명,요리명,,,,,,
명이나물장아찌,요리이름,요리명,요리명,,,,,,
오이롤초밥,요리이름,요리명,요리명,,,,,,
시금치무침,요리이름,요리명,요리명,,,,,,
멸치국수,요리이름,요리명,요리명,,,,,,
통오이소박이,요리이름,요리명,요리명,,,,,,
수제딸기청,요리이름,요리명,요리명,,,,,,
나시고랭,요리이름,요리명,요리명,,,,,,
달래무침,요리이름,요리명,요리명,,,,,,
몬테크리스토,요리이름,요리명,요리명,,,,,,
꿔바로우,요리이름,요리명,요리명,,,,,,
짜장밥,요리이름,요리명,요리명,,,,,,
들깨무국,요리이름,요리명,요리명,,,,,,
마리네이드,요리이름,요리명,요리명,,,,,,
전복내장죽,요리이름,요리명,요리명,,,,,,
진간장,요리이름,요리명,요리명,,,,,,
맛소금,요리이름,요리명,요리명,,,,,,
꽃소금,요리이름,요리명,요리명,,,,,,
신김치,요리이름,요리명,요리명,,,,,,
간마늘,요리이름,요리명,요리명,,,,,,
오이김치,요리이름,요리명,요리명,,,,,,
햇양파,요리이름,요리명,요리명,,,,,,
키토김밥,요리이름,요리명,요리명,,,,,,
소금1,요리이름,요리명,요리명,,,,,,
김치양념,요리이름,요리명,요리명,,,,,,
냉동새우,요리이름,요리명,요리명,,,,,,
청고추,요리이름,요리명,요리명,,,,,,
돼지갈비구이,요리이름,요리명,요리명,,,,,,
구운김,요리이름,요리명,요리명,,,,,,
다진양파,요리이름,요리명,요리명,,,,,,
멥쌀가루,요리이름,요리명,요리명,,,,,,
그라나파다노치즈,요리이름,요리명,요리명,,,,,,
다진대파,요리이름,요리명,요리명,,,,,,
간장소스,요리이름,요리명,요리명,,,,,,
닭,요리이름,요리명,요리명,,,,,,
멸치다시마,요리이름,요리명,요리명,,,,,,
새우젓갈,요리이름,요리명,요리명,,,,,,
김치통,요리이름,요리명,요리명,,,,,,
당근김치,요리이름,요리명,요리명,,,,,,
계란후라이,요리이름,요리명,요리명,,,,,,
파마산치즈가루,요리이름,요리명,요리명,,,,,,
고운소금,요리이름,요리명,요리명,,,,,,
절임배추,요리이름,요리명,요리명,,,,,,
쌀뜬물,요리이름,요리명,요리명,,,,,,
홍고추,요리이름,요리명,요리명,,,,,,
닭곰탕,요리이름,요리명,요리명,,,,,,
두릅튀김,요리이름,요리명,요리명,,,,,,
파김치양념,요리이름,요리명,요리명,,,,,,
양배추절임,요리이름,요리명,요리명,,,,,,
집된장,요리이름,요리명,요리명,,,,,,
묵은지계란김밥,요리이름,요리명,요리명,,,,,,
두부샐러드,요리이름,요리명,요리명,,,,,,
감자채전,요리이름,요리명,요리명,,,,,,
쑥된장국,요리이름,요리명,요리명,,,,,,
소고기국거리,요리이름,요리명,요리명,,,,,,
체다슬라이스치즈,요리이름,요리명,요리명,,,,,,
초간장,요리이름,요리명,요리명,,,,,,
슬라이스체다치즈,요리이름,요리명,요리명,,,,,,
돼지껍질,요리이름,요리명,요리명,,,,,,
다시마육수,요리이름,요리명,요리명,,,,,,
연어필렛,요리이름,요리명,요리명,,,,,,
장아찌간장,요리이름,요리명,요리명,,,,,,
오징어볶음양념,요리이름,요리명,요리명,,,,,,
감자채볶음,요리이름,요리명,요리명,,,,,,
간장닭도리탕,요리이름,요리명,요리명,,,,,,
김장양념,요리이름,요리명,요리명,,,,,,
칵테일새우,요리이름,요리명,요리명,,,,,,
집간장,요리이름,요리명,요리명,,,,,,
생닭,요리이름,요리명,요리명,,,,,,
소고기불고기감,요리이름,요리명,요리명,,,,,,
훈제오리찜,요리이름,요리명,요리명,,,,,,
마른김,요리이름,요리명,요리명,,,,,,
두부계란찜,요리이름,요리명,요리명,,,,,,
가지튀김,요리이름,요리명,요리명,,,,,,
콩,요리이름,요리명,요리명,,,,,,
생연어,요리이름,요리명,요리명,,,,,,
돼지등갈비,요리이름,요리명,요리명,,,,,,
계란덮밥,요리이름,요리명,요리명,,,,,,
어묵오징어무침,요리이름,요리명,요리명,,,,,,
홍게간장,요리이름,요리명,요리명,,,,,,
강된장찌개,요리이름,요리명,요리명,,,,,,
냉이된장찌개,요리이름,요리명,요리명,,,,,,
소금간,요리이름,요리명,요리명,,,,,,
낙지볶음,요리이름,요리명,요리명,,,,,,
콩비지찌개,요리이름,요리명,요리명,,,,,,
두부김치,요리이름,요리명,요리명,,,,,,
충무김밥,요리이름,요리명,요리명,,,,,,
장아찌,요리이름,요리명,요리명,,,,,,
감자탕,요리이름,요리명,요리명,,,,,,
겉절이,요리이름,요리명,요리명,,,,,,
쑥국,요리이름,요리명,요리명,,,,,,
꼬치구이,요리이름,요리명,요리명,,,,,,
라볶이,요리이름,요리명,요리명,,,,,,
카나페,요리이름,요리명,요리명,,,,,,
오이 샌드위치,요리이름,요리명,요리명,,,,,,
야키토리,요리이름,요리명,요리명,,,,,,
홍어회,요리이름,요리명,요리명,,,,,,
두릅나물,요리이름,요리명,요리명,,,,,,
맥주빵,재료,베이킹·제면·디저트용,완제품/준완제품,빵류,기타빵,"단맛, 발효된 맛",,,
난,재료,베이킹·제면·디저트용,완제품/준완제품,빵류,기타빵,"탄수화물, 향신료, 중동풍",,-,ㅇ
또띠아,재료,베이킹·제면·디저트용,완제품/준완제품,빵류,범용빵,담백함,"또띠야, 또르띠아, 또르띠야, 토르티야, 토르띠야",,
통밀또띠아,재료,베이킹·제면·디저트용,완제품/준완제품,빵류,범용빵,"탄수화물, 식이섬유, 건강지향",,또띠야,ㅇ
피타브레드,재료,베이킹·제면·디저트용,완제품/준완제품,빵류,범용빵,"담백함, 간편식",,,
페스츄리,재료,베이킹·제면·디저트용,완제품/준완제품,빵류,소형빵,"담백함, 버터풍미",,,
크루아상,재료,베이킹·제면·디저트용,완제품/준완제품,빵류,소형빵,"담백함, 버터풍미",,,
햄버거빵,재료,베이킹·제면·디저트용,완제품/준완제품,빵류,절단형빵,"부드러움, 단맛, 포만감",,-,ㅇ
바게트,재료,베이킹·제면·디저트용,완제품/준완제품,빵류,절단형빵,"담백함, 식감추가",,,
영양쿠키믹스,재료,베이킹·제면·디저트용,조리보조 기능성 재료,믹스가루,쿠키믹스,단맛,,,
옥수수빵,재료,베이킹·제면·디저트용 재료,완제품/준완제품,빵류,기타빵,"고소, 옥수수향",,빵,
쌀빵,재료,베이킹·제면·디저트용 재료,완제품/준완제품,빵류,기타빵,"쌀베이스, 담백",,빵,
통밀빵,재료,베이킹·제면·디저트용 재료,완제품/준완제품,빵류,기타빵,"고소, 식이섬유",,빵,
포카치아,재료,베이킹·제면·디저트용 재료,완제품/준완제품,빵류,기타빵,"허브향, 올리브오일",,빵,
호밀빵,재료,베이킹·제면·디저트용 재료,완제품/준완제품,빵류,기타빵,"진한 풍미, 건강빵",,,ㅇ
빵,재료,베이킹·제면·디저트용 재료,완제품/준완제품,빵류,범용빵,"기본빵, 포괄적",,,ㅇ
롤빵,재료,베이킹·제면·디저트용 재료,완제품/준완제품,빵류,소형빵,둥글고 부드러움,,빵,
우유빵,재료,베이킹·제면·디저트용 재료,완제품/준완제품,빵류,소형빵,"달콤, 부드러움",,빵,
모닝빵,재료,베이킹·제면·디저트용 재료,완제품/준완제품,빵류,소형빵,"샌드형, 부드러움",,빵,
샐러드빵,재료,베이킹·제면·디저트용 재료,완제품/준완제품,빵류,소형빵,속채움용,,빵,
버터롤빵,재료,베이킹·제면·디저트용 재료,완제품/준완제품,빵류,소형빵,"버터향, 부드러움",,빵,
식빵시트,재료,베이킹·제면·디저트용 재료,완제품/준완제품,빵류,식빵류,"사각형, 얇음",,,
샌드위치빵,재료,베이킹·제면·디저트용 재료,완제품/준완제품,빵류,식빵류,얇고 부드러움,,,
통밀식빵,재료,베이킹·제면·디저트용 재료,완제품/준완제품,빵류,식빵류,"통밀, 고소",,빵,
식빵,재료,베이킹·제면·디저트용 재료,완제품/준완제품,빵류,식빵류,"사각형, 기본빵",,빵,
쌀식빵,재료,베이킹·제면·디저트용 재료,완제품/준완제품,빵류,식빵류,글루텐프리,,빵,
프레첼,재료,베이킹·제면·디저트용 재료,완제품/준완제품,빵류,절단형빵,"쫀득, 겉단단",,빵,
바게트빵,재료,베이킹·제면·디저트용 재료,완제품/준완제품,빵류,절단형빵,길고 단단,바게트,빵,
피타빵,재료,베이킹·제면·디저트용 재료,완제품/준완제품,빵류,절단형빵,"속 비움, 샌드용",,빵,
치아바타,재료,베이킹·제면·디저트용 재료,완제품/준완제품,빵류,절단형빵,넓고 쫄깃,,빵,
땅콩가루,재료,베이킹·제면·디저트용 재료,조리보조 기능성 재료,가루류,견과가루,"고소함, 토핑용",,,
코코넛가루,재료,베이킹·제면·디저트용 재료,조리보조 기능성 재료,가루류,견과가루,"달콤, 향미",,,
아몬드가루,재료,베이킹·제면·디저트용 재료,조리보조 기능성 재료,가루류,견과가루,부드럽고 고소,,,
보릿가루,재료,베이킹·제면·디저트용 재료,조리보조 기능성 재료,가루류,곡류가루,"담백, 고소",,,ㅇ
메밀가루,재료,베이킹·제면·디저트용 재료,조리보조 기능성 재료,가루류,곡류가루,"구수, 담백",,,
오트밀가루,재료,베이킹·제면·디저트용 재료,조리보조 기능성 재료,가루류,곡류가루,"섬유질, 담백",,,
찹쌀가루,재료,베이킹·제면·디저트용 재료,조리보조 기능성 재료,가루류,곡류가루,"찐득, 쫀득",,,
쌀가루,재료,베이킹·제면·디저트용 재료,조리보조 기능성 재료,가루류,곡류가루,"담백, 글루텐프리",,,
미숫가루,재료,베이킹·제면·디저트용 재료,조리보조 기능성 재료,가루류,곡물믹스가루,"고소함, 곡류베이스",,,
옥수수수염 가루,재료,베이킹·제면·디저트용 재료,조리보조 기능성 재료,가루류,기능성가루,"이뇨, 건강용",,,
아마씨 가루,재료,베이킹·제면·디저트용 재료,조리보조 기능성 재료,가루류,기능성가루,"식이섬유, 고소",,아마씨,ㅇ
날콩가루,재료,베이킹·제면·디저트용 재료,조리보조 기능성 재료,가루류,원물가루,"콩향, 단단",,,
표고버섯가루,재료,베이킹·제면·디저트용 재료,조리보조 기능성 재료,가루류,원물가루,"풍미가루, 감칠맛",,,
녹두가루,재료,베이킹·제면·디저트용 재료,조리보조 기능성 재료,가루류,원물가루,"고소, 담백",녹두전/가루,,ㅇ
코코아파우더,재료,베이킹·제면·디저트용 재료,조리보조 기능성 재료,가루류,향미가루,"초콜릿향, 쌉쌀",코코아 파우더,,
말차가루,재료,베이킹·제면·디저트용 재료,조리보조 기능성 재료,가루류,향미가루,"녹차향, 씁쓸",,,
캐롭 가루,재료,베이킹·제면·디저트용 재료,조리보조 기능성 재료,가루류,향미가루,초콜릿 대체,,,ㅇ
카카오 가루,재료,베이킹·제면·디저트용 재료,조리보조 기능성 재료,가루류,향미가루,"쌉쌀, 진한향",,카카오,ㅇ
우리밀부침가루,재료,베이킹·제면·디저트용 재료,조리보조 기능성 재료,믹스가루,부침믹스,"국산밀, 바삭",,,ㅇ
감자부침가루,재료,베이킹·제면·디저트용 재료,조리보조 기능성 재료,믹스가루,부침믹스,"감자베이스, 바삭",,,ㅇ
부침가루,재료,베이킹·제면·디저트용 재료,조리보조 기능성 재료,믹스가루,부침믹스,"밀베이스, 바삭",,,
치킨튀김가루,재료,베이킹·제면·디저트용 재료,조리보조 기능성 재료,믹스가루,튀김믹스,"바삭, 고소",,,
튀김가루,재료,베이킹·제면·디저트용 재료,조리보조 기능성 재료,믹스가루,튀김믹스,"가벼움, 바삭",,,
팬케이크가루,재료,베이킹·제면·디저트용 재료,조리보조 기능성 재료,믹스가루,팬케이크믹스,"달콤, 부드러움",,,ㅇ
핫케이크가루,재료,베이킹·제면·디저트용 재료,조리보조 기능성 재료,믹스가루,팬케이크믹스,"달콤, 부드러움",팬케이크가루,,
호밀사워종,재료,베이킹·제면·디저트용 재료,조리보조 기능성 재료,발효제,천연 발효종,"산미, 숙성",,,ㅇ
발효종,재료,베이킹·제면·디저트용 재료,조리보조 기능성 재료,발효제,천연 발효종,깊은 풍미,,,
누룩,재료,베이킹·제면·디저트용 재료,조리보조 기능성 재료,발효제,한식 발효제,"당화용, 전통",,,
이스트,재료,베이킹·제면·디저트용 재료,조리보조 기능성 재료,발효제,효모,"팽창력, 특유향",,,
효모,재료,베이킹·제면·디저트용 재료,조리보조 기능성 재료,발효제,효모,"발효력, 제빵용",드라이이스트,,
밀가루풀,재료,베이킹·제면·디저트용 재료,조리보조 기능성 재료,베이스류,접착베이스,"끈적, 농도조절",,,
찹쌀풀,재료,베이킹·제면·디저트용 재료,조리보조 기능성 재료,베이스류,찹쌀베이스,"접착, 찰짐",,,
젤라틴,재료,베이킹·제면·디저트용 재료,조리보조 기능성 재료,응고제,동물성 응고제,"투명, 탄성",판젤라틴,,
묵가루,재료,베이킹·제면·디저트용 재료,조리보조 기능성 재료,응고제,묵베이스,"찰짐, 묵용",,,ㅇ
밀전분,재료,베이킹·제면·디저트용 재료,조리보조 기능성 재료,전분류,곡물 전분,"묽음, 바인딩",,전분가루,
옥수수전분,재료,베이킹·제면·디저트용 재료,조리보조 기능성 재료,전분류,곡물 전분,"맑음, 응고",,전분가루,
칡전분,재료,베이킹·제면·디저트용 재료,조리보조 기능성 재료,전분류,뿌리 전분,"한방, 묵용",,전분가루,
타피오카 가루,재료,베이킹·제면·디저트용 재료,조리보조 기능성 재료,전분류,열대작물 전분,"쫀득, 투명",,전분가루,
녹말,재료,베이킹·제면·디저트용 재료,조리보조 기능성 재료,전분류,일반 전분,"투명화, 농도조절","감자전분, 고구마전분",,ㅇ
전분,재료,베이킹·제면·디저트용 재료,조리보조 기능성 재료,전분류,일반 전분,"투명화, 농도조절",,,ㅇ
전분가루,재료,베이킹·제면·디저트용 재료,조리보조 기능성 재료,전분류,일반 전분,"묽음, 응고",전분,,
감자전분,재료,베이킹·제면·디저트용 재료,조리보조 기능성 재료,전분류,채소 전분,"부드러움, 응고",,전분가루,
고구마전분,재료,베이킹·제면·디저트용 재료,조리보조 기능성 재료,전분류,채소 전분,"쫀득함, 묽음",,전분가루,
강력밀가루,재료,베이킹·제면·디저트용 재료,조리보조 기능성 재료,제분가루,강력분,"쫄깃, 글루텐 풍부",,밀가루,ㅇ
강력분,재료,베이킹·제면·디저트용 재료,조리보조 기능성 재료,제분가루,강력분,"빵, 쫄깃",,,
박력밀가루,재료,베이킹·제면·디저트용 재료,조리보조 기능성 재료,제분가루,박력분,"부드러움, 쿠키용",,밀가루,ㅇ
박력분,재료,베이킹·제면·디저트용 재료,조리보조 기능성 재료,제분가루,박력분,"과자, 부드러움",,,
중력밀가루,재료,베이킹·제면·디저트용 재료,조리보조 기능성 재료,제분가루,중력분,"일반용, 다용도",,밀가루,ㅇ
밀가루,재료,베이킹·제면·디저트용 재료,조리보조 기능성 재료,제분가루,중력분,표준용,,,
중력분,재료,베이킹·제면·디저트용 재료,조리보조 기능성 재료,제분가루,중력분,표준용,,,
통밀가루,재료,베이킹·제면·디저트용 재료,조리보조 기능성 재료,제분가루,통밀분,"고소, 식이섬유",통밀,,
빵가루,재료,베이킹·제면·디저트용 재료,조리보조 기능성 재료,토핑가루,빵가루,"바삭, 흡유성",,,
베이킹파우더,재료,베이킹·제면·디저트용 재료,조리보조 기능성 재료,팽창제,복합 팽창제,산+염기 혼합,,,
베이킹소다,재료,베이킹·제면·디저트용 재료,조리보조 기능성 재료,팽창제,화학 팽창제,"산반응, 무취",,,
치즈가래떡,재료,베이킹·제면·디저트용 재료,조리완성형 재료,떡류,가공떡류,"쫀득, 치즈함유",,떡,
가래떡,재료,베이킹·제면·디저트용 재료,조리완성형 재료,떡류,긴 떡류,"쫄깃, 구이/국물용",,떡,
쌀떡,재료,베이킹·제면·디저트용 재료,조리완성형 재료,떡류,범용 떡류,"쫀득, 국/구이/조림용",,떡,
밀떡,재료,베이킹·제면·디저트용 재료,조리완성형 재료,떡류,범용 떡류,"글루텐, 단단함",,떡,
떡,재료,베이킹·제면·디저트용 재료,조리완성형 재료,떡류,범용 떡류,"쫀득, 다양용도",,,ㅇ
떡볶이떡,재료,베이킹·제면·디저트용 재료,조리완성형 재료,떡류,소형 떡류,매운 양념 최적,,떡,
옹심이떡,재료,베이킹·제면·디저트용 재료,조리완성형 재료,떡류,소형 떡류,동그랗고 찰짐,,떡,
고구마떡볶이떡,재료,베이킹·제면·디저트용 재료,조리완성형 재료,떡류,소형 떡류,"고구마베이스, 달콤",,떡,ㅇ
떡국떡,재료,베이킹·제면·디저트용 재료,조리완성형 재료,떡류,얇은 떡류,"얇고 납작, 국물용",,떡,
국수면,재료,베이킹·제면·디저트용 재료,조리완성형 재료,면류,건면류,"기본국수, 가늘고 긴",소면,,
소면,재료,베이킹·제면·디저트용 재료,조리완성형 재료,면류,건면류,가늘고 부드러움,국수,,
중면,재료,베이킹·제면·디저트용 재료,조리완성형 재료,면류,건면류,"굵기 중간, 다용도",,,ㅇ
치자국수,재료,베이킹·제면·디저트용 재료,조리완성형 재료,면류,건면류,"치자색, 향긋",,,ㅇ
에그누들,재료,베이킹·제면·디저트용 재료,조리완성형 재료,면류,계란면,"노란색, 부드러움",,,ㅇ
녹두 국수,재료,베이킹·제면·디저트용 재료,조리완성형 재료,면류,기타면,"녹두베이스, 쫀득",,,ㅇ
메밀 냉면,재료,베이킹·제면·디저트용 재료,조리완성형 재료,면류,냉면류,차가운 국물 최적,,냉면,ㅇ
밀면,재료,베이킹·제면·디저트용 재료,조리완성형 재료,면류,냉면류,부드럽고 탄성,,냉면,ㅇ
쫄면,재료,베이킹·제면·디저트용 재료,조리완성형 재료,면류,냉면류,탱탱하고 쫄깃,,,
납작당면,재료,베이킹·제면·디저트용 재료,조리완성형 재료,면류,당면,넓고 투명,,당면,ㅇ
불린당면,재료,베이킹·제면·디저트용 재료,조리완성형 재료,면류,당면,"즉시조리, 투명",당면,,
당면,재료,베이킹·제면·디저트용 재료,조리완성형 재료,면류,당면,고구마전분 기반,,,ㅇ
두부면,재료,베이킹·제면·디저트용 재료,조리완성형 재료,면류,대체면,"고단백, 저탄수",,,
곤약면,재료,베이킹·제면·디저트용 재료,조리완성형 재료,면류,대체면,"저칼로리, 투명",,,ㅇ
애호박면,재료,베이킹·제면·디저트용 재료,조리완성형 재료,면류,대체면,"채소기반, 저탄수",,,ㅇ
메밀 국수,재료,베이킹·제면·디저트용 재료,조리완성형 재료,면류,메밀면,구수하고 시원함,,,ㅇ
메밀면,재료,베이킹·제면·디저트용 재료,조리완성형 재료,면류,메밀면,"담백, 글루텐프리",,,
면,재료,베이킹·제면·디저트용 재료,조리완성형 재료,면류,범용면,명시되지 않음,,,
칼국수면,재료,베이킹·제면·디저트용 재료,조리완성형 재료,면류,생면류,넓고 부드러움,,,
생면,재료,베이킹·제면·디저트용 재료,조리완성형 재료,면류,생면류,즉석 조리용,,,
우동면,재료,베이킹·제면·디저트용 재료,조리완성형 재료,면류,생면류,두껍고 부드러움,,,ㅇ
쌀국수면,재료,베이킹·제면·디저트용 재료,조리완성형 재료,면류,쌀면,"담백, 글루텐프리",,,
찹쌀 국수,재료,베이킹·제면·디저트용 재료,조리완성형 재료,면류,쌀면,"쫀득, 국물용",,,ㅇ
멥쌀 국수,재료,베이킹·제면·디저트용 재료,조리완성형 재료,면류,쌀면,부드럽고 담백,,,ㅇ
라면사리,재료,베이킹·제면·디저트용 재료,조리완성형 재료,면류,조리면류,"즉석조리, 튀김면",,,
비빔면,재료,베이킹·제면·디저트용 재료,조리완성형 재료,면류,조리면류,양념 비빔 최적,,,
사리면,재료,베이킹·제면·디저트용 재료,조리완성형 재료,면류,조리면류,"곁들임용, 일반",사리,,
우동사리,재료,베이킹·제면·디저트용 재료,조리완성형 재료,면류,조리면류,두껍고 쫄깃,우동면,,
도삭면,재료,베이킹·제면·디저트용 재료,조리완성형 재료,면류,중식면,두껍고 납작,,,
중화면,재료,베이킹·제면·디저트용 재료,조리완성형 재료,면류,중식면,"기름 코팅, 쫄깃","중면, 중식면",,
중식면,재료,베이킹·제면·디저트용 재료,조리완성형 재료,면류,중식면,다양한 중화요리용,,,ㅇ
페투치네,재료,베이킹·제면·디저트용 재료,조리완성형 재료,면류,파스타면,넓고 납작,,,
파스타면,재료,베이킹·제면·디저트용 재료,조리완성형 재료,면류,파스타면,"건조, 다양형태",,,
스파게티면,재료,베이킹·제면·디저트용 재료,조리완성형 재료,면류,파스타면,"원형, 가늘고 긴",,,
통밀스파게티,재료,베이킹·제면·디저트용 재료,조리완성형 재료,면류,파스타면,"고소, 건강식",,파스타 면,ㅇ
마카로니,재료,베이킹·제면·디저트용 재료,조리완성형 재료,면류,파스타면,짧고 튜브형,,,
백밀스파게티,재료,베이킹·제면·디저트용 재료,조리완성형 재료,면류,파스타면,"일반밀, 쫄깃",스파게티,파스타 면,ㅇ
파스타 면,재료,베이킹·제면·디저트용 재료,조리완성형 재료,면류,파스타면,포괄적,"파스타, 백밀스파게티",,ㅇ
라자냐 면,재료,베이킹·제면·디저트용 재료,조리완성형 재료,면류,파스타면,"판형, 층쌓기용",,,ㅇ
감자반죽,재료,베이킹·제면·디저트용 재료,조리완성형 재료,반죽류(베이스),감자베이스 반죽,"쫀득, 묵직",,,
머랭시트,재료,베이킹·제면·디저트용 재료,조리완성형 재료,반죽류(베이스),거품형 반죽,"가벼움, 공기포집",,,
머랭,재료,베이킹·제면·디저트용 재료,조리완성형 재료,반죽류(베이스),거품형 반죽,"공기포집, 가벼움",,,
레이디핑거,재료,베이킹·제면·디저트용 재료,조리완성형 재료,반죽류(베이스),건조형 시트,"스펀지형, 단단",,,
마카롱껍질,재료,베이킹·제면·디저트용 재료,조리완성형 재료,반죽류(베이스),건조형 시트,"단단, 바삭",,,
생지,재료,베이킹·제면·디저트용 재료,조리완성형 재료,반죽류(베이스),냉동 생지,"고지방, 고수분",,,
와플베이스,재료,베이킹·제면·디저트용 재료,조리완성형 재료,반죽류(베이스),와플반죽,"바삭, 틀사용",,,
콜리플라워 도우,재료,베이킹·제면·디저트용 재료,조리완성형 재료,반죽류(베이스),저탄수 반죽,"채소베이스, 피자용",,,ㅇ
팬케이크베이스,재료,베이킹·제면·디저트용 재료,조리완성형 재료,반죽류(베이스),팬케이크반죽,부드럽고 달콤,,,
프렌치토스트베이스,재료,베이킹·제면·디저트용 재료,조리완성형 재료,반죽류(베이스),프렌치토스트용,"계란함유, 구이용",,,
도우,재료,베이킹·제면·디저트용 재료,조리완성형 재료,반죽류(베이스),피자용 반죽,"쫄깃, 발효향","피자도우, 피자 도우",,
에그롤시트,재료,베이킹·제면·디저트용 재료,조리완성형 재료,반죽류(피/피대체),계란피,얇고 말기용,,,
만두피,재료,베이킹·제면·디저트용 재료,조리완성형 재료,반죽류(피/피대체),만두피,얇고 쫄깃,,,ㅇ
춘권피,재료,베이킹·제면·디저트용 재료,조리완성형 재료,반죽류(피/피대체),밀피,얇고 바삭,,,
라이스페이퍼,재료,베이킹·제면·디저트용 재료,조리완성형 재료,반죽류(피/피대체),쌀피,투명하고 찰짐,,,ㅇ
다쿠아즈,재료,베이킹·제면·디저트용 재료,조리완성형 재료,시트류,견과 머랭형 시트,부드럽고 고소,,,
휘낭시에시트,재료,베이킹·제면·디저트용 재료,조리완성형 재료,시트류,견과 머랭형 시트,"고소, 촉촉",,,
땅콩시트,재료,베이킹·제면·디저트용 재료,조리완성형 재료,시트류,견과 머랭형 시트,고소함,,,
파운드케이크시트,재료,베이킹·제면·디저트용 재료,조리완성형 재료,시트류,묵직 단일 시트,"버터함유, 묵직",,,
비스킷시트,재료,베이킹·제면·디저트용 재료,조리완성형 재료,시트류,바삭형 시트,"단단, 바삭",,,
쿠키시트,재료,베이킹·제면·디저트용 재료,조리완성형 재료,시트류,바삭형 시트,"바삭, 토핑용",,,
타르트시트,재료,베이킹·제면·디저트용 재료,조리완성형 재료,시트류,바삭형 시트,"바삭, 충전용",,,
파이지,재료,베이킹·제면·디저트용 재료,조리완성형 재료,시트류,바삭형 시트,얇고 바삭,,,
슈시트,재료,베이킹·제면·디저트용 재료,조리완성형 재료,시트류,속비움 충전용 시트,"속비움, 크림충전용",,,
제누아즈,재료,베이킹·제면·디저트용 재료,조리완성형 재료,시트류,스펀지형 시트,"폭신, 크림충전",,,
카스텔라시트,재료,베이킹·제면·디저트용 재료,조리완성형 재료,시트류,스펀지형 시트,"달콤, 폭신",,,
스펀지케이크,재료,베이킹·제면·디저트용 재료,조리완성형 재료,시트류,스펀지형 시트,"가벼움, 층쌓기용",,,
핫케이크시트,재료,베이킹·제면·디저트용 재료,조리완성형 재료,시트류,스펀지형 시트,"폭신, 단일사용",,,
바닐라시트,재료,베이킹·제면·디저트용 재료,조리완성형 재료,시트류,스펀지형 시트,"기본향, 부드러움",,,
롤케이크시트,재료,베이킹·제면·디저트용 재료,조리완성형 재료,시트류,얇은 겹침용 시트,"말기 용이, 부드러움",,,
크레이프시트,재료,베이킹·제면·디저트용 재료,조리완성형 재료,시트류,얇은 겹침용 시트,얇고 유연,,,
샤를로트케이크시트,재료,베이킹·제면·디저트용 재료,조리완성형 재료,시트류,장식용 시트,"장식용, 단단",,,
젤리시트,재료,베이킹·제면·디저트용 재료,조리완성형 재료,시트류,젤리/투명 시트,"투명, 쫀득",,,
브라우니시트,재료,베이킹·제면·디저트용 재료,조리완성형 재료,시트류,진한맛 시트,"쫀득, 진한맛",,,
초코시트,재료,베이킹·제면·디저트용 재료,조리완성형 재료,시트류,진한맛 시트,"쌉쌀, 다용도",,,
콩가루시트,재료,베이킹·제면·디저트용 재료,조리완성형 재료,시트류,향 특화 시트,"고소, 특유풍미",,,
콩시트,재료,베이킹·제면·디저트용 재료,조리완성형 재료,시트류,향 특화 시트,"고소, 단단",,,
각얼음,재료,빙재료,조리용 얼음류,조리용 얼음류,,"냉각, 고체형",,얼음,
살얼음,재료,빙재료,조리용 얼음류,조리용 얼음류,,"냉각, 입자감",,얼음,
얼음,재료,빙재료,조리용 얼음류,조리용 얼음류,,"냉각, 중립맛",,,
호두유,재료,식재료 원물,견과/씨앗/고추류,견과류,견과가공류,"고소함, 풍미",,,ㅇ
맛밤,재료,식재료 원물,견과/씨앗/고추류,견과류,견과가공류,"단맛, 고소함, 부드러움",,밤,
브라질너트,재료,식재료 원물,견과/씨앗/고추류,견과류,견과류,"고소함, 건강지향",,,ㅇ
햇밤,재료,식재료 원물,견과/씨앗/고추류,견과류,견과류,"고소함, 단맛, 식이섬유",,밤,
견과류믹서,재료,식재료 원물,견과/씨앗/고추류,견과류,견과류,"고소함, 식감추가","견과류믹스,모둠견과",,ㅇ
개암,재료,식재료 원물,견과/씨앗/고추류,견과류,견과류,"고소함, 식감추가",,,ㅇ
견과류기타,재료,식재료 원물,견과/씨앗/고추류,견과류,견과류,"고소함, 식감추가",,,ㅇ
도토리,재료,식재료 원물,견과/씨앗/고추류,견과류,견과류,"고소함, 식감추가",,,ㅇ
밤,재료,식재료 원물,견과/씨앗/고추류,견과류,견과류,"고소함, 식감추가",,,ㅇ
연자육,재료,식재료 원물,견과/씨앗/고추류,견과류,견과류,"고소함, 식감추가",,,ㅇ
은행,재료,식재료 원물,견과/씨앗/고추류,견과류,견과류,"고소함, 식감추가",,,ㅇ
잣,재료,식재료 원물,견과/씨앗/고추류,견과류,견과류,"고소함, 식감추가",,,ㅇ
케쉬넛,재료,식재료 원물,견과/씨앗/고추류,견과류,견과류,"고소함, 식감추가",,,ㅇ
너트,재료,식재료 원물,견과/씨앗/고추류,견과류,견과류,"고소함, 식감추가, 지방","견과, 견과류",,
헤이즐넛,재료,식재료 원물,견과/씨앗/고추류,견과류,견과류,"고소함, 식감추가, 지방",,,
피칸,재료,식재료 원물,견과/씨앗/고추류,견과류,견과류,"고소함, 식감추가, 지방",,,
피스타치오,재료,식재료 원물,견과/씨앗/고추류,견과류,견과류,"고소함, 식감추가, 지방",,,
땅콩,재료,식재료 원물,견과/씨앗/고추류,견과류,견과류,"고소함, 식감추가, 지방, 단백질",,,
호두,재료,식재료 원물,견과/씨앗/고추류,견과류,견과류,"고소함, 식감추가, 지방, 식이섬유",,,
아몬드,재료,식재료 원물,견과/씨앗/고추류,견과류,견과류,"고소함, 식감추가, 지방, 식이섬유",,,
마카다미아,재료,식재료 원물,견과/씨앗/고추류,견과류,견과류,"고소함, 지방, 식감추가",,,
고추씨,재료,식재료 원물,견과/씨앗/고추류,고추류,고추류,"매운맛, 향긋함",,고추,
청양고추,재료,식재료 원물,견과/씨앗/고추류,고추류,고추류,매운맛,"청홍고추,청양홍고추,청량고추",고추,
빨간고추,재료,식재료 원물,견과/씨앗/고추류,고추류,고추류,매운맛,"붉은고추, 홍고추",고추,
베트남고추,재료,식재료 원물,견과/씨앗/고추류,고추류,고추류,매운맛,,고추,
매운고추,재료,식재료 원물,견과/씨앗/고추류,고추류,고추류,매운맛,,고추,
땡초,재료,식재료 원물,견과/씨앗/고추류,고추류,고추류,매운맛,,고추,
할라피뇨,재료,식재료 원물,견과/씨앗/고추류,고추류,고추류,"매운맛, 식감추가",할라페뇨,,
풋고추,재료,식재료 원물,견과/씨앗/고추류,고추류,고추류,"매운맛, 식감추가",,고추,
고추,재료,식재료 원물,견과/씨앗/고추류,고추류,고추류,"매운맛,색감,알싸함",,,ㅇ
할라페뇨,재료,식재료 원물,견과/씨앗/고추류,고추류,고추류,"매운맛,알싸함,식감추가",,,ㅇ
오이고추,재료,식재료 원물,견과/씨앗/고추류,고추류,고추류,식감추가,아삭이고추,고추,
꽈리고추,재료,식재료 원물,견과/씨앗/고추류,고추류,고추류,식감추가,,고추,
연씨,재료,식재료 원물,견과/씨앗/고추류,씨앗류,씨앗류,"건강지향, 담백함",,,ㅇ
치아씨,재료,식재료 원물,견과/씨앗/고추류,씨앗류,씨앗류,"건강지향, 식감추가",,,ㅇ
목화씨,재료,식재료 원물,견과/씨앗/고추류,씨앗류,씨앗류,"고소함, 건강지향",,,ㅇ
수박씨,재료,식재료 원물,견과/씨앗/고추류,씨앗류,씨앗류,"고소함, 식감추가",,,ㅇ
해바라기,재료,식재료 원물,견과/씨앗/고추류,씨앗류,씨앗류,"고소함, 식감추가",,,ㅇ
호박씨,재료,식재료 원물,견과/씨앗/고추류,씨앗류,씨앗류,"고소함, 식감추가, 식이섬유",,,
해바라기씨,재료,식재료 원물,견과/씨앗/고추류,씨앗류,씨앗류,"고소함, 식감추가, 식이섬유",,,
들깨,재료,식재료 원물,견과/씨앗/고추류,씨앗류,씨앗류,"고소함, 향긋함, 식이섬유, 오메가3",,,
삼씨,재료,식재료 원물,견과/씨앗/고추류,씨앗류,씨앗류,"식이섬유, 건강효능",,,ㅇ
치아씨드,재료,식재료 원물,견과/씨앗/고추류,씨앗류,씨앗류,"식이섬유, 점성, 식감추가",,,
아마씨,재료,식재료 원물,견과/씨앗/고추류,씨앗류,씨앗류,"식이섬유, 점성, 오메가3",,,
차전자피,재료,식재료 원물,견과/씨앗/고추류,씨앗류,씨앗류,"식이섬유, 점성, 포만감",차전자,,
검정깨,재료,식재료 원물,견과/씨앗/고추류,참깨류,참깨류,"고소함, 식감추가, 향긋함",검은깨,깨,
통깨,재료,식재료 원물,견과/씨앗/고추류,참깨류,참깨류,"고소함, 식감추가, 향긋함","참깨, 볶은깨",깨,
볶은참깨,재료,식재료 원물,견과/씨앗/고추류,참깨류,참깨류,"고소함, 향",,,ㅇ
아마란스,재료,식재료 원물,곡류,곡류,,고소함,,,ㅇ
사탕수수,재료,식재료 원물,곡류,곡류,,단맛,,설탕,ㅇ
칼슘쌀눈,재료,식재료 원물,곡류,곡류,,"건강지향, 기능성",,쌀,ㅇ
통밀,재료,식재료 원물,곡류,곡류,,"건강지향, 담백함",,밀,ㅇ
겉보리,재료,식재료 원물,곡류,곡류,,"고소함, 건강지향",,보리,ㅇ
튀밥,재료,식재료 원물,곡류,곡류,,"고소함, 식감추가",,,ㅇ
현미,재료,식재료 원물,곡류,곡류,,"고소함,꼬들함,건강식,주식용",현미밥,밥,
메밀,재료,식재료 원물,곡류,곡류,,"구수함,탄력,면용,건강식",,,
쌀알,재료,식재료 원물,곡류,곡류,,"기본곡물, 담백함",,쌀,ㅇ
차조,재료,식재료 원물,곡류,곡류,,"담백함, 건강지향",,조,ㅇ
맵쌀,재료,식재료 원물,곡류,곡류,,"담백함, 고소함",,쌀,ㅇ
흰쌀,재료,식재료 원물,곡류,곡류,,"담백함, 쫀득함",,쌀,ㅇ
쌀,재료,식재료 원물,곡류,곡류,,"부드러움,고소함,주식용,흡수력","흰쌀,백미,맵쌀,블렌딩쌀,흰밥,쌀밥,밥",밥,
오트밀,재료,식재료 원물,곡류,곡류,,"식이섬유,고소함,건강식,다이어트",,귀리,
잡곡,재료,식재료 원물,곡류,곡류,,"식이섬유,고소함,건강식,다이어트",,밥,
귀리,재료,식재료 원물,곡류,곡류,,"식이섬유,고소함,건강식,다이어트",,밥,
수수,재료,식재료 원물,곡류,곡류,,"잡곡,담백함,건강식,주식보완",,밥,
보리,재료,식재료 원물,곡류,곡류,,"잡곡,담백함,건강식,주식보완","보리밥, 보리쌀",밥,
기장,재료,식재료 원물,곡류,곡류,,"잡곡,담백함,건강식,주식보완",,밥,
찰기장,재료,식재료 원물,곡류,곡류,,"쫀득함, 건강지향",,,ㅇ
홍미,재료,식재료 원물,곡류,곡류,,"쫀득함, 건강지향",,쌀,ㅇ
찰보리,재료,식재료 원물,곡류,곡류,,"쫀득함, 고소함",,보리,ㅇ
찹쌀백미,재료,식재료 원물,곡류,곡류,,"쫀득함, 담백함",,쌀,ㅇ
찹쌀,재료,식재료 원물,곡류,곡류,,"쫀득함,끈기,떡용,구이보조",,밥,
겉귀리,재료,식재료 원물,곡류,귀리류,,"고소함, 식감추가",,,ㅇ
쌀귀리,재료,식재료 원물,곡류,귀리류,,"고소함, 식감추가",,,ㅇ
기능성잡곡,재료,식재료 원물,곡류,기능성잡곡류,,"건강효능, 식이섬유",,,ㅇ
퀴노아,재료,식재료 원물,곡류,기능성잡곡류,,"식이섬유, 건강효능",,,ㅇ
곤약쌀,재료,식재료 원물,곡류,기능성잡곡류,,"저탄수, 식감유사",,,
조,재료,식재료 원물,곡류,기타잡곡류,,"고소함, 담백함",,,ㅇ
청차조,재료,식재료 원물,곡류,기타잡곡류,,"고소함, 색감",,,ㅇ
율무,재료,식재료 원물,곡류,기타잡곡류,,"식이섬유, 고소함",,,ㅇ
금강밀,재료,식재료 원물,곡류,밀류,,"고소함, 글루텐",,,ㅇ
우리밀,재료,식재료 원물,곡류,밀류,,"고소함, 글루텐",,,ㅇ
흑밀,재료,식재료 원물,곡류,밀류,,"고소함, 색감",,,ㅇ
통호밀,재료,식재료 원물,곡류,밀류,,"고소함, 식이섬유",,,ㅇ
호밀,재료,식재료 원물,곡류,밀류,,"고소함, 쓴맛",,,ㅇ
신미찰밀,재료,식재료 원물,곡류,밀류,,"쫄깃함, 글루텐",,,ㅇ
큰알보리,재료,식재료 원물,곡류,보리류,,"고소함, 식감추가",,,ㅇ
쌀보리,재료,식재료 원물,곡류,보리류,,"고소함, 식이섬유",,,ㅇ
올보리,재료,식재료 원물,곡류,보리류,,"고소함, 식이섬유",,,ㅇ
찰보리쌀,재료,식재료 원물,곡류,보리류,,"쫄깃함, 식이섬유",,,ㅇ
통수수,재료,식재료 원물,곡류,수수류,,"식감추가, 고소함",,,ㅇ
차수수,재료,식재료 원물,곡류,수수류,,"식감추가, 고소함",,,ㅇ
찰수수,재료,식재료 원물,곡류,수수류,,"쫄깃함, 고소함",,,ㅇ
밥,재료,식재료 원물,곡류,쌀류,,"쫀득함, 담백함",,,ㅇ
녹미,재료,식재료 원물,곡류,쌀류,,"건강효능, 색감",,,ㅇ
연황미,재료,식재료 원물,곡류,쌀류,,"건강효능, 색감",,,ㅇ
주황미,재료,식재료 원물,곡류,쌀류,,"건강효능, 색감",,,ㅇ
진홍미,재료,식재료 원물,곡류,쌀류,,"건강효능, 색감",,,ㅇ
흑미,재료,식재료 원물,곡류,쌀류,,"고소함, 색감",,,ㅇ
멥쌀,재료,식재료 원물,곡류,쌀류,,담백함,,,ㅇ
백미,재료,식재료 원물,곡류,쌀류,,담백함,,,ㅇ
기능성쌀,재료,식재료 원물,곡류,쌀류,,"식이섬유, 건강효능",,,ㅇ
스위트콘,재료,식재료 원물,곡류,옥수수류,,"달콤함, 식감추가","캔옥수수,옥수수캔",,
강냉이,재료,식재료 원물,곡류,옥수수류,,"고소함, 바삭함",,,ㅇ
옥수수알,재료,식재료 원물,곡류,옥수수류,,"고소함, 식감추가",,,ㅇ
찰옥수수,재료,식재료 원물,곡류,옥수수류,,"쫄깃함, 고소함",,,ㅇ
단옥수수,재료,식재료 원물,곡류,옥수수류,,"단맛, 식감추가",,옥수수,ㅇ
옥수수,재료,식재료 원물,곡류,옥수수류,,"단맛,식감,토핑용,간식용","콘옥수수,초당옥수수",,
기능성찹쌀,재료,식재료 원물,곡류,찹쌀류,,"식이섬유, 건강효능",,,ㅇ
찹쌀현미,재료,식재료 원물,곡류,찹쌀류,,"식이섬유, 고소함",,,ㅇ
찰쌀,재료,식재료 원물,곡류,찹쌀류,,"쫄깃함, 고소함",,,ㅇ
찰흑미,재료,식재료 원물,곡류,찹쌀류,,"쫄깃함, 색감",,,ㅇ
혼합곡,재료,식재료 원물,곡류,혼합곡류,,"다양성, 식이섬유","혼합곡물,혼합잡곡",,ㅇ
건과일,재료,식재료 원물,과일류,과일,가공과일,"단맛, 과일향, 보존성",드라이후르츠,,ㅇ
건포도,재료,식재료 원물,과일류,과일,가공과일,"단맛, 식감추가",,포도,
건크렌베리,재료,식재료 원물,과일류,과일,가공과일,"단맛, 신맛, 과일향",,,ㅇ
배즙,재료,식재료 원물,과일류,과일,가공과일,"단맛, 신맛, 과일향",,,ㅇ
곶감,재료,식재료 원물,과일류,과일,가공과일,"단맛, 신맛, 과일향",,,ㅇ
레몬제스트,재료,식재료 원물,과일류,과일,가공과일,"산미, 향긋함",,레몬,
라임즙,재료,식재료 원물,과일류,과일,가공과일,"산미, 향긋함",,라임,
쿠마토,재료,식재료 원물,과일류,과일,과일,"감칠맛, 산미",,토마토,
방울토마토,재료,식재료 원물,과일류,과일,과일,"감칠맛, 산미",,토마토,
올리브,재료,식재료 원물,과일류,과일,과일,"감칠맛, 식감추가",,,
파인애플,재료,식재료 원물,과일류,과일,과일,"단맛, 산미",,,
체리,재료,식재료 원물,과일류,과일,과일,"단맛, 산미",,,
메론,재료,식재료 원물,과일류,과일,과일,"단맛, 수분감",멜론,멜론,
수박,재료,식재료 원물,과일류,과일,과일,"단맛, 수분감",,,
홍시,재료,식재료 원물,과일류,과일,과일,"단맛, 식감추가",,,
참외,재료,식재료 원물,과일류,과일,과일,"단맛, 식감추가",,,
배,재료,식재료 원물,과일류,과일,과일,"단맛, 식감추가",,,
바나나,재료,식재료 원물,과일류,과일,과일,"단맛, 식감추가",,,
두리안,재료,식재료 원물,과일류,과일,과일,"단맛, 신맛, 과일향",,,ㅇ
다래,재료,식재료 원물,과일류,과일,과일,"단맛, 신맛, 과일향",,,ㅇ
대추야자,재료,식재료 원물,과일류,과일,과일,"단맛, 신맛, 과일향",,,ㅇ
구아바,재료,식재료 원물,과일류,과일,과일,"단맛, 신맛, 과일향",,,ㅇ
살구,재료,식재료 원물,과일류,과일,과일,"단맛, 신맛, 과일향",,,ㅇ
용과,재료,식재료 원물,과일류,과일,과일,"단맛, 신맛, 과일향",,,ㅇ
샤인머스캣,재료,식재료 원물,과일류,과일,과일,"단맛, 신맛, 과일향",,,ㅇ
홍옥,재료,식재료 원물,과일류,과일,과일,"단맛, 신맛, 과일향",,,ㅇ
백도,재료,식재료 원물,과일류,과일,과일,"단맛, 신맛, 과일향",,,ㅇ
잭프루트,재료,식재료 원물,과일류,과일,과일,"단맛, 신맛, 과일향",,,ㅇ
부사,재료,식재료 원물,과일류,과일,과일,"단맛, 신맛, 과일향",,,ㅇ
백향과,재료,식재료 원물,과일류,과일,과일,"단맛, 신맛, 과일향",,,ㅇ
머루,재료,식재료 원물,과일류,과일,과일,"단맛, 신맛, 과일향",,,ㅇ
파파야,재료,식재료 원물,과일류,과일,과일,"단맛, 신맛, 과일향",,,ㅇ
라즈베리,재료,식재료 원물,과일류,과일,과일,"단맛, 신맛, 과일향",,,ㅇ
구즈베리,재료,식재료 원물,과일류,과일,과일,"단맛, 신맛, 과일향",,,ㅇ
리치,재료,식재료 원물,과일류,과일,과일,"단맛, 신맛, 과일향",,,ㅇ
복분자,재료,식재료 원물,과일류,과일,과일,"단맛, 신맛, 과일향",,,ㅇ
애플망고,재료,식재료 원물,과일류,과일,과일,"단맛, 신맛, 과일향",,,ㅇ
연시,재료,식재료 원물,과일류,과일,과일,"단맛, 신맛, 과일향",,,ㅇ
람부탄,재료,식재료 원물,과일류,과일,과일,"단맛, 신맛, 과일향",,,ㅇ
귤,재료,식재료 원물,과일류,과일,과일,"단맛, 신맛, 과일향",,,ㅇ
설향,재료,식재료 원물,과일류,과일,과일,"단맛, 신맛, 과일향",,,ㅇ
멜론,재료,식재료 원물,과일류,과일,과일,"단맛, 신맛, 과일향",,,ㅇ
황도,재료,식재료 원물,과일류,과일,과일,"단맛, 신맛, 과일향",,,ㅇ
으름,재료,식재료 원물,과일류,과일,과일,"단맛, 신맛, 과일향",,,ㅇ
밀감,재료,식재료 원물,과일류,과일,과일,"단맛, 신맛, 과일향",,,ㅇ
대추,재료,식재료 원물,과일류,과일,과일,"단맛, 신맛, 과일향",,,ㅇ
오디,재료,식재료 원물,과일류,과일,과일,"단맛, 신맛, 과일향",,,ㅇ
비파,재료,식재료 원물,과일류,과일,과일,"단맛, 신맛, 과일향",,,ㅇ
레드향,재료,식재료 원물,과일류,과일,과일,"단맛, 신맛, 과일향",,,ㅇ
캠벨얼리,재료,식재료 원물,과일류,과일,과일,"단맛, 신맛, 과일향",,,ㅇ
무화과,재료,식재료 원물,과일류,과일,과일,"단맛, 신맛, 과일향",,,ㅇ
천도,재료,식재료 원물,과일류,과일,과일,"단맛, 신맛, 과일향",,,ㅇ
금귤,재료,식재료 원물,과일류,과일,과일,"단맛, 신맛, 과일향",,,ㅇ
천중도,재료,식재료 원물,과일류,과일,과일,"단맛, 신맛, 과일향",,,ㅇ
자두,재료,식재료 원물,과일류,과일,과일,"단맛, 신맛, 과일향",,,ㅇ
버찌,재료,식재료 원물,과일류,과일,과일,"단맛, 신맛, 과일향",,,ㅇ
애플수박,재료,식재료 원물,과일류,과일,과일,"단맛, 신맛, 과일향",,,ㅇ
돌배,재료,식재료 원물,과일류,과일,과일,"단맛, 신맛, 과일향",,,ㅇ
아오리,재료,식재료 원물,과일류,과일,과일,"단맛, 신맛, 과일향",,,ㅇ
레드글로브,재료,식재료 원물,과일류,과일,과일,"단맛, 신맛, 과일향",,,ㅇ
감홍,재료,식재료 원물,과일류,과일,과일,"단맛, 신맛, 과일향",,,ㅇ
아떼모야,재료,식재료 원물,과일류,과일,과일,"단맛, 신맛, 과일향",,,ㅇ
플럼코트,재료,식재료 원물,과일류,과일,과일,"단맛, 신맛, 과일향",,,ㅇ
아세로라,재료,식재료 원물,과일류,과일,과일,"단맛, 신맛, 과일향",,,ㅇ
거봉,재료,식재료 원물,과일류,과일,과일,"단맛, 신맛, 과일향",,,ㅇ
홍아람,재료,식재료 원물,과일류,과일,과일,"단맛, 신맛, 과일향",,,ㅇ
모과,재료,식재료 원물,과일류,과일,과일,"단맛, 신맛, 과일향",,,ㅇ
옥광,재료,식재료 원물,과일류,과일,과일,"단맛, 신맛, 과일향",,,ㅇ
앵두,재료,식재료 원물,과일류,과일,과일,"단맛, 신맛, 과일향",,,ㅇ
감,재료,식재료 원물,과일류,과일,과일,"단맛, 신맛, 과일향",,,ㅇ
엘더베리,재료,식재료 원물,과일류,과일,과일,"단맛, 신맛, 과일향",,,ㅇ
블랙커런트,재료,식재료 원물,과일류,과일,과일,"단맛, 신맛, 과일향",,,ㅇ
탱자,재료,식재료 원물,과일류,과일,과일,"단맛, 신맛, 과일향",,,ㅇ
대추토마토,재료,식재료 원물,과일류,과일,과일,"단맛, 신맛, 과일향",,,ㅇ
블랙베리,재료,식재료 원물,과일류,과일,과일,"단맛, 신맛, 과일향",,,ㅇ
단감,재료,식재료 원물,과일류,과일,과일,"단맛, 신맛, 과일향",,,ㅇ
복숭아,재료,식재료 원물,과일류,과일,과일,"단맛, 향긋함",피치,,
망고,재료,식재료 원물,과일류,과일,과일,"단맛, 향긋함",애플망고,,
딸기,재료,식재료 원물,과일류,과일,과일,"단맛, 향긋함",설향딸기,딸기,
포도,재료,식재료 원물,과일류,과일,과일,"단맛, 향긋함",,,
사과,재료,식재료 원물,과일류,과일,과일,"단맛, 향긋함",,,
망고스틴,재료,식재료 원물,과일류,과일,과일,"단맛, 향긋함",,,
한라봉,재료,식재료 원물,과일류,과일,과일,"산미, 과일향, 즙많음",,,ㅇ
아로니아,재료,식재료 원물,과일류,과일,과일,"산미, 떫은맛",,,
매실,재료,식재료 원물,과일류,과일,과일,"산미, 발효된 맛",청매실,,
키위,재료,식재료 원물,과일류,과일,과일,"산미, 향긋함",,,
크랜베리,재료,식재료 원물,과일류,과일,과일,"산미, 향긋함",,,
청귤,재료,식재료 원물,과일류,과일,과일,"산미, 향긋함",,,
자몽,재료,식재료 원물,과일류,과일,과일,"산미, 향긋함",,,
유자,재료,식재료 원물,과일류,과일,과일,"산미, 향긋함",,,
오미자,재료,식재료 원물,과일류,과일,과일,"산미, 향긋함",,,
오렌지,재료,식재료 원물,과일류,과일,과일,"산미, 향긋함",,,
석류,재료,식재료 원물,과일류,과일,과일,"산미, 향긋함",,,
산딸기,재료,식재료 원물,과일류,과일,과일,"산미, 향긋함",,,
블루베리,재료,식재료 원물,과일류,과일,과일,"산미, 향긋함",,,
레몬,재료,식재료 원물,과일류,과일,과일,"산미, 향긋함",,,
라임,재료,식재료 원물,과일류,과일,과일,"산미, 향긋함",,,
감귤,재료,식재료 원물,과일류,과일,과일,"산미, 향긋함",,,
완숙토마토,재료,식재료 원물,과일류,과일,과일,"산미,식감추가,수분감",,토마토,ㅇ
아보카도,재료,식재료 원물,과일류,과일,과일,"식감추가, 은은함",,,
코코넛,재료,식재료 원물,과일류,과일,과일,"식감추가, 향긋함",,,
박고지,재료,식재료 원물,과일류,과일,과일,"식감추가,은은함",,박,ㅇ
곤약,재료,식재료 원물,기타 기능성 식재료,기타생식재료,기타생식재료,식감추가,,,ㅇ
아주까리,재료,식재료 원물,기타 기능성 식재료,기타생식재료,기타생식재료,"식물성기름, 독성주의",,,ㅇ
삼나무,재료,식재료 원물,기타 기능성 식재료,기타생식재료,기타생식재료,"은은함, 향취, 연기향",,,ㅇ
당귀,재료,식재료 원물,기타 기능성 식재료,기타생식재료,기타생식재료,"향긋함,약초향",,,ㅇ
아쿠아파바,재료,식재료 원물,기타 기능성 식재료,식물성 대체재,아쿠아파바,"점도부여, 거품형성, 비건, 식물성",,,ㅇ
콩비지,재료,식재료 원물,두류/콩류,가공콩류,가공콩류,"고소함, 부드러움, 식이섬유",,비지,ㅇ
비지,재료,식재료 원물,두류/콩류,가공콩류,가공콩류,"고소함, 부드러움, 식이섬유",,-,ㅇ
팥빙수용 단팥,재료,식재료 원물,두류/콩류,가공콩류,가공콩류,"단맛, 질감, 식감추가",,팥,ㅇ
콩조림,재료,식재료 원물,두류/콩류,가공콩류,가공콩류,"단맛, 짠맛, 식감추가",,콩,ㅇ
팥앙금,재료,식재료 원물,두류/콩류,두류,가공콩류,"단맛,페이스트질감",,,
베이크드빈,재료,식재료 원물,두류/콩류,두류,가공콩류,"단맛,페이스트질감",,,
콩고기너겟,재료,식재료 원물,두류/콩류,두류,가공콩류,"식물성단백, 고기향, 건강식",,-,ㅇ
두부미트볼,재료,식재료 원물,두류/콩류,두류,가공콩류,"식물성단백, 식감추가, 고기향",콩고기미트볼,-,ㅇ
논두렁콩두부,재료,식재료 원물,두류/콩류,두류,두부류,"고소함, 단백질, 식감추가",,두부,ㅇ
잣두부,재료,식재료 원물,두류/콩류,두류,두부류,"고소함, 단백질, 향긋함",,두부,ㅇ
검은깨두부,재료,식재료 원물,두류/콩류,두류,두부류,"고소함, 식감추가, 단백질",,두부,ㅇ
동두부,재료,식재료 원물,두류/콩류,두류,두부류,"단백질, 부드러움, 고소함",,두부,ㅇ
찌개용두부,재료,식재료 원물,두류/콩류,두류,두부류,"단백질, 부드러움, 식감추가",,두부,ㅇ
전두부,재료,식재료 원물,두류/콩류,두류,두부류,"단백질, 식감추가, 고소함",,두부,ㅇ
건두부,재료,식재료 원물,두류/콩류,두류,두부류,"단백질, 식감추가, 수분적음",,두부,ㅇ
두부/칼슘강화,재료,식재료 원물,두류/콩류,두류,두부류,"단백질, 식감추가, 칼슘강화",,두부,ㅇ
포두부,재료,식재료 원물,두류/콩류,두류,두부류,"담백함,식감추가,단단함",,두부,
덕실순두부,재료,식재료 원물,두류/콩류,두류,두부류,"부드러움, 고소함, 단백질",,순두부,ㅇ
덕실두부,재료,식재료 원물,두류/콩류,두류,두부류,"부드러움, 고소함, 단백질",,두부,ㅇ
찌개두부,재료,식재료 원물,두류/콩류,두류,두부류,"부드러움, 단백질, 식감추가",,두부,ㅇ
연두부,재료,식재료 원물,두류/콩류,두류,두부류,"부드러움,담백함",,두부,
두부,재료,식재료 원물,두류/콩류,두류,두부류,"부드러움,담백함",,,
순두부,재료,식재료 원물,두류/콩류,두류,두부류,"부드러움,담백함,수분감",,두부,
콩국물,재료,식재료 원물,두류/콩류,두류,두유류,"고소함, 단백질, 부드러움",,콩국,ㅇ
검은참깨두유,재료,식재료 원물,두류/콩류,두류,두유류,"고소함, 식감추가, 단백질, 향긋함",,두유,ㅇ
콩물,재료,식재료 원물,두류/콩류,두류,두유류,"고소함,담백함,유화력",콩국물,,
콩물두유,재료,식재료 원물,두류/콩류,두류,두유류,"고소함,담백함,유화력",,,
콩나물,재료,식재료 원물,두류/콩류,두류,발아채소류,"아삭함, 담백함, 국물흡수",,,
숙주,재료,식재료 원물,두류/콩류,두류,발아채소류,"아삭함, 담백함, 국물흡수",,,
숙주나물,재료,식재료 원물,두류/콩류,두류,발아채소류,"아삭함, 담백함, 국물흡수",,,
청국장,재료,식재료 원물,두류/콩류,두류,발효콩류,"발효된 맛,감칠맛,짠맛",,,
템페,재료,식재료 원물,두류/콩류,두류,발효콩류,"고소함,발효된 맛,단단함",,,
메주콩,재료,식재료 원물,두류/콩류,두류,발효콩류,"발효된 맛, 고소함, 단백질",,-,ㅇ
낫토,재료,식재료 원물,두류/콩류,두류,발효콩류,"발효된 맛, 단백질, 식감추가",,-,ㅇ
메주,재료,식재료 원물,두류/콩류,두류,발효콩류,"발효된 맛,감칠맛",,,
검은콩,재료,식재료 원물,두류/콩류,두류,원물콩류,"고소함,색감,식감추가","서리태, 흑두",,
서리태,재료,식재료 원물,두류/콩류,두류,원물콩류,"고소함,색감,식감추가",,,
병아리콩,재료,식재료 원물,두류/콩류,두류,원물콩류,"고소함,색감,식감추가",,,
팥,재료,식재료 원물,두류/콩류,두류,원물콩류,"단맛, 질감, 고소함",,-,ㅇ
렌즈콩,재료,식재료 원물,두류/콩류,두류,원물콩류,"단백질, 고소함, 식감추가",,콩,ㅇ
울타리콩,재료,식재료 원물,두류/콩류,두류,원물콩류,"단백질, 고소함, 식감추가",,콩,ㅇ
동부콩,재료,식재료 원물,두류/콩류,두류,원물콩류,"단백질, 고소함, 식감추가",,동부,ㅇ
쥐눈이콩,재료,식재료 원물,두류/콩류,두류,원물콩류,"단백질, 고소함, 식감추가",,콩,ㅇ
동부,재료,식재료 원물,두류/콩류,두류,원물콩류,"단백질, 고소함, 식감추가",동부콩,-,ㅇ
렌틸콩,재료,식재료 원물,두류/콩류,두류,원물콩류,"단백질, 고소함, 식감추가",,콩,ㅇ
리마콩,재료,식재료 원물,두류/콩류,두류,원물콩류,"단백질, 식감추가, 고소함",,콩,ㅇ
적두,재료,식재료 원물,두류/콩류,두류,원물콩류,"단백질, 식감추가, 고소함",,콩,ㅇ
백태,재료,식재료 원물,두류/콩류,두류,원물콩류,"단백질, 식감추가, 고소함",,콩,ㅇ
날개콩,재료,식재료 원물,두류/콩류,두류,원물콩류,"단백질, 식이섬유",,,ㅇ
밤콩,재료,식재료 원물,두류/콩류,두류,원물콩류,"단백질, 식이섬유",,,ㅇ
잠두,재료,식재료 원물,두류/콩류,두류,원물콩류,"단백질, 식이섬유",,,ㅇ
녹두,재료,식재료 원물,두류/콩류,두류,원물콩류,"담백함,색감,식감추가",,,
강낭콩,재료,식재료 원물,두류/콩류,두류,원물콩류,"담백함,색감,식감추가",,,
대두,재료,식재료 원물,두류/콩류,두류,원물콩류,"담백함,식감추가",,,
완두콩,재료,식재료 원물,두류/콩류,두류,원물콩류,"담백함,식감추가,색감",,,
완두,재료,식재료 원물,두류/콩류,두류,원물콩류,"식감추가, 단백질, 고소함",,콩,ㅇ
생콩가루,재료,식재료 원물,두류/콩류,두류,콩가루류,"고소함,건조성",,,
볶은콩가루,재료,식재료 원물,두류/콩류,두류,콩가루류,"고소함,건조성,구수함",,,
콩가루,재료,식재료 원물,두류/콩류,두류,콩가루류,"고소함,색감,건조성",,,
청포묵가루,재료,식재료 원물,두류/콩류,두류,콩가루류,"식감추가,묵형성",,,
양송이버섯,재료,식재료 원물,버섯류,버섯류,버섯류,"식감추가,고소함,풍미",양송이,버섯,
새송이버섯,재료,식재료 원물,버섯류,버섯류,버섯류,"식감추가,담백함",새송이,버섯,
느타리버섯,재료,식재료 원물,버섯류,버섯류,버섯류,"식감추가,담백함",느타리,버섯,
팽이버섯,재료,식재료 원물,버섯류,버섯류,버섯류,"식감추가,담백함",,버섯,
목이버섯,재료,식재료 원물,버섯류,버섯류,버섯류,"식감추가,담백함",,버섯,
표고버섯,재료,식재료 원물,버섯류,버섯류,버섯류,"식감추가,풍미,감칠맛","표고, 건표고",버섯,
참송이버섯,재료,식재료 원물,버섯류,버섯류,버섯류,"식감추가,향긋함",참송이,버섯,
송화버섯,재료,식재료 원물,버섯류,버섯류,버섯류,"식감추가,향긋함",,버섯,
뽕나무버섯,재료,식재료 원물,버섯류,버섯류,버섯류,"향긋함,감칠맛,식감추가",,,ㅇ
석이버섯,재료,식재료 원물,버섯류,버섯류,버섯류,"향긋함,감칠맛,식감추가",,버섯,ㅇ
건목이버섯,재료,식재료 원물,버섯류,버섯류,버섯류,"향긋함,감칠맛,식감추가",,버섯,ㅇ
아위버섯,재료,식재료 원물,버섯류,버섯류,버섯류,"향긋함,감칠맛,식감추가",,,ㅇ
갈색양송이,재료,식재료 원물,버섯류,버섯류,버섯류,"향긋함,감칠맛,식감추가",포타벨라,양송이버섯,ㅇ
나도팽나무버섯,재료,식재료 원물,버섯류,버섯류,버섯류,"향긋함,감칠맛,식감추가",,,ㅇ
노랑느타리버섯,재료,식재료 원물,버섯류,버섯류,버섯류,"향긋함,감칠맛,식감추가",,느타리버섯,ㅇ
애느타리버섯,재료,식재료 원물,버섯류,버섯류,버섯류,"향긋함,감칠맛,식감추가",,느타리버섯,ㅇ
백만송이버섯,재료,식재료 원물,버섯류,버섯류,버섯류,"향긋함,감칠맛,식감추가",갈색만가닥버섯,만가닥버섯,ㅇ
갈색만가닥버섯,재료,식재료 원물,버섯류,버섯류,버섯류,"향긋함,감칠맛,식감추가",,만가닥버섯,ㅇ
여름느타리버섯,재료,식재료 원물,버섯류,버섯류,버섯류,"향긋함,감칠맛,식감추가",,느타리버섯,ㅇ
검은비늘버섯,재료,식재료 원물,버섯류,버섯류,버섯류,"향긋함,감칠맛,식감추가",,,ㅇ
꽃송이버섯,재료,식재료 원물,버섯류,버섯류,버섯류,"향긋함,감칠맛,식감추가",,,ㅇ
버섯,재료,식재료 원물,버섯류,버섯류,버섯류,"향긋함,감칠맛,식감추가",,,ㅇ
갈색팽이,재료,식재료 원물,버섯류,버섯류,버섯류,"향긋함,감칠맛,식감추가",,,ㅇ
분홍느타리버섯,재료,식재료 원물,버섯류,버섯류,버섯류,"향긋함,감칠맛,식감추가",,느타리버섯,ㅇ
표고가루,재료,식재료 원물,버섯류,버섯류,버섯류,"향긋함,감칠맛,식감추가",,표고버섯,ㅇ
밤버섯,재료,식재료 원물,버섯류,버섯류,버섯류,"향긋함,감칠맛,식감추가",,,ㅇ
능이버섯,재료,식재료 원물,버섯류,버섯류,버섯류,"향긋함,감칠맛,식감추가",,,ㅇ
참타리버섯,재료,식재료 원물,버섯류,버섯류,버섯류,"향긋함,감칠맛,식감추가",,느타리버섯,ㅇ
청느타리버섯,재료,식재료 원물,버섯류,버섯류,버섯류,"향긋함,감칠맛,식감추가",,느타리버섯,ㅇ
건표고,재료,식재료 원물,버섯류,버섯류,버섯류,"향긋함,감칠맛,식감추가",건표고가공품,표고버섯,ㅇ
잎새버섯,재료,식재료 원물,버섯류,버섯류,버섯류,"향긋함,감칠맛,식감추가",,,ㅇ
율무느타리버섯,재료,식재료 원물,버섯류,버섯류,버섯류,"향긋함,감칠맛,식감추가",,느타리버섯,ㅇ
만가닥버섯,재료,식재료 원물,버섯류,버섯류,버섯류,"향긋함,감칠맛,식감추가",백만송이버섯,-,ㅇ
싸리버섯,재료,식재료 원물,버섯류,버섯류,버섯류,"향긋함,감칠맛,식감추가",,,ㅇ
영지버섯,재료,식재료 원물,버섯류,버섯류,버섯류,"향긋함,감칠맛,식감추가",,,ㅇ
버들송이버섯,재료,식재료 원물,버섯류,버섯류,버섯류,"향긋함,감칠맛,식감추가",,,ㅇ
큰느타리버섯,재료,식재료 원물,버섯류,버섯류,버섯류,"향긋함,감칠맛,식감추가",,느타리버섯,ㅇ
볶음새송이,재료,식재료 원물,버섯류,버섯류,버섯류,"향긋함,감칠맛,식감추가",,새송이버섯,ㅇ
송이버섯,재료,식재료 원물,버섯류,버섯류,버섯류,"향긋함,감칠맛,식감추가",,,ㅇ
포타벨라,재료,식재료 원물,버섯류,버섯류,버섯류,"향긋함,감칠맛,식감추가",,양송이버섯,ㅇ
맛타리버섯,재료,식재료 원물,버섯류,버섯류,버섯류,"향긋함,감칠맛,식감추가",,,ㅇ
노루궁뎅이버섯,재료,식재료 원물,버섯류,버섯류,버섯류,"향긋함,감칠맛,식감추가",,,ㅇ
풀버섯,재료,식재료 원물,버섯류,버섯류,버섯류,"향긋함,감칠맛,식감추가",,,ㅇ
상황버섯,재료,식재료 원물,버섯류,버섯류,버섯류,"향긋함,감칠맛,식감추가",,,ㅇ
패티,재료,식재료 원물,육류/수산/달걀,가공육,가공육류,"감칠맛, 고기향",,,
떡갈비,재료,식재료 원물,육류/수산/달걀,가공육,가공육류,"감칠맛, 달콤함",,,
콩고기,재료,식재료 원물,육류/수산/달걀,가공육,가공육류,"고소함, 식감추가, 단백질","콩미트, 식물성 고기",-,ㅇ
게장,재료,식재료 원물,육류/수산/달걀,가공육,게류,"짠맛, 감칠맛",,,
새우패티,재료,식재료 원물,육류/수산/달걀,가공육,게류,"해산물향, 짠맛, 식감추가",,-,ㅇ
유부,재료,식재료 원물,육류/수산/달걀,가공육,기타가공육,고소함,,,
마늘버터칩,재료,식재료 원물,육류/수산/달걀,가공육,기타가공육,"고소함, 마늘향",,,
라드,재료,식재료 원물,육류/수산/달걀,가공육,동물지방,"고소함, 풍미",,,
게맛살,재료,식재료 원물,육류/수산/달걀,가공육,모조해산육,감칠맛,맛살,,
크레미,재료,식재료 원물,육류/수산/달걀,가공육,모조해산육,"감칠맛, 달콤함",크래미,,
크래미,재료,식재료 원물,육류/수산/달걀,가공육,모조해산육,"단맛, 해산물향, 유사게맛살",게맛살,,ㅇ
프랑크소시지,재료,식재료 원물,육류/수산/달걀,가공육,소시지류,(삭제),,소시지,ㅇ
리용소시지,재료,식재료 원물,육류/수산/달걀,가공육,소시지류,(삭제),,소시지,ㅇ
둥글이통통햄,재료,식재료 원물,육류/수산/달걀,가공육,소시지류,(삭제),,소시지,ㅇ
소세지,재료,식재료 원물,육류/수산/달걀,가공육,소시지류,감칠맛,소시지,,
비엔나소세지,재료,식재료 원물,육류/수산/달걀,가공육,소시지류,감칠맛,비엔나,소세지,
분홍소세지,재료,식재료 원물,육류/수산/달걀,가공육,소시지류,감칠맛,분홍소시지,소세지,
후랑크,재료,식재료 원물,육류/수산/달걀,가공육,소시지류,"감칠맛, 짠맛","후랑크소시지, 후랑크소세지",소세지,
페퍼로니,재료,식재료 원물,육류/수산/달걀,가공육,소시지류,"감칠맛, 짠맛",,소세지,
킬바사,재료,식재료 원물,육류/수산/달걀,가공육,소시지류,"감칠맛, 짠맛",,소세지,
순대,재료,식재료 원물,육류/수산/달걀,가공육,소시지류,고기향,,,
치즈소시지,재료,식재료 원물,육류/수산/달걀,가공육,소시지류,"고기향, 고소함, 식감추가",,-,ㅇ
볼로냐소시지,재료,식재료 원물,육류/수산/달걀,가공육,소시지류,"고기향, 식감, 단짠",,-,ㅇ
비엔나소시지,재료,식재료 원물,육류/수산/달걀,가공육,소시지류,"고기향, 식감, 단짠",,-,ㅇ
후랑크소시지,재료,식재료 원물,육류/수산/달걀,가공육,소시지류,"고기향, 짠맛, 식감추가","프랑크푸르트소시지, 프랑크소시지, 후랑크소시지, ",소시지,ㅇ
마늘소시지,재료,식재료 원물,육류/수산/달걀,가공육,소시지류,"고기향, 향신, 식감",,-,ㅇ
이탈리안소시지,재료,식재료 원물,육류/수산/달걀,가공육,소시지류,"고기향, 향신, 식감추가",,-,ㅇ
오뎅,재료,식재료 원물,육류/수산/달걀,가공육,어묵류,감칠맛,어묵,,
어묵,재료,식재료 원물,육류/수산/달걀,가공육,어묵류,"해산물향, 식감추가, 짠맛","찐어묵, 어육소시지",-,ㅇ
젓갈,재료,식재료 원물,육류/수산/달걀,가공육,젓갈류,"감칠맛, 짠맛, 발효된 맛",,,ㅇ
명란젓,재료,식재료 원물,육류/수산/달걀,가공육,젓갈류,"짠맛, 매운맛",,,
통조림햄,재료,식재료 원물,육류/수산/달걀,가공육,캔육류,"짠맛, 감칠맛",햄통조림,소세지,
고추참치,재료,식재료 원물,육류/수산/달걀,가공육,캔해산물,"감칠맛, 매운맛",고추참치캔,,
참치캔,재료,식재료 원물,육류/수산/달걀,가공육,캔해산물,"감칠맛, 짠맛",캔참치,,
불고기햄,재료,식재료 원물,육류/수산/달걀,가공육,햄류,"고기향, 단짠, 가공조미",,햄,ㅇ
베이컨칩,재료,식재료 원물,육류/수산/달걀,가공육,햄류,"고기향, 바삭함, 토핑용",,햄,ㅇ
돼지고기햄,재료,식재료 원물,육류/수산/달걀,가공육,햄류,"고기향, 짠맛, 단단함",,햄,ㅇ
본레스햄,재료,식재료 원물,육류/수산/달걀,가공육,햄류,"고기향, 짠맛, 식감추가",,햄,ㅇ
김밥햄,재료,식재료 원물,육류/수산/달걀,가공육,햄류,"고기향, 짠맛, 식감추가",,햄,ㅇ
런천미트햄,재료,식재료 원물,육류/수산/달걀,가공육,햄류,"고기향, 짠맛, 식감추가",,햄,ㅇ
등심햄,재료,식재료 원물,육류/수산/달걀,가공육,햄류,"고기향, 짠맛, 식감추가",,햄,ㅇ
쵸핑햄,재료,식재료 원물,육류/수산/달걀,가공육,햄류,"고기향, 짠맛, 식감추가",,햄,ㅇ
햄,재료,식재료 원물,육류/수산/달걀,가공육,햄류,"고기향, 짠맛, 식감추가",,햄,ㅇ
프레스햄,재료,식재료 원물,육류/수산/달걀,가공육,햄류,"고기향, 짠맛, 유화식감",,햄,ㅇ
마늘햄,재료,식재료 원물,육류/수산/달걀,가공육,햄류,"고기향, 짠맛, 향신",,햄,ㅇ
슬라이스햄,재료,식재료 원물,육류/수산/달걀,가공육,햄류,짠맛,,소세지,
빽햄,재료,식재료 원물,육류/수산/달걀,가공육,햄류,짠맛,,소세지,
스팸,재료,식재료 원물,육류/수산/달걀,가공육,햄류,"짠맛, 감칠맛",리챔,소세지,
스모그햄,재료,식재료 원물,육류/수산/달걀,가공육,햄류,"훈연향, 고기향, 짠맛",,햄,ㅇ
훈제오리,재료,식재료 원물,육류/수산/달걀,가공육,훈제육류,"감칠맛, 짠맛",,,
베이컨,재료,식재료 원물,육류/수산/달걀,가공육,훈제육류,"짠맛, 고소함",,소세지,
오리훈제,재료,식재료 원물,육류/수산/달걀,가공육,훈제육류,"훈연향, 짭조름함",,,ㅇ
훈제 오리,재료,식재료 원물,육류/수산/달걀,가공육,훈제육류,"훈연향, 짭짤함",,,ㅇ
훈제닭고기,재료,식재료 원물,육류/수산/달걀,가공육,훈제육류,"훈연향, 짭짤함",,,ㅇ
훈제오리고기,재료,식재료 원물,육류/수산/달걀,가공육,훈제육류,"훈연향, 짭짤함",,,ㅇ
가재,재료,식재료 원물,육류/수산/달걀,갑각류,가재류,"감칠맛, 식감추가",,-,ㅇ
참게,재료,식재료 원물,육류/수산/달걀,갑각류,게류,"감칠맛, 바다향",,-,ㅇ
게,재료,식재료 원물,육류/수산/달걀,갑각류,게류,"감칠맛, 바다향, 식감추가",,-,ㅇ
방게,재료,식재료 원물,육류/수산/달걀,갑각류,게류,"감칠맛, 식감추가",,-,ㅇ
게살,재료,식재료 원물,육류/수산/달걀,갑각류,게류,"살점, 가공용",,홍게,
꽃게,재료,식재료 원물,육류/수산/달걀,갑각류,게류,"해산물향, 국물용",,홍게,
크랩,재료,식재료 원물,육류/수산/달걀,갑각류,게류,"해산물향, 살점",크랩,홍게,
홍게,재료,식재료 원물,육류/수산/달걀,갑각류,게류,"해산물향, 살점",,,
대게,재료,식재료 원물,육류/수산/달걀,갑각류,게류,"해산물향, 살점, 고급",,홍게,
바닷가재,재료,식재료 원물,육류/수산/달걀,갑각류,랍스터류,"감칠맛, 고급풍미, 식감추가",,-,ㅇ
대하,재료,식재료 원물,육류/수산/달걀,갑각류,새우류,"감칠맛, 고단백, 큼직함",,새우,
생새우,재료,식재료 원물,육류/수산/달걀,갑각류,새우류,"감칠맛, 살점",,새우,
새우,재료,식재료 원물,육류/수산/달걀,갑각류,새우류,"감칠맛, 살점",,,
새우살,재료,식재료 원물,육류/수산/달걀,갑각류,새우류,"감칠맛, 살점, 손질됨",,새우,
적새우살,재료,식재료 원물,육류/수산/달걀,갑각류,새우류,"감칠맛, 식감추가",,-,ㅇ
닭새우,재료,식재료 원물,육류/수산/달걀,갑각류,새우류,"감칠맛, 식감추가",,-,ㅇ
보리새우,재료,식재료 원물,육류/수산/달걀,갑각류,새우류,"감칠맛, 식감추가",,-,ㅇ
새우 튀김용,재료,식재료 원물,육류/수산/달걀,갑각류,새우류,"감칠맛, 식감추가",,새우류,ㅇ
왕새우,재료,식재료 원물,육류/수산/달걀,갑각류,새우류,"감칠맛, 식감추가",,-,ㅇ
꽃새우,재료,식재료 원물,육류/수산/달걀,갑각류,새우류,"감칠맛, 식감추가",,,ㅇ
흰다리새우,재료,식재료 원물,육류/수산/달걀,갑각류,새우류,"감칠맛, 식감추가",,,ㅇ
가시발새우,재료,식재료 원물,육류/수산/달걀,갑각류,새우류,"감칠맛, 식감추가",,,ㅇ
멸치다시마육수,재료,식재료 원물,육류/수산/달걀,건조해산물류,멸치류,"감칠맛, 육수용","멸치다시마, 다시멸치",멸치,
멸치,재료,식재료 원물,육류/수산/달걀,건조해산물류,멸치류,"감칠맛, 국물용",,,
디포리,재료,식재료 원물,육류/수산/달걀,건조해산물류,멸치류,"감칠맛, 대체육수",,멸치,
중멸치,재료,식재료 원물,육류/수산/달걀,건조해산물류,멸치류,"감칠맛, 육수용",,멸치,
다시멸치,재료,식재료 원물,육류/수산/달걀,건조해산물류,멸치류,"감칠맛, 짠맛, 육수용",,-,ㅇ
지리멸치,재료,식재료 원물,육류/수산/달걀,건조해산물류,멸치류,"감칠맛, 짠맛, 육수용",,다시멸치,ㅇ
보리멸치,재료,식재료 원물,육류/수산/달걀,건조해산물류,멸치류,"감칠맛, 짠맛, 육수용",,멸치류,ㅇ
대멸치,재료,식재료 원물,육류/수산/달걀,건조해산물류,멸치류,"감칠맛, 짠맛, 육수용",,-,ㅇ
잔멸치,재료,식재료 원물,육류/수산/달걀,건조해산물류,멸치류,"감칠맛, 짠맛, 육수용",,,ㅇ
국물용멸치,재료,식재료 원물,육류/수산/달걀,건조해산물류,멸치류,육수전용,"국물멸치, 국멸치",멸치,
멸치육수주머니,재료,식재료 원물,육류/수산/달걀,건조해산물류,멸치류,"육수전용, 혼합형",,멸치,
볶은새우가루,재료,식재료 원물,육류/수산/달걀,건조해산물류,새우류,"감칠맛, 가루형",,새우,
건새우,재료,식재료 원물,육류/수산/달걀,건조해산물류,새우류,"감칠맛, 고명용",,새우,
새우가루,재료,식재료 원물,육류/수산/달걀,건조해산물류,새우류,"감칠맛, 짠맛, 풍미첨가",,-,ㅇ
포,재료,식재료 원물,육류/수산/달걀,건조해산물류,생선포류,"감칠맛, 식감추가",,-,ㅇ
날치알,재료,식재료 원물,육류/수산/달걀,건조해산물류,어란류,"톡톡한 식감, 색감",,,
굴비,재료,식재료 원물,육류/수산/달걀,건조해산물류,어포류,"감칠맛, 짠맛",,,ㅇ
진미채,재료,식재료 원물,육류/수산/달걀,건조해산물류,어포류,"단짠맛, 반찬용",,,
오징어채,재료,식재료 원물,육류/수산/달걀,건조해산물류,어포류,"쫄깃함, 간식용",,,
건꼴뚜기,재료,식재료 원물,육류/수산/달걀,건조해산물류,어포류,"쫄깃함, 국물가능",,,
가쓰오부시,재료,식재료 원물,육류/수산/달걀,건조해산물류,어포류,"훈제향, 감칠맛",,,
오징어실채,재료,식재료 원물,육류/수산/달걀,건조해산물류,오징어채,"감칠맛, 식감추가",,건오징어,ㅇ
황태포,재료,식재료 원물,육류/수산/달걀,건조해산물류,황태류,"감칠맛, 국물용, 포형태",,황태,
황태대가리,재료,식재료 원물,육류/수산/달걀,건조해산물류,황태류,"감칠맛, 국물전용",,황태,
코다리,재료,식재료 원물,육류/수산/달걀,건조해산물류,황태류,"감칠맛, 반건조, 조림용",,황태,
황태,재료,식재료 원물,육류/수산/달걀,건조해산물류,황태류,"감칠맛, 육수용",,,
북어,재료,식재료 원물,육류/수산/달걀,건조해산물류,황태류,"감칠맛, 육수용",,황태,
북어머리,재료,식재료 원물,육류/수산/달걀,건조해산물류,황태류,"감칠맛, 육수용, 짠맛",,북어,ㅇ
먹태,재료,식재료 원물,육류/수산/달걀,건조해산물류,황태류,"감칠맛, 짠맛, 식감추가",,-,ㅇ
황태채,재료,식재료 원물,육류/수산/달걀,건조해산물류,황태류,"감칠맛, 채형태",,황태,
북어채,재료,식재료 원물,육류/수산/달걀,건조해산물류,황태류,"감칠맛, 채형태",,황태,
피단,재료,식재료 원물,육류/수산/달걀,달걀/난류,가공란류,"감칠맛, 고단백, 가공란, 특수풍미, 저탄수",,,ㅇ
난백,재료,식재료 원물,육류/수산/달걀,달걀/난류,계란류,"거품형성, 점도부여, 단백질, 저지방",,,ㅇ
달걀,재료,식재료 원물,육류/수산/달걀,달걀/난류,계란류,"담백함,응고력,풍미",계란,,
거위알,재료,식재료 원물,육류/수산/달걀,달걀/난류,기타 난류,"담백, 진한 고소함",,,ㅇ
메추리알,재료,식재료 원물,육류/수산/달걀,달걀/난류,메추리알류,"담백함,식감추가",,,
가자미살,재료,식재료 원물,육류/수산/달걀,생선류,가자미류,"감칠맛, 담백함",,-,ㅇ
갈가자미,재료,식재료 원물,육류/수산/달걀,생선류,가자미류,"감칠맛, 담백함",,가자미살,ㅇ
돌가자미,재료,식재료 원물,육류/수산/달걀,생선류,가자미류,"감칠맛, 담백함",,-,ㅇ
범가자미,재료,식재료 원물,육류/수산/달걀,생선류,가자미류,"감칠맛, 담백함",,,ㅇ
줄가자미,재료,식재료 원물,육류/수산/달걀,생선류,가자미류,"감칠맛, 담백함",,-,ㅇ
동갈치,재료,식재료 원물,육류/수산/달걀,생선류,갈치류,"감칠맛, 지방풍미",,-,ㅇ
순살고등어,재료,식재료 원물,육류/수산/달걀,생선류,고등어류,"감칠맛, 지방풍미",,-,ㅇ
자반고등어,재료,식재료 원물,육류/수산/달걀,생선류,고등어류,"감칠맛, 짠맛, 지방풍미",,순살고등어,ㅇ
은대구,재료,식재료 원물,육류/수산/달걀,생선류,대구류,"감칠맛, 담백함, 지방풍미",,-,ㅇ
동태살,재료,식재료 원물,육류/수산/달걀,생선류,명태류,"감칠맛, 담백함",,-,ㅇ
명태,재료,식재료 원물,육류/수산/달걀,생선류,명태류,"감칠맛, 담백함",,동태살,ㅇ
구이용삼치,재료,식재료 원물,육류/수산/달걀,생선류,삼치류,"감칠맛, 지방풍미",삼치살,삼치살,ㅇ
아귀,재료,식재료 원물,육류/수산/달걀,생선류,생선류,"감칠맛, 담백함",,-,ㅇ
물메기,재료,식재료 원물,육류/수산/달걀,생선류,생선류,"감칠맛, 담백함",,-,ㅇ
횟대,재료,식재료 원물,육류/수산/달걀,생선류,생선류,"감칠맛, 담백함",,-,ㅇ
도치,재료,식재료 원물,육류/수산/달걀,생선류,생선류,"감칠맛, 담백함",,-,ㅇ
복어,재료,식재료 원물,육류/수산/달걀,생선류,생선류,"감칠맛, 담백함",,-,ㅇ
민어,재료,식재료 원물,육류/수산/달걀,생선류,생선류,"감칠맛, 담백함",,-,ㅇ
틸라피아,재료,식재료 원물,육류/수산/달걀,생선류,생선류,"감칠맛, 담백함",,-,ㅇ
도다리,재료,식재료 원물,육류/수산/달걀,생선류,생선류,"감칠맛, 담백함",,,ㅇ
도루묵,재료,식재료 원물,육류/수산/달걀,생선류,생선류,"감칠맛, 담백함",,,ㅇ
능성어,재료,식재료 원물,육류/수산/달걀,생선류,생선류,"감칠맛, 담백함",,,ㅇ
문치가자미,재료,식재료 원물,육류/수산/달걀,생선류,생선류,"감칠맛, 담백함",,,ㅇ
술봉가자미,재료,식재료 원물,육류/수산/달걀,생선류,생선류,"감칠맛, 담백함",,,ㅇ
매퉁이,재료,식재료 원물,육류/수산/달걀,생선류,생선류,"감칠맛, 담백함",,,ㅇ
참조기,재료,식재료 원물,육류/수산/달걀,생선류,생선류,"감칠맛, 담백함",,,ㅇ
개볼락,재료,식재료 원물,육류/수산/달걀,생선류,생선류,"감칠맛, 담백함",,,ㅇ
민태,재료,식재료 원물,육류/수산/달걀,생선류,생선류,"감칠맛, 담백함",,,ㅇ
참가자미,재료,식재료 원물,육류/수산/달걀,생선류,생선류,"감칠맛, 담백함",,,ㅇ
네동가리,재료,식재료 원물,육류/수산/달걀,생선류,생선류,"감칠맛, 담백함",,,ㅇ
양태,재료,식재료 원물,육류/수산/달걀,생선류,생선류,"감칠맛, 담백함",,,ㅇ
넙치,재료,식재료 원물,육류/수산/달걀,생선류,생선류,"감칠맛, 담백함",,,ㅇ
무지개송어,재료,식재료 원물,육류/수산/달걀,생선류,생선류,"감칠맛, 담백함, 지방풍미",,,ㅇ
성게,재료,식재료 원물,육류/수산/달걀,생선류,생선류,"감칠맛, 바다향",,-,ㅇ
밴댕이,재료,식재료 원물,육류/수산/달걀,생선류,생선류,"감칠맛, 바다향",,-,ㅇ
가오리,재료,식재료 원물,육류/수산/달걀,생선류,생선류,"감칠맛, 식감추가",,-,ㅇ
개불,재료,식재료 원물,육류/수산/달걀,생선류,생선류,"감칠맛, 식감추가",,-,ㅇ
정어리,재료,식재료 원물,육류/수산/달걀,생선류,생선류,"감칠맛, 지방풍미",,-,ㅇ
삼치살,재료,식재료 원물,육류/수산/달걀,생선류,생선류,"감칠맛, 지방풍미",,-,ㅇ
쥐치,재료,식재료 원물,육류/수산/달걀,생선류,생선류,"감칠맛, 지방풍미",,-,ㅇ
줄삼치,재료,식재료 원물,육류/수산/달걀,생선류,생선류,"감칠맛, 지방풍미",,-,ㅇ
부시리,재료,식재료 원물,육류/수산/달걀,생선류,생선류,"감칠맛, 지방풍미",,-,ㅇ
양미리,재료,식재료 원물,육류/수산/달걀,생선류,생선류,"감칠맛, 지방풍미",,-,ㅇ
가다랑어,재료,식재료 원물,육류/수산/달걀,생선류,생선류,"감칠맛, 지방풍미",,,ㅇ
평삼치,재료,식재료 원물,육류/수산/달걀,생선류,생선류,"감칠맛, 지방풍미",,,ㅇ
다랑어,재료,식재료 원물,육류/수산/달걀,생선류,생선류,"감칠맛, 지방풍미",,,ㅇ
전어,재료,식재료 원물,육류/수산/달걀,생선류,생선류,"감칠맛, 지방풍미",,,ㅇ
청새치,재료,식재료 원물,육류/수산/달걀,생선류,생선류,"감칠맛, 지방풍미",,,ㅇ
해삼,재료,식재료 원물,육류/수산/달걀,생선류,생선류,"감칠맛, 해산풍미",,,ㅇ
가다랭이,재료,식재료 원물,육류/수산/달걀,생선류,생선류,"감칠맛, 훈연풍미",,-,ㅇ
훈제연어,재료,식재료 원물,육류/수산/달걀,생선류,생선류,"감칠맛, 훈제풍미, 지방풍미",,,ㅇ
붕어,재료,식재료 원물,육류/수산/달걀,생선류,생선류,"감칠맛, 흙맛",,-,ㅇ
미꾸라지,재료,식재료 원물,육류/수산/달걀,생선류,생선류,"감칠맛, 흙맛, 지방풍미",,-,ㅇ
메기,재료,식재료 원물,육류/수산/달걀,생선류,생선류,"감칠맛, 흙맛, 지방풍미",,-,ㅇ
꽁치,재료,식재료 원물,육류/수산/달걀,생선류,생선류,"비린맛, 감칠맛, 단백함, 해산물향",학꽁치,,
가자미,재료,식재료 원물,육류/수산/달걀,생선류,생선류,"비린맛, 감칠맛, 단백함, 해산물향",참가자미,,
도미,재료,식재료 원물,육류/수산/달걀,생선류,생선류,"비린맛, 감칠맛, 단백함, 해산물향","줄돔, 참돔",,
열기,재료,식재료 원물,육류/수산/달걀,생선류,생선류,"비린맛, 감칠맛, 단백함, 해산물향","볼락, 불볼락, 불락",,
참치,재료,식재료 원물,육류/수산/달걀,생선류,생선류,"비린맛, 감칠맛, 단백함, 해산물향",,,
조기,재료,식재료 원물,육류/수산/달걀,생선류,생선류,"비린맛, 감칠맛, 단백함, 해산물향",,,
장어,재료,식재료 원물,육류/수산/달걀,생선류,생선류,"비린맛, 감칠맛, 단백함, 해산물향",,,
임연수어,재료,식재료 원물,육류/수산/달걀,생선류,생선류,"비린맛, 감칠맛, 단백함, 해산물향",,,
우럭,재료,식재료 원물,육류/수산/달걀,생선류,생선류,"비린맛, 감칠맛, 단백함, 해산물향",,,
연어,재료,식재료 원물,육류/수산/달걀,생선류,생선류,"비린맛, 감칠맛, 단백함, 해산물향",,,
병어,재료,식재료 원물,육류/수산/달걀,생선류,생선류,"비린맛, 감칠맛, 단백함, 해산물향",,,
등가시치,재료,식재료 원물,육류/수산/달걀,생선류,생선류,"비린맛, 감칠맛, 단백함, 해산물향",,,
동태,재료,식재료 원물,육류/수산/달걀,생선류,생선류,"비린맛, 감칠맛, 단백함, 해산물향",,,
대구,재료,식재료 원물,육류/수산/달걀,생선류,생선류,"비린맛, 감칠맛, 단백함, 해산물향",,,
날치,재료,식재료 원물,육류/수산/달걀,생선류,생선류,"비린맛, 감칠맛, 단백함, 해산물향",,,
까나리,재료,식재료 원물,육류/수산/달걀,생선류,생선류,"비린맛, 감칠맛, 단백함, 해산물향",,,
광어,재료,식재료 원물,육류/수산/달걀,생선류,생선류,"비린맛, 감칠맛, 단백함, 해산물향",,,
고랑치,재료,식재료 원물,육류/수산/달걀,생선류,생선류,"비린맛, 감칠맛, 단백함, 해산물향",,,
고등어,재료,식재료 원물,육류/수산/달걀,생선류,생선류,"비린맛, 감칠맛, 단백함, 해산물향",,,
갈치,재료,식재료 원물,육류/수산/달걀,생선류,생선류,"비린맛, 감칠맛, 단백함, 해산물향",,,
노가리,재료,식재료 원물,육류/수산/달걀,생선류,생선류,"비린맛, 감칠맛, 단백함, 해산물향",,,
놀래미,재료,식재료 원물,육류/수산/달걀,생선류,생선류,"비린맛, 감칠맛, 단백함, 해산물향",,,
농어,재료,식재료 원물,육류/수산/달걀,생선류,생선류,"비린맛, 감칠맛, 단백함, 해산물향",,,
다금바리,재료,식재료 원물,육류/수산/달걀,생선류,생선류,"비린맛, 감칠맛, 단백함, 해산물향",,,
박대,재료,식재료 원물,육류/수산/달걀,생선류,생선류,"비린맛, 감칠맛, 단백함, 해산물향",,,
방어,재료,식재료 원물,육류/수산/달걀,생선류,생선류,"비린맛, 감칠맛, 단백함, 해산물향",,,
빙어,재료,식재료 원물,육류/수산/달걀,생선류,생선류,"비린맛, 감칠맛, 단백함, 해산물향",,,
삼치,재료,식재료 원물,육류/수산/달걀,생선류,생선류,"비린맛, 감칠맛, 단백함, 해산물향",,,
서대,재료,식재료 원물,육류/수산/달걀,생선류,생선류,"비린맛, 감칠맛, 단백함, 해산물향",,,
송어,재료,식재료 원물,육류/수산/달걀,생선류,생선류,"비린맛, 감칠맛, 단백함, 해산물향",,,
숭어,재료,식재료 원물,육류/수산/달걀,생선류,생선류,"비린맛, 감칠맛, 단백함, 해산물향",,,
쏘가리,재료,식재료 원물,육류/수산/달걀,생선류,생선류,"비린맛, 감칠맛, 단백함, 해산물향",,,
연변어,재료,식재료 원물,육류/수산/달걀,생선류,생선류,"비린맛, 감칠맛, 단백함, 해산물향",,,
전갱이,재료,식재료 원물,육류/수산/달걀,생선류,생선류,"비린맛, 감칠맛, 단백함, 해산물향",,,
줄전갱이,재료,식재료 원물,육류/수산/달걀,생선류,생선류,"비린맛, 감칠맛, 단백함, 해산물향",,전갱이,
청어,재료,식재료 원물,육류/수산/달걀,생선류,생선류,"비린맛, 감칠맛, 단백함, 해산물향",,,
홍어,재료,식재료 원물,육류/수산/달걀,생선류,생선류,"비린맛, 감칠맛, 단백함, 해산물향",,,
참서대,재료,식재료 원물,육류/수산/달걀,생선류,서대류,"감칠맛, 담백함",,-,ㅇ
연어살,재료,식재료 원물,육류/수산/달걀,생선류,연어류,"감칠맛, 지방풍미",,-,ㅇ
은연어,재료,식재료 원물,육류/수산/달걀,생선류,연어류,"감칠맛, 지방풍미",연어살,연어살,ㅇ
말쥐치,재료,식재료 원물,육류/수산/달걀,생선류,쥐치류,"감칠맛, 담백함",,-,ㅇ
황다랑어,재료,식재료 원물,육류/수산/달걀,생선류,참치류,"감칠맛, 지방풍미",,-,ㅇ
황새치,재료,식재료 원물,육류/수산/달걀,생선류,참치류,"감칠맛, 지방풍미",,-,ㅇ
참다랑어,재료,식재료 원물,육류/수산/달걀,생선류,참치류,"감칠맛, 지방풍미",,-,ㅇ
양고기,재료,식재료 원물,육류/수산/달걀,육류,기타 육류,"특이한 풍미, 거친 식감",,,ㅇ
고래고기,재료,식재료 원물,육류/수산/달걀,육류,기타 육류,"특이한 풍미, 거친 식감",,,ㅇ
토끼고기,재료,식재료 원물,육류/수산/달걀,육류,기타 육류,"특이한 풍미, 거친 식감",,,ㅇ
꿩고기,재료,식재료 원물,육류/수산/달걀,육류,기타 육류,"특이한 풍미, 거친 식감",,,ㅇ
메추리고기,재료,식재료 원물,육류/수산/달걀,육류,기타 육류,"특이한 풍미, 거친 식감",,,ㅇ
거위고기,재료,식재료 원물,육류/수산/달걀,육류,기타 육류,"특이한 풍미, 거친 식감",,,ㅇ
염소고기,재료,식재료 원물,육류/수산/달걀,육류,기타 육류,"특이한 풍미, 거친 식감",,,ㅇ
칠면조고기,재료,식재료 원물,육류/수산/달걀,육류,기타 육류,"특이한 풍미, 거친 식감",,,ㅇ
말고기,재료,식재료 원물,육류/수산/달걀,육류,기타 육류,"특이한 풍미, 거친 식감",,,ㅇ
염통,재료,식재료 원물,육류/수산/달걀,육류,내장류,"고기향, 쫄깃함, 이색부위",돼지심장,돼지고기,ㅇ
내장,재료,식재료 원물,육류/수산/달걀,육류,내장류,"고소함, 풍미강화",,,
곱창,재료,식재료 원물,육류/수산/달걀,육류,내장류,"고소함, 풍미강화",,내장,
소 부산물,재료,식재료 원물,육류/수산/달걀,육류,내장류,쫄깃하고 특유 향,,,ㅇ
닭 부산물,재료,식재료 원물,육류/수산/달걀,육류,내장류,쫄깃하고 특유 향,,,ㅇ
거위 부산물,재료,식재료 원물,육류/수산/달걀,육류,내장류,쫄깃하고 특유 향,,,ㅇ
닭다리살,재료,식재료 원물,육류/수산/달걀,육류,닭고기류,"풍미, 튀김/찜용",닭다리,닭고기,
닭고기,재료,식재료 원물,육류/수산/달걀,육류,닭고기류,"다용도, 대중육","생닭, 닭",,
오골계,재료,식재료 원물,육류/수산/달걀,육류,닭고기류,담백하고 부드러움,,,ㅇ
영계,재료,식재료 원물,육류/수산/달걀,육류,닭고기류,"담백함, 백숙용, 소형닭",,닭고기,
닭가슴살,재료,식재료 원물,육류/수산/달걀,육류,닭고기류,"담백함, 샐러드/구이/볶음",,닭고기,
닭정육살,재료,식재료 원물,육류/수산/달걀,육류,닭고기류,"무뼈, 볶음/튀김용",,닭고기,
닭안심살,재료,식재료 원물,육류/수산/달걀,육류,닭고기류,"부드러움, 찜/튀김용",닭안심,닭고기,
닭봉,재료,식재료 원물,육류/수산/달걀,육류,닭고기류,"뼈 있음, 간장/양념찜",,닭고기,
닭날개,재료,식재료 원물,육류/수산/달걀,육류,닭고기류,"뼈 있음, 튀김/양념용",,닭고기,
닭똥집,재료,식재료 원물,육류/수산/달걀,육류,닭고기류,"쫄깃함, 볶음용",,닭고기,
닭발,재료,식재료 원물,육류/수산/달걀,육류,닭고기류,"콜라겐, 매운찜용",,닭고기,
닭껍질,재료,식재료 원물,육류/수산/달걀,육류,닭고기류,"튀김, 바삭한 식감",닭피,닭고기,
흑돼지,재료,식재료 원물,육류/수산/달걀,육류,돼지고기류,"감칠맛, 풍미, 기름짐",,돼지고기,
돼지목살,재료,식재료 원물,육류/수산/달걀,육류,돼지고기류,"결 있음, 구이/찜용",목살,돼지고기,
족발,재료,식재료 원물,육류/수산/달걀,육류,돼지고기류,"콜라겐, 쫄깃함, 삶음용",,돼지고기,
돼지 사태,재료,식재료 원물,육류/수산/달걀,육류,돼지고기류,"결 많음, 장조림/탕용",,돼지고기,
돼지고기앞다리살,재료,식재료 원물,육류/수산/달걀,육류,돼지고기류,"결 있음, 볶음/장조림","돼지 앞다리살, 돼지앞다리살",돼지고기,
돼지고기뒷다리살,재료,식재료 원물,육류/수산/달걀,육류,돼지고기류,"결 있음, 찜/볶음용","돼지 뒷다리살, 돼지뒷다리살",돼지고기,
등뼈,재료,식재료 원물,육류/수산/달걀,육류,돼지고기류,"고기향, 농축육수, 장시간조리",,돼지고기,ㅇ
오겹살,재료,식재료 원물,육류/수산/달걀,육류,돼지고기류,"기름짐, 구이용, 대중육",오겹,돼지고기,
삼겹살,재료,식재료 원물,육류/수산/달걀,육류,돼지고기류,"기름짐, 구이용, 대중육","삼겹, 통삼겹살, 통삼겹",돼지고기,
돼지고기,재료,식재료 원물,육류/수산/달걀,육류,돼지고기류,"다용도, 대중육","돼지, 한돈",,
돈육,재료,식재료 원물,육류/수산/달걀,육류,돼지고기류,부드럽고 기름짐,,,ㅇ
멧돼지고기,재료,식재료 원물,육류/수산/달걀,육류,돼지고기류,부드럽고 기름짐,,,ㅇ
등갈비,재료,식재료 원물,육류/수산/달걀,육류,돼지고기류,"뼈육, 구이/찜용",,돼지고기,
돼지갈비,재료,식재료 원물,육류/수산/달걀,육류,돼지고기류,"뼈육, 양념구이/찜용",,돼지고기,
돼지고기다짐육,재료,식재료 원물,육류/수산/달걀,육류,돼지고기류,"식감추가, 단백질원","다진돼지고기, 돼지고기다진육, 간돼지고기",돼지고기,
대패삼겹,재료,식재료 원물,육류/수산/달걀,육류,돼지고기류,"얇게 썬 삼겹, 볶음/구이용",,돼지고기,
돼지기름,재료,식재료 원물,육류/수산/달걀,육류,돼지고기류,"지방, 튀김/기름용",돼지비계,돼지고기,
돼지비계,재료,식재료 원물,육류/수산/달걀,육류,돼지고기류,"지방, 튀김/기름용",,돼지고기,
항정살,재료,식재료 원물,육류/수산/달걀,육류,돼지고기류,"풍미, 기름짐, 쫄깃함",,돼지고기,
폭립,재료,식재료 원물,육류/수산/달걀,육류,돼지고기류,"풍미, 뼈육, 바비큐용",,돼지갈비,
선지,재료,식재료 원물,육류/수산/달걀,육류,부위명칭-기타육류,"진한 맛, 잡내 있음",,,ㅇ
머리고기,재료,식재료 원물,육류/수산/달걀,육류,부위명칭-기타육류,"진한 맛, 잡내 있음",,,ㅇ
잡뼈,재료,식재료 원물,육류/수산/달걀,육류,부위명칭-기타육류,"진한 맛, 잡내 있음",,,ㅇ
꼬리,재료,식재료 원물,육류/수산/달걀,육류,부위명칭-기타육류,"진한 맛, 잡내 있음",,,ㅇ
췌장,재료,식재료 원물,육류/수산/달걀,육류,부위명칭-내장류,"쫄깃함, 고소함, 특유의 향",,,ㅇ
위,재료,식재료 원물,육류/수산/달걀,육류,부위명칭-내장류,"쫄깃함, 고소함, 특유의 향",,,ㅇ
허파,재료,식재료 원물,육류/수산/달걀,육류,부위명칭-내장류,"쫄깃함, 고소함, 특유의 향",,,ㅇ
간,재료,식재료 원물,육류/수산/달걀,육류,부위명칭-내장류,"쫄깃함, 고소함, 특유의 향",,,ㅇ
천엽,재료,식재료 원물,육류/수산/달걀,육류,부위명칭-내장류,"쫄깃함, 고소함, 특유의 향",,,ㅇ
가슴살,재료,식재료 원물,육류/수산/달걀,육류,부위명칭-닭고기류,"부드러움, 담백함",,,ㅇ
날개,재료,식재료 원물,육류/수산/달걀,육류,부위명칭-닭고기류,"부드러움, 담백함",,,ㅇ
닭다리,재료,식재료 원물,육류/수산/달걀,육류,부위명칭-닭고기류,"부드러움, 담백함",,,ㅇ
닭목,재료,식재료 원물,육류/수산/달걀,육류,부위명칭-닭고기류,"부드러움, 담백함",,,ㅇ
목살,재료,식재료 원물,육류/수산/달걀,육류,부위명칭-돼지고기류,"기름진 맛, 부드러운 식감",,,ㅇ
뒷다리,재료,식재료 원물,육류/수산/달걀,육류,부위명칭-돼지고기류,"기름진 맛, 부드러운 식감",,,ㅇ
목심,재료,식재료 원물,육류/수산/달걀,육류,부위명칭-돼지고기류,"기름진 맛, 부드러운 식감",,,ㅇ
돼지 부산물,재료,식재료 원물,육류/수산/달걀,육류,부위명칭-돼지고기류,"기름진 맛, 부드러운 식감",,,ㅇ
앞다리,재료,식재료 원물,육류/수산/달걀,육류,부위명칭-돼지고기류,"기름진 맛, 부드러운 식감",,,ㅇ
송아지 부산물,재료,식재료 원물,육류/수산/달걀,육류,부위명칭-소고기류,"고소함, 풍부한 육즙",,,ㅇ
송아지고기,재료,식재료 원물,육류/수산/달걀,육류,부위명칭-소고기류,"고소함, 풍부한 육즙",,,ㅇ
채끝,재료,식재료 원물,육류/수산/달걀,육류,부위명칭-소고기류,"고소함, 풍부한 육즙",,,ㅇ
우둔,재료,식재료 원물,육류/수산/달걀,육류,부위명칭-소고기류,"고소함, 풍부한 육즙",,,ㅇ
갈비,재료,식재료 원물,육류/수산/달걀,육류,부위명칭-소고기류,"고소함, 풍부한 육즙",,,ㅇ
사태,재료,식재료 원물,육류/수산/달걀,육류,부위명칭-소고기류,"고소함, 풍부한 육즙",,,ㅇ
살코기,재료,식재료 원물,육류/수산/달걀,육류,부위명칭-일반,균형잡힌 식감,,,ㅇ
절단육,재료,식재료 원물,육류/수산/달걀,육류,부위명칭-일반,균형잡힌 식감,,,ㅇ
정육,재료,식재료 원물,육류/수산/달걀,육류,부위명칭-일반,균형잡힌 식감,,,ㅇ
다리,재료,식재료 원물,육류/수산/달걀,육류,부위명칭-일반,균형잡힌 식감,,,ㅇ
소고기다짐육,재료,식재료 원물,육류/수산/달걀,육류,소고기류,"다짐육, 볶음/찜용","다진소고기, 소고기다진육",소고기,
토시살,재료,식재료 원물,육류/수산/달걀,육류,소고기류,"감칠맛, 부위육, 고급육",,소고기,
살치살,재료,식재료 원물,육류/수산/달걀,육류,소고기류,"감칠맛, 부위육, 구이용",,소고기,
소 사태,재료,식재료 원물,육류/수산/달걀,육류,소고기류,"결 많음, 장조림/탕용",,소고기,
등심,재료,식재료 원물,육류/수산/달걀,육류,소고기류,"결 있음, 구이/스테이크용",윗등심살,소고기,
부챗살,재료,식재료 원물,육류/수산/달걀,육류,소고기류,"결 있음, 구이용",부채살,소고기,
소고기패티,재료,식재료 원물,육류/수산/달걀,육류,소고기류,"고기향, 단짠, 식감",,소고기,ㅇ
아롱사태,재료,식재료 원물,육류/수산/달걀,육류,소고기류,"고기향, 콜라겐, 장시간조리",,소고기,ㅇ
우삼겹,재료,식재료 원물,육류/수산/달걀,육류,소고기류,"기름짐, 얇게 썬 부위육",,소고기,
차돌박이,재료,식재료 원물,육류/수산/달걀,육류,소고기류,"기름짐, 얇게 썬 육류, 구이용",차돌,소고기,
소고기,재료,식재료 원물,육류/수산/달걀,육류,소고기류,"다용도, 대중육","쇠고기, 한우, 비프",,
홍두깨살,재료,식재료 원물,육류/수산/달걀,육류,소고기류,"담백함, 결이 있음",,소고기,
윗등심살,재료,식재료 원물,육류/수산/달걀,육류,소고기류,"담백함, 구이용",,등심,
육우,재료,식재료 원물,육류/수산/달걀,육류,소고기류,"담백함, 대체육, 저가육",,소고기,
우둔살,재료,식재료 원물,육류/수산/달걀,육류,소고기류,"담백함, 장조림/육전용",,소고기,
설도,재료,식재료 원물,육류/수산/달걀,육류,소고기류,"담백함, 탕/장조림/국용",,소고기,
양지,재료,식재료 원물,육류/수산/달걀,육류,소고기류,"담백함, 탕용, 삶음용",,소고기,
안심,재료,식재료 원물,육류/수산/달걀,육류,소고기류,"부드러움, 구이/스테이크용",,소고기,
소갈비,재료,식재료 원물,육류/수산/달걀,육류,소고기류,"뼈육, 양념구이/찜용",LA갈비,소고기,
불고깃감,재료,식재료 원물,육류/수산/달걀,육류,소고기류,"얇은 육류, 양념용","불고기감, 불고기용 소고기",소고기,
한우,재료,식재료 원물,육류/수산/달걀,육류,소고기류,"풍미 좋음, 육즙 풍부",,,ㅇ
쇠고기,재료,식재료 원물,육류/수산/달걀,육류,소고기류,"풍미 좋음, 육즙 풍부",,,ㅇ
와규,재료,식재료 원물,육류/수산/달걀,육류,소고기류,"풍미, 고급육, 기름짐",,소고기,
채끝살,재료,식재료 원물,육류/수산/달걀,육류,소고기류,"풍미, 구이용, 고급육",채끝,소고기,
청둥오리,재료,식재료 원물,육류/수산/달걀,육류,오리고기류,기름지며 진한 맛,,,ㅇ
오리고기,재료,식재료 원물,육류/수산/달걀,육류,오리고기류,"다용도, 대중육","오리, 생오리",,
오리목살,재료,식재료 원물,육류/수산/달걀,육류,오리고기류,"쫄깃함, 특수부위",,오리고기,
말전복,재료,식재료 원물,육류/수산/달걀,조개류/연체류,,"감칠맛, 고급풍미, 식감추가",,-,ㅇ
참굴,재료,식재료 원물,육류/수산/달걀,조개류/연체류,,"감칠맛, 바다향",,-,ㅇ
홍합살,재료,식재료 원물,육류/수산/달걀,조개류/연체류,,"감칠맛, 바다향",,-,ㅇ
굴,재료,식재료 원물,육류/수산/달걀,조개류/연체류,,"감칠맛, 바다향",,,ㅇ
새꼬막,재료,식재료 원물,육류/수산/달걀,조개류/연체류,,"감칠맛, 식감추가",,-,ㅇ
참꼴뚜기,재료,식재료 원물,육류/수산/달걀,조개류/연체류,,"감칠맛, 식감추가",,-,ㅇ
세발낙지,재료,식재료 원물,육류/수산/달걀,조개류/연체류,,"감칠맛, 식감추가",,-,ㅇ
대문어,재료,식재료 원물,육류/수산/달걀,조개류/연체류,,"감칠맛, 식감추가",,-,ㅇ
소라,재료,식재료 원물,육류/수산/달걀,조개류/연체류,,"감칠맛, 식감추가",,-,ㅇ
살오징어,재료,식재료 원물,육류/수산/달걀,조개류/연체류,,"감칠맛, 식감추가",,-,ㅇ
손질갑오징어,재료,식재료 원물,육류/수산/달걀,조개류/연체류,,"감칠맛, 식감추가",,-,ㅇ
건오징어,재료,식재료 원물,육류/수산/달걀,조개류/연체류,,"감칠맛, 식감추가",,-,ㅇ
물오징어,재료,식재료 원물,육류/수산/달걀,조개류/연체류,,"감칠맛, 식감추가",살오징어,,ㅇ
바지락살,재료,식재료 원물,육류/수산/달걀,조개류/연체류,,"감칠맛, 식감추가",,-,ㅇ
대합,재료,식재료 원물,육류/수산/달걀,조개류/연체류,,"감칠맛, 식감추가",,-,ㅇ
백합,재료,식재료 원물,육류/수산/달걀,조개류/연체류,,"감칠맛, 식감추가",,-,ㅇ
말백합,재료,식재료 원물,육류/수산/달걀,조개류/연체류,,"감칠맛, 식감추가",,백합,ㅇ
개조개,재료,식재료 원물,육류/수산/달걀,조개류/연체류,,"감칠맛, 식감추가",,-,ㅇ
맛조개,재료,식재료 원물,육류/수산/달걀,조개류/연체류,,"감칠맛, 식감추가",,-,ㅇ
키조개,재료,식재료 원물,육류/수산/달걀,조개류/연체류,,"감칠맛, 식감추가",,-,ㅇ
쭈꾸미,재료,식재료 원물,육류/수산/달걀,조개류/연체류,,"감칠맛, 식감추가",,-,ㅇ
담치,재료,식재료 원물,육류/수산/달걀,조개류/연체류,,"감칠맛, 식감추가",,,ㅇ
참갑오징어,재료,식재료 원물,육류/수산/달걀,조개류/연체류,,"감칠맛, 식감추가",,,ㅇ
큰가리비,재료,식재료 원물,육류/수산/달걀,조개류/연체류,,"감칠맛, 식감추가",,,ㅇ
미더덕,재료,식재료 원물,육류/수산/달걀,조개류/연체류,,"감칠맛, 식감추가",,,ㅇ
동죽,재료,식재료 원물,육류/수산/달걀,조개류/연체류,,"감칠맛, 식감추가",,,ㅇ
재첩,재료,식재료 원물,육류/수산/달걀,조개류/연체류,,"감칠맛, 식감추가",,,ㅇ
한치,재료,식재료 원물,육류/수산/달걀,조개류/연체류,,"감칠맛, 식감추가",,,ㅇ
접시조개,재료,식재료 원물,육류/수산/달걀,조개류/연체류,,"감칠맛, 식감추가",,,ㅇ
피조개,재료,식재료 원물,육류/수산/달걀,조개류/연체류,,"감칠맛, 철분풍미",,-,ㅇ
바지락,재료,식재료 원물,육류/수산/달걀,조개류/연체류,,"감칠맛,조개향,국물용,찜용",바지락살,조개,
홍합,재료,식재료 원물,육류/수산/달걀,조개류/연체류,,"감칠맛,조개향,국물용,찜용",,조개,
조개,재료,식재료 원물,육류/수산/달걀,조개류/연체류,,"감칠맛,조개향,국물용,찜용",,,
전복,재료,식재료 원물,육류/수산/달걀,조개류/연체류,,"감칠맛,조개향,국물용,찜용",,조개,
우렁이살,재료,식재료 원물,육류/수산/달걀,조개류/연체류,,"감칠맛,조개향,국물용,찜용",,조개,
모시조개,재료,식재료 원물,육류/수산/달걀,조개류/연체류,,"감칠맛,조개향,국물용,찜용",,조개,
꼬막,재료,식재료 원물,육류/수산/달걀,조개류/연체류,,"감칠맛,조개향,국물용,찜용",,조개,
관자,재료,식재료 원물,육류/수산/달걀,조개류/연체류,,"감칠맛,조개향,국물용,찜용",,조개,
골뱅이,재료,식재료 원물,육류/수산/달걀,조개류/연체류,,"감칠맛,조개향,국물용,찜용",,조개,
가리비,재료,식재료 원물,육류/수산/달걀,조개류/연체류,,"감칠맛,조개향,국물용,찜용",,조개,
먹물,재료,식재료 원물,육류/수산/달걀,조개류/연체류,,"색감,해산물향,소스용",,,
해파리,재료,식재료 원물,육류/수산/달걀,조개류/연체류,,"식감,짠맛,무침용,회무침용",,,
멍게,재료,식재료 원물,육류/수산/달걀,조개류/연체류,,"식감,짠맛,무침용,회무침용",,,
명란,재료,식재료 원물,육류/수산/달걀,조개류/연체류,,"짠맛,감칠맛,비빔용,토핑용",,,
주꾸미,재료,식재료 원물,육류/수산/달걀,조개류/연체류,,"쫄깃함,감칠맛,볶음용,구이용",쭈꾸미,오징어,
자숙문어,재료,식재료 원물,육류/수산/달걀,조개류/연체류,,"쫄깃함,감칠맛,볶음용,구이용",(삭제),오징어,
오징어,재료,식재료 원물,육류/수산/달걀,조개류/연체류,,"쫄깃함,감칠맛,볶음용,구이용",,,
문어,재료,식재료 원물,육류/수산/달걀,조개류/연체류,,"쫄깃함,감칠맛,볶음용,구이용",,,
낙지,재료,식재료 원물,육류/수산/달걀,조개류/연체류,,"쫄깃함,감칠맛,볶음용,구이용",,오징어,
꼴뚜기,재료,식재료 원물,육류/수산/달걀,조개류/연체류,,"쫄깃함,감칠맛,볶음용,구이용",,오징어,
갑오징어,재료,식재료 원물,육류/수산/달걀,조개류/연체류,,"쫄깃함,감칠맛,볶음용,구이용",,오징어,
김밥김,재료,식재료 원물,육류/수산/달걀,해조류,김류,"감칠맛, 짠맛, 식감추가",,김,
김가루,재료,식재료 원물,육류/수산/달걀,해조류,김류,"감칠맛, 짠맛, 식감추가",,김,
초밥김,재료,식재료 원물,육류/수산/달걀,해조류,김류,"감칠맛, 식감추가, 은은함",,-,ㅇ
파래,재료,식재료 원물,육류/수산/달걀,해조류,김류,"감칠맛, 짠맛, 식감추가",,,
조미김,재료,식재료 원물,육류/수산/달걀,해조류,김류,"감칠맛, 짠맛, 식감추가",,김,
돌자반,재료,식재료 원물,육류/수산/달걀,해조류,김류,"감칠맛, 짠맛, 식감추가",,김,
다시마,재료,식재료 원물,육류/수산/달걀,해조류,김류,"감칠맛, 짠맛, 식감추가",,,
김자반,재료,식재료 원물,육류/수산/달걀,해조류,김류,"감칠맛, 짠맛, 식감추가",,김,
김,재료,식재료 원물,육류/수산/달걀,해조류,김류,"감칠맛, 짠맛, 식감추가",,,
감태,재료,식재료 원물,육류/수산/달걀,해조류,김류,"감칠맛, 짠맛, 식감추가",,,
참김,재료,식재료 원물,육류/수산/달걀,해조류,김류,"감칠맛,향긋함",,,ㅇ
김밥용김,재료,식재료 원물,육류/수산/달걀,해조류,김류,"식감추가,감칠맛",,김,ㅇ
자른미역,재료,식재료 원물,육류/수산/달걀,해조류,미역류,"감칠맛, 식감추가, 은은함",,-,ㅇ
건다시마,재료,식재료 원물,육류/수산/달걀,해조류,미역류,"감칠맛, 육수용, 은은함",,-,ㅇ
생미역,재료,식재료 원물,육류/수산/달걀,해조류,미역류,"감칠맛, 짠맛, 식감추가",,미역,
미역줄기,재료,식재료 원물,육류/수산/달걀,해조류,미역류,"감칠맛, 짠맛, 식감추가",,미역,
미역,재료,식재료 원물,육류/수산/달걀,해조류,미역류,"감칠맛, 짠맛, 식감추가",,,
갈파래,재료,식재료 원물,육류/수산/달걀,해조류,미역류,"감칠맛,색감",,해조류,ㅇ
매생이,재료,식재료 원물,육류/수산/달걀,해조류,미역류,"감칠맛,식감추가",,,ㅇ
모자반,재료,식재료 원물,육류/수산/달걀,해조류,해조류,"감칠맛, 식감추가, 은은함",,-,ㅇ
톳,재료,식재료 원물,육류/수산/달걀,해조류,해조류,"감칠맛, 식감추가, 은은함",,-,ㅇ
청각,재료,식재료 원물,육류/수산/달걀,해조류,해조류,"감칠맛, 식감추가, 은은함",,-,ㅇ
곰피,재료,식재료 원물,육류/수산/달걀,해조류,해조류,"감칠맛, 식감추가, 은은함",,-,ㅇ
우뭇가사리,재료,식재료 원물,육류/수산/달걀,해조류,해조류,식감추가,,,ㅇ
알감자,재료,식재료 원물,채소류,뿌리채소류,감자류,식감추가,,감자,ㅇ
히카마,재료,식재료 원물,채소류,뿌리채소류,감자류,"식감추가,수분감,단맛",,,ㅇ
돼지감자,재료,식재료 원물,채소류,뿌리채소류,감자류,"식감추가,은은함",,,ㅇ
아피오스감자,재료,식재료 원물,채소류,뿌리채소류,감자류,"식감추가,은은함",,,ㅇ
감자,재료,식재료 원물,채소류,뿌리채소류,감자류,"포만감,담백함","포테이토, 통감자, 알감자, 햇감자",감자,
호박고구마,재료,식재료 원물,채소류,뿌리채소류,고구마류,"달콤함,포만감",,고구마,
벌꿀고구마,재료,식재료 원물,채소류,뿌리채소류,고구마류,"달콤함,포만감",,고구마,
밤고구마,재료,식재료 원물,채소류,뿌리채소류,고구마류,"달콤함,포만감",,고구마,
고구마,재료,식재료 원물,채소류,뿌리채소류,고구마류,"달콤함,포만감",,,
고구마줄기,재료,식재료 원물,채소류,뿌리채소류,고구마줄기,"식이섬유, 식감추가",,,ㅇ
알뿌리,재료,식재료 원물,채소류,뿌리채소류,기타알뿌리류,"향긋함, 약재성, 식감",,,ㅇ
야콘,재료,식재료 원물,채소류,뿌리채소류,기타알뿌리류,"단맛,식감추가",,,ㅇ
당근,재료,식재료 원물,채소류,뿌리채소류,당근류,"색감,은은함",,,
도라지,재료,식재료 원물,채소류,뿌리채소류,더덕류,"식감추가,향긋함,담백함",,,
삼채,재료,식재료 원물,채소류,뿌리채소류,더덕류,"알싸함,향긋함",,,ㅇ
더덕,재료,식재료 원물,채소류,뿌리채소류,더덕류,"향긋함,식감추가",,,
둥근마,재료,식재료 원물,채소류,뿌리채소류,마류,"식감추가,은은함",,감자류,ㅇ
사탕무,재료,식재료 원물,채소류,뿌리채소류,무류,"단맛,색감",,,ㅇ
조선무,재료,식재료 원물,채소류,뿌리채소류,무류,식감추가,,무우류,ㅇ
콜라비,재료,식재료 원물,채소류,뿌리채소류,무류,"식감추가,단맛",,,ㅇ
적양무,재료,식재료 원물,채소류,뿌리채소류,무류,"식감추가,색감",,무우류,ㅇ
래디쉬,재료,식재료 원물,채소류,뿌리채소류,무류,"식감추가,색감",레디쉬,,ㅇ
순무,재료,식재료 원물,채소류,뿌리채소류,무류,"식감추가,은은함",,,ㅇ
총각무,재료,식재료 원물,채소류,뿌리채소류,무류,"아삭함,담백함,수분감",,무,
무,재료,식재료 원물,채소류,뿌리채소류,무류,"아삭함,수분감",무우,무,
비트,재료,식재료 원물,채소류,뿌리채소류,무류,"색감,은은함",,,
무말랭이,재료,식재료 원물,채소류,뿌리채소류,무말랭이,"식감추가,은은함",,무우류,ㅇ
양파,재료,식재료 원물,채소류,뿌리채소류,양파류,"향긋함, 단맛",,,
샬롯,재료,식재료 원물,채소류,뿌리채소류,양파류,"향긋함, 단맛",,양파,
염교,재료,식재료 원물,채소류,뿌리채소류,양파류,"식감추가,알싸함",,,ㅇ
연근,재료,식재료 원물,채소류,뿌리채소류,연근류,"아삭함,담백함",,,
우엉채,재료,식재료 원물,채소류,뿌리채소류,우엉류,"식감추가,은은함",,우엉,ㅇ
우엉,재료,식재료 원물,채소류,뿌리채소류,우엉류,"식감추가,향긋함",,,
홍삼,재료,식재료 원물,채소류,뿌리채소류,인삼류,"쓴맛,약초향",,,ㅇ
인삼,재료,식재료 원물,채소류,뿌리채소류,인삼류,"쓴맛,향긋함,기력회복",,,
죽순,재료,식재료 원물,채소류,뿌리채소류,죽순류,"아삭함,담백함","생죽순, 죽순채",,
알토란,재료,식재료 원물,채소류,뿌리채소류,토란류,"전분질감, 고소함, 단단함",,,ㅇ
토란,재료,식재료 원물,채소류,뿌리채소류,토란류,"식감추가,은은함",,,
마카,재료,식재료 원물,채소류,뿌리채소류,특수뿌리류,"고소함,기력회복",,,
칡,재료,식재료 원물,채소류,뿌리채소류,특수뿌리류,"식감추가,향긋함",칡뿌리,,ㅇ
가지,재료,식재료 원물,채소류,열매채소류,가지류,"식감추가,수분감",,,ㅇ
참두릅,재료,식재료 원물,채소류,열매채소류,두릅류,"쓴맛,향긋함",,두릅,ㅇ
차요테,재료,식재료 원물,채소류,열매채소류,박과류,"식감추가,단맛",,,ㅇ
청오이,재료,식재료 원물,채소류,열매채소류,오이류,"식감추가,수분감",오이,,ㅇ
늙은오이,재료,식재료 원물,채소류,열매채소류,오이류,"식감추가,수분감",,오이,ㅇ
취청,재료,식재료 원물,채소류,열매채소류,오이류,"식감추가,수분감",,오이,ㅇ
오이,재료,식재료 원물,채소류,열매채소류,오이류,"신선함,식감,수분감,샐러드용","다다기오이, 취청오이, 가시오이",,
오크라,재료,식재료 원물,채소류,열매채소류,오크라류,"식감추가,점성",,,ㅇ
국수호박,재료,식재료 원물,채소류,열매채소류,호박류,"식감추가,색감",,호박,ㅇ
돼지호박,재료,식재료 원물,채소류,열매채소류,호박류,"식감추가,수분감",,호박,ㅇ
쥬키니,재료,식재료 원물,채소류,열매채소류,호박류,"식감,신선함,향긋함",주키니,,
애호박,재료,식재료 원물,채소류,열매채소류,호박류,"식감,신선함,향긋함",,,
단호박,재료,식재료 원물,채소류,열매채소류,호박류,"식감,신선함,향긋함",,호박,
늙은호박,재료,식재료 원물,채소류,열매채소류,호박류,"식감,신선함,향긋함",,호박,
호박,재료,식재료 원물,채소류,열매채소류,호박류,"식감,신선함,향긋함",,,
홍갓,재료,식재료 원물,채소류,잎채소류,갓류,"식감,신선함,향긋함",,,
돌산갓,재료,식재료 원물,채소류,잎채소류,갓류,"향긋함,알싸함",,갓,ㅇ
갓,재료,식재료 원물,채소류,잎채소류,갓류,"향긋함,은은함",,,ㅇ
노각지,재료,식재료 원물,채소류,잎채소류,기타잎채소,"식감,신선함,향긋함",,,
쌈무,재료,식재료 원물,채소류,잎채소류,기타잎채소,"식감,신선함,향긋함",,,
아티초크,재료,식재료 원물,채소류,잎채소류,기타잎채소,"식감추가,은은함",,,ㅇ
순채,재료,식재료 원물,채소류,잎채소류,기타잎채소,"식감추가,은은함",,,ㅇ
공심채,재료,식재료 원물,채소류,잎채소류,기타잎채소,"식감추가,은은함",,,ㅇ
라디초,재료,식재료 원물,채소류,잎채소류,기타잎채소,"쓴맛,식감추가",,,ㅇ
치커리,재료,식재료 원물,채소류,잎채소류,기타잎채소,"쓴맛,식감추가",,,ㅇ
치콘,재료,식재료 원물,채소류,잎채소류,기타잎채소,"쓴맛,은은함",,,ㅇ
영아자,재료,식재료 원물,채소류,잎채소류,기타잎채소,"은은함,식감추가",,,ㅇ
근대,재료,식재료 원물,채소류,잎채소류,기타잎채소,"은은함,식감추가",,,ㅇ
고춧잎,재료,식재료 원물,채소류,잎채소류,기타잎채소,"향긋함,식감추가",,고추류,ㅇ
파프리카,재료,식재료 원물,채소류,잎채소류,기타채소류,"단맛,식감,색감,샐러드용","홍피망,청피망,빨강파프리카,미니파프리카,피망, 스위트파피",,
토마토,재료,식재료 원물,채소류,잎채소류,기타채소류,"단맛,식감,색감,샐러드용",,,
수세미,재료,식재료 원물,채소류,잎채소류,기타채소류,"식감,신선함,향긋함",,,
깻잎,재료,식재료 원물,채소류,잎채소류,깻잎류,"향긋함,식감추가",,,ㅇ
깻잎순,재료,식재료 원물,채소류,잎채소류,깻잎류,"향긋함,은은함",,깻잎,ㅇ
들깻잎,재료,식재료 원물,채소류,잎채소류,깻잎류,"향긋함,은은함",,깻잎,ㅇ
콩잎,재료,식재료 원물,채소류,잎채소류,깻잎류,"향긋함,은은함",,콩,ㅇ
깻잎나물,재료,식재료 원물,채소류,잎채소류,깻잎류,"향긋함,은은함",깻잎,(삭제),ㅇ
곰취,재료,식재료 원물,채소류,잎채소류,나물류,"향긋함,은은함",,,ㅇ
아욱,재료,식재료 원물,채소류,잎채소류,나물류,"구수함,식감,부드러움,숙채용",,,
삶은고사리,재료,식재료 원물,채소류,잎채소류,나물류,"식감,신선함,향긋함",,,
뽕잎,재료,식재료 원물,채소류,잎채소류,나물류,"식감,신선함,향긋함",,,
호박잎,재료,식재료 원물,채소류,잎채소류,덩굴잎류,"식감,신선함,향긋함",,,
고구마순,재료,식재료 원물,채소류,잎채소류,덩굴잎류,"식감추가,은은함",,고구마,ㅇ
돌나물,재료,식재료 원물,채소류,잎채소류,돌나물류,"식감,신선함,향긋함",,,
풋마늘,재료,식재료 원물,채소류,잎채소류,마늘파류,"향긋함,알싸함",,마늘,ㅇ
풋마늘대,재료,식재료 원물,채소류,잎채소류,마늘파류,알싸함,,,
마늘쫑,재료,식재료 원물,채소류,잎채소류,마늘파류,"알싸함, 식감추가","마늘종,햇마늘쫑",,
머위잎,재료,식재료 원물,채소류,잎채소류,머위류,"쓴맛, 향긋함",,,ㅇ
머위순,재료,식재료 원물,채소류,잎채소류,머위류,"쓴맛,나물용,무침용",,머위,
머위대,재료,식재료 원물,채소류,잎채소류,머위류,"쓴맛,나물용,무침용",,머위,
머위,재료,식재료 원물,채소류,잎채소류,머위류,"쓴맛,나물용,무침용",,,
머위나물,재료,식재료 원물,채소류,잎채소류,머위류,"은은함,식감추가",,머위,ㅇ
열무,재료,식재료 원물,채소류,잎채소류,무잎류,"구수함,식감,부드러움,숙채용",,,
알타리,재료,식재료 원물,채소류,잎채소류,무잎류,"식감,신선함,향긋함",,배추,
무청,재료,식재료 원물,채소류,잎채소류,무청류,"식감추가,은은함",,무우류,ㅇ
무시래기,재료,식재료 원물,채소류,잎채소류,무청류,"식감추가,은은함",,무우류,ㅇ
우거지,재료,식재료 원물,채소류,잎채소류,무청류,"식감추가,은은함",,배추,ㅇ
쌈배추,재료,식재료 원물,채소류,잎채소류,배추류,"식감추가,수분감",,배추,ㅇ
배추,재료,식재료 원물,채소류,잎채소류,배추류,"구수함,식감,부드러움,숙채용","배추잎,배춧잎",,
시래기,재료,식재료 원물,채소류,잎채소류,배추류,"구수함,식감,부드러움,숙채용",,,
얼갈이배추,재료,식재료 원물,채소류,잎채소류,배추류,"구수함,식감,부드러움,숙채용",,배추,
알배추,재료,식재료 원물,채소류,잎채소류,배추류,"식감,신선함,향긋함","알배기,알배기배추",배추,
단배추,재료,식재료 원물,채소류,잎채소류,배추류,"식감,신선함,향긋함",,배추,
양배추,재료,식재료 원물,채소류,잎채소류,배추류,"식감,신선함,향긋함",,,
청경채,재료,식재료 원물,채소류,잎채소류,배추류,"식감,신선함,향긋함",,,
노랑봄배추,재료,식재료 원물,채소류,잎채소류,배추류,"식감추가,은은함",,배추,ㅇ
얼갈이,재료,식재료 원물,채소류,잎채소류,배추류,"식감추가,은은함",,배추,ㅇ
경수채,재료,식재료 원물,채소류,잎채소류,배추류,"식감추가,은은함",,,ㅇ
봄동,재료,식재료 원물,채소류,잎채소류,배추류,"쓴맛,나물용,무침용",,,
부추,재료,식재료 원물,채소류,잎채소류,부추류,"알싸함,은은함",,부추,ㅇ
호부추,재료,식재료 원물,채소류,잎채소류,부추류,"알싸함,향긋함",,,ㅇ
두메부추,재료,식재료 원물,채소류,잎채소류,부추류,"알싸함,향긋함",,부추,ㅇ
열대비름,재료,식재료 원물,채소류,잎채소류,비름류,"은은함,식감추가",,비름나물,ㅇ
비름나물,재료,식재료 원물,채소류,잎채소류,비름류,"은은함,식감추가",,,ㅇ
개비름,재료,식재료 원물,채소류,잎채소류,비름류,"향긋함,은은함",,비름나물,ㅇ
곤드레,재료,식재료 원물,채소류,잎채소류,산나물류,"식감추가,은은함",,,ㅇ
고사리,재료,식재료 원물,채소류,잎채소류,산나물류,"식감추가,은은함",,,ㅇ
쇠귀나물,재료,식재료 원물,채소류,잎채소류,산나물류,"식감추가,은은함",,,ㅇ
동채,재료,식재료 원물,채소류,잎채소류,산나물류,"식감추가,은은함",,,ㅇ
세발나물,재료,식재료 원물,채소류,잎채소류,산나물류,"식감추가,짠맛",,,ㅇ
갯나물,재료,식재료 원물,채소류,잎채소류,산나물류,"식감추가,향긋함",,,ㅇ
소리쟁이,재료,식재료 원물,채소류,잎채소류,산나물류,"신맛,은은함",,,ㅇ
대나물,재료,식재료 원물,채소류,잎채소류,산나물류,"쌉싸름함, 제철나물",,,ㅇ
엄나무순,재료,식재료 원물,채소류,잎채소류,산나물류,"쌉싸름함, 향긋함",,,ㅇ
엉개나물,재료,식재료 원물,채소류,잎채소류,산나물류,"쓴맛, 향긋함",,,ㅇ
가죽나물,재료,식재료 원물,채소류,잎채소류,산나물류,"쓴맛, 향긋함, 봄나물",,,ㅇ
민들레,재료,식재료 원물,채소류,잎채소류,산나물류,"쓴맛,나물용,무침용",,,
두릅,재료,식재료 원물,채소류,잎채소류,산나물류,"쓴맛,나물용,무침용",,,
씀바귀,재료,식재료 원물,채소류,잎채소류,산나물류,"쓴맛,식감추가",,,ㅇ
고들빼기,재료,식재료 원물,채소류,잎채소류,산나물류,"쓴맛,향긋함",,,ㅇ
비비추,재료,식재료 원물,채소류,잎채소류,산나물류,"은은함,식감추가",,,ㅇ
부지갱이,재료,식재료 원물,채소류,잎채소류,산나물류,"은은함,향긋함",,,ㅇ
쑥부쟁이,재료,식재료 원물,채소류,잎채소류,산나물류,"은은함,향긋함",,,ㅇ
줄나물,재료,식재료 원물,채소류,잎채소류,산나물류,"은은함,향긋함",,,ㅇ
부지깽이,재료,식재료 원물,채소류,잎채소류,산나물류,"은은함,향긋함",,,ㅇ
개망초,재료,식재료 원물,채소류,잎채소류,산나물류,"향긋함, 들나물류",,,ㅇ
미역취,재료,식재료 원물,채소류,잎채소류,산나물류,"향긋함,식감추가",,,ㅇ
취나물,재료,식재료 원물,채소류,잎채소류,산나물류,"향긋함,알싸함,나물용",,,
참나물,재료,식재료 원물,채소류,잎채소류,산나물류,"향긋함,알싸함,나물용",,,
냉이,재료,식재료 원물,채소류,잎채소류,산나물류,"향긋함,알싸함,나물용",,,
방풍나물,재료,식재료 원물,채소류,잎채소류,산나물류,"향긋함,은은함",,,ㅇ
땅두릅,재료,식재료 원물,채소류,잎채소류,산나물류,"향긋함,은은함",,,ㅇ
개미취,재료,식재료 원물,채소류,잎채소류,산나물류,"향긋함,은은함",,,ㅇ
눈개승마,재료,식재료 원물,채소류,잎채소류,산나물류,"향긋함,은은함",,,ㅇ
마타리,재료,식재료 원물,채소류,잎채소류,산나물류,"향긋함,은은함",,,ㅇ
물쑥,재료,식재료 원물,채소류,잎채소류,산나물류,"향긋함,은은함",쑥,,ㅇ
삼나물,재료,식재료 원물,채소류,잎채소류,산나물류,"향긋함,은은함",,,ㅇ
참죽나물,재료,식재료 원물,채소류,잎채소류,산나물류,"향긋함,은은함",,,ㅇ
곤달비,재료,식재료 원물,채소류,잎채소류,산나물류,"향긋함,은은함",,,ㅇ
원추리,재료,식재료 원물,채소류,잎채소류,산나물류,"향긋함,은은함",,,ㅇ
파드득나물,재료,식재료 원물,채소류,잎채소류,산나물류,"향긋함,은은함",,,ㅇ
고추나물,재료,식재료 원물,채소류,잎채소류,산나물류,"향긋함,은은함",,고추,ㅇ
어수리,재료,식재료 원물,채소류,잎채소류,산나물류,"향긋함,은은함",,,ㅇ
잎상추,재료,식재료 원물,채소류,잎채소류,상추류,식감추가,상추,,ㅇ
쌈추,재료,식재료 원물,채소류,잎채소류,상추류,식감추가,,상추,ㅇ
상추,재료,식재료 원물,채소류,잎채소류,상추류,"신선함,식감,수분감,샐러드용",,배추,
로메인,재료,식재료 원물,채소류,잎채소류,상추류,"신선함,식감,수분감,샐러드용",,배추,
양상추,재료,식재료 원물,채소류,잎채소류,상추류,"신선함,식감,수분감,샐러드용",,배추,
청상추,재료,식재료 원물,채소류,잎채소류,상추류,"신선함,식감,수분감,샐러드용",,배추,
쌈채소,재료,식재료 원물,채소류,잎채소류,상추류,"향긋함,알싸함,나물용",,배추,
알팔파,재료,식재료 원물,채소류,잎채소류,새싹류,"식감추가,은은함",,,ㅇ
어린잎,재료,식재료 원물,채소류,잎채소류,새싹류,"신선함,식감,수분감,샐러드용",,,
새순,재료,식재료 원물,채소류,잎채소류,새싹류,"연한식감, 은은함, 제철식재",,,ㅇ
새싹,재료,식재료 원물,채소류,잎채소류,새싹류,"향긋함,알싸함,나물용",,,
무순,재료,식재료 원물,채소류,잎채소류,새싹류,"향긋함,알싸함,나물용",,,
셀러리,재료,식재료 원물,채소류,잎채소류,셀러리류,"식감,신선함,향긋함",샐러리,,
시금치,재료,식재료 원물,채소류,잎채소류,시금치류,"구수함,식감,부드러움,숙채용",,,
섬초,재료,식재료 원물,채소류,잎채소류,시금치류,"식감추가,은은함",,시금치,ㅇ
적양배추,재료,식재료 원물,채소류,잎채소류,양배추류,"신선함,식감,수분감,샐러드용",,배추,
붉은양배추,재료,식재료 원물,채소류,잎채소류,양배추류,"색감,식감추가",,양배추,ㅇ
콜리플라워 라이스,재료,식재료 원물,채소류,잎채소류,양배추류,"식감추가,대체곡류",콜리플라워,콜리플라워,ㅇ
콜리플라워,재료,식재료 원물,채소류,잎채소류,양배추류,"구수함,식감,부드러움,숙채용",,,
브로콜리,재료,식재료 원물,채소류,잎채소류,양배추류,"구수함,식감,부드러움,숙채용",,,
케일,재료,식재료 원물,채소류,잎채소류,양배추류,"구수함,식감,부드러움,숙채용",,,
꽃양배추,재료,식재료 원물,채소류,잎채소류,양배추류,"식감추가,은은함",,콜리플라워,ㅇ
방울다다기양배추,재료,식재료 원물,채소류,잎채소류,양배추류,"쓴맛,식감추가",,양배추,ㅇ
노각,재료,식재료 원물,채소류,잎채소류,오이류,"식감,신선함,향긋함",,,
유채,재료,식재료 원물,채소류,잎채소류,유채류,"은은함,향긋함",,,ㅇ
유채나물,재료,식재료 원물,채소류,잎채소류,유채류,"향긋함,은은함",,,ㅇ
아스파라거스,재료,식재료 원물,채소류,잎채소류,줄기채소류,"식감,신선함,향긋함",,,
대나무순,재료,식재료 원물,채소류,잎채소류,줄기채소류,"식감추가,은은함",,,ㅇ
토란대,재료,식재료 원물,채소류,잎채소류,줄기채소류,"식감추가,은은함",,토란,ㅇ
샐러리,재료,식재료 원물,채소류,잎채소류,줄기채소류,"향긋함,식감추가",,,ㅇ
골파,재료,식재료 원물,채소류,잎채소류,파류,"알싸함,향긋함",파,,ㅇ
실파,재료,식재료 원물,채소류,잎채소류,파류,향긋함,(삭제),파,
대파,재료,식재료 원물,채소류,잎채소류,파류,"향긋함, 알싸함","흰대파, 초록대파",파,
쪽파,재료,식재료 원물,채소류,잎채소류,파류,"향긋함, 알싸함",,파,
달래,재료,식재료 원물,채소류,잎채소류,파류,"향긋함, 알싸함",,,
깐대파,재료,식재료 원물,채소류,잎채소류,파류,"향긋함,알싸함",대파,,ㅇ
파,재료,식재료 원물,채소류,잎채소류,파류,"향긋함,알싸함",,,ㅇ
파뿌리,재료,식재료 원물,채소류,잎채소류,파류,향긋함,,파,
다진파,재료,식재료 원물,채소류,잎채소류,파류,"향긋함, 알싸함",(삭제),파,
파채,재료,식재료 원물,채소류,잎채소류,파류,"향긋함, 알싸함",,파,
물냉이,재료,식재료 원물,채소류,잎채소류,향채소류,"은은함,시원함",,,ㅇ
쑥갓,재료,식재료 원물,채소류,잎채소류,향채소류,"향긋함,알싸함,나물용",,,
미나리,재료,식재료 원물,채소류,잎채소류,향채소류,"향긋함,알싸함,나물용",,,
루꼴라,재료,식재료 원물,채소류,잎채소류,향채소류,"향긋함,알싸함,나물용",,,
돌미나리,재료,식재료 원물,채소류,잎채소류,향채소류,"향긋함,은은함",,,ㅇ
신선초,재료,식재료 원물,채소류,잎채소류,향채소류,"향긋함,은은함",,,ㅇ
물미나리,재료,식재료 원물,채소류,잎채소류,향채소류,"향긋함,은은함",,미나리,ㅇ
쑥,재료,식재료 원물,채소류,잎채소류,향채소류,"향긋함,은은함",,-,ㅇ
저염 간장,재료,양념/조미료,간장류,간장류,,"짠맛(약), 감칠맛",간장/저염,간장,ㅇ
간장/저염,재료,양념/조미료,간장류,간장류,,"짠맛, 감칠맛",저염 간장,간장,ㅇ
선한유기농간장,재료,양념/조미료,간장류,간장류,,"짠맛, 감칠맛",,간장,ㅇ
양조간장,재료,양념/조미료,간장류,간장류,,"짠맛, 감칠맛",,,ㅇ
국간장,재료,양념/조미료,간장류,간장류,,"짠맛, 감칠맛",진간장,간장,
조림간장,재료,양념/조미료,간장류,간장류,,"짠맛, 감칠맛",조림용간장,간장,
간장,재료,양념/조미료,간장류,간장류,,"짠맛, 감칠맛","국간장, 진간장, 맛간장",,
맛간장,재료,양념/조미료,간장류,간장류,,"짠맛, 감칠맛",,간장,
노추간장,재료,양념/조미료,간장류,노추,,"짠맛, 색감, 감칠맛",노두유,간장,
쯔유,재료,양념/조미료,간장류,쯔유,,"짠맛, 감칠맛, 발효된 맛, 은은함",,,
라면스프,재료,양념/조미료,감칠맛/육수,건조 육수베이스,,"감칠맛, 짠맛, 향신료",,,
건더기스프,재료,양념/조미료,감칠맛/육수,건조 육수베이스,,"감칠맛, 향신료, 텍스처",,,
치킨스톡,재료,양념/조미료,감칠맛/육수,고형 육수베이스,,"감칠맛, 고기향, 농축육수",,,ㅇ
치킨 스톡,재료,양념/조미료,감칠맛/육수,고형 육수베이스,,"감칠맛, 고기향, 짠맛",,육수,ㅇ
코인육수,재료,양념/조미료,감칠맛/육수,고형 육수베이스,,"감칠맛, 진한맛, 짠맛",동전육수,육수,
북어육수,재료,양념/조미료,감칠맛/육수,기타 육수보완재,,"감칠맛, 짠맛, 육수용",,-,ㅇ
육수,재료,양념/조미료,감칠맛/육수,기타 육수보완재,,"감칠맛, 짠맛, 향신",,,ㅇ
쌀뜨물,재료,양념/조미료,감칠맛/육수,기타 육수보완재,,"은은함, 농후함",,,
소고기다시다,재료,양념/조미료,감칠맛/육수,분말 육수베이스,,"감칠맛, 고기향",,다시다,
다시다,재료,양념/조미료,감칠맛/육수,분말 육수베이스,,"감칠맛, 고기향, 해산물향",,,
치킨파우더,재료,양념/조미료,감칠맛/육수,분말 육수베이스,,"감칠맛, 짠맛",치킨스톡,육수,
과립형육수,재료,양념/조미료,감칠맛/육수,분말 육수베이스,,"감칠맛, 짠맛, 고기향",,육수,ㅇ
해물다시다,재료,양념/조미료,감칠맛/육수,분말 육수베이스,,"감칠맛, 해산물향",,다시다,
라면수프,재료,양념/조미료,감칠맛/육수,분말 육수베이스,,"감칠맛,짠맛,향신",,,ㅇ
쇠고기 육수,재료,양념/조미료,감칠맛/육수,액상 육수베이스,,"감칠맛, 고기향, 짠맛",,육수,ㅇ
마라 육수,재료,양념/조미료,감칠맛/육수,액상 육수베이스,,"감칠맛, 매운맛, 향신",,육수,ㅇ
냉면육수,재료,양념/조미료,감칠맛/육수,액상 육수베이스,,"감칠맛, 산미, 시원함",,,
연두순,재료,양념/조미료,감칠맛/육수,액상 육수베이스,,"감칠맛, 식물성, 깔끔함",,,ㅇ
야채육수,재료,양념/조미료,감칠맛/육수,액상 육수베이스,,"감칠맛, 은은함, 채소향","채수, 야채국물",육수,
사골육수,재료,양념/조미료,감칠맛/육수,액상 육수베이스,,"감칠맛, 진한맛, 고기향","사골, 사골국물",,
야채 육수,재료,양념/조미료,감칠맛/육수,액상 육수베이스,,"감칠맛, 짠맛, 은은함",,육수,ㅇ
멸치 육수,재료,양념/조미료,감칠맛/육수,액상 육수베이스,,"감칠맛, 짠맛, 해산물향",,육수,ㅇ
다시마 육수,재료,양념/조미료,감칠맛/육수,액상 육수베이스,,"감칠맛, 해조향, 짠맛",,육수,ㅇ
다시팩,재료,양념/조미료,감칠맛/육수,팩형 육수베이스,,"감칠맛, 건어물향, 해산물향",,,
맛술,재료,양념/조미료,감칠조미,MSG 조미,,"감칠맛, 단맛, 은은함",,,ㅇ
미원,재료,양념/조미료,감칠조미,MSG 조미,,"감칠맛, 짠맛",,,
건고추,재료,양념/조미료,건조 향신료,고추류,,"매운맛,향,색감",,고추,ㅇ
후레이크,재료,양념/조미료,건조시즈닝,건조 육수베이스,,"텍스처, 향신료",,,
홍게가루,재료,양념/조미료,건조시즈닝,건조 육수베이스,,"해산물향, 감칠맛, 색감",,,ㅇ
잣가루,재료,양념/조미료,건조시즈닝,고소한 분말조미,,"고소함, 견과향, 토핑용",,,ㅇ
들깨가루,재료,양념/조미료,건조시즈닝,고소한 분말조미,,"고소함, 텍스처",,,
깻가루,재료,양념/조미료,건조시즈닝,고소한 분말조미,,"고소함, 텍스처, 들깨향",,,
후리카케,재료,양념/조미료,건조시즈닝,토핑용 분말조미,,"감칠맛, 짠맛, 향신",,,ㅇ
양파시즈닝,재료,양념/조미료,건조시즈닝,풍미 특수조미,,"감칠맛, 향신, 고소함",,,ㅇ
말차,재료,양념/조미료,건조시즈닝,풍미 특수조미,,"쓴맛, 녹차향",,,
코코아,재료,양념/조미료,건조시즈닝,풍미 특수조미,,"쓴맛, 초콜릿향",,,
허브솔트,재료,양념/조미료,건조시즈닝,풍미 특수조미,,"짠맛, 향긋함, 허브, 향신",,,ㅇ
감미료,재료,양념/조미료,단맛 조미,기타,,"단맛, 대체재",,,
코코넛 슈가,재료,양념/조미료,단맛 조미,대체당,,"단맛, 은은함",,,ㅇ
스테비아,재료,양념/조미료,단맛 조미,대체당,,"단맛, 은은함, 무열량",,,ㅇ
스테비아나,재료,양념/조미료,단맛 조미,대체당,,"단맛, 저당",스테비아,,
몽크프룻,재료,양념/조미료,단맛 조미,대체당,,"단맛, 저당","라칸토, 몽크프루트",,
알룰로스,재료,양념/조미료,단맛 조미,대체당,,"단맛, 저당",,,
에리스리톨,재료,양념/조미료,단맛 조미,대체당,,"단맛, 저당",,,
포도당,재료,양념/조미료,단맛 조미,분말당,,"단맛, 은은함, 식감추가",,당류,ㅇ
슈가파우더,재료,양념/조미료,단맛 조미,분말당,,"단맛, 텍스처",,,
설탕,재료,양념/조미료,단맛 조미,설탕류,,단맛,,,
흑설탕,재료,양념/조미료,단맛 조미,설탕류,,"단맛, 색감, 은은함",,설탕,ㅇ
원당,재료,양념/조미료,단맛 조미,설탕류,,"단맛, 원초적",,,
유기농설탕,재료,양념/조미료,단맛 조미,설탕류,,"단맛, 은은함",,설탕,ㅇ
각설탕,재료,양념/조미료,단맛 조미,설탕류,,"단맛, 은은함, 색감",,설탕,ㅇ
빙설탕,재료,양념/조미료,단맛 조미,설탕류,,"단맛, 은은함, 식감추가",,설탕,ㅇ
백설탕,재료,양념/조미료,단맛 조미,설탕류,,"단맛, 정제됨",,설탕,
갈색설탕,재료,양념/조미료,단맛 조미,설탕류,,"단맛, 캐러멜향",흑설탕,설탕,
비정제설탕,재료,양념/조미료,단맛 조미,설탕류,,"단맛, 캐러멜향",,설탕,
황설탕,재료,양념/조미료,단맛 조미,설탕류,,"단맛, 캐러멜향, 색감",,설탕,ㅇ
흑당,재료,양념/조미료,단맛 조미,설탕류,,"단맛, 캐러멜향, 진한맛",,,
올리고당,재료,양념/조미료,단맛 조미,액상당,,"단맛, 끈적임",,,
물엿,재료,양념/조미료,단맛 조미,액상당,,"단맛, 끈적임, 윤기",,,
당밀,재료,양념/조미료,단맛 조미,액상당,,"단맛, 색감, 점도",,당류,ㅇ
아가베시럽,재료,양념/조미료,단맛 조미,액상당,,"단맛, 은은함",,시럽/청류,ㅇ
과당,재료,양념/조미료,단맛 조미,액상당,,"단맛, 은은함",,당류,ㅇ
꿀,재료,양념/조미료,단맛 조미,액상당,,"단맛, 은은함, 점도",,,ㅇ
엿기름,재료,양념/조미료,단맛 조미,액상당,,"단맛, 점도, 발효된 맛",,엿,ㅇ
엿,재료,양념/조미료,단맛 조미,액상당,,"단맛, 점도, 은은함",,,ㅇ
쌀조청,재료,양념/조미료,단맛 조미,액상당,,"단맛, 점도, 은은함",,조청,ㅇ
초콜릿잼,재료,양념/조미료,단맛 조미,토핑용 단맛조미,,"단맛, 초콜릿향, 텍스처",,,
카라멜,재료,양념/조미료,단맛 조미,토핑용 단맛조미,,"단맛, 캐러멜향, 텍스처",,,
꿀타래,재료,양념/조미료,단맛 조미,토핑용 단맛조미,,"단맛, 텍스처, 실타래형",,,
마시멜로,재료,양념/조미료,단맛 조미,토핑용 단맛조미,,"단맛, 텍스처, 쫀득함",,,
허니요거트드레싱,재료,양념/조미료,디핑/스프레드,드레싱,,"달콤함,크리미함",,,ㅇ
발사믹드레싱  ,재료,양념/조미료,디핑/스프레드,드레싱,,"산미,감칠맛",,,ㅇ
파인애플드레싱,재료,양념/조미료,디핑/스프레드,드레싱,,"산미,과일향",,,ㅇ
레몬드레싱,재료,양념/조미료,디핑/스프레드,드레싱,,"산미,상큼함",,,ㅇ
사우전드아일랜드,재료,양념/조미료,디핑/스프레드,드레싱,,"산미,크리미함",,,ㅇ
이탈리안드레싱,재료,양념/조미료,디핑/스프레드,드레싱,,"산미,향긋함",,,ㅇ
머스터드드레싱,재료,양념/조미료,디핑/스프레드,드레싱,,"산미,향긋함",,,ㅇ
샐러드 드레싱 ,재료,양념/조미료,디핑/스프레드,드레싱,,"산미,향긋함",,,ㅇ
콜슬로드레싱,재료,양념/조미료,디핑/스프레드,드레싱,,"새콤달콤,크리미함",,,ㅇ
시저드레싱,재료,양념/조미료,디핑/스프레드,드레싱,,"짭짤함,치즈향",,,ㅇ
크림드레싱,재료,양념/조미료,디핑/스프레드,드레싱,,"크리미함,식감추가",,,ㅇ
양파드레싱,재료,양념/조미료,디핑/스프레드,드레싱,,"향긋함,산미",,,ㅇ
케이준드레싱  ,재료,양념/조미료,디핑/스프레드,드레싱,,"향신,산미",,,ㅇ
땅콩소스,재료,양념/조미료,디핑/스프레드,디핑소스,,"짠맛, 감칠맛, 산미",,,
허니머스터드소스,재료,양념/조미료,디핑/스프레드,디핑소스,,"달콤함,산미",,,ㅇ
아이올리소스,재료,양념/조미료,디핑/스프레드,디핑소스,,"마늘향,크리미함",,,ㅇ
토마토 케첩   ,재료,양념/조미료,디핑/스프레드,디핑소스,,"산미,단맛",,,ㅇ
허니머스타드 소스 ,재료,양념/조미료,디핑/스프레드,디핑소스,,"산미,달콤함",,,ㅇ
머스타드,재료,양념/조미료,디핑/스프레드,디핑소스,,"산미,매운맛",,,ㅇ
머스타드 소스,재료,양념/조미료,디핑/스프레드,디핑소스,,"산미,매운맛",,,ㅇ
홀그레인머스터드소스,재료,양념/조미료,디핑/스프레드,디핑소스,,"알갱이식감,산미",,,ㅇ
타르타르소스,재료,양념/조미료,디핑/스프레드,디핑소스,,"짠맛, 감칠맛, 산미",,,
치즈소스,재료,양념/조미료,디핑/스프레드,디핑소스,,"짠맛, 감칠맛, 산미",,,
랜치소스,재료,양념/조미료,디핑/스프레드,디핑소스,,"짠맛, 감칠맛, 산미",,,
디핑소스,재료,양념/조미료,디핑/스프레드,디핑소스,,"짠맛, 감칠맛, 산미",,,
유기농마요네즈,재료,양념/조미료,디핑/스프레드,디핑소스,,"크리미함,풍미",,,ㅇ
딸기쨈,재료,양념/조미료,디핑/스프레드,디핑조미,,"단맛, 과일향, 토핑용",,,ㅇ
겨자 페이스트,재료,양념/조미료,디핑/스프레드,디핑조미,,"알싸함, 매운맛, 향신",,,ㅇ
와사비/페이스트,재료,양념/조미료,디핑/스프레드,디핑조미,,"알싸함, 매운맛, 향신",,와사비,ㅇ
퓨레,재료,양념/조미료,디핑/스프레드,디핑조미,,"짠맛, 감칠맛, 식감추가",,,
사우전드아일랜드드레싱,재료,양념/조미료,디핑/스프레드,샐러드드레싱,,"감칠맛,산미,향긋함",사우전드아일랜드,,ㅇ
힘로드시드레스,재료,양념/조미료,디핑/스프레드,샐러드드레싱,,"감칠맛,향긋함,산미",,,ㅇ
참깨흑임자드레싱,재료,양념/조미료,디핑/스프레드,샐러드드레싱,,"고소함,향긋함",,,ㅇ
콘샐러드드레싱,재료,양념/조미료,디핑/스프레드,샐러드드레싱,,"단맛,고소함",,,ㅇ
망고드레싱,재료,양념/조미료,디핑/스프레드,샐러드드레싱,,"단맛,산미,향긋함",,,ㅇ
허니머스터드드레싱,재료,양념/조미료,디핑/스프레드,샐러드드레싱,,"단맛,알싸함,향긋함",,,ㅇ
스위트크림드레싱,재료,양념/조미료,디핑/스프레드,샐러드드레싱,,"단맛,향긋함,유제품향",,,ㅇ
요거트드레싱,재료,양념/조미료,디핑/스프레드,샐러드드레싱,,"산미,유제품향,향긋함",,,ㅇ
오렌지샐러드드레싱,재료,양념/조미료,디핑/스프레드,샐러드드레싱,,"산미,향긋함",,,ㅇ
자몽드레싱,재료,양념/조미료,디핑/스프레드,샐러드드레싱,,"산미,향긋함,단맛",,,ㅇ
키위드레싱,재료,양념/조미료,디핑/스프레드,샐러드드레싱,,"산미,향긋함,단맛",,,ㅇ
유기농토마토케찹,재료,양념/조미료,디핑/스프레드,케찹류,,"단맛,산미",,,ㅇ
사워크림,재료,양념/조미료,디핑/스프레드,크림조미,," 짠맛, 은은함, 고소함, 산미",,,
땅콩 버터,재료,양념/조미료,디핑/스프레드,크림조미,,"고소함, 식감추가, 단맛",,,ㅇ
치즈시즈닝,재료,양념/조미료,디핑/스프레드,토핑용 분말조미,,"짠맛, 감칠맛, 향긋함",,,
땅콩잼,재료,양념/조미료,디핑/스프레드,토핑조미,,"단맛, 고소함, 식감추가",,,
아몬드버터,재료,양념/조미료,디핑/스프레드,토핑조미,,"고소함, 단맛, 식감추가",,,
잼,재료,양념/조미료,디핑/스프레드,토핑조미,,"단맛, 과일향, 색감",,,ㅇ
땅콩버터,재료,양념/조미료,디핑/스프레드,토핑조미,,"단맛, 식감추가, 색감",땅콩 버터,,
누텔라,재료,양념/조미료,디핑/스프레드,토핑조미,,"단맛, 식감추가, 색감",,,
허니버터,재료,양념/조미료,디핑/스프레드,토핑조미,,"단맛, 식감추가, 색감",,,
블루베리잼,재료,양념/조미료,디핑/스프레드,토핑조미,,"단맛, 식감추가, 색감",,,
딸기잼,재료,양념/조미료,디핑/스프레드,토핑조미,,"단맛, 식감추가, 색감",,,
밤잼,재료,양념/조미료,디핑/스프레드,토핑조미,,"단맛, 식감추가, 풍미",,,
생강 피클,재료,양념/조미료,디핑/스프레드,토핑조미,,"알싸함, 산미, 발효된 맛",,생강,ㅇ
고추장아찌,재료,양념/조미료,디핑/스프레드,토핑조미,,"짠맛, 매운맛, 발효된 맛",,아찌류,ㅇ
바닐라익스트렉,재료,양념/조미료,디핑/스프레드,향신청,,"단맛, 향신, 디저트향",,,ㅇ
타바스코,재료,양념/조미료,디핑/혼합 소스,혼합소스,,"감칠맛, 매운맛, 산미",,,
스리라차,재료,양념/조미료,디핑/혼합 소스,혼합소스,,"감칠맛, 매운맛, 향긋함",스리랏차,,
토마토라구,재료,양념/조미료,디핑/혼합 소스,혼합소스,,"감칠맛, 산미",,,
허니머스터드,재료,양념/조미료,디핑/혼합 소스,혼합소스,,"감칠맛, 짠맛, 단맛",,,
핫소스,재료,양념/조미료,디핑/혼합 소스,혼합소스,,"감칠맛, 짠맛, 매운맛",,,
페스토,재료,양념/조미료,디핑/혼합 소스,혼합소스,,"감칠맛, 짠맛, 향긋함",바질페스토,,
홀그레인머스타드,재료,양념/조미료,디핑/혼합 소스,혼합소스,,"감칠맛, 짠맛, 향긋함",,,
식물성마요네즈,재료,양념/조미료,디핑/혼합 소스,혼합소스,,"고소함, 산미, 비건대체",비건마요,,ㅇ
칠리소스,재료,양념/조미료,디핑/혼합 소스,혼합소스,,"단맛, 매운맛, 감칠맛",스위트칠리,,
토마토케첩,재료,양념/조미료,디핑/혼합 소스,혼합소스,,"단맛, 산미, 감칠맛","토마토케찹, 케첩, 케챱,",,
샐러드드레싱,재료,양념/조미료,디핑/혼합 소스,혼합소스,,"단맛, 산미, 향긋함","샐러드소스, 드레싱소스, 드레싱",,
처트니,재료,양념/조미료,디핑/혼합 소스,혼합소스,,"단맛, 산미, 향긋함",,,
타마린드 소스,재료,양념/조미료,디핑/혼합 소스,혼합소스,,"산미, 단맛",타마린드,,
살사소스,재료,양념/조미료,디핑/혼합 소스,혼합소스,,"산미, 향긋함, 감칠맛",살사,,
차지키소스,재료,양념/조미료,디핑/혼합 소스,혼합소스,,"산미, 향긋함, 향신요거트소스",,,ㅇ
우스터소스,재료,양념/조미료,디핑/혼합 소스,혼합소스,,"짠맛, 감칠맛, 산미",,,
마요네즈,재료,양념/조미료,디핑/혼합 소스,혼합소스,,"짠맛, 고소함, 은은함",,,
겨자소스,재료,양념/조미료,디핑/혼합 소스,혼합소스,,"짠맛, 알싸함","머스터드, 머스타드, 허니머스타드, 허니머스터드",,
갈릭소스,재료,양념/조미료,디핑/혼합 소스,혼합소스,,"향긋함, 감칠맛, 짠맛",,,
고춧기름,재료,양념/조미료,매운맛 조미,기름조미,,"매운맛, 기름감, 풍미",고추기름,,
고추기름,재료,양념/조미료,매운맛 조미,기름조미,,"매운맛, 향신, 풍미",,,ㅇ
스위트칠리소스,재료,양념/조미료,매운맛 조미,매운조미,,"달콤함,매운맛",,,ㅇ
핫 소스,재료,양념/조미료,매운맛 조미,매운조미,,매운맛,,,ㅇ
고추가루,재료,양념/조미료,매운맛 조미,매운조미,,"매운맛, 향신, 색감",,,ㅇ
스리라차 소스,재료,양념/조미료,매운맛 조미,매운조미,,"매운맛,감칠맛",,,ㅇ
스리라차소스,재료,양념/조미료,매운맛 조미,매운조미,,"매운맛,산미",,,ㅇ
고추냉이,재료,양념/조미료,매운맛 조미,알싸한 조미,,"매운맛,알싸함",,,ㅇ
와사비,재료,양념/조미료,매운맛 조미,알싸한 조미,,"알싸함, 매운맛, 향긋함","생와사비, 고추냉이, 연겨자",,
마라,재료,양념/조미료,매운맛 조미,향신조미,,"매운맛, 향신, 얼얼함",마라소스,,
마른고추,재료,양념/조미료,매운맛 조미,훈연향신조미,,"매운맛, 향신, 훈연향",건고추,,
치폴레,재료,양념/조미료,매운맛 조미,훈연향신조미,,"매운맛, 향신, 훈연향, 단맛",,,
훈제향소스,재료,양념/조미료,매운맛 조미,훈연향신조미,,"훈연향,감칠맛",,,ㅇ
불닭소스  ,재료,양념/조미료,매운맛 조미  ,매운조미,,강한매운맛,,,ㅇ
칠리 소스 ,재료,양념/조미료,매운맛 조미  ,매운조미,,"매운맛,달콤함",,,ㅇ
고춧가루,재료,양념/조미료,매운맛 조미  ,매운조미     ,,"매운맛, 향신, 색감",고추가루,,
레드페퍼,재료,양념/조미료,매운맛 조미  ,매운조미     ,,"매운맛, 향신, 색감   ",레드페퍼파우더,,
페퍼,재료,양념/조미료,매운맛 조미  ,매운조미     ,,"매운맛, 향신, 알싸함","페페로치노, 페퍼론치노",,
연두,재료,양념/조미료,복합조미,복합조미,,"감칠맛, 짠맛, 향긋함",,,
코코넛 아미노,재료,양념/조미료,복합조미,복합조미,,"달콤함,감칠맛",,,ㅇ
레몬주스,재료,양념/조미료,복합조미,복합조미,,"산미,상큼함",,,ㅇ
와인,재료,양념/조미료,산미 조미,산미 조미,,"산미, 향긋함, 알콜풍미",,,
발사믹,재료,양념/조미료,산미 조미,산미 조미,,산미,,,ㅇ
쌀식초,재료,양념/조미료,산미 조미,산미 조미,,산미,,,ㅇ
흑식초,재료,양념/조미료,산미 조미,산미 조미,,"산미, 감칠맛, 발효된 맛",,식초,
사과식초,재료,양념/조미료,산미 조미,산미 조미,,"산미, 과일향, 발효된 맛",,식초,
미림,재료,양념/조미료,산미 조미,산미 조미,,"산미, 단맛, 감칠맛",맛술,,
발사믹식초,재료,양념/조미료,산미 조미,산미 조미,,"산미, 단맛, 발효된 맛","발사믹, 화이트발사믹",식초,
홍초,재료,양념/조미료,산미 조미,산미 조미,,"산미, 단맛, 상큼함",,,
레몬청,재료,양념/조미료,산미 조미,산미 조미,,"산미, 단맛, 상큼함",,,
단촛물,재료,양념/조미료,산미 조미,산미 조미,,"산미, 단맛, 짠맛",,,
양조식초,재료,양념/조미료,산미 조미,산미 조미,,"산미, 발효된 맛, 신맛",,,ㅇ
식초,재료,양념/조미료,산미 조미,산미 조미,,"산미, 발효된 맛, 향긋함",비니거,,
레몬즙,재료,양념/조미료,산미 조미,산미 조미,,"산미, 상큼함, 과일향",,,
레드와인,재료,양념/조미료,산미 조미,산미 조미,,"산미, 알콜풍미, 향긋함",,와인,
현미식초,재료,양념/조미료,산미 조미,산미 조미,,"산미, 은은함, 발효된 맛",,식초,
폰즈,재료,양념/조미료,산미 조미,산미 조미,,"산미, 짠맛, 감칠맛",,,
청주,재료,양념/조미료,산미 조미,산미 조미,,"산미, 향긋함, 단맛",,,
화이트와인,재료,양념/조미료,산미 조미,산미 조미,,"산미, 향긋함, 알콜풍미",,와인,
포도식초,재료,양념/조미료,산미 조미,산미 조미,,"산미,과일향",,,ㅇ
배식초,재료,양념/조미료,산미 조미,산미 조미,,"산미,과일향",,,ㅇ
감식초,재료,양념/조미료,산미 조미,산미 조미,,"산미,과일향",,,ㅇ
발사믹 소스,재료,양념/조미료,산미 조미,산미 조미,,"산미,단맛",,,ㅇ
발사믹크림소스,재료,양념/조미료,산미 조미,산미 조미,,"산미,단맛",,,ㅇ
흑초,재료,양념/조미료,산미 조미,산미 조미,,"산미,발효된 맛",,,ㅇ
레몬 과즙,재료,양념/조미료,산미 조미,산미 조미,,"산미,향긋함",,,ㅇ
사과소스  ,재료,양념/조미료,산미 조미 ,산미 조미,,"과일향,산미",,,ㅇ
발사믹소스,재료,양념/조미료,산미 조미 ,산미 조미,,"산미,단맛",,,ㅇ
레몬소스,재료,양념/조미료,산미 조미 ,산미 조미,,"산미,상큼함",,,ㅇ
천일염,재료,양념/조미료,소금류,소금류,,짠맛,,,ㅇ
정제염,재료,양념/조미료,소금류,소금류,,짠맛,,소금,ㅇ
가공염,재료,양념/조미료,소금류,소금류,,짠맛,,소금,ㅇ
저염 소금,재료,양념/조미료,소금류,소금류,,짠맛,,소금,ㅇ
굵은소금,재료,양념/조미료,소금류,소금류,,짠맛,,소금,ㅇ
소금,재료,양념/조미료,소금류,소금류,,짠맛,"가염, 구운소금, 천일염, 씨솔트, 꽃소금, 고운소금, 굵은소금",,
구운소금,재료,양념/조미료,소금류,소금류,,"짠맛, 풍미",,,ㅇ
죽염,재료,양념/조미료,소금류,소금류,,"짠맛, 풍미, 발효된 맛",,,ㅇ
허브소금,재료,양념/조미료,소금류,소금류,,"짠맛, 향신, 은은함",,,ㅇ
글레이즈,재료,양념/조미료,시럽/청류,글레이즈,,"단맛, 색감, 코팅감",,,
초코시럽,재료,양념/조미료,시럽/청류,디저트시럽,,단맛,,,ㅇ
카라멜시럽,재료,양념/조미료,시럽/청류,디저트시럽,,"단맛, 색감, 코팅감",,,
시럽,재료,양념/조미료,시럽/청류,디저트시럽,,"단맛, 점도감, 색감",,,
메이플시럽,재료,양념/조미료,시럽/청류,디저트시럽,,"단맛, 향긋함, 코팅감",,,
딸기시럽,재료,양념/조미료,시럽/청류,디저트시럽,,"단맛,향긋함,과일향",,,ㅇ
발사믹크레마,재료,양념/조미료,시럽/청류,디저트시럽,,"산미, 단맛, 농축식초",,,ㅇ
조청,재료,양념/조미료,시럽/청류,전통청,,"단맛, 농축감, 은은함",,,
매실청,재료,양념/조미료,시럽/청류,전통청,,"단맛, 산미, 향긋함",매실액,,
매실액,재료,양념/조미료,시럽/청류,전통청,,"단맛, 산미, 향긋함",,,
고추청,재료,양념/조미료,시럽/청류,향신청,,"단맛, 매운맛, 향긋함",,,
유자청,재료,양념/조미료,시럽/청류,향신청,,"단맛, 산미, 향긋함",,,
오미자청,재료,양념/조미료,시럽/청류,향신청,,"단맛, 산미, 향긋함",,,
생강청,재료,양념/조미료,시럽/청류,향신청,,"단맛, 알싸함, 향긋함",,,
귤청,재료,양념/조미료,시럽/청류,향신청,,"단맛, 향긋함, 산미",,,
캐러멜소스,재료,양념/조미료,시럽/청류 ,디저트시럽,,"단맛,디저트용",,,ㅇ
메이플 시럽   ,재료,양념/조미료,시럽/청류 ,디저트시럽,,"단맛,디저트용",,,ㅇ
어간장,재료,양념/조미료,액젓류,액젓류,,"짠맛, 감칠맛, 발효된 맛",,,
멸치액젓,재료,양념/조미료,액젓류,액젓류,,"짠맛, 감칠맛, 발효된 맛",,,
꽃게액,재료,양념/조미료,액젓류,액젓류,,"짠맛, 감칠맛, 발효된 맛",,,
까나리액젓,재료,양념/조미료,액젓류,액젓류,,"짠맛, 감칠맛, 발효된 맛",,,
고등어액젓,재료,양념/조미료,액젓류,액젓류,,"짠맛, 감칠맛, 발효된 맛",,,
갈치액젓,재료,양념/조미료,액젓류,액젓류,,"짠맛, 감칠맛, 발효된 맛",,,
피쉬소스,재료,양념/조미료,액젓류,액젓류,,"짠맛, 감칠맛, 발효된 맛",,,
참치액젓,재료,양념/조미료,액젓류,액젓류,,"짠맛, 감칠맛, 발효된 맛",,,
액젓,재료,양념/조미료,액젓류,액젓류,,"짠맛, 감칠맛, 발효된 맛",,,
참치액,재료,양념/조미료,액젓류,액젓류,,"짠맛, 감칠맛, 해산물향",,,ㅇ
꽃게액젓,재료,양념/조미료,액젓류,액젓류,,"짠맛, 해산물향, 숙성향",,,ㅇ
김치국물,재료,양념/조미료,요리베이스/소스,국물소스,,"짠맛, 발효된 맛, 감칠맛, 산미",,,
부대찌개양념장,재료,양념/조미료,요리베이스/소스,국물소스,,"감칠맛, 매운맛, 짠맛, 향신",,,
국물양념,재료,양념/조미료,요리베이스/소스,국물소스,,"감칠맛, 짠맛, 향신",,,
굴 소스,재료,양념/조미료,요리베이스/소스,기타페이스트,,"감칠맛,짭짤함",,,ㅇ
데미글라스소스,재료,양념/조미료,요리베이스/소스,기타페이스트,,"고기향,감칠맛",,,ㅇ
돈가스소스,재료,양념/조미료,요리베이스/소스,기타페이스트,,"달콤함,짭짤함",,,ㅇ
떡볶이소스,재료,양념/조미료,요리베이스/소스,기타페이스트,,"매운맛,단맛",,,ㅇ
비빔냉면장,재료,양념/조미료,요리베이스/소스,기타페이스트,,"매운맛,새콤함",,,ㅇ
고추마늘소스  ,재료,양념/조미료,요리베이스/소스,기타페이스트,,"매운맛,알싸함",,,ㅇ
절임소스,재료,양념/조미료,요리베이스/소스,기타페이스트,,"산미,감칠맛",,,ㅇ
머스터드소스  ,재료,양념/조미료,요리베이스/소스,기타페이스트,,"산미,알싸함",,,ㅇ
중화매실소스  ,재료,양념/조미료,요리베이스/소스,기타페이스트,,"새콤달콤,과일향",,,ㅇ
페이스트,재료,양념/조미료,요리베이스/소스,기타페이스트,,"짠맛, 향신, 농후함",,,
우스터 소스   ,재료,양념/조미료,요리베이스/소스,기타페이스트,,"짭짤함,산미",,,ㅇ
카레 소스,재료,양념/조미료,요리베이스/소스,기타페이스트,,"향신,감칠맛",,,ㅇ
카레소스  ,재료,양념/조미료,요리베이스/소스,기타페이스트,,"향신,감칠맛",,,ㅇ
바비큐 소스   ,재료,양념/조미료,요리베이스/소스,기타페이스트,,"훈연향,달콤함",,,ㅇ
오이소박이양념,재료,양념/조미료,요리베이스/소스,김치소스,,"짠맛, 매운맛, 발효된 맛, 향신",,,
볶음양념,재료,양념/조미료,요리베이스/소스,볶음소스,,"짠맛, 감칠맛, 매운맛",,,
돈까스소스,재료,양념/조미료,요리베이스/소스,서양소스,,"감칠맛, 단맛, 산미, 향신",,,
스파게티소스,재료,양념/조미료,요리베이스/소스,서양소스,,"감칠맛, 산미, 허브향",파스타소스,,
바비큐소스,재료,양념/조미료,요리베이스/소스,서양소스,,"감칠맛,단맛,훈연향",,,ㅇ
미트스파게티소스,재료,양념/조미료,요리베이스/소스,서양소스,,"감칠맛,짠맛,고기향",,,ㅇ
포크커틀릿 소스,재료,양념/조미료,요리베이스/소스,서양소스,,"감칠맛,짠맛,향신",,,ㅇ
브라운소스,재료,양념/조미료,요리베이스/소스,서양소스,,"감칠맛,짠맛,향신",,,ㅇ
스테이크소스  ,재료,양념/조미료,요리베이스/소스,서양소스,,"감칠맛,풍미",,,ㅇ
과일스테이크소스,재료,양념/조미료,요리베이스/소스,서양소스,,"과일향,산미",,,ㅇ
토마토소스,재료,양념/조미료,요리베이스/소스,서양소스,,"산미, 감칠맛, 색감",토마토 소스,,
토마토 소스   ,재료,양념/조미료,요리베이스/소스,서양소스,,"산미,토마토향",,,ㅇ
홀스래디쉬소스,재료,양념/조미료,요리베이스/소스,서양소스,,"알싸함,향긋함",,,ㅇ
피자소스,재료,양념/조미료,요리베이스/소스,서양소스,,"짠맛, 감칠맛, 산미, 허브향",,,
파스타소스,재료,양념/조미료,요리베이스/소스,서양소스,,"짠맛, 감칠맛, 산미, 허브향",,,
크림소스,재료,양념/조미료,요리베이스/소스,서양소스,,"짠맛, 크리미함, 풍미",,,
크림스파게티소스  ,재료,양념/조미료,요리베이스/소스,서양소스,,"크리미함,고소함",,,ㅇ
사워크림소스,재료,양념/조미료,요리베이스/소스,서양소스,,"크리미함,산미",,,ㅇ
로제스파게티소스,재료,양념/조미료,요리베이스/소스,서양소스,,"크리미함,풍미",,,ㅇ
스파게티 소스,재료,양념/조미료,요리베이스/소스,서양소스,,"토마토향,감칠맛",,,ㅇ
크림스파게티소스,재료,양념/조미료,요리베이스/소스,서양소스베이스,,"감칠맛,고소함,유제품향",,,ㅇ
토마토퓨레,재료,양념/조미료,요리베이스/소스,서양소스베이스,,"산미, 감칠맛, 색감",,,
참치소스,재료,양념/조미료,요리베이스/소스,육류조미소스,,"감칠맛, 짠맛, 해산풍미",,,
수끼 소스 ,재료,양념/조미료,요리베이스/소스,육류조미소스,,"감칠맛,짠맛",,,ㅇ
양념닭 소스,재료,양념/조미료,요리베이스/소스,육류조미소스,,"감칠맛,짭짤함",,,ㅇ
고기소스  ,재료,양념/조미료,요리베이스/소스,육류조미소스,,"감칠맛,짭짤함",,,ㅇ
고기 소스 ,재료,양념/조미료,요리베이스/소스,육류조미소스,,"감칠맛,짭짤함",,,ㅇ
양념치킨소스  ,재료,양념/조미료,요리베이스/소스,육류조미소스,,"단맛,매운맛",,,ㅇ
불고기버거소스,재료,양념/조미료,요리베이스/소스,육류조미소스,,"단짠, 감칠맛, 혼합소스",,,ㅇ
소갈비양념,재료,양념/조미료,요리베이스/소스,육류조미소스,,"달콤함,감칠맛",,,ㅇ
치킨양념,재료,양념/조미료,요리베이스/소스,육류조미소스,,"짠맛, 감칠맛, 풍미, 향신, 매운맛",,,
우동장국소스,재료,양념/조미료,요리베이스/소스,일식소스,,"감칠맛,짠맛,해산물향",,,ㅇ
데리야끼,재료,양념/조미료,요리베이스/소스,일식소스,,"단맛, 짠맛, 감칠맛, 풍미",,,
데리야끼 소스 ,재료,양념/조미료,요리베이스/소스,일식소스,,"단짠,감칠맛",,,ㅇ
데리야끼소스  ,재료,양념/조미료,요리베이스/소스,일식소스,,"단짠,감칠맛",,,ㅇ
잠발라야소스  ,재료,양념/조미료,요리베이스/소스,일식소스,,"매운맛,향신",,,ㅇ
오리엔탈드레싱,재료,양념/조미료,요리베이스/소스,일식소스,,"새콤달콤,향신",,,ㅇ
오리엔탈소스,재료,양념/조미료,요리베이스/소스,일식소스,,"새콤함,향긋함",,,ㅇ
짜장가루,재료,양념/조미료,요리베이스/소스,중식소스,,"감칠맛, 짠맛, 단맛, 향신",짜장소스,,
굴소스,재료,양념/조미료,요리베이스/소스,중식소스,,"감칠맛, 짠맛, 해산풍미",굴 소스,,
자장가루,재료,양념/조미료,요리베이스/소스,중식소스,,"감칠맛, 짠맛, 향신",,,ㅇ
마늘콩소스,재료,양념/조미료,요리베이스/소스,중식소스,,"감칠맛,짠맛,고소함",,,ㅇ
짜장 소스 ,재료,양념/조미료,요리베이스/소스,중식소스,,"고소함,감칠맛",,,ㅇ
케찹탕수육소스,재료,양념/조미료,요리베이스/소스,중식소스,,"단맛,산미,감칠맛",,,ㅇ
팟타이 소스,재료,양념/조미료,요리베이스/소스,중식소스,,"달콤함,감칠맛",,,ㅇ
두반장,재료,양념/조미료,요리베이스/소스,중식소스,,"매운맛, 짠맛, 발효된 맛, 감칠맛",,,
깐풍기소스,재료,양념/조미료,요리베이스/소스,중식소스,,"매운맛,감칠맛",,,ㅇ
마파두부소스,재료,양념/조미료,요리베이스/소스,중식소스,,"매운맛,감칠맛",,,ㅇ
탕수육 소스,재료,양념/조미료,요리베이스/소스,중식소스,,"새콤달콤,농축풍미",,,ㅇ
사천자장소스,재료,양념/조미료,요리베이스/소스,중식소스,,"중화풍,감칠맛",,,ㅇ
춘장,재료,양념/조미료,요리베이스/소스,중식소스,,"짠맛, 감칠맛, 발효된 맛, 단맛",,,
두반장소스,재료,양념/조미료,요리베이스/소스,중식소스,,"짠맛,중화풍",,,ㅇ
불고기소스,재료,양념/조미료,요리베이스/소스,한식소스,,"감칠맛,단맛",,,ㅇ
돼지갈비소스,재료,양념/조미료,요리베이스/소스,한식소스,,"감칠맛,달콤함",,,ㅇ
간장찜닭소스,재료,양념/조미료,요리베이스/소스,한식소스,,"감칠맛,짠맛,단맛",,,ㅇ
매운돼지갈비소스,재료,양념/조미료,요리베이스/소스,한식소스,,"매운맛,감칠맛",,,ㅇ
제육볶음소스  ,재료,양념/조미료,요리베이스/소스,한식소스,,"매운맛,감칠맛",,,ㅇ
찜닭소스,재료,양념/조미료,요리베이스/소스,한식소스,,"짠맛, 단맛, 감칠맛, 향신",,,
카레,재료,양념/조미료,요리베이스/소스,향신소스,,"향신, 감칠맛, 매운맛, 풍미",고형카레,,
레드커리,재료,양념/조미료,요리베이스/소스,향신소스,,"매운맛, 향신, 감칠맛, 코코넛풍미",,,
탄두리소스,재료,양념/조미료,요리베이스/소스,향신소스,,"향신,매운맛,향긋함",,,ㅇ
고추장,재료,양념/조미료,장류(베이스),고추장,,"감칠맛,짠맛,매운맛,발효된 맛",,,
보리고추장,재료,양념/조미료,장류(베이스),고추장,,"단맛, 매운맛, 발효된 맛",,고추장,ㅇ
쌀고추장,재료,양념/조미료,장류(베이스),고추장,,"단맛, 매운맛, 발효된 맛",,고추장,ㅇ
일본된장,재료,양념/조미료,장류(베이스),된장,,"감칠맛, 발효된 맛, 짠맛",된장,된장,ㅇ
미소,재료,양념/조미료,장류(베이스),된장,,"감칠맛,짠맛(약),은은함,발효된 맛",,,
된장,재료,양념/조미료,장류(베이스),된장,,"감칠맛,짠맛,발효된 맛",,,
참치쌈장,재료,양념/조미료,장류(베이스),쌈장,,"감칠맛,짠맛,고소함",,,
쌈장,재료,양념/조미료,장류(베이스),쌈장,,"감칠맛,짠맛,고소함",,,
해선장,재료,양념/조미료,장류(베이스),해선장,,"감칠맛,단맛,발효된 맛",,,ㅇ
볶음고추장,재료,양념/조미료,장류(혼합),볶음장,,"매운맛,감칠맛,짠맛,단맛",,,
비빔장,재료,양념/조미료,장류(혼합),비빔소스,,"단맛,매운맛,감칠맛",,,
쫄면소스,재료,양념/조미료,장류(혼합),비빔소스,,"단맛,매운맛,감칠맛,산미",,,
비빔국수양념장,재료,양념/조미료,장류(혼합),비빔소스,,"단맛,매운맛,감칠맛,산미",,,
초고추장,재료,양념/조미료,장류(혼합),비빔소스,,"단맛,매운맛,산미",,,
약고추장,재료,양념/조미료,장류(혼합),비빔소스,,"매운맛(약),감칠맛,단맛",,,
불고기양념,재료,양념/조미료,장류(혼합),양념장,,"단짠, 감칠맛, 고기조미",,,ㅇ
돼지불고기 양념,재료,양념/조미료,장류(혼합),양념장,,"단짠, 고기조미, 불맛",,-,ㅇ
소불고기 양념,재료,양념/조미료,장류(혼합),양념장,,"단짠, 고기조미, 불맛",,-,ㅇ
다대기,재료,양념/조미료,장류(혼합),양념장,,"매운맛,감칠맛,짠맛",,,
강된장,재료,양념/조미료,장류(혼합),조림장,,"짠맛,감칠맛,고소함,진한맛",,,
양파장,재료,양념/조미료,장류(혼합),조림장,,"감칠맛,짠맛,단맛",,,
낙지젓,재료,양념/조미료,젓갈류,젓갈류,,"감칠맛, 짠맛, 발효된 맛",,-,ㅇ
참새우젓,재료,양념/조미료,젓갈류,젓갈류,,"감칠맛, 짠맛, 발효된 맛",,-,ㅇ
새우육젓,재료,양념/조미료,젓갈류,젓갈류,,"감칠맛, 짠맛, 발효된 맛",,참새우젓,ㅇ
오징어젓,재료,양념/조미료,젓갈류,젓갈류,,"감칠맛, 짠맛, 발효된 맛",,-,ㅇ
새우젓,재료,양념/조미료,젓갈류,젓갈류,,"짠맛, 감칠맛, 발효된 맛",,,
피넛오일,재료,양념/조미료,풍미오일,풍미오일,,"지방, 고소함, 풍미",,땅콩,
아보카도유,재료,양념/조미료,풍미오일,풍미오일,,"건강지향, 고소함",아보카도오일,,ㅇ
팜유,재료,양념/조미료,풍미오일,풍미오일,,고소함,,,
식용유,재료,양념/조미료,풍미오일,풍미오일,,고소함,,,
아몬드유,재료,양념/조미료,풍미오일,풍미오일,,"고소함, 건강지향",아몬드오일,,ㅇ
쌀겨기름,재료,양념/조미료,풍미오일,풍미오일,,"고소함, 건강지향",쌀겨오일,쌀기름,ㅇ
땅콩기름,재료,양념/조미료,풍미오일,풍미오일,,"고소함, 고온조리용",땅콩유,,ㅇ
아마씨유,재료,양념/조미료,풍미오일,풍미오일,,"고소함, 식감추가",,,ㅇ
대두유,재료,양념/조미료,풍미오일,풍미오일,,"고소함, 식물성, 은은함",,,ㅇ
올리브유,재료,양념/조미료,풍미오일,풍미오일,,"고소함, 은은함","올리브오일, 올리오",,
포도씨유,재료,양념/조미료,풍미오일,풍미오일,,"고소함, 은은함",,,
카놀라유,재료,양념/조미료,풍미오일,풍미오일,,"고소함, 은은함",,,
아보카도오일,재료,양념/조미료,풍미오일,풍미오일,,"고소함, 은은함",,,
면실유,재료,양념/조미료,풍미오일,풍미오일,,"고소함, 풍미",,,ㅇ
옥수수기름,재료,양념/조미료,풍미오일,풍미오일,,"고소함, 풍미",,,ㅇ
유채씨기름,재료,양념/조미료,풍미오일,풍미오일,,"고소함, 풍미",,,ㅇ
해바라기유,재료,양념/조미료,풍미오일,풍미오일,,"고소함, 풍미",,,ㅇ
현미유,재료,양념/조미료,풍미오일,풍미오일,,"고소함, 풍미",,,ㅇ
콩기름,재료,양념/조미료,풍미오일,풍미오일,,"고소함, 향, 조리용, 유분",,-,ㅇ
들기름,재료,양념/조미료,풍미오일,풍미오일,,"고소함, 향긋함","생들기름, 들깨기름",,
갈릭버터,재료,양념/조미료,풍미오일,풍미오일,,"고소함, 향긋함",마늘버터,,
코코넛오일,재료,양념/조미료,풍미오일,풍미오일,,"고소함, 향긋함",,,
참기름,재료,양념/조미료,풍미오일,풍미오일,,"고소함, 향긋함",,,
생들기름,재료,양념/조미료,풍미오일,풍미오일,,"고소함, 향긋함",,,
엑스트라버진,재료,양념/조미료,풍미오일,풍미오일,,"고소함, 향긋함, 식물성오일",엑스트라버진올리브오일,,ㅇ
고추씨유,재료,양념/조미료,풍미오일,풍미오일,,"매운맛, 향신, 풍미",,,ㅇ
쇼트닝,재료,양념/조미료,풍미오일,풍미오일,,"식감추가, 고소함",,,ㅇ
코코넛유,재료,양념/조미료,풍미오일,풍미오일,,"은은함, 코코넛향, 고소함",,,ㅇ
복숭아씨기름,재료,양념/조미료,풍미오일,풍미오일,,"풍미, 은은함",,,ㅇ
화조유,재료,양념/조미료,풍미오일,풍미오일,,"향긋함, 은은함",,,
다진마늘,재료,양념/조미료,향신다짐류,마늘류,,"매운맛, 향긋함",간마늘,,
산마늘,재료,양념/조미료,향신다짐류,마늘류,,"알싸함,향긋함",,,ㅇ
마늘,재료,양념/조미료,향신다짐류,마늘류,,"매운맛, 향긋함","갈릭, 깐마늘",,
통마늘,재료,양념/조미료,향신다짐류,마늘류,,"향긋함,알싸함",마늘,,ㅇ
깐마늘,재료,양념/조미료,향신다짐류,마늘류,,"향긋함,알싸함",마늘,,ㅇ
생강,재료,양념/조미료,향신다짐류,생강류,,"알싸함, 향긋함","간생강, 다진생강, 생강편, 햇생강, 생강가루",,
생강편,재료,양념/조미료,향신다짐류,생강류,,"향긋함, 알싸함",(삭제),생강,
깐생강,재료,양념/조미료,향신다짐류,생강류,,"향신, 알싸함, 은은함",,생강,ㅇ
생강페이스트,재료,양념/조미료,향신다짐류,생강류,,"향신, 알싸함, 은은함",생강 페이스트,생강,ㅇ
생강 페이스트,재료,양념/조미료,향신다짐류,생강류,,"향신, 알싸함, 은은함",생강페이스트,생강,ㅇ
참깨,재료,양념/조미료,향신료/허브류,고소한 향신조미,,"고소함, 식감추가",,,
깨소금,재료,양념/조미료,향신료/허브류,고소한 향신조미,,"고소함, 짠맛, 향긋함",,,
향신료,재료,양념/조미료,향신료/허브류,기타 향신료,,"향긋함, 매운맛",,,
허브,재료,양념/조미료,향신료/허브류,기타 향신료,,"향긋함, 은은함",,,
코코아가루,재료,양념/조미료,향신료/허브류,단맛/향조미,,"단맛, 색감",,,
바닐라 익스트랙,재료,양념/조미료,향신료/허브류,단맛/향조미,,"단맛, 향신, 은은함",,,ㅇ
바닐라 빈,재료,양념/조미료,향신료/허브류,단맛/향조미,,"단맛,향긋함",,,ㅇ
시나몬,재료,양념/조미료,향신료/허브류,단맛/향조미,,"향긋함, 단맛, 따뜻한 느낌","시나몬파우더, 시나몬가루, 계피, 계피가루",,
바닐라익스트랙,재료,양념/조미료,향신료/허브류,단맛/향조미,,"향긋함, 풍미","바닐라오일, 바닐라엑스트랙, 바닐라에센스",,
후추,재료,양념/조미료,향신료/허브류,매운 향신료,,"매운맛, 향긋함","후춧가루반큰술, 후춧가루",,
후춧가루,재료,양념/조미료,향신료/허브류,매운 향신료,,"매운맛, 향긋함",후추,,
칠리,재료,양념/조미료,향신료/허브류,매운 향신료,,"매운맛, 향신",고추,-,ㅇ
페페론치노,재료,양념/조미료,향신료/허브류,매운 향신료,,"향긋함, 매운맛",페퍼론치노,,
통후추,재료,양념/조미료,향신료/허브류,매운 향신료,,"향긋함, 매운맛",후추,,
파프리카가루,재료,양념/조미료,향신료/허브류,색감 향신료,,"색감, 은은함",,,
치자,재료,양념/조미료,향신료/허브류,색감 향신료,,"색감, 은은함",,,
강황,재료,양념/조미료,향신료/허브류,색감 향신료,,"색감, 향긋함, 항염기능",강황가루,,
강황가루,재료,양념/조미료,향신료/허브류,색감 향신료,,"색감, 향긋함, 항염기능",,,
겨자,재료,양념/조미료,향신료/허브류,알싸한 향신료,,"매운맛, 알싸함",,,
씨겨자,재료,양념/조미료,향신료/허브류,알싸한 향신료,,"매운맛,알싸함",,겨자,ㅇ
제피잎,재료,양념/조미료,향신료/허브류,알싸한 향신료,,"알싸함, 매운맛, 향신조미",초피잎,,ㅇ
생강가루,재료,양념/조미료,향신료/허브류,알싸한 향신료,,"알싸함, 향긋함",생강즙,,
생강즙,재료,양념/조미료,향신료/허브류,알싸한 향신료,,"알싸함, 향긋함",,,
산초,재료,양념/조미료,향신료/허브류,알싸한 향신료,,"알싸함, 향긋함",,,
검은후추,재료,양념/조미료,향신료/허브류,알싸한 향신료,,"알싸함, 향신",,후추,ㅇ
산초가루,재료,양념/조미료,향신료/허브류,알싸한 향신료,,"알싸함, 향신",,,ㅇ
흰후추,재료,양념/조미료,향신료/허브류,알싸한 향신료,,"알싸함, 향신",,후추,ㅇ
마늘가루,재료,양념/조미료,향신료/허브류,알싸한 향신료,,"향긋함, 알싸함",,,
피클링스파이스,재료,양념/조미료,향신료/허브류,절임용 향신료,,"산미, 향긋함",,,
트러플,재료,양념/조미료,향신료/허브류,풍미 향신료,,"풍미, 향긋함",,,
육두구,재료,양념/조미료,향신료/허브류,풍미 향신료,,"향신, 은은함, 단맛",,,ㅇ
바질가루,재료,양념/조미료,향신료/허브류,향긋한 향신료,,향긋함,,바질,ㅇ
큐민가루,재료,양념/조미료,향신료/허브류,향긋한 향신료,,"향긋함, 알싸함",큐민씨,,
팔각,재료,양념/조미료,향신료/허브류,향긋한 향신료,,"향긋함, 알싸함",,,
큐민씨,재료,양념/조미료,향신료/허브류,향긋한 향신료,,"향긋함, 알싸함",,,
계피,재료,양념/조미료,향신료/허브류,향긋한 향신료,,"향긋함,단맛",,,ㅇ
큐민파우더,재료,양념/조미료,향신료/허브류,향긋한 향신료,,"향신, 매운맛, 이국향",큐민분말,,ㅇ
레몬그라스,재료,양념/조미료,향신료/허브류,향긋한 허브,,"산미,향긋함",,,ㅇ
파슬리가루,재료,양념/조미료,향신료/허브류,향긋한 허브,,"은은함, 향긋함",,,
페퍼민트,재료,양념/조미료,향신료/허브류,향긋한 허브,,"청량감,향긋함",,,ㅇ
민트,재료,양념/조미료,향신료/허브류,향긋한 허브,,향긋함,애플민트,,
파슬리,재료,양념/조미료,향신료/허브류,향긋한 허브,,향긋함,생파슬리,,
바질,재료,양념/조미료,향신료/허브류,향긋한 허브,,향긋함,"바질잎,생바질",,
고수,재료,양념/조미료,향신료/허브류,향긋한 허브,,"향긋함, 알싸함, 비누향, 상큼함",,,
월계수,재료,양념/조미료,향신료/허브류,향긋한 허브,,"향긋함, 은은함",,,
오레가노,재료,양념/조미료,향신료/허브류,향긋한 허브,,"향긋함, 은은함",,,
로즈마리,재료,양념/조미료,향신료/허브류,향긋한 허브,,"향긋함, 은은함",,,
건바질,재료,양념/조미료,향신료/허브류,향긋한 허브,,"향긋함, 은은함",,,
애플민트,재료,양념/조미료,향신료/허브류,향긋한 허브,,"향긋함,산미",,민트,ㅇ
타라곤,재료,양념/조미료,향신료/허브류,향긋한 허브,,"향긋함,은은함",,,ㅇ
월계수잎,재료,양념/조미료,향신료/허브류,향긋한 허브,,"향긋함,은은함",,,ㅇ
로즈메리,재료,양념/조미료,향신료/허브류,향긋한 허브,,"향긋함,은은함",,,ㅇ
시즈닝,재료,양념/조미료,향신료/허브류,혼합 향신시즈닝,,"감칠맛, 짠맛",,,
오향분,재료,양념/조미료,향신료/허브류,혼합 향신시즈닝,,"향긋함, 감칠맛",,,
카레가루,재료,양념/조미료,향신료/허브류,혼합 향신시즈닝,,"향긋함, 매운맛",,,
올스파이스,재료,양념/조미료,향신료/허브류,혼합 향신시즈닝,,"향긋함, 향신, 알싸함",,,ㅇ
마살라,재료,양념/조미료,향신료/허브류,혼합 향신시즈닝,,"향긋함, 향신조합",,,
코코넛밀크,재료,유제품,기타 유제품,기타 유제품,,"유제품 풍미, 유화작용",코코넛 밀크,,
크라비아,재료,유제품,기타 유제품,기타 유제품,,"유제품 풍미, 유화작용",,,
유청,재료,유제품,기타 유제품,기타 유제품,,"유제품 풍미, 유화작용",,,
유지방,재료,유제품,기타 유제품,기타 유제품,,"유제품 풍미, 유화작용",,,
유제품,재료,유제품,기타 유제품,기타 유제품,,"유제품 풍미, 유화작용",,,
무염버터,재료,유제품,버터류,버터류,,"유제품 풍미, 기름감",,,
마가린,재료,유제품,버터류,버터류,,"고소함, 풍미, 대체지방",,,ㅇ
에쉬레,재료,유제품,버터류,버터류,,"유제품 풍미, 기름감",,,
스틱버터,재료,유제품,버터류,버터류,,"유제품 풍미, 기름감",,,
버터랑,재료,유제품,버터류,버터류,,"유제품 풍미, 기름감",,,
버터,재료,유제품,버터류,버터류,,"유제품 풍미, 기름감",,,
가염버터,재료,유제품,버터류,버터류,,"유제품 풍미, 기름감",,,
요구르트,재료,유제품,요거트/발효유,요거트/발효유,,"유제품 풍미, 산미","야쿠르트, 요쿠르트",,
요플레,재료,유제품,요거트/발효유,요거트/발효유,,"유제품 풍미, 산미",,,
요거트,재료,유제품,요거트/발효유,요거트/발효유,,"유제품 풍미, 산미",,,
발효유,재료,유제품,요거트/발효유,요거트/발효유,,"유제품 풍미, 산미",,요거트,
그릭요거트,재료,유제품,요거트/발효유,요거트/발효유,,"유제품 풍미, 산미",,요거트,
검은콩두유,재료,유제품,우유/분유,우유/분유,,"고소함, 식물성, 단백질",,두유,ㅇ
검은콩우유,재료,유제품,우유/분유,우유/분유,,"고소함, 식물성, 은은함",,우유,ㅇ
귀리 우유,재료,유제품,우유/분유,우유/분유,,"고소함, 은은함, 식물성",,우유,ㅇ
산양유,재료,유제품,우유/분유,우유/분유,,"고소함, 진한맛, 단백질",,우유,ㅇ
바나나두유,재료,유제품,우유/분유,우유/분유,,"단맛, 은은함, 식물성우유",,두유,ㅇ
바나나우유,재료,유제품,우유/분유,우유/분유,,"단맛, 은은함, 향첨가우유",,우유,ㅇ
강화우유,재료,유제품,우유/분유,우유/분유,,"단백질, 비타민강화, 고소함",,우유,ㅇ
저지방우유,재료,유제품,우유/분유,우유/분유,,"식감추가, 은은함, 저지방",,우유,ㅇ
탈지분유,재료,유제품,우유/분유,우유/분유,,"유제품 풍미, 농축",,,
분유,재료,유제품,우유/분유,우유/분유,,"유제품 풍미, 농축",,,
연유,재료,유제품,우유/분유,우유/분유,,"유제품 풍미, 단맛",,,
딸기우유,재료,유제품,우유/분유,우유/분유,,"유제품 풍미, 단맛",,,
우유,재료,유제품,우유/분유,우유/분유,,"유제품 풍미, 수분",밀크,,
두유,재료,유제품,우유/분유,우유/분유,,"유제품 풍미, 식물성",,,
아몬드 우유,재료,유제품,우유/분유,우유/분유,,"은은함, 고소함, 식물성우유",아몬드 밀크,우유,ㅇ
치즈,재료,유제품,치즈,치즈,,"고소함, 유제품향",,,
고다,재료,유제품,치즈,치즈,,"고소함, 풍미, 단백질",,치즈,ㅇ
카테지치즈,재료,유제품,치즈,치즈,,"단백질, 부드러움, 고소함",카테지,치즈,ㅇ
스트링치즈,재료,유제품,치즈,치즈,,"식감추가, 단백질, 고소함",,,ㅇ
파마산,재료,유제품,치즈,치즈,,"짠맛,고소함",,,ㅇ
마스카포네,재료,유제품,치즈(디저트용),마스카포네,,"부드러움, 단맛, 유제품향",,,
라꽁비에뜨,재료,유제품,치즈(디저트용),마스카포네,,"산미, 부드러움, 이국",,,ㅇ
치즈가루,재료,유제품,치즈(분말),치즈가루,,"짠맛, 고소함, 유제품향",,,
보코치니,재료,유제품,치즈(샐러드용),보코치니,,"고소함, 쫄깃함, 유제품향",,,
부라타,재료,유제품,치즈(샐러드용),부라타,,"고소함, 부드러움, 유제품향",,,
브리치즈,재료,유제품,치즈(샐러드용),브리치즈,,"고소함, 부드러움, 은은함",,,
브리,재료,유제품,치즈(샐러드용),브리치즈,,"은은함, 고소함, 부드러움",,치즈,ㅇ
카망베르,재료,유제품,치즈(샐러드용),브리치즈,,"은은함, 고소함, 부드러움",,브리,ㅇ
페타치즈,재료,유제품,치즈(샐러드용),페타치즈,,"짠맛, 단단함, 유제품향",,,
필라델피아,재료,유제품,치즈(스프레드),크림치즈,,"부드러움, 유제품향, 고소함",,,
크림치즈,재료,유제품,치즈(스프레드),크림치즈,,"부드러움, 유제품향, 고소함",,,
리코타,재료,유제품,치즈(스프레드),크림치즈,,"부드러움, 유제품향, 고소함",,,
체다치즈,재료,유제품,치즈(슬라이스),슬라이스치즈,,"짠맛, 고소함, 유제품향","체더치즈, 체더, 체다",,
슬라이스치즈,재료,유제품,치즈(슬라이스),슬라이스치즈,,"짠맛, 고소함, 유제품향","체더슬라이스, 체다슬라이스",,
콜비잭치즈,재료,유제품,치즈(슬라이스),슬라이스치즈,,"짠맛, 고소함, 유제품향",,,
파마산치즈,재료,유제품,치즈(토핑용),경질토핑치즈,,"짠맛, 감칠맛, 고소함",파마산 치즈,치즈,ㅇ
페코리노,재료,유제품,치즈(토핑용),경질토핑치즈,,"짠맛, 고소함, 단단함","파마산치즈, 파마산 치즈, 파마산, 파르미지아노, 파르메산, 레지아노, 그라노파다노",,
치즈폼,재료,유제품,치즈(폼),치즈폼,,"부드러움, 유제품향, 포밍감",,,
피자치즈,재료,유제품,치즈(피자용),피자치즈,,"쫄깃함, 고소함, 유제품향","모차렐라, 모짜렐라, 모차렐라치즈, 모짜렐라치즈, 생모짜렐라, 피자치즈, 피자 치즈",,
커스터드 크림,재료,유제품,크림류,휘핑크림,,"부드러움, 유화, 중성맛",커스타드크림,휘핑크림,
휘핑크림,재료,유제품,크림류,휘핑크림,,"부드러움, 유화, 중성맛",,,
커스타드크림,재료,유제품,크림류,휘핑크림,,"부드러움, 유화, 중성맛",,휘핑크림,
우유크림,재료,유제품,크림류,휘핑크림,,"부드러움, 유화, 중성맛",,휘핑크림,
생크림,재료,유제품,크림류,휘핑크림,,"부드러움, 유화, 중성맛",,휘핑크림,
휘핑,재료,유제품,크림류,휘핑크림,,"식감추가, 고소함, 은은함",휘핑크림,크림,ㅇ
크림,재료,유제품,크림류,휘핑크림,,"식감추가, 고소함, 은은함",,-,ㅇ
코코넛크림,재료,유제품,크림류,휘핑크림,,"식감추가, 코코넛향, 고소함",,,ㅇ
핫초코,재료,음료/주류,기타 음료,,,"단맛, 초콜릿향, 음용",,,
생과일주스,재료,음료/주류,비탄산 음료,,,"상큼함, 과일향, 음용",,,
식혜,재료,음료/주류,비탄산 음료,,,"단맛, 곡물향",,,
맥주,재료,음료/주류,주류,가열 조리용,,"알코올, 청량감",샴페인,,
막걸리,재료,음료/주류,주류,가열 조리용,,"알코올, 곡물향",생막걸리,,
고량주,재료,음료/주류,주류,잡내 제거용,,"도수 높음, 향 강함, 발효주",,,
소주,재료,음료/주류,주류,잡내 제거용,,"알코올, 깔끔함",,,
와인,재료,음료/주류,주류,"잡내 제거용, 풍미 강화용",,"산미, 발효주, 풍미 보강",,,ㅇ
샴페인,재료,음료/주류,주류,"잡내 제거용, 풍미 강화용",,"탄산 있음, 알코올, 상큼함",,,
녹차,재료,음료/주류,차류,가열 조리용,,"쓴맛, 은은함",그린티,,
녹차라떼,재료,음료/주류,차류,가열 조리용,,"쓴맛,은은함,유제품향",,,ㅇ
히비스커스티,재료,음료/주류,차류,,,"산미, 향긋함",히비스커스,,
원두,재료,음료/주류,커피류,가열 조리용,,"쓴맛,향긋함",,커피,ㅇ
드립백,재료,음료/주류,커피류,,,"쓴맛, 카페인, 음용",,,
에스프레소,재료,음료/주류,커피류,,,"쓴맛, 카페인",,,
블랙커피,재료,음료/주류,커피류,,,"쓴맛, 카페인, 고농축",아메리카노,,ㅇ
탄산수,재료,음료/주류,탄산 음료,가열 조리용,,청량감,,,
콜라,재료,음료/주류,탄산 음료,가열 조리용,,"단맛, 청량감",,탄산음료,
사이다,재료,음료/주류,탄산 음료,가열 조리용,,"단맛, 청량감",,탄산음료,
탄산음료,재료,음료/주류,탄산 음료,,,"단맛, 청량감",,,
닥터페퍼,재료,음료/주류,탄산 음료,,,"단맛, 청량감",,탄산음료,
현미시리얼,재료,즉석식/간편식,디저트/간식류,즉석디저트/간식,곡물시리얼,"건강지향, 바삭함",,시리얼,ㅇ
귀리시리얼,재료,즉석식/간편식,디저트/간식류,즉석디저트/간식,곡물시리얼,"바삭함, 건강지향",,시리얼,ㅇ
옥수수시리얼,재료,즉석식/간편식,디저트/간식류,즉석디저트/간식,곡물시리얼,"바삭함, 단맛",,시리얼,ㅇ
그래놀라,재료,즉석식/간편식,디저트/간식류,즉석디저트/간식,곡물시리얼,"고소함, 단맛",,,
시리얼,재료,즉석식/간편식,디저트/간식류,즉석디저트/간식,곡물시리얼,"바삭함, 단맛",,,
카카오닙스,재료,즉석식/간편식,디저트/간식류,즉석디저트/간식,곡물시리얼,"쓴맛, 풍미, 식감추가",,,
푸딩,재료,즉석식/간편식,디저트/간식류,즉석디저트/간식,디저트류,"단맛, 식감추가",,,
도넛,재료,즉석식/간편식,디저트/간식류,즉석디저트/간식,디저트류,"단맛, 식감추가",,,
크레페,재료,즉석식/간편식,디저트/간식류,즉석디저트/간식,디저트류,"단맛, 식감추가",,,
커스터드,재료,즉석식/간편식,디저트/간식류,즉석디저트/간식,디저트류,"단맛, 식감추가",,,
마카롱,재료,즉석식/간편식,디저트/간식류,즉석디저트/간식,디저트류,"단맛, 식감추가",,,
캔디,재료,즉석식/간편식,디저트/간식류,즉석디저트/간식,사탕류,단맛,,,
젤리,재료,즉석식/간편식,디저트/간식류,즉석디저트/간식,사탕류,"단맛, 식감추가",,,
감자칩,재료,즉석식/간편식,디저트/간식류,즉석디저트/간식,스낵류,"짠맛, 식감추가",,과자,
죠리퐁,재료,즉석식/간편식,디저트/간식류,즉석디저트/간식,스낵류,"단맛, 바삭함, 곡물스낵",,,ㅇ
과자,재료,즉석식/간편식,디저트/간식류,즉석디저트/간식,스낵류,"단맛, 식감추가, 짠맛",,,
팝콘,재료,즉석식/간편식,디저트/간식류,즉석디저트/간식,스낵류,"식감추가, 짠맛",,과자,
알새우칩,재료,즉석식/간편식,디저트/간식류,즉석디저트/간식,스낵류,"식감추가, 해산물향",,과자,
새우칩,재료,즉석식/간편식,디저트/간식류,즉석디저트/간식,스낵류,"식감추가, 해산물향",,과자,
도리토스,재료,즉석식/간편식,디저트/간식류,즉석디저트/간식,스낵류,"짠맛, 식감추가",,과자,
약과,재료,즉석식/간편식,디저트/간식류,즉석디저트/간식,전통과자류,"단맛, 식감추가",,,
쌀과자,재료,즉석식/간편식,디저트/간식류,즉석디저트/간식,전통과자류,"단맛, 식감추가",,과자,
쑥버무리,재료,즉석식/간편식,디저트/간식류,즉석디저트/간식,전통과자류,"쌉쌀한향, 전통디저트",,,ㅇ
초콜릿,재료,즉석식/간편식,디저트/간식류,즉석디저트/간식,초콜릿,단맛,,,
화이트초콜릿,재료,즉석식/간편식,디저트/간식류,즉석디저트/간식,초콜릿,"단맛, 부드러움",,초콜릿,ㅇ
다크초콜릿,재료,즉석식/간편식,디저트/간식류,즉석디저트/간식,초콜릿,"단맛, 쌉싸름함",,초콜릿,
화이트 초콜릿,재료,즉석식/간편식,디저트/간식류,즉석디저트/간식,초콜릿,"단맛, 토핑용",,초콜릿,
코팅초콜릿,재료,즉석식/간편식,디저트/간식류,즉석디저트/간식,초콜릿,"단맛, 토핑용, 식감추가",,초콜릿,
밀크초콜릿,재료,즉석식/간편식,디저트/간식류,즉석디저트/간식,초콜릿,"단맛,유제품향",,초콜릿,ㅇ
비스킷,재료,즉석식/간편식,디저트/간식류,즉석디저트/간식,쿠키류,"단맛, 식감추가",,쿠키,
쿠키,재료,즉석식/간편식,디저트/간식류,즉석디저트/간식,쿠키류,"단맛, 식감추가",,,
오레오,재료,즉석식/간편식,디저트/간식류,즉석디저트/간식,쿠키류,"단맛, 식감추가",,쿠키,
다이제,재료,즉석식/간편식,디저트/간식류,즉석디저트/간식,쿠키류,"단맛, 식감추가",,쿠키,
크래커,재료,즉석식/간편식,디저트/간식류,즉석디저트/간식,쿠키류,"단맛, 식감추가",,쿠키,
통밀쿠키,재료,즉석식/간편식,디저트/간식류,즉석디저트/간식,쿠키류,"단맛, 식감추가",,쿠키,
유부,재료,즉석식/간편식,완제품·조리불요,가공식 부재료,조리부재료,"짠맛, 감칠맛",,,
후무스,재료,즉석식/간편식,완제품·조리불요,즉석디저트/간식,디저트류,"고소함, 식물성단백, 이국",,,ㅇ
무짠지,재료,즉석식/간편식,완제품·조리불요,즉석반찬/김치류,무김치,"짠맛, 발효된 맛, 시큼함",,김치,
녹두묵,재료,즉석식/간편식,완제품·조리불요,즉석반찬/김치류,묵류,"탱글한 식감, 냉식, 곡물 유래",,묵,ㅇ
도토리묵,재료,즉석식/간편식,완제품·조리불요,즉석반찬/김치류,묵류,"탱글한 식감, 냉식, 곡물 유래",청포묵,,
우무묵,재료,즉석식/간편식,완제품·조리불요,즉석반찬/김치류,묵류,"탱글한 식감, 냉식, 곡물 유래",,,ㅇ
국산도토리묵,재료,즉석식/간편식,완제품·조리불요,즉석반찬/김치류,묵류,"탱글한 식감, 냉식, 곡물 유래",도토리묵,,ㅇ
메밀묵,재료,즉석식/간편식,완제품·조리불요,즉석반찬/김치류,묵류,"탱글한 식감, 냉식, 곡물 유래",,,ㅇ
옥수수묵,재료,즉석식/간편식,완제품·조리불요,즉석반찬/김치류,묵류,"탱글한 식감, 냉식, 곡물 유래",,,ㅇ
배추 김치,재료,즉석식/간편식,완제품·조리불요,즉석반찬/김치류,배추김치,"산미,식감추가",김치,배추,ㅇ
묵은지,재료,즉석식/간편식,완제품·조리불요,즉석반찬/김치류,배추김치,"짠맛, 발효된 맛, 시큼함",,김치,
김치,재료,즉석식/간편식,완제품·조리불요,즉석반찬/김치류,일반,"짠맛, 발효된 맛",,,
단무지,재료,즉석식/간편식,완제품·조리불요,즉석반찬/김치류,일반,"단맛,식감추가,산미",,무우류,ㅇ
열무 김치,재료,즉석식/간편식,완제품·조리불요,즉석반찬/김치류,일반,"산미,식감추가",,열무,ㅇ
나박 김치,재료,즉석식/간편식,완제품·조리불요,즉석반찬/김치류,일반,"산미,식감추가",,김치,ㅇ
오이 피클,재료,즉석식/간편식,완제품·조리불요,즉석반찬/김치류,일반,"산미,식감추가",,오이,ㅇ
오이 소박이,재료,즉석식/간편식,완제품·조리불요,즉석반찬/김치류,일반,"산미,식감추가",,오이,ㅇ
유채 김치,재료,즉석식/간편식,완제품·조리불요,즉석반찬/김치류,일반,"산미,향긋함",,유채,ㅇ
갓김치,재료,즉석식/간편식,완제품·조리불요,즉석반찬/김치류,일반,"산미,향긋함",,갓,ㅇ
마늘 장아찌,재료,즉석식/간편식,완제품·조리불요,즉석반찬/김치류,일반,"산미,향긋함",,마늘,ㅇ
참나물가공품,재료,즉석식/간편식,완제품·조리불요,즉석반찬/김치류,일반,"향긋함,은은함",,참나물,ㅇ
삼각김밥,재료,즉석식/간편식,완제품·조리불요,즉석밥/곡류,김밥형 밥,"짠맛, 담백함, 간편식",,,
멥쌀밥,재료,즉석식/간편식,완제품·조리불요,즉석밥/곡류,멥쌀밥,"쫀득함, 담백함",,밥,ㅇ
햇반,재료,즉석식/간편식,완제품·조리불요,즉석밥/곡류,백미밥,"담백함, 간편식",즉석밥,,
현미밥,재료,즉석식/간편식,완제품·조리불요,즉석밥/곡류,백미밥,"쫀득함, 건강지향",,밥,ㅇ
쌀밥,재료,즉석식/간편식,완제품·조리불요,즉석밥/곡류,백미밥,"쫀득함, 담백함",,밥,ㅇ
잡곡밥,재료,즉석식/간편식,완제품·조리불요,즉석밥/곡류,잡곡밥,"쫀득함, 건강지향",,,ㅇ
동결건조국,재료,즉석식/간편식,즉석조리 필요,즉석국/탕류,즉석국,"짠맛, 감칠맛",즉석국,즉석국,
짜파게티,재료,즉석식/간편식,즉석조리 필요,즉석면류,봉지면,"짠맛, 간편식, 볶음",,라면,
사리곰탕면,재료,즉석식/간편식,즉석조리 필요,즉석면류,봉지면,"짠맛, 간편식",,라면,
빽라면,재료,즉석식/간편식,즉석조리 필요,즉석면류,봉지면,"짠맛, 간편식",,라면,
진라면,재료,즉석식/간편식,즉석조리 필요,즉석면류,봉지면,"짠맛, 매운맛, 간편식",,라면,
신라면,재료,즉석식/간편식,즉석조리 필요,즉석면류,봉지면,"짠맛, 매운맛, 간편식",,라면,
김치라면,재료,즉석식/간편식,즉석조리 필요,즉석면류,봉지면,"짠맛, 매운맛, 김치맛, 간편식",,라면,
불닭볶음면,재료,즉석식/간편식,즉석조리 필요,즉석면류,봉지면,"짠맛, 매운맛, 볶음, 간편식",,라면,
너구리,재료,즉석식/간편식,즉석조리 필요,즉석면류,봉지면,"짠맛, 해물맛, 간편식",,라면,
컵라면,재료,즉석식/간편식,즉석조리 필요,즉석면류,용기면,"짠맛, 간편식",,라면,
라면,재료,즉석식/간편식,즉석조리 필요,즉석면류,일반,"짠맛, 간편식",,,
참깨죽,재료,즉석식/간편식,즉석조리 필요,즉석조리식,죽류,"고소함, 담백함",,,ㅇ
피자,재료,즉석식/간편식,즉석조리 필요,즉석조리식/밀키트,즉석조리식,"짠맛, 고소함, 포만감",,,
만두,재료,즉석식/간편식,즉석조리 필요,즉석조리식/밀키트,즉석조리식,"짠맛, 고소함, 포만감",,,
냉동만두,재료,즉석식/간편식,즉석조리 필요,즉석조리식/밀키트,즉석조리식,(삭제),,만두,
캠핑밀키트,재료,즉석식/간편식,즉석조리 필요,즉석조리식/밀키트,즉석조리식,"복합, 고소함, 간편함",,,
참치마요,재료,즉석식/간편식,즉석조리 필요,즉석조리식/밀키트,즉석조리식,"짠맛, 고소함, 간편함",,,
통조림과일,재료,즉석식/간편식,통조림/보존식품,통조림/가공식재료,과일통조림,"단맛, 상큼함, 보존성",과일통조림,,
토마토홀,재료,즉석식/간편식,통조림/보존식품,통조림/가공식재료,과일통조림,"산미, 감칠맛, 색감",,토마토,
꽁치통조림,재료,즉석식/간편식,통조림/보존식품,통조림/가공식재료,어류통조림,(삭제),통조림꽁치,,
캔참치,재료,즉석식/간편식,통조림/보존식품,통조림/가공식재료,어류통조림,"짠맛, 감칠맛, 보존성",참치캔,,
키토,효능/영양분/요리스타일,식문화/요리 스타일,건강 목적/대체 식단,,,,,,
채식,효능/영양분/요리스타일,식문화/요리 스타일,건강 목적/대체 식단,,,,,,
저속노화,효능/영양분/요리스타일,식문화/요리 스타일,건강 목적/대체 식단,,,,,,
키토제닉,효능/영양분/요리스타일,식문화/요리 스타일,건강 목적/대체 식단,,,,,,
영양식,효능/영양분/요리스타일,식문화/요리 스타일,건강 목적/대체 식단,,,,,,
양배추다이어트,효능/영양분/요리스타일,식문화/요리 스타일,건강 목적/대체 식단,,,,,,
식사대용,효능/영양분/요리스타일,식문화/요리 스타일,건강 목적/대체 식단,,,,,,
비건,효능/영양분/요리스타일,식문화/요리 스타일,건강 목적/대체 식단,,,,,,
다이어트음식,효능/영양분/요리스타일,식문화/요리 스타일,건강 목적/대체 식단,,,,,,
다이어트식,효능/영양분/요리스타일,식문화/요리 스타일,건강 목적/대체 식단,,,,,,
건강식단,효능/영양분/요리스타일,식문화/요리 스타일,건강 목적/대체 식단,,,,,,
건강식,효능/영양분/요리스타일,식문화/요리 스타일,건강 목적/대체 식단,,,,,,
간헐적단식,효능/영양분/요리스타일,식문화/요리 스타일,건강 목적/대체 식단,,,,,,
간단브런치,효능/영양분/요리스타일,식문화/요리 스타일,건강 목적/대체 식단,,,,,,
강원도,효능/영양분/요리스타일,식문화/요리 스타일,건강 목적/대체 식단,,,,,,
경상도,효능/영양분/요리스타일,식문화/요리 스타일,건강 목적/대체 식단,,,,,,
전라도,효능/영양분/요리스타일,식문화/요리 스타일,건강 목적/대체 식단,,,,,,
황해도,효능/영양분/요리스타일,식문화/요리 스타일,건강 목적/대체 식단,,,,,,
다이어터,효능/영양분/요리스타일,식문화/요리 스타일,레시피 태그형 키워드,,,,,,
경양식,효능/영양분/요리스타일,식문화/요리 스타일,레시피 태그형 키워드,,,,,,
퓨전,효능/영양분/요리스타일,식문화/요리 스타일,레시피 태그형 키워드,,,,,,
오마카세,효능/영양분/요리스타일,식문화/요리 스타일,레시피 태그형 키워드,,,,,,
식단,효능/영양분/요리스타일,식문화/요리 스타일,레시피 태그형 키워드,,,,,,
고급,효능/영양분/요리스타일,식문화/요리 스타일,레시피 태그형 키워드,,,,,,
본연,효능/영양분/요리스타일,식문화/요리 스타일,레시피 태그형 키워드,,,,,,
전통,효능/영양분/요리스타일,식문화/요리 스타일,레시피 태그형 키워드,,,,,,
궁중,효능/영양분/요리스타일,식문화/요리 스타일,레시피 태그형 키워드,,,,,,
가니쉬,효능/영양분/요리스타일,식문화/요리 스타일,레시피 태그형 키워드,,,,,,
이국,효능/영양분/요리스타일,식문화/요리 스타일,레시피 태그형 키워드,,,,,,
경양식,효능/영양분/요리스타일,식문화/요리 스타일,문화권 기반 스타일,,,,,,
지중해,효능/영양분/요리스타일,식문화/요리 스타일,문화권 기반 스타일,,,,,,
일본식,효능/영양분/요리스타일,식문화/요리 스타일,문화권 기반 스타일,,,,,,
동남아,효능/영양분/요리스타일,식문화/요리 스타일,문화권 기반 스타일,,,,,,
한국식,효능/영양분/요리스타일,식문화/요리 스타일,문화권 기반 스타일,,,,,,
중화풍,효능/영양분/요리스타일,식문화/요리 스타일,문화권 기반 스타일,,,,,,
중국식,효능/영양분/요리스타일,식문화/요리 스타일,문화권 기반 스타일,,,,,,
일식,효능/영양분/요리스타일,식문화/요리 스타일,문화권 기반 스타일,,,,,,
오리엔탈,효능/영양분/요리스타일,식문화/요리 스타일,문화권 기반 스타일,,,,,,
독일식,효능/영양분/요리스타일,식문화/요리 스타일,문화권 기반 스타일,,,,,,
프렌치,효능/영양분/요리스타일,식문화/요리 스타일,문화권 기반 스타일,,,,,,
이탈리안,효능/영양분/요리스타일,식문화/요리 스타일,문화권 기반 스타일,,,,,,
프랑스,효능/영양분/요리스타일,식문화/요리 스타일,문화권 기반 스타일,,,,,,
일본,효능/영양분/요리스타일,식문화/요리 스타일,문화권 기반 스타일,,,,,,
스페인,효능/영양분/요리스타일,식문화/요리 스타일,문화권 기반 스타일,,,,,,
중화,효능/영양분/요리스타일,식문화/요리 스타일,문화권 기반 스타일,,,,,,
베트남,효능/영양분/요리스타일,식문화/요리 스타일,문화권 기반 스타일,,,,,,
그리스,효능/영양분/요리스타일,식문화/요리 스타일,문화권 기반 스타일,,,,,,
서양,효능/영양분/요리스타일,식문화/요리 스타일,문화권 기반 스타일,,,,,,
태국,효능/영양분/요리스타일,식문화/요리 스타일,문화권 기반 스타일,,,,,,
멕시코,효능/영양분/요리스타일,식문화/요리 스타일,문화권 기반 스타일,,,,,,
남해,효능/영양분/요리스타일,식문화/요리 스타일,문화권 기반 스타일,,,,,,
즉석,효능/영양분/요리스타일,식문화/요리 스타일,요리 방식/기술,,,,,,
초간단,효능/영양분/요리스타일,식문화/요리 스타일,요리 방식/기술,,,,,,
수비드,효능/영양분/요리스타일,식문화/요리 스타일,요리 방식/기술,,,,,,
샐러드만들기,효능/영양분/요리스타일,식문화/요리 스타일,요리 방식/기술,,,,,,
밀프랩,효능/영양분/요리스타일,식문화/요리 스타일,요리 방식/기술,,,,,,
간편식,효능/영양분/요리스타일,식문화/요리 스타일,요리 방식/기술,,,,,,
가정식,효능/영양분/요리스타일,식문화/요리 스타일,요리 방식/기술,,,,,,
무설탕,효능/영양분/요리스타일,식문화/요리 스타일,제한 식단/프리,,,,,,
무가당,효능/영양분/요리스타일,식문화/요리 스타일,제한 식단/프리,,,,,,
키토,효능/영양분/요리스타일,식문화/요리 스타일,제한 식단/프리,,,,,,
저탄수,효능/영양분/요리스타일,식문화/요리 스타일,제한 식단/프리,,,,,,
저탄고지,효능/영양분/요리스타일,식문화/요리 스타일,제한 식단/프리,,,,,,
무가염,효능/영양분/요리스타일,식문화/요리 스타일,제한 식단/프리,,,,,,
글루텐프리,효능/영양분/요리스타일,식문화/요리 스타일,제한 식단/프리,,,,,,
채식,효능/영양분/요리스타일,식문화/요리 스타일,조리 편의/대상 스타일,,,,,,
핑거푸드,효능/영양분/요리스타일,식문화/요리 스타일,조리 편의/대상 스타일,,,,,,
왕초보,효능/영양분/요리스타일,식문화/요리 스타일,조리 편의/대상 스타일,,,,,,
식이섬유,효능/영양분/요리스타일,영양분,기능성 성분,,,,,,
섬유질,효능/영양분/요리스타일,영양분,기능성 성분,,,,,,
칼슘,효능/영양분/요리스타일,영양분,기능성 성분,,,,,,
미네랄,효능/영양분/요리스타일,영양분,기능성 성분,,,,,,
황화합물,효능/영양분/요리스타일,영양분,기능성 성분,,,,,,
폴리페놀,효능/영양분/요리스타일,영양분,기능성 성분,,,,,,
유산균,효능/영양분/요리스타일,영양분,기능성 성분,,,,,,
알리신,효능/영양분/요리스타일,영양분,기능성 성분,,,,,,
섬유소,효능/영양분/요리스타일,영양분,기능성 성분,,,,,,
사포닌,효능/영양분/요리스타일,영양분,기능성 성분,,,,,,
리코펜,효능/영양분/요리스타일,영양분,기능성 성분,,,,,,
루테인,효능/영양분/요리스타일,영양분,기능성 성분,,,,,,
라이코펜,효능/영양분/요리스타일,영양분,기능성 성분,,,,,,
글루코시놀레이트,효능/영양분/요리스타일,영양분,기능성 성분,,,,,,
단백질 보충제,효능/영양분/요리스타일,영양분,기능성 성분,,,,,,
비타민C 함유,효능/영양분/요리스타일,영양분,기능성 성분,,,,,,
비타민 함유,효능/영양분/요리스타일,영양분,기능성 성분,,,,,,
칼륨,효능/영양분/요리스타일,영양분,기능성 성분,,,,,,
아연,효능/영양분/요리스타일,영양분,기능성 성분,,,,,,
오메가,효능/영양분/요리스타일,영양분,기능성 성분,,,,,,
아미노산,효능/영양분/요리스타일,영양분,기능성 성분,,,,,,
타우린 함유,효능/영양분/요리스타일,영양분,기능성 성분,,,,,,
고단백,효능/영양분/요리스타일,영양분,기초영양소,,,,,,
탄수화물,효능/영양분/요리스타일,영양분,기초영양소,,,,,,
단백질,효능/영양분/요리스타일,영양분,기초영양소,,,,,,
토코페롤,효능/영양분/요리스타일,영양분,기초영양소,,,,,,
탄단지,효능/영양분/요리스타일,영양분,기초영양소,,,,,,
오메가3,효능/영양분/요리스타일,영양분,기초영양소,,,,,,
레시틴,효능/영양분/요리스타일,영양분,기초영양소,,,,,,
고단백질,효능/영양분/요리스타일,영양분,기초영양소,,,,,,
칼로리,효능/영양분/요리스타일,영양분,기초영양소,,,,,,
근육,효능/영양분/요리스타일,영양분,기타 건강지표,,,,,,
열량,효능/영양분/요리스타일,영양분,기타 건강지표,,,,,,
혈압,효능/영양분/요리스타일,영양분,기타 건강지표,,,,,,
혈당,효능/영양분/요리스타일,영양분,기타 건강지표,,,,,,
인슐린,효능/영양분/요리스타일,영양분,기타 건강지표,,,,,,
대장암,효능/영양분/요리스타일,영양분,기타 건강지표,,,,,,
칼슘,효능/영양분/요리스타일,영양분,비타민/미네랄,,,,,,
미네랄,효능/영양분/요리스타일,영양분,비타민/미네랄,,,,,,
무기질,효능/영양분/요리스타일,영양분,비타민/미네랄,,,,,,
칼슘이,효능/영양분/요리스타일,영양분,비타민/미네랄,,,,,,
철분,효능/영양분/요리스타일,영양분,비타민/미네랄,,,,,,
엽산,효능/영양분/요리스타일,영양분,비타민/미네랄,,,,,,
비타민,효능/영양분/요리스타일,영양분,비타민/미네랄,,,,,,
베타카로틴,효능/영양분/요리스타일,영양분,비타민/미네랄,,,,,,
비타민 C,효능/영양분/요리스타일,영양분,비타민/미네랄,,,,,,
비타민 K,효능/영양분/요리스타일,영양분,비타민/미네랄,,,,,,
콜레스테롤,효능/영양분/요리스타일,영양분,섭취 주의 성분,,,,,,
열량,효능/영양분/요리스타일,영양분,섭취 주의 성분,,,,,,
무염,효능/영양분/요리스타일,영양분,섭취 주의 성분,,,,,,
무가당,효능/영양분/요리스타일,영양분,섭취 주의 성분,,,,,,
무설탕,효능/영양분/요리스타일,영양분,섭취 주의 성분,,,,,,
저칼로리,효능/영양분/요리스타일,영양분,섭취 주의 성분,,,,,,
저지방,효능/영양분/요리스타일,영양분,섭취 주의 성분,,,,,,
저당,효능/영양분/요리스타일,영양분,섭취 주의 성분,,,,,,
트랜스지방,효능/영양분/요리스타일,영양분,섭취 주의 성분,,,,,,
유당,효능/영양분/요리스타일,영양분,섭취 주의 성분,,,,,,
당분,효능/영양분/요리스타일,영양분,섭취 주의 성분,,,,,,
나트륨,효능/영양분/요리스타일,영양분,섭취 주의 성분,,,,,,
카페인 함유,효능/영양분/요리스타일,영양분,섭취 주의 성분,,,,,,
글루텐,효능/영양분/요리스타일,영양분,섭취 주의 성분,,,,,,
면역력,효능/영양분/요리스타일,효능,면역/항염/항암,,,,,,
항염증,효능/영양분/요리스타일,효능,면역/항염/항암,,,,,,
항염,효능/영양분/요리스타일,효능,면역/항염/항암,,,,,,
항암토마토,효능/영양분/요리스타일,효능,면역/항염/항암,,,,,,
항암성분,효능/영양분/요리스타일,효능,면역/항염/항암,,,,,,
항암,효능/영양분/요리스타일,효능,면역/항염/항암,,,,,,
커큐민,효능/영양분/요리스타일,효능,면역/항염/항암,,,,,,
염증,효능/영양분/요리스타일,효능,면역/항염/항암,,,,,,
암예방,효능/영양분/요리스타일,효능,면역/항염/항암,,,,,,
면역력강화,효능/영양분/요리스타일,효능,면역/항염/항암,,,,,,
면역,효능/영양분/요리스타일,효능,면역/항염/항암,,,,,,
감기,효능/영양분/요리스타일,효능,면역/항염/항암,,,,,,
염증 완화,효능/영양분/요리스타일,효능,면역/항염/항암,,,,,,
세균,효능/영양분/요리스타일,효능,면역/항염/항암,,,,,,
식이섬유,효능/영양분/요리스타일,효능,소화/배변/이뇨,,,,,,
섬유질,효능/영양분/요리스타일,효능,소화/배변/이뇨,,,,,,
소화,효능/영양분/요리스타일,효능,소화/배변/이뇨,,,,,,
이뇨,효능/영양분/요리스타일,효능,소화/배변/이뇨,,,,,,
위궤양,효능/영양분/요리스타일,효능,소화/배변/이뇨,,,,,,
속편하고,효능/영양분/요리스타일,효능,소화/배변/이뇨,,,,,,
소화불량,효능/영양분/요리스타일,효능,소화/배변/이뇨,,,,,,
붓기,효능/영양분/요리스타일,효능,소화/배변/이뇨,,,,,,
변비예방,효능/영양분/요리스타일,효능,소화/배변/이뇨,,,,,,
변비,효능/영양분/요리스타일,효능,소화/배변/이뇨,,,,,,
식이 섬유,효능/영양분/요리스타일,효능,소화/배변/이뇨,,,,,,
수면,효능/영양분/요리스타일,효능,수면/스트레스,,,,,,
불면증,효능/영양분/요리스타일,효능,수면/스트레스,,,,,,
피로,효능/영양분/요리스타일,효능,수면/스트레스,,,,,,
컨디션,효능/영양분/요리스타일,효능,수면/스트레스,,,,,,
콜레스테롤,효능/영양분/요리스타일,효능,심혈관/혈압/혈당,,,,,,
혈관,효능/영양분/요리스타일,효능,심혈관/혈압/혈당,,,,,,
심혈관,효능/영양분/요리스타일,효능,심혈관/혈압/혈당,,,,,,
빈혈,효능/영양분/요리스타일,효능,심혈관/혈압/혈당,,,,,,
당뇨,효능/영양분/요리스타일,효능,심혈관/혈압/혈당,,,,,,
고혈압,효능/영양분/요리스타일,효능,심혈관/혈압/혈당,,,,,,
혈액순환,효능/영양분/요리스타일,효능,심혈관/혈압/혈당,,,,,,
근육,효능/영양분/요리스타일,효능,종합/기능성 일반,,,,,,
활력,효능/영양분/요리스타일,효능,종합/기능성 일반,,,,,,
예방할,효능/영양분/요리스타일,효능,종합/기능성 일반,,,,,,
예방,효능/영양분/요리스타일,효능,종합/기능성 일반,,,,,,
슈퍼푸드,효능/영양분/요리스타일,효능,종합/기능성 일반,,,,,,
성인병,효능/영양분/요리스타일,효능,종합/기능성 일반,,,,,,
건강,효능/영양분/요리스타일,효능,종합/기능성 일반,,,,,,
에너지,효능/영양분/요리스타일,효능,종합/기능성 일반,,,,,,
보양,효능/영양분/요리스타일,효능,종합/기능성 일반,,,,,,
기관지,효능/영양분/요리스타일,효능,종합/기능성 일반,,,,,,
호흡기,효능/영양분/요리스타일,효능,종합/기능성 일반,,,,,,
질환,효능/영양분/요리스타일,효능,종합/기능성 일반,,,,,,
세포벽,효능/영양분/요리스타일,효능,종합/기능성 일반,,,,,,
보양음식,효능/영양분/요리스타일,효능,종합/기능성 일반,,,,,,
숙취해소,효능/영양분/요리스타일,효능,종합/기능성 일반,,,,,,
고단백,효능/영양분/요리스타일,효능,체중/대사 조절,,,,,,
포만감,효능/영양분/요리스타일,효능,체중/대사 조절,,,,,,
키토산,효능/영양분/요리스타일,효능,체중/대사 조절,,,,,,
체중,효능/영양분/요리스타일,효능,체중/대사 조절,,,,,,
지방분해,효능/영양분/요리스타일,효능,체중/대사 조절,,,,,,
신진대사,효능/영양분/요리스타일,효능,체중/대사 조절,,,,,,
다이어트식단,효능/영양분/요리스타일,효능,체중/대사 조절,,,,,,
다이어트,효능/영양분/요리스타일,효능,체중/대사 조절,,,,,,
내장지방,효능/영양분/요리스타일,효능,체중/대사 조절,,,,,,
감량,효능/영양분/요리스타일,효능,체중/대사 조절,,,,,,
저속노화,효능/영양분/요리스타일,효능,피부/노화/항산화,,,,,,
항산화,효능/영양분/요리스타일,효능,피부/노화/항산화,,,,,,
피부미용,효능/영양분/요리스타일,효능,피부/노화/항산화,,,,,,
탄력,효능/영양분/요리스타일,효능,피부/노화/항산화,,,,,,
미용,효능/영양분/요리스타일,효능,피부/노화/항산화,,,,,,
노화방지,효능/영양분/요리스타일,효능,피부/노화/항산화,,,,,,
노안,효능/영양분/요리스타일,효능,피부/노화/항산화,,,,,,
노화,효능/영양분/요리스타일,효능,피부/노화/항산화,,,,,,
주름개선,효능/영양분/요리스타일,효능,피부/노화/항산화,,,,,,
무염,효능/영양분/요리스타일,효능,해독/저염/간건강,,,,,,
해독작용,효능/영양분/요리스타일,효능,해독/저염/간건강,,,,,,
해독,효능/영양분/요리스타일,효능,해독/저염/간건강,,,,,,
친환경,효능/영양분/요리스타일,효능,해독/저염/간건강,,,,,,
지방간,효능/영양분/요리스타일,효능,해독/저염/간건강,,,,,,
중독,효능/영양분/요리스타일,효능,해독/저염/간건강,,,,,,
저염,효능/영양분/요리스타일,효능,해독/저염/간건강,,,,,,
무농약,효능/영양분/요리스타일,효능,해독/저염/간건강,,,,,,
디톡스,효능/영양분/요리스타일,효능,해독/저염/간건강,,,,,,
독소배출,효능/영양분/요리스타일,효능,해독/저염/간건강,,,,,,
독소,효능/영양분/요리스타일,효능,해독/저염/간건강,,,,,,
노폐물,효능/영양분/요리스타일,효능,해독/저염/간건강,,,,,,
성장기,효능/영양분/요리스타일,효능,호르몬/성장/뼈,,,,,,
호르몬,효능/영양분/요리스타일,효능,호르몬/성장/뼈,,,,,,
골다공증,효능/영양분/요리스타일,효능,호르몬/성장/뼈,,,,,,
갱년기,효능/영양분/요리스타일,효능,호르몬/성장/뼈,,,,,,
갑상선,효능/영양분/요리스타일,효능,호르몬/성장/뼈,,,,,,
